task,candidate,repeat,fold,item_idx,text_sha256,gold,pred,p_pred,kept,set_size
learned_hands_consumer,embed_small_logreg,0,1,0,a379a87ff3cdf868abd2168b8f7f1448c858c1c0293a0324128a1f9795c2495c,yes,yes,0.9031166434288025,1,1
learned_hands_consumer,embed_small_logreg,0,0,1,191f0937cb2c89fc2ee6de2cf962022796a21348bccce723e58dff5138f4aa85,yes,yes,0.7324205636978149,1,1
learned_hands_consumer,embed_small_logreg,0,4,2,23e415128308be018936edfbe782216c59135a5373afcc67391ab30b99e4fab4,yes,yes,0.7695595026016235,0,2
learned_hands_consumer,embed_small_logreg,0,0,3,d020ae25740133b72d326d57b58504372281f70e6def4d5a95655465a0e91468,yes,yes,0.7115491628646851,1,1
learned_hands_consumer,embed_small_logreg,0,0,4,7505269b5e689b850bf04d86c3aee556710bf7ed7473e80bb32cbf4ef909b78b,yes,yes,0.7051488757133484,1,1
learned_hands_consumer,embed_small_logreg,0,0,5,ebbf5dce638a03352aa5ce9e76ea526855fc19fe426785e9d74da0b972447b56,yes,yes,0.5781770944595337,0,2
learned_hands_consumer,embed_small_logreg,0,4,6,3682fd0cb52ef152a5e499e4441ac3d86a735973de9e3062a809fc58d80f083a,yes,yes,0.850009024143219,1,1
learned_hands_consumer,embed_small_logreg,0,1,7,a1352482ea4516a24b594ccbf2ed311516cde0785a8edf4e41b8b20657074dd8,yes,yes,0.7953529953956604,1,1
learned_hands_consumer,embed_small_logreg,0,3,8,5655b74e200dc643bf62729b26c6760f786b1d110abd671cd8122c5d567f2846,yes,no,0.7671948671340942,0,2
learned_hands_consumer,embed_small_logreg,0,0,9,30f3878dfeeec4bffed1d8ed0fd2feaa3165fc8790712d0e6c993ba632a91571,yes,yes,0.5685173869132996,0,2
learned_hands_consumer,embed_small_logreg,0,4,10,ff770b8fb5998da87b58b103e84a37ec674949fd2d8708f87b7aa392185f98be,yes,yes,0.9387733936309814,1,1
learned_hands_consumer,embed_small_logreg,0,2,11,025030168186d6dca4ceeb0def0c282fcd27d1c293abe1a0d6f41c0ae9ae34dc,yes,yes,0.8999779224395752,1,1
learned_hands_consumer,embed_small_logreg,0,2,12,241960fe59164730ab7f2221e78ff75ddf5d07ef6b0c664c078d091bc787b69c,yes,yes,0.8941488862037659,1,1
learned_hands_consumer,embed_small_logreg,0,0,13,ce32ef1dbe79dfac3d0eec018d4e7404296ad6ab06b519aef7132243fecc9c2e,yes,yes,0.5738100409507751,0,2
learned_hands_consumer,embed_small_logreg,0,1,14,3a9f35dbcf5d11d5980a668dd0ac8a317654d4e4f8ee28518fa931a589f5ed3d,yes,yes,0.7484248280525208,1,1
learned_hands_consumer,embed_small_logreg,0,1,15,62ffb1bca214412111ca15a5cb79aed8c39b77ae8e4a9734a85ca66376cdf151,yes,yes,0.7873572707176208,1,1
learned_hands_consumer,embed_small_logreg,0,1,16,74157c44430c0b4b913dbef04b5bcc2e60d6786f1fce50cbd1fb74740cbfcbea,yes,yes,0.8151274919509888,1,1
learned_hands_consumer,embed_small_logreg,0,2,17,2dcefce119cd3d52ce0b2dd55dba49a2d705592c989511a60ca5ff2fa62bd783,yes,yes,0.9059656858444214,1,1
learned_hands_consumer,embed_small_logreg,0,4,18,e4b36f1dffe74a33bc589ff139dca6b75d8c5d7bd1414fcbe7ff483736a80e24,yes,yes,0.832185685634613,0,2
learned_hands_consumer,embed_small_logreg,0,2,19,eaecc316a32deb54a2e35ad55d5930bded5cb828eee671ec1a4d6c298e93f0ea,yes,no,0.5928722620010376,0,2
learned_hands_consumer,embed_small_logreg,0,1,20,ed6f10e3e2d4af3a7f61f4ac8ca3c539ade9d2b7250defd67063ea3a59ec18c9,yes,yes,0.85407954454422,1,1
learned_hands_consumer,embed_small_logreg,0,2,21,8770b696e9d75ce623853da32ab9c2fc409af163cb781c02986c01c726cb8581,yes,yes,0.6020606160163879,0,2
learned_hands_consumer,embed_small_logreg,0,1,22,5f6fe96a0c85f05ef1bd1209d12d8a5da80ec0b8df76281b71b291bb0bfe1477,yes,no,0.548811137676239,0,2
learned_hands_consumer,embed_small_logreg,0,4,23,db86e2ed5ca09bd43e5c1153206c84ac6670851f84c6f0c29b6ccd1eb0deb1e7,yes,yes,0.8199509382247925,0,2
learned_hands_consumer,embed_small_logreg,0,1,24,f544e710a36c5f8952ea27c89f4b8d456410ad33abcdeff8bb5ab956f30c76bc,yes,yes,0.9307697415351868,1,1
learned_hands_consumer,embed_small_logreg,0,1,25,ffe0635de5f1a7973b85a3b70ea8e03cb5b1567c2d2995c39b15468f910920d7,yes,yes,0.9343050122261047,1,1
learned_hands_consumer,embed_small_logreg,0,3,26,1c5d518541a4c3c72210f1d1640f265a1ed467b09e8fd9920e0ced3c2a2e237f,yes,yes,0.9699259400367737,1,1
learned_hands_consumer,embed_small_logreg,0,2,27,847d90720ffa65caeed18bca722c31a7e6ad6690535571373c7cf5484024b4f1,yes,yes,0.6467806100845337,0,2
learned_hands_consumer,embed_small_logreg,0,3,28,826850ee19189639a241888830f2095a605677489c15835a9633e2a0b1ac6a64,yes,yes,0.8333302140235901,1,1
learned_hands_consumer,embed_small_logreg,0,0,29,8bf45813b8f64152745c4302a8fe3d28ad3a521ce8400337d150f52d7679c073,yes,yes,0.6364103555679321,1,1
learned_hands_consumer,embed_small_logreg,0,1,30,eab22a84a1d27762ebd956ab7c150792e31d45b69c081b1042ce94bb9f5db787,yes,yes,0.7938384413719177,1,1
learned_hands_consumer,embed_small_logreg,0,1,31,0d9289d67324c71b1a8459504ea7ea7d8593bc88c6baad910d98ae12b894b961,yes,yes,0.7645358443260193,1,1
learned_hands_consumer,embed_small_logreg,0,2,32,28de51fe26d760b562f7dd240c576dd29c1dcd24a3821f27045c03e1695ce0c4,yes,yes,0.7255172729492188,1,1
learned_hands_consumer,embed_small_logreg,0,4,33,6ce4033081e30de899b1011a4c082e82532b4c8f2afae23aed1a9b31dfb4eadb,yes,yes,0.9766987562179565,1,1
learned_hands_consumer,embed_small_logreg,0,4,34,fe949d0e8bb0a6f67a12ee28fec1d49ebc38d613057ddbd9e9742ce374e5a92a,yes,no,0.5676292011848331,0,2
learned_hands_consumer,embed_small_logreg,0,2,35,c207ce030682bc8ba0e7590a8ef0dd99c16b1b16665aebc82ab525877c2593a3,yes,no,0.7081116648945709,1,1
learned_hands_consumer,embed_small_logreg,0,3,36,8ee486f22362d8e55009981db61b71a034a94793fc615ef6c369c92e25d8621a,yes,yes,0.8611895442008972,1,1
learned_hands_consumer,embed_small_logreg,0,0,37,bf327cac5ea3a5c8ae4b1fa4c6aa053fb3e0494255dfad320226fae0a94b91af,yes,yes,0.5676718950271606,0,2
learned_hands_consumer,embed_small_logreg,0,0,38,d5599f345f2efcc9997c702cf325c78c55c774947409f903377c2d84a3c8bc07,yes,yes,0.6738250851631165,1,1
learned_hands_consumer,embed_small_logreg,0,2,39,574fc09c7649af91d62597783fce341ddacfa64d9567f02c1c1d30d6a45410d3,yes,yes,0.5661044120788574,0,2
learned_hands_consumer,embed_small_logreg,0,4,40,46fe2b35c88c955d03ff315dfce3bb7c880b33d4409029f9ff6042df0194686a,yes,yes,0.9579750299453735,1,1
learned_hands_consumer,embed_small_logreg,0,2,41,f5d2007ecaaceed6f700b3e50cfa67215480af67ec2a87afea71cf1279ebec05,yes,yes,0.8367485404014587,1,1
learned_hands_consumer,embed_small_logreg,0,2,42,01f1c668540d25f929d2e86cf0c94ebff90e0049c2f9c72bd85b0e900e0d7495,yes,yes,0.6412398815155029,0,2
learned_hands_consumer,embed_small_logreg,0,3,43,1d86013431ea866bb8f9c95e610c8a4080348f326588f325da4a18706ada5429,yes,yes,0.8540892004966736,1,1
learned_hands_consumer,embed_small_logreg,0,1,44,bb18ab83285db7bc8dcf60f8a3ce1cdf2bd7debb099b953f662ddb9f8b38c2a7,yes,yes,0.871572732925415,1,1
learned_hands_consumer,embed_small_logreg,0,4,45,16a3215ae403198891fd8dc9a2a417f75f8728d8e7141fcfef231668fdb5ab3d,yes,yes,0.9389018416404724,1,1
learned_hands_consumer,embed_small_logreg,0,3,46,4439bed3fc41d7b9c8ab09ef918fda1428dd5d823121216ce107959cb0dd4294,yes,yes,0.8805420398712158,1,1
learned_hands_consumer,embed_small_logreg,0,2,47,0b3c04d83b29cbb3a2e22807f4dae94c87c8f2b395036f54911c5754a4c47017,yes,yes,0.6467160582542419,0,2
learned_hands_consumer,embed_small_logreg,0,3,48,22a293b5746bac59ac00ea57d239b6ac359d9156a1ec0715abd762c84fede43d,yes,yes,0.7867580652236938,0,2
learned_hands_consumer,embed_small_logreg,0,3,49,c4c2bad785e53ccb9b321d2c63b8faff89f92b5a2cdcf0736b057e7e8e719879,yes,yes,0.9006667137145996,1,1
learned_hands_consumer,embed_small_logreg,0,4,50,014d339ae8d5fa4f98805d09f90eeeceed4b7762a40914f0ab3d4313182186bc,yes,yes,0.9794984459877014,1,1
learned_hands_consumer,embed_small_logreg,0,1,51,e7c14e7458d8da99796ba9c88de59853c6a65ab37d90d24358671b503b06100a,yes,no,0.5429328083992004,0,2
learned_hands_consumer,embed_small_logreg,0,2,52,fc726439af49d4188b72ee0e9adc0c39a6dd739d7612fcaa8485f57a5706e876,yes,no,0.5730699300765991,0,2
learned_hands_consumer,embed_small_logreg,0,4,53,eec25d963cdf3c5408e24c25c1ec3ce4c8b7063821931ad7747c587b4dd8f3ed,yes,yes,0.5994216799736023,0,2
learned_hands_consumer,embed_small_logreg,0,0,54,dcae1fbe99948ce3f328592769d0490ed52f89cb9a04fb61ed7eb8f822e0ef89,yes,yes,0.6036748886108398,1,1
learned_hands_consumer,embed_small_logreg,0,3,55,ec7dbe0d74d55de6c88312082e78da6a9a98966b97acf9fa7c9d9202b2fcbe6d,yes,yes,0.9318708181381226,1,1
learned_hands_consumer,embed_small_logreg,0,1,56,d8912fee3a18d2f57b6bb3a91a58414523442ec0294398e0adbd9fa8b241b33b,yes,yes,0.6532831788063049,0,2
learned_hands_consumer,embed_small_logreg,0,2,57,f87c51747534d2868b590819e8df1acd5dbdbe3015ba30f49aa700ccfaff8b97,yes,yes,0.9311626553535461,1,1
learned_hands_consumer,embed_small_logreg,0,1,58,aaf2efb2b98403731588f69a234f9628c7cf0a6e41dc5e4d493bf3cc98491abd,yes,no,0.7427269816398621,1,1
learned_hands_consumer,embed_small_logreg,0,2,59,8401deb1d2cdca16e4beb605dc74617b796161236d4fabf6b119671c60390e46,yes,yes,0.8794640898704529,1,1
learned_hands_consumer,embed_small_logreg,0,4,60,0141cccd8167fda3a53db3bc8a9c9de38ab73039aee125ca5d456f83efb3f060,yes,yes,0.9467434287071228,1,1
learned_hands_consumer,embed_small_logreg,0,0,61,9539303909111ff48458f893819b6c4d82471c51d35262c48791eb4281d5a6fc,yes,yes,0.5826611518859863,0,2
learned_hands_consumer,embed_small_logreg,0,1,62,0d9042d456d2e30348acf77b2105fef878d17d0c8ce75d13775d81f13023733b,yes,yes,0.9502601027488708,1,1
learned_hands_consumer,embed_small_logreg,0,1,63,d351e0b84bda59ef89f0bf473a631f614d498349dffaab3bb47d4611faad2257,yes,no,0.7929086207286808,1,1
learned_hands_consumer,embed_small_logreg,0,2,64,087225dc844ed506b918ed1ed8cb4919b62e15999a35bc72ef5f3e438535329d,yes,yes,0.5828989148139954,0,2
learned_hands_consumer,embed_small_logreg,0,4,65,8cc2e66174e528599835446e6f69bf213ec59da343e4da74a215a2d7e47df358,yes,yes,0.7259755730628967,0,2
learned_hands_consumer,embed_small_logreg,0,2,66,10c9dca4735480772f9fa371b9c9695f8d7449b8c64df6abd309125cc20b2e6a,yes,yes,0.9464439153671265,1,1
learned_hands_consumer,embed_small_logreg,0,3,67,4e9fb39ce82c9a0c8db9edda73b0a08dbe1fee6bde6735bb0599991149c9cceb,yes,yes,0.9674782156944275,1,1
learned_hands_consumer,embed_small_logreg,0,3,68,6a7e6c881869b757c8e7d36f73f227b987ce5b3ad9363a56d200edfa24ffcded,yes,yes,0.9000599384307861,1,1
learned_hands_consumer,embed_small_logreg,0,0,69,7599dea223674f198ca8bd7b449a8b363e958ee58ead42c5f7026c558eac1915,yes,yes,0.5967159867286682,0,2
learned_hands_consumer,embed_small_logreg,0,3,70,7f224054d39f18cdd6646ad519ae236db20d9acc51e2a2366bf146920bbd208f,yes,yes,0.9613084197044373,1,1
learned_hands_consumer,embed_small_logreg,0,3,71,96ea4d954d1b6446c71d74a769dd614b7dcf83261e50056d6e62e7ca102d5401,yes,yes,0.8502397537231445,1,1
learned_hands_consumer,embed_small_logreg,0,2,72,3defdb305691fca997369ad61eb4c2cc9ad5737f73633b9997bca6b3b68dbc70,yes,yes,0.8936666250228882,1,1
learned_hands_consumer,embed_small_logreg,0,2,73,ea88a64bd77d6c33327a9e3a56bdeab16edfcc94d3ad1f6c811e233e9cf1a4e6,yes,yes,0.8015782237052917,1,1
learned_hands_consumer,embed_small_logreg,0,4,74,1cb2a54d0c572842c9666556b4f9d68ac569dacc5ff14c26a9deb40b00297490,yes,yes,0.5896646976470947,0,2
learned_hands_consumer,embed_small_logreg,0,3,75,3145ed790491a1b21c800dff9616114d2f77be8dbdbc044f4fcf7b15608d7aeb,yes,yes,0.926410973072052,1,1
learned_hands_consumer,embed_small_logreg,0,4,76,bc58560238d37dd7bb637d6eed992896abc2e8646e56eb8dac0dd8bf4106576a,yes,no,0.7105869650840759,0,2
learned_hands_consumer,embed_small_logreg,0,4,77,9a5c75e417971c21fe00a89d52819a28a8d393fb332863c7f844a2f728e1aa47,yes,yes,0.89424067735672,1,1
learned_hands_consumer,embed_small_logreg,0,2,78,7effc09d90b5d4a003218cec4356f0109765847fec64e4393bdf14682528fc56,yes,yes,0.9179251790046692,1,1
learned_hands_consumer,embed_small_logreg,0,4,79,bf7fab3a472a85fba5cacc610acd4ae413064fb5929efe63047e35beca2837f6,yes,yes,0.8809515833854675,1,1
learned_hands_consumer,embed_small_logreg,0,3,80,b9fec9f38f97749033ecb64442eb36f3ee2e3a80cd28ded964ba3b542608ed08,yes,yes,0.9762248992919922,1,1
learned_hands_consumer,embed_small_logreg,0,3,81,a86e6ca3f4d275c0420ca0ee4600f15f0b78e34c43b877bb58dfb44c56f07ad2,yes,yes,0.9064667224884033,1,1
learned_hands_consumer,embed_small_logreg,0,1,82,e2dda0a5ede9ada6a285c131669076df0764c2b88c1c2001ae078a17d88fc168,yes,no,0.9065178430113678,1,1
learned_hands_consumer,embed_small_logreg,0,3,83,9d3a029d590c2c8aecbc4df458d911be15fcbef421678b9ef52d1281119ef933,yes,no,0.5637953877449036,0,2
learned_hands_consumer,embed_small_logreg,0,1,84,0a86c2677e444a84373fb5de0aa2e100762432bf73d0ed3e92ef3f2f584504eb,yes,yes,0.859454333782196,1,1
learned_hands_consumer,embed_small_logreg,0,3,85,edf4479c78e0f0664620607e8ab699c2cf70b3f949ebe5b6e2a5e65f56f24fa0,yes,yes,0.9596447348594666,1,1
learned_hands_consumer,embed_small_logreg,0,0,86,a446c13b6a95e774dc7f399a94c473901184d9172d42d8f4db7362cdb059e191,yes,no,0.5548805594444275,0,2
learned_hands_consumer,embed_small_logreg,0,4,87,90d67e6b76ef21ed8c1dc58bfbdcc24aab8e1dd728ebdafefc643a1e3c6bc74c,yes,yes,0.7106286287307739,0,2
learned_hands_consumer,embed_small_logreg,0,1,88,e0f88567e0733cdaf8c918330d9139891158680d5be3cc3fc4577a4e79c67cdb,yes,no,0.5190734267234802,0,2
learned_hands_consumer,embed_small_logreg,0,2,89,4c96db2e33b6cc4900b1f80e86334c0d0f97a10b76baf6a5fac96558a449fa07,yes,yes,0.8926042318344116,1,1
learned_hands_consumer,embed_small_logreg,0,3,90,08c27d740cbffbaf24d70ad9cc2f4538941c1e7ccba03ba15eacb0c43fe8f6a3,yes,yes,0.8974676728248596,1,1
learned_hands_consumer,embed_small_logreg,0,3,91,123e686fd8c78b602b0952ee8aacebb8f2a451c8d2c2f716072c6c0780e88a8c,yes,yes,0.9172667264938354,1,1
learned_hands_consumer,embed_small_logreg,0,3,92,61088df3abd8799b2cb0b2a50547fabab33f53e711b6bf0e51ad8eee1f9886f8,yes,yes,0.7248260974884033,0,2
learned_hands_consumer,embed_small_logreg,0,0,93,245581fd1773d7336f3fbd519ea0ad635746b96c3ef3c64c77d8fe969f404345,yes,yes,0.663375735282898,1,1
learned_hands_consumer,embed_small_logreg,0,1,94,0935c35b8f85a7acb661025d20f4077750c9420cbe5f2d6cb6c1f5e62a4cd9fc,yes,yes,0.5550657510757446,0,2
learned_hands_consumer,embed_small_logreg,0,1,95,8b2b428ed3082708aebc90d3e95493d6b01fab537f0107c5604932ba617141c5,yes,yes,0.879044771194458,1,1
learned_hands_consumer,embed_small_logreg,0,1,96,46b3b836673160a90a211860286b914eda2a3ef85f0eb63bd10cacc7ea5f0f02,yes,yes,0.8781455159187317,1,1
learned_hands_consumer,embed_small_logreg,0,0,97,8c8ab92472440d5e8d77d4f562ff2df1e24f26dbf33e2f219ed51d9ffe2ed9e8,yes,no,0.5525251030921936,0,2
learned_hands_consumer,embed_small_logreg,0,4,98,f84ae3cfea6e268f60d53f2fc2105cabc35e7c1bc60594c254b8a5b9ebb95c52,yes,yes,0.9773048162460327,1,1
learned_hands_consumer,embed_small_logreg,0,1,99,5a061ea8f86d69941bb8f010a9102517e2e50e8a6e7f043b2a65a9beeb5b2a5a,yes,yes,0.7097421288490295,0,2
learned_hands_consumer,embed_small_logreg,0,3,100,a0b66eb40941e4afabf26cc61164bd17ae4b404900827ee613063156c3fcf1f6,yes,no,0.9105289510598111,1,1
learned_hands_consumer,embed_small_logreg,0,0,101,d69eab546563939e27e3b5c4bf71ed21aa8c08a685f2dc211a8611a8734cdaac,yes,yes,0.5630161762237549,0,2
learned_hands_consumer,embed_small_logreg,0,2,102,13c1947392729839a6ef7e019584b3baf576db1a026c6cc363f97f9be6b55b7d,yes,yes,0.6476186513900757,0,2
learned_hands_consumer,embed_small_logreg,0,3,103,2db3f4de10f8e3c93f180c1cec9ec1036a8cfb696152a003910f4876349b5563,yes,yes,0.975911557674408,1,1
learned_hands_consumer,embed_small_logreg,0,2,104,9d141e84a47e429ebf8c9be15a716519a789f6ecfe2635d6742bcc1589887b61,yes,no,0.6001484990119934,0,2
learned_hands_consumer,embed_small_logreg,0,1,105,f2b40bc0dd711fca9b42c004ced8b6a7f8400023cc7f44239caee4f44359dde4,yes,no,0.5902432027386665,0,2
learned_hands_consumer,embed_small_logreg,0,3,106,d5dcc520e7691c72d4f4bcf6d67cfa74c856d631a5a6c4904f730332b192f920,yes,yes,0.7603338956832886,0,2
learned_hands_consumer,embed_small_logreg,0,4,107,da0684c959dcca3dab601174a68db1954a8db19f75ad96cecdb7b9319c828539,yes,yes,0.7195550799369812,0,2
learned_hands_consumer,embed_small_logreg,0,2,108,0e7608581b6f65860575a915b9e6d3ea3ba463ac7392a783effab47b7c6ed2b6,yes,yes,0.6431939005851746,0,2
learned_hands_consumer,embed_small_logreg,0,4,109,3b14007f0368858c49628d89f7a4ac4e05912114c121069f929f093267da692c,yes,yes,0.8716596364974976,1,1
learned_hands_consumer,embed_small_logreg,0,1,110,83a75ee006bb31d8db282260e075860f781be2246f81074adfc047c6debba47d,yes,no,0.6800651347617764,0,2
learned_hands_consumer,embed_small_logreg,0,2,111,d140e8b5cef58e3c07015a3be1003d6d67dda0e1681f40a4b5b23a3a143236ea,yes,no,0.8793977761089139,1,1
learned_hands_consumer,embed_small_logreg,0,0,112,fb04a608b72b2b2e616ef5e9aa6ca1fda0b73c81a00bd51339a60f7ebb9349f5,yes,yes,0.6425828337669373,1,1
learned_hands_consumer,embed_small_logreg,0,2,113,5ebb5e29b015223682853139344a5e2422b009ed368ed22452f4ebe96b314797,yes,yes,0.9064091444015503,1,1
learned_hands_consumer,embed_small_logreg,0,1,114,7e315bac1e39325f317709b5955292bc75939640e3b8f10ba3c11050930647e1,yes,yes,0.874971330165863,1,1
learned_hands_consumer,embed_small_logreg,0,2,115,0d7f2c826f6a0fc0a9404989d5d4b5cc6d7f2f516c1f069e5bf8d31ee7e817dc,yes,yes,0.788437008857727,1,1
learned_hands_consumer,embed_small_logreg,0,2,116,7e75b01067a2ec4ca8c403b389118d896ccf66db535b144a3c54bc98c1c2e246,yes,yes,0.5813354849815369,0,2
learned_hands_consumer,embed_small_logreg,0,1,117,a3e66362096eb8059a216e47a87cdd7f3f944d1ccbc606f30cfbe1cc424e0594,yes,yes,0.8655288815498352,1,1
learned_hands_consumer,embed_small_logreg,0,1,118,d3308da62008ec5ef18494df94f73a4585ed31e1c8e69ccc9e25e76cb56d42a0,yes,yes,0.8105894923210144,1,1
learned_hands_consumer,embed_small_logreg,0,1,119,e07a44cb806545635aac341cc0946afd7d71c3619844a0ec08545160df03cbdc,yes,yes,0.6357478499412537,0,2
learned_hands_consumer,embed_small_logreg,0,4,120,aedceca2ca38055764eb4ff944a3a150057788281d1c3739f5e785db00a9e719,yes,yes,0.5511704683303833,0,2
learned_hands_consumer,embed_small_logreg,0,3,121,ca458586d811f25c02f1f39cf55f75b65071bd2ddc79fd97b0d5be9eb8e5312c,yes,yes,0.9780398607254028,1,1
learned_hands_consumer,embed_small_logreg,0,3,122,fce48e30fc0ea1058c42d4b4e3fc772fdd46a3060633bca5f371f122fc5aaef5,yes,yes,0.9124698042869568,1,1
learned_hands_consumer,embed_small_logreg,0,1,123,02bd80d2b643617360d685b497986a8637dc26275c2ea6a626b69de253d164e7,yes,yes,0.859379231929779,1,1
learned_hands_consumer,embed_small_logreg,0,0,124,af3d9c10fbb3296fa6a040f3015c474aaa8ae09177f6fe2e775fee3e584f996d,yes,yes,0.6149205565452576,1,1
learned_hands_consumer,embed_small_logreg,0,0,125,73e4bc727ab5dd4600aa1647320d964c9a52dc7767744c8d074cebcd901f6c05,yes,yes,0.5160958766937256,0,2
learned_hands_consumer,embed_small_logreg,0,4,126,0bdb8221f4d44b38dc8782e0b56035bbdd3a7e6fc2df17d22f1a5c863bc46075,yes,yes,0.9690613746643066,1,1
learned_hands_consumer,embed_small_logreg,0,4,127,90fe4003a641d7cd2ed6a00150556d083b23fe1e24e75ebb94ecff4d843c77e2,yes,yes,0.8603134155273438,1,1
learned_hands_consumer,embed_small_logreg,0,1,128,155678c2832cdf4702db15b523f143f1ac784cffcaf58c1a1dfe33a97611eb8e,yes,yes,0.8551053404808044,1,1
learned_hands_consumer,embed_small_logreg,0,3,129,aec3c6407d02ce2d3b4abd591e08891c236a8a8989e7ad72020a4b7b777fea78,yes,yes,0.7871697545051575,0,2
learned_hands_consumer,embed_small_logreg,0,4,130,1f2af78776193434b3d71d59e47e0a24bc7439537dae7643126e174f05f8a690,yes,yes,0.7646161317825317,0,2
learned_hands_consumer,embed_small_logreg,0,0,131,ac3dcaa7b7faf827da8c14b3bfd03c0f8d36bbd129920232b5775c57ebee5322,yes,yes,0.5557568669319153,0,2
learned_hands_consumer,embed_small_logreg,0,1,132,8de39616285bfb13eac266c45a5691cad8963031bb495c5ffff384303ac2e317,yes,yes,0.6677550077438354,0,2
learned_hands_consumer,embed_small_logreg,0,2,133,df7cebc19279cc1176c76578d13d5634b4ee220d4093d6b4e048fd1f74811db9,yes,yes,0.8302795886993408,1,1
learned_hands_consumer,embed_small_logreg,0,2,134,b5412b723d0181549110fa8dd79485fa5238dbc7e264272da705dfe9c7f066a8,yes,yes,0.8660356402397156,1,1
learned_hands_consumer,embed_small_logreg,0,4,135,e802649c8e6be5fbdc4e7ec755757e95ba836ac949c022f0081c1fcb1cfa00b0,yes,yes,0.9957238435745239,1,1
learned_hands_consumer,embed_small_logreg,0,2,136,a039dbd9f0510ac6f66d44c60f9a5f5a5d5c76093f00e693801d2fc80d54f7a9,yes,yes,0.9008449912071228,1,1
learned_hands_consumer,embed_small_logreg,0,3,137,9cca62662bba01723eb2a9aa094821e1675b7ac525fe30fc042f3dcaac3e2727,yes,yes,0.93045973777771,1,1
learned_hands_consumer,embed_small_logreg,0,0,138,dfbc47fb61799a0472fbf92d48b36eeb2584ccc63a3185c2d61a51c1537f7c92,yes,yes,0.6297000646591187,1,1
learned_hands_consumer,embed_small_logreg,0,3,139,6cb9e80497686772c38151ef29f0b998c3911fa46f4ae26dcb0677863d1c3bcd,yes,yes,0.9021679759025574,1,1
learned_hands_consumer,embed_small_logreg,0,0,140,bfc4a30870f9292a454f9471c16d25b3199ec05b80dafc98a9d6c50897c1b47e,yes,yes,0.6398120522499084,1,1
learned_hands_consumer,embed_small_logreg,0,3,141,078b717fbab45038fcb94864d32f33fa6d71d9664570dfe04661869f23314833,yes,yes,0.8782212734222412,1,1
learned_hands_consumer,embed_small_logreg,0,4,142,0242758b0d09920c367a96d4d60f74cb970f86cfb3bbf7bc54aa2a69703b17c8,yes,yes,0.8585158586502075,1,1
learned_hands_consumer,embed_small_logreg,0,2,143,51eef95bf47218140683c3e1b4135ffc3d540ca426dbe552c2809dc445d5b483,yes,yes,0.5067077279090881,0,2
learned_hands_consumer,embed_small_logreg,0,2,144,af4b353687f267cf4811370b1167f39f3acb12a476ab7569d5711f61e7cc5c99,yes,yes,0.7943700551986694,1,1
learned_hands_consumer,embed_small_logreg,0,1,145,a5b77622968be2023f42d12cc8cdb98fdd05731d5ff1f331c0c61cddcdd016ac,yes,no,0.6639759738438121,0,2
learned_hands_consumer,embed_small_logreg,0,3,146,483af7a4cce5458979f9fde28f5d38cf96c6b318f56cf5b8bb7fef01baeda51d,yes,yes,0.9679180383682251,1,1
learned_hands_consumer,embed_small_logreg,0,4,147,5b013d7731839bf2ba2c52bac900167561f691d205c1198ffe872747858115ab,yes,yes,0.7290249466896057,0,2
learned_hands_consumer,embed_small_logreg,0,2,148,1403a0476f3fcec8b1a48e6f1fceb06a2aeabd9f5de4f53ac7e2f29a80fc3d02,yes,yes,0.578067421913147,0,2
learned_hands_consumer,embed_small_logreg,0,4,149,7153d24972b2eb3c082ba9cc58a892af969f2d9524022190bec282710d252b55,yes,no,0.5834101612392116,0,2
learned_hands_consumer,embed_small_logreg,0,0,150,a6e1cfe1a1c58fdb1b4033bef127bdc12ad083d8029c91cf81e74fbc997b44c2,yes,yes,0.587655782699585,0,2
learned_hands_consumer,embed_small_logreg,0,3,151,c48f7444249fe7386aac1fa49a56e450eebc70c640262a5fc2cb2864d62c7b62,yes,yes,0.9451917409896851,1,1
learned_hands_consumer,embed_small_logreg,0,0,152,7223ee95c7eb5aab471c9b1426c035d3d751646abf3a01dd2380366fa55c1fb2,yes,yes,0.6549870371818542,1,1
learned_hands_consumer,embed_small_logreg,0,0,153,8b857fa596fd194124387876667280b614e479625bc9d05d958f3b90514c2e9d,yes,yes,0.5625768303871155,0,2
learned_hands_consumer,embed_small_logreg,0,3,154,6f137236864a4da2299f6341085a62e5e2e0466add7aa8eca3ff5f315633bbdb,yes,yes,0.9525951147079468,1,1
learned_hands_consumer,embed_small_logreg,0,1,155,038e3005ce9b5b1cabf2220d9f9b068ab3289de326b9c0466e84286f1cb69bf9,yes,yes,0.8562287092208862,1,1
learned_hands_consumer,embed_small_logreg,0,0,156,7b67a7b2e80fc8b9473186823a7570203fc746e03e40493d174446237de3bcec,yes,yes,0.5635184645652771,0,2
learned_hands_consumer,embed_small_logreg,0,0,157,9d82c554b4b00bd2ead020ff98bb6fcdee7432665a797346eb3d3aaf490d0d12,yes,yes,0.6107333302497864,1,1
learned_hands_consumer,embed_small_logreg,0,2,158,da85c2e88f91544acd0359c5ccd69c2b4f902d093ceb8cb12767a778944fbd7b,yes,yes,0.7531693577766418,1,1
learned_hands_consumer,embed_small_logreg,0,2,159,a34040f6644b50bc824adc566e6d6428d7b05ca16c8ee39f0af4b1b9f5601f2a,yes,yes,0.9364529848098755,1,1
learned_hands_consumer,embed_small_logreg,0,2,160,19c9ac6e1d4ea3c61c161624efc992b8cc52bf306f151391ba8529c19382e1ee,yes,yes,0.6786555051803589,0,2
learned_hands_consumer,embed_small_logreg,0,4,161,650970637dd6a0ab8e97321c167c7bc4a9a3cdc8eba59da2a5c510bcbd5db45a,yes,no,0.5285531878471375,0,2
learned_hands_consumer,embed_small_logreg,0,2,162,c51f874153bc2cdaa57ad2c656a6af7ab24feabfb448922cab57ef416feee663,yes,no,0.6168235356562276,0,2
learned_hands_consumer,embed_small_logreg,0,2,163,13b1acd948c8e9c9a5739d8481ea213fa3cfdab8b80a82efd25be33e8f7b2902,yes,yes,0.8658965229988098,1,1
learned_hands_consumer,embed_small_logreg,0,0,164,9fde61742e0b3fc6fabbffa750b6283c72453cd0303a465ce66648d46676eb89,yes,no,0.5216006636619568,0,2
learned_hands_consumer,embed_small_logreg,0,3,165,4fd20a26aafa50907d098d746bcd899d7abfca4f42db1d5c149080652db43b60,yes,yes,0.9194027781486511,1,1
learned_hands_consumer,embed_small_logreg,0,4,166,38a9b6c4df60f95cae8cdf22954e4170c3a5feb64ebfb5162134d697b7e84381,yes,yes,0.864242672920227,1,1
learned_hands_consumer,embed_small_logreg,0,3,167,8892704b2b2b6659f287178e3c29d5c9d21dc3ecb2ae17dd4b6ec86c6784cd0e,yes,yes,0.8293053507804871,1,1
learned_hands_consumer,embed_small_logreg,0,3,168,5953941222239eaa15e600b769f26c7173e96638173a25e19be42ff6b5b07d45,yes,yes,0.9714143872261047,1,1
learned_hands_consumer,embed_small_logreg,0,4,169,4f9eec5c23a5c213a1bc6fc916fdf2587227d14edcd43d78fccea8cd278cc2e0,yes,yes,0.743015468120575,0,2
learned_hands_consumer,embed_small_logreg,0,3,170,51ec6ad487eff34fddaa34cf9a46b4a9a9e66e2ef37f1718f6c2c0a6b08bcc0e,yes,yes,0.993057131767273,1,1
learned_hands_consumer,embed_small_logreg,0,0,171,4356eb8f7a087e4d6032661552935019173e052ab6031528ff64635a4f9c515d,yes,yes,0.6006518006324768,1,1
learned_hands_consumer,embed_small_logreg,0,2,172,6d7c28575a9e0747fc4cfaab5263e2daf0754ef5d1c996b9de353104dbfb5be1,yes,yes,0.726047933101654,1,1
learned_hands_consumer,embed_small_logreg,0,1,173,6656d334c0150d50518a8e9e86ac484364dfc5da62604f792fa121392de57cd5,yes,yes,0.7329698801040649,1,1
learned_hands_consumer,embed_small_logreg,0,0,174,fa3b234c5866029eaafed3054fe7c1e9dd9d3e50389c45beedce0456e0a851a5,yes,yes,0.5852766633033752,0,2
learned_hands_consumer,embed_small_logreg,0,4,175,f5327013f798cdfff71ccd1ccbf934757fae9118c8fda0cfb29197ee8c9a2f92,yes,yes,0.9032387733459473,1,1
learned_hands_consumer,embed_small_logreg,0,3,176,0c550425496483256cac2b164db69cc78311e995021bfcbd4a5c585bcdd9d9c6,yes,yes,0.5647831559181213,0,2
learned_hands_consumer,embed_small_logreg,0,0,177,e9a4a62f276d5c835085a02b2f4d92155f8f7ac6d396a52ad1cd37cab729b635,yes,yes,0.6650853157043457,1,1
learned_hands_consumer,embed_small_logreg,0,0,178,f4fe68a7bc004d02c8ecf39777717f5e53269903d0c3c3181101c07cea5c6b0c,yes,yes,0.6285781264305115,1,1
learned_hands_consumer,embed_small_logreg,0,3,179,3d0de6dc3fb5d69b4483315a8f1b9a55f3da2fb8eb1df50a74386a480912447a,yes,yes,0.8427703976631165,1,1
learned_hands_consumer,embed_small_logreg,0,1,180,b66cb0340d554080664d72cdd106c5cdb17b38d1f74932ac0787b45754ce1a7c,yes,yes,0.899381160736084,1,1
learned_hands_consumer,embed_small_logreg,0,0,181,a9af33b24aeb8f4fc3dd090cb6015fd72eb33e9bacf6b245b9efd00dd9991af3,yes,yes,0.5504538416862488,0,2
learned_hands_consumer,embed_small_logreg,0,2,182,9eefcb8b16890b9cc6c7e144d07beaa48841305e10614e94d470242a6b0e065f,yes,yes,0.7777801752090454,1,1
learned_hands_consumer,embed_small_logreg,0,3,183,cfde4f376e1a14d27549b00d4ddf32bfeb542cf05f08d1cbc266df888e1c3047,yes,yes,0.9204545617103577,1,1
learned_hands_consumer,embed_small_logreg,0,4,184,421033c1624e9a903b16ba39c1d61b1ecb07a1c62b4ffce4608c02c7a3e067e8,yes,yes,0.5333449840545654,0,2
learned_hands_consumer,embed_small_logreg,0,1,185,7a8050d0881441599707f60d9661cc876f27efc16656cd8526fe842e463a56ec,yes,yes,0.7704678773880005,1,1
learned_hands_consumer,embed_small_logreg,0,4,186,5f4e3e4860760d911ab21bd74b2611036627cda4c7c666615991f1d2314d6b35,yes,yes,0.9281807541847229,1,1
learned_hands_consumer,embed_small_logreg,0,1,187,057e4d5e06ed1236a9a35f3ea5c2cc42ae58bd3d82fb4981f56669b168d087e6,yes,no,0.8199277642358507,1,1
learned_hands_consumer,embed_small_logreg,0,4,188,a5608444f7d99d3cd3109ac70b995bb38775ef1fa2c286f3779886ac598a5c9d,yes,yes,0.7833628058433533,0,2
learned_hands_consumer,embed_small_logreg,0,0,189,48a613b18969b56ad289f137a24f32ca5714dc722f1916be3cf41f3c98f577e0,yes,no,0.6287854722504177,1,1
learned_hands_consumer,embed_small_logreg,0,1,190,d5a7261352131be329b42958bda9d1cbf7adf2a5eb0c341d0fd5d6d07a9ae17e,yes,yes,0.8802148699760437,1,1
learned_hands_consumer,embed_small_logreg,0,4,191,e36f78681c2e77e1fe9fd7fc2f0b8fa917f14b6a2333a41863c17c766053033f,yes,no,0.7124490950241416,0,2
learned_hands_consumer,embed_small_logreg,0,0,192,1487b9bcecfa449f7f97f38810e17ed4e37ea80a32cd5170137bf134574ae112,yes,yes,0.6274258494377136,1,1
learned_hands_consumer,embed_small_logreg,0,0,193,a0956e6a9a6973551966fc776c76b773565a03efe1dd2f5b6e363e037cd68e98,yes,yes,0.6614102721214294,1,1
learned_hands_consumer,embed_small_logreg,0,4,194,113f455fcca39b28919c8669b561494bb48c8a7b1abb08182e38efba3ba3d49d,yes,yes,0.9292430877685547,1,1
learned_hands_consumer,embed_small_logreg,0,4,195,01467176da7f8beaabb7d2d981d4c2a5d270c4de1ee41090eb7fff34ad10f233,yes,yes,0.9587428569793701,1,1
learned_hands_consumer,embed_small_logreg,0,4,196,3917492faa9e47e7106ba122c3a1618a26df3dcdbcf5803ea5eff8caeb3a85b8,yes,yes,0.9426514506340027,1,1
learned_hands_consumer,embed_small_logreg,0,3,197,cde8abafba1e7a412e01f15ea5b8b45f4e1c8f3f37c5ed8ecf8670617e0e3ddc,yes,yes,0.6101823449134827,0,2
learned_hands_consumer,embed_small_logreg,0,3,198,61ae855f1482eb8f9d691ed3f1d20ebbea6fc43c48a7559ddaf77710f2c27152,yes,yes,0.9708266258239746,1,1
learned_hands_consumer,embed_small_logreg,0,3,199,f35f9e77ffc5ac7a0d42e5a637d3ec3f6ef2830b8c178fdb6a5c951cfeaa3e88,yes,yes,0.5437411665916443,0,2
learned_hands_consumer,embed_small_logreg,0,2,200,82f9efaddab72f81167b375aff7cc6c2537117b477e6064545d97be910ff945c,yes,yes,0.7787030339241028,1,1
learned_hands_consumer,embed_small_logreg,0,3,201,967afc85cb2c22088e649a1faac841a0d2609f7e11fe94eef9bd17a4daa54688,yes,yes,0.5535346865653992,0,2
learned_hands_consumer,embed_small_logreg,0,0,202,5648d782c24eb983d5cf18c59b05a1a47459a5dedd4e5335a0232c23f062944c,yes,yes,0.5851667523384094,0,2
learned_hands_consumer,embed_small_logreg,0,2,203,157bd549be3ab1bdd3e21c29805aafdc0d0b45c1aa52b0a397ab9236a4e5c944,yes,yes,0.8461043238639832,1,1
learned_hands_consumer,embed_small_logreg,0,1,204,525f45b4239b35c4038470e08628f267e9887f1c30b0aa84a2d5d01464da39a3,yes,no,0.7315560361279239,1,1
learned_hands_consumer,embed_small_logreg,0,2,205,0a0807c3257345430140d80f2b2b7210e572d13f47d5ac8a65174de1142590b0,yes,no,0.6224149465560913,0,2
learned_hands_consumer,embed_small_logreg,0,4,206,a2b92dbd2ee6fd008bb6aa904caa64641950c475cddad723b2644f23c751a0ee,yes,yes,0.983781099319458,1,1
learned_hands_consumer,embed_small_logreg,0,4,207,a2ed73e250907017f6d7fd66c658c04c6a137575d6ad765f993661edda327577,yes,yes,0.837171196937561,1,1
learned_hands_consumer,embed_small_logreg,0,4,208,1290d537ea8750e4e91f20b46eec10646ce12ab7d86dfc91eb09b608405fe90f,yes,yes,0.7324168682098389,0,2
learned_hands_consumer,embed_small_logreg,0,4,209,a0f7d16e25d9f13501287713351ca9111410082745756d6eff69a544a7ce0fab,yes,yes,0.5502908229827881,0,2
learned_hands_consumer,embed_small_logreg,0,1,210,adbfc9de80cf0100c04073d2c24a7a39ad794835be05b45cd9a54b30876e1bae,yes,yes,0.9395962357521057,1,1
learned_hands_consumer,embed_small_logreg,0,4,211,33d047d7bf09f05c00081ea7055f31cf8f5cfbb5f1ceb5b0376de52b5d66fca4,yes,no,0.5514239072799683,0,2
learned_hands_consumer,embed_small_logreg,0,3,212,8747eec3bef3a1ac47c5e03b2a3185ec7be0382a48e8f07bc6b009f884106d3b,yes,yes,0.8284342885017395,1,1
learned_hands_consumer,embed_small_logreg,0,0,213,49b127f44fd96be9d276f55d1669f94228b7535cb909c7f6b272eb55f8881a2c,yes,yes,0.6987862586975098,1,1
learned_hands_consumer,embed_small_logreg,0,1,214,dfb7f7c0e45b4a7671e7808a09335109e684ec1f7b896028808720b751c76290,yes,yes,0.8882482647895813,1,1
learned_hands_consumer,embed_small_logreg,0,4,215,db97720cca0e39dc598257024bac71c263aaf9886f335cf6cd722539c19eacca,yes,yes,0.8144648671150208,0,2
learned_hands_consumer,embed_small_logreg,0,1,216,64859a67c19bf56da59ad97eab9f8da73202e6a6dd9d3bbb9372afcb47b0408d,yes,yes,0.8410363793373108,1,1
learned_hands_consumer,embed_small_logreg,0,0,217,f449fe5d57975f0caf323ecddfcc9b9dccbabe88c5ff42bd31a1d65fc7a824b5,yes,yes,0.6883960366249084,1,1
learned_hands_consumer,embed_small_logreg,0,3,218,fa078ce3c2ae45c10df8aa0a800c47eade1e7510a46eb24bbe627b87d2938a68,yes,no,0.6687431335449219,0,2
learned_hands_consumer,embed_small_logreg,0,3,219,f2fae4fb37730a28c6c680ab68c6e0cbcb083e46d89296b52700b2b28ed2e203,yes,yes,0.8809261918067932,1,1
learned_hands_consumer,embed_small_logreg,0,2,220,ca57b26977335b108fd0d46872d220af17b298c5169ea6a338028e3fa941a5c0,yes,no,0.7133352969090729,1,1
learned_hands_consumer,embed_small_logreg,0,1,221,9f6359257abe0943f69a9a6786fccff089c30ae5f302d29d57c21ec0cc0fb8bb,yes,yes,0.7095438241958618,0,2
learned_hands_consumer,embed_small_logreg,0,2,222,da0db19cfa506b30e60a6cf05fa27f60113ec86ac8308c44eddc1cdeb6e6b707,yes,yes,0.7822306752204895,1,1
learned_hands_consumer,embed_small_logreg,0,1,223,013033315bef6946bef54c7e1e5131afe73897a10507585acff502cb07b082d1,yes,yes,0.7692619562149048,1,1
learned_hands_consumer,embed_small_logreg,0,0,224,01ca67ea223ea6f3f78966619c3d177754184bea73cb662ffc54be7eded55946,yes,yes,0.5777587890625,0,2
learned_hands_consumer,embed_small_logreg,0,0,225,0972b858c77e9cd796c6bda370f1d6b2ea20798091434c33f49f1827e4a678cf,yes,yes,0.6444671154022217,1,1
learned_hands_consumer,embed_small_logreg,0,2,226,478e48024c876788e7ac0b2943d399c14bb997ab82a37ee11247a5b223d23f4f,yes,yes,0.5677745342254639,0,2
learned_hands_consumer,embed_small_logreg,0,1,227,dd602e9be0c77e5a1bf15d2c5db5302c6b6d2b8362f95c146de1f5d3ea45031b,yes,no,0.6212513631955195,0,2
learned_hands_consumer,embed_small_logreg,0,0,228,e86c4500724cd80b78a41c3de49d5f623baba6615be341878c3f40d1a666fa36,yes,yes,0.5912227630615234,0,2
learned_hands_consumer,embed_small_logreg,0,4,229,44f8bde89aa71070a44a090fe6553fe64a785e0148291429f98b65d8cc35537e,yes,yes,0.9397338032722473,1,1
learned_hands_consumer,embed_small_logreg,0,2,230,f92a5c6258f5da9bffe36fc1a4498f1086f4d296b5c28109401777d767f46946,yes,yes,0.8330207467079163,1,1
learned_hands_consumer,embed_small_logreg,0,3,231,b8099af0f4a08d3625fefbbdf920208ab786e82be6d9e5ecd373c981c3bd90c4,yes,yes,0.9449911713600159,1,1
learned_hands_consumer,embed_small_logreg,0,2,232,dd6b7ca454c08a409f4171cb97167a8c91e862451ec1b92eaa7d9393934cf91c,yes,yes,0.6814671754837036,0,2
learned_hands_consumer,embed_small_logreg,0,3,233,fdb76c188296362ef951b02157cc4150c8d3a0750fe72942787d491e6ddc18e2,yes,no,0.5757371015627056,0,2
learned_hands_consumer,embed_small_logreg,0,2,234,b78102f7318502d1b26dbcb12920cd58ed53891ef8b61bff2b15f5b432da91f0,yes,yes,0.9281404614448547,1,1
learned_hands_consumer,embed_small_logreg,0,2,235,5a37498c5c481cdd1e4bd5190333a14a0190aa3aede5364087479e33c293e1a9,yes,yes,0.8322618007659912,1,1
learned_hands_consumer,embed_small_logreg,0,0,236,eae4558b0617e7ebc54a6ebc59d2dde3f9df33d4ce6cb6404452671b374ff797,yes,yes,0.6928223967552185,1,1
learned_hands_consumer,embed_small_logreg,0,0,237,b25bbe0ef882d9b6ee6ca640d619e47af1ba4b4303c92a73e17071d2b63f6203,yes,no,0.6108463406562805,1,1
learned_hands_consumer,embed_small_logreg,0,2,238,3415dc4afd4d574b0da83ec6d205e580b78b683ce427d70cb6192aa1345ada00,yes,yes,0.6814005970954895,0,2
learned_hands_consumer,embed_small_logreg,0,1,239,e4190a6930b3800fcc812916fc24cd7666ec7ccade668b74793a25cf043ee8dc,yes,yes,0.9599227905273438,1,1
learned_hands_consumer,embed_small_logreg,0,1,240,2a1e5635eb53609c5660dd54ea549b8c7ca1d8ef3709e5692cce67005fde384f,yes,no,0.7603381389429889,1,1
learned_hands_consumer,embed_small_logreg,0,0,241,1587f650838e742b5adbc001e25e86b815c1c282f7e24b9a7f46e2c9c7e7663d,yes,yes,0.6292904019355774,1,1
learned_hands_consumer,embed_small_logreg,0,4,242,3aeb06e0988c30e7dd4b9857f1305ee50a9955e156a1e1a8bfb635878c936da6,yes,yes,0.7605558037757874,0,2
learned_hands_consumer,embed_small_logreg,0,0,243,0ba639fb1b8f0dcb2fe9cffb9b96ec4f2cc182c78d9a521ea1b367d5c28385d0,yes,yes,0.5744103789329529,0,2
learned_hands_consumer,embed_small_logreg,0,1,244,ebd5c1534b316d246d849144a17469ee09729233fad0f39a8a330fdfa15b9628,yes,no,0.727541446685791,1,1
learned_hands_consumer,embed_small_logreg,0,2,245,401a36474fa40d2d999cd260f57ca66ab83fcb63de68f578a6d6ad7d4ec4bd2e,yes,yes,0.7009664177894592,1,1
learned_hands_consumer,embed_small_logreg,0,1,246,4176b37a2179c60a956b8746678c2a674aabbd9e086407904b2475af255d13bd,yes,yes,0.8909429907798767,1,1
learned_hands_consumer,embed_small_logreg,0,1,247,95933a28191a6e558a2911f9c54efc9e53d3ba70d036eac4f4fcf1044bbc9d88,yes,yes,0.8777340650558472,1,1
learned_hands_consumer,embed_small_logreg,0,0,248,0f4ecd29ccebf4ac6e235b28298c170a1c4939a57f8d2bae941d4292bb91c9e2,yes,no,0.507519006729126,0,2
learned_hands_consumer,embed_small_logreg,0,1,249,061be30da02e5927c05d4f6dcb0ebcaa8bda9da95f663afc3448b40f550c8dcc,yes,no,0.6820553541183472,0,2
learned_hands_consumer,embed_small_logreg,0,1,250,6c7deef4168bfdd3eb4f65e34ff1a5b08e7d07a494276e6dbc72cf08dd1d9ea3,yes,yes,0.9112338423728943,1,1
learned_hands_consumer,embed_small_logreg,0,2,251,3fecd30afaf717ef4d633f041d6b64abc35956652a123bf652a024e051aecbd2,yes,no,0.6247527785525554,0,2
learned_hands_consumer,embed_small_logreg,0,3,252,618080a1456e3ee68a8c336bd1951f8be686d4b280ba12acc2afbc0afe6f5e6e,yes,yes,0.9367427229881287,1,1
learned_hands_consumer,embed_small_logreg,0,4,253,7d9553904434b833510ba4f74348cff64322921c601077d281c33b3d61d048ca,yes,yes,0.521846354007721,0,2
learned_hands_consumer,embed_small_logreg,0,0,254,851524b83e3b815d2b8ad94407c2a48429aa45e82bd9c1b64ffd780d6c3a0de3,yes,yes,0.5912330746650696,0,2
learned_hands_consumer,embed_small_logreg,0,4,255,cb21cc98accfbbfc1ab6fb040d28dc4a525dd125dcded30bbb6688922bc0bcf0,yes,yes,0.6557257771492004,0,2
learned_hands_consumer,embed_small_logreg,0,1,256,77a1a7abf05f1aa064c4d1f51619137f7eb2bd94b8ddc362bc14f64be0bd2a01,yes,yes,0.8276415467262268,1,1
learned_hands_consumer,embed_small_logreg,0,4,257,3d22a52452442ace2422e3134c77857c8d5686fd9080d9f42bc9438a845f4c89,yes,yes,0.8597090244293213,1,1
learned_hands_consumer,embed_small_logreg,0,3,258,aaa2f84803feb0579309aaee905dbe769a0e41a5a6daf89677d4a8534aa9819f,yes,yes,0.8396593332290649,1,1
learned_hands_consumer,embed_small_logreg,0,1,259,cbf21ed32acc01ddeaa5380d184a96c3ca5b84614bc1f3a1a9583fa9b891c05d,yes,yes,0.9004378914833069,1,1
learned_hands_consumer,embed_small_logreg,0,4,260,370cc782f60a07b178ac3c0ec5c92e1d6072d6798ba29e27eb089d3af9d06cb5,yes,yes,0.5966920256614685,0,2
learned_hands_consumer,embed_small_logreg,0,0,261,e2fa618a66bdb423b63a86d231a23868e8833853ed334799049daeac30367a88,yes,yes,0.5553544759750366,0,2
learned_hands_consumer,embed_small_logreg,0,0,262,6c81e7b6dabbb3574a09c499dc7a67ca24d31c6e646bab4ced51cd8c78f55ea7,yes,yes,0.6437517404556274,1,1
learned_hands_consumer,embed_small_logreg,0,0,263,1f341a6355c5c3b945e1a2b14b3434e8b3904eb4eca3e24c87941d86e705e57e,yes,yes,0.5696654319763184,0,2
learned_hands_consumer,embed_small_logreg,0,3,264,6adfe2187f8557b8f6378f034717bdcd2f522a0df00806a04c1dfe98b3e997bd,yes,yes,0.9563384652137756,1,1
learned_hands_consumer,embed_small_logreg,0,1,265,8bad5933bcb5967cc9bc4abe066d28b765494f7a0dffd407c47d6d8067553308,yes,yes,0.6121630668640137,0,2
learned_hands_consumer,embed_small_logreg,0,4,266,c55600e95d9b4eb897af3302c41acc84e2d54157f428bf1f8caec3b61e668da5,yes,yes,0.9682849645614624,1,1
learned_hands_consumer,embed_small_logreg,0,2,267,13c0dc364911dc9186a0c024e55f88be572c4deb5878fbd82d310ecaf5f45d13,yes,yes,0.9259698390960693,1,1
learned_hands_consumer,embed_small_logreg,0,0,268,3321004b9ab1144d0dfdcb61b18d746e047e1eca73ce7e0acb9fbd0e7c724816,yes,yes,0.6089736223220825,1,1
learned_hands_consumer,embed_small_logreg,0,0,269,19d396f6ee8676b8e14abd050a0d810589baf0188e806f72eac507d7a2c545a3,yes,yes,0.5895965695381165,0,2
learned_hands_consumer,embed_small_logreg,0,3,270,7eb4eb67f8d71b2387d20ed2f7c7421eab13eb8910aca82d69fdf9a9273ecb96,yes,no,0.5432097911834717,0,2
learned_hands_consumer,embed_small_logreg,0,3,271,21f6bcc2b642898b25da24d91a08efc8029b34d97d979ac84183c75b0c07b9c0,yes,yes,0.5012562274932861,0,2
learned_hands_consumer,embed_small_logreg,0,0,272,63a06c8bcc7dbff84f881459fdf825076cb5b36209132b00c9c84eeeba7b6eb8,yes,yes,0.595676064491272,0,2
learned_hands_consumer,embed_small_logreg,0,3,273,94b8923b3eddcc3f61a255a8e42041ab7f8e96bdae7e23fa5dba20dd65b82fa6,yes,yes,0.6954098343849182,0,2
learned_hands_consumer,embed_small_logreg,0,0,274,c2ccc5ca47171285fb0298be4298f50882121913b48b7ac1e796a30c532811ba,yes,yes,0.644336462020874,1,1
learned_hands_consumer,embed_small_logreg,0,3,275,1f6071d3d10ecfa1b75476a7071af685e3ba15fcf7b2a774e39b20191e1fe074,yes,yes,0.9582737684249878,1,1
learned_hands_consumer,embed_small_logreg,0,1,276,11cabef5b7d7edbcc7de996da7ddc824772faa6248373f429b29567c5017f865,yes,no,0.5463813380485374,0,2
learned_hands_consumer,embed_small_logreg,0,4,277,9136c7f7286a3ee6b4af4f2c4bd396e5528e9e59d4a11138840961213324a902,yes,yes,0.8680640459060669,1,1
learned_hands_consumer,embed_small_logreg,0,4,278,45b8aa00e5100aa8e27c34109569ad374e89747c8859165962bd4b50a718dec3,yes,yes,0.9602982997894287,1,1
learned_hands_consumer,embed_small_logreg,0,3,279,93a67fe947a834ff1518acdef3d3503a43de70821df3f53bacca03fe73994e4e,yes,yes,0.718210756778717,0,2
learned_hands_consumer,embed_small_logreg,0,2,280,f9aa283cb36bd865eb6d0e00dec619c048e1b8f0e8830f12b5d02008a0b97ace,yes,yes,0.5522058606147766,0,2
learned_hands_consumer,embed_small_logreg,0,4,281,55de4e8dcda9a6328913ef54a1ed9351f1f426737486cdf8f668ad83b8388f73,yes,yes,0.9573231339454651,1,1
learned_hands_consumer,embed_small_logreg,0,0,282,6bcb70ea6c53d9d2735995ffa331f18d0e9d9cc24ba93acb53376ae8483ed8a1,yes,no,0.5246462821960449,0,2
learned_hands_consumer,embed_small_logreg,0,4,283,78da2dea499e7edb487d60fd31327140d7546b18febaf57879bbba65e8c1b04e,yes,no,0.5910019874572754,0,2
learned_hands_consumer,embed_small_logreg,0,1,284,42fb96e3e3db8353adc2b84b435807f73584555187d03911234609ed6e85bfe6,yes,yes,0.9347215294837952,1,1
learned_hands_consumer,embed_small_logreg,0,2,285,ecfc65fba09f92e19dc001350da2ef8adc932c234c862d0db0f1879f2e7c8794,yes,yes,0.5070239901542664,0,2
learned_hands_consumer,embed_small_logreg,0,1,286,c191adb1d624b20f83068f7b5908de47c6c5209a753e4de83b528e1156b3c2b0,yes,yes,0.9587424397468567,1,1
learned_hands_consumer,embed_small_logreg,0,0,287,644bc0e92cf759be58ca6610fa275080515a65a91b581445be9cabf7ffea0e15,yes,yes,0.6684065461158752,1,1
learned_hands_consumer,embed_small_logreg,0,0,288,a79143144aa9b5670c2ef1346d67999dca1710bf76a38aefe7d8c7b71ae44b79,yes,yes,0.7094722390174866,1,1
learned_hands_consumer,embed_small_logreg,0,1,289,29d068c39f2e257adbe8beebd86189c3ef328bbf2028cdf5c6d3ede0e5ddc09b,yes,yes,0.9508245587348938,1,1
learned_hands_consumer,embed_small_logreg,0,4,290,fe9822a59aebf2d41016c82deb1d427382b2666a1fe39079f87be07fb936b617,yes,yes,0.9542513489723206,1,1
learned_hands_consumer,embed_small_logreg,0,0,291,56bb42f2ccd6615785428ca0492a89e2c4c3ab2f9fa44ee197d3da8fab2c5842,yes,yes,0.6599845886230469,1,1
learned_hands_consumer,embed_small_logreg,0,3,292,5299348ae3f81c25293e952182bb6bea15382e9da7443711aa78acdaf4b6bcb8,yes,yes,0.9381918907165527,1,1
learned_hands_consumer,embed_small_logreg,0,4,293,73a78266e6561f4e4c9baa89057beda5a92213b2ef917e1272c2ece8cd9b7704,yes,yes,0.6370113492012024,0,2
learned_hands_consumer,embed_small_logreg,0,3,294,79cc9d9097ff95d4d5569540eb3711865f517ab1a2a0fc876da5c48598ee3cb4,yes,yes,0.9603256583213806,1,1
learned_hands_consumer,embed_small_logreg,0,0,295,3b85fae280cd98abcc7e78ae4627a4c94eee68cb0bdc5b31dc3b1cf2e53949ae,yes,yes,0.5360122323036194,0,2
learned_hands_consumer,embed_small_logreg,0,0,296,32072d7df35d23c7cf165a1afeb9be63ebbdcf2c94cee75f9b5a90b78e19dd28,yes,no,0.517888069152832,0,2
learned_hands_consumer,embed_small_logreg,0,2,297,16bed4a62e2738950d2587d30c25ed9c5d17ea5f0cc5e91f1148a4cb64162453,yes,yes,0.8773919939994812,1,1
learned_hands_consumer,embed_small_logreg,0,3,298,3473fc0f42c76ad19ef3ec2771d01d619478fb7fab7ea70d94e7fe0f1bd61128,yes,yes,0.9571077227592468,1,1
learned_hands_consumer,embed_small_logreg,0,4,299,251efc17ee26f8f9c544871f61f6fd54cf585d0f3210406eb3c48c825a10d526,yes,yes,0.9281121492385864,1,1
learned_hands_consumer,embed_small_logreg,0,3,300,4b657305ddc7f357ec185bc9abec0fa67e2d4d4fb0afb00f8e83e73a4c712e8e,yes,yes,0.807178258895874,0,2
learned_hands_consumer,embed_small_logreg,0,2,301,f85e7456c7160ff553b31db76a443f79214f6b2cd4542c3bb171595928ab6558,yes,yes,0.8581092953681946,1,1
learned_hands_consumer,embed_small_logreg,0,2,302,243386ffe9922a67ec10fee19cff0781c4d76b6a78a32ec20ae1b9ece92bf995,yes,yes,0.8299687504768372,1,1
learned_hands_consumer,embed_small_logreg,0,2,303,85d4e89725d489b9e3820f724acfc754d59767d51140be8d70af3bb2eb4198c3,yes,yes,0.6829303503036499,0,2
learned_hands_consumer,embed_small_logreg,0,4,304,f859129d9d2aa75e88d6602d1563b367b5d45a031c53939b17889bef5d0f147e,yes,yes,0.6843371987342834,0,2
learned_hands_consumer,embed_small_logreg,0,1,305,483ac3b333ee68b7196086031e6a08e2fdb91c52f28a3a861f23a2c8ec75478c,yes,no,0.6019030213356018,0,2
learned_hands_consumer,embed_small_logreg,0,0,306,6eef9bbaaa01f32394020b689930f9d2ae66836d280dfef0cac99935536b4a22,yes,yes,0.6732892990112305,1,1
learned_hands_consumer,embed_small_logreg,0,3,307,2bbdbbb31e0f69cbd29d755d0e4fb9a5a932b3b1effe5a664bc674ef725addc2,no,no,0.8826116257711378,1,1
learned_hands_consumer,embed_small_logreg,0,2,308,5779a2e66767851f78c4baf2c51d3e6be6d917949d5341b98c489bbf0f67f6f3,no,no,0.518308699131012,0,2
learned_hands_consumer,embed_small_logreg,0,3,309,24481de31a2b3036d71dc474adac585b922e4bdfb8287ce43a3ff34846620b73,no,no,0.9605233287928252,1,1
learned_hands_consumer,embed_small_logreg,0,0,310,13b626d60d254c4999ca862d60b0f13ec9378504e9fa2fa1c002db747518bc7b,no,no,0.6774832212174898,1,1
learned_hands_consumer,embed_small_logreg,0,1,311,97939ad30f5a35f45ccb7fcb190a65552ca404ca227456e1ecb4f5a57c3bed17,no,no,0.6729012928277639,0,2
learned_hands_consumer,embed_small_logreg,0,4,312,8616d00b5609b9a12db9741cc2c276068fbfffd9d02b80e12bf3dc55ef37b07c,no,no,0.9302687852889773,1,1
learned_hands_consumer,embed_small_logreg,0,3,313,65e5a2fd7a388ba873ac967c48adb5664e74f76db3d95f15af7230c45aa27115,no,yes,0.7635064721107483,0,2
learned_hands_consumer,embed_small_logreg,0,1,314,0b5ab1b563bc3ef18c295476f388386fadc1cf299ab20f258f1dffee0f8157b4,no,no,0.9231621829382073,1,1
learned_hands_consumer,embed_small_logreg,0,4,315,c70617e5ad6a4b2e699841464467e2a1387594382a39a10f5f3aa0ba238dc8c6,no,no,0.9322570770738365,1,1
learned_hands_consumer,embed_small_logreg,0,4,316,bc9f773c51514a7ad309a672115c1b9f79304095ccabcd53343b945d6ce19ec8,no,no,0.6382559347672482,0,2
learned_hands_consumer,embed_small_logreg,0,4,317,0af96d52fa6c71f1943351f5d1a07e10d961983e0c4a66784a937ad8bbaf2f0e,no,yes,0.7778401970863342,0,2
learned_hands_consumer,embed_small_logreg,0,4,318,f4a7c81fbb4fe3b5a0cdb370b458074ab8fa6f11fe41ced9df994fd2f420f362,no,no,0.7857199428337804,0,2
learned_hands_consumer,embed_small_logreg,0,3,319,71d38fe12b75052be0651bda2d4f4efe697b07d365bf41cb14841da2688b94f5,no,yes,0.8923819661140442,1,1
learned_hands_consumer,embed_small_logreg,0,3,320,60a86bc631bcf63cb1c4ced84c0f60928e57bb2abcf79c23baa53fea95cc1aa3,no,no,0.9878824334817334,1,1
learned_hands_consumer,embed_small_logreg,0,2,321,e06e690d6aad76f736293110bf1b57c294435c42a47933cd1acab74063fa7102,no,no,0.6911154779459394,1,1
learned_hands_consumer,embed_small_logreg,0,0,322,a90e11f52d0e31db828e5d845e5fc33cb9bbc6922bce8244891dbc15b22a7483,no,yes,0.5280740261077881,0,2
learned_hands_consumer,embed_small_logreg,0,1,323,7f6a2fb0578a33bc0482677bbc588e70a785c7bea415b62486a564b37d2364a5,no,no,0.959408048389137,1,1
learned_hands_consumer,embed_small_logreg,0,3,324,91f9aed41e41a457675d9814a53f7e293fdcc37d5ecd967c9a49b0e1b38c3587,no,no,0.9039015173912048,1,1
learned_hands_consumer,embed_small_logreg,0,0,325,ca37e43e8db1c44dbbb19c01ee3aa67ed7d3e032717d029d12d8ecc1e8da9e24,no,no,0.5830086295900158,0,2
learned_hands_consumer,embed_small_logreg,0,0,326,2fb4fb6b593cdd7c3e2fd5c6e362a22a579395bb61b602c450cca3538b8e24ef,no,yes,0.5941808223724365,0,2
learned_hands_consumer,embed_small_logreg,0,0,327,c74e1031658129cec56f52de73b243a87d110480b7489b898798c788c64954c1,no,no,0.5125038776547872,0,2
learned_hands_consumer,embed_small_logreg,0,2,328,12a1ea95bdc51debd507323d28586d8cd6725f1b2fb39a9a12ccea37dd723d96,no,yes,0.6342925429344177,0,2
learned_hands_consumer,embed_small_logreg,0,0,329,985ec3dfb0c350854d7b1baac2c3332760dc5c321f1cafa4bfd44c6712e2ced1,no,no,0.5534330441524671,0,2
learned_hands_consumer,embed_small_logreg,0,1,330,335fb0b1b9fad31fa5c37ca3233826815b93d197d51ad6e25f3adb819181b8d5,no,no,0.8658335337912073,1,1
learned_hands_consumer,embed_small_logreg,0,1,331,c1a730a7b254e70e6ac0d37573a2caa83d4df82d7e52868bedaff06ebe6b6878,no,no,0.5529945492744446,0,2
learned_hands_consumer,embed_small_logreg,0,4,332,2c4155ce67ad13aaa45fffc3554b95daf5261dd7f91fb8fd64dec003bfb9e74f,no,no,0.8831887709619288,1,1
learned_hands_consumer,embed_small_logreg,0,3,333,6ceaa70ea927c42a727227f3a30b6f624dcea1bc117cb238827bb15af9517c39,no,no,0.8735817540648319,1,1
learned_hands_consumer,embed_small_logreg,0,1,334,7d6f93cb8182ac12b92485985653cd0fd562085122909d87b4336f6ee3e4666d,no,no,0.736215494162306,1,1
learned_hands_consumer,embed_small_logreg,0,4,335,cf8776ba226b044303c6bd7ec8aa16cfacbe82cbb01b00fe365ab899a5adc5f8,no,no,0.7548034899652525,0,2
learned_hands_consumer,embed_small_logreg,0,4,336,63d2423f809c612df5098e911ca5ba908d510a563c38c6d97d504e390d18c390,no,no,0.8546181448492132,1,1
learned_hands_consumer,embed_small_logreg,0,4,337,52f14dd7aea76b56f013c46377c11006c81b564a73a8fa44e2a4843c3f9ff85e,no,no,0.8433886640759012,1,1
learned_hands_consumer,embed_small_logreg,0,2,338,cd0992eca3b3ebd4ffcc36e8430e138824f9b105e6764dedf74a8ce2d5549fe4,no,yes,0.5210581421852112,0,2
learned_hands_consumer,embed_small_logreg,0,0,339,5a8803fcccb50853b2c3856ee82785bd156f862dd26d34c99efdea4519a7e214,no,yes,0.5690595507621765,0,2
learned_hands_consumer,embed_small_logreg,0,3,340,617fea7762c73987c8e9da050c8cae25a1aefb6ea95ff5d081b8e51f028dbf2e,no,no,0.982767327046197,1,1
learned_hands_consumer,embed_small_logreg,0,1,341,d4093169f98d05e7565a5542038529f1fab35b60cfe43127811daa861d935feb,no,no,0.7581604832136704,1,1
learned_hands_consumer,embed_small_logreg,0,1,342,e8a22694731ba2e5a7312f7d4a02b03f7e4bc081c76f7068d665ec82ab92f3c7,no,no,0.6768858432769775,0,2
learned_hands_consumer,embed_small_logreg,0,2,343,7a0a05fc729a8f64cbb6ca9c295a3805e152b645fbd81571861db6a5918d5618,no,no,0.9537858118247216,1,1
learned_hands_consumer,embed_small_logreg,0,1,344,1de94b175a0dc3b16576ef02ea9b734786aa3bc35b5be8fbeb644479593c01bd,no,no,0.8851104246808525,1,1
learned_hands_consumer,embed_small_logreg,0,3,345,7eba9bd21b877177f0ea63bb88313953a4c47a8eea950c93500fbc398e54e665,no,no,0.8518134482475139,1,1
learned_hands_consumer,embed_small_logreg,0,1,346,aa01251703c5de088b207ee1e21487e51f88caf08d8d578aef87fead3ecefced,no,no,0.7490900531682356,1,1
learned_hands_consumer,embed_small_logreg,0,1,347,e9f5e96f340dd75e497ed93a4a1e722cfce986d2cec52aaa027ca7778586ad19,no,no,0.6621577143669128,0,2
learned_hands_consumer,embed_small_logreg,0,1,348,4b9f93fed8e41a2a2c5f0994cdca3aca0eda1b96dbd2f74d5afcd2a43889c2e8,no,no,0.8497003190264059,1,1
learned_hands_consumer,embed_small_logreg,0,0,349,f05855943024f908afbb53b1527e164e7e5e5ad16ec0192747e08513f2bf77c0,no,no,0.6397770047187805,1,1
learned_hands_consumer,embed_small_logreg,0,1,350,1c49793aa9d1312bd32ea93d0d8c4aefe10836b786d8cadf7c97738717ce9d31,no,no,0.92284540947012,1,1
learned_hands_consumer,embed_small_logreg,0,1,351,580b5ac0770fb1b9a6472f9a88911a26a88cc2d70c1aa230e26ba6905581d32b,no,no,0.8888486756212812,1,1
learned_hands_consumer,embed_small_logreg,0,2,352,d1a95b753ee546201b5cf71e8a8910ffb93f06b981363dd24190b9627693f2cb,no,no,0.8897749318148931,1,1
learned_hands_consumer,embed_small_logreg,0,2,353,f123cdff3722febd99751bb5a64770c85fc6707f63c07bae56510ead6672a690,no,yes,0.6980746984481812,1,1
learned_hands_consumer,embed_small_logreg,0,1,354,013a1816aae065dc4d8f6a910347c85c867197f1497645a47e5cb14cab38f57e,no,no,0.9137990542784262,1,1
learned_hands_consumer,embed_small_logreg,0,2,355,d27505c28fcef3d7434ea6bd8d7130e051f02503586c1526d71160be1310e40f,no,no,0.8738386891436186,1,1
learned_hands_consumer,embed_small_logreg,0,3,356,1130e23cb8e7f0a6fc9e659f4c94b732fa1953b7a98b3a9fcafb074532c54af8,no,no,0.8816451829304133,1,1
learned_hands_consumer,embed_small_logreg,0,2,357,9a69a9f0e0418372ec3def21b9ce927af42a49df1d185967290ada823319ad8e,no,no,0.8480590112218114,1,1
learned_hands_consumer,embed_small_logreg,0,1,358,d0b3728beaff318ee83ad916c45c5c6802c6634bab63d6de065eff3af6bb2839,no,no,0.8418890959305927,1,1
learned_hands_consumer,embed_small_logreg,0,0,359,492cdbdcc254342378744c1f8b9dadd066628ace9a1a65a515633708701c9342,no,no,0.5636025667190552,0,2
learned_hands_consumer,embed_small_logreg,0,3,360,7c272499aa6af5b9c7b2de749a65adfa813cdc4061012c6f9a62fda253e08104,no,no,0.8890910545939716,1,1
learned_hands_consumer,embed_small_logreg,0,0,361,e09a2160df994ff65eac81266e80dbb544860bb0bf9a7322caeeaddef40d8ffe,no,no,0.5521692633628845,0,2
learned_hands_consumer,embed_small_logreg,0,0,362,7c408b03bdd1535120a56621fe2fc9d7c4ef4b22699b623e4970ee45767ebba9,no,no,0.6877179741859436,1,1
learned_hands_consumer,embed_small_logreg,0,3,363,c41ad8c362d3233072dfc9f51c09010958870b25d095046a29cc7e47cafd392d,no,no,0.9893110695686618,1,1
learned_hands_consumer,embed_small_logreg,0,4,364,67f538667db398f86344c56348d00c791c1ec9ac0aff37d556bb99dd32897983,no,no,0.8948777318000793,1,1
learned_hands_consumer,embed_small_logreg,0,4,365,ddf035db365fff2212de2488a54adb763abc3e92a2dad325570e9d3251388841,no,no,0.6400151443485959,0,2
learned_hands_consumer,embed_small_logreg,0,3,366,aee3ace2d8ef27f3660fab84d93dad6ad86bf221676864042357c5e92059a85e,no,no,0.9824244829651045,1,1
learned_hands_consumer,embed_small_logreg,0,0,367,9913f5e62a1afcba67bee35c05d650381598f5b2c1380d1bb2a0f2ae1cc63e6f,no,no,0.6791368925314215,1,1
learned_hands_consumer,embed_small_logreg,0,4,368,00c018554b47c9496be37e1420e4483569efc3e3631c681205edc2ebb9c5b095,no,no,0.7739111896442055,0,2
learned_hands_consumer,embed_small_logreg,0,4,369,2c68763833a784dd4f1a5569f0af102d4fcf6b344f917b9d6e68c91bf223385f,no,no,0.8395805358886719,1,1
learned_hands_consumer,embed_small_logreg,0,4,370,c585104773d1883d86927f2b034566efd206fde08fe7e1d63efcf06f6ecd9275,no,no,0.5957418084144592,0,2
learned_hands_consumer,embed_small_logreg,0,1,371,7387a5e5fad938d7e99b2c7c1f6e1158d97aec42e8d1218a21f1bfbd2e5ccac3,no,no,0.7851217272114497,1,1
learned_hands_consumer,embed_small_logreg,0,4,372,8a778c2a7882c353ea19f4b4177b18f73596a4d0bdf7c066488b237259d5c92e,no,no,0.9381038371826739,1,1
learned_hands_consumer,embed_small_logreg,0,2,373,66c80303be317d1ece0aedd4cef8d908db80607ebada9bb9e122cc5c60b05acd,no,no,0.8589471110544669,1,1
learned_hands_consumer,embed_small_logreg,0,2,374,844bffeb2e27126213a382107f2bfbd2eeb29a0aa34b39db7c237d94aa21dc6c,no,no,0.9350735018780343,1,1
learned_hands_consumer,embed_small_logreg,0,4,375,ecc85367e5cf37586c263dedf5b348a050bbdf6b9249645651c148dca3f30d6a,no,no,0.8688174486160278,1,1
learned_hands_consumer,embed_small_logreg,0,3,376,2e572efe17abde9794ed1ca8e76aab48311dffe6e5f091aaf53a537351a6ec4b,no,no,0.6575560569763184,0,2
learned_hands_consumer,embed_small_logreg,0,0,377,8339831d993a8f59979c34ab2a332854935bb45ade809ebc382fde5b95859c6d,no,no,0.5465866327285767,0,2
learned_hands_consumer,embed_small_logreg,0,3,378,42142d842605f05b949df18cb8a99bb35cb5a3e606e1f59cff43626743752be7,no,yes,0.7507839202880859,0,2
learned_hands_consumer,embed_small_logreg,0,0,379,84f150b50421abc72aea1ff2b9e810ed64fba7c4f9d5ac41a9be6e901d2ee310,no,no,0.7081756380744089,1,1
learned_hands_consumer,embed_small_logreg,0,2,380,e87ddebafaf120552bd4e34cf6953ec369024fb7fc6e707e8c74058e178b1363,no,no,0.5917892632421632,0,2
learned_hands_consumer,embed_small_logreg,0,1,381,1338d4a9807f0d53047962b57d76cf583420487b44853e8aaab6f0d6d454688b,no,yes,0.6112009286880493,0,2
learned_hands_consumer,embed_small_logreg,0,2,382,ec007d3323dd2053bf052016919bc0af90796fa0ca1b0409c6082066ee97a50b,no,no,0.7963345288137951,1,1
learned_hands_consumer,embed_small_logreg,0,2,383,d2cd0e5ee933d888b506be5632aed8062b91258070bea77b00cbf7a570a68547,no,no,0.9223215717423197,1,1
learned_hands_consumer,embed_small_logreg,0,4,384,b6426951bbccc28e0d00959ce601a50cfdbc42f0b030169fc40a2d195b99f4ce,no,no,0.7283578136073892,0,2
learned_hands_consumer,embed_small_logreg,0,3,385,a7f2631f19f997f8dde0f842d8a44c6be3a43a0e33208d7f010eeb998aedd90a,no,no,0.5709478684977333,0,2
learned_hands_consumer,embed_small_logreg,0,2,386,ee780d03a703ecf7ba9c48251e78cd4e9b7af05645ad48fff61fa919cf492135,no,no,0.8074358105659485,1,1
learned_hands_consumer,embed_small_logreg,0,0,387,2a45a35e29096acb668fa0ef232d5755b039d19bbf414f441fa03b6c6964e833,no,no,0.7042504339143505,1,1
learned_hands_consumer,embed_small_logreg,0,3,388,db01549ee1c2f8c8cddf1988e9091c11b9c05afae796574b4aa7e58eeebe1ec7,no,no,0.9688568621048996,1,1
learned_hands_consumer,embed_small_logreg,0,3,389,63faab04056ecaa75521d5f981daa271b06f41399397a77f5b18772f7982501b,no,no,0.799851608274156,0,2
learned_hands_consumer,embed_small_logreg,0,0,390,ae83caf06a839c78cbe1c040b85f5774b377a68c7cd5ca4e2df1e6b808f5c1b1,no,no,0.7367284893989563,1,1
learned_hands_consumer,embed_small_logreg,0,0,391,9a3dd5e4246141a2e5cb3351f2f44bd41b29e28912043c8883ba1ee127ba989b,no,yes,0.531512439250946,0,2
learned_hands_consumer,embed_small_logreg,0,4,392,df2ca5f08012ee422366badb625b7e85f8f8d13eeebbc8ec9a4e52cb9755e245,no,no,0.8432878851890564,1,1
learned_hands_consumer,embed_small_logreg,0,2,393,77b2b7af3d2e7d92346d21688da079b282d2e31d80505b4c19a05b664ed10fb6,no,no,0.8932470282892964,1,1
learned_hands_consumer,embed_small_logreg,0,2,394,ce03177700db149631f5a0748437e3e8ce566671b3939640d10d100e63e3fd16,no,no,0.5633731484413147,0,2
learned_hands_consumer,embed_small_logreg,0,3,395,a47f0ccc3396c563d1d54cfa509c381c6e8ffadc05e947351c2c88540f5992b2,no,no,0.5935259461402893,0,2
learned_hands_consumer,embed_small_logreg,0,0,396,d28d9b72ec96132abafad4420752c4f56363e197e4763aacee93a17b42e571ae,no,no,0.5355991125106812,0,2
learned_hands_consumer,embed_small_logreg,0,0,397,c6571efea3285b8369d41b3dd25ef48c253a0e321fcaeefa5d4e89023afe6cd5,no,no,0.6755538977517516,1,1
learned_hands_consumer,embed_small_logreg,0,4,398,3f37d027870da81cb661495002a1a7fc86a664b28df5b372c3384fa16ab115db,no,no,0.9365244717119143,1,1
learned_hands_consumer,embed_small_logreg,0,4,399,1195fd2a250615c2ef282030a1bd1f0805e2944f0343faea81ddf121d0ccc994,no,no,0.9625840294649902,1,1
learned_hands_consumer,embed_small_logreg,0,2,400,52755383856e91c2af9d9af2cb1b6b5e2474b17de3d5bc750e466a0cac60f774,no,no,0.90986567735672,1,1
learned_hands_consumer,embed_small_logreg,0,1,401,79a5f35751c76695e1441ec78b28a225fca1c41ea9c82882b2fc5535aa52607f,no,yes,0.5693058371543884,0,2
learned_hands_consumer,embed_small_logreg,0,3,402,e8b28f4ace8f9d83a962e68403786fac2eb9f58c6f2f6f2fb4f640879cb943c8,no,no,0.982169633631611,1,1
learned_hands_consumer,embed_small_logreg,0,0,403,49b50604e1e593b1474257b9770d20e0a60ddcf54a8b6890e153124f746b8275,no,no,0.6692091027137904,1,1
learned_hands_consumer,embed_small_logreg,0,4,404,9d7dcd2eae72e13950ca10701a907c961252af1dd61008203f0937eed002f2d9,no,no,0.9547973977938004,1,1
learned_hands_consumer,embed_small_logreg,0,2,405,3f5ca9261b2891516e2a5d24447411595d9562c1ff20862e0b1016f7ff1c32e4,no,no,0.7593416088721396,1,1
learned_hands_consumer,embed_small_logreg,0,2,406,4e20b69b4d085a8af12bd1e5f9d7e6232d82ab680cfc25e9a64195c6513cabd3,no,no,0.7355304956436157,1,1
learned_hands_consumer,embed_small_logreg,0,2,407,9000d55fade254c6ca05e4c143c5341da66479eca3cc7fcba053382ab0a06d2f,no,no,0.8596366772001487,1,1
learned_hands_consumer,embed_small_logreg,0,2,408,1d4a66a5ebbe0fede76d2d78db8f5fc9f6c99b17daeca5cfecf1d41b10cf80b1,no,yes,0.609752357006073,0,2
learned_hands_consumer,embed_small_logreg,0,1,409,c6ab1cc27fcf3c46640e8614bb3cef65334f694f0dc7ebf7c14f0f95ff582cff,no,no,0.8065937517108395,1,1
learned_hands_consumer,embed_small_logreg,0,0,410,2808314a91f63cd0f210000ca0d99e536b41a5ef2a38b09b99706154ed097563,no,no,0.5967233003162354,0,2
learned_hands_consumer,embed_small_logreg,0,2,411,add411cc48fc3dd30ad7eef9eb447a04c306289987db61ee0f1a60eec669366a,no,no,0.9077463352921531,1,1
learned_hands_consumer,embed_small_logreg,0,4,412,c5e98cba61f5b7e99d394fd52e37b44f2fa2d4bd59a64a4fa6df5eb9c7d968ee,no,no,0.9820624571627705,1,1
learned_hands_consumer,embed_small_logreg,0,0,413,b065f229dea495ea981117badbe33bbb78f927032d079f6b45b57b9ff319ee3f,no,no,0.5748560257298939,0,2
learned_hands_consumer,embed_small_logreg,0,3,414,ba9af4f96d08829a0c9ec6aba9efeff3a00a2093dfdfbd72c8bd45f2bc9e6a69,no,no,0.5224553942680359,0,2
learned_hands_consumer,embed_small_logreg,0,3,415,5d18d68c26e2f66f512fe9593484b459f2bcea6aa210183c392cf7ad40ddb4f4,no,yes,0.7921050786972046,0,2
learned_hands_consumer,embed_small_logreg,0,0,416,e78402c565c5685cfe8d6f3023b3e7d2a6cacb870295e754ff3c7bd88851a1a7,no,no,0.52783678389082,0,2
learned_hands_consumer,embed_small_logreg,0,3,417,83791c54b327f91dec027e1575b5e0d327a0464147f41406fc441098e5403ca6,no,no,0.9600566875949383,1,1
learned_hands_consumer,embed_small_logreg,0,2,418,2054be735fa66a7be473f7d8d284cc496f2873f3c0ac26935232ccd60f9de832,no,no,0.9537794972856455,1,1
learned_hands_consumer,embed_small_logreg,0,1,419,bab1e0749854088c9ef136c8cc309c034a76a764cfc21fc0ff53362e4861636d,no,no,0.8556681275367737,1,1
learned_hands_consumer,embed_small_logreg,0,1,420,27beb276d0fba5a8e870d21c77162c178327fc1ad4e1c391cbb90aa0b33604e5,no,no,0.5815240740776062,0,2
learned_hands_consumer,embed_small_logreg,0,2,421,a1f504238378627ada42e6b4a5188dc174b5f75652a150163843892064abb22d,no,no,0.5549302101135254,0,2
learned_hands_consumer,embed_small_logreg,0,2,422,a005428946110152b42b0ec6663ca35a25f83f6d59f5b03454dc6b5ded6ed03d,no,no,0.9007794655685246,1,1
learned_hands_consumer,embed_small_logreg,0,2,423,9cbbae94185f89046b6054bb9bccf79344fd2aa88fe2a30fc15f75d34aacbef3,no,no,0.8560109734535217,1,1
learned_hands_consumer,embed_small_logreg,0,1,424,3be047961cac24031e53731a39990092e5be49c19c1bf50858f360635095935d,no,yes,0.7101402878761292,0,2
learned_hands_consumer,embed_small_logreg,0,3,425,ce81291a07edef587b6b3aadc6149395b531a8bc2ccd91e5c553fafdef0a6317,no,yes,0.5487036108970642,0,2
learned_hands_consumer,embed_small_logreg,0,0,426,e39dbe75b89613b758ebfbe9bb10832f0a92b0a0f06161e751f68ee02db8bc9e,no,yes,0.5253204107284546,0,2
learned_hands_consumer,embed_small_logreg,0,4,427,77f8b279f1b0c7568831f06897e485c63de90d157e9f5bdffc950d8b5339b76b,no,no,0.9766753461461566,1,1
learned_hands_consumer,embed_small_logreg,0,4,428,196d1c980028958aa696f055758fa3b2f6507b7e90205d1bb8c1232f9ed33879,no,no,0.9238088933484754,1,1
learned_hands_consumer,embed_small_logreg,0,3,429,867ba8abbec80d2ad80edb9dbea0eda8dc5dcbafdfbe36aef9c42b95537f0f61,no,yes,0.7687735557556152,0,2
learned_hands_consumer,embed_small_logreg,0,3,430,72af3f1cbcff79519e8d830ce39f1aaf8bc7b8e3c6a420f8e0cd0db3ab43e396,no,no,0.9533173619456098,1,1
learned_hands_consumer,embed_small_logreg,0,4,431,8ccfee9549ab36622cbef033779481a4709533ba1916a502e4daa4bee8356d6f,no,no,0.8957155675972829,1,1
learned_hands_consumer,embed_small_logreg,0,1,432,f86e733c4aa27750c91274e7c1d24ef7fdb6886dedd3cd183e02ae97b21b71a1,no,no,0.5572105050086975,0,2
learned_hands_consumer,embed_small_logreg,0,2,433,4e5a84a0e6bc8a79290a97622c2e27f93f35d3bc1d958a174621ce41587bc723,no,no,0.7533614410948324,1,1
learned_hands_consumer,embed_small_logreg,0,1,434,60115ad7adfb7cd44dc9d3974fa6e91f75d4314b459afb6ad7cf046ec468f5d0,no,no,0.9531859265996433,1,1
learned_hands_consumer,embed_small_logreg,0,0,435,c2f8f30d2f33de3ff6d230fe420907389008f3f32d850a0d46c02bed9d4d96a6,no,no,0.6885688510110632,1,1
learned_hands_consumer,embed_small_logreg,0,2,436,c260b7498f71fe45f1424fd2b9a9839f565e405a7d4dcec0225cc32b31aa3ddf,no,yes,0.5552343726158142,0,2
learned_hands_consumer,embed_small_logreg,0,4,437,946f42d7871538b510e3f3addcd2c214d51128c8b0d1497d15b7386ba0a1356b,no,no,0.5847687546977772,0,2
learned_hands_consumer,embed_small_logreg,0,3,438,2ccf77520a102a3a7f63b623e6874716be7a1cf26d8c0f666f6e7470e9e4c438,no,no,0.667691330084463,0,2
learned_hands_consumer,embed_small_logreg,0,3,439,a701c75cc7ffd4dd2d848114d88c55877c21ca6bc554b06f7a780af98fdede78,no,no,0.8203087571309322,1,1
learned_hands_consumer,embed_small_logreg,0,4,440,1512241f1c901913c1bcb63d7c6958e6e29007920502c9eb4c9eb5dfdc429779,no,no,0.7772618763822876,0,2
learned_hands_consumer,embed_small_logreg,0,1,441,8efb01893e2894f9a68dd4abe86e1aa3273c502cb488596dc29f5385ecaeb2c7,no,no,0.8273408536216744,1,1
learned_hands_consumer,embed_small_logreg,0,2,442,1d2a94502aece3443e17b2cb63dfe225b7a8aeebd081ddb65e6bb2f671212a17,no,no,0.5312765836715698,0,2
learned_hands_consumer,embed_small_logreg,0,3,443,0163ad6ff34e85877a0adf35a59c1a346599711f69d7bf4891317aada189c78b,no,no,0.5573742389678955,0,2
learned_hands_consumer,embed_small_logreg,0,2,444,8bd8da3916ab6140c8983ae16bcdb2e8e857d786d5b0a809729486e67a0812d0,no,no,0.9304712276090499,1,1
learned_hands_consumer,embed_small_logreg,0,3,445,04302b33dfe27e60dab505555f6ba88813973ef1386f0c8b08205ee51891f0e6,no,no,0.9555297004676949,1,1
learned_hands_consumer,embed_small_logreg,0,0,446,1afd1fc0fa21504408f161026b0213f082b591b552e5a77213bf65d60bf4612b,no,no,0.7017276883125305,1,1
learned_hands_consumer,embed_small_logreg,0,0,447,d1d3852aceaedd7f13c819c848f14ecc6dc897da4bfa78ed063ef32ce2ac63d1,no,no,0.530670702457428,0,2
learned_hands_consumer,embed_small_logreg,0,1,448,04a31af43a0322d4e234770268a71818baa3b9f7193dc123c6ce1e4fb24f3e72,no,no,0.8648779649996151,1,1
learned_hands_consumer,embed_small_logreg,0,1,449,a8e84a61c494345c5650ad8117693f333deabc9e041a3b4a22aa1d06393231ed,no,no,0.7245016098022461,1,1
learned_hands_consumer,embed_small_logreg,0,3,450,0854abafaea9b69c2c49c5f64e9f3c95f596dea3588670571b1ed57b744f59a5,no,no,0.5190130626861174,0,2
learned_hands_consumer,embed_small_logreg,0,3,451,9f25eaeb6f65236347aee880ca9534bfc163ad085b06fa72eeb67b405f5f1d62,no,no,0.90006422996521,1,1
learned_hands_consumer,embed_small_logreg,0,0,452,cbfecefec8a53e69aa8f367aea02a4727b7ee5554da9e45a38e31f065cc3c169,no,yes,0.6867554187774658,1,1
learned_hands_consumer,embed_small_logreg,0,2,453,bc4a406688a7b5efef17bfb1b4edbc67f35a63b3de8702b8068df824d666583b,no,no,0.6700434684753418,0,2
learned_hands_consumer,embed_small_logreg,0,0,454,1c6dd5d561b55e7031e5f2adc0da0e9723f06c4b23e08e8904fc1e27c13cd9c6,no,yes,0.5486312508583069,0,2
learned_hands_consumer,embed_small_logreg,0,0,455,932d945f027160e21bfd51184d91d8727cfdf60e72226309e7516cc368fdc515,no,no,0.5878410164165194,0,2
learned_hands_consumer,embed_small_logreg,0,0,456,27da743642e6fe9e9f70f9ff5b3c8febcdf419aed6c38e5e67fa09294c9d6ab9,no,no,0.5492995381355286,0,2
learned_hands_consumer,embed_small_logreg,0,3,457,74043fddd5dce444be8d653b1c6f225528ef532997c766cbce4e5c660ade622d,no,no,0.8343632096892117,1,1
learned_hands_consumer,embed_small_logreg,0,2,458,f417273fdbac343a73e3321b40e14d3eafed51eea5cb6c8b788b4ea1eb0afd8f,no,no,0.7995691537728653,1,1
learned_hands_consumer,embed_small_logreg,0,2,459,df68371ca953f13c782ca05591a597acc4b878650efb047c1d8da558f203219e,no,no,0.7950467585779244,1,1
learned_hands_consumer,embed_small_logreg,0,2,460,5a1f2ce82b72f9c1266df09ac2c4d257aa3bee8f5b3972e0fc839db712595ca9,no,no,0.9086948362381805,1,1
learned_hands_consumer,embed_small_logreg,0,3,461,0b54969a9e57430db4a328e94f100a2c17ce2ecd53896ee28aa064697a2b1d8d,no,no,0.8367243409156799,1,1
learned_hands_consumer,embed_small_logreg,0,2,462,0bab903026b7c3c9333fbe20f96dcdd314852e6516b76ab0c53d206790eefac6,no,no,0.907709612067187,1,1
learned_hands_consumer,embed_small_logreg,0,0,463,41fa77f140f955deec510a2825da39c611b3256f06db66f38fab47e7b78d20da,no,no,0.7057403326034546,1,1
learned_hands_consumer,embed_small_logreg,0,0,464,2425edeaa0bb4c18efdb8f3cf3549bd1e238423ef48243512eb592127b04ee0e,no,no,0.6065960111199621,1,1
learned_hands_consumer,embed_small_logreg,0,4,465,987eae7153585e7a2a0d88ba16f6807b131129542c68eb9138781ebed69e8cc2,no,no,0.8759226007180825,1,1
learned_hands_consumer,embed_small_logreg,0,0,466,b24b2625eafa8e1b32b1e246012edbc8db39764b08f08c67c920f3b3350fe9ea,no,no,0.6573305325904647,1,1
learned_hands_consumer,embed_small_logreg,0,4,467,35b9bab2880db0b2d36d825afd233bf57bda9e5eef479a37b70a41a36c5a5879,no,no,0.8308840394020081,0,2
learned_hands_consumer,embed_small_logreg,0,0,468,6f958da8adbf8531a95cda9abd9c5210f97bffa964d37b7cb0442bcb31d14c37,no,no,0.5970203698569426,0,2
learned_hands_consumer,embed_small_logreg,0,1,469,9e30b352d1c79225ed762c8ded34d155a8f1a9acb805c8f881ea24631aafaca6,no,no,0.9293940732582961,1,1
learned_hands_consumer,embed_small_logreg,0,2,470,6b2d81f7309dbbad5fd9af0af6a0d5e5c76e6ba2b87feadee3468b273edf16ad,no,yes,0.518296480178833,0,2
learned_hands_consumer,embed_small_logreg,0,3,471,eaaf0b7320c280140ad331ea0601675c5fd7ff6a885286c80d46ea113a3cab17,no,no,0.9574723243713379,1,1
learned_hands_consumer,embed_small_logreg,0,0,472,4e19f210464ca73a7f7a58cd3218cec482dee93c4f53abed18732ac581733e3c,no,no,0.6144779737449296,1,1
learned_hands_consumer,embed_small_logreg,0,1,473,4115fad9f9b83db5ecb78a9be61669ad1018516abc1227f075d62f7563f98f22,no,no,0.9325756361143616,1,1
learned_hands_consumer,embed_small_logreg,0,4,474,f0cadb5492e0ec183a3a3ea7616ae472ae6eff8bbcd445c563fa7c23da261ca5,no,no,0.6011349141935979,0,2
learned_hands_consumer,embed_small_logreg,0,1,475,531a57b154dbd769d4108e15531d27140a960b9c18d233351c7d62f188b8f6f1,no,no,0.910683790355538,1,1
learned_hands_consumer,embed_small_logreg,0,3,476,8fa4139dbe239bba25434909e55f2fa80c50269832bb68550d65299db5619836,no,no,0.9677777037976536,1,1
learned_hands_consumer,embed_small_logreg,0,1,477,9aec94ea158756c81b27ab95c8b331de3d51619d6ed22d22437d837182c56810,no,yes,0.5317195653915405,0,2
learned_hands_consumer,embed_small_logreg,0,1,478,dc31283a842264461700a1d07d553bc3be03295a75df6770fa6c06015b16fc4d,no,no,0.8282257791127894,1,1
learned_hands_consumer,embed_small_logreg,0,2,479,d8bcfed355b99213c89ac1a9ff427c6c4b1ed05f140ef324e243fdff43ed062e,no,no,0.8831976586342032,1,1
learned_hands_consumer,embed_small_logreg,0,1,480,01de597cf467f8e74cdcd5967327e64399908a15ce5348852dd9dd952a970715,no,yes,0.7932543754577637,1,1
learned_hands_consumer,embed_small_logreg,0,3,481,6d3f546cc7e65f909112f42a52f7c36c1144c6845909f5c0f68d093fbfcdd8fe,no,yes,0.5758369565010071,0,2
learned_hands_consumer,embed_small_logreg,0,0,482,76ed3dfb2ec9e6a39f0bdd9bfc8057cdacba2af71015e9bdb02dc0313489169f,no,no,0.6421163273488381,1,1
learned_hands_consumer,embed_small_logreg,0,4,483,931e120b8c3a8979cf4a37513bfbbf87c5b064b350a60733e2408dda7477646e,no,no,0.9515786419102941,1,1
learned_hands_consumer,embed_small_logreg,0,2,484,cecaae8addd481078cd53a5a69e5d8da4b6a98a516613269f4137b01782983d7,no,no,0.6847231984138489,0,2
learned_hands_consumer,embed_small_logreg,0,4,485,b07d2a4ff6a8dceaa18e35705a350c09b7e7f46cd67cf1e630b3cf325c46cc0f,no,no,0.9458380937576294,1,1
learned_hands_consumer,embed_small_logreg,0,0,486,012a4657825e2d7e50ec63501a9322690acfd4226e288797e79c2df8d26962ba,no,no,0.6191812753677368,1,1
learned_hands_consumer,embed_small_logreg,0,0,487,20b699538b4fb5aba69b8c97153f171766a2c4674e8e33eac9eebb1206529fe5,no,no,0.673803985118866,1,1
learned_hands_consumer,embed_small_logreg,0,2,488,c837c365cb2af81ad03b9121ec3ef43ab40d330362b3b4a17acbdc6fe37d85d0,no,no,0.9294015557452688,1,1
learned_hands_consumer,embed_small_logreg,0,0,489,ed3eae30ccd079f9f129d55e81fae1839ca02ea3e96d61c56b1ccf55fe84687e,no,no,0.6240740008376241,1,1
learned_hands_consumer,embed_small_logreg,0,2,490,18d65e6e4ac267b954fab721a8d2cabcf4346e461537cf69de5e72f51a7c5a79,no,no,0.8653980493545532,1,1
learned_hands_consumer,embed_small_logreg,0,2,491,1de0c196d21d27621ca7c6e1b0386331881a85a41a05c700ff3c5d698d48eaae,no,no,0.8398262733246942,1,1
learned_hands_consumer,embed_small_logreg,0,4,492,daaaa7023a2b99c5064d440cbb801b79c0f04aca364a814e84dc1c4dfc3865d0,no,yes,0.5253239274024963,0,2
learned_hands_consumer,embed_small_logreg,0,3,493,ba5d6e2c09e4d63bb1beb689879578b510654791dece0cda170619655fbe60bd,no,no,0.9011125765989552,1,1
learned_hands_consumer,embed_small_logreg,0,1,494,0769d7b7837170d8be575bfc0f6247cb8aa473af2eea89363f68c41a10d2c7e0,no,no,0.8735911250114441,1,1
learned_hands_consumer,embed_small_logreg,0,3,495,cc8b2d0978320bbe51dc5e4b1de74ef4b9b277de2e23e12d234df5eb07e460e7,no,no,0.7536567561873311,0,2
learned_hands_consumer,embed_small_logreg,0,0,496,e613741978772ff2af35a8e2703f6574aa51e0f59b958d0ac40bd784a691696c,no,yes,0.5423367023468018,0,2
learned_hands_consumer,embed_small_logreg,0,1,497,30fc1431cc1bd1aa3cf2160a194f94ab74b259ec3b1a245d9a44d4c7cd36702f,no,no,0.938618614355007,1,1
learned_hands_consumer,embed_small_logreg,0,0,498,3e84f9a77980c8201610e1fcd383fac5825e27ba6d5747b53d07a15d820d1826,no,no,0.5803637677539518,0,2
learned_hands_consumer,embed_small_logreg,0,3,499,45f440261959716e956eeb1411ef4686bed9e9775d8fda7f31816a338fa7aa25,no,no,0.9721703926215427,1,1
learned_hands_consumer,embed_small_logreg,0,1,500,3369d09eaa0b33274bebd84d0cf53afc9ebc6dd6dbc8f7ea6cdc98d71324c90b,no,yes,0.6219049096107483,0,2
learned_hands_consumer,embed_small_logreg,0,3,501,310cdecdcb36d755a158b4b234f965e433bc5d653ce95ec34814c492542b6e9d,no,no,0.9570412528845528,1,1
learned_hands_consumer,embed_small_logreg,0,3,502,3f4cf00bdfec2adfe98cd9ed014b1bda2da6b65d534ee0ae60f5a1f4cc7d8bed,no,no,0.9638979255427061,1,1
learned_hands_consumer,embed_small_logreg,0,0,503,bb5add493ea70afa2c752943a32010d534375afbf274f76364f5fd08c8551486,no,yes,0.5621215105056763,0,2
learned_hands_consumer,embed_small_logreg,0,2,504,04a671661b4a945504156fd0073b7bf79e85f7d32382c0d0180634ee46e850af,no,no,0.9015856779757363,1,1
learned_hands_consumer,embed_small_logreg,0,1,505,fd1fe8184fbcfa582a0b2176a6b8d3a33eb68e84c3e941c4565a70212f082b27,no,yes,0.7194120287895203,0,2
learned_hands_consumer,embed_small_logreg,0,2,506,231ee3f5f275519cba825473068fc96cf01d3913b5d14fb747b2bda5abc8ab6f,no,no,0.8724314570426941,1,1
learned_hands_consumer,embed_small_logreg,0,4,507,6739991faf5aa8fa1e6c64dd6d08390a1287fc09742cac2994b33432d5338df2,no,no,0.7670489549636841,0,2
learned_hands_consumer,embed_small_logreg,0,4,508,37ec98dd44986f754e0baa73863d4c9210b359d2ba344ae645cbc8abb39da92f,no,no,0.9392969994404092,1,1
learned_hands_consumer,embed_small_logreg,0,0,509,b49a2505659c683cb11a3df13847ac8045a46adfd8192d2c76391a8803a1f4c8,no,no,0.6712646284322551,1,1
learned_hands_consumer,embed_small_logreg,0,4,510,a8217fa585bcf051c42ce021792455104c0b30538cee9d1851b1d4287e25e0f1,no,no,0.8225249525528409,0,2
learned_hands_consumer,embed_small_logreg,0,4,511,e9985a996c1b2327f2216eff3e962fc84a378f193e0d95ba12e5529bf99d15a9,no,no,0.9761597714158846,1,1
learned_hands_consumer,embed_small_logreg,0,0,512,df1f494b116ab1943fdfa5b41fa750c836fe604c800651280911f0dc4580a3f8,no,no,0.6652122537728472,1,1
learned_hands_consumer,embed_small_logreg,0,2,513,be04d6d56aebd1e9f64044842226e835ae6154a25190109a1e2e0693bee8e9c3,no,no,0.5116215944290161,0,2
learned_hands_consumer,embed_small_logreg,0,1,514,da3a06f0dd47af3a2b4ad51ae4de160a3f203e163224d6995c3218e0611096d0,no,no,0.7696821574914134,1,1
learned_hands_consumer,embed_small_logreg,0,3,515,5c56a2375937744f352e8a6ee8be863d82c01648dadf59d6e0540e4d4cd3aa63,no,no,0.965260841728877,1,1
learned_hands_consumer,embed_small_logreg,0,2,516,77ff7a6cc1e79bc95cfd0df1cf2351b19e130cc482374a04d5967c1a85d54773,no,no,0.7708910473915622,1,1
learned_hands_consumer,embed_small_logreg,0,3,517,4a00c73ae7c6524fa4c17e987d72c3f6fa272236cacd79ed166db4d45eebb2aa,no,no,0.7051794528961182,0,2
learned_hands_consumer,embed_small_logreg,0,4,518,57d7010f1071da7d8e1852e639021c19ce4b58849818194549f19da7d793ed5c,no,yes,0.5264728665351868,0,2
learned_hands_consumer,embed_small_logreg,0,1,519,b0346537dd7db9e6927d457dddb797ca2160ccc494e76289b9cefcedf036ceb3,no,yes,0.7066649794578552,0,2
learned_hands_consumer,embed_small_logreg,0,1,520,c2be9f06745a8c52db0133bd1fd943903f7fbaa625b0d3d34c2fce9d0ae875e0,no,no,0.8359852308633144,1,1
learned_hands_consumer,embed_small_logreg,0,4,521,75d05aaa2c22410aa8b7fffcafce5468bcd99117194cefbea4e1ac86f5f351f4,no,no,0.5760207176208496,0,2
learned_hands_consumer,embed_small_logreg,0,0,522,db05d6507e5e3fa1d10142d3d8a1447182ad4bbba3e4a8370275f7fa482603f1,no,yes,0.5640580654144287,0,2
learned_hands_consumer,embed_small_logreg,0,0,523,0cd164612e455d558e41fa9eeac7cdf9afda934ca9be5ff6ca58723a0d4f1a00,no,no,0.563443439109428,0,2
learned_hands_consumer,embed_small_logreg,0,4,524,64748ff82f5a0b3935c4b036e55eaa3dedc4952ea2df451bb4489eeb560981ca,no,no,0.9351207157242405,1,1
learned_hands_consumer,embed_small_logreg,0,1,525,b84cafbdf8906d4952f89b6677c260f193b288cde9bd9a044da00429a5c1788c,no,no,0.9026348985142656,1,1
learned_hands_consumer,embed_small_logreg,0,1,526,c2c2b5dbf3e12a911a20a8938927cbc7333ac84a79c8659cefb4366be01ff7c4,no,no,0.8895419902320354,1,1
learned_hands_consumer,embed_small_logreg,0,1,527,60c6f915b166a49f3d467e29663aefd916fdb4febc3aed6e9f86dc861d89cdb0,no,no,0.7830320480014079,1,1
learned_hands_consumer,embed_small_logreg,0,3,528,5b8d9992b62967320c49f0330151d6b9b87e86c8b4abbfb6622903ab97a5142b,no,no,0.9369639614676839,1,1
learned_hands_consumer,embed_small_logreg,0,0,529,57d3ccebff848e81befa244f69489b9a171ab42168f6bbc6325439c85b7b0df5,no,no,0.6863772664553741,1,1
learned_hands_consumer,embed_small_logreg,0,4,530,dcc018d1aaf56509688079bc8783b9b23e0de1b677409b02d41284d2fca9040c,no,yes,0.6017186641693115,0,2
learned_hands_consumer,embed_small_logreg,0,3,531,4d5492ff6e79ebaf69bd06ebbeabe63809050a927815a156c8a8972229eba0ba,no,no,0.9192188176687326,1,1
learned_hands_consumer,embed_small_logreg,0,2,532,ca3ecf1c1ef162d48d1f7e17896f1037dde115892608733e846ec86140631f89,no,no,0.6451802849769592,0,2
learned_hands_consumer,embed_small_logreg,0,0,533,0305a9b842d8022160096d7a46730fab12122cf58393b7bcfe6ad6852162bdcb,no,no,0.6821065937844933,1,1
learned_hands_consumer,embed_small_logreg,0,1,534,3d57a7bd684e91a426d743d44a7a8feae1ccc11b7320dc7c64cdfff7f5651caf,no,no,0.8715143799781799,1,1
learned_hands_consumer,embed_small_logreg,0,1,535,f5d5f15ce9ba190a7120001abc42f1cf21e20e7f2a019fd07a91090882dbd6f6,no,no,0.8599216213834044,1,1
learned_hands_consumer,embed_small_logreg,0,4,536,903fd0d792e220feea54ad37c84686d6e6b8e59535fa16d13bc36658f1fc28c8,no,yes,0.9738943576812744,1,1
learned_hands_consumer,embed_small_logreg,0,0,537,9d9b4526cbe24d2a6f2890adb86aace884014a95851e78352d3f4ff1cdcc50dc,no,no,0.5619422793388367,0,2
learned_hands_consumer,embed_small_logreg,0,2,538,30a2b5df9ae4ed2e010f7c2d068372ace7e2577350940484bb48430ae9ea7278,no,no,0.8119877101777153,1,1
learned_hands_consumer,embed_small_logreg,0,0,539,14dd48f8f89acc71cb973a464b51478fbbeeac5361ae069ccdf18c010692573b,no,no,0.7176481699242643,1,1
learned_hands_consumer,embed_small_logreg,0,1,540,60cec153bbc5f214e7135f4d89ed8528e27743234f4739a1eb92e34f1ff44d86,no,yes,0.5995003581047058,0,2
learned_hands_consumer,embed_small_logreg,0,2,541,5588471057013e09e22216f158d5fbdc584f612606d94687c13be4b2e55f5896,no,no,0.5915757417678833,0,2
learned_hands_consumer,embed_small_logreg,0,1,542,dc192552b483d0ac3a6d1651b8e21b40837a9426816d9e3f64498e131d76e734,no,no,0.7014750033177435,0,2
learned_hands_consumer,embed_small_logreg,0,0,543,f1f6e92601fdf06f7ca1a57e7556c20884dc45c096f396b9e825f5e32c0f7a59,no,yes,0.5420842170715332,0,2
learned_hands_consumer,embed_small_logreg,0,2,544,3c76189ba90d25579e258776ba63c3c30d8b7d53a978703cf331ee251b4e5890,no,no,0.7817562222480774,1,1
learned_hands_consumer,embed_small_logreg,0,3,545,43a6bc4480553f9b0a214f75f6d48c8e8ce7abc4b7be882e01a9e9df8108a1b0,no,no,0.9715779278937291,1,1
learned_hands_consumer,embed_small_logreg,0,4,546,3da37e63dffad75b2ee9a58d491a68e212af0b7d71ac858045a8657165bfadd2,no,yes,0.6311074495315552,0,2
learned_hands_consumer,embed_small_logreg,0,4,547,58137e64ac41ed8e7e81d207383d87b5226b5658728837915a21ffd225d0754b,no,yes,0.683907151222229,0,2
learned_hands_consumer,embed_small_logreg,0,2,548,c9760c7df4fc3eb826bfb31e080137911ab35ae7f2295614373536be38ff7a63,no,no,0.7691343059877844,1,1
learned_hands_consumer,embed_small_logreg,0,0,549,f68d2b36b0aa1fe05ff7cfefd1bef8b411b59bfd2547573231a9358ce4a847af,no,no,0.5129740085311529,0,2
learned_hands_consumer,embed_small_logreg,0,1,550,9d038dd0243eecf6b7473c2626d4e82af31cbb7798372022403db2c53aac85c4,no,no,0.7831539511680603,1,1
learned_hands_consumer,embed_small_logreg,0,2,551,1f966f4c818ddbda27cb669513c943ee46d73d5252c0de4770bae3e0b1407c6b,no,no,0.6696884831693316,0,2
learned_hands_consumer,embed_small_logreg,0,1,552,47f5ff1d7bfe7621611a502c23a7ceff9d308e2a1dabd5f29755fb341ed42da2,no,no,0.5143227730489603,0,2
learned_hands_consumer,embed_small_logreg,0,0,553,d4edcad2012a13062a63322c80d9dda6748d539f3ccc68a8ca8515cbf779e532,no,no,0.7257293246469103,1,1
learned_hands_consumer,embed_small_logreg,0,2,554,ba2d5b4602e83fd349fad98b24b38a99bfe1443da99a67d27ba98c8d58a7b182,no,no,0.9335473249371895,1,1
learned_hands_consumer,embed_small_logreg,0,4,555,a6dd6a0f17139acfd501f939d766455a6f082f486b04d50843f5897c950f5a6b,no,yes,0.6226180791854858,0,2
learned_hands_consumer,embed_small_logreg,0,3,556,a1ec095ee15753680fa1dcc2cbce2e048c960c54a4c671af2b889ff01c2a78b1,no,no,0.6485671997070312,0,2
learned_hands_consumer,embed_small_logreg,0,1,557,f50ac2f7ee90df358f730bee0cc541912730af6dc27f334b51ce011788751780,no,no,0.6602688431739807,0,2
learned_hands_consumer,embed_small_logreg,0,1,558,6dbf7b018c755e5418a5bb8020c0e3e0b3b6c2802141270907880a6f7cf37e03,no,no,0.9252680815836215,1,1
learned_hands_consumer,embed_small_logreg,0,3,559,8028cfbd1a2e6305634a58811aaf0ab86462c0aba3c14fb71b4e2d5c466e76ed,no,no,0.9682765115232376,1,1
learned_hands_consumer,embed_small_logreg,0,2,560,9a51675376b7b3914122130018ee7839fc678cd936b6b9ab2de64d3095595d93,no,no,0.7879088521003723,1,1
learned_hands_consumer,embed_small_logreg,0,4,561,46db7874bb17bd0bfc4da9f20d511677c89d9d72e7616f5d2fea321d16a4d2c8,no,no,0.5723177024031371,0,2
learned_hands_consumer,embed_small_logreg,0,0,562,703e4efa32ffec639b9f5832aba111107a1d6a46aa78b9f0bcbf55786e115a58,no,no,0.6905784010887146,1,1
learned_hands_consumer,embed_small_logreg,0,4,563,7deec0af5174e4beb0d092237b7a51ba2fdd2750e9d0d6b70fc7c0a7dd3274b5,no,no,0.9605526018307389,1,1
learned_hands_consumer,embed_small_logreg,0,2,564,9f89ce31649f5aadaf8602b1ec128212bc82f53bdd4b070be2656d39389bfd3a,no,no,0.7242977619171143,1,1
learned_hands_consumer,embed_small_logreg,0,3,565,52c676261b9c0ec1700eb1af704f89bafe5d3cc2fcde6e3e53ec8d62cdd6d2a4,no,no,0.8712818622589111,1,1
learned_hands_consumer,embed_small_logreg,0,3,566,46c570bb238fa00c335738e90e9894fd264ea59da9a43983805ace67cda3babd,no,no,0.9653943217001644,1,1
learned_hands_consumer,embed_small_logreg,0,0,567,0cce10f57330f13a1fa4583d7fcbaea0ea54631244d26f8a6d66cacba2bc5e86,no,no,0.5964096606847745,0,2
learned_hands_consumer,embed_small_logreg,0,2,568,23d530283c7fa6d23eb17ed2448ff4204346f82e1ff6bba839e171c25a835f45,no,no,0.8943628735420321,1,1
learned_hands_consumer,embed_small_logreg,0,1,569,1c260489f250e26aa71f0f67af2d93564ae951b62570cc33391ef77909e9ff99,no,no,0.8116604210683767,1,1
learned_hands_consumer,embed_small_logreg,0,4,570,a069da037392da85deec01ab7ac053f17bb4d2f8fef4cefb41ffe8b522d078f9,no,no,0.9472189333911478,1,1
learned_hands_consumer,embed_small_logreg,0,0,571,524bb5bf6132a668b140a529e1e06fd9231839d3f515499d615f2e3cbc7aed03,no,no,0.6142464280128479,1,1
learned_hands_consumer,embed_small_logreg,0,4,572,698a24f5972ce2399e34b386818b23e9f4e394b92851cbbbd6edb8b88c1afd5b,no,yes,0.951443612575531,1,1
learned_hands_consumer,embed_small_logreg,0,3,573,49f564d4ddfce6dfcee859f3e9357c9ab50ff9c0235c7f8261f86942a80bdb88,no,no,0.9850406160768935,1,1
learned_hands_consumer,embed_small_logreg,0,3,574,3ac0c82ca7beef115b86522a5f5f46bd39ba3538af171995361348eafd9b9e20,no,yes,0.5930092334747314,0,2
learned_hands_consumer,embed_small_logreg,0,4,575,867d8d7d603b8ba49fd2224d4e9a4e31af79cb37a9eadbd99a914e0587a6e215,no,no,0.7950680018941163,0,2
learned_hands_consumer,embed_small_logreg,0,4,576,85d2a625103432a6e270c523b2b82873753c1aadea3a856047d52d54f77d7fec,no,no,0.8845667773144932,1,1
learned_hands_consumer,embed_small_logreg,0,3,577,710dc3cc876b848944aa42d1a09e59b9090754a8d9bd4a8ec6a95c1d915c9b4a,no,no,0.5045634508132935,0,2
learned_hands_consumer,embed_small_logreg,0,0,578,085d8a8bf0abb16a3a525ab8ae49de081115d9b133ea5c0286dcc920fa1332ce,no,no,0.5984867989565968,1,1
learned_hands_consumer,embed_small_logreg,0,4,579,b22ac3b6da6efba6a1c054601441ac802d6282b2f6c93b97b3f41378a9f9df7c,no,no,0.911155104637146,1,1
learned_hands_consumer,embed_small_logreg,0,3,580,a0a8970a8f7abab6606c6c0dc4e4ed89f48960d36710902cbf788bcae8d59835,no,no,0.9724887700051886,1,1
learned_hands_consumer,embed_small_logreg,0,3,581,c830685ae56b6f1b2910c6ab5de01bdcf3e93705d4ae3850481e9ae6a7ec59c8,no,no,0.9942217921740955,1,1
learned_hands_consumer,embed_small_logreg,0,0,582,a2b8614a6474da04bbec6a1b3421b6c93d315cc44e8958073d1b9652801f4710,no,no,0.7033035159111023,1,1
learned_hands_consumer,embed_small_logreg,0,1,583,2fd3a1b7a973326e591034aa7863f5b09e42e05bb1e3f9d6cc311428d449d4f4,no,no,0.8021013736724854,1,1
learned_hands_consumer,embed_small_logreg,0,2,584,f221ac70290bacf70893417c277b4fb7396aa9262713ef18f437e8c1e5da3bcf,no,no,0.5962321580579234,0,2
learned_hands_consumer,embed_small_logreg,0,1,585,a1f95e95ed3bf1df04e2d7306db27c5cd135ef9ea77def78c12cf2c81619e8c3,no,no,0.7751308679580688,1,1
learned_hands_consumer,embed_small_logreg,0,3,586,2ce709e73ee4451d404c5cdc00ea37833fee0b356b8f16d76ff2479b2cbd353b,no,yes,0.8661811947822571,1,1
learned_hands_consumer,embed_small_logreg,0,2,587,618c4d63aaf62f407f26f35d636080cc1e0a032d82f4d1e04c0fb1cf65048718,no,yes,0.7722545266151428,1,1
learned_hands_consumer,embed_small_logreg,0,4,588,4f6bc5578f8ddb17d988262058901424533577bd28369751a61118a761761e91,no,no,0.9159696629943723,1,1
learned_hands_consumer,embed_small_logreg,0,4,589,a9192bcdf65d01e592abf6f0b177a9853ed1c4a2b0ee8742dab11341eaee29d1,no,no,0.7062034010887146,0,2
learned_hands_consumer,embed_small_logreg,0,0,590,067cce98506849a73d82e859c38940708382620ea642806d23cbb8de5187231e,no,no,0.5176470279693604,0,2
learned_hands_consumer,embed_small_logreg,0,1,591,b576cd2ec8f9c40c2bb0abe987f064c2f9f1c25f94d4565ddd83377473d48859,no,no,0.8672851065610317,1,1
learned_hands_consumer,embed_small_logreg,0,3,592,5913bc49040be5c85504a852ac0a112f8e7e340d2c39fb67d7067ee3450e5e13,no,no,0.8824156719986127,1,1
learned_hands_consumer,embed_small_logreg,0,4,593,a25e7edfa72a41526ddc2db76023d27c2db12a24984d2e5a716da973b523f27e,no,no,0.9668413544720613,1,1
learned_hands_consumer,embed_small_logreg,0,4,594,d10b6556e2004b51129b987f5c4531830e2b0822cf2d7017e10a5414707669d9,no,no,0.8513021595970118,1,1
learned_hands_consumer,embed_small_logreg,0,2,595,d6d5572c752218b14019ec07e189728c9b3ddb8d34c3d70488fe782cc31aa988,no,no,0.9233713952460452,1,1
learned_hands_consumer,embed_small_logreg,0,1,596,07573b273be6697368d57299de8abf31240b9402c15219c81c2ee8f9a7f2aa62,no,no,0.6346352100372314,0,2
learned_hands_consumer,embed_small_logreg,0,2,597,6dc6cf31b2c1894f7bcfb26a493a4e5756971e007f5e7be26036cf50c17d7eb4,no,no,0.9046754240989685,1,1
learned_hands_consumer,embed_small_logreg,0,4,598,7aa6dcf85749745744d1eb12d07f65d4b80960c401365645658ffdacc98c266a,no,no,0.7638891935348511,0,2
learned_hands_consumer,embed_small_logreg,0,2,599,5d91de0107b67446aed45672dcfdef4f58baf8f1c037cbe894d9bb1e9578101b,no,no,0.8173368451396101,1,1
learned_hands_consumer,embed_small_logreg,0,1,600,684294f8c7abfb0278d36770f016d23248fd859f28c36cd2400da167f3b2b1ee,no,no,0.8037775278654327,1,1
learned_hands_consumer,embed_small_logreg,0,4,601,241cef5b8e4490252fa54625f6d6db8138d2f2b6887914926c4714fe63225592,no,no,0.7574537992477417,0,2
learned_hands_consumer,embed_small_logreg,0,3,602,264bdc1770e2864da6160b2fb689ad40913ffdda9bc24da7cd4f73e375da64a9,no,no,0.9744324466340442,1,1
learned_hands_consumer,embed_small_logreg,0,3,603,8b25bda48a03414701e65d70dfe129b08d8a1fffbfd6d253c4f8eab80b8e7ef4,no,no,0.9881536794949638,1,1
learned_hands_consumer,embed_small_logreg,0,1,604,a98c95b8dc90508ce61bca07aac73b3000d782c3e8bdb2d8094fa8851213e843,no,no,0.5912236151463871,0,2
learned_hands_consumer,embed_small_logreg,0,2,605,2e2dab0aa3f72da243e332c4316fe221543965532bf45ff04017e1820a01ffa5,no,no,0.8869971765130338,1,1
learned_hands_consumer,embed_small_logreg,0,3,606,f898c42315c66b3c1b4818313a33706910ac2498fef748ca5f12df32ed4ea670,no,no,0.798356747676231,0,2
learned_hands_consumer,embed_small_logreg,0,0,607,edf5ecdbda4cb86f3f4fd1969bf42ba5a7eededc822406ff5bcdbad487d0ebc0,no,yes,0.633047878742218,1,1
learned_hands_consumer,embed_small_logreg,0,1,608,41d5caaade46df5dd642cfcc5a1c383a53ea033ab68bf9753d941c8fa472857d,no,no,0.8523757457733154,1,1
learned_hands_consumer,embed_small_logreg,0,1,609,20cf2204cfad79c36173c2020ce3d9d1d7bfe049a4659016961fb1f7d34524d8,no,no,0.7909087178381895,1,1
learned_hands_consumer,embed_small_logreg,0,4,610,0970bb84fe7a7ae10755b3ff8e069375c894baa731baadab88c5b85d95df1cc1,no,no,0.9849819146744927,1,1
learned_hands_consumer,embed_small_logreg,0,4,611,53722369d56a509c380ff23472de54953b911d83728e74087c7864d9bf6c5d11,no,no,0.581719696521759,0,2
learned_hands_consumer,embed_small_logreg,0,3,612,dc4a5fdc229e8eb8b4651e9829068c4a686c371d36c72e2ff9486195b6f27065,no,no,0.7370806336402893,0,2
learned_hands_consumer,embed_small_logreg,0,4,613,1b06f4f278599f2a5f0149ed64529530669a8a3934e0d4e09cf02e4eb40c20b2,no,no,0.9733211452513252,1,1
learned_hands_consumer,embed_small_logreg,1,3,0,a379a87ff3cdf868abd2168b8f7f1448c858c1c0293a0324128a1f9795c2495c,yes,yes,0.9820167422294617,1,1
learned_hands_consumer,embed_small_logreg,1,1,1,191f0937cb2c89fc2ee6de2cf962022796a21348bccce723e58dff5138f4aa85,yes,yes,0.9322011470794678,1,1
learned_hands_consumer,embed_small_logreg,1,4,2,23e415128308be018936edfbe782216c59135a5373afcc67391ab30b99e4fab4,yes,yes,0.6876399517059326,1,1
learned_hands_consumer,embed_small_logreg,1,4,3,d020ae25740133b72d326d57b58504372281f70e6def4d5a95655465a0e91468,yes,yes,0.8491773009300232,1,1
learned_hands_consumer,embed_small_logreg,1,4,4,7505269b5e689b850bf04d86c3aee556710bf7ed7473e80bb32cbf4ef909b78b,yes,yes,0.8493320345878601,1,1
learned_hands_consumer,embed_small_logreg,1,1,5,ebbf5dce638a03352aa5ce9e76ea526855fc19fe426785e9d74da0b972447b56,yes,yes,0.7653446793556213,1,1
learned_hands_consumer,embed_small_logreg,1,4,6,3682fd0cb52ef152a5e499e4441ac3d86a735973de9e3062a809fc58d80f083a,yes,yes,0.7269608378410339,1,1
learned_hands_consumer,embed_small_logreg,1,3,7,a1352482ea4516a24b594ccbf2ed311516cde0785a8edf4e41b8b20657074dd8,yes,yes,0.925629198551178,1,1
learned_hands_consumer,embed_small_logreg,1,2,8,5655b74e200dc643bf62729b26c6760f786b1d110abd671cd8122c5d567f2846,yes,no,0.8301062111572357,0,2
learned_hands_consumer,embed_small_logreg,1,3,9,30f3878dfeeec4bffed1d8ed0fd2feaa3165fc8790712d0e6c993ba632a91571,yes,yes,0.7246285080909729,0,2
learned_hands_consumer,embed_small_logreg,1,2,10,ff770b8fb5998da87b58b103e84a37ec674949fd2d8708f87b7aa392185f98be,yes,yes,0.9307694435119629,1,1
learned_hands_consumer,embed_small_logreg,1,0,11,025030168186d6dca4ceeb0def0c282fcd27d1c293abe1a0d6f41c0ae9ae34dc,yes,yes,0.6983071565628052,1,1
learned_hands_consumer,embed_small_logreg,1,1,12,241960fe59164730ab7f2221e78ff75ddf5d07ef6b0c664c078d091bc787b69c,yes,yes,0.8691836595535278,1,1
learned_hands_consumer,embed_small_logreg,1,1,13,ce32ef1dbe79dfac3d0eec018d4e7404296ad6ab06b519aef7132243fecc9c2e,yes,yes,0.783524751663208,1,1
learned_hands_consumer,embed_small_logreg,1,4,14,3a9f35dbcf5d11d5980a668dd0ac8a317654d4e4f8ee28518fa931a589f5ed3d,yes,yes,0.6130213141441345,0,2
learned_hands_consumer,embed_small_logreg,1,4,15,62ffb1bca214412111ca15a5cb79aed8c39b77ae8e4a9734a85ca66376cdf151,yes,yes,0.6651294231414795,1,1
learned_hands_consumer,embed_small_logreg,1,2,16,74157c44430c0b4b913dbef04b5bcc2e60d6786f1fce50cbd1fb74740cbfcbea,yes,yes,0.9061691164970398,1,1
learned_hands_consumer,embed_small_logreg,1,0,17,2dcefce119cd3d52ce0b2dd55dba49a2d705592c989511a60ca5ff2fa62bd783,yes,yes,0.6450899839401245,1,1
learned_hands_consumer,embed_small_logreg,1,1,18,e4b36f1dffe74a33bc589ff139dca6b75d8c5d7bd1414fcbe7ff483736a80e24,yes,yes,0.7288841009140015,0,2
learned_hands_consumer,embed_small_logreg,1,2,19,eaecc316a32deb54a2e35ad55d5930bded5cb828eee671ec1a4d6c298e93f0ea,yes,yes,0.6645783185958862,0,2
learned_hands_consumer,embed_small_logreg,1,4,20,ed6f10e3e2d4af3a7f61f4ac8ca3c539ade9d2b7250defd67063ea3a59ec18c9,yes,yes,0.8199632167816162,1,1
learned_hands_consumer,embed_small_logreg,1,0,21,8770b696e9d75ce623853da32ab9c2fc409af163cb781c02986c01c726cb8581,yes,yes,0.5238906741142273,0,2
learned_hands_consumer,embed_small_logreg,1,1,22,5f6fe96a0c85f05ef1bd1209d12d8a5da80ec0b8df76281b71b291bb0bfe1477,yes,no,0.6446554660797119,0,2
learned_hands_consumer,embed_small_logreg,1,4,23,db86e2ed5ca09bd43e5c1153206c84ac6670851f84c6f0c29b6ccd1eb0deb1e7,yes,yes,0.6962949633598328,1,1
learned_hands_consumer,embed_small_logreg,1,2,24,f544e710a36c5f8952ea27c89f4b8d456410ad33abcdeff8bb5ab956f30c76bc,yes,yes,0.9743503332138062,1,1
learned_hands_consumer,embed_small_logreg,1,4,25,ffe0635de5f1a7973b85a3b70ea8e03cb5b1567c2d2995c39b15468f910920d7,yes,yes,0.8670874238014221,1,1
learned_hands_consumer,embed_small_logreg,1,1,26,1c5d518541a4c3c72210f1d1640f265a1ed467b09e8fd9920e0ced3c2a2e237f,yes,yes,0.9422056078910828,1,1
learned_hands_consumer,embed_small_logreg,1,1,27,847d90720ffa65caeed18bca722c31a7e6ad6690535571373c7cf5484024b4f1,yes,yes,0.6647990942001343,0,2
learned_hands_consumer,embed_small_logreg,1,3,28,826850ee19189639a241888830f2095a605677489c15835a9633e2a0b1ac6a64,yes,yes,0.744491696357727,0,2
learned_hands_consumer,embed_small_logreg,1,0,29,8bf45813b8f64152745c4302a8fe3d28ad3a521ce8400337d150f52d7679c073,yes,yes,0.6282833218574524,1,1
learned_hands_consumer,embed_small_logreg,1,3,30,eab22a84a1d27762ebd956ab7c150792e31d45b69c081b1042ce94bb9f5db787,yes,yes,0.7785628437995911,0,2
learned_hands_consumer,embed_small_logreg,1,3,31,0d9289d67324c71b1a8459504ea7ea7d8593bc88c6baad910d98ae12b894b961,yes,yes,0.8622678518295288,1,1
learned_hands_consumer,embed_small_logreg,1,1,32,28de51fe26d760b562f7dd240c576dd29c1dcd24a3821f27045c03e1695ce0c4,yes,yes,0.6968168020248413,0,2
learned_hands_consumer,embed_small_logreg,1,2,33,6ce4033081e30de899b1011a4c082e82532b4c8f2afae23aed1a9b31dfb4eadb,yes,yes,0.9667033553123474,1,1
learned_hands_consumer,embed_small_logreg,1,2,34,fe949d0e8bb0a6f67a12ee28fec1d49ebc38d613057ddbd9e9742ce374e5a92a,yes,no,0.7623364811787534,0,2
learned_hands_consumer,embed_small_logreg,1,4,35,c207ce030682bc8ba0e7590a8ef0dd99c16b1b16665aebc82ab525877c2593a3,yes,no,0.7278183698654175,1,1
learned_hands_consumer,embed_small_logreg,1,4,36,8ee486f22362d8e55009981db61b71a034a94793fc615ef6c369c92e25d8621a,yes,yes,0.735627293586731,1,1
learned_hands_consumer,embed_small_logreg,1,1,37,bf327cac5ea3a5c8ae4b1fa4c6aa053fb3e0494255dfad320226fae0a94b91af,yes,yes,0.8085548877716064,1,1
learned_hands_consumer,embed_small_logreg,1,2,38,d5599f345f2efcc9997c702cf325c78c55c774947409f903377c2d84a3c8bc07,yes,yes,0.9721915125846863,1,1
learned_hands_consumer,embed_small_logreg,1,3,39,574fc09c7649af91d62597783fce341ddacfa64d9567f02c1c1d30d6a45410d3,yes,yes,0.6057173013687134,0,2
learned_hands_consumer,embed_small_logreg,1,2,40,46fe2b35c88c955d03ff315dfce3bb7c880b33d4409029f9ff6042df0194686a,yes,yes,0.9429951906204224,1,1
learned_hands_consumer,embed_small_logreg,1,0,41,f5d2007ecaaceed6f700b3e50cfa67215480af67ec2a87afea71cf1279ebec05,yes,yes,0.642243504524231,1,1
learned_hands_consumer,embed_small_logreg,1,4,42,01f1c668540d25f929d2e86cf0c94ebff90e0049c2f9c72bd85b0e900e0d7495,yes,yes,0.6272233724594116,1,1
learned_hands_consumer,embed_small_logreg,1,4,43,1d86013431ea866bb8f9c95e610c8a4080348f326588f325da4a18706ada5429,yes,yes,0.7111615538597107,1,1
learned_hands_consumer,embed_small_logreg,1,4,44,bb18ab83285db7bc8dcf60f8a3ce1cdf2bd7debb099b953f662ddb9f8b38c2a7,yes,yes,0.796011745929718,1,1
learned_hands_consumer,embed_small_logreg,1,0,45,16a3215ae403198891fd8dc9a2a417f75f8728d8e7141fcfef231668fdb5ab3d,yes,yes,0.6105533838272095,1,1
learned_hands_consumer,embed_small_logreg,1,3,46,4439bed3fc41d7b9c8ab09ef918fda1428dd5d823121216ce107959cb0dd4294,yes,yes,0.8460267186164856,0,2
learned_hands_consumer,embed_small_logreg,1,3,47,0b3c04d83b29cbb3a2e22807f4dae94c87c8f2b395036f54911c5754a4c47017,yes,yes,0.5631851553916931,0,2
learned_hands_consumer,embed_small_logreg,1,3,48,22a293b5746bac59ac00ea57d239b6ac359d9156a1ec0715abd762c84fede43d,yes,yes,0.8128194212913513,0,2
learned_hands_consumer,embed_small_logreg,1,2,49,c4c2bad785e53ccb9b321d2c63b8faff89f92b5a2cdcf0736b057e7e8e719879,yes,yes,0.9299995303153992,1,1
learned_hands_consumer,embed_small_logreg,1,2,50,014d339ae8d5fa4f98805d09f90eeeceed4b7762a40914f0ab3d4313182186bc,yes,yes,0.9734050631523132,1,1
learned_hands_consumer,embed_small_logreg,1,3,51,e7c14e7458d8da99796ba9c88de59853c6a65ab37d90d24358671b503b06100a,yes,no,0.6796982490926459,0,2
learned_hands_consumer,embed_small_logreg,1,1,52,fc726439af49d4188b72ee0e9adc0c39a6dd739d7612fcaa8485f57a5706e876,yes,no,0.5335719744435541,0,2
learned_hands_consumer,embed_small_logreg,1,0,53,eec25d963cdf3c5408e24c25c1ec3ce4c8b7063821931ad7747c587b4dd8f3ed,yes,yes,0.5409594178199768,0,2
learned_hands_consumer,embed_small_logreg,1,4,54,dcae1fbe99948ce3f328592769d0490ed52f89cb9a04fb61ed7eb8f822e0ef89,yes,yes,0.712003231048584,1,1
learned_hands_consumer,embed_small_logreg,1,0,55,ec7dbe0d74d55de6c88312082e78da6a9a98966b97acf9fa7c9d9202b2fcbe6d,yes,yes,0.6544603109359741,1,1
learned_hands_consumer,embed_small_logreg,1,0,56,d8912fee3a18d2f57b6bb3a91a58414523442ec0294398e0adbd9fa8b241b33b,yes,yes,0.5442003011703491,0,2
learned_hands_consumer,embed_small_logreg,1,3,57,f87c51747534d2868b590819e8df1acd5dbdbe3015ba30f49aa700ccfaff8b97,yes,yes,0.9902691841125488,1,1
learned_hands_consumer,embed_small_logreg,1,3,58,aaf2efb2b98403731588f69a234f9628c7cf0a6e41dc5e4d493bf3cc98491abd,yes,no,0.8204777714538907,0,2
learned_hands_consumer,embed_small_logreg,1,3,59,8401deb1d2cdca16e4beb605dc74617b796161236d4fabf6b119671c60390e46,yes,yes,0.950462818145752,1,1
learned_hands_consumer,embed_small_logreg,1,0,60,0141cccd8167fda3a53db3bc8a9c9de38ab73039aee125ca5d456f83efb3f060,yes,yes,0.6635614037513733,1,1
learned_hands_consumer,embed_small_logreg,1,2,61,9539303909111ff48458f893819b6c4d82471c51d35262c48791eb4281d5a6fc,yes,yes,0.9407243132591248,1,1
learned_hands_consumer,embed_small_logreg,1,4,62,0d9042d456d2e30348acf77b2105fef878d17d0c8ce75d13775d81f13023733b,yes,yes,0.8684701323509216,1,1
learned_hands_consumer,embed_small_logreg,1,3,63,d351e0b84bda59ef89f0bf473a631f614d498349dffaab3bb47d4611faad2257,yes,no,0.9205109682793386,1,1
learned_hands_consumer,embed_small_logreg,1,4,64,087225dc844ed506b918ed1ed8cb4919b62e15999a35bc72ef5f3e438535329d,yes,yes,0.599092423915863,0,2
learned_hands_consumer,embed_small_logreg,1,2,65,8cc2e66174e528599835446e6f69bf213ec59da343e4da74a215a2d7e47df358,yes,yes,0.8477340340614319,1,1
learned_hands_consumer,embed_small_logreg,1,0,66,10c9dca4735480772f9fa371b9c9695f8d7449b8c64df6abd309125cc20b2e6a,yes,yes,0.6939998865127563,1,1
learned_hands_consumer,embed_small_logreg,1,3,67,4e9fb39ce82c9a0c8db9edda73b0a08dbe1fee6bde6735bb0599991149c9cceb,yes,yes,0.9752196073532104,1,1
learned_hands_consumer,embed_small_logreg,1,0,68,6a7e6c881869b757c8e7d36f73f227b987ce5b3ad9363a56d200edfa24ffcded,yes,yes,0.6396673321723938,1,1
learned_hands_consumer,embed_small_logreg,1,4,69,7599dea223674f198ca8bd7b449a8b363e958ee58ead42c5f7026c558eac1915,yes,yes,0.6388041377067566,1,1
learned_hands_consumer,embed_small_logreg,1,2,70,7f224054d39f18cdd6646ad519ae236db20d9acc51e2a2366bf146920bbd208f,yes,yes,0.9843866229057312,1,1
learned_hands_consumer,embed_small_logreg,1,0,71,96ea4d954d1b6446c71d74a769dd614b7dcf83261e50056d6e62e7ca102d5401,yes,yes,0.6288158893585205,1,1
learned_hands_consumer,embed_small_logreg,1,0,72,3defdb305691fca997369ad61eb4c2cc9ad5737f73633b9997bca6b3b68dbc70,yes,yes,0.7011535167694092,1,1
learned_hands_consumer,embed_small_logreg,1,1,73,ea88a64bd77d6c33327a9e3a56bdeab16edfcc94d3ad1f6c811e233e9cf1a4e6,yes,yes,0.7771901488304138,1,1
learned_hands_consumer,embed_small_logreg,1,2,74,1cb2a54d0c572842c9666556b4f9d68ac569dacc5ff14c26a9deb40b00297490,yes,yes,0.5511593818664551,0,2
learned_hands_consumer,embed_small_logreg,1,1,75,3145ed790491a1b21c800dff9616114d2f77be8dbdbc044f4fcf7b15608d7aeb,yes,yes,0.8879203796386719,1,1
learned_hands_consumer,embed_small_logreg,1,2,76,bc58560238d37dd7bb637d6eed992896abc2e8646e56eb8dac0dd8bf4106576a,yes,no,0.6318723967113377,0,2
learned_hands_consumer,embed_small_logreg,1,2,77,9a5c75e417971c21fe00a89d52819a28a8d393fb332863c7f844a2f728e1aa47,yes,yes,0.8556881546974182,1,1
learned_hands_consumer,embed_small_logreg,1,3,78,7effc09d90b5d4a003218cec4356f0109765847fec64e4393bdf14682528fc56,yes,yes,0.9801335334777832,1,1
learned_hands_consumer,embed_small_logreg,1,1,79,bf7fab3a472a85fba5cacc610acd4ae413064fb5929efe63047e35beca2837f6,yes,yes,0.8164795637130737,1,1
learned_hands_consumer,embed_small_logreg,1,2,80,b9fec9f38f97749033ecb64442eb36f3ee2e3a80cd28ded964ba3b542608ed08,yes,yes,0.9729881882667542,1,1
learned_hands_consumer,embed_small_logreg,1,0,81,a86e6ca3f4d275c0420ca0ee4600f15f0b78e34c43b877bb58dfb44c56f07ad2,yes,yes,0.637674868106842,1,1
learned_hands_consumer,embed_small_logreg,1,3,82,e2dda0a5ede9ada6a285c131669076df0764c2b88c1c2001ae078a17d88fc168,yes,no,0.9779168835926462,1,1
learned_hands_consumer,embed_small_logreg,1,4,83,9d3a029d590c2c8aecbc4df458d911be15fcbef421678b9ef52d1281119ef933,yes,no,0.5057437419891357,0,2
learned_hands_consumer,embed_small_logreg,1,2,84,0a86c2677e444a84373fb5de0aa2e100762432bf73d0ed3e92ef3f2f584504eb,yes,yes,0.9221271276473999,1,1
learned_hands_consumer,embed_small_logreg,1,0,85,edf4479c78e0f0664620607e8ab699c2cf70b3f949ebe5b6e2a5e65f56f24fa0,yes,yes,0.6847818493843079,1,1
learned_hands_consumer,embed_small_logreg,1,2,86,a446c13b6a95e774dc7f399a94c473901184d9172d42d8f4db7362cdb059e191,yes,yes,0.5032336711883545,0,2
learned_hands_consumer,embed_small_logreg,1,4,87,90d67e6b76ef21ed8c1dc58bfbdcc24aab8e1dd728ebdafefc643a1e3c6bc74c,yes,yes,0.6086307764053345,0,2
learned_hands_consumer,embed_small_logreg,1,4,88,e0f88567e0733cdaf8c918330d9139891158680d5be3cc3fc4577a4e79c67cdb,yes,no,0.5302100023564695,0,2
learned_hands_consumer,embed_small_logreg,1,2,89,4c96db2e33b6cc4900b1f80e86334c0d0f97a10b76baf6a5fac96558a449fa07,yes,yes,0.9429309368133545,1,1
learned_hands_consumer,embed_small_logreg,1,1,90,08c27d740cbffbaf24d70ad9cc2f4538941c1e7ccba03ba15eacb0c43fe8f6a3,yes,yes,0.8068402409553528,1,1
learned_hands_consumer,embed_small_logreg,1,4,91,123e686fd8c78b602b0952ee8aacebb8f2a451c8d2c2f716072c6c0780e88a8c,yes,yes,0.7650420665740967,1,1
learned_hands_consumer,embed_small_logreg,1,2,92,61088df3abd8799b2cb0b2a50547fabab33f53e711b6bf0e51ad8eee1f9886f8,yes,yes,0.7105692625045776,0,2
learned_hands_consumer,embed_small_logreg,1,3,93,245581fd1773d7336f3fbd519ea0ad635746b96c3ef3c64c77d8fe969f404345,yes,yes,0.9695999026298523,1,1
learned_hands_consumer,embed_small_logreg,1,3,94,0935c35b8f85a7acb661025d20f4077750c9420cbe5f2d6cb6c1f5e62a4cd9fc,yes,yes,0.6913654208183289,0,2
learned_hands_consumer,embed_small_logreg,1,2,95,8b2b428ed3082708aebc90d3e95493d6b01fab537f0107c5604932ba617141c5,yes,yes,0.9710067510604858,1,1
learned_hands_consumer,embed_small_logreg,1,1,96,46b3b836673160a90a211860286b914eda2a3ef85f0eb63bd10cacc7ea5f0f02,yes,yes,0.9231625199317932,1,1
learned_hands_consumer,embed_small_logreg,1,4,97,8c8ab92472440d5e8d77d4f562ff2df1e24f26dbf33e2f219ed51d9ffe2ed9e8,yes,no,0.6084302663803101,0,2
learned_hands_consumer,embed_small_logreg,1,1,98,f84ae3cfea6e268f60d53f2fc2105cabc35e7c1bc60594c254b8a5b9ebb95c52,yes,yes,0.9430574178695679,1,1
learned_hands_consumer,embed_small_logreg,1,3,99,5a061ea8f86d69941bb8f010a9102517e2e50e8a6e7f043b2a65a9beeb5b2a5a,yes,yes,0.7548072934150696,0,2
learned_hands_consumer,embed_small_logreg,1,0,100,a0b66eb40941e4afabf26cc61164bd17ae4b404900827ee613063156c3fcf1f6,yes,no,0.620521068572998,1,1
learned_hands_consumer,embed_small_logreg,1,1,101,d69eab546563939e27e3b5c4bf71ed21aa8c08a685f2dc211a8611a8734cdaac,yes,yes,0.7928939461708069,1,1
learned_hands_consumer,embed_small_logreg,1,0,102,13c1947392729839a6ef7e019584b3baf576db1a026c6cc363f97f9be6b55b7d,yes,yes,0.5314974784851074,0,2
learned_hands_consumer,embed_small_logreg,1,1,103,2db3f4de10f8e3c93f180c1cec9ec1036a8cfb696152a003910f4876349b5563,yes,yes,0.9350946545600891,1,1
learned_hands_consumer,embed_small_logreg,1,2,104,9d141e84a47e429ebf8c9be15a716519a789f6ecfe2635d6742bcc1589887b61,yes,no,0.5550245046615601,0,2
learned_hands_consumer,embed_small_logreg,1,4,105,f2b40bc0dd711fca9b42c004ced8b6a7f8400023cc7f44239caee4f44359dde4,yes,yes,0.5204495191574097,0,2
learned_hands_consumer,embed_small_logreg,1,0,106,d5dcc520e7691c72d4f4bcf6d67cfa74c856d631a5a6c4904f730332b192f920,yes,yes,0.5270897746086121,0,2
learned_hands_consumer,embed_small_logreg,1,1,107,da0684c959dcca3dab601174a68db1954a8db19f75ad96cecdb7b9319c828539,yes,yes,0.6529722809791565,0,2
learned_hands_consumer,embed_small_logreg,1,3,108,0e7608581b6f65860575a915b9e6d3ea3ba463ac7392a783effab47b7c6ed2b6,yes,yes,0.6892610192298889,0,2
learned_hands_consumer,embed_small_logreg,1,4,109,3b14007f0368858c49628d89f7a4ac4e05912114c121069f929f093267da692c,yes,yes,0.7939456105232239,1,1
learned_hands_consumer,embed_small_logreg,1,1,110,83a75ee006bb31d8db282260e075860f781be2246f81074adfc047c6debba47d,yes,no,0.6909100803461647,0,2
learned_hands_consumer,embed_small_logreg,1,2,111,d140e8b5cef58e3c07015a3be1003d6d67dda0e1681f40a4b5b23a3a143236ea,yes,no,0.9416583495837942,1,1
learned_hands_consumer,embed_small_logreg,1,0,112,fb04a608b72b2b2e616ef5e9aa6ca1fda0b73c81a00bd51339a60f7ebb9349f5,yes,yes,0.6467575430870056,1,1
learned_hands_consumer,embed_small_logreg,1,2,113,5ebb5e29b015223682853139344a5e2422b009ed368ed22452f4ebe96b314797,yes,yes,0.9426751732826233,1,1
learned_hands_consumer,embed_small_logreg,1,1,114,7e315bac1e39325f317709b5955292bc75939640e3b8f10ba3c11050930647e1,yes,yes,0.8307596445083618,1,1
learned_hands_consumer,embed_small_logreg,1,0,115,0d7f2c826f6a0fc0a9404989d5d4b5cc6d7f2f516c1f069e5bf8d31ee7e817dc,yes,yes,0.6192607283592224,1,1
learned_hands_consumer,embed_small_logreg,1,3,116,7e75b01067a2ec4ca8c403b389118d896ccf66db535b144a3c54bc98c1c2e246,yes,yes,0.6251911520957947,0,2
learned_hands_consumer,embed_small_logreg,1,3,117,a3e66362096eb8059a216e47a87cdd7f3f944d1ccbc606f30cfbe1cc424e0594,yes,yes,0.8893885612487793,1,1
learned_hands_consumer,embed_small_logreg,1,2,118,d3308da62008ec5ef18494df94f73a4585ed31e1c8e69ccc9e25e76cb56d42a0,yes,yes,0.9218305349349976,1,1
learned_hands_consumer,embed_small_logreg,1,3,119,e07a44cb806545635aac341cc0946afd7d71c3619844a0ec08545160df03cbdc,yes,yes,0.5909667611122131,0,2
learned_hands_consumer,embed_small_logreg,1,0,120,aedceca2ca38055764eb4ff944a3a150057788281d1c3739f5e785db00a9e719,yes,yes,0.5115684270858765,0,2
learned_hands_consumer,embed_small_logreg,1,4,121,ca458586d811f25c02f1f39cf55f75b65071bd2ddc79fd97b0d5be9eb8e5312c,yes,yes,0.8351939916610718,1,1
learned_hands_consumer,embed_small_logreg,1,0,122,fce48e30fc0ea1058c42d4b4e3fc772fdd46a3060633bca5f371f122fc5aaef5,yes,yes,0.6456572413444519,1,1
learned_hands_consumer,embed_small_logreg,1,2,123,02bd80d2b643617360d685b497986a8637dc26275c2ea6a626b69de253d164e7,yes,yes,0.9519306421279907,1,1
learned_hands_consumer,embed_small_logreg,1,4,124,af3d9c10fbb3296fa6a040f3015c474aaa8ae09177f6fe2e775fee3e584f996d,yes,yes,0.7110317945480347,1,1
learned_hands_consumer,embed_small_logreg,1,0,125,73e4bc727ab5dd4600aa1647320d964c9a52dc7767744c8d074cebcd901f6c05,yes,yes,0.5134426355361938,0,2
learned_hands_consumer,embed_small_logreg,1,3,126,0bdb8221f4d44b38dc8782e0b56035bbdd3a7e6fc2df17d22f1a5c863bc46075,yes,yes,0.9544461369514465,1,1
learned_hands_consumer,embed_small_logreg,1,3,127,90fe4003a641d7cd2ed6a00150556d083b23fe1e24e75ebb94ecff4d843c77e2,yes,yes,0.8000769019126892,0,2
learned_hands_consumer,embed_small_logreg,1,1,128,155678c2832cdf4702db15b523f143f1ac784cffcaf58c1a1dfe33a97611eb8e,yes,yes,0.8354762196540833,1,1
learned_hands_consumer,embed_small_logreg,1,2,129,aec3c6407d02ce2d3b4abd591e08891c236a8a8989e7ad72020a4b7b777fea78,yes,yes,0.7273061275482178,0,2
learned_hands_consumer,embed_small_logreg,1,3,130,1f2af78776193434b3d71d59e47e0a24bc7439537dae7643126e174f05f8a690,yes,yes,0.7469470500946045,0,2
learned_hands_consumer,embed_small_logreg,1,3,131,ac3dcaa7b7faf827da8c14b3bfd03c0f8d36bbd129920232b5775c57ebee5322,yes,yes,0.768599808216095,0,2
learned_hands_consumer,embed_small_logreg,1,4,132,8de39616285bfb13eac266c45a5691cad8963031bb495c5ffff384303ac2e317,yes,yes,0.587655782699585,0,2
learned_hands_consumer,embed_small_logreg,1,2,133,df7cebc19279cc1176c76578d13d5634b4ee220d4093d6b4e048fd1f74811db9,yes,yes,0.9178115129470825,1,1
learned_hands_consumer,embed_small_logreg,1,3,134,b5412b723d0181549110fa8dd79485fa5238dbc7e264272da705dfe9c7f066a8,yes,yes,0.9442671537399292,1,1
learned_hands_consumer,embed_small_logreg,1,2,135,e802649c8e6be5fbdc4e7ec755757e95ba836ac949c022f0081c1fcb1cfa00b0,yes,yes,0.9921988844871521,1,1
learned_hands_consumer,embed_small_logreg,1,2,136,a039dbd9f0510ac6f66d44c60f9a5f5a5d5c76093f00e693801d2fc80d54f7a9,yes,yes,0.8590543270111084,1,1
learned_hands_consumer,embed_small_logreg,1,1,137,9cca62662bba01723eb2a9aa094821e1675b7ac525fe30fc042f3dcaac3e2727,yes,yes,0.860188901424408,1,1
learned_hands_consumer,embed_small_logreg,1,1,138,dfbc47fb61799a0472fbf92d48b36eeb2584ccc63a3185c2d61a51c1537f7c92,yes,yes,0.8368604779243469,1,1
learned_hands_consumer,embed_small_logreg,1,2,139,6cb9e80497686772c38151ef29f0b998c3911fa46f4ae26dcb0677863d1c3bcd,yes,yes,0.8690889477729797,1,1
learned_hands_consumer,embed_small_logreg,1,4,140,bfc4a30870f9292a454f9471c16d25b3199ec05b80dafc98a9d6c50897c1b47e,yes,yes,0.7448633909225464,1,1
learned_hands_consumer,embed_small_logreg,1,4,141,078b717fbab45038fcb94864d32f33fa6d71d9664570dfe04661869f23314833,yes,yes,0.719530463218689,1,1
learned_hands_consumer,embed_small_logreg,1,3,142,0242758b0d09920c367a96d4d60f74cb970f86cfb3bbf7bc54aa2a69703b17c8,yes,yes,0.877682626247406,1,1
learned_hands_consumer,embed_small_logreg,1,1,143,51eef95bf47218140683c3e1b4135ffc3d540ca426dbe552c2809dc445d5b483,yes,no,0.5575281215450727,0,2
learned_hands_consumer,embed_small_logreg,1,0,144,af4b353687f267cf4811370b1167f39f3acb12a476ab7569d5711f61e7cc5c99,yes,yes,0.6082094311714172,1,1
learned_hands_consumer,embed_small_logreg,1,3,145,a5b77622968be2023f42d12cc8cdb98fdd05731d5ff1f331c0c61cddcdd016ac,yes,no,0.870181454273782,1,1
learned_hands_consumer,embed_small_logreg,1,2,146,483af7a4cce5458979f9fde28f5d38cf96c6b318f56cf5b8bb7fef01baeda51d,yes,yes,0.9635639786720276,1,1
learned_hands_consumer,embed_small_logreg,1,2,147,5b013d7731839bf2ba2c52bac900167561f691d205c1198ffe872747858115ab,yes,yes,0.7393050789833069,0,2
learned_hands_consumer,embed_small_logreg,1,4,148,1403a0476f3fcec8b1a48e6f1fceb06a2aeabd9f5de4f53ac7e2f29a80fc3d02,yes,yes,0.5384957194328308,0,2
learned_hands_consumer,embed_small_logreg,1,1,149,7153d24972b2eb3c082ba9cc58a892af969f2d9524022190bec282710d252b55,yes,no,0.6461784839630127,0,2
learned_hands_consumer,embed_small_logreg,1,2,150,a6e1cfe1a1c58fdb1b4033bef127bdc12ad083d8029c91cf81e74fbc997b44c2,yes,yes,0.8377162218093872,0,2
learned_hands_consumer,embed_small_logreg,1,1,151,c48f7444249fe7386aac1fa49a56e450eebc70c640262a5fc2cb2864d62c7b62,yes,yes,0.8368149399757385,1,1
learned_hands_consumer,embed_small_logreg,1,0,152,7223ee95c7eb5aab471c9b1426c035d3d751646abf3a01dd2380366fa55c1fb2,yes,yes,0.6605477929115295,1,1
learned_hands_consumer,embed_small_logreg,1,4,153,8b857fa596fd194124387876667280b614e479625bc9d05d958f3b90514c2e9d,yes,yes,0.6520955562591553,1,1
learned_hands_consumer,embed_small_logreg,1,1,154,6f137236864a4da2299f6341085a62e5e2e0466add7aa8eca3ff5f315633bbdb,yes,yes,0.8795967102050781,1,1
learned_hands_consumer,embed_small_logreg,1,0,155,038e3005ce9b5b1cabf2220d9f9b068ab3289de326b9c0466e84286f1cb69bf9,yes,yes,0.6455682516098022,1,1
learned_hands_consumer,embed_small_logreg,1,1,156,7b67a7b2e80fc8b9473186823a7570203fc746e03e40493d174446237de3bcec,yes,yes,0.7177487015724182,0,2
learned_hands_consumer,embed_small_logreg,1,4,157,9d82c554b4b00bd2ead020ff98bb6fcdee7432665a797346eb3d3aaf490d0d12,yes,yes,0.7133463025093079,1,1
learned_hands_consumer,embed_small_logreg,1,2,158,da85c2e88f91544acd0359c5ccd69c2b4f902d093ceb8cb12767a778944fbd7b,yes,yes,0.8213865160942078,0,2
learned_hands_consumer,embed_small_logreg,1,0,159,a34040f6644b50bc824adc566e6d6428d7b05ca16c8ee39f0af4b1b9f5601f2a,yes,yes,0.6869204640388489,1,1
learned_hands_consumer,embed_small_logreg,1,2,160,19c9ac6e1d4ea3c61c161624efc992b8cc52bf306f151391ba8529c19382e1ee,yes,yes,0.913477897644043,1,1
learned_hands_consumer,embed_small_logreg,1,0,161,650970637dd6a0ab8e97321c167c7bc4a9a3cdc8eba59da2a5c510bcbd5db45a,yes,yes,0.5157805681228638,0,2
learned_hands_consumer,embed_small_logreg,1,1,162,c51f874153bc2cdaa57ad2c656a6af7ab24feabfb448922cab57ef416feee663,yes,no,0.6168236136436462,0,2
learned_hands_consumer,embed_small_logreg,1,3,163,13b1acd948c8e9c9a5739d8481ea213fa3cfdab8b80a82efd25be33e8f7b2902,yes,yes,0.948884129524231,1,1
learned_hands_consumer,embed_small_logreg,1,4,164,9fde61742e0b3fc6fabbffa750b6283c72453cd0303a465ce66648d46676eb89,yes,no,0.5438191294670105,0,2
learned_hands_consumer,embed_small_logreg,1,1,165,4fd20a26aafa50907d098d746bcd899d7abfca4f42db1d5c149080652db43b60,yes,yes,0.8998619914054871,1,1
learned_hands_consumer,embed_small_logreg,1,4,166,38a9b6c4df60f95cae8cdf22954e4170c3a5feb64ebfb5162134d697b7e84381,yes,yes,0.7175717949867249,1,1
learned_hands_consumer,embed_small_logreg,1,2,167,8892704b2b2b6659f287178e3c29d5c9d21dc3ecb2ae17dd4b6ec86c6784cd0e,yes,yes,0.9565107822418213,1,1
learned_hands_consumer,embed_small_logreg,1,1,168,5953941222239eaa15e600b769f26c7173e96638173a25e19be42ff6b5b07d45,yes,yes,0.8770043253898621,1,1
learned_hands_consumer,embed_small_logreg,1,3,169,4f9eec5c23a5c213a1bc6fc916fdf2587227d14edcd43d78fccea8cd278cc2e0,yes,yes,0.7788884043693542,0,2
learned_hands_consumer,embed_small_logreg,1,1,170,51ec6ad487eff34fddaa34cf9a46b4a9a9e66e2ef37f1718f6c2c0a6b08bcc0e,yes,yes,0.983128547668457,1,1
learned_hands_consumer,embed_small_logreg,1,0,171,4356eb8f7a087e4d6032661552935019173e052ab6031528ff64635a4f9c515d,yes,yes,0.5918061137199402,1,1
learned_hands_consumer,embed_small_logreg,1,0,172,6d7c28575a9e0747fc4cfaab5263e2daf0754ef5d1c996b9de353104dbfb5be1,yes,yes,0.5757813453674316,1,1
learned_hands_consumer,embed_small_logreg,1,1,173,6656d334c0150d50518a8e9e86ac484364dfc5da62604f792fa121392de57cd5,yes,yes,0.7275099754333496,0,2
learned_hands_consumer,embed_small_logreg,1,1,174,fa3b234c5866029eaafed3054fe7c1e9dd9d3e50389c45beedce0456e0a851a5,yes,yes,0.6108031868934631,0,2
learned_hands_consumer,embed_small_logreg,1,0,175,f5327013f798cdfff71ccd1ccbf934757fae9118c8fda0cfb29197ee8c9a2f92,yes,yes,0.6004390120506287,1,1
learned_hands_consumer,embed_small_logreg,1,4,176,0c550425496483256cac2b164db69cc78311e995021bfcbd4a5c585bcdd9d9c6,yes,yes,0.5806350111961365,0,2
learned_hands_consumer,embed_small_logreg,1,3,177,e9a4a62f276d5c835085a02b2f4d92155f8f7ac6d396a52ad1cd37cab729b635,yes,yes,0.9270155429840088,1,1
learned_hands_consumer,embed_small_logreg,1,0,178,f4fe68a7bc004d02c8ecf39777717f5e53269903d0c3c3181101c07cea5c6b0c,yes,yes,0.6250144839286804,1,1
learned_hands_consumer,embed_small_logreg,1,4,179,3d0de6dc3fb5d69b4483315a8f1b9a55f3da2fb8eb1df50a74386a480912447a,yes,yes,0.6613959670066833,1,1
learned_hands_consumer,embed_small_logreg,1,2,180,b66cb0340d554080664d72cdd106c5cdb17b38d1f74932ac0787b45754ce1a7c,yes,yes,0.9490862488746643,1,1
learned_hands_consumer,embed_small_logreg,1,0,181,a9af33b24aeb8f4fc3dd090cb6015fd72eb33e9bacf6b245b9efd00dd9991af3,yes,yes,0.577190637588501,1,1
learned_hands_consumer,embed_small_logreg,1,0,182,9eefcb8b16890b9cc6c7e144d07beaa48841305e10614e94d470242a6b0e065f,yes,yes,0.5834999084472656,1,1
learned_hands_consumer,embed_small_logreg,1,2,183,cfde4f376e1a14d27549b00d4ddf32bfeb542cf05f08d1cbc266df888e1c3047,yes,yes,0.8664876222610474,1,1
learned_hands_consumer,embed_small_logreg,1,1,184,421033c1624e9a903b16ba39c1d61b1ecb07a1c62b4ffce4608c02c7a3e067e8,yes,no,0.5174236143403168,0,2
learned_hands_consumer,embed_small_logreg,1,4,185,7a8050d0881441599707f60d9661cc876f27efc16656cd8526fe842e463a56ec,yes,yes,0.6651538610458374,1,1
learned_hands_consumer,embed_small_logreg,1,0,186,5f4e3e4860760d911ab21bd74b2611036627cda4c7c666615991f1d2314d6b35,yes,yes,0.6538828611373901,1,1
learned_hands_consumer,embed_small_logreg,1,3,187,057e4d5e06ed1236a9a35f3ea5c2cc42ae58bd3d82fb4981f56669b168d087e6,yes,no,0.9641458011600181,1,1
learned_hands_consumer,embed_small_logreg,1,0,188,a5608444f7d99d3cd3109ac70b995bb38775ef1fa2c286f3779886ac598a5c9d,yes,yes,0.5728378891944885,0,2
learned_hands_consumer,embed_small_logreg,1,4,189,48a613b18969b56ad289f137a24f32ca5714dc722f1916be3cf41f3c98f577e0,yes,no,0.6926039457321167,1,1
learned_hands_consumer,embed_small_logreg,1,0,190,d5a7261352131be329b42958bda9d1cbf7adf2a5eb0c341d0fd5d6d07a9ae17e,yes,yes,0.661288857460022,1,1
learned_hands_consumer,embed_small_logreg,1,1,191,e36f78681c2e77e1fe9fd7fc2f0b8fa917f14b6a2333a41863c17c766053033f,yes,no,0.721102774143219,0,2
learned_hands_consumer,embed_small_logreg,1,4,192,1487b9bcecfa449f7f97f38810e17ed4e37ea80a32cd5170137bf134574ae112,yes,yes,0.7091857194900513,1,1
learned_hands_consumer,embed_small_logreg,1,3,193,a0956e6a9a6973551966fc776c76b773565a03efe1dd2f5b6e363e037cd68e98,yes,yes,0.9129577279090881,1,1
learned_hands_consumer,embed_small_logreg,1,3,194,113f455fcca39b28919c8669b561494bb48c8a7b1abb08182e38efba3ba3d49d,yes,yes,0.909758448600769,1,1
learned_hands_consumer,embed_small_logreg,1,3,195,01467176da7f8beaabb7d2d981d4c2a5d270c4de1ee41090eb7fff34ad10f233,yes,yes,0.9665869474411011,1,1
learned_hands_consumer,embed_small_logreg,1,2,196,3917492faa9e47e7106ba122c3a1618a26df3dcdbcf5803ea5eff8caeb3a85b8,yes,yes,0.9377309083938599,1,1
learned_hands_consumer,embed_small_logreg,1,1,197,cde8abafba1e7a412e01f15ea5b8b45f4e1c8f3f37c5ed8ecf8670617e0e3ddc,yes,yes,0.5766482949256897,0,2
learned_hands_consumer,embed_small_logreg,1,0,198,61ae855f1482eb8f9d691ed3f1d20ebbea6fc43c48a7559ddaf77710f2c27152,yes,yes,0.6700834631919861,1,1
learned_hands_consumer,embed_small_logreg,1,3,199,f35f9e77ffc5ac7a0d42e5a637d3ec3f6ef2830b8c178fdb6a5c951cfeaa3e88,yes,no,0.5599908232688904,0,2
learned_hands_consumer,embed_small_logreg,1,4,200,82f9efaddab72f81167b375aff7cc6c2537117b477e6064545d97be910ff945c,yes,yes,0.716663122177124,1,1
learned_hands_consumer,embed_small_logreg,1,4,201,967afc85cb2c22088e649a1faac841a0d2609f7e11fe94eef9bd17a4daa54688,yes,yes,0.5456416606903076,0,2
learned_hands_consumer,embed_small_logreg,1,3,202,5648d782c24eb983d5cf18c59b05a1a47459a5dedd4e5335a0232c23f062944c,yes,yes,0.7760607004165649,0,2
learned_hands_consumer,embed_small_logreg,1,0,203,157bd549be3ab1bdd3e21c29805aafdc0d0b45c1aa52b0a397ab9236a4e5c944,yes,yes,0.6350868344306946,1,1
learned_hands_consumer,embed_small_logreg,1,4,204,525f45b4239b35c4038470e08628f267e9887f1c30b0aa84a2d5d01464da39a3,yes,no,0.6753423810005188,1,1
learned_hands_consumer,embed_small_logreg,1,1,205,0a0807c3257345430140d80f2b2b7210e572d13f47d5ac8a65174de1142590b0,yes,no,0.649044394493103,0,2
learned_hands_consumer,embed_small_logreg,1,4,206,a2b92dbd2ee6fd008bb6aa904caa64641950c475cddad723b2644f23c751a0ee,yes,yes,0.8787715435028076,1,1
learned_hands_consumer,embed_small_logreg,1,1,207,a2ed73e250907017f6d7fd66c658c04c6a137575d6ad765f993661edda327577,yes,yes,0.7833714485168457,1,1
learned_hands_consumer,embed_small_logreg,1,1,208,1290d537ea8750e4e91f20b46eec10646ce12ab7d86dfc91eb09b608405fe90f,yes,yes,0.8420812487602234,1,1
learned_hands_consumer,embed_small_logreg,1,2,209,a0f7d16e25d9f13501287713351ca9111410082745756d6eff69a544a7ce0fab,yes,yes,0.5034472346305847,0,2
learned_hands_consumer,embed_small_logreg,1,1,210,adbfc9de80cf0100c04073d2c24a7a39ad794835be05b45cd9a54b30876e1bae,yes,yes,0.9425489902496338,1,1
learned_hands_consumer,embed_small_logreg,1,3,211,33d047d7bf09f05c00081ea7055f31cf8f5cfbb5f1ceb5b0376de52b5d66fca4,yes,yes,0.5021780729293823,0,2
learned_hands_consumer,embed_small_logreg,1,0,212,8747eec3bef3a1ac47c5e03b2a3185ec7be0382a48e8f07bc6b009f884106d3b,yes,yes,0.55327308177948,0,2
learned_hands_consumer,embed_small_logreg,1,3,213,49b127f44fd96be9d276f55d1669f94228b7535cb909c7f6b272eb55f8881a2c,yes,yes,0.9910332560539246,1,1
learned_hands_consumer,embed_small_logreg,1,2,214,dfb7f7c0e45b4a7671e7808a09335109e684ec1f7b896028808720b751c76290,yes,yes,0.9615451097488403,1,1
learned_hands_consumer,embed_small_logreg,1,1,215,db97720cca0e39dc598257024bac71c263aaf9886f335cf6cd722539c19eacca,yes,yes,0.7274577617645264,0,2
learned_hands_consumer,embed_small_logreg,1,1,216,64859a67c19bf56da59ad97eab9f8da73202e6a6dd9d3bbb9372afcb47b0408d,yes,yes,0.8739320635795593,1,1
learned_hands_consumer,embed_small_logreg,1,4,217,f449fe5d57975f0caf323ecddfcc9b9dccbabe88c5ff42bd31a1d65fc7a824b5,yes,yes,0.8275178670883179,1,1
learned_hands_consumer,embed_small_logreg,1,3,218,fa078ce3c2ae45c10df8aa0a800c47eade1e7510a46eb24bbe627b87d2938a68,yes,no,0.8460223078727722,0,2
learned_hands_consumer,embed_small_logreg,1,0,219,f2fae4fb37730a28c6c680ab68c6e0cbcb083e46d89296b52700b2b28ed2e203,yes,yes,0.6054173111915588,1,1
learned_hands_consumer,embed_small_logreg,1,3,220,ca57b26977335b108fd0d46872d220af17b298c5169ea6a338028e3fa941a5c0,yes,no,0.8863460289486345,1,1
learned_hands_consumer,embed_small_logreg,1,1,221,9f6359257abe0943f69a9a6786fccff089c30ae5f302d29d57c21ec0cc0fb8bb,yes,yes,0.7080172896385193,0,2
learned_hands_consumer,embed_small_logreg,1,4,222,da0db19cfa506b30e60a6cf05fa27f60113ec86ac8308c44eddc1cdeb6e6b707,yes,yes,0.7089994549751282,1,1
learned_hands_consumer,embed_small_logreg,1,2,223,013033315bef6946bef54c7e1e5131afe73897a10507585acff502cb07b082d1,yes,yes,0.6465204358100891,0,2
learned_hands_consumer,embed_small_logreg,1,4,224,01ca67ea223ea6f3f78966619c3d177754184bea73cb662ffc54be7eded55946,yes,yes,0.6395946741104126,1,1
learned_hands_consumer,embed_small_logreg,1,2,225,0972b858c77e9cd796c6bda370f1d6b2ea20798091434c33f49f1827e4a678cf,yes,yes,0.9464398622512817,1,1
learned_hands_consumer,embed_small_logreg,1,3,226,478e48024c876788e7ac0b2943d399c14bb997ab82a37ee11247a5b223d23f4f,yes,yes,0.6714926362037659,0,2
learned_hands_consumer,embed_small_logreg,1,3,227,dd602e9be0c77e5a1bf15d2c5db5302c6b6d2b8362f95c146de1f5d3ea45031b,yes,no,0.6588050323368618,0,2
learned_hands_consumer,embed_small_logreg,1,4,228,e86c4500724cd80b78a41c3de49d5f623baba6615be341878c3f40d1a666fa36,yes,yes,0.6118710041046143,0,2
learned_hands_consumer,embed_small_logreg,1,0,229,44f8bde89aa71070a44a090fe6553fe64a785e0148291429f98b65d8cc35537e,yes,yes,0.6541584730148315,1,1
learned_hands_consumer,embed_small_logreg,1,2,230,f92a5c6258f5da9bffe36fc1a4498f1086f4d296b5c28109401777d767f46946,yes,yes,0.894298255443573,1,1
learned_hands_consumer,embed_small_logreg,1,0,231,b8099af0f4a08d3625fefbbdf920208ab786e82be6d9e5ecd373c981c3bd90c4,yes,yes,0.6648881435394287,1,1
learned_hands_consumer,embed_small_logreg,1,1,232,dd6b7ca454c08a409f4171cb97167a8c91e862451ec1b92eaa7d9393934cf91c,yes,yes,0.7812246084213257,1,1
learned_hands_consumer,embed_small_logreg,1,0,233,fdb76c188296362ef951b02157cc4150c8d3a0750fe72942787d491e6ddc18e2,yes,yes,0.5441786050796509,0,2
learned_hands_consumer,embed_small_logreg,1,4,234,b78102f7318502d1b26dbcb12920cd58ed53891ef8b61bff2b15f5b432da91f0,yes,yes,0.8421079516410828,1,1
learned_hands_consumer,embed_small_logreg,1,4,235,5a37498c5c481cdd1e4bd5190333a14a0190aa3aede5364087479e33c293e1a9,yes,yes,0.7618957161903381,1,1
learned_hands_consumer,embed_small_logreg,1,4,236,eae4558b0617e7ebc54a6ebc59d2dde3f9df33d4ce6cb6404452671b374ff797,yes,yes,0.8190488219261169,1,1
learned_hands_consumer,embed_small_logreg,1,1,237,b25bbe0ef882d9b6ee6ca640d619e47af1ba4b4303c92a73e17071d2b63f6203,yes,no,0.8033336997032166,1,1
learned_hands_consumer,embed_small_logreg,1,0,238,3415dc4afd4d574b0da83ec6d205e580b78b683ce427d70cb6192aa1345ada00,yes,no,0.5282382965087891,0,2
learned_hands_consumer,embed_small_logreg,1,4,239,e4190a6930b3800fcc812916fc24cd7666ec7ccade668b74793a25cf043ee8dc,yes,yes,0.8812835812568665,1,1
learned_hands_consumer,embed_small_logreg,1,1,240,2a1e5635eb53609c5660dd54ea549b8c7ca1d8ef3709e5692cce67005fde384f,yes,no,0.8254410151457938,1,1
learned_hands_consumer,embed_small_logreg,1,2,241,1587f650838e742b5adbc001e25e86b815c1c282f7e24b9a7f46e2c9c7e7663d,yes,yes,0.9271934032440186,1,1
learned_hands_consumer,embed_small_logreg,1,0,242,3aeb06e0988c30e7dd4b9857f1305ee50a9955e156a1e1a8bfb635878c936da6,yes,yes,0.5744910836219788,0,2
learned_hands_consumer,embed_small_logreg,1,1,243,0ba639fb1b8f0dcb2fe9cffb9b96ec4f2cc182c78d9a521ea1b367d5c28385d0,yes,yes,0.762000560760498,1,1
learned_hands_consumer,embed_small_logreg,1,2,244,ebd5c1534b316d246d849144a17469ee09729233fad0f39a8a330fdfa15b9628,yes,no,0.8310859675543611,0,2
learned_hands_consumer,embed_small_logreg,1,3,245,401a36474fa40d2d999cd260f57ca66ab83fcb63de68f578a6d6ad7d4ec4bd2e,yes,yes,0.7905146479606628,0,2
learned_hands_consumer,embed_small_logreg,1,2,246,4176b37a2179c60a956b8746678c2a674aabbd9e086407904b2475af255d13bd,yes,yes,0.950370728969574,1,1
learned_hands_consumer,embed_small_logreg,1,0,247,95933a28191a6e558a2911f9c54efc9e53d3ba70d036eac4f4fcf1044bbc9d88,yes,yes,0.6143738627433777,1,1
learned_hands_consumer,embed_small_logreg,1,1,248,0f4ecd29ccebf4ac6e235b28298c170a1c4939a57f8d2bae941d4292bb91c9e2,yes,yes,0.6078445911407471,0,2
learned_hands_consumer,embed_small_logreg,1,2,249,061be30da02e5927c05d4f6dcb0ebcaa8bda9da95f663afc3448b40f550c8dcc,yes,no,0.9483733561253542,1,1
learned_hands_consumer,embed_small_logreg,1,2,250,6c7deef4168bfdd3eb4f65e34ff1a5b08e7d07a494276e6dbc72cf08dd1d9ea3,yes,yes,0.9410509467124939,1,1
learned_hands_consumer,embed_small_logreg,1,0,251,3fecd30afaf717ef4d633f041d6b64abc35956652a123bf652a024e051aecbd2,yes,no,0.5539499356165547,0,2
learned_hands_consumer,embed_small_logreg,1,2,252,618080a1456e3ee68a8c336bd1951f8be686d4b280ba12acc2afbc0afe6f5e6e,yes,yes,0.9422481060028076,1,1
learned_hands_consumer,embed_small_logreg,1,3,253,7d9553904434b833510ba4f74348cff64322921c601077d281c33b3d61d048ca,yes,yes,0.8414068818092346,0,2
learned_hands_consumer,embed_small_logreg,1,0,254,851524b83e3b815d2b8ad94407c2a48429aa45e82bd9c1b64ffd780d6c3a0de3,yes,yes,0.5856944918632507,1,1
learned_hands_consumer,embed_small_logreg,1,0,255,cb21cc98accfbbfc1ab6fb040d28dc4a525dd125dcded30bbb6688922bc0bcf0,yes,yes,0.6160114407539368,1,1
learned_hands_consumer,embed_small_logreg,1,1,256,77a1a7abf05f1aa064c4d1f51619137f7eb2bd94b8ddc362bc14f64be0bd2a01,yes,yes,0.8242557048797607,1,1
learned_hands_consumer,embed_small_logreg,1,4,257,3d22a52452442ace2422e3134c77857c8d5686fd9080d9f42bc9438a845f4c89,yes,yes,0.7211500406265259,1,1
learned_hands_consumer,embed_small_logreg,1,0,258,aaa2f84803feb0579309aaee905dbe769a0e41a5a6daf89677d4a8534aa9819f,yes,yes,0.5851966738700867,1,1
learned_hands_consumer,embed_small_logreg,1,1,259,cbf21ed32acc01ddeaa5380d184a96c3ca5b84614bc1f3a1a9583fa9b891c05d,yes,yes,0.9063566327095032,1,1
learned_hands_consumer,embed_small_logreg,1,4,260,370cc782f60a07b178ac3c0ec5c92e1d6072d6798ba29e27eb089d3af9d06cb5,yes,no,0.563982367515564,0,2
learned_hands_consumer,embed_small_logreg,1,1,261,e2fa618a66bdb423b63a86d231a23868e8833853ed334799049daeac30367a88,yes,yes,0.6216359734535217,0,2
learned_hands_consumer,embed_small_logreg,1,0,262,6c81e7b6dabbb3574a09c499dc7a67ca24d31c6e646bab4ced51cd8c78f55ea7,yes,yes,0.6535232663154602,1,1
learned_hands_consumer,embed_small_logreg,1,4,263,1f341a6355c5c3b945e1a2b14b3434e8b3904eb4eca3e24c87941d86e705e57e,yes,yes,0.6624143123626709,1,1
learned_hands_consumer,embed_small_logreg,1,4,264,6adfe2187f8557b8f6378f034717bdcd2f522a0df00806a04c1dfe98b3e997bd,yes,yes,0.8468963503837585,1,1
learned_hands_consumer,embed_small_logreg,1,3,265,8bad5933bcb5967cc9bc4abe066d28b765494f7a0dffd407c47d6d8067553308,yes,yes,0.6195268630981445,0,2
learned_hands_consumer,embed_small_logreg,1,2,266,c55600e95d9b4eb897af3302c41acc84e2d54157f428bf1f8caec3b61e668da5,yes,yes,0.9784173369407654,1,1
learned_hands_consumer,embed_small_logreg,1,0,267,13c0dc364911dc9186a0c024e55f88be572c4deb5878fbd82d310ecaf5f45d13,yes,yes,0.6979261040687561,1,1
learned_hands_consumer,embed_small_logreg,1,4,268,3321004b9ab1144d0dfdcb61b18d746e047e1eca73ce7e0acb9fbd0e7c724816,yes,yes,0.7227067947387695,1,1
learned_hands_consumer,embed_small_logreg,1,3,269,19d396f6ee8676b8e14abd050a0d810589baf0188e806f72eac507d7a2c545a3,yes,yes,0.7760447859764099,0,2
learned_hands_consumer,embed_small_logreg,1,2,270,7eb4eb67f8d71b2387d20ed2f7c7421eab13eb8910aca82d69fdf9a9273ecb96,yes,no,0.6062970161437988,0,2
learned_hands_consumer,embed_small_logreg,1,4,271,21f6bcc2b642898b25da24d91a08efc8029b34d97d979ac84183c75b0c07b9c0,yes,no,0.5202191031044454,0,2
learned_hands_consumer,embed_small_logreg,1,1,272,63a06c8bcc7dbff84f881459fdf825076cb5b36209132b00c9c84eeeba7b6eb8,yes,yes,0.8176076412200928,1,1
learned_hands_consumer,embed_small_logreg,1,1,273,94b8923b3eddcc3f61a255a8e42041ab7f8e96bdae7e23fa5dba20dd65b82fa6,yes,yes,0.7841026782989502,1,1
learned_hands_consumer,embed_small_logreg,1,3,274,c2ccc5ca47171285fb0298be4298f50882121913b48b7ac1e796a30c532811ba,yes,yes,0.9680519700050354,1,1
learned_hands_consumer,embed_small_logreg,1,0,275,1f6071d3d10ecfa1b75476a7071af685e3ba15fcf7b2a774e39b20191e1fe074,yes,yes,0.6694599986076355,1,1
learned_hands_consumer,embed_small_logreg,1,2,276,11cabef5b7d7edbcc7de996da7ddc824772faa6248373f429b29567c5017f865,yes,no,0.5986523806647176,0,2
learned_hands_consumer,embed_small_logreg,1,1,277,9136c7f7286a3ee6b4af4f2c4bd396e5528e9e59d4a11138840961213324a902,yes,yes,0.7250168323516846,0,2
learned_hands_consumer,embed_small_logreg,1,4,278,45b8aa00e5100aa8e27c34109569ad374e89747c8859165962bd4b50a718dec3,yes,yes,0.7838308811187744,1,1
learned_hands_consumer,embed_small_logreg,1,1,279,93a67fe947a834ff1518acdef3d3503a43de70821df3f53bacca03fe73994e4e,yes,yes,0.6217697858810425,0,2
learned_hands_consumer,embed_small_logreg,1,1,280,f9aa283cb36bd865eb6d0e00dec619c048e1b8f0e8830f12b5d02008a0b97ace,yes,yes,0.5822311043739319,0,2
learned_hands_consumer,embed_small_logreg,1,2,281,55de4e8dcda9a6328913ef54a1ed9351f1f426737486cdf8f668ad83b8388f73,yes,yes,0.9340198636054993,1,1
learned_hands_consumer,embed_small_logreg,1,3,282,6bcb70ea6c53d9d2735995ffa331f18d0e9d9cc24ba93acb53376ae8483ed8a1,yes,no,0.7068937420845032,0,2
learned_hands_consumer,embed_small_logreg,1,3,283,78da2dea499e7edb487d60fd31327140d7546b18febaf57879bbba65e8c1b04e,yes,no,0.7606551164486277,0,2
learned_hands_consumer,embed_small_logreg,1,3,284,42fb96e3e3db8353adc2b84b435807f73584555187d03911234609ed6e85bfe6,yes,yes,0.9759973883628845,1,1
learned_hands_consumer,embed_small_logreg,1,4,285,ecfc65fba09f92e19dc001350da2ef8adc932c234c862d0db0f1879f2e7c8794,yes,yes,0.5675835609436035,0,2
learned_hands_consumer,embed_small_logreg,1,0,286,c191adb1d624b20f83068f7b5908de47c6c5209a753e4de83b528e1156b3c2b0,yes,yes,0.7087287902832031,1,1
learned_hands_consumer,embed_small_logreg,1,0,287,644bc0e92cf759be58ca6610fa275080515a65a91b581445be9cabf7ffea0e15,yes,yes,0.6645298004150391,1,1
learned_hands_consumer,embed_small_logreg,1,0,288,a79143144aa9b5670c2ef1346d67999dca1710bf76a38aefe7d8c7b71ae44b79,yes,yes,0.6579238176345825,1,1
learned_hands_consumer,embed_small_logreg,1,3,289,29d068c39f2e257adbe8beebd86189c3ef328bbf2028cdf5c6d3ede0e5ddc09b,yes,yes,0.9778757095336914,1,1
learned_hands_consumer,embed_small_logreg,1,0,290,fe9822a59aebf2d41016c82deb1d427382b2666a1fe39079f87be07fb936b617,yes,yes,0.6363233923912048,1,1
learned_hands_consumer,embed_small_logreg,1,3,291,56bb42f2ccd6615785428ca0492a89e2c4c3ab2f9fa44ee197d3da8fab2c5842,yes,yes,0.9535329341888428,1,1
learned_hands_consumer,embed_small_logreg,1,2,292,5299348ae3f81c25293e952182bb6bea15382e9da7443711aa78acdaf4b6bcb8,yes,yes,0.919960081577301,1,1
learned_hands_consumer,embed_small_logreg,1,0,293,73a78266e6561f4e4c9baa89057beda5a92213b2ef917e1272c2ece8cd9b7704,yes,no,0.5065899046239228,0,2
learned_hands_consumer,embed_small_logreg,1,0,294,79cc9d9097ff95d4d5569540eb3711865f517ab1a2a0fc876da5c48598ee3cb4,yes,yes,0.7209654450416565,1,1
learned_hands_consumer,embed_small_logreg,1,3,295,3b85fae280cd98abcc7e78ae4627a4c94eee68cb0bdc5b31dc3b1cf2e53949ae,yes,no,0.6481582522392273,0,2
learned_hands_consumer,embed_small_logreg,1,3,296,32072d7df35d23c7cf165a1afeb9be63ebbdcf2c94cee75f9b5a90b78e19dd28,yes,no,0.785227489251308,0,2
learned_hands_consumer,embed_small_logreg,1,1,297,16bed4a62e2738950d2587d30c25ed9c5d17ea5f0cc5e91f1148a4cb64162453,yes,yes,0.897283673286438,1,1
learned_hands_consumer,embed_small_logreg,1,2,298,3473fc0f42c76ad19ef3ec2771d01d619478fb7fab7ea70d94e7fe0f1bd61128,yes,yes,0.979534387588501,1,1
learned_hands_consumer,embed_small_logreg,1,1,299,251efc17ee26f8f9c544871f61f6fd54cf585d0f3210406eb3c48c825a10d526,yes,yes,0.9173902273178101,1,1
learned_hands_consumer,embed_small_logreg,1,2,300,4b657305ddc7f357ec185bc9abec0fa67e2d4d4fb0afb00f8e83e73a4c712e8e,yes,yes,0.813219428062439,0,2
learned_hands_consumer,embed_small_logreg,1,3,301,f85e7456c7160ff553b31db76a443f79214f6b2cd4542c3bb171595928ab6558,yes,yes,0.9706642031669617,1,1
learned_hands_consumer,embed_small_logreg,1,1,302,243386ffe9922a67ec10fee19cff0781c4d76b6a78a32ec20ae1b9ece92bf995,yes,yes,0.8415346741676331,1,1
learned_hands_consumer,embed_small_logreg,1,2,303,85d4e89725d489b9e3820f724acfc754d59767d51140be8d70af3bb2eb4198c3,yes,yes,0.8946796655654907,1,1
learned_hands_consumer,embed_small_logreg,1,0,304,f859129d9d2aa75e88d6602d1563b367b5d45a031c53939b17889bef5d0f147e,yes,yes,0.5679178833961487,0,2
learned_hands_consumer,embed_small_logreg,1,4,305,483ac3b333ee68b7196086031e6a08e2fdb91c52f28a3a861f23a2c8ec75478c,yes,no,0.5082663146178032,0,2
learned_hands_consumer,embed_small_logreg,1,3,306,6eef9bbaaa01f32394020b689930f9d2ae66836d280dfef0cac99935536b4a22,yes,yes,0.9161601662635803,1,1
learned_hands_consumer,embed_small_logreg,1,4,307,2bbdbbb31e0f69cbd29d755d0e4fb9a5a932b3b1effe5a664bc674ef725addc2,no,no,0.7813784116917375,1,1
learned_hands_consumer,embed_small_logreg,1,0,308,5779a2e66767851f78c4baf2c51d3e6be6d917949d5341b98c489bbf0f67f6f3,no,yes,0.5495526790618896,0,2
learned_hands_consumer,embed_small_logreg,1,0,309,24481de31a2b3036d71dc474adac585b922e4bdfb8287ce43a3ff34846620b73,no,no,0.7030042409896851,1,1
learned_hands_consumer,embed_small_logreg,1,3,310,13b626d60d254c4999ca862d60b0f13ec9378504e9fa2fa1c002db747518bc7b,no,no,0.9895162720631288,1,1
learned_hands_consumer,embed_small_logreg,1,0,311,97939ad30f5a35f45ccb7fcb190a65552ca404ca227456e1ecb4f5a57c3bed17,no,no,0.6085980119883422,1,1
learned_hands_consumer,embed_small_logreg,1,0,312,8616d00b5609b9a12db9741cc2c276068fbfffd9d02b80e12bf3dc55ef37b07c,no,no,0.733584664272805,1,1
learned_hands_consumer,embed_small_logreg,1,4,313,65e5a2fd7a388ba873ac967c48adb5664e74f76db3d95f15af7230c45aa27115,no,yes,0.7028444409370422,1,1
learned_hands_consumer,embed_small_logreg,1,0,314,0b5ab1b563bc3ef18c295476f388386fadc1cf299ab20f258f1dffee0f8157b4,no,no,0.7150850892066956,1,1
learned_hands_consumer,embed_small_logreg,1,1,315,c70617e5ad6a4b2e699841464467e2a1387594382a39a10f5f3aa0ba238dc8c6,no,no,0.8826130562826018,1,1
learned_hands_consumer,embed_small_logreg,1,4,316,bc9f773c51514a7ad309a672115c1b9f79304095ccabcd53343b945d6ce19ec8,no,no,0.5642337799072266,0,2
learned_hands_consumer,embed_small_logreg,1,3,317,0af96d52fa6c71f1943351f5d1a07e10d961983e0c4a66784a937ad8bbaf2f0e,no,yes,0.804732084274292,0,2
learned_hands_consumer,embed_small_logreg,1,0,318,f4a7c81fbb4fe3b5a0cdb370b458074ab8fa6f11fe41ced9df994fd2f420f362,no,no,0.5765562057495117,1,1
learned_hands_consumer,embed_small_logreg,1,2,319,71d38fe12b75052be0651bda2d4f4efe697b07d365bf41cb14841da2688b94f5,no,yes,0.8869770765304565,1,1
learned_hands_consumer,embed_small_logreg,1,3,320,60a86bc631bcf63cb1c4ced84c0f60928e57bb2abcf79c23baa53fea95cc1aa3,no,no,0.9923704797899412,1,1
learned_hands_consumer,embed_small_logreg,1,1,321,e06e690d6aad76f736293110bf1b57c294435c42a47933cd1acab74063fa7102,no,no,0.7715426683425903,1,1
learned_hands_consumer,embed_small_logreg,1,4,322,a90e11f52d0e31db828e5d845e5fc33cb9bbc6922bce8244891dbc15b22a7483,no,yes,0.5577890276908875,0,2
learned_hands_consumer,embed_small_logreg,1,3,323,7f6a2fb0578a33bc0482677bbc588e70a785c7bea415b62486a564b37d2364a5,no,no,0.9934539725529916,1,1
learned_hands_consumer,embed_small_logreg,1,1,324,91f9aed41e41a457675d9814a53f7e293fdcc37d5ecd967c9a49b0e1b38c3587,no,no,0.7932033302425345,1,1
learned_hands_consumer,embed_small_logreg,1,1,325,ca37e43e8db1c44dbbb19c01ee3aa67ed7d3e032717d029d12d8ecc1e8da9e24,no,no,0.7667840490703568,1,1
learned_hands_consumer,embed_small_logreg,1,2,326,2fb4fb6b593cdd7c3e2fd5c6e362a22a579395bb61b602c450cca3538b8e24ef,no,yes,0.5692576169967651,0,2
learned_hands_consumer,embed_small_logreg,1,4,327,c74e1031658129cec56f52de73b243a87d110480b7489b898798c788c64954c1,no,no,0.5478407740592957,0,2
learned_hands_consumer,embed_small_logreg,1,4,328,12a1ea95bdc51debd507323d28586d8cd6725f1b2fb39a9a12ccea37dd723d96,no,yes,0.6830562353134155,1,1
learned_hands_consumer,embed_small_logreg,1,4,329,985ec3dfb0c350854d7b1baac2c3332760dc5c321f1cafa4bfd44c6712e2ced1,no,no,0.5486916140111799,0,2
learned_hands_consumer,embed_small_logreg,1,3,330,335fb0b1b9fad31fa5c37ca3233826815b93d197d51ad6e25f3adb819181b8d5,no,no,0.9822333692927543,1,1
learned_hands_consumer,embed_small_logreg,1,4,331,c1a730a7b254e70e6ac0d37573a2caa83d4df82d7e52868bedaff06ebe6b6878,no,yes,0.5317554473876953,0,2
learned_hands_consumer,embed_small_logreg,1,3,332,2c4155ce67ad13aaa45fffc3554b95daf5261dd7f91fb8fd64dec003bfb9e74f,no,no,0.8983521193757021,1,1
learned_hands_consumer,embed_small_logreg,1,4,333,6ceaa70ea927c42a727227f3a30b6f624dcea1bc117cb238827bb15af9517c39,no,no,0.7277427694874177,1,1
learned_hands_consumer,embed_small_logreg,1,3,334,7d6f93cb8182ac12b92485985653cd0fd562085122909d87b4336f6ee3e4666d,no,no,0.8692713042876513,1,1
learned_hands_consumer,embed_small_logreg,1,0,335,cf8776ba226b044303c6bd7ec8aa16cfacbe82cbb01b00fe365ab899a5adc5f8,no,no,0.5768110752105713,1,1
learned_hands_consumer,embed_small_logreg,1,2,336,63d2423f809c612df5098e911ca5ba908d510a563c38c6d97d504e390d18c390,no,no,0.925472935858509,1,1
learned_hands_consumer,embed_small_logreg,1,4,337,52f14dd7aea76b56f013c46377c11006c81b564a73a8fa44e2a4843c3f9ff85e,no,no,0.6034637689590454,0,2
learned_hands_consumer,embed_small_logreg,1,4,338,cd0992eca3b3ebd4ffcc36e8430e138824f9b105e6764dedf74a8ce2d5549fe4,no,no,0.5707431861536746,0,2
learned_hands_consumer,embed_small_logreg,1,0,339,5a8803fcccb50853b2c3856ee82785bd156f862dd26d34c99efdea4519a7e214,no,yes,0.5583918690681458,0,2
learned_hands_consumer,embed_small_logreg,1,2,340,617fea7762c73987c8e9da050c8cae25a1aefb6ea95ff5d081b8e51f028dbf2e,no,no,0.9829305392076624,1,1
learned_hands_consumer,embed_small_logreg,1,1,341,d4093169f98d05e7565a5542038529f1fab35b60cfe43127811daa861d935feb,no,no,0.7907817363739014,1,1
learned_hands_consumer,embed_small_logreg,1,4,342,e8a22694731ba2e5a7312f7d4a02b03f7e4bc081c76f7068d665ec82ab92f3c7,no,no,0.5797152519226074,0,2
learned_hands_consumer,embed_small_logreg,1,1,343,7a0a05fc729a8f64cbb6ca9c295a3805e152b645fbd81571861db6a5918d5618,no,no,0.961650855553529,1,1
learned_hands_consumer,embed_small_logreg,1,2,344,1de94b175a0dc3b16576ef02ea9b734786aa3bc35b5be8fbeb644479593c01bd,no,no,0.8765639532124407,1,1
learned_hands_consumer,embed_small_logreg,1,3,345,7eba9bd21b877177f0ea63bb88313953a4c47a8eea950c93500fbc398e54e665,no,no,0.9139905640035164,1,1
learned_hands_consumer,embed_small_logreg,1,0,346,aa01251703c5de088b207ee1e21487e51f88caf08d8d578aef87fead3ecefced,no,no,0.555040700583437,0,2
learned_hands_consumer,embed_small_logreg,1,1,347,e9f5e96f340dd75e497ed93a4a1e722cfce986d2cec52aaa027ca7778586ad19,no,no,0.6640327970971823,0,2
learned_hands_consumer,embed_small_logreg,1,3,348,4b9f93fed8e41a2a2c5f0994cdca3aca0eda1b96dbd2f74d5afcd2a43889c2e8,no,no,0.9329668144439636,1,1
learned_hands_consumer,embed_small_logreg,1,0,349,f05855943024f908afbb53b1527e164e7e5e5ad16ec0192747e08513f2bf77c0,no,no,0.6490042209625244,1,1
learned_hands_consumer,embed_small_logreg,1,4,350,1c49793aa9d1312bd32ea93d0d8c4aefe10836b786d8cadf7c97738717ce9d31,no,no,0.7899132849288988,1,1
learned_hands_consumer,embed_small_logreg,1,1,351,580b5ac0770fb1b9a6472f9a88911a26a88cc2d70c1aa230e26ba6905581d32b,no,no,0.9085348912219322,1,1
learned_hands_consumer,embed_small_logreg,1,4,352,d1a95b753ee546201b5cf71e8a8910ffb93f06b981363dd24190b9627693f2cb,no,no,0.761006522759698,1,1
learned_hands_consumer,embed_small_logreg,1,1,353,f123cdff3722febd99751bb5a64770c85fc6707f63c07bae56510ead6672a690,no,yes,0.6702758073806763,0,2
learned_hands_consumer,embed_small_logreg,1,1,354,013a1816aae065dc4d8f6a910347c85c867197f1497645a47e5cb14cab38f57e,no,no,0.8673069606320107,1,1
learned_hands_consumer,embed_small_logreg,1,3,355,d27505c28fcef3d7434ea6bd8d7130e051f02503586c1526d71160be1310e40f,no,no,0.9626423192221099,1,1
learned_hands_consumer,embed_small_logreg,1,4,356,1130e23cb8e7f0a6fc9e659f4c94b732fa1953b7a98b3a9fcafb074532c54af8,no,no,0.714897096157074,1,1
learned_hands_consumer,embed_small_logreg,1,1,357,9a69a9f0e0418372ec3def21b9ce927af42a49df1d185967290ada823319ad8e,no,no,0.8482980601743153,1,1
learned_hands_consumer,embed_small_logreg,1,4,358,d0b3728beaff318ee83ad916c45c5c6802c6634bab63d6de065eff3af6bb2839,no,no,0.7451935784461028,1,1
learned_hands_consumer,embed_small_logreg,1,2,359,492cdbdcc254342378744c1f8b9dadd066628ace9a1a65a515633708701c9342,no,no,0.623837411403656,0,2
learned_hands_consumer,embed_small_logreg,1,4,360,7c272499aa6af5b9c7b2de749a65adfa813cdc4061012c6f9a62fda253e08104,no,no,0.7487311959266663,1,1
learned_hands_consumer,embed_small_logreg,1,3,361,e09a2160df994ff65eac81266e80dbb544860bb0bf9a7322caeeaddef40d8ffe,no,no,0.6153249557219459,0,2
learned_hands_consumer,embed_small_logreg,1,2,362,7c408b03bdd1535120a56621fe2fc9d7c4ef4b22699b623e4970ee45767ebba9,no,no,0.9531699802017961,1,1
learned_hands_consumer,embed_small_logreg,1,2,363,c41ad8c362d3233072dfc9f51c09010958870b25d095046a29cc7e47cafd392d,no,no,0.986421184386668,1,1
learned_hands_consumer,embed_small_logreg,1,4,364,67f538667db398f86344c56348d00c791c1ec9ac0aff37d556bb99dd32897983,no,no,0.7062792181968689,1,1
learned_hands_consumer,embed_small_logreg,1,3,365,ddf035db365fff2212de2488a54adb763abc3e92a2dad325570e9d3251388841,no,no,0.8118005749046631,0,2
learned_hands_consumer,embed_small_logreg,1,2,366,aee3ace2d8ef27f3660fab84d93dad6ad86bf221676864042357c5e92059a85e,no,no,0.9766944810566498,1,1
learned_hands_consumer,embed_small_logreg,1,1,367,9913f5e62a1afcba67bee35c05d650381598f5b2c1380d1bb2a0f2ae1cc63e6f,no,no,0.9061882889377708,1,1
learned_hands_consumer,embed_small_logreg,1,0,368,00c018554b47c9496be37e1420e4483569efc3e3631c681205edc2ebb9c5b095,no,no,0.5467106103897095,0,2
learned_hands_consumer,embed_small_logreg,1,2,369,2c68763833a784dd4f1a5569f0af102d4fcf6b344f917b9d6e68c91bf223385f,no,no,0.8448876612650207,1,1
learned_hands_consumer,embed_small_logreg,1,0,370,c585104773d1883d86927f2b034566efd206fde08fe7e1d63efcf06f6ecd9275,no,no,0.5400304633369903,0,2
learned_hands_consumer,embed_small_logreg,1,2,371,7387a5e5fad938d7e99b2c7c1f6e1158d97aec42e8d1218a21f1bfbd2e5ccac3,no,no,0.848078740359526,1,1
learned_hands_consumer,embed_small_logreg,1,1,372,8a778c2a7882c353ea19f4b4177b18f73596a4d0bdf7c066488b237259d5c92e,no,no,0.7713072299957275,1,1
learned_hands_consumer,embed_small_logreg,1,4,373,66c80303be317d1ece0aedd4cef8d908db80607ebada9bb9e122cc5c60b05acd,no,no,0.7723725072256478,1,1
learned_hands_consumer,embed_small_logreg,1,0,374,844bffeb2e27126213a382107f2bfbd2eeb29a0aa34b39db7c237d94aa21dc6c,no,no,0.6947871239546799,1,1
learned_hands_consumer,embed_small_logreg,1,0,375,ecc85367e5cf37586c263dedf5b348a050bbdf6b9249645651c148dca3f30d6a,no,no,0.5443193912506104,0,2
learned_hands_consumer,embed_small_logreg,1,2,376,2e572efe17abde9794ed1ca8e76aab48311dffe6e5f091aaf53a537351a6ec4b,no,yes,0.5266312956809998,0,2
learned_hands_consumer,embed_small_logreg,1,3,377,8339831d993a8f59979c34ab2a332854935bb45ade809ebc382fde5b95859c6d,no,no,0.8278830298150489,0,2
learned_hands_consumer,embed_small_logreg,1,4,378,42142d842605f05b949df18cb8a99bb35cb5a3e606e1f59cff43626743752be7,no,yes,0.5542386770248413,0,2
learned_hands_consumer,embed_small_logreg,1,3,379,84f150b50421abc72aea1ff2b9e810ed64fba7c4f9d5ac41a9be6e901d2ee310,no,no,0.974523760947799,1,1
learned_hands_consumer,embed_small_logreg,1,3,380,e87ddebafaf120552bd4e34cf6953ec369024fb7fc6e707e8c74058e178b1363,no,no,0.6791125333573659,0,2
learned_hands_consumer,embed_small_logreg,1,3,381,1338d4a9807f0d53047962b57d76cf583420487b44853e8aaab6f0d6d454688b,no,yes,0.5137445330619812,0,2
learned_hands_consumer,embed_small_logreg,1,0,382,ec007d3323dd2053bf052016919bc0af90796fa0ca1b0409c6082066ee97a50b,no,no,0.6108484268188477,1,1
learned_hands_consumer,embed_small_logreg,1,2,383,d2cd0e5ee933d888b506be5632aed8062b91258070bea77b00cbf7a570a68547,no,no,0.9270271339126567,1,1
learned_hands_consumer,embed_small_logreg,1,4,384,b6426951bbccc28e0d00959ce601a50cfdbc42f0b030169fc40a2d195b99f4ce,no,no,0.574910385164309,0,2
learned_hands_consumer,embed_small_logreg,1,2,385,a7f2631f19f997f8dde0f842d8a44c6be3a43a0e33208d7f010eeb998aedd90a,no,no,0.5681411197227574,0,2
learned_hands_consumer,embed_small_logreg,1,1,386,ee780d03a703ecf7ba9c48251e78cd4e9b7af05645ad48fff61fa919cf492135,no,no,0.7329818606376648,0,2
learned_hands_consumer,embed_small_logreg,1,2,387,2a45a35e29096acb668fa0ef232d5755b039d19bbf414f441fa03b6c6964e833,no,no,0.9391016504034646,1,1
learned_hands_consumer,embed_small_logreg,1,4,388,db01549ee1c2f8c8cddf1988e9091c11b9c05afae796574b4aa7e58eeebe1ec7,no,no,0.85484778881073,1,1
learned_hands_consumer,embed_small_logreg,1,0,389,63faab04056ecaa75521d5f981daa271b06f41399397a77f5b18772f7982501b,no,no,0.6135321259498596,1,1
learned_hands_consumer,embed_small_logreg,1,1,390,ae83caf06a839c78cbe1c040b85f5774b377a68c7cd5ca4e2df1e6b808f5c1b1,no,no,0.9594717514573959,1,1
learned_hands_consumer,embed_small_logreg,1,3,391,9a3dd5e4246141a2e5cb3351f2f44bd41b29e28912043c8883ba1ee127ba989b,no,yes,0.6871411800384521,0,2
learned_hands_consumer,embed_small_logreg,1,4,392,df2ca5f08012ee422366badb625b7e85f8f8d13eeebbc8ec9a4e52cb9755e245,no,no,0.6097753643989563,0,2
learned_hands_consumer,embed_small_logreg,1,2,393,77b2b7af3d2e7d92346d21688da079b282d2e31d80505b4c19a05b664ed10fb6,no,no,0.8981225222908699,1,1
learned_hands_consumer,embed_small_logreg,1,3,394,ce03177700db149631f5a0748437e3e8ce566671b3939640d10d100e63e3fd16,no,no,0.6225044541804655,0,2
learned_hands_consumer,embed_small_logreg,1,0,395,a47f0ccc3396c563d1d54cfa509c381c6e8ffadc05e947351c2c88540f5992b2,no,yes,0.5114092826843262,0,2
learned_hands_consumer,embed_small_logreg,1,3,396,d28d9b72ec96132abafad4420752c4f56363e197e4763aacee93a17b42e571ae,no,no,0.5319280465862737,0,2
learned_hands_consumer,embed_small_logreg,1,3,397,c6571efea3285b8369d41b3dd25ef48c253a0e321fcaeefa5d4e89023afe6cd5,no,no,0.9302041918738739,1,1
learned_hands_consumer,embed_small_logreg,1,3,398,3f37d027870da81cb661495002a1a7fc86a664b28df5b372c3384fa16ab115db,no,no,0.9375917632105422,1,1
learned_hands_consumer,embed_small_logreg,1,4,399,1195fd2a250615c2ef282030a1bd1f0805e2944f0343faea81ddf121d0ccc994,no,no,0.8574198356655265,1,1
learned_hands_consumer,embed_small_logreg,1,4,400,52755383856e91c2af9d9af2cb1b6b5e2474b17de3d5bc750e466a0cac60f774,no,no,0.8267236351966858,1,1
learned_hands_consumer,embed_small_logreg,1,2,401,79a5f35751c76695e1441ec78b28a225fca1c41ea9c82882b2fc5535aa52607f,no,no,0.7039137482643127,0,2
learned_hands_consumer,embed_small_logreg,1,3,402,e8b28f4ace8f9d83a962e68403786fac2eb9f58c6f2f6f2fb4f640879cb943c8,no,no,0.9951144642217916,1,1
learned_hands_consumer,embed_small_logreg,1,3,403,49b50604e1e593b1474257b9770d20e0a60ddcf54a8b6890e153124f746b8275,no,no,0.9739210460495793,1,1
learned_hands_consumer,embed_small_logreg,1,0,404,9d7dcd2eae72e13950ca10701a907c961252af1dd61008203f0937eed002f2d9,no,no,0.6182888746261597,1,1
learned_hands_consumer,embed_small_logreg,1,1,405,3f5ca9261b2891516e2a5d24447411595d9562c1ff20862e0b1016f7ff1c32e4,no,no,0.7494898065772595,0,2
learned_hands_consumer,embed_small_logreg,1,1,406,4e20b69b4d085a8af12bd1e5f9d7e6232d82ab680cfc25e9a64195c6513cabd3,no,no,0.7311098357704331,0,2
learned_hands_consumer,embed_small_logreg,1,4,407,9000d55fade254c6ca05e4c143c5341da66479eca3cc7fcba053382ab0a06d2f,no,no,0.7695430287854961,1,1
learned_hands_consumer,embed_small_logreg,1,0,408,1d4a66a5ebbe0fede76d2d78db8f5fc9f6c99b17daeca5cfecf1d41b10cf80b1,no,yes,0.5686298608779907,0,2
learned_hands_consumer,embed_small_logreg,1,0,409,c6ab1cc27fcf3c46640e8614bb3cef65334f694f0dc7ebf7c14f0f95ff582cff,no,no,0.6059337673803041,1,1
learned_hands_consumer,embed_small_logreg,1,2,410,2808314a91f63cd0f210000ca0d99e536b41a5ef2a38b09b99706154ed097563,no,no,0.8125458713607231,0,2
learned_hands_consumer,embed_small_logreg,1,1,411,add411cc48fc3dd30ad7eef9eb447a04c306289987db61ee0f1a60eec669366a,no,no,0.8957168526628378,1,1
learned_hands_consumer,embed_small_logreg,1,2,412,c5e98cba61f5b7e99d394fd52e37b44f2fa2d4bd59a64a4fa6df5eb9c7d968ee,no,no,0.9902895332756712,1,1
learned_hands_consumer,embed_small_logreg,1,0,413,b065f229dea495ea981117badbe33bbb78f927032d079f6b45b57b9ff319ee3f,no,no,0.6015087366104126,1,1
learned_hands_consumer,embed_small_logreg,1,0,414,ba9af4f96d08829a0c9ec6aba9efeff3a00a2093dfdfbd72c8bd45f2bc9e6a69,no,no,0.5417629641819883,0,2
learned_hands_consumer,embed_small_logreg,1,3,415,5d18d68c26e2f66f512fe9593484b459f2bcea6aa210183c392cf7ad40ddb4f4,no,yes,0.7204307317733765,0,2
learned_hands_consumer,embed_small_logreg,1,0,416,e78402c565c5685cfe8d6f3023b3e7d2a6cacb870295e754ff3c7bd88851a1a7,no,yes,0.5016451478004456,0,2
learned_hands_consumer,embed_small_logreg,1,1,417,83791c54b327f91dec027e1575b5e0d327a0464147f41406fc441098e5403ca6,no,no,0.94151423257185,1,1
learned_hands_consumer,embed_small_logreg,1,2,418,2054be735fa66a7be473f7d8d284cc496f2873f3c0ac26935232ccd60f9de832,no,no,0.957765982184321,1,1
learned_hands_consumer,embed_small_logreg,1,2,419,bab1e0749854088c9ef136c8cc309c034a76a764cfc21fc0ff53362e4861636d,no,no,0.9202243226800013,1,1
learned_hands_consumer,embed_small_logreg,1,2,420,27beb276d0fba5a8e870d21c77162c178327fc1ad4e1c391cbb90aa0b33604e5,no,no,0.6341972947120667,0,2
learned_hands_consumer,embed_small_logreg,1,0,421,a1f504238378627ada42e6b4a5188dc174b5f75652a150163843892064abb22d,no,no,0.5527434349060059,0,2
learned_hands_consumer,embed_small_logreg,1,2,422,a005428946110152b42b0ec6663ca35a25f83f6d59f5b03454dc6b5ded6ed03d,no,no,0.9379991188123921,1,1
learned_hands_consumer,embed_small_logreg,1,2,423,9cbbae94185f89046b6054bb9bccf79344fd2aa88fe2a30fc15f75d34aacbef3,no,no,0.9334801574569964,1,1
learned_hands_consumer,embed_small_logreg,1,1,424,3be047961cac24031e53731a39990092e5be49c19c1bf50858f360635095935d,no,yes,0.7464415431022644,0,2
learned_hands_consumer,embed_small_logreg,1,4,425,ce81291a07edef587b6b3aadc6149395b531a8bc2ccd91e5c553fafdef0a6317,no,yes,0.5700944662094116,0,2
learned_hands_consumer,embed_small_logreg,1,2,426,e39dbe75b89613b758ebfbe9bb10832f0a92b0a0f06161e751f68ee02db8bc9e,no,yes,0.6484265923500061,0,2
learned_hands_consumer,embed_small_logreg,1,1,427,77f8b279f1b0c7568831f06897e485c63de90d157e9f5bdffc950d8b5339b76b,no,no,0.9427145018125195,1,1
learned_hands_consumer,embed_small_logreg,1,2,428,196d1c980028958aa696f055758fa3b2f6507b7e90205d1bb8c1232f9ed33879,no,no,0.8488834030759842,1,1
learned_hands_consumer,embed_small_logreg,1,0,429,867ba8abbec80d2ad80edb9dbea0eda8dc5dcbafdfbe36aef9c42b95537f0f61,no,yes,0.559519350528717,0,2
learned_hands_consumer,embed_small_logreg,1,1,430,72af3f1cbcff79519e8d830ce39f1aaf8bc7b8e3c6a420f8e0cd0db3ab43e396,no,no,0.9152649249568192,1,1
learned_hands_consumer,embed_small_logreg,1,0,431,8ccfee9549ab36622cbef033779481a4709533ba1916a502e4daa4bee8356d6f,no,no,0.5711431503295898,0,2
learned_hands_consumer,embed_small_logreg,1,2,432,f86e733c4aa27750c91274e7c1d24ef7fdb6886dedd3cd183e02ae97b21b71a1,no,no,0.5909038186073303,0,2
learned_hands_consumer,embed_small_logreg,1,1,433,4e5a84a0e6bc8a79290a97622c2e27f93f35d3bc1d958a174621ce41587bc723,no,no,0.7003753185272217,0,2
learned_hands_consumer,embed_small_logreg,1,1,434,60115ad7adfb7cd44dc9d3974fa6e91f75d4314b459afb6ad7cf046ec468f5d0,no,no,0.9366455991075754,1,1
learned_hands_consumer,embed_small_logreg,1,4,435,c2f8f30d2f33de3ff6d230fe420907389008f3f32d850a0d46c02bed9d4d96a6,no,no,0.8129521012306213,1,1
learned_hands_consumer,embed_small_logreg,1,4,436,c260b7498f71fe45f1424fd2b9a9839f565e405a7d4dcec0225cc32b31aa3ddf,no,yes,0.5810825228691101,0,2
learned_hands_consumer,embed_small_logreg,1,1,437,946f42d7871538b510e3f3addcd2c214d51128c8b0d1497d15b7386ba0a1356b,no,no,0.779212128806295,1,1
learned_hands_consumer,embed_small_logreg,1,1,438,2ccf77520a102a3a7f63b623e6874716be7a1cf26d8c0f666f6e7470e9e4c438,no,no,0.6732301712036133,0,2
learned_hands_consumer,embed_small_logreg,1,1,439,a701c75cc7ffd4dd2d848114d88c55877c21ca6bc554b06f7a780af98fdede78,no,no,0.8128717420567313,1,1
learned_hands_consumer,embed_small_logreg,1,4,440,1512241f1c901913c1bcb63d7c6958e6e29007920502c9eb4c9eb5dfdc429779,no,no,0.7112190511459395,1,1
learned_hands_consumer,embed_small_logreg,1,1,441,8efb01893e2894f9a68dd4abe86e1aa3273c502cb488596dc29f5385ecaeb2c7,no,no,0.7376424670219421,0,2
learned_hands_consumer,embed_small_logreg,1,0,442,1d2a94502aece3443e17b2cb63dfe225b7a8aeebd081ddb65e6bb2f671212a17,no,yes,0.5012211203575134,0,2
learned_hands_consumer,embed_small_logreg,1,1,443,0163ad6ff34e85877a0adf35a59c1a346599711f69d7bf4891317aada189c78b,no,no,0.713470199302727,0,2
learned_hands_consumer,embed_small_logreg,1,0,444,8bd8da3916ab6140c8983ae16bcdb2e8e857d786d5b0a809729486e67a0812d0,no,no,0.7243980169296265,1,1
learned_hands_consumer,embed_small_logreg,1,0,445,04302b33dfe27e60dab505555f6ba88813973ef1386f0c8b08205ee51891f0e6,no,no,0.6794434189796448,1,1
learned_hands_consumer,embed_small_logreg,1,0,446,1afd1fc0fa21504408f161026b0213f082b591b552e5a77213bf65d60bf4612b,no,no,0.6799777543551399,1,1
learned_hands_consumer,embed_small_logreg,1,3,447,d1d3852aceaedd7f13c819c848f14ecc6dc897da4bfa78ed063ef32ce2ac63d1,no,no,0.8502840995788574,0,2
learned_hands_consumer,embed_small_logreg,1,2,448,04a31af43a0322d4e234770268a71818baa3b9f7193dc123c6ce1e4fb24f3e72,no,no,0.853280246257782,1,1
learned_hands_consumer,embed_small_logreg,1,4,449,a8e84a61c494345c5650ad8117693f333deabc9e041a3b4a22aa1d06393231ed,no,no,0.6806707585057842,1,1
learned_hands_consumer,embed_small_logreg,1,4,450,0854abafaea9b69c2c49c5f64e9f3c95f596dea3588670571b1ed57b744f59a5,no,yes,0.5010113716125488,0,2
learned_hands_consumer,embed_small_logreg,1,0,451,9f25eaeb6f65236347aee880ca9534bfc163ad085b06fa72eeb67b405f5f1d62,no,no,0.6710179448127747,1,1
learned_hands_consumer,embed_small_logreg,1,1,452,cbfecefec8a53e69aa8f367aea02a4727b7ee5554da9e45a38e31f065cc3c169,no,yes,0.9017712473869324,1,1
learned_hands_consumer,embed_small_logreg,1,3,453,bc4a406688a7b5efef17bfb1b4edbc67f35a63b3de8702b8068df824d666583b,no,no,0.7963318706105371,0,2
learned_hands_consumer,embed_small_logreg,1,4,454,1c6dd5d561b55e7031e5f2adc0da0e9723f06c4b23e08e8904fc1e27c13cd9c6,no,yes,0.5489142537117004,0,2
learned_hands_consumer,embed_small_logreg,1,4,455,932d945f027160e21bfd51184d91d8727cfdf60e72226309e7516cc368fdc515,no,no,0.6824883019182592,1,1
learned_hands_consumer,embed_small_logreg,1,0,456,27da743642e6fe9e9f70f9ff5b3c8febcdf419aed6c38e5e67fa09294c9d6ab9,no,no,0.5420347290624759,0,2
learned_hands_consumer,embed_small_logreg,1,2,457,74043fddd5dce444be8d653b1c6f225528ef532997c766cbce4e5c660ade622d,no,no,0.759290240981884,0,2
learned_hands_consumer,embed_small_logreg,1,4,458,f417273fdbac343a73e3321b40e14d3eafed51eea5cb6c8b788b4ea1eb0afd8f,no,no,0.6971634834159459,1,1
learned_hands_consumer,embed_small_logreg,1,4,459,df68371ca953f13c782ca05591a597acc4b878650efb047c1d8da558f203219e,no,no,0.6881582942056148,1,1
learned_hands_consumer,embed_small_logreg,1,0,460,5a1f2ce82b72f9c1266df09ac2c4d257aa3bee8f5b3972e0fc839db712595ca9,no,no,0.6732667684555054,1,1
learned_hands_consumer,embed_small_logreg,1,3,461,0b54969a9e57430db4a328e94f100a2c17ce2ecd53896ee28aa064697a2b1d8d,no,no,0.8479538090222152,0,2
learned_hands_consumer,embed_small_logreg,1,3,462,0bab903026b7c3c9333fbe20f96dcdd314852e6516b76ab0c53d206790eefac6,no,no,0.9743022068585625,1,1
learned_hands_consumer,embed_small_logreg,1,2,463,41fa77f140f955deec510a2825da39c611b3256f06db66f38fab47e7b78d20da,no,no,0.9763439424976847,1,1
learned_hands_consumer,embed_small_logreg,1,4,464,2425edeaa0bb4c18efdb8f3cf3549bd1e238423ef48243512eb592127b04ee0e,no,no,0.6325778772658742,1,1
learned_hands_consumer,embed_small_logreg,1,3,465,987eae7153585e7a2a0d88ba16f6807b131129542c68eb9138781ebed69e8cc2,no,no,0.9021030202821347,1,1
learned_hands_consumer,embed_small_logreg,1,2,466,b24b2625eafa8e1b32b1e246012edbc8db39764b08f08c67c920f3b3350fe9ea,no,no,0.9406494954131619,1,1
learned_hands_consumer,embed_small_logreg,1,1,467,35b9bab2880db0b2d36d825afd233bf57bda9e5eef479a37b70a41a36c5a5879,no,no,0.7826204779353667,1,1
learned_hands_consumer,embed_small_logreg,1,4,468,6f958da8adbf8531a95cda9abd9c5210f97bffa964d37b7cb0442bcb31d14c37,no,no,0.660030742288552,1,1
learned_hands_consumer,embed_small_logreg,1,3,469,9e30b352d1c79225ed762c8ded34d155a8f1a9acb805c8f881ea24631aafaca6,no,no,0.9893491781278116,1,1
learned_hands_consumer,embed_small_logreg,1,0,470,6b2d81f7309dbbad5fd9af0af6a0d5e5c76e6ba2b87feadee3468b273edf16ad,no,yes,0.5163285136222839,0,2
learned_hands_consumer,embed_small_logreg,1,4,471,eaaf0b7320c280140ad331ea0601675c5fd7ff6a885286c80d46ea113a3cab17,no,no,0.821988510757856,1,1
learned_hands_consumer,embed_small_logreg,1,0,472,4e19f210464ca73a7f7a58cd3218cec482dee93c4f53abed18732ac581733e3c,no,no,0.5868807435035706,1,1
learned_hands_consumer,embed_small_logreg,1,1,473,4115fad9f9b83db5ecb78a9be61669ad1018516abc1227f075d62f7563f98f22,no,no,0.9323059985958486,1,1
learned_hands_consumer,embed_small_logreg,1,2,474,f0cadb5492e0ec183a3a3ea7616ae472ae6eff8bbcd445c563fa7c23da261ca5,no,no,0.7514859437942505,0,2
learned_hands_consumer,embed_small_logreg,1,3,475,531a57b154dbd769d4108e15531d27140a960b9c18d233351c7d62f188b8f6f1,no,no,0.9734036471456833,1,1
learned_hands_consumer,embed_small_logreg,1,1,476,8fa4139dbe239bba25434909e55f2fa80c50269832bb68550d65299db5619836,no,no,0.898533754806714,1,1
learned_hands_consumer,embed_small_logreg,1,3,477,9aec94ea158756c81b27ab95c8b331de3d51619d6ed22d22437d837182c56810,no,yes,0.6057376265525818,0,2
learned_hands_consumer,embed_small_logreg,1,3,478,dc31283a842264461700a1d07d553bc3be03295a75df6770fa6c06015b16fc4d,no,no,0.9615832316462598,1,1
learned_hands_consumer,embed_small_logreg,1,2,479,d8bcfed355b99213c89ac1a9ff427c6c4b1ed05f140ef324e243fdff43ed062e,no,no,0.9314260552184734,1,1
learned_hands_consumer,embed_small_logreg,1,3,480,01de597cf467f8e74cdcd5967327e64399908a15ce5348852dd9dd952a970715,no,yes,0.6928048729896545,0,2
learned_hands_consumer,embed_small_logreg,1,3,481,6d3f546cc7e65f909112f42a52f7c36c1144c6845909f5c0f68d093fbfcdd8fe,no,no,0.7401033860475834,0,2
learned_hands_consumer,embed_small_logreg,1,2,482,76ed3dfb2ec9e6a39f0bdd9bfc8057cdacba2af71015e9bdb02dc0313489169f,no,no,0.8884405361348311,1,1
learned_hands_consumer,embed_small_logreg,1,3,483,931e120b8c3a8979cf4a37513bfbbf87c5b064b350a60733e2408dda7477646e,no,no,0.9934873068159313,1,1
learned_hands_consumer,embed_small_logreg,1,0,484,cecaae8addd481078cd53a5a69e5d8da4b6a98a516613269f4137b01782983d7,no,no,0.5703014305323789,0,2
learned_hands_consumer,embed_small_logreg,1,3,485,b07d2a4ff6a8dceaa18e35705a350c09b7e7f46cd67cf1e630b3cf325c46cc0f,no,no,0.9513145933270535,1,1
learned_hands_consumer,embed_small_logreg,1,2,486,012a4657825e2d7e50ec63501a9322690acfd4226e288797e79c2df8d26962ba,no,no,0.9052480065505506,1,1
learned_hands_consumer,embed_small_logreg,1,4,487,20b699538b4fb5aba69b8c97153f171766a2c4674e8e33eac9eebb1206529fe5,no,no,0.7997186422264171,1,1
learned_hands_consumer,embed_small_logreg,1,3,488,c837c365cb2af81ad03b9121ec3ef43ab40d330362b3b4a17acbdc6fe37d85d0,no,no,0.9712527809431258,1,1
learned_hands_consumer,embed_small_logreg,1,2,489,ed3eae30ccd079f9f129d55e81fae1839ca02ea3e96d61c56b1ccf55fe84687e,no,no,0.8761763107206868,1,1
learned_hands_consumer,embed_small_logreg,1,2,490,18d65e6e4ac267b954fab721a8d2cabcf4346e461537cf69de5e72f51a7c5a79,no,no,0.9588795900344849,1,1
learned_hands_consumer,embed_small_logreg,1,1,491,1de0c196d21d27621ca7c6e1b0386331881a85a41a05c700ff3c5d698d48eaae,no,no,0.8479869365692139,1,1
learned_hands_consumer,embed_small_logreg,1,4,492,daaaa7023a2b99c5064d440cbb801b79c0f04aca364a814e84dc1c4dfc3865d0,no,no,0.5292521557434751,0,2
learned_hands_consumer,embed_small_logreg,1,0,493,ba5d6e2c09e4d63bb1beb689879578b510654791dece0cda170619655fbe60bd,no,no,0.5993192374503385,1,1
learned_hands_consumer,embed_small_logreg,1,3,494,0769d7b7837170d8be575bfc0f6247cb8aa473af2eea89363f68c41a10d2c7e0,no,no,0.9403781364886323,1,1
learned_hands_consumer,embed_small_logreg,1,0,495,cc8b2d0978320bbe51dc5e4b1de74ef4b9b277de2e23e12d234df5eb07e460e7,no,no,0.5572975873947144,0,2
learned_hands_consumer,embed_small_logreg,1,0,496,e613741978772ff2af35a8e2703f6574aa51e0f59b958d0ac40bd784a691696c,no,yes,0.5340848565101624,0,2
learned_hands_consumer,embed_small_logreg,1,2,497,30fc1431cc1bd1aa3cf2160a194f94ab74b259ec3b1a245d9a44d4c7cd36702f,no,no,0.9739102397275224,1,1
learned_hands_consumer,embed_small_logreg,1,3,498,3e84f9a77980c8201610e1fcd383fac5825e27ba6d5747b53d07a15d820d1826,no,no,0.8827646970748901,1,1
learned_hands_consumer,embed_small_logreg,1,1,499,45f440261959716e956eeb1411ef4686bed9e9775d8fda7f31816a338fa7aa25,no,no,0.9466353094079916,1,1
learned_hands_consumer,embed_small_logreg,1,4,500,3369d09eaa0b33274bebd84d0cf53afc9ebc6dd6dbc8f7ea6cdc98d71324c90b,no,yes,0.5752490758895874,0,2
learned_hands_consumer,embed_small_logreg,1,0,501,310cdecdcb36d755a158b4b234f965e433bc5d653ce95ec34814c492542b6e9d,no,no,0.6263298988342285,1,1
learned_hands_consumer,embed_small_logreg,1,0,502,3f4cf00bdfec2adfe98cd9ed014b1bda2da6b65d534ee0ae60f5a1f4cc7d8bed,no,no,0.7366448860360648,1,1
learned_hands_consumer,embed_small_logreg,1,1,503,bb5add493ea70afa2c752943a32010d534375afbf274f76364f5fd08c8551486,no,yes,0.6040244102478027,0,2
learned_hands_consumer,embed_small_logreg,1,1,504,04a671661b4a945504156fd0073b7bf79e85f7d32382c0d0180634ee46e850af,no,no,0.9092391729354858,1,1
learned_hands_consumer,embed_small_logreg,1,2,505,fd1fe8184fbcfa582a0b2176a6b8d3a33eb68e84c3e941c4565a70212f082b27,no,yes,0.6861953735351562,0,2
learned_hands_consumer,embed_small_logreg,1,0,506,231ee3f5f275519cba825473068fc96cf01d3913b5d14fb747b2bda5abc8ab6f,no,no,0.6519229412078857,1,1
learned_hands_consumer,embed_small_logreg,1,0,507,6739991faf5aa8fa1e6c64dd6d08390a1287fc09742cac2994b33432d5338df2,no,no,0.5416738986968994,0,2
learned_hands_consumer,embed_small_logreg,1,3,508,37ec98dd44986f754e0baa73863d4c9210b359d2ba344ae645cbc8abb39da92f,no,no,0.9863769356922604,1,1
learned_hands_consumer,embed_small_logreg,1,1,509,b49a2505659c683cb11a3df13847ac8045a46adfd8192d2c76391a8803a1f4c8,no,no,0.8957202897113519,1,1
learned_hands_consumer,embed_small_logreg,1,2,510,a8217fa585bcf051c42ce021792455104c0b30538cee9d1851b1d4287e25e0f1,no,no,0.8315835719046529,0,2
learned_hands_consumer,embed_small_logreg,1,1,511,e9985a996c1b2327f2216eff3e962fc84a378f193e0d95ba12e5529bf99d15a9,no,no,0.9196242758603712,1,1
learned_hands_consumer,embed_small_logreg,1,2,512,df1f494b116ab1943fdfa5b41fa750c836fe604c800651280911f0dc4580a3f8,no,no,0.9479621931303202,1,1
learned_hands_consumer,embed_small_logreg,1,3,513,be04d6d56aebd1e9f64044842226e835ae6154a25190109a1e2e0693bee8e9c3,no,yes,0.537415087223053,0,2
learned_hands_consumer,embed_small_logreg,1,3,514,da3a06f0dd47af3a2b4ad51ae4de160a3f203e163224d6995c3218e0611096d0,no,no,0.8314054956613334,0,2
learned_hands_consumer,embed_small_logreg,1,2,515,5c56a2375937744f352e8a6ee8be863d82c01648dadf59d6e0540e4d4cd3aa63,no,no,0.9745112457878446,1,1
learned_hands_consumer,embed_small_logreg,1,2,516,77ff7a6cc1e79bc95cfd0df1cf2351b19e130cc482374a04d5967c1a85d54773,no,no,0.7484287992588043,0,2
learned_hands_consumer,embed_small_logreg,1,2,517,4a00c73ae7c6524fa4c17e987d72c3f6fa272236cacd79ed166db4d45eebb2aa,no,no,0.9060980351596485,1,1
learned_hands_consumer,embed_small_logreg,1,2,518,57d7010f1071da7d8e1852e639021c19ce4b58849818194549f19da7d793ed5c,no,no,0.6229585223508322,0,2
learned_hands_consumer,embed_small_logreg,1,3,519,b0346537dd7db9e6927d457dddb797ca2160ccc494e76289b9cefcedf036ceb3,no,yes,0.912825882434845,1,1
learned_hands_consumer,embed_small_logreg,1,0,520,c2be9f06745a8c52db0133bd1fd943903f7fbaa625b0d3d34c2fce9d0ae875e0,no,no,0.6763381958007812,1,1
learned_hands_consumer,embed_small_logreg,1,1,521,75d05aaa2c22410aa8b7fffcafce5468bcd99117194cefbea4e1ac86f5f351f4,no,no,0.5943284034729004,0,2
learned_hands_consumer,embed_small_logreg,1,4,522,db05d6507e5e3fa1d10142d3d8a1447182ad4bbba3e4a8370275f7fa482603f1,no,yes,0.671133816242218,1,1
learned_hands_consumer,embed_small_logreg,1,1,523,0cd164612e455d558e41fa9eeac7cdf9afda934ca9be5ff6ca58723a0d4f1a00,no,no,0.72338511715487,0,2
learned_hands_consumer,embed_small_logreg,1,3,524,64748ff82f5a0b3935c4b036e55eaa3dedc4952ea2df451bb4489eeb560981ca,no,no,0.9499204123395666,1,1
learned_hands_consumer,embed_small_logreg,1,0,525,b84cafbdf8906d4952f89b6677c260f193b288cde9bd9a044da00429a5c1788c,no,no,0.6757693290710449,1,1
learned_hands_consumer,embed_small_logreg,1,2,526,c2c2b5dbf3e12a911a20a8938927cbc7333ac84a79c8659cefb4366be01ff7c4,no,no,0.8733100425200171,1,1
learned_hands_consumer,embed_small_logreg,1,0,527,60c6f915b166a49f3d467e29663aefd916fdb4febc3aed6e9f86dc861d89cdb0,no,no,0.6404125690460205,1,1
learned_hands_consumer,embed_small_logreg,1,4,528,5b8d9992b62967320c49f0330151d6b9b87e86c8b4abbfb6622903ab97a5142b,no,no,0.8104085326194763,1,1
learned_hands_consumer,embed_small_logreg,1,4,529,57d3ccebff848e81befa244f69489b9a171ab42168f6bbc6325439c85b7b0df5,no,no,0.8049328923225403,1,1
learned_hands_consumer,embed_small_logreg,1,3,530,dcc018d1aaf56509688079bc8783b9b23e0de1b677409b02d41284d2fca9040c,no,yes,0.5253893733024597,0,2
learned_hands_consumer,embed_small_logreg,1,2,531,4d5492ff6e79ebaf69bd06ebbeabe63809050a927815a156c8a8972229eba0ba,no,no,0.9469133019447327,1,1
learned_hands_consumer,embed_small_logreg,1,2,532,ca3ecf1c1ef162d48d1f7e17896f1037dde115892608733e846ec86140631f89,no,no,0.783903467895039,0,2
learned_hands_consumer,embed_small_logreg,1,3,533,0305a9b842d8022160096d7a46730fab12122cf58393b7bcfe6ad6852162bdcb,no,no,0.9620439410209656,1,1
learned_hands_consumer,embed_small_logreg,1,1,534,3d57a7bd684e91a426d743d44a7a8feae1ccc11b7320dc7c64cdfff7f5651caf,no,no,0.8177164318817323,1,1
learned_hands_consumer,embed_small_logreg,1,4,535,f5d5f15ce9ba190a7120001abc42f1cf21e20e7f2a019fd07a91090882dbd6f6,no,no,0.7928211211088467,1,1
learned_hands_consumer,embed_small_logreg,1,3,536,903fd0d792e220feea54ad37c84686d6e6b8e59535fa16d13bc36658f1fc28c8,no,yes,0.9029394388198853,1,1
learned_hands_consumer,embed_small_logreg,1,1,537,9d9b4526cbe24d2a6f2890adb86aace884014a95851e78352d3f4ff1cdcc50dc,no,no,0.5540050864219666,0,2
learned_hands_consumer,embed_small_logreg,1,1,538,30a2b5df9ae4ed2e010f7c2d068372ace7e2577350940484bb48430ae9ea7278,no,no,0.849072192636961,1,1
learned_hands_consumer,embed_small_logreg,1,2,539,14dd48f8f89acc71cb973a464b51478fbbeeac5361ae069ccdf18c010692573b,no,no,0.9895615550049723,1,1
learned_hands_consumer,embed_small_logreg,1,0,540,60cec153bbc5f214e7135f4d89ed8528e27743234f4739a1eb92e34f1ff44d86,no,yes,0.5241765975952148,0,2
learned_hands_consumer,embed_small_logreg,1,2,541,5588471057013e09e22216f158d5fbdc584f612606d94687c13be4b2e55f5896,no,no,0.8683100342750549,1,1
learned_hands_consumer,embed_small_logreg,1,3,542,dc192552b483d0ac3a6d1651b8e21b40837a9426816d9e3f64498e131d76e734,no,no,0.747167706489563,0,2
learned_hands_consumer,embed_small_logreg,1,0,543,f1f6e92601fdf06f7ca1a57e7556c20884dc45c096f396b9e825f5e32c0f7a59,no,yes,0.5468475818634033,0,2
learned_hands_consumer,embed_small_logreg,1,3,544,3c76189ba90d25579e258776ba63c3c30d8b7d53a978703cf331ee251b4e5890,no,no,0.9492550982245606,1,1
learned_hands_consumer,embed_small_logreg,1,1,545,43a6bc4480553f9b0a214f75f6d48c8e8ce7abc4b7be882e01a9e9df8108a1b0,no,no,0.9241413863567698,1,1
learned_hands_consumer,embed_small_logreg,1,4,546,3da37e63dffad75b2ee9a58d491a68e212af0b7d71ac858045a8657165bfadd2,no,yes,0.5695955753326416,0,2
learned_hands_consumer,embed_small_logreg,1,0,547,58137e64ac41ed8e7e81d207383d87b5226b5658728837915a21ffd225d0754b,no,yes,0.5201433897018433,0,2
learned_hands_consumer,embed_small_logreg,1,1,548,c9760c7df4fc3eb826bfb31e080137911ab35ae7f2295614373536be38ff7a63,no,no,0.719887039658041,0,2
learned_hands_consumer,embed_small_logreg,1,4,549,f68d2b36b0aa1fe05ff7cfefd1bef8b411b59bfd2547573231a9358ce4a847af,no,yes,0.5040841698646545,0,2
learned_hands_consumer,embed_small_logreg,1,3,550,9d038dd0243eecf6b7473c2626d4e82af31cbb7798372022403db2c53aac85c4,no,no,0.7561815268370282,0,2
learned_hands_consumer,embed_small_logreg,1,2,551,1f966f4c818ddbda27cb669513c943ee46d73d5252c0de4770bae3e0b1407c6b,no,no,0.7787492507323399,0,2
learned_hands_consumer,embed_small_logreg,1,2,552,47f5ff1d7bfe7621611a502c23a7ceff9d308e2a1dabd5f29755fb341ed42da2,no,no,0.6924775838851929,0,2
learned_hands_consumer,embed_small_logreg,1,3,553,d4edcad2012a13062a63322c80d9dda6748d539f3ccc68a8ca8515cbf779e532,no,no,0.990124929806684,1,1
learned_hands_consumer,embed_small_logreg,1,3,554,ba2d5b4602e83fd349fad98b24b38a99bfe1443da99a67d27ba98c8d58a7b182,no,no,0.9690804264899993,1,1
learned_hands_consumer,embed_small_logreg,1,0,555,a6dd6a0f17139acfd501f939d766455a6f082f486b04d50843f5897c950f5a6b,no,yes,0.5622349381446838,0,2
learned_hands_consumer,embed_small_logreg,1,0,556,a1ec095ee15753680fa1dcc2cbce2e048c960c54a4c671af2b889ff01c2a78b1,no,no,0.5508657529692127,0,2
learned_hands_consumer,embed_small_logreg,1,3,557,f50ac2f7ee90df358f730bee0cc541912730af6dc27f334b51ce011788751780,no,no,0.7962339520454407,0,2
learned_hands_consumer,embed_small_logreg,1,4,558,6dbf7b018c755e5418a5bb8020c0e3e0b3b6c2802141270907880a6f7cf37e03,no,no,0.8189996954947756,1,1
learned_hands_consumer,embed_small_logreg,1,1,559,8028cfbd1a2e6305634a58811aaf0ab86462c0aba3c14fb71b4e2d5c466e76ed,no,no,0.937562223756454,1,1
learned_hands_consumer,embed_small_logreg,1,2,560,9a51675376b7b3914122130018ee7839fc678cd936b6b9ab2de64d3095595d93,no,no,0.6380461644544054,0,2
learned_hands_consumer,embed_small_logreg,1,2,561,46db7874bb17bd0bfc4da9f20d511677c89d9d72e7616f5d2fea321d16a4d2c8,no,yes,0.5230677723884583,0,2
learned_hands_consumer,embed_small_logreg,1,2,562,703e4efa32ffec639b9f5832aba111107a1d6a46aa78b9f0bcbf55786e115a58,no,no,0.9538535298061831,1,1
learned_hands_consumer,embed_small_logreg,1,3,563,7deec0af5174e4beb0d092237b7a51ba2fdd2750e9d0d6b70fc7c0a7dd3274b5,no,no,0.9856179549339945,1,1
learned_hands_consumer,embed_small_logreg,1,1,564,9f89ce31649f5aadaf8602b1ec128212bc82f53bdd4b070be2656d39389bfd3a,no,no,0.7324376702308655,0,2
learned_hands_consumer,embed_small_logreg,1,1,565,52c676261b9c0ec1700eb1af704f89bafe5d3cc2fcde6e3e53ec8d62cdd6d2a4,no,no,0.8487958781600613,1,1
learned_hands_consumer,embed_small_logreg,1,0,566,46c570bb238fa00c335738e90e9894fd264ea59da9a43983805ace67cda3babd,no,no,0.6878603491824762,1,1
learned_hands_consumer,embed_small_logreg,1,2,567,0cce10f57330f13a1fa4583d7fcbaea0ea54631244d26f8a6d66cacba2bc5e86,no,no,0.8459168420458781,1,1
learned_hands_consumer,embed_small_logreg,1,0,568,23d530283c7fa6d23eb17ed2448ff4204346f82e1ff6bba839e171c25a835f45,no,no,0.6582607227045513,1,1
learned_hands_consumer,embed_small_logreg,1,3,569,1c260489f250e26aa71f0f67af2d93564ae951b62570cc33391ef77909e9ff99,no,no,0.9278753330716838,1,1
learned_hands_consumer,embed_small_logreg,1,3,570,a069da037392da85deec01ab7ac053f17bb4d2f8fef4cefb41ffe8b522d078f9,no,no,0.975857577678358,1,1
learned_hands_consumer,embed_small_logreg,1,4,571,524bb5bf6132a668b140a529e1e06fd9231839d3f515499d615f2e3cbc7aed03,no,no,0.6565370755355678,1,1
learned_hands_consumer,embed_small_logreg,1,1,572,698a24f5972ce2399e34b386818b23e9f4e394b92851cbbbd6edb8b88c1afd5b,no,yes,0.8972934484481812,1,1
learned_hands_consumer,embed_small_logreg,1,1,573,49f564d4ddfce6dfcee859f3e9357c9ab50ff9c0235c7f8261f86942a80bdb88,no,no,0.9686971866760508,1,1
learned_hands_consumer,embed_small_logreg,1,1,574,3ac0c82ca7beef115b86522a5f5f46bd39ba3538af171995361348eafd9b9e20,no,no,0.5735312104225159,0,2
learned_hands_consumer,embed_small_logreg,1,2,575,867d8d7d603b8ba49fd2224d4e9a4e31af79cb37a9eadbd99a914e0587a6e215,no,no,0.6377835869789124,0,2
learned_hands_consumer,embed_small_logreg,1,1,576,85d2a625103432a6e270c523b2b82873753c1aadea3a856047d52d54f77d7fec,no,no,0.750372219825205,0,2
learned_hands_consumer,embed_small_logreg,1,2,577,710dc3cc876b848944aa42d1a09e59b9090754a8d9bd4a8ec6a95c1d915c9b4a,no,no,0.5507064029784918,0,2
learned_hands_consumer,embed_small_logreg,1,1,578,085d8a8bf0abb16a3a525ab8ae49de081115d9b133ea5c0286dcc920fa1332ce,no,no,0.7865394588273602,1,1
learned_hands_consumer,embed_small_logreg,1,2,579,b22ac3b6da6efba6a1c054601441ac802d6282b2f6c93b97b3f41378a9f9df7c,no,no,0.9124240807263249,1,1
learned_hands_consumer,embed_small_logreg,1,1,580,a0a8970a8f7abab6606c6c0dc4e4ed89f48960d36710902cbf788bcae8d59835,no,no,0.8973294295967498,1,1
learned_hands_consumer,embed_small_logreg,1,4,581,c830685ae56b6f1b2910c6ab5de01bdcf3e93705d4ae3850481e9ae6a7ec59c8,no,no,0.8713535070419312,1,1
learned_hands_consumer,embed_small_logreg,1,1,582,a2b8614a6474da04bbec6a1b3421b6c93d315cc44e8958073d1b9652801f4710,no,no,0.9171867575612684,1,1
learned_hands_consumer,embed_small_logreg,1,4,583,2fd3a1b7a973326e591034aa7863f5b09e42e05bb1e3f9d6cc311428d449d4f4,no,no,0.7660390024477393,1,1
learned_hands_consumer,embed_small_logreg,1,3,584,f221ac70290bacf70893417c277b4fb7396aa9262713ef18f437e8c1e5da3bcf,no,no,0.6985288650235872,0,2
learned_hands_consumer,embed_small_logreg,1,0,585,a1f95e95ed3bf1df04e2d7306db27c5cd135ef9ea77def78c12cf2c81619e8c3,no,no,0.6175754254333802,1,1
learned_hands_consumer,embed_small_logreg,1,1,586,2ce709e73ee4451d404c5cdc00ea37833fee0b356b8f16d76ff2479b2cbd353b,no,yes,0.7371819019317627,0,2
learned_hands_consumer,embed_small_logreg,1,1,587,618c4d63aaf62f407f26f35d636080cc1e0a032d82f4d1e04c0fb1cf65048718,no,yes,0.7185212969779968,0,2
learned_hands_consumer,embed_small_logreg,1,4,588,4f6bc5578f8ddb17d988262058901424533577bd28369751a61118a761761e91,no,no,0.8099338057617487,1,1
learned_hands_consumer,embed_small_logreg,1,4,589,a9192bcdf65d01e592abf6f0b177a9853ed1c4a2b0ee8742dab11341eaee29d1,no,no,0.7881037592887878,1,1
learned_hands_consumer,embed_small_logreg,1,3,590,067cce98506849a73d82e859c38940708382620ea642806d23cbb8de5187231e,no,no,0.7218096041140079,0,2
learned_hands_consumer,embed_small_logreg,1,0,591,b576cd2ec8f9c40c2bb0abe987f064c2f9f1c25f94d4565ddd83377473d48859,no,no,0.6301642844129886,1,1
learned_hands_consumer,embed_small_logreg,1,2,592,5913bc49040be5c85504a852ac0a112f8e7e340d2c39fb67d7067ee3450e5e13,no,no,0.8485849842850869,1,1
learned_hands_consumer,embed_small_logreg,1,4,593,a25e7edfa72a41526ddc2db76023d27c2db12a24984d2e5a716da973b523f27e,no,no,0.863672362809295,1,1
learned_hands_consumer,embed_small_logreg,1,4,594,d10b6556e2004b51129b987f5c4531830e2b0822cf2d7017e10a5414707669d9,no,no,0.702062109051284,1,1
learned_hands_consumer,embed_small_logreg,1,3,595,d6d5572c752218b14019ec07e189728c9b3ddb8d34c3d70488fe782cc31aa988,no,no,0.9813882203901952,1,1
learned_hands_consumer,embed_small_logreg,1,0,596,07573b273be6697368d57299de8abf31240b9402c15219c81c2ee8f9a7f2aa62,no,no,0.5225168622290153,0,2
learned_hands_consumer,embed_small_logreg,1,4,597,6dc6cf31b2c1894f7bcfb26a493a4e5756971e007f5e7be26036cf50c17d7eb4,no,no,0.8191725259772696,1,1
learned_hands_consumer,embed_small_logreg,1,2,598,7aa6dcf85749745744d1eb12d07f65d4b80960c401365645658ffdacc98c266a,no,no,0.8236498236656189,0,2
learned_hands_consumer,embed_small_logreg,1,4,599,5d91de0107b67446aed45672dcfdef4f58baf8f1c037cbe894d9bb1e9578101b,no,no,0.7998667836209121,1,1
learned_hands_consumer,embed_small_logreg,1,0,600,684294f8c7abfb0278d36770f016d23248fd859f28c36cd2400da167f3b2b1ee,no,no,0.673696756362915,1,1
learned_hands_consumer,embed_small_logreg,1,1,601,241cef5b8e4490252fa54625f6d6db8138d2f2b6887914926c4714fe63225592,no,no,0.7799836164717788,1,1
learned_hands_consumer,embed_small_logreg,1,0,602,264bdc1770e2864da6160b2fb689ad40913ffdda9bc24da7cd4f73e375da64a9,no,no,0.6735403537750244,1,1
learned_hands_consumer,embed_small_logreg,1,4,603,8b25bda48a03414701e65d70dfe129b08d8a1fffbfd6d253c4f8eab80b8e7ef4,no,no,0.7690643553575225,1,1
learned_hands_consumer,embed_small_logreg,1,1,604,a98c95b8dc90508ce61bca07aac73b3000d782c3e8bdb2d8094fa8851213e843,no,yes,0.5346522927284241,0,2
learned_hands_consumer,embed_small_logreg,1,1,605,2e2dab0aa3f72da243e332c4316fe221543965532bf45ff04017e1820a01ffa5,no,no,0.9175290328632439,1,1
learned_hands_consumer,embed_small_logreg,1,0,606,f898c42315c66b3c1b4818313a33706910ac2498fef748ca5f12df32ed4ea670,no,no,0.593869226988233,1,1
learned_hands_consumer,embed_small_logreg,1,4,607,edf5ecdbda4cb86f3f4fd1969bf42ba5a7eededc822406ff5bcdbad487d0ebc0,no,yes,0.7185903191566467,1,1
learned_hands_consumer,embed_small_logreg,1,0,608,41d5caaade46df5dd642cfcc5a1c383a53ea033ab68bf9753d941c8fa472857d,no,no,0.647556722164154,1,1
learned_hands_consumer,embed_small_logreg,1,3,609,20cf2204cfad79c36173c2020ce3d9d1d7bfe049a4659016961fb1f7d34524d8,no,no,0.8103623390197754,0,2
learned_hands_consumer,embed_small_logreg,1,4,610,0970bb84fe7a7ae10755b3ff8e069375c894baa731baadab88c5b85d95df1cc1,no,no,0.8589080444141024,1,1
learned_hands_consumer,embed_small_logreg,1,3,611,53722369d56a509c380ff23472de54953b911d83728e74087c7864d9bf6c5d11,no,no,0.7606138104291829,0,2
learned_hands_consumer,embed_small_logreg,1,2,612,dc4a5fdc229e8eb8b4651e9829068c4a686c371d36c72e2ff9486195b6f27065,no,no,0.6035157442092896,0,2
learned_hands_consumer,embed_small_logreg,1,0,613,1b06f4f278599f2a5f0149ed64529530669a8a3934e0d4e09cf02e4eb40c20b2,no,no,0.7352598309516907,1,1
learned_hands_consumer,embed_small_logreg,2,0,0,a379a87ff3cdf868abd2168b8f7f1448c858c1c0293a0324128a1f9795c2495c,yes,yes,0.6861129403114319,1,1
learned_hands_consumer,embed_small_logreg,2,4,1,191f0937cb2c89fc2ee6de2cf962022796a21348bccce723e58dff5138f4aa85,yes,yes,0.9640738368034363,1,1
learned_hands_consumer,embed_small_logreg,2,3,2,23e415128308be018936edfbe782216c59135a5373afcc67391ab30b99e4fab4,yes,yes,0.5760504007339478,0,2
learned_hands_consumer,embed_small_logreg,2,3,3,d020ae25740133b72d326d57b58504372281f70e6def4d5a95655465a0e91468,yes,yes,0.7194599509239197,1,1
learned_hands_consumer,embed_small_logreg,2,0,4,7505269b5e689b850bf04d86c3aee556710bf7ed7473e80bb32cbf4ef909b78b,yes,yes,0.7000764012336731,1,1
learned_hands_consumer,embed_small_logreg,2,4,5,ebbf5dce638a03352aa5ce9e76ea526855fc19fe426785e9d74da0b972447b56,yes,yes,0.8396618962287903,1,1
learned_hands_consumer,embed_small_logreg,2,1,6,3682fd0cb52ef152a5e499e4441ac3d86a735973de9e3062a809fc58d80f083a,yes,yes,0.6090038418769836,1,1
learned_hands_consumer,embed_small_logreg,2,3,7,a1352482ea4516a24b594ccbf2ed311516cde0785a8edf4e41b8b20657074dd8,yes,yes,0.5662925839424133,0,2
learned_hands_consumer,embed_small_logreg,2,4,8,5655b74e200dc643bf62729b26c6760f786b1d110abd671cd8122c5d567f2846,yes,no,0.6881054639816284,0,2
learned_hands_consumer,embed_small_logreg,2,4,9,30f3878dfeeec4bffed1d8ed0fd2feaa3165fc8790712d0e6c993ba632a91571,yes,yes,0.853163480758667,1,1
learned_hands_consumer,embed_small_logreg,2,4,10,ff770b8fb5998da87b58b103e84a37ec674949fd2d8708f87b7aa392185f98be,yes,yes,0.928813099861145,1,1
learned_hands_consumer,embed_small_logreg,2,1,11,025030168186d6dca4ceeb0def0c282fcd27d1c293abe1a0d6f41c0ae9ae34dc,yes,yes,0.6887952089309692,1,1
learned_hands_consumer,embed_small_logreg,2,2,12,241960fe59164730ab7f2221e78ff75ddf5d07ef6b0c664c078d091bc787b69c,yes,yes,0.5767187476158142,1,1
learned_hands_consumer,embed_small_logreg,2,2,13,ce32ef1dbe79dfac3d0eec018d4e7404296ad6ab06b519aef7132243fecc9c2e,yes,yes,0.522617757320404,0,2
learned_hands_consumer,embed_small_logreg,2,1,14,3a9f35dbcf5d11d5980a668dd0ac8a317654d4e4f8ee28518fa931a589f5ed3d,yes,yes,0.5445635914802551,0,2
learned_hands_consumer,embed_small_logreg,2,2,15,62ffb1bca214412111ca15a5cb79aed8c39b77ae8e4a9734a85ca66376cdf151,yes,yes,0.5445420145988464,1,1
learned_hands_consumer,embed_small_logreg,2,0,16,74157c44430c0b4b913dbef04b5bcc2e60d6786f1fce50cbd1fb74740cbfcbea,yes,yes,0.6394714117050171,1,1
learned_hands_consumer,embed_small_logreg,2,3,17,2dcefce119cd3d52ce0b2dd55dba49a2d705592c989511a60ca5ff2fa62bd783,yes,yes,0.6613120436668396,1,1
learned_hands_consumer,embed_small_logreg,2,4,18,e4b36f1dffe74a33bc589ff139dca6b75d8c5d7bd1414fcbe7ff483736a80e24,yes,yes,0.8504185080528259,1,1
learned_hands_consumer,embed_small_logreg,2,1,19,eaecc316a32deb54a2e35ad55d5930bded5cb828eee671ec1a4d6c298e93f0ea,yes,no,0.5013649314235171,0,2
learned_hands_consumer,embed_small_logreg,2,1,20,ed6f10e3e2d4af3a7f61f4ac8ca3c539ade9d2b7250defd67063ea3a59ec18c9,yes,yes,0.6859514117240906,1,1
learned_hands_consumer,embed_small_logreg,2,4,21,8770b696e9d75ce623853da32ab9c2fc409af163cb781c02986c01c726cb8581,yes,yes,0.5676639080047607,0,2
learned_hands_consumer,embed_small_logreg,2,3,22,5f6fe96a0c85f05ef1bd1209d12d8a5da80ec0b8df76281b71b291bb0bfe1477,yes,no,0.5319409966468811,0,2
learned_hands_consumer,embed_small_logreg,2,1,23,db86e2ed5ca09bd43e5c1153206c84ac6670851f84c6f0c29b6ccd1eb0deb1e7,yes,yes,0.5894092321395874,0,2
learned_hands_consumer,embed_small_logreg,2,0,24,f544e710a36c5f8952ea27c89f4b8d456410ad33abcdeff8bb5ab956f30c76bc,yes,yes,0.7009143829345703,1,1
learned_hands_consumer,embed_small_logreg,2,2,25,ffe0635de5f1a7973b85a3b70ea8e03cb5b1567c2d2995c39b15468f910920d7,yes,yes,0.6114484667778015,1,1
learned_hands_consumer,embed_small_logreg,2,4,26,1c5d518541a4c3c72210f1d1640f265a1ed467b09e8fd9920e0ced3c2a2e237f,yes,yes,0.9670163989067078,1,1
learned_hands_consumer,embed_small_logreg,2,1,27,847d90720ffa65caeed18bca722c31a7e6ad6690535571373c7cf5484024b4f1,yes,yes,0.5312334299087524,0,2
learned_hands_consumer,embed_small_logreg,2,3,28,826850ee19189639a241888830f2095a605677489c15835a9633e2a0b1ac6a64,yes,yes,0.5918102860450745,0,2
learned_hands_consumer,embed_small_logreg,2,2,29,8bf45813b8f64152745c4302a8fe3d28ad3a521ce8400337d150f52d7679c073,yes,yes,0.5647875666618347,1,1
learned_hands_consumer,embed_small_logreg,2,2,30,eab22a84a1d27762ebd956ab7c150792e31d45b69c081b1042ce94bb9f5db787,yes,yes,0.5535469055175781,1,1
learned_hands_consumer,embed_small_logreg,2,0,31,0d9289d67324c71b1a8459504ea7ea7d8593bc88c6baad910d98ae12b894b961,yes,yes,0.5949208736419678,1,1
learned_hands_consumer,embed_small_logreg,2,3,32,28de51fe26d760b562f7dd240c576dd29c1dcd24a3821f27045c03e1695ce0c4,yes,yes,0.5491604804992676,0,2
learned_hands_consumer,embed_small_logreg,2,0,33,6ce4033081e30de899b1011a4c082e82532b4c8f2afae23aed1a9b31dfb4eadb,yes,yes,0.67059725522995,1,1
learned_hands_consumer,embed_small_logreg,2,2,34,fe949d0e8bb0a6f67a12ee28fec1d49ebc38d613057ddbd9e9742ce374e5a92a,yes,no,0.520304262638092,0,2
learned_hands_consumer,embed_small_logreg,2,2,35,c207ce030682bc8ba0e7590a8ef0dd99c16b1b16665aebc82ab525877c2593a3,yes,no,0.5403786736613907,1,1
learned_hands_consumer,embed_small_logreg,2,1,36,8ee486f22362d8e55009981db61b71a034a94793fc615ef6c369c92e25d8621a,yes,yes,0.6446795463562012,1,1
learned_hands_consumer,embed_small_logreg,2,4,37,bf327cac5ea3a5c8ae4b1fa4c6aa053fb3e0494255dfad320226fae0a94b91af,yes,yes,0.7377511262893677,0,2
learned_hands_consumer,embed_small_logreg,2,2,38,d5599f345f2efcc9997c702cf325c78c55c774947409f903377c2d84a3c8bc07,yes,yes,0.576822817325592,1,1
learned_hands_consumer,embed_small_logreg,2,0,39,574fc09c7649af91d62597783fce341ddacfa64d9567f02c1c1d30d6a45410d3,yes,yes,0.5227949619293213,0,2
learned_hands_consumer,embed_small_logreg,2,4,40,46fe2b35c88c955d03ff315dfce3bb7c880b33d4409029f9ff6042df0194686a,yes,yes,0.9228506088256836,1,1
learned_hands_consumer,embed_small_logreg,2,1,41,f5d2007ecaaceed6f700b3e50cfa67215480af67ec2a87afea71cf1279ebec05,yes,yes,0.6705814003944397,1,1
learned_hands_consumer,embed_small_logreg,2,0,42,01f1c668540d25f929d2e86cf0c94ebff90e0049c2f9c72bd85b0e900e0d7495,yes,yes,0.538607120513916,0,2
learned_hands_consumer,embed_small_logreg,2,4,43,1d86013431ea866bb8f9c95e610c8a4080348f326588f325da4a18706ada5429,yes,yes,0.7939894199371338,1,1
learned_hands_consumer,embed_small_logreg,2,2,44,bb18ab83285db7bc8dcf60f8a3ce1cdf2bd7debb099b953f662ddb9f8b38c2a7,yes,yes,0.5886092782020569,1,1
learned_hands_consumer,embed_small_logreg,2,0,45,16a3215ae403198891fd8dc9a2a417f75f8728d8e7141fcfef231668fdb5ab3d,yes,yes,0.6335870623588562,1,1
learned_hands_consumer,embed_small_logreg,2,4,46,4439bed3fc41d7b9c8ab09ef918fda1428dd5d823121216ce107959cb0dd4294,yes,yes,0.8769121170043945,1,1
learned_hands_consumer,embed_small_logreg,2,0,47,0b3c04d83b29cbb3a2e22807f4dae94c87c8f2b395036f54911c5754a4c47017,yes,yes,0.5698003768920898,0,2
learned_hands_consumer,embed_small_logreg,2,3,48,22a293b5746bac59ac00ea57d239b6ac359d9156a1ec0715abd762c84fede43d,yes,yes,0.567172646522522,0,2
learned_hands_consumer,embed_small_logreg,2,1,49,c4c2bad785e53ccb9b321d2c63b8faff89f92b5a2cdcf0736b057e7e8e719879,yes,yes,0.612470269203186,1,1
learned_hands_consumer,embed_small_logreg,2,4,50,014d339ae8d5fa4f98805d09f90eeeceed4b7762a40914f0ab3d4313182186bc,yes,yes,0.9849416017532349,1,1
learned_hands_consumer,embed_small_logreg,2,4,51,e7c14e7458d8da99796ba9c88de59853c6a65ab37d90d24358671b503b06100a,yes,no,0.5990531623081315,0,2
learned_hands_consumer,embed_small_logreg,2,3,52,fc726439af49d4188b72ee0e9adc0c39a6dd739d7612fcaa8485f57a5706e876,yes,no,0.5204248428344727,0,2
learned_hands_consumer,embed_small_logreg,2,0,53,eec25d963cdf3c5408e24c25c1ec3ce4c8b7063821931ad7747c587b4dd8f3ed,yes,yes,0.5399429798126221,0,2
learned_hands_consumer,embed_small_logreg,2,1,54,dcae1fbe99948ce3f328592769d0490ed52f89cb9a04fb61ed7eb8f822e0ef89,yes,yes,0.5998873114585876,0,2
learned_hands_consumer,embed_small_logreg,2,2,55,ec7dbe0d74d55de6c88312082e78da6a9a98966b97acf9fa7c9d9202b2fcbe6d,yes,yes,0.5735101103782654,1,1
learned_hands_consumer,embed_small_logreg,2,4,56,d8912fee3a18d2f57b6bb3a91a58414523442ec0294398e0adbd9fa8b241b33b,yes,yes,0.6623431444168091,0,2
learned_hands_consumer,embed_small_logreg,2,3,57,f87c51747534d2868b590819e8df1acd5dbdbe3015ba30f49aa700ccfaff8b97,yes,yes,0.684246301651001,1,1
learned_hands_consumer,embed_small_logreg,2,2,58,aaf2efb2b98403731588f69a234f9628c7cf0a6e41dc5e4d493bf3cc98491abd,yes,no,0.568814533019499,1,1
learned_hands_consumer,embed_small_logreg,2,2,59,8401deb1d2cdca16e4beb605dc74617b796161236d4fabf6b119671c60390e46,yes,yes,0.5971184372901917,1,1
learned_hands_consumer,embed_small_logreg,2,3,60,0141cccd8167fda3a53db3bc8a9c9de38ab73039aee125ca5d456f83efb3f060,yes,yes,0.6720965504646301,1,1
learned_hands_consumer,embed_small_logreg,2,4,61,9539303909111ff48458f893819b6c4d82471c51d35262c48791eb4281d5a6fc,yes,yes,0.8719230890274048,1,1
learned_hands_consumer,embed_small_logreg,2,4,62,0d9042d456d2e30348acf77b2105fef878d17d0c8ce75d13775d81f13023733b,yes,yes,0.9722864031791687,1,1
learned_hands_consumer,embed_small_logreg,2,1,63,d351e0b84bda59ef89f0bf473a631f614d498349dffaab3bb47d4611faad2257,yes,no,0.5868240594863892,0,2
learned_hands_consumer,embed_small_logreg,2,2,64,087225dc844ed506b918ed1ed8cb4919b62e15999a35bc72ef5f3e438535329d,yes,yes,0.5228608250617981,0,2
learned_hands_consumer,embed_small_logreg,2,0,65,8cc2e66174e528599835446e6f69bf213ec59da343e4da74a215a2d7e47df358,yes,yes,0.6009602546691895,1,1
learned_hands_consumer,embed_small_logreg,2,0,66,10c9dca4735480772f9fa371b9c9695f8d7449b8c64df6abd309125cc20b2e6a,yes,yes,0.7063730359077454,1,1
learned_hands_consumer,embed_small_logreg,2,0,67,4e9fb39ce82c9a0c8db9edda73b0a08dbe1fee6bde6735bb0599991149c9cceb,yes,yes,0.7087897658348083,1,1
learned_hands_consumer,embed_small_logreg,2,4,68,6a7e6c881869b757c8e7d36f73f227b987ce5b3ad9363a56d200edfa24ffcded,yes,yes,0.9273175001144409,1,1
learned_hands_consumer,embed_small_logreg,2,2,69,7599dea223674f198ca8bd7b449a8b363e958ee58ead42c5f7026c558eac1915,yes,yes,0.5429918169975281,1,1
learned_hands_consumer,embed_small_logreg,2,1,70,7f224054d39f18cdd6646ad519ae236db20d9acc51e2a2366bf146920bbd208f,yes,yes,0.6738047003746033,1,1
learned_hands_consumer,embed_small_logreg,2,1,71,96ea4d954d1b6446c71d74a769dd614b7dcf83261e50056d6e62e7ca102d5401,yes,yes,0.6426258087158203,1,1
learned_hands_consumer,embed_small_logreg,2,1,72,3defdb305691fca997369ad61eb4c2cc9ad5737f73633b9997bca6b3b68dbc70,yes,yes,0.698889434337616,1,1
learned_hands_consumer,embed_small_logreg,2,2,73,ea88a64bd77d6c33327a9e3a56bdeab16edfcc94d3ad1f6c811e233e9cf1a4e6,yes,yes,0.5555792450904846,1,1
learned_hands_consumer,embed_small_logreg,2,3,74,1cb2a54d0c572842c9666556b4f9d68ac569dacc5ff14c26a9deb40b00297490,yes,yes,0.5269853472709656,0,2
learned_hands_consumer,embed_small_logreg,2,2,75,3145ed790491a1b21c800dff9616114d2f77be8dbdbc044f4fcf7b15608d7aeb,yes,yes,0.586632490158081,1,1
learned_hands_consumer,embed_small_logreg,2,1,76,bc58560238d37dd7bb637d6eed992896abc2e8646e56eb8dac0dd8bf4106576a,yes,no,0.5661581158638,0,2
learned_hands_consumer,embed_small_logreg,2,3,77,9a5c75e417971c21fe00a89d52819a28a8d393fb332863c7f844a2f728e1aa47,yes,yes,0.6485821008682251,1,1
learned_hands_consumer,embed_small_logreg,2,4,78,7effc09d90b5d4a003218cec4356f0109765847fec64e4393bdf14682528fc56,yes,yes,0.9461257457733154,1,1
learned_hands_consumer,embed_small_logreg,2,2,79,bf7fab3a472a85fba5cacc610acd4ae413064fb5929efe63047e35beca2837f6,yes,yes,0.5641623735427856,1,1
learned_hands_consumer,embed_small_logreg,2,1,80,b9fec9f38f97749033ecb64442eb36f3ee2e3a80cd28ded964ba3b542608ed08,yes,yes,0.7193182110786438,1,1
learned_hands_consumer,embed_small_logreg,2,0,81,a86e6ca3f4d275c0420ca0ee4600f15f0b78e34c43b877bb58dfb44c56f07ad2,yes,yes,0.6389744877815247,1,1
learned_hands_consumer,embed_small_logreg,2,3,82,e2dda0a5ede9ada6a285c131669076df0764c2b88c1c2001ae078a17d88fc168,yes,no,0.6636264126412149,1,1
learned_hands_consumer,embed_small_logreg,2,2,83,9d3a029d590c2c8aecbc4df458d911be15fcbef421678b9ef52d1281119ef933,yes,no,0.5054569244384766,0,2
learned_hands_consumer,embed_small_logreg,2,1,84,0a86c2677e444a84373fb5de0aa2e100762432bf73d0ed3e92ef3f2f584504eb,yes,yes,0.6584096550941467,1,1
learned_hands_consumer,embed_small_logreg,2,3,85,edf4479c78e0f0664620607e8ab699c2cf70b3f949ebe5b6e2a5e65f56f24fa0,yes,yes,0.6952912211418152,1,1
learned_hands_consumer,embed_small_logreg,2,2,86,a446c13b6a95e774dc7f399a94c473901184d9172d42d8f4db7362cdb059e191,yes,no,0.5284735121868107,1,1
learned_hands_consumer,embed_small_logreg,2,3,87,90d67e6b76ef21ed8c1dc58bfbdcc24aab8e1dd728ebdafefc643a1e3c6bc74c,yes,yes,0.5616753101348877,0,2
learned_hands_consumer,embed_small_logreg,2,0,88,e0f88567e0733cdaf8c918330d9139891158680d5be3cc3fc4577a4e79c67cdb,yes,no,0.5089101639714788,0,2
learned_hands_consumer,embed_small_logreg,2,1,89,4c96db2e33b6cc4900b1f80e86334c0d0f97a10b76baf6a5fac96558a449fa07,yes,yes,0.6852582097053528,1,1
learned_hands_consumer,embed_small_logreg,2,2,90,08c27d740cbffbaf24d70ad9cc2f4538941c1e7ccba03ba15eacb0c43fe8f6a3,yes,yes,0.54277104139328,1,1
learned_hands_consumer,embed_small_logreg,2,3,91,123e686fd8c78b602b0952ee8aacebb8f2a451c8d2c2f716072c6c0780e88a8c,yes,yes,0.6730636954307556,1,1
learned_hands_consumer,embed_small_logreg,2,4,92,61088df3abd8799b2cb0b2a50547fabab33f53e711b6bf0e51ad8eee1f9886f8,yes,yes,0.7416651248931885,0,2
learned_hands_consumer,embed_small_logreg,2,3,93,245581fd1773d7336f3fbd519ea0ad635746b96c3ef3c64c77d8fe969f404345,yes,yes,0.6596783995628357,1,1
learned_hands_consumer,embed_small_logreg,2,0,94,0935c35b8f85a7acb661025d20f4077750c9420cbe5f2d6cb6c1f5e62a4cd9fc,yes,yes,0.5279268622398376,0,2
learned_hands_consumer,embed_small_logreg,2,0,95,8b2b428ed3082708aebc90d3e95493d6b01fab537f0107c5604932ba617141c5,yes,yes,0.6594414114952087,1,1
learned_hands_consumer,embed_small_logreg,2,1,96,46b3b836673160a90a211860286b914eda2a3ef85f0eb63bd10cacc7ea5f0f02,yes,yes,0.6862325668334961,1,1
learned_hands_consumer,embed_small_logreg,2,3,97,8c8ab92472440d5e8d77d4f562ff2df1e24f26dbf33e2f219ed51d9ffe2ed9e8,yes,no,0.5438453121139202,0,2
learned_hands_consumer,embed_small_logreg,2,2,98,f84ae3cfea6e268f60d53f2fc2105cabc35e7c1bc60594c254b8a5b9ebb95c52,yes,yes,0.6042647361755371,1,1
learned_hands_consumer,embed_small_logreg,2,1,99,5a061ea8f86d69941bb8f010a9102517e2e50e8a6e7f043b2a65a9beeb5b2a5a,yes,yes,0.6066595911979675,1,1
learned_hands_consumer,embed_small_logreg,2,0,100,a0b66eb40941e4afabf26cc61164bd17ae4b404900827ee613063156c3fcf1f6,yes,no,0.6131852865219116,1,1
learned_hands_consumer,embed_small_logreg,2,2,101,d69eab546563939e27e3b5c4bf71ed21aa8c08a685f2dc211a8611a8734cdaac,yes,yes,0.5306546092033386,1,1
learned_hands_consumer,embed_small_logreg,2,2,102,13c1947392729839a6ef7e019584b3baf576db1a026c6cc363f97f9be6b55b7d,yes,yes,0.5229684710502625,0,2
learned_hands_consumer,embed_small_logreg,2,1,103,2db3f4de10f8e3c93f180c1cec9ec1036a8cfb696152a003910f4876349b5563,yes,yes,0.7039267420768738,1,1
learned_hands_consumer,embed_small_logreg,2,2,104,9d141e84a47e429ebf8c9be15a716519a789f6ecfe2635d6742bcc1589887b61,yes,yes,0.5036613345146179,0,2
learned_hands_consumer,embed_small_logreg,2,2,105,f2b40bc0dd711fca9b42c004ced8b6a7f8400023cc7f44239caee4f44359dde4,yes,no,0.5074404629302163,0,2
learned_hands_consumer,embed_small_logreg,2,1,106,d5dcc520e7691c72d4f4bcf6d67cfa74c856d631a5a6c4904f730332b192f920,yes,yes,0.5645917057991028,0,2
learned_hands_consumer,embed_small_logreg,2,1,107,da0684c959dcca3dab601174a68db1954a8db19f75ad96cecdb7b9319c828539,yes,yes,0.5585224032402039,0,2
learned_hands_consumer,embed_small_logreg,2,4,108,0e7608581b6f65860575a915b9e6d3ea3ba463ac7392a783effab47b7c6ed2b6,yes,yes,0.6381624341011047,0,2
learned_hands_consumer,embed_small_logreg,2,2,109,3b14007f0368858c49628d89f7a4ac4e05912114c121069f929f093267da692c,yes,yes,0.5808255672454834,1,1
learned_hands_consumer,embed_small_logreg,2,3,110,83a75ee006bb31d8db282260e075860f781be2246f81074adfc047c6debba47d,yes,no,0.546157105381575,0,2
learned_hands_consumer,embed_small_logreg,2,3,111,d140e8b5cef58e3c07015a3be1003d6d67dda0e1681f40a4b5b23a3a143236ea,yes,no,0.6325801422423082,1,1
learned_hands_consumer,embed_small_logreg,2,4,112,fb04a608b72b2b2e616ef5e9aa6ca1fda0b73c81a00bd51339a60f7ebb9349f5,yes,yes,0.901057779788971,1,1
learned_hands_consumer,embed_small_logreg,2,1,113,5ebb5e29b015223682853139344a5e2422b009ed368ed22452f4ebe96b314797,yes,yes,0.6672500371932983,1,1
learned_hands_consumer,embed_small_logreg,2,4,114,7e315bac1e39325f317709b5955292bc75939640e3b8f10ba3c11050930647e1,yes,yes,0.8143693208694458,1,1
learned_hands_consumer,embed_small_logreg,2,4,115,0d7f2c826f6a0fc0a9404989d5d4b5cc6d7f2f516c1f069e5bf8d31ee7e817dc,yes,yes,0.8335064649581909,1,1
learned_hands_consumer,embed_small_logreg,2,4,116,7e75b01067a2ec4ca8c403b389118d896ccf66db535b144a3c54bc98c1c2e246,yes,yes,0.7119321227073669,0,2
learned_hands_consumer,embed_small_logreg,2,0,117,a3e66362096eb8059a216e47a87cdd7f3f944d1ccbc606f30cfbe1cc424e0594,yes,yes,0.6674801707267761,1,1
learned_hands_consumer,embed_small_logreg,2,4,118,d3308da62008ec5ef18494df94f73a4585ed31e1c8e69ccc9e25e76cb56d42a0,yes,yes,0.939005434513092,1,1
learned_hands_consumer,embed_small_logreg,2,4,119,e07a44cb806545635aac341cc0946afd7d71c3619844a0ec08545160df03cbdc,yes,yes,0.615232527256012,0,2
learned_hands_consumer,embed_small_logreg,2,4,120,aedceca2ca38055764eb4ff944a3a150057788281d1c3739f5e785db00a9e719,yes,no,0.5078904477390513,0,2
learned_hands_consumer,embed_small_logreg,2,3,121,ca458586d811f25c02f1f39cf55f75b65071bd2ddc79fd97b0d5be9eb8e5312c,yes,yes,0.7090596556663513,1,1
learned_hands_consumer,embed_small_logreg,2,1,122,fce48e30fc0ea1058c42d4b4e3fc772fdd46a3060633bca5f371f122fc5aaef5,yes,yes,0.6281553506851196,1,1
learned_hands_consumer,embed_small_logreg,2,3,123,02bd80d2b643617360d685b497986a8637dc26275c2ea6a626b69de253d164e7,yes,yes,0.6144137382507324,1,1
learned_hands_consumer,embed_small_logreg,2,4,124,af3d9c10fbb3296fa6a040f3015c474aaa8ae09177f6fe2e775fee3e584f996d,yes,yes,0.87004154920578,1,1
learned_hands_consumer,embed_small_logreg,2,1,125,73e4bc727ab5dd4600aa1647320d964c9a52dc7767744c8d074cebcd901f6c05,yes,yes,0.5234547257423401,0,2
learned_hands_consumer,embed_small_logreg,2,2,126,0bdb8221f4d44b38dc8782e0b56035bbdd3a7e6fc2df17d22f1a5c863bc46075,yes,yes,0.5964480638504028,1,1
learned_hands_consumer,embed_small_logreg,2,4,127,90fe4003a641d7cd2ed6a00150556d083b23fe1e24e75ebb94ecff4d843c77e2,yes,yes,0.7791182398796082,0,2
learned_hands_consumer,embed_small_logreg,2,1,128,155678c2832cdf4702db15b523f143f1ac784cffcaf58c1a1dfe33a97611eb8e,yes,yes,0.650007963180542,1,1
learned_hands_consumer,embed_small_logreg,2,2,129,aec3c6407d02ce2d3b4abd591e08891c236a8a8989e7ad72020a4b7b777fea78,yes,yes,0.5655195116996765,1,1
learned_hands_consumer,embed_small_logreg,2,0,130,1f2af78776193434b3d71d59e47e0a24bc7439537dae7643126e174f05f8a690,yes,yes,0.6007494330406189,1,1
learned_hands_consumer,embed_small_logreg,2,2,131,ac3dcaa7b7faf827da8c14b3bfd03c0f8d36bbd129920232b5775c57ebee5322,yes,yes,0.5212804079055786,0,2
learned_hands_consumer,embed_small_logreg,2,0,132,8de39616285bfb13eac266c45a5691cad8963031bb495c5ffff384303ac2e317,yes,yes,0.5299072265625,0,2
learned_hands_consumer,embed_small_logreg,2,4,133,df7cebc19279cc1176c76578d13d5634b4ee220d4093d6b4e048fd1f74811db9,yes,yes,0.8762628436088562,1,1
learned_hands_consumer,embed_small_logreg,2,0,134,b5412b723d0181549110fa8dd79485fa5238dbc7e264272da705dfe9c7f066a8,yes,yes,0.6469005346298218,1,1
learned_hands_consumer,embed_small_logreg,2,4,135,e802649c8e6be5fbdc4e7ec755757e95ba836ac949c022f0081c1fcb1cfa00b0,yes,yes,0.9921712875366211,1,1
learned_hands_consumer,embed_small_logreg,2,3,136,a039dbd9f0510ac6f66d44c60f9a5f5a5d5c76093f00e693801d2fc80d54f7a9,yes,yes,0.7134966254234314,1,1
learned_hands_consumer,embed_small_logreg,2,4,137,9cca62662bba01723eb2a9aa094821e1675b7ac525fe30fc042f3dcaac3e2727,yes,yes,0.9489424824714661,1,1
learned_hands_consumer,embed_small_logreg,2,3,138,dfbc47fb61799a0472fbf92d48b36eeb2584ccc63a3185c2d61a51c1537f7c92,yes,yes,0.630013108253479,1,1
learned_hands_consumer,embed_small_logreg,2,1,139,6cb9e80497686772c38151ef29f0b998c3911fa46f4ae26dcb0677863d1c3bcd,yes,yes,0.598703920841217,0,2
learned_hands_consumer,embed_small_logreg,2,4,140,bfc4a30870f9292a454f9471c16d25b3199ec05b80dafc98a9d6c50897c1b47e,yes,yes,0.9235101938247681,1,1
learned_hands_consumer,embed_small_logreg,2,3,141,078b717fbab45038fcb94864d32f33fa6d71d9664570dfe04661869f23314833,yes,yes,0.6436939835548401,1,1
learned_hands_consumer,embed_small_logreg,2,3,142,0242758b0d09920c367a96d4d60f74cb970f86cfb3bbf7bc54aa2a69703b17c8,yes,yes,0.6350851058959961,1,1
learned_hands_consumer,embed_small_logreg,2,0,143,51eef95bf47218140683c3e1b4135ffc3d540ca426dbe552c2809dc445d5b483,yes,no,0.5088742819763934,0,2
learned_hands_consumer,embed_small_logreg,2,0,144,af4b353687f267cf4811370b1167f39f3acb12a476ab7569d5711f61e7cc5c99,yes,yes,0.6122872233390808,1,1
learned_hands_consumer,embed_small_logreg,2,2,145,a5b77622968be2023f42d12cc8cdb98fdd05731d5ff1f331c0c61cddcdd016ac,yes,no,0.5182724595069885,0,2
learned_hands_consumer,embed_small_logreg,2,4,146,483af7a4cce5458979f9fde28f5d38cf96c6b318f56cf5b8bb7fef01baeda51d,yes,yes,0.9591317176818848,1,1
learned_hands_consumer,embed_small_logreg,2,0,147,5b013d7731839bf2ba2c52bac900167561f691d205c1198ffe872747858115ab,yes,yes,0.5877577662467957,1,1
learned_hands_consumer,embed_small_logreg,2,0,148,1403a0476f3fcec8b1a48e6f1fceb06a2aeabd9f5de4f53ac7e2f29a80fc3d02,yes,yes,0.5441174507141113,0,2
learned_hands_consumer,embed_small_logreg,2,3,149,7153d24972b2eb3c082ba9cc58a892af969f2d9524022190bec282710d252b55,yes,no,0.572032707096121,0,2
learned_hands_consumer,embed_small_logreg,2,3,150,a6e1cfe1a1c58fdb1b4033bef127bdc12ad083d8029c91cf81e74fbc997b44c2,yes,yes,0.5766779184341431,0,2
learned_hands_consumer,embed_small_logreg,2,0,151,c48f7444249fe7386aac1fa49a56e450eebc70c640262a5fc2cb2864d62c7b62,yes,yes,0.6466532945632935,1,1
learned_hands_consumer,embed_small_logreg,2,1,152,7223ee95c7eb5aab471c9b1426c035d3d751646abf3a01dd2380366fa55c1fb2,yes,yes,0.6595567464828491,1,1
learned_hands_consumer,embed_small_logreg,2,4,153,8b857fa596fd194124387876667280b614e479625bc9d05d958f3b90514c2e9d,yes,yes,0.8282328248023987,1,1
learned_hands_consumer,embed_small_logreg,2,2,154,6f137236864a4da2299f6341085a62e5e2e0466add7aa8eca3ff5f315633bbdb,yes,yes,0.5799333453178406,1,1
learned_hands_consumer,embed_small_logreg,2,4,155,038e3005ce9b5b1cabf2220d9f9b068ab3289de326b9c0466e84286f1cb69bf9,yes,yes,0.8251789808273315,1,1
learned_hands_consumer,embed_small_logreg,2,4,156,7b67a7b2e80fc8b9473186823a7570203fc746e03e40493d174446237de3bcec,yes,yes,0.9039664268493652,1,1
learned_hands_consumer,embed_small_logreg,2,0,157,9d82c554b4b00bd2ead020ff98bb6fcdee7432665a797346eb3d3aaf490d0d12,yes,yes,0.6203984022140503,1,1
learned_hands_consumer,embed_small_logreg,2,0,158,da85c2e88f91544acd0359c5ccd69c2b4f902d093ceb8cb12767a778944fbd7b,yes,yes,0.6107392907142639,1,1
learned_hands_consumer,embed_small_logreg,2,2,159,a34040f6644b50bc824adc566e6d6428d7b05ca16c8ee39f0af4b1b9f5601f2a,yes,yes,0.5839772820472717,1,1
learned_hands_consumer,embed_small_logreg,2,0,160,19c9ac6e1d4ea3c61c161624efc992b8cc52bf306f151391ba8529c19382e1ee,yes,yes,0.566500186920166,0,2
learned_hands_consumer,embed_small_logreg,2,2,161,650970637dd6a0ab8e97321c167c7bc4a9a3cdc8eba59da2a5c510bcbd5db45a,yes,yes,0.5040457248687744,0,2
learned_hands_consumer,embed_small_logreg,2,1,162,c51f874153bc2cdaa57ad2c656a6af7ab24feabfb448922cab57ef416feee663,yes,no,0.5363786060697255,0,2
learned_hands_consumer,embed_small_logreg,2,0,163,13b1acd948c8e9c9a5739d8481ea213fa3cfdab8b80a82efd25be33e8f7b2902,yes,yes,0.6789721846580505,1,1
learned_hands_consumer,embed_small_logreg,2,1,164,9fde61742e0b3fc6fabbffa750b6283c72453cd0303a465ce66648d46676eb89,yes,no,0.5113781094551086,0,2
learned_hands_consumer,embed_small_logreg,2,4,165,4fd20a26aafa50907d098d746bcd899d7abfca4f42db1d5c149080652db43b60,yes,yes,0.9496174454689026,1,1
learned_hands_consumer,embed_small_logreg,2,1,166,38a9b6c4df60f95cae8cdf22954e4170c3a5feb64ebfb5162134d697b7e84381,yes,yes,0.6139206886291504,1,1
learned_hands_consumer,embed_small_logreg,2,0,167,8892704b2b2b6659f287178e3c29d5c9d21dc3ecb2ae17dd4b6ec86c6784cd0e,yes,yes,0.6293522119522095,1,1
learned_hands_consumer,embed_small_logreg,2,3,168,5953941222239eaa15e600b769f26c7173e96638173a25e19be42ff6b5b07d45,yes,yes,0.654146671295166,1,1
learned_hands_consumer,embed_small_logreg,2,0,169,4f9eec5c23a5c213a1bc6fc916fdf2587227d14edcd43d78fccea8cd278cc2e0,yes,yes,0.6062056422233582,1,1
learned_hands_consumer,embed_small_logreg,2,3,170,51ec6ad487eff34fddaa34cf9a46b4a9a9e66e2ef37f1718f6c2c0a6b08bcc0e,yes,yes,0.7917897701263428,1,1
learned_hands_consumer,embed_small_logreg,2,2,171,4356eb8f7a087e4d6032661552935019173e052ab6031528ff64635a4f9c515d,yes,yes,0.5442295670509338,1,1
learned_hands_consumer,embed_small_logreg,2,1,172,6d7c28575a9e0747fc4cfaab5263e2daf0754ef5d1c996b9de353104dbfb5be1,yes,yes,0.5574892163276672,0,2
learned_hands_consumer,embed_small_logreg,2,1,173,6656d334c0150d50518a8e9e86ac484364dfc5da62604f792fa121392de57cd5,yes,yes,0.5769354701042175,0,2
learned_hands_consumer,embed_small_logreg,2,3,174,fa3b234c5866029eaafed3054fe7c1e9dd9d3e50389c45beedce0456e0a851a5,yes,yes,0.58921217918396,0,2
learned_hands_consumer,embed_small_logreg,2,4,175,f5327013f798cdfff71ccd1ccbf934757fae9118c8fda0cfb29197ee8c9a2f92,yes,yes,0.8882144093513489,1,1
learned_hands_consumer,embed_small_logreg,2,0,176,0c550425496483256cac2b164db69cc78311e995021bfcbd4a5c585bcdd9d9c6,yes,yes,0.5341206789016724,0,2
learned_hands_consumer,embed_small_logreg,2,3,177,e9a4a62f276d5c835085a02b2f4d92155f8f7ac6d396a52ad1cd37cab729b635,yes,yes,0.6897439360618591,1,1
learned_hands_consumer,embed_small_logreg,2,4,178,f4fe68a7bc004d02c8ecf39777717f5e53269903d0c3c3181101c07cea5c6b0c,yes,yes,0.9215201139450073,1,1
learned_hands_consumer,embed_small_logreg,2,4,179,3d0de6dc3fb5d69b4483315a8f1b9a55f3da2fb8eb1df50a74386a480912447a,yes,yes,0.8632661700248718,1,1
learned_hands_consumer,embed_small_logreg,2,1,180,b66cb0340d554080664d72cdd106c5cdb17b38d1f74932ac0787b45754ce1a7c,yes,yes,0.68846595287323,1,1
learned_hands_consumer,embed_small_logreg,2,3,181,a9af33b24aeb8f4fc3dd090cb6015fd72eb33e9bacf6b245b9efd00dd9991af3,yes,yes,0.5614964365959167,0,2
learned_hands_consumer,embed_small_logreg,2,2,182,9eefcb8b16890b9cc6c7e144d07beaa48841305e10614e94d470242a6b0e065f,yes,yes,0.5404232740402222,1,1
learned_hands_consumer,embed_small_logreg,2,2,183,cfde4f376e1a14d27549b00d4ddf32bfeb542cf05f08d1cbc266df888e1c3047,yes,yes,0.5588858723640442,1,1
learned_hands_consumer,embed_small_logreg,2,3,184,421033c1624e9a903b16ba39c1d61b1ecb07a1c62b4ffce4608c02c7a3e067e8,yes,yes,0.5256924033164978,0,2
learned_hands_consumer,embed_small_logreg,2,1,185,7a8050d0881441599707f60d9661cc876f27efc16656cd8526fe842e463a56ec,yes,yes,0.5962483286857605,0,2
learned_hands_consumer,embed_small_logreg,2,0,186,5f4e3e4860760d911ab21bd74b2611036627cda4c7c666615991f1d2314d6b35,yes,yes,0.6416733860969543,1,1
learned_hands_consumer,embed_small_logreg,2,0,187,057e4d5e06ed1236a9a35f3ea5c2cc42ae58bd3d82fb4981f56669b168d087e6,yes,no,0.6451283693313599,1,1
learned_hands_consumer,embed_small_logreg,2,2,188,a5608444f7d99d3cd3109ac70b995bb38775ef1fa2c286f3779886ac598a5c9d,yes,yes,0.5412561297416687,1,1
learned_hands_consumer,embed_small_logreg,2,0,189,48a613b18969b56ad289f137a24f32ca5714dc722f1916be3cf41f3c98f577e0,yes,no,0.6442530751228333,1,1
learned_hands_consumer,embed_small_logreg,2,2,190,d5a7261352131be329b42958bda9d1cbf7adf2a5eb0c341d0fd5d6d07a9ae17e,yes,yes,0.5698935389518738,1,1
learned_hands_consumer,embed_small_logreg,2,2,191,e36f78681c2e77e1fe9fd7fc2f0b8fa917f14b6a2333a41863c17c766053033f,yes,no,0.5489400029182434,1,1
learned_hands_consumer,embed_small_logreg,2,1,192,1487b9bcecfa449f7f97f38810e17ed4e37ea80a32cd5170137bf134574ae112,yes,yes,0.6244236826896667,1,1
learned_hands_consumer,embed_small_logreg,2,3,193,a0956e6a9a6973551966fc776c76b773565a03efe1dd2f5b6e363e037cd68e98,yes,yes,0.6758090257644653,1,1
learned_hands_consumer,embed_small_logreg,2,0,194,113f455fcca39b28919c8669b561494bb48c8a7b1abb08182e38efba3ba3d49d,yes,yes,0.6181015968322754,1,1
learned_hands_consumer,embed_small_logreg,2,0,195,01467176da7f8beaabb7d2d981d4c2a5d270c4de1ee41090eb7fff34ad10f233,yes,yes,0.7250725030899048,1,1
learned_hands_consumer,embed_small_logreg,2,3,196,3917492faa9e47e7106ba122c3a1618a26df3dcdbcf5803ea5eff8caeb3a85b8,yes,yes,0.666935384273529,1,1
learned_hands_consumer,embed_small_logreg,2,4,197,cde8abafba1e7a412e01f15ea5b8b45f4e1c8f3f37c5ed8ecf8670617e0e3ddc,yes,yes,0.6044713854789734,0,2
learned_hands_consumer,embed_small_logreg,2,1,198,61ae855f1482eb8f9d691ed3f1d20ebbea6fc43c48a7559ddaf77710f2c27152,yes,yes,0.6509680151939392,1,1
learned_hands_consumer,embed_small_logreg,2,1,199,f35f9e77ffc5ac7a0d42e5a637d3ec3f6ef2830b8c178fdb6a5c951cfeaa3e88,yes,no,0.5381258886494007,0,2
learned_hands_consumer,embed_small_logreg,2,0,200,82f9efaddab72f81167b375aff7cc6c2537117b477e6064545d97be910ff945c,yes,yes,0.6243860721588135,1,1
learned_hands_consumer,embed_small_logreg,2,4,201,967afc85cb2c22088e649a1faac841a0d2609f7e11fe94eef9bd17a4daa54688,yes,yes,0.6741031408309937,0,2
learned_hands_consumer,embed_small_logreg,2,3,202,5648d782c24eb983d5cf18c59b05a1a47459a5dedd4e5335a0232c23f062944c,yes,yes,0.570704996585846,0,2
learned_hands_consumer,embed_small_logreg,2,3,203,157bd549be3ab1bdd3e21c29805aafdc0d0b45c1aa52b0a397ab9236a4e5c944,yes,yes,0.6307745575904846,1,1
learned_hands_consumer,embed_small_logreg,2,2,204,525f45b4239b35c4038470e08628f267e9887f1c30b0aa84a2d5d01464da39a3,yes,no,0.5194196546250684,0,2
learned_hands_consumer,embed_small_logreg,2,3,205,0a0807c3257345430140d80f2b2b7210e572d13f47d5ac8a65174de1142590b0,yes,no,0.5045795440673828,0,2
learned_hands_consumer,embed_small_logreg,2,4,206,a2b92dbd2ee6fd008bb6aa904caa64641950c475cddad723b2644f23c751a0ee,yes,yes,0.983341634273529,1,1
learned_hands_consumer,embed_small_logreg,2,3,207,a2ed73e250907017f6d7fd66c658c04c6a137575d6ad765f993661edda327577,yes,yes,0.5715831518173218,0,2
learned_hands_consumer,embed_small_logreg,2,4,208,1290d537ea8750e4e91f20b46eec10646ce12ab7d86dfc91eb09b608405fe90f,yes,yes,0.7989769577980042,1,1
learned_hands_consumer,embed_small_logreg,2,1,209,a0f7d16e25d9f13501287713351ca9111410082745756d6eff69a544a7ce0fab,yes,yes,0.5152822732925415,0,2
learned_hands_consumer,embed_small_logreg,2,0,210,adbfc9de80cf0100c04073d2c24a7a39ad794835be05b45cd9a54b30876e1bae,yes,yes,0.7059431672096252,1,1
learned_hands_consumer,embed_small_logreg,2,3,211,33d047d7bf09f05c00081ea7055f31cf8f5cfbb5f1ceb5b0376de52b5d66fca4,yes,no,0.5243973888277229,0,2
learned_hands_consumer,embed_small_logreg,2,1,212,8747eec3bef3a1ac47c5e03b2a3185ec7be0382a48e8f07bc6b009f884106d3b,yes,yes,0.5614970922470093,0,2
learned_hands_consumer,embed_small_logreg,2,3,213,49b127f44fd96be9d276f55d1669f94228b7535cb909c7f6b272eb55f8881a2c,yes,yes,0.7020421624183655,1,1
learned_hands_consumer,embed_small_logreg,2,1,214,dfb7f7c0e45b4a7671e7808a09335109e684ec1f7b896028808720b751c76290,yes,yes,0.6963068246841431,1,1
learned_hands_consumer,embed_small_logreg,2,3,215,db97720cca0e39dc598257024bac71c263aaf9886f335cf6cd722539c19eacca,yes,yes,0.5911073684692383,0,2
learned_hands_consumer,embed_small_logreg,2,3,216,64859a67c19bf56da59ad97eab9f8da73202e6a6dd9d3bbb9372afcb47b0408d,yes,yes,0.6590864062309265,1,1
learned_hands_consumer,embed_small_logreg,2,3,217,f449fe5d57975f0caf323ecddfcc9b9dccbabe88c5ff42bd31a1d65fc7a824b5,yes,yes,0.702900230884552,1,1
learned_hands_consumer,embed_small_logreg,2,2,218,fa078ce3c2ae45c10df8aa0a800c47eade1e7510a46eb24bbe627b87d2938a68,yes,no,0.5375794768333435,1,1
learned_hands_consumer,embed_small_logreg,2,1,219,f2fae4fb37730a28c6c680ab68c6e0cbcb083e46d89296b52700b2b28ed2e203,yes,yes,0.6143368482589722,1,1
learned_hands_consumer,embed_small_logreg,2,1,220,ca57b26977335b108fd0d46872d220af17b298c5169ea6a338028e3fa941a5c0,yes,no,0.575432913763312,0,2
learned_hands_consumer,embed_small_logreg,2,3,221,9f6359257abe0943f69a9a6786fccff089c30ae5f302d29d57c21ec0cc0fb8bb,yes,yes,0.55019211769104,0,2
learned_hands_consumer,embed_small_logreg,2,4,222,da0db19cfa506b30e60a6cf05fa27f60113ec86ac8308c44eddc1cdeb6e6b707,yes,yes,0.9500607848167419,1,1
learned_hands_consumer,embed_small_logreg,2,0,223,013033315bef6946bef54c7e1e5131afe73897a10507585acff502cb07b082d1,yes,yes,0.5837650299072266,1,1
learned_hands_consumer,embed_small_logreg,2,3,224,01ca67ea223ea6f3f78966619c3d177754184bea73cb662ffc54be7eded55946,yes,yes,0.578450083732605,0,2
learned_hands_consumer,embed_small_logreg,2,1,225,0972b858c77e9cd796c6bda370f1d6b2ea20798091434c33f49f1827e4a678cf,yes,yes,0.657203733921051,1,1
learned_hands_consumer,embed_small_logreg,2,4,226,478e48024c876788e7ac0b2943d399c14bb997ab82a37ee11247a5b223d23f4f,yes,yes,0.6376376748085022,0,2
learned_hands_consumer,embed_small_logreg,2,2,227,dd602e9be0c77e5a1bf15d2c5db5302c6b6d2b8362f95c146de1f5d3ea45031b,yes,yes,0.5056096315383911,0,2
learned_hands_consumer,embed_small_logreg,2,2,228,e86c4500724cd80b78a41c3de49d5f623baba6615be341878c3f40d1a666fa36,yes,yes,0.540770411491394,1,1
learned_hands_consumer,embed_small_logreg,2,3,229,44f8bde89aa71070a44a090fe6553fe64a785e0148291429f98b65d8cc35537e,yes,yes,0.6944708228111267,1,1
learned_hands_consumer,embed_small_logreg,2,1,230,f92a5c6258f5da9bffe36fc1a4498f1086f4d296b5c28109401777d767f46946,yes,yes,0.6695131063461304,1,1
learned_hands_consumer,embed_small_logreg,2,2,231,b8099af0f4a08d3625fefbbdf920208ab786e82be6d9e5ecd373c981c3bd90c4,yes,yes,0.573625922203064,1,1
learned_hands_consumer,embed_small_logreg,2,1,232,dd6b7ca454c08a409f4171cb97167a8c91e862451ec1b92eaa7d9393934cf91c,yes,yes,0.5695101022720337,0,2
learned_hands_consumer,embed_small_logreg,2,2,233,fdb76c188296362ef951b02157cc4150c8d3a0750fe72942787d491e6ddc18e2,yes,yes,0.5198458433151245,0,2
learned_hands_consumer,embed_small_logreg,2,3,234,b78102f7318502d1b26dbcb12920cd58ed53891ef8b61bff2b15f5b432da91f0,yes,yes,0.7187551259994507,1,1
learned_hands_consumer,embed_small_logreg,2,4,235,5a37498c5c481cdd1e4bd5190333a14a0190aa3aede5364087479e33c293e1a9,yes,yes,0.9434619545936584,1,1
learned_hands_consumer,embed_small_logreg,2,3,236,eae4558b0617e7ebc54a6ebc59d2dde3f9df33d4ce6cb6404452671b374ff797,yes,yes,0.6983520984649658,1,1
learned_hands_consumer,embed_small_logreg,2,0,237,b25bbe0ef882d9b6ee6ca640d619e47af1ba4b4303c92a73e17071d2b63f6203,yes,no,0.6244489140644346,1,1
learned_hands_consumer,embed_small_logreg,2,0,238,3415dc4afd4d574b0da83ec6d205e580b78b683ce427d70cb6192aa1345ada00,yes,yes,0.516728937625885,0,2
learned_hands_consumer,embed_small_logreg,2,4,239,e4190a6930b3800fcc812916fc24cd7666ec7ccade668b74793a25cf043ee8dc,yes,yes,0.9864954948425293,1,1
learned_hands_consumer,embed_small_logreg,2,3,240,2a1e5635eb53609c5660dd54ea549b8c7ca1d8ef3709e5692cce67005fde384f,yes,no,0.5809862440530585,0,2
learned_hands_consumer,embed_small_logreg,2,0,241,1587f650838e742b5adbc001e25e86b815c1c282f7e24b9a7f46e2c9c7e7663d,yes,yes,0.6271306276321411,1,1
learned_hands_consumer,embed_small_logreg,2,2,242,3aeb06e0988c30e7dd4b9857f1305ee50a9955e156a1e1a8bfb635878c936da6,yes,yes,0.5314267873764038,1,1
learned_hands_consumer,embed_small_logreg,2,2,243,0ba639fb1b8f0dcb2fe9cffb9b96ec4f2cc182c78d9a521ea1b367d5c28385d0,yes,yes,0.5247270464897156,0,2
learned_hands_consumer,embed_small_logreg,2,1,244,ebd5c1534b316d246d849144a17469ee09729233fad0f39a8a330fdfa15b9628,yes,no,0.5640867780421145,0,2
learned_hands_consumer,embed_small_logreg,2,1,245,401a36474fa40d2d999cd260f57ca66ab83fcb63de68f578a6d6ad7d4ec4bd2e,yes,yes,0.5798783898353577,0,2
learned_hands_consumer,embed_small_logreg,2,2,246,4176b37a2179c60a956b8746678c2a674aabbd9e086407904b2475af255d13bd,yes,yes,0.571585476398468,1,1
learned_hands_consumer,embed_small_logreg,2,0,247,95933a28191a6e558a2911f9c54efc9e53d3ba70d036eac4f4fcf1044bbc9d88,yes,yes,0.6461955904960632,1,1
learned_hands_consumer,embed_small_logreg,2,0,248,0f4ecd29ccebf4ac6e235b28298c170a1c4939a57f8d2bae941d4292bb91c9e2,yes,no,0.506581723690033,0,2
learned_hands_consumer,embed_small_logreg,2,4,249,061be30da02e5927c05d4f6dcb0ebcaa8bda9da95f663afc3448b40f550c8dcc,yes,no,0.7807881599429798,0,2
learned_hands_consumer,embed_small_logreg,2,0,250,6c7deef4168bfdd3eb4f65e34ff1a5b08e7d07a494276e6dbc72cf08dd1d9ea3,yes,yes,0.6956271529197693,1,1
learned_hands_consumer,embed_small_logreg,2,1,251,3fecd30afaf717ef4d633f041d6b64abc35956652a123bf652a024e051aecbd2,yes,no,0.5400115847587585,0,2
learned_hands_consumer,embed_small_logreg,2,3,252,618080a1456e3ee68a8c336bd1951f8be686d4b280ba12acc2afbc0afe6f5e6e,yes,yes,0.6397930383682251,1,1
learned_hands_consumer,embed_small_logreg,2,2,253,7d9553904434b833510ba4f74348cff64322921c601077d281c33b3d61d048ca,yes,yes,0.5247963070869446,0,2
learned_hands_consumer,embed_small_logreg,2,2,254,851524b83e3b815d2b8ad94407c2a48429aa45e82bd9c1b64ffd780d6c3a0de3,yes,yes,0.5346322655677795,1,1
learned_hands_consumer,embed_small_logreg,2,0,255,cb21cc98accfbbfc1ab6fb040d28dc4a525dd125dcded30bbb6688922bc0bcf0,yes,yes,0.6122266054153442,1,1
learned_hands_consumer,embed_small_logreg,2,2,256,77a1a7abf05f1aa064c4d1f51619137f7eb2bd94b8ddc362bc14f64be0bd2a01,yes,yes,0.5639441013336182,1,1
learned_hands_consumer,embed_small_logreg,2,4,257,3d22a52452442ace2422e3134c77857c8d5686fd9080d9f42bc9438a845f4c89,yes,yes,0.7882786393165588,1,1
learned_hands_consumer,embed_small_logreg,2,3,258,aaa2f84803feb0579309aaee905dbe769a0e41a5a6daf89677d4a8534aa9819f,yes,yes,0.5928233861923218,0,2
learned_hands_consumer,embed_small_logreg,2,0,259,cbf21ed32acc01ddeaa5380d184a96c3ca5b84614bc1f3a1a9583fa9b891c05d,yes,yes,0.6675906777381897,1,1
learned_hands_consumer,embed_small_logreg,2,2,260,370cc782f60a07b178ac3c0ec5c92e1d6072d6798ba29e27eb089d3af9d06cb5,yes,yes,0.5024092197418213,0,2
learned_hands_consumer,embed_small_logreg,2,1,261,e2fa618a66bdb423b63a86d231a23868e8833853ed334799049daeac30367a88,yes,yes,0.5473417639732361,0,2
learned_hands_consumer,embed_small_logreg,2,2,262,6c81e7b6dabbb3574a09c499dc7a67ca24d31c6e646bab4ced51cd8c78f55ea7,yes,yes,0.5772266983985901,1,1
learned_hands_consumer,embed_small_logreg,2,1,263,1f341a6355c5c3b945e1a2b14b3434e8b3904eb4eca3e24c87941d86e705e57e,yes,yes,0.5835000276565552,0,2
learned_hands_consumer,embed_small_logreg,2,4,264,6adfe2187f8557b8f6378f034717bdcd2f522a0df00806a04c1dfe98b3e997bd,yes,yes,0.9772583842277527,1,1
learned_hands_consumer,embed_small_logreg,2,4,265,8bad5933bcb5967cc9bc4abe066d28b765494f7a0dffd407c47d6d8067553308,yes,yes,0.6434981226921082,0,2
learned_hands_consumer,embed_small_logreg,2,0,266,c55600e95d9b4eb897af3302c41acc84e2d54157f428bf1f8caec3b61e668da5,yes,yes,0.7150510549545288,1,1
learned_hands_consumer,embed_small_logreg,2,2,267,13c0dc364911dc9186a0c024e55f88be572c4deb5878fbd82d310ecaf5f45d13,yes,yes,0.6019043922424316,1,1
learned_hands_consumer,embed_small_logreg,2,1,268,3321004b9ab1144d0dfdcb61b18d746e047e1eca73ce7e0acb9fbd0e7c724816,yes,yes,0.5997393131256104,0,2
learned_hands_consumer,embed_small_logreg,2,1,269,19d396f6ee8676b8e14abd050a0d810589baf0188e806f72eac507d7a2c545a3,yes,yes,0.585614025592804,0,2
learned_hands_consumer,embed_small_logreg,2,1,270,7eb4eb67f8d71b2387d20ed2f7c7421eab13eb8910aca82d69fdf9a9273ecb96,yes,yes,0.5242032408714294,0,2
learned_hands_consumer,embed_small_logreg,2,0,271,21f6bcc2b642898b25da24d91a08efc8029b34d97d979ac84183c75b0c07b9c0,yes,no,0.5037006735801697,0,2
learned_hands_consumer,embed_small_logreg,2,4,272,63a06c8bcc7dbff84f881459fdf825076cb5b36209132b00c9c84eeeba7b6eb8,yes,yes,0.9547178149223328,1,1
learned_hands_consumer,embed_small_logreg,2,3,273,94b8923b3eddcc3f61a255a8e42041ab7f8e96bdae7e23fa5dba20dd65b82fa6,yes,yes,0.588082492351532,0,2
learned_hands_consumer,embed_small_logreg,2,3,274,c2ccc5ca47171285fb0298be4298f50882121913b48b7ac1e796a30c532811ba,yes,yes,0.6377305388450623,1,1
learned_hands_consumer,embed_small_logreg,2,1,275,1f6071d3d10ecfa1b75476a7071af685e3ba15fcf7b2a774e39b20191e1fe074,yes,yes,0.6658408641815186,1,1
learned_hands_consumer,embed_small_logreg,2,2,276,11cabef5b7d7edbcc7de996da7ddc824772faa6248373f429b29567c5017f865,yes,no,0.5013417154950415,0,2
learned_hands_consumer,embed_small_logreg,2,4,277,9136c7f7286a3ee6b4af4f2c4bd396e5528e9e59d4a11138840961213324a902,yes,yes,0.8269447684288025,1,1
learned_hands_consumer,embed_small_logreg,2,2,278,45b8aa00e5100aa8e27c34109569ad374e89747c8859165962bd4b50a718dec3,yes,yes,0.5773559808731079,1,1
learned_hands_consumer,embed_small_logreg,2,3,279,93a67fe947a834ff1518acdef3d3503a43de70821df3f53bacca03fe73994e4e,yes,yes,0.52530837059021,0,2
learned_hands_consumer,embed_small_logreg,2,2,280,f9aa283cb36bd865eb6d0e00dec619c048e1b8f0e8830f12b5d02008a0b97ace,yes,yes,0.5282912850379944,1,1
learned_hands_consumer,embed_small_logreg,2,1,281,55de4e8dcda9a6328913ef54a1ed9351f1f426737486cdf8f668ad83b8388f73,yes,yes,0.6167640089988708,1,1
learned_hands_consumer,embed_small_logreg,2,1,282,6bcb70ea6c53d9d2735995ffa331f18d0e9d9cc24ba93acb53376ae8483ed8a1,yes,no,0.5428396301615348,0,2
learned_hands_consumer,embed_small_logreg,2,4,283,78da2dea499e7edb487d60fd31327140d7546b18febaf57879bbba65e8c1b04e,yes,yes,0.5610899329185486,0,2
learned_hands_consumer,embed_small_logreg,2,3,284,42fb96e3e3db8353adc2b84b435807f73584555187d03911234609ed6e85bfe6,yes,yes,0.7238175272941589,1,1
learned_hands_consumer,embed_small_logreg,2,4,285,ecfc65fba09f92e19dc001350da2ef8adc932c234c862d0db0f1879f2e7c8794,yes,yes,0.5046235918998718,0,2
learned_hands_consumer,embed_small_logreg,2,1,286,c191adb1d624b20f83068f7b5908de47c6c5209a753e4de83b528e1156b3c2b0,yes,yes,0.7253783941268921,1,1
learned_hands_consumer,embed_small_logreg,2,4,287,644bc0e92cf759be58ca6610fa275080515a65a91b581445be9cabf7ffea0e15,yes,yes,0.9699710011482239,1,1
learned_hands_consumer,embed_small_logreg,2,2,288,a79143144aa9b5670c2ef1346d67999dca1710bf76a38aefe7d8c7b71ae44b79,yes,yes,0.5932992100715637,1,1
learned_hands_consumer,embed_small_logreg,2,0,289,29d068c39f2e257adbe8beebd86189c3ef328bbf2028cdf5c6d3ede0e5ddc09b,yes,yes,0.7102757692337036,1,1
learned_hands_consumer,embed_small_logreg,2,3,290,fe9822a59aebf2d41016c82deb1d427382b2666a1fe39079f87be07fb936b617,yes,yes,0.6681185364723206,1,1
learned_hands_consumer,embed_small_logreg,2,1,291,56bb42f2ccd6615785428ca0492a89e2c4c3ab2f9fa44ee197d3da8fab2c5842,yes,yes,0.6612676978111267,1,1
learned_hands_consumer,embed_small_logreg,2,2,292,5299348ae3f81c25293e952182bb6bea15382e9da7443711aa78acdaf4b6bcb8,yes,yes,0.5919528007507324,1,1
learned_hands_consumer,embed_small_logreg,2,4,293,73a78266e6561f4e4c9baa89057beda5a92213b2ef917e1272c2ece8cd9b7704,yes,no,0.6243851370926242,0,2
learned_hands_consumer,embed_small_logreg,2,3,294,79cc9d9097ff95d4d5569540eb3711865f517ab1a2a0fc876da5c48598ee3cb4,yes,yes,0.7469712495803833,1,1
learned_hands_consumer,embed_small_logreg,2,0,295,3b85fae280cd98abcc7e78ae4627a4c94eee68cb0bdc5b31dc3b1cf2e53949ae,yes,yes,0.5274471044540405,0,2
learned_hands_consumer,embed_small_logreg,2,2,296,32072d7df35d23c7cf165a1afeb9be63ebbdcf2c94cee75f9b5a90b78e19dd28,yes,no,0.5029840319459429,0,2
learned_hands_consumer,embed_small_logreg,2,1,297,16bed4a62e2738950d2587d30c25ed9c5d17ea5f0cc5e91f1148a4cb64162453,yes,yes,0.6944034099578857,1,1
learned_hands_consumer,embed_small_logreg,2,0,298,3473fc0f42c76ad19ef3ec2771d01d619478fb7fab7ea70d94e7fe0f1bd61128,yes,yes,0.6591451168060303,1,1
learned_hands_consumer,embed_small_logreg,2,3,299,251efc17ee26f8f9c544871f61f6fd54cf585d0f3210406eb3c48c825a10d526,yes,yes,0.6754230260848999,1,1
learned_hands_consumer,embed_small_logreg,2,0,300,4b657305ddc7f357ec185bc9abec0fa67e2d4d4fb0afb00f8e83e73a4c712e8e,yes,yes,0.5497114062309265,0,2
learned_hands_consumer,embed_small_logreg,2,0,301,f85e7456c7160ff553b31db76a443f79214f6b2cd4542c3bb171595928ab6558,yes,yes,0.6407569646835327,1,1
learned_hands_consumer,embed_small_logreg,2,0,302,243386ffe9922a67ec10fee19cff0781c4d76b6a78a32ec20ae1b9ece92bf995,yes,yes,0.6295486688613892,1,1
learned_hands_consumer,embed_small_logreg,2,0,303,85d4e89725d489b9e3820f724acfc754d59767d51140be8d70af3bb2eb4198c3,yes,yes,0.576253354549408,0,2
learned_hands_consumer,embed_small_logreg,2,0,304,f859129d9d2aa75e88d6602d1563b367b5d45a031c53939b17889bef5d0f147e,yes,yes,0.5478501915931702,0,2
learned_hands_consumer,embed_small_logreg,2,4,305,483ac3b333ee68b7196086031e6a08e2fdb91c52f28a3a861f23a2c8ec75478c,yes,no,0.6471546695484319,0,2
learned_hands_consumer,embed_small_logreg,2,0,306,6eef9bbaaa01f32394020b689930f9d2ae66836d280dfef0cac99935536b4a22,yes,yes,0.649281919002533,1,1
learned_hands_consumer,embed_small_logreg,2,2,307,2bbdbbb31e0f69cbd29d755d0e4fb9a5a932b3b1effe5a664bc674ef725addc2,no,no,0.5780943459840314,1,1
learned_hands_consumer,embed_small_logreg,2,0,308,5779a2e66767851f78c4baf2c51d3e6be6d917949d5341b98c489bbf0f67f6f3,no,yes,0.5502562522888184,0,2
learned_hands_consumer,embed_small_logreg,2,0,309,24481de31a2b3036d71dc474adac585b922e4bdfb8287ce43a3ff34846620b73,no,no,0.6996602416038513,1,1
learned_hands_consumer,embed_small_logreg,2,2,310,13b626d60d254c4999ca862d60b0f13ec9378504e9fa2fa1c002db747518bc7b,no,no,0.5864487290382385,1,1
learned_hands_consumer,embed_small_logreg,2,3,311,97939ad30f5a35f45ccb7fcb190a65552ca404ca227456e1ecb4f5a57c3bed17,no,no,0.5758225917816162,0,2
learned_hands_consumer,embed_small_logreg,2,4,312,8616d00b5609b9a12db9741cc2c276068fbfffd9d02b80e12bf3dc55ef37b07c,no,no,0.9727512273774825,1,1
learned_hands_consumer,embed_small_logreg,2,2,313,65e5a2fd7a388ba873ac967c48adb5664e74f76db3d95f15af7230c45aa27115,no,yes,0.5584458112716675,1,1
learned_hands_consumer,embed_small_logreg,2,4,314,0b5ab1b563bc3ef18c295476f388386fadc1cf299ab20f258f1dffee0f8157b4,no,no,0.9547477925019421,1,1
learned_hands_consumer,embed_small_logreg,2,3,315,c70617e5ad6a4b2e699841464467e2a1387594382a39a10f5f3aa0ba238dc8c6,no,no,0.6489898159798925,1,1
learned_hands_consumer,embed_small_logreg,2,1,316,bc9f773c51514a7ad309a672115c1b9f79304095ccabcd53343b945d6ce19ec8,no,no,0.527035653591156,0,2
learned_hands_consumer,embed_small_logreg,2,0,317,0af96d52fa6c71f1943351f5d1a07e10d961983e0c4a66784a937ad8bbaf2f0e,no,yes,0.5626153945922852,0,2
learned_hands_consumer,embed_small_logreg,2,2,318,f4a7c81fbb4fe3b5a0cdb370b458074ab8fa6f11fe41ced9df994fd2f420f362,no,no,0.5356882970240204,1,1
learned_hands_consumer,embed_small_logreg,2,4,319,71d38fe12b75052be0651bda2d4f4efe697b07d365bf41cb14841da2688b94f5,no,yes,0.864730715751648,1,1
learned_hands_consumer,embed_small_logreg,2,3,320,60a86bc631bcf63cb1c4ced84c0f60928e57bb2abcf79c23baa53fea95cc1aa3,no,no,0.7532721161842346,1,1
learned_hands_consumer,embed_small_logreg,2,3,321,e06e690d6aad76f736293110bf1b57c294435c42a47933cd1acab74063fa7102,no,no,0.5510132476989402,0,2
learned_hands_consumer,embed_small_logreg,2,4,322,a90e11f52d0e31db828e5d845e5fc33cb9bbc6922bce8244891dbc15b22a7483,no,yes,0.6438828706741333,0,2
learned_hands_consumer,embed_small_logreg,2,0,323,7f6a2fb0578a33bc0482677bbc588e70a785c7bea415b62486a564b37d2364a5,no,no,0.7531415707894926,1,1
learned_hands_consumer,embed_small_logreg,2,1,324,91f9aed41e41a457675d9814a53f7e293fdcc37d5ecd967c9a49b0e1b38c3587,no,no,0.6001894652899941,0,2
learned_hands_consumer,embed_small_logreg,2,4,325,ca37e43e8db1c44dbbb19c01ee3aa67ed7d3e032717d029d12d8ecc1e8da9e24,no,no,0.81449799516055,1,1
learned_hands_consumer,embed_small_logreg,2,2,326,2fb4fb6b593cdd7c3e2fd5c6e362a22a579395bb61b602c450cca3538b8e24ef,no,yes,0.5492743253707886,1,1
learned_hands_consumer,embed_small_logreg,2,2,327,c74e1031658129cec56f52de73b243a87d110480b7489b898798c788c64954c1,no,no,0.5024800450348867,0,2
learned_hands_consumer,embed_small_logreg,2,3,328,12a1ea95bdc51debd507323d28586d8cd6725f1b2fb39a9a12ccea37dd723d96,no,yes,0.5632399320602417,0,2
learned_hands_consumer,embed_small_logreg,2,3,329,985ec3dfb0c350854d7b1baac2c3332760dc5c321f1cafa4bfd44c6712e2ced1,no,no,0.5669460465593948,0,2
learned_hands_consumer,embed_small_logreg,2,4,330,335fb0b1b9fad31fa5c37ca3233826815b93d197d51ad6e25f3adb819181b8d5,no,no,0.946880582522156,1,1
learned_hands_consumer,embed_small_logreg,2,4,331,c1a730a7b254e70e6ac0d37573a2caa83d4df82d7e52868bedaff06ebe6b6878,no,yes,0.5239723324775696,0,2
learned_hands_consumer,embed_small_logreg,2,2,332,2c4155ce67ad13aaa45fffc3554b95daf5261dd7f91fb8fd64dec003bfb9e74f,no,no,0.5446831150258515,1,1
learned_hands_consumer,embed_small_logreg,2,1,333,6ceaa70ea927c42a727227f3a30b6f624dcea1bc117cb238827bb15af9517c39,no,no,0.665227154933597,1,1
learned_hands_consumer,embed_small_logreg,2,3,334,7d6f93cb8182ac12b92485985653cd0fd562085122909d87b4336f6ee3e4666d,no,no,0.5841030056507291,0,2
learned_hands_consumer,embed_small_logreg,2,4,335,cf8776ba226b044303c6bd7ec8aa16cfacbe82cbb01b00fe365ab899a5adc5f8,no,no,0.7449355721473694,0,2
learned_hands_consumer,embed_small_logreg,2,0,336,63d2423f809c612df5098e911ca5ba908d510a563c38c6d97d504e390d18c390,no,no,0.6589115661707053,1,1
learned_hands_consumer,embed_small_logreg,2,0,337,52f14dd7aea76b56f013c46377c11006c81b564a73a8fa44e2a4843c3f9ff85e,no,no,0.5404314398765564,0,2
learned_hands_consumer,embed_small_logreg,2,2,338,cd0992eca3b3ebd4ffcc36e8430e138824f9b105e6764dedf74a8ce2d5549fe4,no,no,0.504212126010295,0,2
learned_hands_consumer,embed_small_logreg,2,0,339,5a8803fcccb50853b2c3856ee82785bd156f862dd26d34c99efdea4519a7e214,no,yes,0.5603844523429871,0,2
learned_hands_consumer,embed_small_logreg,2,4,340,617fea7762c73987c8e9da050c8cae25a1aefb6ea95ff5d081b8e51f028dbf2e,no,no,0.9838039004112435,1,1
learned_hands_consumer,embed_small_logreg,2,3,341,d4093169f98d05e7565a5542038529f1fab35b60cfe43127811daa861d935feb,no,no,0.5736873320843975,0,2
learned_hands_consumer,embed_small_logreg,2,3,342,e8a22694731ba2e5a7312f7d4a02b03f7e4bc081c76f7068d665ec82ab92f3c7,no,no,0.5450537800788879,0,2
learned_hands_consumer,embed_small_logreg,2,0,343,7a0a05fc729a8f64cbb6ca9c295a3805e152b645fbd81571861db6a5918d5618,no,no,0.7263418436050415,1,1
learned_hands_consumer,embed_small_logreg,2,4,344,1de94b175a0dc3b16576ef02ea9b734786aa3bc35b5be8fbeb644479593c01bd,no,no,0.8883394996447973,1,1
learned_hands_consumer,embed_small_logreg,2,2,345,7eba9bd21b877177f0ea63bb88313953a4c47a8eea950c93500fbc398e54e665,no,no,0.557963149486874,1,1
learned_hands_consumer,embed_small_logreg,2,2,346,aa01251703c5de088b207ee1e21487e51f88caf08d8d578aef87fead3ecefced,no,no,0.5171235645674597,0,2
learned_hands_consumer,embed_small_logreg,2,0,347,e9f5e96f340dd75e497ed93a4a1e722cfce986d2cec52aaa027ca7778586ad19,no,no,0.5560386015165268,0,2
learned_hands_consumer,embed_small_logreg,2,0,348,4b9f93fed8e41a2a2c5f0994cdca3aca0eda1b96dbd2f74d5afcd2a43889c2e8,no,no,0.6474741504349067,1,1
learned_hands_consumer,embed_small_logreg,2,2,349,f05855943024f908afbb53b1527e164e7e5e5ad16ec0192747e08513f2bf77c0,no,no,0.566790759563446,1,1
learned_hands_consumer,embed_small_logreg,2,4,350,1c49793aa9d1312bd32ea93d0d8c4aefe10836b786d8cadf7c97738717ce9d31,no,no,0.959248651274495,1,1
learned_hands_consumer,embed_small_logreg,2,0,351,580b5ac0770fb1b9a6472f9a88911a26a88cc2d70c1aa230e26ba6905581d32b,no,no,0.6451240181922913,1,1
learned_hands_consumer,embed_small_logreg,2,3,352,d1a95b753ee546201b5cf71e8a8910ffb93f06b981363dd24190b9627693f2cb,no,no,0.6349445770664387,1,1
learned_hands_consumer,embed_small_logreg,2,1,353,f123cdff3722febd99751bb5a64770c85fc6707f63c07bae56510ead6672a690,no,yes,0.5637487769126892,0,2
learned_hands_consumer,embed_small_logreg,2,4,354,013a1816aae065dc4d8f6a910347c85c867197f1497645a47e5cb14cab38f57e,no,no,0.9565653694059845,1,1
learned_hands_consumer,embed_small_logreg,2,3,355,d27505c28fcef3d7434ea6bd8d7130e051f02503586c1526d71160be1310e40f,no,no,0.6200803333496948,1,1
learned_hands_consumer,embed_small_logreg,2,0,356,1130e23cb8e7f0a6fc9e659f4c94b732fa1953b7a98b3a9fcafb074532c54af8,no,no,0.5706900528278963,0,2
learned_hands_consumer,embed_small_logreg,2,0,357,9a69a9f0e0418372ec3def21b9ce927af42a49df1d185967290ada823319ad8e,no,no,0.6418599081593724,1,1
learned_hands_consumer,embed_small_logreg,2,4,358,d0b3728beaff318ee83ad916c45c5c6802c6634bab63d6de065eff3af6bb2839,no,no,0.8911055856115699,1,1
learned_hands_consumer,embed_small_logreg,2,0,359,492cdbdcc254342378744c1f8b9dadd066628ace9a1a65a515633708701c9342,no,no,0.5533435509605273,0,2
learned_hands_consumer,embed_small_logreg,2,0,360,7c272499aa6af5b9c7b2de749a65adfa813cdc4061012c6f9a62fda253e08104,no,no,0.6523800090664628,1,1
learned_hands_consumer,embed_small_logreg,2,1,361,e09a2160df994ff65eac81266e80dbb544860bb0bf9a7322caeeaddef40d8ffe,no,no,0.5327674309243986,0,2
learned_hands_consumer,embed_small_logreg,2,4,362,7c408b03bdd1535120a56621fe2fc9d7c4ef4b22699b623e4970ee45767ebba9,no,no,0.9303069183998325,1,1
learned_hands_consumer,embed_small_logreg,2,0,363,c41ad8c362d3233072dfc9f51c09010958870b25d095046a29cc7e47cafd392d,no,no,0.7067068219184875,1,1
learned_hands_consumer,embed_small_logreg,2,0,364,67f538667db398f86344c56348d00c791c1ec9ac0aff37d556bb99dd32897983,no,no,0.5666703154644465,0,2
learned_hands_consumer,embed_small_logreg,2,1,365,ddf035db365fff2212de2488a54adb763abc3e92a2dad325570e9d3251388841,no,no,0.5385351020534306,0,2
learned_hands_consumer,embed_small_logreg,2,3,366,aee3ace2d8ef27f3660fab84d93dad6ad86bf221676864042357c5e92059a85e,no,no,0.7055253982543945,1,1
learned_hands_consumer,embed_small_logreg,2,4,367,9913f5e62a1afcba67bee35c05d650381598f5b2c1380d1bb2a0f2ae1cc63e6f,no,no,0.9401819214990205,1,1
learned_hands_consumer,embed_small_logreg,2,1,368,00c018554b47c9496be37e1420e4483569efc3e3631c681205edc2ebb9c5b095,no,no,0.5501740574836731,0,2
learned_hands_consumer,embed_small_logreg,2,2,369,2c68763833a784dd4f1a5569f0af102d4fcf6b344f917b9d6e68c91bf223385f,no,no,0.5887780785560608,1,1
learned_hands_consumer,embed_small_logreg,2,2,370,c585104773d1883d86927f2b034566efd206fde08fe7e1d63efcf06f6ecd9275,no,no,0.5147276520729065,0,2
learned_hands_consumer,embed_small_logreg,2,3,371,7387a5e5fad938d7e99b2c7c1f6e1158d97aec42e8d1218a21f1bfbd2e5ccac3,no,no,0.639843225479126,1,1
learned_hands_consumer,embed_small_logreg,2,4,372,8a778c2a7882c353ea19f4b4177b18f73596a4d0bdf7c066488b237259d5c92e,no,no,0.8422536379434711,1,1
learned_hands_consumer,embed_small_logreg,2,3,373,66c80303be317d1ece0aedd4cef8d908db80607ebada9bb9e122cc5c60b05acd,no,no,0.6768664323349723,1,1
learned_hands_consumer,embed_small_logreg,2,3,374,844bffeb2e27126213a382107f2bfbd2eeb29a0aa34b39db7c237d94aa21dc6c,no,no,0.7158457040786743,1,1
learned_hands_consumer,embed_small_logreg,2,4,375,ecc85367e5cf37586c263dedf5b348a050bbdf6b9249645651c148dca3f30d6a,no,no,0.8746631741523743,1,1
learned_hands_consumer,embed_small_logreg,2,0,376,2e572efe17abde9794ed1ca8e76aab48311dffe6e5f091aaf53a537351a6ec4b,no,no,0.5231141007874638,0,2
learned_hands_consumer,embed_small_logreg,2,2,377,8339831d993a8f59979c34ab2a332854935bb45ade809ebc382fde5b95859c6d,no,no,0.518953069479672,0,2
learned_hands_consumer,embed_small_logreg,2,1,378,42142d842605f05b949df18cb8a99bb35cb5a3e606e1f59cff43626743752be7,no,yes,0.5122622847557068,0,2
learned_hands_consumer,embed_small_logreg,2,1,379,84f150b50421abc72aea1ff2b9e810ed64fba7c4f9d5ac41a9be6e901d2ee310,no,no,0.7045735330752592,1,1
learned_hands_consumer,embed_small_logreg,2,1,380,e87ddebafaf120552bd4e34cf6953ec369024fb7fc6e707e8c74058e178b1363,no,yes,0.5266934633255005,0,2
learned_hands_consumer,embed_small_logreg,2,0,381,1338d4a9807f0d53047962b57d76cf583420487b44853e8aaab6f0d6d454688b,no,yes,0.5730665922164917,0,2
learned_hands_consumer,embed_small_logreg,2,3,382,ec007d3323dd2053bf052016919bc0af90796fa0ca1b0409c6082066ee97a50b,no,no,0.6234904713478825,1,1
learned_hands_consumer,embed_small_logreg,2,0,383,d2cd0e5ee933d888b506be5632aed8062b91258070bea77b00cbf7a570a68547,no,no,0.7113348841667175,1,1
learned_hands_consumer,embed_small_logreg,2,4,384,b6426951bbccc28e0d00959ce601a50cfdbc42f0b030169fc40a2d195b99f4ce,no,no,0.7285871722873203,0,2
learned_hands_consumer,embed_small_logreg,2,1,385,a7f2631f19f997f8dde0f842d8a44c6be3a43a0e33208d7f010eeb998aedd90a,no,no,0.5867922306060791,0,2
learned_hands_consumer,embed_small_logreg,2,1,386,ee780d03a703ecf7ba9c48251e78cd4e9b7af05645ad48fff61fa919cf492135,no,no,0.5648978352546692,0,2
learned_hands_consumer,embed_small_logreg,2,0,387,2a45a35e29096acb668fa0ef232d5755b039d19bbf414f441fa03b6c6964e833,no,no,0.6751000881195068,1,1
learned_hands_consumer,embed_small_logreg,2,3,388,db01549ee1c2f8c8cddf1988e9091c11b9c05afae796574b4aa7e58eeebe1ec7,no,no,0.7161041284768543,1,1
learned_hands_consumer,embed_small_logreg,2,4,389,63faab04056ecaa75521d5f981daa271b06f41399397a77f5b18772f7982501b,no,no,0.8663727303258398,1,1
learned_hands_consumer,embed_small_logreg,2,3,390,ae83caf06a839c78cbe1c040b85f5774b377a68c7cd5ca4e2df1e6b808f5c1b1,no,no,0.7488338947296143,1,1
learned_hands_consumer,embed_small_logreg,2,1,391,9a3dd5e4246141a2e5cb3351f2f44bd41b29e28912043c8883ba1ee127ba989b,no,yes,0.5532506108283997,0,2
learned_hands_consumer,embed_small_logreg,2,2,392,df2ca5f08012ee422366badb625b7e85f8f8d13eeebbc8ec9a4e52cb9755e245,no,no,0.51253591440511,0,2
learned_hands_consumer,embed_small_logreg,2,0,393,77b2b7af3d2e7d92346d21688da079b282d2e31d80505b4c19a05b664ed10fb6,no,no,0.6572931008724302,1,1
learned_hands_consumer,embed_small_logreg,2,1,394,ce03177700db149631f5a0748437e3e8ce566671b3939640d10d100e63e3fd16,no,yes,0.5386762619018555,0,2
learned_hands_consumer,embed_small_logreg,2,2,395,a47f0ccc3396c563d1d54cfa509c381c6e8ffadc05e947351c2c88540f5992b2,no,yes,0.5043227076530457,0,2
learned_hands_consumer,embed_small_logreg,2,3,396,d28d9b72ec96132abafad4420752c4f56363e197e4763aacee93a17b42e571ae,no,no,0.5338762998580933,0,2
learned_hands_consumer,embed_small_logreg,2,4,397,c6571efea3285b8369d41b3dd25ef48c253a0e321fcaeefa5d4e89023afe6cd5,no,no,0.9239386595469313,1,1
learned_hands_consumer,embed_small_logreg,2,4,398,3f37d027870da81cb661495002a1a7fc86a664b28df5b372c3384fa16ab115db,no,no,0.9248792391288394,1,1
learned_hands_consumer,embed_small_logreg,2,2,399,1195fd2a250615c2ef282030a1bd1f0805e2944f0343faea81ddf121d0ccc994,no,no,0.5957888542350785,1,1
learned_hands_consumer,embed_small_logreg,2,2,400,52755383856e91c2af9d9af2cb1b6b5e2474b17de3d5bc750e466a0cac60f774,no,no,0.5924816727638245,1,1
learned_hands_consumer,embed_small_logreg,2,2,401,79a5f35751c76695e1441ec78b28a225fca1c41ea9c82882b2fc5535aa52607f,no,yes,0.5335376858711243,1,1
learned_hands_consumer,embed_small_logreg,2,0,402,e8b28f4ace8f9d83a962e68403786fac2eb9f58c6f2f6f2fb4f640879cb943c8,no,no,0.7266561768455453,1,1
learned_hands_consumer,embed_small_logreg,2,2,403,49b50604e1e593b1474257b9770d20e0a60ddcf54a8b6890e153124f746b8275,no,no,0.5753838419914246,1,1
learned_hands_consumer,embed_small_logreg,2,4,404,9d7dcd2eae72e13950ca10701a907c961252af1dd61008203f0937eed002f2d9,no,no,0.908904513170671,1,1
learned_hands_consumer,embed_small_logreg,2,0,405,3f5ca9261b2891516e2a5d24447411595d9562c1ff20862e0b1016f7ff1c32e4,no,no,0.5817320173462625,1,1
learned_hands_consumer,embed_small_logreg,2,4,406,4e20b69b4d085a8af12bd1e5f9d7e6232d82ab680cfc25e9a64195c6513cabd3,no,no,0.761610876941843,0,2
learned_hands_consumer,embed_small_logreg,2,3,407,9000d55fade254c6ca05e4c143c5341da66479eca3cc7fcba053382ab0a06d2f,no,no,0.6623492240905762,1,1
learned_hands_consumer,embed_small_logreg,2,3,408,1d4a66a5ebbe0fede76d2d78db8f5fc9f6c99b17daeca5cfecf1d41b10cf80b1,no,yes,0.5715482831001282,0,2
learned_hands_consumer,embed_small_logreg,2,3,409,c6ab1cc27fcf3c46640e8614bb3cef65334f694f0dc7ebf7c14f0f95ff582cff,no,no,0.594652038972019,0,2
learned_hands_consumer,embed_small_logreg,2,2,410,2808314a91f63cd0f210000ca0d99e536b41a5ef2a38b09b99706154ed097563,no,no,0.5504033729554227,1,1
learned_hands_consumer,embed_small_logreg,2,4,411,add411cc48fc3dd30ad7eef9eb447a04c306289987db61ee0f1a60eec669366a,no,no,0.9507485876055066,1,1
learned_hands_consumer,embed_small_logreg,2,4,412,c5e98cba61f5b7e99d394fd52e37b44f2fa2d4bd59a64a4fa6df5eb9c7d968ee,no,no,0.9839974247365663,1,1
learned_hands_consumer,embed_small_logreg,2,4,413,b065f229dea495ea981117badbe33bbb78f927032d079f6b45b57b9ff319ee3f,no,no,0.7921633838439492,1,1
learned_hands_consumer,embed_small_logreg,2,0,414,ba9af4f96d08829a0c9ec6aba9efeff3a00a2093dfdfbd72c8bd45f2bc9e6a69,no,no,0.5550149844591314,0,2
learned_hands_consumer,embed_small_logreg,2,1,415,5d18d68c26e2f66f512fe9593484b459f2bcea6aa210183c392cf7ad40ddb4f4,no,yes,0.5417051315307617,0,2
learned_hands_consumer,embed_small_logreg,2,0,416,e78402c565c5685cfe8d6f3023b3e7d2a6cacb870295e754ff3c7bd88851a1a7,no,no,0.5053499937057495,0,2
learned_hands_consumer,embed_small_logreg,2,1,417,83791c54b327f91dec027e1575b5e0d327a0464147f41406fc441098e5403ca6,no,no,0.6983289122581482,1,1
learned_hands_consumer,embed_small_logreg,2,0,418,2054be735fa66a7be473f7d8d284cc496f2873f3c0ac26935232ccd60f9de832,no,no,0.7472556233406067,1,1
learned_hands_consumer,embed_small_logreg,2,0,419,bab1e0749854088c9ef136c8cc309c034a76a764cfc21fc0ff53362e4861636d,no,no,0.5960467876181964,1,1
learned_hands_consumer,embed_small_logreg,2,0,420,27beb276d0fba5a8e870d21c77162c178327fc1ad4e1c391cbb90aa0b33604e5,no,no,0.5351023514538302,0,2
learned_hands_consumer,embed_small_logreg,2,4,421,a1f504238378627ada42e6b4a5188dc174b5f75652a150163843892064abb22d,no,no,0.5267205238342285,0,2
learned_hands_consumer,embed_small_logreg,2,2,422,a005428946110152b42b0ec6663ca35a25f83f6d59f5b03454dc6b5ded6ed03d,no,no,0.5849869251251221,1,1
learned_hands_consumer,embed_small_logreg,2,3,423,9cbbae94185f89046b6054bb9bccf79344fd2aa88fe2a30fc15f75d34aacbef3,no,no,0.646650493144989,1,1
learned_hands_consumer,embed_small_logreg,2,2,424,3be047961cac24031e53731a39990092e5be49c19c1bf50858f360635095935d,no,yes,0.5327344536781311,1,1
learned_hands_consumer,embed_small_logreg,2,2,425,ce81291a07edef587b6b3aadc6149395b531a8bc2ccd91e5c553fafdef0a6317,no,yes,0.5315665602684021,1,1
learned_hands_consumer,embed_small_logreg,2,2,426,e39dbe75b89613b758ebfbe9bb10832f0a92b0a0f06161e751f68ee02db8bc9e,no,yes,0.5124379396438599,0,2
learned_hands_consumer,embed_small_logreg,2,1,427,77f8b279f1b0c7568831f06897e485c63de90d157e9f5bdffc950d8b5339b76b,no,no,0.7407904863357544,1,1
learned_hands_consumer,embed_small_logreg,2,2,428,196d1c980028958aa696f055758fa3b2f6507b7e90205d1bb8c1232f9ed33879,no,no,0.54165302092871,1,1
learned_hands_consumer,embed_small_logreg,2,2,429,867ba8abbec80d2ad80edb9dbea0eda8dc5dcbafdfbe36aef9c42b95537f0f61,no,yes,0.5283028483390808,1,1
learned_hands_consumer,embed_small_logreg,2,0,430,72af3f1cbcff79519e8d830ce39f1aaf8bc7b8e3c6a420f8e0cd0db3ab43e396,no,no,0.6671891411301237,1,1
learned_hands_consumer,embed_small_logreg,2,4,431,8ccfee9549ab36622cbef033779481a4709533ba1916a502e4daa4bee8356d6f,no,no,0.6756248675472994,0,2
learned_hands_consumer,embed_small_logreg,2,2,432,f86e733c4aa27750c91274e7c1d24ef7fdb6886dedd3cd183e02ae97b21b71a1,no,no,0.5253971219062805,0,2
learned_hands_consumer,embed_small_logreg,2,4,433,4e5a84a0e6bc8a79290a97622c2e27f93f35d3bc1d958a174621ce41587bc723,no,no,0.8042271853123186,1,1
learned_hands_consumer,embed_small_logreg,2,0,434,60115ad7adfb7cd44dc9d3974fa6e91f75d4314b459afb6ad7cf046ec468f5d0,no,no,0.7230177902275983,1,1
learned_hands_consumer,embed_small_logreg,2,1,435,c2f8f30d2f33de3ff6d230fe420907389008f3f32d850a0d46c02bed9d4d96a6,no,no,0.6608690220376557,1,1
learned_hands_consumer,embed_small_logreg,2,1,436,c260b7498f71fe45f1424fd2b9a9839f565e405a7d4dcec0225cc32b31aa3ddf,no,yes,0.5357586741447449,0,2
learned_hands_consumer,embed_small_logreg,2,1,437,946f42d7871538b510e3f3addcd2c214d51128c8b0d1497d15b7386ba0a1356b,no,no,0.5790711641311646,0,2
learned_hands_consumer,embed_small_logreg,2,0,438,2ccf77520a102a3a7f63b623e6874716be7a1cf26d8c0f666f6e7470e9e4c438,no,no,0.5671160052086114,0,2
learned_hands_consumer,embed_small_logreg,2,2,439,a701c75cc7ffd4dd2d848114d88c55877c21ca6bc554b06f7a780af98fdede78,no,no,0.5571309328079224,1,1
learned_hands_consumer,embed_small_logreg,2,1,440,1512241f1c901913c1bcb63d7c6958e6e29007920502c9eb4c9eb5dfdc429779,no,no,0.6173144762907766,1,1
learned_hands_consumer,embed_small_logreg,2,4,441,8efb01893e2894f9a68dd4abe86e1aa3273c502cb488596dc29f5385ecaeb2c7,no,no,0.8884813785552979,1,1
learned_hands_consumer,embed_small_logreg,2,2,442,1d2a94502aece3443e17b2cb63dfe225b7a8aeebd081ddb65e6bb2f671212a17,no,yes,0.5107851624488831,0,2
learned_hands_consumer,embed_small_logreg,2,0,443,0163ad6ff34e85877a0adf35a59c1a346599711f69d7bf4891317aada189c78b,no,no,0.5887466493622467,1,1
learned_hands_consumer,embed_small_logreg,2,0,444,8bd8da3916ab6140c8983ae16bcdb2e8e857d786d5b0a809729486e67a0812d0,no,no,0.6986765653289388,1,1
learned_hands_consumer,embed_small_logreg,2,2,445,04302b33dfe27e60dab505555f6ba88813973ef1386f0c8b08205ee51891f0e6,no,no,0.5767926573753357,1,1
learned_hands_consumer,embed_small_logreg,2,1,446,1afd1fc0fa21504408f161026b0213f082b591b552e5a77213bf65d60bf4612b,no,no,0.687504032626628,1,1
learned_hands_consumer,embed_small_logreg,2,2,447,d1d3852aceaedd7f13c819c848f14ecc6dc897da4bfa78ed063ef32ce2ac63d1,no,no,0.5094916668685774,0,2
learned_hands_consumer,embed_small_logreg,2,2,448,04a31af43a0322d4e234770268a71818baa3b9f7193dc123c6ce1e4fb24f3e72,no,no,0.5638757348060608,1,1
learned_hands_consumer,embed_small_logreg,2,4,449,a8e84a61c494345c5650ad8117693f333deabc9e041a3b4a22aa1d06393231ed,no,no,0.8275087825206285,1,1
learned_hands_consumer,embed_small_logreg,2,2,450,0854abafaea9b69c2c49c5f64e9f3c95f596dea3588670571b1ed57b744f59a5,no,no,0.506242975406558,0,2
learned_hands_consumer,embed_small_logreg,2,4,451,9f25eaeb6f65236347aee880ca9534bfc163ad085b06fa72eeb67b405f5f1d62,no,no,0.9393811155901766,1,1
learned_hands_consumer,embed_small_logreg,2,4,452,cbfecefec8a53e69aa8f367aea02a4727b7ee5554da9e45a38e31f065cc3c169,no,yes,0.9569109678268433,1,1
learned_hands_consumer,embed_small_logreg,2,1,453,bc4a406688a7b5efef17bfb1b4edbc67f35a63b3de8702b8068df824d666583b,no,no,0.5416074829814588,0,2
learned_hands_consumer,embed_small_logreg,2,0,454,1c6dd5d561b55e7031e5f2adc0da0e9723f06c4b23e08e8904fc1e27c13cd9c6,no,yes,0.5087332129478455,0,2
learned_hands_consumer,embed_small_logreg,2,4,455,932d945f027160e21bfd51184d91d8727cfdf60e72226309e7516cc368fdc515,no,no,0.6963912456152215,0,2
learned_hands_consumer,embed_small_logreg,2,3,456,27da743642e6fe9e9f70f9ff5b3c8febcdf419aed6c38e5e67fa09294c9d6ab9,no,no,0.5576811002993911,0,2
learned_hands_consumer,embed_small_logreg,2,1,457,74043fddd5dce444be8d653b1c6f225528ef532997c766cbce4e5c660ade622d,no,no,0.6122121214866638,1,1
learned_hands_consumer,embed_small_logreg,2,4,458,f417273fdbac343a73e3321b40e14d3eafed51eea5cb6c8b788b4ea1eb0afd8f,no,no,0.8444128036499023,1,1
learned_hands_consumer,embed_small_logreg,2,4,459,df68371ca953f13c782ca05591a597acc4b878650efb047c1d8da558f203219e,no,no,0.8794008892908494,1,1
learned_hands_consumer,embed_small_logreg,2,2,460,5a1f2ce82b72f9c1266df09ac2c4d257aa3bee8f5b3972e0fc839db712595ca9,no,no,0.5815651416778564,1,1
learned_hands_consumer,embed_small_logreg,2,1,461,0b54969a9e57430db4a328e94f100a2c17ce2ecd53896ee28aa064697a2b1d8d,no,no,0.5850688393434537,0,2
learned_hands_consumer,embed_small_logreg,2,0,462,0bab903026b7c3c9333fbe20f96dcdd314852e6516b76ab0c53d206790eefac6,no,no,0.671005507439539,1,1
learned_hands_consumer,embed_small_logreg,2,1,463,41fa77f140f955deec510a2825da39c611b3256f06db66f38fab47e7b78d20da,no,no,0.6861947178840637,1,1
learned_hands_consumer,embed_small_logreg,2,4,464,2425edeaa0bb4c18efdb8f3cf3549bd1e238423ef48243512eb592127b04ee0e,no,no,0.7061189413070679,0,2
learned_hands_consumer,embed_small_logreg,2,3,465,987eae7153585e7a2a0d88ba16f6807b131129542c68eb9138781ebed69e8cc2,no,no,0.6141560077667236,1,1
learned_hands_consumer,embed_small_logreg,2,1,466,b24b2625eafa8e1b32b1e246012edbc8db39764b08f08c67c920f3b3350fe9ea,no,no,0.6738842725753784,1,1
learned_hands_consumer,embed_small_logreg,2,3,467,35b9bab2880db0b2d36d825afd233bf57bda9e5eef479a37b70a41a36c5a5879,no,no,0.6201699376106262,1,1
learned_hands_consumer,embed_small_logreg,2,0,468,6f958da8adbf8531a95cda9abd9c5210f97bffa964d37b7cb0442bcb31d14c37,no,no,0.6056185364723206,1,1
learned_hands_consumer,embed_small_logreg,2,2,469,9e30b352d1c79225ed762c8ded34d155a8f1a9acb805c8f881ea24631aafaca6,no,no,0.6064389763343639,1,1
learned_hands_consumer,embed_small_logreg,2,1,470,6b2d81f7309dbbad5fd9af0af6a0d5e5c76e6ba2b87feadee3468b273edf16ad,no,yes,0.5334225296974182,0,2
learned_hands_consumer,embed_small_logreg,2,4,471,eaaf0b7320c280140ad331ea0601675c5fd7ff6a885286c80d46ea113a3cab17,no,no,0.888345234927943,1,1
learned_hands_consumer,embed_small_logreg,2,3,472,4e19f210464ca73a7f7a58cd3218cec482dee93c4f53abed18732ac581733e3c,no,no,0.5882030550180956,0,2
learned_hands_consumer,embed_small_logreg,2,0,473,4115fad9f9b83db5ecb78a9be61669ad1018516abc1227f075d62f7563f98f22,no,no,0.7114306476285861,1,1
learned_hands_consumer,embed_small_logreg,2,0,474,f0cadb5492e0ec183a3a3ea7616ae472ae6eff8bbcd445c563fa7c23da261ca5,no,no,0.5981691479682922,1,1
learned_hands_consumer,embed_small_logreg,2,1,475,531a57b154dbd769d4108e15531d27140a960b9c18d233351c7d62f188b8f6f1,no,no,0.7186254858970642,1,1
learned_hands_consumer,embed_small_logreg,2,0,476,8fa4139dbe239bba25434909e55f2fa80c50269832bb68550d65299db5619836,no,no,0.6960098743438721,1,1
learned_hands_consumer,embed_small_logreg,2,0,477,9aec94ea158756c81b27ab95c8b331de3d51619d6ed22d22437d837182c56810,no,yes,0.5540262460708618,0,2
learned_hands_consumer,embed_small_logreg,2,2,478,dc31283a842264461700a1d07d553bc3be03295a75df6770fa6c06015b16fc4d,no,no,0.5625804662704468,1,1
learned_hands_consumer,embed_small_logreg,2,1,479,d8bcfed355b99213c89ac1a9ff427c6c4b1ed05f140ef324e243fdff43ed062e,no,no,0.6600774329877664,1,1
learned_hands_consumer,embed_small_logreg,2,3,480,01de597cf467f8e74cdcd5967327e64399908a15ce5348852dd9dd952a970715,no,yes,0.6241680383682251,1,1
learned_hands_consumer,embed_small_logreg,2,3,481,6d3f546cc7e65f909112f42a52f7c36c1144c6845909f5c0f68d093fbfcdd8fe,no,no,0.5188872814178467,0,2
learned_hands_consumer,embed_small_logreg,2,1,482,76ed3dfb2ec9e6a39f0bdd9bfc8057cdacba2af71015e9bdb02dc0313489169f,no,no,0.6683765450603799,1,1
learned_hands_consumer,embed_small_logreg,2,4,483,931e120b8c3a8979cf4a37513bfbbf87c5b064b350a60733e2408dda7477646e,no,no,0.962647833764974,1,1
learned_hands_consumer,embed_small_logreg,2,0,484,cecaae8addd481078cd53a5a69e5d8da4b6a98a516613269f4137b01782983d7,no,no,0.5269835591316223,0,2
learned_hands_consumer,embed_small_logreg,2,3,485,b07d2a4ff6a8dceaa18e35705a350c09b7e7f46cd67cf1e630b3cf325c46cc0f,no,no,0.6318996956378312,1,1
learned_hands_consumer,embed_small_logreg,2,3,486,012a4657825e2d7e50ec63501a9322690acfd4226e288797e79c2df8d26962ba,no,no,0.6018383502960205,0,2
learned_hands_consumer,embed_small_logreg,2,4,487,20b699538b4fb5aba69b8c97153f171766a2c4674e8e33eac9eebb1206529fe5,no,no,0.9202870658018658,1,1
learned_hands_consumer,embed_small_logreg,2,4,488,c837c365cb2af81ad03b9121ec3ef43ab40d330362b3b4a17acbdc6fe37d85d0,no,no,0.9712627638645034,1,1
learned_hands_consumer,embed_small_logreg,2,3,489,ed3eae30ccd079f9f129d55e81fae1839ca02ea3e96d61c56b1ccf55fe84687e,no,no,0.6053234519160823,1,1
learned_hands_consumer,embed_small_logreg,2,1,490,18d65e6e4ac267b954fab721a8d2cabcf4346e461537cf69de5e72f51a7c5a79,no,no,0.6304550766944885,1,1
learned_hands_consumer,embed_small_logreg,2,1,491,1de0c196d21d27621ca7c6e1b0386331881a85a41a05c700ff3c5d698d48eaae,no,no,0.5809301733970642,0,2
learned_hands_consumer,embed_small_logreg,2,1,492,daaaa7023a2b99c5064d440cbb801b79c0f04aca364a814e84dc1c4dfc3865d0,no,no,0.5176543593406677,0,2
learned_hands_consumer,embed_small_logreg,2,3,493,ba5d6e2c09e4d63bb1beb689879578b510654791dece0cda170619655fbe60bd,no,no,0.6109104752540588,1,1
learned_hands_consumer,embed_small_logreg,2,4,494,0769d7b7837170d8be575bfc0f6247cb8aa473af2eea89363f68c41a10d2c7e0,no,no,0.9093074595337929,1,1
learned_hands_consumer,embed_small_logreg,2,1,495,cc8b2d0978320bbe51dc5e4b1de74ef4b9b277de2e23e12d234df5eb07e460e7,no,no,0.5736684799194336,0,2
learned_hands_consumer,embed_small_logreg,2,3,496,e613741978772ff2af35a8e2703f6574aa51e0f59b958d0ac40bd784a691696c,no,yes,0.5243995189666748,0,2
learned_hands_consumer,embed_small_logreg,2,1,497,30fc1431cc1bd1aa3cf2160a194f94ab74b259ec3b1a245d9a44d4c7cd36702f,no,no,0.6829215491688713,1,1
learned_hands_consumer,embed_small_logreg,2,3,498,3e84f9a77980c8201610e1fcd383fac5825e27ba6d5747b53d07a15d820d1826,no,no,0.5928445877777163,0,2
learned_hands_consumer,embed_small_logreg,2,3,499,45f440261959716e956eeb1411ef4686bed9e9775d8fda7f31816a338fa7aa25,no,no,0.7301701524904416,1,1
learned_hands_consumer,embed_small_logreg,2,3,500,3369d09eaa0b33274bebd84d0cf53afc9ebc6dd6dbc8f7ea6cdc98d71324c90b,no,yes,0.5612677335739136,0,2
learned_hands_consumer,embed_small_logreg,2,0,501,310cdecdcb36d755a158b4b234f965e433bc5d653ce95ec34814c492542b6e9d,no,no,0.6338722894749728,1,1
learned_hands_consumer,embed_small_logreg,2,2,502,3f4cf00bdfec2adfe98cd9ed014b1bda2da6b65d534ee0ae60f5a1f4cc7d8bed,no,no,0.6218663454055786,1,1
learned_hands_consumer,embed_small_logreg,2,0,503,bb5add493ea70afa2c752943a32010d534375afbf274f76364f5fd08c8551486,no,yes,0.5641204118728638,0,2
learned_hands_consumer,embed_small_logreg,2,2,504,04a671661b4a945504156fd0073b7bf79e85f7d32382c0d0180634ee46e850af,no,no,0.5809694528579712,1,1
learned_hands_consumer,embed_small_logreg,2,2,505,fd1fe8184fbcfa582a0b2176a6b8d3a33eb68e84c3e941c4565a70212f082b27,no,yes,0.5379599332809448,1,1
learned_hands_consumer,embed_small_logreg,2,1,506,231ee3f5f275519cba825473068fc96cf01d3913b5d14fb747b2bda5abc8ab6f,no,no,0.6584341329802831,1,1
learned_hands_consumer,embed_small_logreg,2,2,507,6739991faf5aa8fa1e6c64dd6d08390a1287fc09742cac2994b33432d5338df2,no,no,0.5197819316452166,0,2
learned_hands_consumer,embed_small_logreg,2,1,508,37ec98dd44986f754e0baa73863d4c9210b359d2ba344ae645cbc8abb39da92f,no,no,0.6184452956451564,1,1
learned_hands_consumer,embed_small_logreg,2,2,509,b49a2505659c683cb11a3df13847ac8045a46adfd8192d2c76391a8803a1f4c8,no,no,0.5785383582115173,1,1
learned_hands_consumer,embed_small_logreg,2,3,510,a8217fa585bcf051c42ce021792455104c0b30538cee9d1851b1d4287e25e0f1,no,no,0.6749560236930847,1,1
learned_hands_consumer,embed_small_logreg,2,0,511,e9985a996c1b2327f2216eff3e962fc84a378f193e0d95ba12e5529bf99d15a9,no,no,0.6715836324815859,1,1
learned_hands_consumer,embed_small_logreg,2,1,512,df1f494b116ab1943fdfa5b41fa750c836fe604c800651280911f0dc4580a3f8,no,no,0.679767370223999,1,1
learned_hands_consumer,embed_small_logreg,2,0,513,be04d6d56aebd1e9f64044842226e835ae6154a25190109a1e2e0693bee8e9c3,no,no,0.5261902809143066,0,2
learned_hands_consumer,embed_small_logreg,2,4,514,da3a06f0dd47af3a2b4ad51ae4de160a3f203e163224d6995c3218e0611096d0,no,no,0.7169215892827985,0,2
learned_hands_consumer,embed_small_logreg,2,2,515,5c56a2375937744f352e8a6ee8be863d82c01648dadf59d6e0540e4d4cd3aa63,no,no,0.6123368740081787,1,1
learned_hands_consumer,embed_small_logreg,2,4,516,77ff7a6cc1e79bc95cfd0df1cf2351b19e130cc482374a04d5967c1a85d54773,no,no,0.8703594337457334,1,1
learned_hands_consumer,embed_small_logreg,2,4,517,4a00c73ae7c6524fa4c17e987d72c3f6fa272236cacd79ed166db4d45eebb2aa,no,no,0.7196921706199646,0,2
learned_hands_consumer,embed_small_logreg,2,4,518,57d7010f1071da7d8e1852e639021c19ce4b58849818194549f19da7d793ed5c,no,yes,0.5035746693611145,0,2
learned_hands_consumer,embed_small_logreg,2,2,519,b0346537dd7db9e6927d457dddb797ca2160ccc494e76289b9cefcedf036ceb3,no,yes,0.5281480550765991,1,1
learned_hands_consumer,embed_small_logreg,2,3,520,c2be9f06745a8c52db0133bd1fd943903f7fbaa625b0d3d34c2fce9d0ae875e0,no,no,0.6942573992686689,1,1
learned_hands_consumer,embed_small_logreg,2,3,521,75d05aaa2c22410aa8b7fffcafce5468bcd99117194cefbea4e1ac86f5f351f4,no,no,0.556456582440632,0,2
learned_hands_consumer,embed_small_logreg,2,3,522,db05d6507e5e3fa1d10142d3d8a1447182ad4bbba3e4a8370275f7fa482603f1,no,yes,0.5500988364219666,0,2
learned_hands_consumer,embed_small_logreg,2,0,523,0cd164612e455d558e41fa9eeac7cdf9afda934ca9be5ff6ca58723a0d4f1a00,no,no,0.5540447235107422,0,2
learned_hands_consumer,embed_small_logreg,2,1,524,64748ff82f5a0b3935c4b036e55eaa3dedc4952ea2df451bb4489eeb560981ca,no,no,0.7086483836174011,1,1
learned_hands_consumer,embed_small_logreg,2,2,525,b84cafbdf8906d4952f89b6677c260f193b288cde9bd9a044da00429a5c1788c,no,no,0.5747877359390259,1,1
learned_hands_consumer,embed_small_logreg,2,4,526,c2c2b5dbf3e12a911a20a8938927cbc7333ac84a79c8659cefb4366be01ff7c4,no,no,0.8477949626415218,1,1
learned_hands_consumer,embed_small_logreg,2,1,527,60c6f915b166a49f3d467e29663aefd916fdb4febc3aed6e9f86dc861d89cdb0,no,no,0.6265091896057129,1,1
learned_hands_consumer,embed_small_logreg,2,1,528,5b8d9992b62967320c49f0330151d6b9b87e86c8b4abbfb6622903ab97a5142b,no,no,0.6853132843971252,1,1
learned_hands_consumer,embed_small_logreg,2,4,529,57d3ccebff848e81befa244f69489b9a171ab42168f6bbc6325439c85b7b0df5,no,no,0.9475951649606948,1,1
learned_hands_consumer,embed_small_logreg,2,2,530,dcc018d1aaf56509688079bc8783b9b23e0de1b677409b02d41284d2fca9040c,no,no,0.5004196166992188,0,2
learned_hands_consumer,embed_small_logreg,2,2,531,4d5492ff6e79ebaf69bd06ebbeabe63809050a927815a156c8a8972229eba0ba,no,no,0.5781351155598428,1,1
learned_hands_consumer,embed_small_logreg,2,4,532,ca3ecf1c1ef162d48d1f7e17896f1037dde115892608733e846ec86140631f89,no,no,0.7588906061979948,0,2
learned_hands_consumer,embed_small_logreg,2,2,533,0305a9b842d8022160096d7a46730fab12122cf58393b7bcfe6ad6852162bdcb,no,no,0.5857713397077126,1,1
learned_hands_consumer,embed_small_logreg,2,3,534,3d57a7bd684e91a426d743d44a7a8feae1ccc11b7320dc7c64cdfff7f5651caf,no,no,0.6337704658508301,1,1
learned_hands_consumer,embed_small_logreg,2,1,535,f5d5f15ce9ba190a7120001abc42f1cf21e20e7f2a019fd07a91090882dbd6f6,no,no,0.6657295425453645,1,1
learned_hands_consumer,embed_small_logreg,2,3,536,903fd0d792e220feea54ad37c84686d6e6b8e59535fa16d13bc36658f1fc28c8,no,yes,0.6352723836898804,1,1
learned_hands_consumer,embed_small_logreg,2,1,537,9d9b4526cbe24d2a6f2890adb86aace884014a95851e78352d3f4ff1cdcc50dc,no,no,0.5327195962453009,0,2
learned_hands_consumer,embed_small_logreg,2,4,538,30a2b5df9ae4ed2e010f7c2d068372ace7e2577350940484bb48430ae9ea7278,no,no,0.8647109737290297,1,1
learned_hands_consumer,embed_small_logreg,2,2,539,14dd48f8f89acc71cb973a464b51478fbbeeac5361ae069ccdf18c010692573b,no,no,0.6015120923969773,1,1
learned_hands_consumer,embed_small_logreg,2,1,540,60cec153bbc5f214e7135f4d89ed8528e27743234f4739a1eb92e34f1ff44d86,no,yes,0.5288383364677429,0,2
learned_hands_consumer,embed_small_logreg,2,3,541,5588471057013e09e22216f158d5fbdc584f612606d94687c13be4b2e55f5896,no,yes,0.504109263420105,0,2
learned_hands_consumer,embed_small_logreg,2,4,542,dc192552b483d0ac3a6d1651b8e21b40837a9426816d9e3f64498e131d76e734,no,no,0.723431251151301,0,2
learned_hands_consumer,embed_small_logreg,2,1,543,f1f6e92601fdf06f7ca1a57e7556c20884dc45c096f396b9e825f5e32c0f7a59,no,yes,0.51960688829422,0,2
learned_hands_consumer,embed_small_logreg,2,2,544,3c76189ba90d25579e258776ba63c3c30d8b7d53a978703cf331ee251b4e5890,no,no,0.5285142660140991,1,1
learned_hands_consumer,embed_small_logreg,2,0,545,43a6bc4480553f9b0a214f75f6d48c8e8ce7abc4b7be882e01a9e9df8108a1b0,no,no,0.695277074120132,1,1
learned_hands_consumer,embed_small_logreg,2,4,546,3da37e63dffad75b2ee9a58d491a68e212af0b7d71ac858045a8657165bfadd2,no,yes,0.6367165446281433,0,2
learned_hands_consumer,embed_small_logreg,2,4,547,58137e64ac41ed8e7e81d207383d87b5226b5658728837915a21ffd225d0754b,no,yes,0.5598491430282593,0,2
learned_hands_consumer,embed_small_logreg,2,2,548,c9760c7df4fc3eb826bfb31e080137911ab35ae7f2295614373536be38ff7a63,no,no,0.5260520138159994,0,2
learned_hands_consumer,embed_small_logreg,2,3,549,f68d2b36b0aa1fe05ff7cfefd1bef8b411b59bfd2547573231a9358ce4a847af,no,no,0.5168800950050354,0,2
learned_hands_consumer,embed_small_logreg,2,4,550,9d038dd0243eecf6b7473c2626d4e82af31cbb7798372022403db2c53aac85c4,no,no,0.8505755193617273,1,1
learned_hands_consumer,embed_small_logreg,2,4,551,1f966f4c818ddbda27cb669513c943ee46d73d5252c0de4770bae3e0b1407c6b,no,no,0.8191987520217524,1,1
learned_hands_consumer,embed_small_logreg,2,0,552,47f5ff1d7bfe7621611a502c23a7ceff9d308e2a1dabd5f29755fb341ed42da2,no,no,0.5000633597373962,0,2
learned_hands_consumer,embed_small_logreg,2,0,553,d4edcad2012a13062a63322c80d9dda6748d539f3ccc68a8ca8515cbf779e532,no,no,0.7261999249458313,1,1
learned_hands_consumer,embed_small_logreg,2,2,554,ba2d5b4602e83fd349fad98b24b38a99bfe1443da99a67d27ba98c8d58a7b182,no,no,0.5994179427450282,1,1
learned_hands_consumer,embed_small_logreg,2,4,555,a6dd6a0f17139acfd501f939d766455a6f082f486b04d50843f5897c950f5a6b,no,yes,0.65707927942276,0,2
learned_hands_consumer,embed_small_logreg,2,3,556,a1ec095ee15753680fa1dcc2cbce2e048c960c54a4c671af2b889ff01c2a78b1,no,no,0.5204776680611869,0,2
learned_hands_consumer,embed_small_logreg,2,0,557,f50ac2f7ee90df358f730bee0cc541912730af6dc27f334b51ce011788751780,no,no,0.5298594078463492,0,2
learned_hands_consumer,embed_small_logreg,2,4,558,6dbf7b018c755e5418a5bb8020c0e3e0b3b6c2802141270907880a6f7cf37e03,no,no,0.9644855368638657,1,1
learned_hands_consumer,embed_small_logreg,2,0,559,8028cfbd1a2e6305634a58811aaf0ab86462c0aba3c14fb71b4e2d5c466e76ed,no,no,0.7192119359970093,1,1
learned_hands_consumer,embed_small_logreg,2,0,560,9a51675376b7b3914122130018ee7839fc678cd936b6b9ab2de64d3095595d93,no,no,0.5894633707244209,1,1
learned_hands_consumer,embed_small_logreg,2,3,561,46db7874bb17bd0bfc4da9f20d511677c89d9d72e7616f5d2fea321d16a4d2c8,no,yes,0.5306000113487244,0,2
learned_hands_consumer,embed_small_logreg,2,1,562,703e4efa32ffec639b9f5832aba111107a1d6a46aa78b9f0bcbf55786e115a58,no,no,0.693208634853363,1,1
learned_hands_consumer,embed_small_logreg,2,1,563,7deec0af5174e4beb0d092237b7a51ba2fdd2750e9d0d6b70fc7c0a7dd3274b5,no,no,0.6928495764732361,1,1
learned_hands_consumer,embed_small_logreg,2,1,564,9f89ce31649f5aadaf8602b1ec128212bc82f53bdd4b070be2656d39389bfd3a,no,no,0.5744327135553148,0,2
learned_hands_consumer,embed_small_logreg,2,4,565,52c676261b9c0ec1700eb1af704f89bafe5d3cc2fcde6e3e53ec8d62cdd6d2a4,no,no,0.8798573744275775,1,1
learned_hands_consumer,embed_small_logreg,2,2,566,46c570bb238fa00c335738e90e9894fd264ea59da9a43983805ace67cda3babd,no,no,0.5765459537506104,1,1
learned_hands_consumer,embed_small_logreg,2,3,567,0cce10f57330f13a1fa4583d7fcbaea0ea54631244d26f8a6d66cacba2bc5e86,no,no,0.5970477879927222,0,2
learned_hands_consumer,embed_small_logreg,2,0,568,23d530283c7fa6d23eb17ed2448ff4204346f82e1ff6bba839e171c25a835f45,no,no,0.6823834776878357,1,1
learned_hands_consumer,embed_small_logreg,2,3,569,1c260489f250e26aa71f0f67af2d93564ae951b62570cc33391ef77909e9ff99,no,no,0.5667491128071879,0,2
learned_hands_consumer,embed_small_logreg,2,3,570,a069da037392da85deec01ab7ac053f17bb4d2f8fef4cefb41ffe8b522d078f9,no,no,0.6702464619205456,1,1
learned_hands_consumer,embed_small_logreg,2,0,571,524bb5bf6132a668b140a529e1e06fd9231839d3f515499d615f2e3cbc7aed03,no,no,0.6024360060691833,1,1
learned_hands_consumer,embed_small_logreg,2,1,572,698a24f5972ce2399e34b386818b23e9f4e394b92851cbbbd6edb8b88c1afd5b,no,yes,0.6499671936035156,1,1
learned_hands_consumer,embed_small_logreg,2,3,573,49f564d4ddfce6dfcee859f3e9357c9ab50ff9c0235c7f8261f86942a80bdb88,no,no,0.7538304924964905,1,1
learned_hands_consumer,embed_small_logreg,2,0,574,3ac0c82ca7beef115b86522a5f5f46bd39ba3538af171995361348eafd9b9e20,no,no,0.506385103058371,0,2
learned_hands_consumer,embed_small_logreg,2,3,575,867d8d7d603b8ba49fd2224d4e9a4e31af79cb37a9eadbd99a914e0587a6e215,no,no,0.5612537860870361,0,2
learned_hands_consumer,embed_small_logreg,2,2,576,85d2a625103432a6e270c523b2b82873753c1aadea3a856047d52d54f77d7fec,no,no,0.5259164728497407,0,2
learned_hands_consumer,embed_small_logreg,2,2,577,710dc3cc876b848944aa42d1a09e59b9090754a8d9bd4a8ec6a95c1d915c9b4a,no,yes,0.5059669017791748,0,2
learned_hands_consumer,embed_small_logreg,2,2,578,085d8a8bf0abb16a3a525ab8ae49de081115d9b133ea5c0286dcc920fa1332ce,no,no,0.5504616334896792,1,1
learned_hands_consumer,embed_small_logreg,2,4,579,b22ac3b6da6efba6a1c054601441ac802d6282b2f6c93b97b3f41378a9f9df7c,no,no,0.9108197892640484,1,1
learned_hands_consumer,embed_small_logreg,2,3,580,a0a8970a8f7abab6606c6c0dc4e4ed89f48960d36710902cbf788bcae8d59835,no,no,0.6789178848266602,1,1
learned_hands_consumer,embed_small_logreg,2,3,581,c830685ae56b6f1b2910c6ab5de01bdcf3e93705d4ae3850481e9ae6a7ec59c8,no,no,0.7453474776343263,1,1
learned_hands_consumer,embed_small_logreg,2,4,582,a2b8614a6474da04bbec6a1b3421b6c93d315cc44e8958073d1b9652801f4710,no,no,0.9858378162739446,1,1
learned_hands_consumer,embed_small_logreg,2,1,583,2fd3a1b7a973326e591034aa7863f5b09e42e05bb1e3f9d6cc311428d449d4f4,no,no,0.6138496215984338,1,1
learned_hands_consumer,embed_small_logreg,2,3,584,f221ac70290bacf70893417c277b4fb7396aa9262713ef18f437e8c1e5da3bcf,no,yes,0.5004128217697144,0,2
learned_hands_consumer,embed_small_logreg,2,0,585,a1f95e95ed3bf1df04e2d7306db27c5cd135ef9ea77def78c12cf2c81619e8c3,no,no,0.6198806947434156,1,1
learned_hands_consumer,embed_small_logreg,2,1,586,2ce709e73ee4451d404c5cdc00ea37833fee0b356b8f16d76ff2479b2cbd353b,no,yes,0.5718433260917664,0,2
learned_hands_consumer,embed_small_logreg,2,3,587,618c4d63aaf62f407f26f35d636080cc1e0a032d82f4d1e04c0fb1cf65048718,no,yes,0.5952646136283875,0,2
learned_hands_consumer,embed_small_logreg,2,3,588,4f6bc5578f8ddb17d988262058901424533577bd28369751a61118a761761e91,no,no,0.6935417652130127,1,1
learned_hands_consumer,embed_small_logreg,2,2,589,a9192bcdf65d01e592abf6f0b177a9853ed1c4a2b0ee8742dab11341eaee29d1,no,no,0.5596112179640298,1,1
learned_hands_consumer,embed_small_logreg,2,0,590,067cce98506849a73d82e859c38940708382620ea642806d23cbb8de5187231e,no,no,0.5555858446483062,0,2
learned_hands_consumer,embed_small_logreg,2,3,591,b576cd2ec8f9c40c2bb0abe987f064c2f9f1c25f94d4565ddd83377473d48859,no,no,0.6252371072769165,1,1
learned_hands_consumer,embed_small_logreg,2,2,592,5913bc49040be5c85504a852ac0a112f8e7e340d2c39fb67d7067ee3450e5e13,no,no,0.5134427547454834,0,2
learned_hands_consumer,embed_small_logreg,2,3,593,a25e7edfa72a41526ddc2db76023d27c2db12a24984d2e5a716da973b523f27e,no,no,0.7361515760421753,1,1
learned_hands_consumer,embed_small_logreg,2,1,594,d10b6556e2004b51129b987f5c4531830e2b0822cf2d7017e10a5414707669d9,no,no,0.5942057194052422,0,2
learned_hands_consumer,embed_small_logreg,2,1,595,d6d5572c752218b14019ec07e189728c9b3ddb8d34c3d70488fe782cc31aa988,no,no,0.7105355858802795,1,1
learned_hands_consumer,embed_small_logreg,2,1,596,07573b273be6697368d57299de8abf31240b9402c15219c81c2ee8f9a7f2aa62,no,no,0.552866356160234,0,2
learned_hands_consumer,embed_small_logreg,2,0,597,6dc6cf31b2c1894f7bcfb26a493a4e5756971e007f5e7be26036cf50c17d7eb4,no,no,0.6850400175166135,1,1
learned_hands_consumer,embed_small_logreg,2,2,598,7aa6dcf85749745744d1eb12d07f65d4b80960c401365645658ffdacc98c266a,no,no,0.5382576584815979,1,1
learned_hands_consumer,embed_small_logreg,2,1,599,5d91de0107b67446aed45672dcfdef4f58baf8f1c037cbe894d9bb1e9578101b,no,no,0.6415099906471374,1,1
learned_hands_consumer,embed_small_logreg,2,1,600,684294f8c7abfb0278d36770f016d23248fd859f28c36cd2400da167f3b2b1ee,no,no,0.6709809303283691,1,1
learned_hands_consumer,embed_small_logreg,2,3,601,241cef5b8e4490252fa54625f6d6db8138d2f2b6887914926c4714fe63225592,no,no,0.5940598426479055,0,2
learned_hands_consumer,embed_small_logreg,2,2,602,264bdc1770e2864da6160b2fb689ad40913ffdda9bc24da7cd4f73e375da64a9,no,no,0.5801547938631414,1,1
learned_hands_consumer,embed_small_logreg,2,1,603,8b25bda48a03414701e65d70dfe129b08d8a1fffbfd6d253c4f8eab80b8e7ef4,no,no,0.6486690044403076,1,1
learned_hands_consumer,embed_small_logreg,2,1,604,a98c95b8dc90508ce61bca07aac73b3000d782c3e8bdb2d8094fa8851213e843,no,no,0.5065836310386658,0,2
learned_hands_consumer,embed_small_logreg,2,2,605,2e2dab0aa3f72da243e332c4316fe221543965532bf45ff04017e1820a01ffa5,no,no,0.576860785484314,1,1
learned_hands_consumer,embed_small_logreg,2,0,606,f898c42315c66b3c1b4818313a33706910ac2498fef748ca5f12df32ed4ea670,no,no,0.6097351908683777,1,1
learned_hands_consumer,embed_small_logreg,2,4,607,edf5ecdbda4cb86f3f4fd1969bf42ba5a7eededc822406ff5bcdbad487d0ebc0,no,yes,0.8145773410797119,1,1
learned_hands_consumer,embed_small_logreg,2,1,608,41d5caaade46df5dd642cfcc5a1c383a53ea033ab68bf9753d941c8fa472857d,no,no,0.6653830806796824,1,1
learned_hands_consumer,embed_small_logreg,2,3,609,20cf2204cfad79c36173c2020ce3d9d1d7bfe049a4659016961fb1f7d34524d8,no,no,0.5898272815398192,0,2
learned_hands_consumer,embed_small_logreg,2,0,610,0970bb84fe7a7ae10755b3ff8e069375c894baa731baadab88c5b85d95df1cc1,no,no,0.7112707111618135,1,1
learned_hands_consumer,embed_small_logreg,2,1,611,53722369d56a509c380ff23472de54953b911d83728e74087c7864d9bf6c5d11,no,no,0.5790016055107117,0,2
learned_hands_consumer,embed_small_logreg,2,2,612,dc4a5fdc229e8eb8b4651e9829068c4a686c371d36c72e2ff9486195b6f27065,no,no,0.5337862809364116,1,1
learned_hands_consumer,embed_small_logreg,2,3,613,1b06f4f278599f2a5f0149ed64529530669a8a3934e0d4e09cf02e4eb40c20b2,no,no,0.7476482614173967,1,1
