task,candidate,repeat,fold,item_idx,text_sha256,gold,pred,p_pred,kept,set_size
learned_hands_consumer,majority,0,1,0,a379a87ff3cdf868abd2168b8f7f1448c858c1c0293a0324128a1f9795c2495c,yes,no,0.9999999989999999,0,2
learned_hands_consumer,majority,0,0,1,191f0937cb2c89fc2ee6de2cf962022796a21348bccce723e58dff5138f4aa85,yes,no,0.9999999989999999,0,2
learned_hands_consumer,majority,0,3,2,23e415128308be018936edfbe782216c59135a5373afcc67391ab30b99e4fab4,yes,yes,0.9999999989999999,0,2
learned_hands_consumer,majority,0,1,3,d020ae25740133b72d326d57b58504372281f70e6def4d5a95655465a0e91468,yes,no,0.9999999989999999,0,2
learned_hands_consumer,majority,0,1,4,7505269b5e689b850bf04d86c3aee556710bf7ed7473e80bb32cbf4ef909b78b,yes,no,0.9999999989999999,0,2
learned_hands_consumer,majority,0,2,5,ebbf5dce638a03352aa5ce9e76ea526855fc19fe426785e9d74da0b972447b56,yes,yes,0.9999999989999999,0,2
learned_hands_consumer,majority,0,4,6,3682fd0cb52ef152a5e499e4441ac3d86a735973de9e3062a809fc58d80f083a,yes,no,0.9999999989999999,0,2
learned_hands_consumer,majority,0,3,7,a1352482ea4516a24b594ccbf2ed311516cde0785a8edf4e41b8b20657074dd8,yes,yes,0.9999999989999999,0,2
learned_hands_consumer,majority,0,3,8,5655b74e200dc643bf62729b26c6760f786b1d110abd671cd8122c5d567f2846,yes,yes,0.9999999989999999,0,2
learned_hands_consumer,majority,0,2,9,30f3878dfeeec4bffed1d8ed0fd2feaa3165fc8790712d0e6c993ba632a91571,yes,yes,0.9999999989999999,0,2
learned_hands_consumer,majority,0,0,10,ff770b8fb5998da87b58b103e84a37ec674949fd2d8708f87b7aa392185f98be,yes,no,0.9999999989999999,0,2
learned_hands_consumer,majority,0,1,11,025030168186d6dca4ceeb0def0c282fcd27d1c293abe1a0d6f41c0ae9ae34dc,yes,no,0.9999999989999999,0,2
learned_hands_consumer,majority,0,0,12,241960fe59164730ab7f2221e78ff75ddf5d07ef6b0c664c078d091bc787b69c,yes,no,0.9999999989999999,0,2
learned_hands_consumer,majority,0,0,13,ce32ef1dbe79dfac3d0eec018d4e7404296ad6ab06b519aef7132243fecc9c2e,yes,no,0.9999999989999999,0,2
learned_hands_consumer,majority,0,3,14,3a9f35dbcf5d11d5980a668dd0ac8a317654d4e4f8ee28518fa931a589f5ed3d,yes,yes,0.9999999989999999,0,2
learned_hands_consumer,majority,0,4,15,62ffb1bca214412111ca15a5cb79aed8c39b77ae8e4a9734a85ca66376cdf151,yes,no,0.9999999989999999,0,2
learned_hands_consumer,majority,0,4,16,74157c44430c0b4b913dbef04b5bcc2e60d6786f1fce50cbd1fb74740cbfcbea,yes,no,0.9999999989999999,0,2
learned_hands_consumer,majority,0,3,17,2dcefce119cd3d52ce0b2dd55dba49a2d705592c989511a60ca5ff2fa62bd783,yes,yes,0.9999999989999999,0,2
learned_hands_consumer,majority,0,3,18,e4b36f1dffe74a33bc589ff139dca6b75d8c5d7bd1414fcbe7ff483736a80e24,yes,yes,0.9999999989999999,0,2
learned_hands_consumer,majority,0,3,19,eaecc316a32deb54a2e35ad55d5930bded5cb828eee671ec1a4d6c298e93f0ea,yes,yes,0.9999999989999999,0,2
learned_hands_consumer,majority,0,2,20,ed6f10e3e2d4af3a7f61f4ac8ca3c539ade9d2b7250defd67063ea3a59ec18c9,yes,yes,0.9999999989999999,0,2
learned_hands_consumer,majority,0,4,21,8770b696e9d75ce623853da32ab9c2fc409af163cb781c02986c01c726cb8581,yes,no,0.9999999989999999,0,2
learned_hands_consumer,majority,0,1,22,5f6fe96a0c85f05ef1bd1209d12d8a5da80ec0b8df76281b71b291bb0bfe1477,yes,no,0.9999999989999999,0,2
learned_hands_consumer,majority,0,1,23,db86e2ed5ca09bd43e5c1153206c84ac6670851f84c6f0c29b6ccd1eb0deb1e7,yes,no,0.9999999989999999,0,2
learned_hands_consumer,majority,0,4,24,f544e710a36c5f8952ea27c89f4b8d456410ad33abcdeff8bb5ab956f30c76bc,yes,no,0.9999999989999999,0,2
learned_hands_consumer,majority,0,4,25,ffe0635de5f1a7973b85a3b70ea8e03cb5b1567c2d2995c39b15468f910920d7,yes,no,0.9999999989999999,0,2
learned_hands_consumer,majority,0,4,26,1c5d518541a4c3c72210f1d1640f265a1ed467b09e8fd9920e0ced3c2a2e237f,yes,no,0.9999999989999999,0,2
learned_hands_consumer,majority,0,1,27,847d90720ffa65caeed18bca722c31a7e6ad6690535571373c7cf5484024b4f1,yes,no,0.9999999989999999,0,2
learned_hands_consumer,majority,0,1,28,826850ee19189639a241888830f2095a605677489c15835a9633e2a0b1ac6a64,yes,no,0.9999999989999999,0,2
learned_hands_consumer,majority,0,4,29,8bf45813b8f64152745c4302a8fe3d28ad3a521ce8400337d150f52d7679c073,yes,no,0.9999999989999999,0,2
learned_hands_consumer,majority,0,2,30,eab22a84a1d27762ebd956ab7c150792e31d45b69c081b1042ce94bb9f5db787,yes,yes,0.9999999989999999,0,2
learned_hands_consumer,majority,0,2,31,0d9289d67324c71b1a8459504ea7ea7d8593bc88c6baad910d98ae12b894b961,yes,yes,0.9999999989999999,0,2
learned_hands_consumer,majority,0,0,32,28de51fe26d760b562f7dd240c576dd29c1dcd24a3821f27045c03e1695ce0c4,yes,no,0.9999999989999999,0,2
learned_hands_consumer,majority,0,2,33,6ce4033081e30de899b1011a4c082e82532b4c8f2afae23aed1a9b31dfb4eadb,yes,yes,0.9999999989999999,0,2
learned_hands_consumer,majority,0,1,34,fe949d0e8bb0a6f67a12ee28fec1d49ebc38d613057ddbd9e9742ce374e5a92a,yes,no,0.9999999989999999,0,2
learned_hands_consumer,majority,0,4,35,c207ce030682bc8ba0e7590a8ef0dd99c16b1b16665aebc82ab525877c2593a3,yes,no,0.9999999989999999,0,2
learned_hands_consumer,majority,0,2,36,8ee486f22362d8e55009981db61b71a034a94793fc615ef6c369c92e25d8621a,yes,yes,0.9999999989999999,0,2
learned_hands_consumer,majority,0,3,37,bf327cac5ea3a5c8ae4b1fa4c6aa053fb3e0494255dfad320226fae0a94b91af,yes,yes,0.9999999989999999,0,2
learned_hands_consumer,majority,0,1,38,d5599f345f2efcc9997c702cf325c78c55c774947409f903377c2d84a3c8bc07,yes,no,0.9999999989999999,0,2
learned_hands_consumer,majority,0,4,39,574fc09c7649af91d62597783fce341ddacfa64d9567f02c1c1d30d6a45410d3,yes,no,0.9999999989999999,0,2
learned_hands_consumer,majority,0,0,40,46fe2b35c88c955d03ff315dfce3bb7c880b33d4409029f9ff6042df0194686a,yes,no,0.9999999989999999,0,2
learned_hands_consumer,majority,0,1,41,f5d2007ecaaceed6f700b3e50cfa67215480af67ec2a87afea71cf1279ebec05,yes,no,0.9999999989999999,0,2
learned_hands_consumer,majority,0,1,42,01f1c668540d25f929d2e86cf0c94ebff90e0049c2f9c72bd85b0e900e0d7495,yes,no,0.9999999989999999,0,2
learned_hands_consumer,majority,0,1,43,1d86013431ea866bb8f9c95e610c8a4080348f326588f325da4a18706ada5429,yes,no,0.9999999989999999,0,2
learned_hands_consumer,majority,0,4,44,bb18ab83285db7bc8dcf60f8a3ce1cdf2bd7debb099b953f662ddb9f8b38c2a7,yes,no,0.9999999989999999,0,2
learned_hands_consumer,majority,0,3,45,16a3215ae403198891fd8dc9a2a417f75f8728d8e7141fcfef231668fdb5ab3d,yes,yes,0.9999999989999999,0,2
learned_hands_consumer,majority,0,4,46,4439bed3fc41d7b9c8ab09ef918fda1428dd5d823121216ce107959cb0dd4294,yes,no,0.9999999989999999,0,2
learned_hands_consumer,majority,0,4,47,0b3c04d83b29cbb3a2e22807f4dae94c87c8f2b395036f54911c5754a4c47017,yes,no,0.9999999989999999,0,2
learned_hands_consumer,majority,0,1,48,22a293b5746bac59ac00ea57d239b6ac359d9156a1ec0715abd762c84fede43d,yes,no,0.9999999989999999,0,2
learned_hands_consumer,majority,0,2,49,c4c2bad785e53ccb9b321d2c63b8faff89f92b5a2cdcf0736b057e7e8e719879,yes,yes,0.9999999989999999,0,2
learned_hands_consumer,majority,0,3,50,014d339ae8d5fa4f98805d09f90eeeceed4b7762a40914f0ab3d4313182186bc,yes,yes,0.9999999989999999,0,2
learned_hands_consumer,majority,0,3,51,e7c14e7458d8da99796ba9c88de59853c6a65ab37d90d24358671b503b06100a,yes,yes,0.9999999989999999,0,2
learned_hands_consumer,majority,0,3,52,fc726439af49d4188b72ee0e9adc0c39a6dd739d7612fcaa8485f57a5706e876,yes,yes,0.9999999989999999,0,2
learned_hands_consumer,majority,0,4,53,eec25d963cdf3c5408e24c25c1ec3ce4c8b7063821931ad7747c587b4dd8f3ed,yes,no,0.9999999989999999,0,2
learned_hands_consumer,majority,0,3,54,dcae1fbe99948ce3f328592769d0490ed52f89cb9a04fb61ed7eb8f822e0ef89,yes,yes,0.9999999989999999,0,2
learned_hands_consumer,majority,0,3,55,ec7dbe0d74d55de6c88312082e78da6a9a98966b97acf9fa7c9d9202b2fcbe6d,yes,yes,0.9999999989999999,0,2
learned_hands_consumer,majority,0,3,56,d8912fee3a18d2f57b6bb3a91a58414523442ec0294398e0adbd9fa8b241b33b,yes,yes,0.9999999989999999,0,2
learned_hands_consumer,majority,0,2,57,f87c51747534d2868b590819e8df1acd5dbdbe3015ba30f49aa700ccfaff8b97,yes,yes,0.9999999989999999,0,2
learned_hands_consumer,majority,0,1,58,aaf2efb2b98403731588f69a234f9628c7cf0a6e41dc5e4d493bf3cc98491abd,yes,no,0.9999999989999999,0,2
learned_hands_consumer,majority,0,0,59,8401deb1d2cdca16e4beb605dc74617b796161236d4fabf6b119671c60390e46,yes,no,0.9999999989999999,0,2
learned_hands_consumer,majority,0,0,60,0141cccd8167fda3a53db3bc8a9c9de38ab73039aee125ca5d456f83efb3f060,yes,no,0.9999999989999999,0,2
learned_hands_consumer,majority,0,3,61,9539303909111ff48458f893819b6c4d82471c51d35262c48791eb4281d5a6fc,yes,yes,0.9999999989999999,0,2
learned_hands_consumer,majority,0,3,62,0d9042d456d2e30348acf77b2105fef878d17d0c8ce75d13775d81f13023733b,yes,yes,0.9999999989999999,0,2
learned_hands_consumer,majority,0,0,63,d351e0b84bda59ef89f0bf473a631f614d498349dffaab3bb47d4611faad2257,yes,no,0.9999999989999999,0,2
learned_hands_consumer,majority,0,1,64,087225dc844ed506b918ed1ed8cb4919b62e15999a35bc72ef5f3e438535329d,yes,no,0.9999999989999999,0,2
learned_hands_consumer,majority,0,3,65,8cc2e66174e528599835446e6f69bf213ec59da343e4da74a215a2d7e47df358,yes,yes,0.9999999989999999,0,2
learned_hands_consumer,majority,0,3,66,10c9dca4735480772f9fa371b9c9695f8d7449b8c64df6abd309125cc20b2e6a,yes,yes,0.9999999989999999,0,2
learned_hands_consumer,majority,0,0,67,4e9fb39ce82c9a0c8db9edda73b0a08dbe1fee6bde6735bb0599991149c9cceb,yes,no,0.9999999989999999,0,2
learned_hands_consumer,majority,0,3,68,6a7e6c881869b757c8e7d36f73f227b987ce5b3ad9363a56d200edfa24ffcded,yes,yes,0.9999999989999999,0,2
learned_hands_consumer,majority,0,3,69,7599dea223674f198ca8bd7b449a8b363e958ee58ead42c5f7026c558eac1915,yes,yes,0.9999999989999999,0,2
learned_hands_consumer,majority,0,1,70,7f224054d39f18cdd6646ad519ae236db20d9acc51e2a2366bf146920bbd208f,yes,no,0.9999999989999999,0,2
learned_hands_consumer,majority,0,2,71,96ea4d954d1b6446c71d74a769dd614b7dcf83261e50056d6e62e7ca102d5401,yes,yes,0.9999999989999999,0,2
learned_hands_consumer,majority,0,0,72,3defdb305691fca997369ad61eb4c2cc9ad5737f73633b9997bca6b3b68dbc70,yes,no,0.9999999989999999,0,2
learned_hands_consumer,majority,0,2,73,ea88a64bd77d6c33327a9e3a56bdeab16edfcc94d3ad1f6c811e233e9cf1a4e6,yes,yes,0.9999999989999999,0,2
learned_hands_consumer,majority,0,4,74,1cb2a54d0c572842c9666556b4f9d68ac569dacc5ff14c26a9deb40b00297490,yes,no,0.9999999989999999,0,2
learned_hands_consumer,majority,0,2,75,3145ed790491a1b21c800dff9616114d2f77be8dbdbc044f4fcf7b15608d7aeb,yes,yes,0.9999999989999999,0,2
learned_hands_consumer,majority,0,2,76,bc58560238d37dd7bb637d6eed992896abc2e8646e56eb8dac0dd8bf4106576a,yes,yes,0.9999999989999999,0,2
learned_hands_consumer,majority,0,2,77,9a5c75e417971c21fe00a89d52819a28a8d393fb332863c7f844a2f728e1aa47,yes,yes,0.9999999989999999,0,2
learned_hands_consumer,majority,0,2,78,7effc09d90b5d4a003218cec4356f0109765847fec64e4393bdf14682528fc56,yes,yes,0.9999999989999999,0,2
learned_hands_consumer,majority,0,4,79,bf7fab3a472a85fba5cacc610acd4ae413064fb5929efe63047e35beca2837f6,yes,no,0.9999999989999999,0,2
learned_hands_consumer,majority,0,1,80,b9fec9f38f97749033ecb64442eb36f3ee2e3a80cd28ded964ba3b542608ed08,yes,no,0.9999999989999999,0,2
learned_hands_consumer,majority,0,2,81,a86e6ca3f4d275c0420ca0ee4600f15f0b78e34c43b877bb58dfb44c56f07ad2,yes,yes,0.9999999989999999,0,2
learned_hands_consumer,majority,0,0,82,e2dda0a5ede9ada6a285c131669076df0764c2b88c1c2001ae078a17d88fc168,yes,no,0.9999999989999999,0,2
learned_hands_consumer,majority,0,3,83,9d3a029d590c2c8aecbc4df458d911be15fcbef421678b9ef52d1281119ef933,yes,yes,0.9999999989999999,0,2
learned_hands_consumer,majority,0,3,84,0a86c2677e444a84373fb5de0aa2e100762432bf73d0ed3e92ef3f2f584504eb,yes,yes,0.9999999989999999,0,2
learned_hands_consumer,majority,0,1,85,edf4479c78e0f0664620607e8ab699c2cf70b3f949ebe5b6e2a5e65f56f24fa0,yes,no,0.9999999989999999,0,2
learned_hands_consumer,majority,0,0,86,a446c13b6a95e774dc7f399a94c473901184d9172d42d8f4db7362cdb059e191,yes,no,0.9999999989999999,0,2
learned_hands_consumer,majority,0,0,87,90d67e6b76ef21ed8c1dc58bfbdcc24aab8e1dd728ebdafefc643a1e3c6bc74c,yes,no,0.9999999989999999,0,2
learned_hands_consumer,majority,0,2,88,e0f88567e0733cdaf8c918330d9139891158680d5be3cc3fc4577a4e79c67cdb,yes,yes,0.9999999989999999,0,2
learned_hands_consumer,majority,0,3,89,4c96db2e33b6cc4900b1f80e86334c0d0f97a10b76baf6a5fac96558a449fa07,yes,yes,0.9999999989999999,0,2
learned_hands_consumer,majority,0,0,90,08c27d740cbffbaf24d70ad9cc2f4538941c1e7ccba03ba15eacb0c43fe8f6a3,yes,no,0.9999999989999999,0,2
learned_hands_consumer,majority,0,0,91,123e686fd8c78b602b0952ee8aacebb8f2a451c8d2c2f716072c6c0780e88a8c,yes,no,0.9999999989999999,0,2
learned_hands_consumer,majority,0,3,92,61088df3abd8799b2cb0b2a50547fabab33f53e711b6bf0e51ad8eee1f9886f8,yes,yes,0.9999999989999999,0,2
learned_hands_consumer,majority,0,4,93,245581fd1773d7336f3fbd519ea0ad635746b96c3ef3c64c77d8fe969f404345,yes,no,0.9999999989999999,0,2
learned_hands_consumer,majority,0,2,94,0935c35b8f85a7acb661025d20f4077750c9420cbe5f2d6cb6c1f5e62a4cd9fc,yes,yes,0.9999999989999999,0,2
learned_hands_consumer,majority,0,1,95,8b2b428ed3082708aebc90d3e95493d6b01fab537f0107c5604932ba617141c5,yes,no,0.9999999989999999,0,2
learned_hands_consumer,majority,0,2,96,46b3b836673160a90a211860286b914eda2a3ef85f0eb63bd10cacc7ea5f0f02,yes,yes,0.9999999989999999,0,2
learned_hands_consumer,majority,0,4,97,8c8ab92472440d5e8d77d4f562ff2df1e24f26dbf33e2f219ed51d9ffe2ed9e8,yes,no,0.9999999989999999,0,2
learned_hands_consumer,majority,0,4,98,f84ae3cfea6e268f60d53f2fc2105cabc35e7c1bc60594c254b8a5b9ebb95c52,yes,no,0.9999999989999999,0,2
learned_hands_consumer,majority,0,2,99,5a061ea8f86d69941bb8f010a9102517e2e50e8a6e7f043b2a65a9beeb5b2a5a,yes,yes,0.9999999989999999,0,2
learned_hands_consumer,majority,0,1,100,a0b66eb40941e4afabf26cc61164bd17ae4b404900827ee613063156c3fcf1f6,yes,no,0.9999999989999999,0,2
learned_hands_consumer,majority,0,3,101,d69eab546563939e27e3b5c4bf71ed21aa8c08a685f2dc211a8611a8734cdaac,yes,yes,0.9999999989999999,0,2
learned_hands_consumer,majority,0,1,102,13c1947392729839a6ef7e019584b3baf576db1a026c6cc363f97f9be6b55b7d,yes,no,0.9999999989999999,0,2
learned_hands_consumer,majority,0,1,103,2db3f4de10f8e3c93f180c1cec9ec1036a8cfb696152a003910f4876349b5563,yes,no,0.9999999989999999,0,2
learned_hands_consumer,majority,0,4,104,9d141e84a47e429ebf8c9be15a716519a789f6ecfe2635d6742bcc1589887b61,yes,no,0.9999999989999999,0,2
learned_hands_consumer,majority,0,2,105,f2b40bc0dd711fca9b42c004ced8b6a7f8400023cc7f44239caee4f44359dde4,yes,yes,0.9999999989999999,0,2
learned_hands_consumer,majority,0,2,106,d5dcc520e7691c72d4f4bcf6d67cfa74c856d631a5a6c4904f730332b192f920,yes,yes,0.9999999989999999,0,2
learned_hands_consumer,majority,0,4,107,da0684c959dcca3dab601174a68db1954a8db19f75ad96cecdb7b9319c828539,yes,no,0.9999999989999999,0,2
learned_hands_consumer,majority,0,1,108,0e7608581b6f65860575a915b9e6d3ea3ba463ac7392a783effab47b7c6ed2b6,yes,no,0.9999999989999999,0,2
learned_hands_consumer,majority,0,1,109,3b14007f0368858c49628d89f7a4ac4e05912114c121069f929f093267da692c,yes,no,0.9999999989999999,0,2
learned_hands_consumer,majority,0,4,110,83a75ee006bb31d8db282260e075860f781be2246f81074adfc047c6debba47d,yes,no,0.9999999989999999,0,2
learned_hands_consumer,majority,0,0,111,d140e8b5cef58e3c07015a3be1003d6d67dda0e1681f40a4b5b23a3a143236ea,yes,no,0.9999999989999999,0,2
learned_hands_consumer,majority,0,2,112,fb04a608b72b2b2e616ef5e9aa6ca1fda0b73c81a00bd51339a60f7ebb9349f5,yes,yes,0.9999999989999999,0,2
learned_hands_consumer,majority,0,2,113,5ebb5e29b015223682853139344a5e2422b009ed368ed22452f4ebe96b314797,yes,yes,0.9999999989999999,0,2
learned_hands_consumer,majority,0,4,114,7e315bac1e39325f317709b5955292bc75939640e3b8f10ba3c11050930647e1,yes,no,0.9999999989999999,0,2
learned_hands_consumer,majority,0,4,115,0d7f2c826f6a0fc0a9404989d5d4b5cc6d7f2f516c1f069e5bf8d31ee7e817dc,yes,no,0.9999999989999999,0,2
learned_hands_consumer,majority,0,3,116,7e75b01067a2ec4ca8c403b389118d896ccf66db535b144a3c54bc98c1c2e246,yes,yes,0.9999999989999999,0,2
learned_hands_consumer,majority,0,1,117,a3e66362096eb8059a216e47a87cdd7f3f944d1ccbc606f30cfbe1cc424e0594,yes,no,0.9999999989999999,0,2
learned_hands_consumer,majority,0,4,118,d3308da62008ec5ef18494df94f73a4585ed31e1c8e69ccc9e25e76cb56d42a0,yes,no,0.9999999989999999,0,2
learned_hands_consumer,majority,0,4,119,e07a44cb806545635aac341cc0946afd7d71c3619844a0ec08545160df03cbdc,yes,no,0.9999999989999999,0,2
learned_hands_consumer,majority,0,0,120,aedceca2ca38055764eb4ff944a3a150057788281d1c3739f5e785db00a9e719,yes,no,0.9999999989999999,0,2
learned_hands_consumer,majority,0,0,121,ca458586d811f25c02f1f39cf55f75b65071bd2ddc79fd97b0d5be9eb8e5312c,yes,no,0.9999999989999999,0,2
learned_hands_consumer,majority,0,1,122,fce48e30fc0ea1058c42d4b4e3fc772fdd46a3060633bca5f371f122fc5aaef5,yes,no,0.9999999989999999,0,2
learned_hands_consumer,majority,0,1,123,02bd80d2b643617360d685b497986a8637dc26275c2ea6a626b69de253d164e7,yes,no,0.9999999989999999,0,2
learned_hands_consumer,majority,0,2,124,af3d9c10fbb3296fa6a040f3015c474aaa8ae09177f6fe2e775fee3e584f996d,yes,yes,0.9999999989999999,0,2
learned_hands_consumer,majority,0,4,125,73e4bc727ab5dd4600aa1647320d964c9a52dc7767744c8d074cebcd901f6c05,yes,no,0.9999999989999999,0,2
learned_hands_consumer,majority,0,1,126,0bdb8221f4d44b38dc8782e0b56035bbdd3a7e6fc2df17d22f1a5c863bc46075,yes,no,0.9999999989999999,0,2
learned_hands_consumer,majority,0,3,127,90fe4003a641d7cd2ed6a00150556d083b23fe1e24e75ebb94ecff4d843c77e2,yes,yes,0.9999999989999999,0,2
learned_hands_consumer,majority,0,1,128,155678c2832cdf4702db15b523f143f1ac784cffcaf58c1a1dfe33a97611eb8e,yes,no,0.9999999989999999,0,2
learned_hands_consumer,majority,0,0,129,aec3c6407d02ce2d3b4abd591e08891c236a8a8989e7ad72020a4b7b777fea78,yes,no,0.9999999989999999,0,2
learned_hands_consumer,majority,0,2,130,1f2af78776193434b3d71d59e47e0a24bc7439537dae7643126e174f05f8a690,yes,yes,0.9999999989999999,0,2
learned_hands_consumer,majority,0,3,131,ac3dcaa7b7faf827da8c14b3bfd03c0f8d36bbd129920232b5775c57ebee5322,yes,yes,0.9999999989999999,0,2
learned_hands_consumer,majority,0,0,132,8de39616285bfb13eac266c45a5691cad8963031bb495c5ffff384303ac2e317,yes,no,0.9999999989999999,0,2
learned_hands_consumer,majority,0,4,133,df7cebc19279cc1176c76578d13d5634b4ee220d4093d6b4e048fd1f74811db9,yes,no,0.9999999989999999,0,2
learned_hands_consumer,majority,0,2,134,b5412b723d0181549110fa8dd79485fa5238dbc7e264272da705dfe9c7f066a8,yes,yes,0.9999999989999999,0,2
learned_hands_consumer,majority,0,1,135,e802649c8e6be5fbdc4e7ec755757e95ba836ac949c022f0081c1fcb1cfa00b0,yes,no,0.9999999989999999,0,2
learned_hands_consumer,majority,0,0,136,a039dbd9f0510ac6f66d44c60f9a5f5a5d5c76093f00e693801d2fc80d54f7a9,yes,no,0.9999999989999999,0,2
learned_hands_consumer,majority,0,0,137,9cca62662bba01723eb2a9aa094821e1675b7ac525fe30fc042f3dcaac3e2727,yes,no,0.9999999989999999,0,2
learned_hands_consumer,majority,0,0,138,dfbc47fb61799a0472fbf92d48b36eeb2584ccc63a3185c2d61a51c1537f7c92,yes,no,0.9999999989999999,0,2
learned_hands_consumer,majority,0,2,139,6cb9e80497686772c38151ef29f0b998c3911fa46f4ae26dcb0677863d1c3bcd,yes,yes,0.9999999989999999,0,2
learned_hands_consumer,majority,0,2,140,bfc4a30870f9292a454f9471c16d25b3199ec05b80dafc98a9d6c50897c1b47e,yes,yes,0.9999999989999999,0,2
learned_hands_consumer,majority,0,0,141,078b717fbab45038fcb94864d32f33fa6d71d9664570dfe04661869f23314833,yes,no,0.9999999989999999,0,2
learned_hands_consumer,majority,0,3,142,0242758b0d09920c367a96d4d60f74cb970f86cfb3bbf7bc54aa2a69703b17c8,yes,yes,0.9999999989999999,0,2
learned_hands_consumer,majority,0,2,143,51eef95bf47218140683c3e1b4135ffc3d540ca426dbe552c2809dc445d5b483,yes,yes,0.9999999989999999,0,2
learned_hands_consumer,majority,0,0,144,af4b353687f267cf4811370b1167f39f3acb12a476ab7569d5711f61e7cc5c99,yes,no,0.9999999989999999,0,2
learned_hands_consumer,majority,0,4,145,a5b77622968be2023f42d12cc8cdb98fdd05731d5ff1f331c0c61cddcdd016ac,yes,no,0.9999999989999999,0,2
learned_hands_consumer,majority,0,4,146,483af7a4cce5458979f9fde28f5d38cf96c6b318f56cf5b8bb7fef01baeda51d,yes,no,0.9999999989999999,0,2
learned_hands_consumer,majority,0,4,147,5b013d7731839bf2ba2c52bac900167561f691d205c1198ffe872747858115ab,yes,no,0.9999999989999999,0,2
learned_hands_consumer,majority,0,1,148,1403a0476f3fcec8b1a48e6f1fceb06a2aeabd9f5de4f53ac7e2f29a80fc3d02,yes,no,0.9999999989999999,0,2
learned_hands_consumer,majority,0,3,149,7153d24972b2eb3c082ba9cc58a892af969f2d9524022190bec282710d252b55,yes,yes,0.9999999989999999,0,2
learned_hands_consumer,majority,0,1,150,a6e1cfe1a1c58fdb1b4033bef127bdc12ad083d8029c91cf81e74fbc997b44c2,yes,no,0.9999999989999999,0,2
learned_hands_consumer,majority,0,0,151,c48f7444249fe7386aac1fa49a56e450eebc70c640262a5fc2cb2864d62c7b62,yes,no,0.9999999989999999,0,2
learned_hands_consumer,majority,0,2,152,7223ee95c7eb5aab471c9b1426c035d3d751646abf3a01dd2380366fa55c1fb2,yes,yes,0.9999999989999999,0,2
learned_hands_consumer,majority,0,2,153,8b857fa596fd194124387876667280b614e479625bc9d05d958f3b90514c2e9d,yes,yes,0.9999999989999999,0,2
learned_hands_consumer,majority,0,3,154,6f137236864a4da2299f6341085a62e5e2e0466add7aa8eca3ff5f315633bbdb,yes,yes,0.9999999989999999,0,2
learned_hands_consumer,majority,0,1,155,038e3005ce9b5b1cabf2220d9f9b068ab3289de326b9c0466e84286f1cb69bf9,yes,no,0.9999999989999999,0,2
learned_hands_consumer,majority,0,3,156,7b67a7b2e80fc8b9473186823a7570203fc746e03e40493d174446237de3bcec,yes,yes,0.9999999989999999,0,2
learned_hands_consumer,majority,0,4,157,9d82c554b4b00bd2ead020ff98bb6fcdee7432665a797346eb3d3aaf490d0d12,yes,no,0.9999999989999999,0,2
learned_hands_consumer,majority,0,0,158,da85c2e88f91544acd0359c5ccd69c2b4f902d093ceb8cb12767a778944fbd7b,yes,no,0.9999999989999999,0,2
learned_hands_consumer,majority,0,4,159,a34040f6644b50bc824adc566e6d6428d7b05ca16c8ee39f0af4b1b9f5601f2a,yes,no,0.9999999989999999,0,2
learned_hands_consumer,majority,0,2,160,19c9ac6e1d4ea3c61c161624efc992b8cc52bf306f151391ba8529c19382e1ee,yes,yes,0.9999999989999999,0,2
learned_hands_consumer,majority,0,3,161,650970637dd6a0ab8e97321c167c7bc4a9a3cdc8eba59da2a5c510bcbd5db45a,yes,yes,0.9999999989999999,0,2
learned_hands_consumer,majority,0,0,162,c51f874153bc2cdaa57ad2c656a6af7ab24feabfb448922cab57ef416feee663,yes,no,0.9999999989999999,0,2
learned_hands_consumer,majority,0,2,163,13b1acd948c8e9c9a5739d8481ea213fa3cfdab8b80a82efd25be33e8f7b2902,yes,yes,0.9999999989999999,0,2
learned_hands_consumer,majority,0,3,164,9fde61742e0b3fc6fabbffa750b6283c72453cd0303a465ce66648d46676eb89,yes,yes,0.9999999989999999,0,2
learned_hands_consumer,majority,0,0,165,4fd20a26aafa50907d098d746bcd899d7abfca4f42db1d5c149080652db43b60,yes,no,0.9999999989999999,0,2
learned_hands_consumer,majority,0,0,166,38a9b6c4df60f95cae8cdf22954e4170c3a5feb64ebfb5162134d697b7e84381,yes,no,0.9999999989999999,0,2
learned_hands_consumer,majority,0,1,167,8892704b2b2b6659f287178e3c29d5c9d21dc3ecb2ae17dd4b6ec86c6784cd0e,yes,no,0.9999999989999999,0,2
learned_hands_consumer,majority,0,1,168,5953941222239eaa15e600b769f26c7173e96638173a25e19be42ff6b5b07d45,yes,no,0.9999999989999999,0,2
learned_hands_consumer,majority,0,3,169,4f9eec5c23a5c213a1bc6fc916fdf2587227d14edcd43d78fccea8cd278cc2e0,yes,yes,0.9999999989999999,0,2
learned_hands_consumer,majority,0,3,170,51ec6ad487eff34fddaa34cf9a46b4a9a9e66e2ef37f1718f6c2c0a6b08bcc0e,yes,yes,0.9999999989999999,0,2
learned_hands_consumer,majority,0,3,171,4356eb8f7a087e4d6032661552935019173e052ab6031528ff64635a4f9c515d,yes,yes,0.9999999989999999,0,2
learned_hands_consumer,majority,0,0,172,6d7c28575a9e0747fc4cfaab5263e2daf0754ef5d1c996b9de353104dbfb5be1,yes,no,0.9999999989999999,0,2
learned_hands_consumer,majority,0,4,173,6656d334c0150d50518a8e9e86ac484364dfc5da62604f792fa121392de57cd5,yes,no,0.9999999989999999,0,2
learned_hands_consumer,majority,0,4,174,fa3b234c5866029eaafed3054fe7c1e9dd9d3e50389c45beedce0456e0a851a5,yes,no,0.9999999989999999,0,2
learned_hands_consumer,majority,0,0,175,f5327013f798cdfff71ccd1ccbf934757fae9118c8fda0cfb29197ee8c9a2f92,yes,no,0.9999999989999999,0,2
learned_hands_consumer,majority,0,1,176,0c550425496483256cac2b164db69cc78311e995021bfcbd4a5c585bcdd9d9c6,yes,no,0.9999999989999999,0,2
learned_hands_consumer,majority,0,0,177,e9a4a62f276d5c835085a02b2f4d92155f8f7ac6d396a52ad1cd37cab729b635,yes,no,0.9999999989999999,0,2
learned_hands_consumer,majority,0,1,178,f4fe68a7bc004d02c8ecf39777717f5e53269903d0c3c3181101c07cea5c6b0c,yes,no,0.9999999989999999,0,2
learned_hands_consumer,majority,0,3,179,3d0de6dc3fb5d69b4483315a8f1b9a55f3da2fb8eb1df50a74386a480912447a,yes,yes,0.9999999989999999,0,2
learned_hands_consumer,majority,0,2,180,b66cb0340d554080664d72cdd106c5cdb17b38d1f74932ac0787b45754ce1a7c,yes,yes,0.9999999989999999,0,2
learned_hands_consumer,majority,0,4,181,a9af33b24aeb8f4fc3dd090cb6015fd72eb33e9bacf6b245b9efd00dd9991af3,yes,no,0.9999999989999999,0,2
learned_hands_consumer,majority,0,1,182,9eefcb8b16890b9cc6c7e144d07beaa48841305e10614e94d470242a6b0e065f,yes,no,0.9999999989999999,0,2
learned_hands_consumer,majority,0,4,183,cfde4f376e1a14d27549b00d4ddf32bfeb542cf05f08d1cbc266df888e1c3047,yes,no,0.9999999989999999,0,2
learned_hands_consumer,majority,0,2,184,421033c1624e9a903b16ba39c1d61b1ecb07a1c62b4ffce4608c02c7a3e067e8,yes,yes,0.9999999989999999,0,2
learned_hands_consumer,majority,0,1,185,7a8050d0881441599707f60d9661cc876f27efc16656cd8526fe842e463a56ec,yes,no,0.9999999989999999,0,2
learned_hands_consumer,majority,0,0,186,5f4e3e4860760d911ab21bd74b2611036627cda4c7c666615991f1d2314d6b35,yes,no,0.9999999989999999,0,2
learned_hands_consumer,majority,0,3,187,057e4d5e06ed1236a9a35f3ea5c2cc42ae58bd3d82fb4981f56669b168d087e6,yes,yes,0.9999999989999999,0,2
learned_hands_consumer,majority,0,1,188,a5608444f7d99d3cd3109ac70b995bb38775ef1fa2c286f3779886ac598a5c9d,yes,no,0.9999999989999999,0,2
learned_hands_consumer,majority,0,4,189,48a613b18969b56ad289f137a24f32ca5714dc722f1916be3cf41f3c98f577e0,yes,no,0.9999999989999999,0,2
learned_hands_consumer,majority,0,4,190,d5a7261352131be329b42958bda9d1cbf7adf2a5eb0c341d0fd5d6d07a9ae17e,yes,no,0.9999999989999999,0,2
learned_hands_consumer,majority,0,3,191,e36f78681c2e77e1fe9fd7fc2f0b8fa917f14b6a2333a41863c17c766053033f,yes,yes,0.9999999989999999,0,2
learned_hands_consumer,majority,0,4,192,1487b9bcecfa449f7f97f38810e17ed4e37ea80a32cd5170137bf134574ae112,yes,no,0.9999999989999999,0,2
learned_hands_consumer,majority,0,3,193,a0956e6a9a6973551966fc776c76b773565a03efe1dd2f5b6e363e037cd68e98,yes,yes,0.9999999989999999,0,2
learned_hands_consumer,majority,0,4,194,113f455fcca39b28919c8669b561494bb48c8a7b1abb08182e38efba3ba3d49d,yes,no,0.9999999989999999,0,2
learned_hands_consumer,majority,0,0,195,01467176da7f8beaabb7d2d981d4c2a5d270c4de1ee41090eb7fff34ad10f233,yes,no,0.9999999989999999,0,2
learned_hands_consumer,majority,0,0,196,3917492faa9e47e7106ba122c3a1618a26df3dcdbcf5803ea5eff8caeb3a85b8,yes,no,0.9999999989999999,0,2
learned_hands_consumer,majority,0,0,197,cde8abafba1e7a412e01f15ea5b8b45f4e1c8f3f37c5ed8ecf8670617e0e3ddc,yes,no,0.9999999989999999,0,2
learned_hands_consumer,majority,0,2,198,61ae855f1482eb8f9d691ed3f1d20ebbea6fc43c48a7559ddaf77710f2c27152,yes,yes,0.9999999989999999,0,2
learned_hands_consumer,majority,0,4,199,f35f9e77ffc5ac7a0d42e5a637d3ec3f6ef2830b8c178fdb6a5c951cfeaa3e88,yes,no,0.9999999989999999,0,2
learned_hands_consumer,majority,0,1,200,82f9efaddab72f81167b375aff7cc6c2537117b477e6064545d97be910ff945c,yes,no,0.9999999989999999,0,2
learned_hands_consumer,majority,0,1,201,967afc85cb2c22088e649a1faac841a0d2609f7e11fe94eef9bd17a4daa54688,yes,no,0.9999999989999999,0,2
learned_hands_consumer,majority,0,4,202,5648d782c24eb983d5cf18c59b05a1a47459a5dedd4e5335a0232c23f062944c,yes,no,0.9999999989999999,0,2
learned_hands_consumer,majority,0,3,203,157bd549be3ab1bdd3e21c29805aafdc0d0b45c1aa52b0a397ab9236a4e5c944,yes,yes,0.9999999989999999,0,2
learned_hands_consumer,majority,0,3,204,525f45b4239b35c4038470e08628f267e9887f1c30b0aa84a2d5d01464da39a3,yes,yes,0.9999999989999999,0,2
learned_hands_consumer,majority,0,0,205,0a0807c3257345430140d80f2b2b7210e572d13f47d5ac8a65174de1142590b0,yes,no,0.9999999989999999,0,2
learned_hands_consumer,majority,0,1,206,a2b92dbd2ee6fd008bb6aa904caa64641950c475cddad723b2644f23c751a0ee,yes,no,0.9999999989999999,0,2
learned_hands_consumer,majority,0,3,207,a2ed73e250907017f6d7fd66c658c04c6a137575d6ad765f993661edda327577,yes,yes,0.9999999989999999,0,2
learned_hands_consumer,majority,0,0,208,1290d537ea8750e4e91f20b46eec10646ce12ab7d86dfc91eb09b608405fe90f,yes,no,0.9999999989999999,0,2
learned_hands_consumer,majority,0,0,209,a0f7d16e25d9f13501287713351ca9111410082745756d6eff69a544a7ce0fab,yes,no,0.9999999989999999,0,2
learned_hands_consumer,majority,0,4,210,adbfc9de80cf0100c04073d2c24a7a39ad794835be05b45cd9a54b30876e1bae,yes,no,0.9999999989999999,0,2
learned_hands_consumer,majority,0,0,211,33d047d7bf09f05c00081ea7055f31cf8f5cfbb5f1ceb5b0376de52b5d66fca4,yes,no,0.9999999989999999,0,2
learned_hands_consumer,majority,0,2,212,8747eec3bef3a1ac47c5e03b2a3185ec7be0382a48e8f07bc6b009f884106d3b,yes,yes,0.9999999989999999,0,2
learned_hands_consumer,majority,0,2,213,49b127f44fd96be9d276f55d1669f94228b7535cb909c7f6b272eb55f8881a2c,yes,yes,0.9999999989999999,0,2
learned_hands_consumer,majority,0,0,214,dfb7f7c0e45b4a7671e7808a09335109e684ec1f7b896028808720b751c76290,yes,no,0.9999999989999999,0,2
learned_hands_consumer,majority,0,4,215,db97720cca0e39dc598257024bac71c263aaf9886f335cf6cd722539c19eacca,yes,no,0.9999999989999999,0,2
learned_hands_consumer,majority,0,2,216,64859a67c19bf56da59ad97eab9f8da73202e6a6dd9d3bbb9372afcb47b0408d,yes,yes,0.9999999989999999,0,2
learned_hands_consumer,majority,0,3,217,f449fe5d57975f0caf323ecddfcc9b9dccbabe88c5ff42bd31a1d65fc7a824b5,yes,yes,0.9999999989999999,0,2
learned_hands_consumer,majority,0,0,218,fa078ce3c2ae45c10df8aa0a800c47eade1e7510a46eb24bbe627b87d2938a68,yes,no,0.9999999989999999,0,2
learned_hands_consumer,majority,0,0,219,f2fae4fb37730a28c6c680ab68c6e0cbcb083e46d89296b52700b2b28ed2e203,yes,no,0.9999999989999999,0,2
learned_hands_consumer,majority,0,3,220,ca57b26977335b108fd0d46872d220af17b298c5169ea6a338028e3fa941a5c0,yes,yes,0.9999999989999999,0,2
learned_hands_consumer,majority,0,3,221,9f6359257abe0943f69a9a6786fccff089c30ae5f302d29d57c21ec0cc0fb8bb,yes,yes,0.9999999989999999,0,2
learned_hands_consumer,majority,0,0,222,da0db19cfa506b30e60a6cf05fa27f60113ec86ac8308c44eddc1cdeb6e6b707,yes,no,0.9999999989999999,0,2
learned_hands_consumer,majority,0,0,223,013033315bef6946bef54c7e1e5131afe73897a10507585acff502cb07b082d1,yes,no,0.9999999989999999,0,2
learned_hands_consumer,majority,0,2,224,01ca67ea223ea6f3f78966619c3d177754184bea73cb662ffc54be7eded55946,yes,yes,0.9999999989999999,0,2
learned_hands_consumer,majority,0,1,225,0972b858c77e9cd796c6bda370f1d6b2ea20798091434c33f49f1827e4a678cf,yes,no,0.9999999989999999,0,2
learned_hands_consumer,majority,0,2,226,478e48024c876788e7ac0b2943d399c14bb997ab82a37ee11247a5b223d23f4f,yes,yes,0.9999999989999999,0,2
learned_hands_consumer,majority,0,1,227,dd602e9be0c77e5a1bf15d2c5db5302c6b6d2b8362f95c146de1f5d3ea45031b,yes,no,0.9999999989999999,0,2
learned_hands_consumer,majority,0,1,228,e86c4500724cd80b78a41c3de49d5f623baba6615be341878c3f40d1a666fa36,yes,no,0.9999999989999999,0,2
learned_hands_consumer,majority,0,2,229,44f8bde89aa71070a44a090fe6553fe64a785e0148291429f98b65d8cc35537e,yes,yes,0.9999999989999999,0,2
learned_hands_consumer,majority,0,2,230,f92a5c6258f5da9bffe36fc1a4498f1086f4d296b5c28109401777d767f46946,yes,yes,0.9999999989999999,0,2
learned_hands_consumer,majority,0,0,231,b8099af0f4a08d3625fefbbdf920208ab786e82be6d9e5ecd373c981c3bd90c4,yes,no,0.9999999989999999,0,2
learned_hands_consumer,majority,0,2,232,dd6b7ca454c08a409f4171cb97167a8c91e862451ec1b92eaa7d9393934cf91c,yes,yes,0.9999999989999999,0,2
learned_hands_consumer,majority,0,4,233,fdb76c188296362ef951b02157cc4150c8d3a0750fe72942787d491e6ddc18e2,yes,no,0.9999999989999999,0,2
learned_hands_consumer,majority,0,4,234,b78102f7318502d1b26dbcb12920cd58ed53891ef8b61bff2b15f5b432da91f0,yes,no,0.9999999989999999,0,2
learned_hands_consumer,majority,0,3,235,5a37498c5c481cdd1e4bd5190333a14a0190aa3aede5364087479e33c293e1a9,yes,yes,0.9999999989999999,0,2
learned_hands_consumer,majority,0,3,236,eae4558b0617e7ebc54a6ebc59d2dde3f9df33d4ce6cb6404452671b374ff797,yes,yes,0.9999999989999999,0,2
learned_hands_consumer,majority,0,0,237,b25bbe0ef882d9b6ee6ca640d619e47af1ba4b4303c92a73e17071d2b63f6203,yes,no,0.9999999989999999,0,2
learned_hands_consumer,majority,0,2,238,3415dc4afd4d574b0da83ec6d205e580b78b683ce427d70cb6192aa1345ada00,yes,yes,0.9999999989999999,0,2
learned_hands_consumer,majority,0,1,239,e4190a6930b3800fcc812916fc24cd7666ec7ccade668b74793a25cf043ee8dc,yes,no,0.9999999989999999,0,2
learned_hands_consumer,majority,0,0,240,2a1e5635eb53609c5660dd54ea549b8c7ca1d8ef3709e5692cce67005fde384f,yes,no,0.9999999989999999,0,2
learned_hands_consumer,majority,0,4,241,1587f650838e742b5adbc001e25e86b815c1c282f7e24b9a7f46e2c9c7e7663d,yes,no,0.9999999989999999,0,2
learned_hands_consumer,majority,0,3,242,3aeb06e0988c30e7dd4b9857f1305ee50a9955e156a1e1a8bfb635878c936da6,yes,yes,0.9999999989999999,0,2
learned_hands_consumer,majority,0,0,243,0ba639fb1b8f0dcb2fe9cffb9b96ec4f2cc182c78d9a521ea1b367d5c28385d0,yes,no,0.9999999989999999,0,2
learned_hands_consumer,majority,0,1,244,ebd5c1534b316d246d849144a17469ee09729233fad0f39a8a330fdfa15b9628,yes,no,0.9999999989999999,0,2
learned_hands_consumer,majority,0,1,245,401a36474fa40d2d999cd260f57ca66ab83fcb63de68f578a6d6ad7d4ec4bd2e,yes,no,0.9999999989999999,0,2
learned_hands_consumer,majority,0,2,246,4176b37a2179c60a956b8746678c2a674aabbd9e086407904b2475af255d13bd,yes,yes,0.9999999989999999,0,2
learned_hands_consumer,majority,0,2,247,95933a28191a6e558a2911f9c54efc9e53d3ba70d036eac4f4fcf1044bbc9d88,yes,yes,0.9999999989999999,0,2
learned_hands_consumer,majority,0,0,248,0f4ecd29ccebf4ac6e235b28298c170a1c4939a57f8d2bae941d4292bb91c9e2,yes,no,0.9999999989999999,0,2
learned_hands_consumer,majority,0,2,249,061be30da02e5927c05d4f6dcb0ebcaa8bda9da95f663afc3448b40f550c8dcc,yes,yes,0.9999999989999999,0,2
learned_hands_consumer,majority,0,4,250,6c7deef4168bfdd3eb4f65e34ff1a5b08e7d07a494276e6dbc72cf08dd1d9ea3,yes,no,0.9999999989999999,0,2
learned_hands_consumer,majority,0,3,251,3fecd30afaf717ef4d633f041d6b64abc35956652a123bf652a024e051aecbd2,yes,yes,0.9999999989999999,0,2
learned_hands_consumer,majority,0,0,252,618080a1456e3ee68a8c336bd1951f8be686d4b280ba12acc2afbc0afe6f5e6e,yes,no,0.9999999989999999,0,2
learned_hands_consumer,majority,0,4,253,7d9553904434b833510ba4f74348cff64322921c601077d281c33b3d61d048ca,yes,no,0.9999999989999999,0,2
learned_hands_consumer,majority,0,1,254,851524b83e3b815d2b8ad94407c2a48429aa45e82bd9c1b64ffd780d6c3a0de3,yes,no,0.9999999989999999,0,2
learned_hands_consumer,majority,0,0,255,cb21cc98accfbbfc1ab6fb040d28dc4a525dd125dcded30bbb6688922bc0bcf0,yes,no,0.9999999989999999,0,2
learned_hands_consumer,majority,0,3,256,77a1a7abf05f1aa064c4d1f51619137f7eb2bd94b8ddc362bc14f64be0bd2a01,yes,yes,0.9999999989999999,0,2
learned_hands_consumer,majority,0,4,257,3d22a52452442ace2422e3134c77857c8d5686fd9080d9f42bc9438a845f4c89,yes,no,0.9999999989999999,0,2
learned_hands_consumer,majority,0,3,258,aaa2f84803feb0579309aaee905dbe769a0e41a5a6daf89677d4a8534aa9819f,yes,yes,0.9999999989999999,0,2
learned_hands_consumer,majority,0,3,259,cbf21ed32acc01ddeaa5380d184a96c3ca5b84614bc1f3a1a9583fa9b891c05d,yes,yes,0.9999999989999999,0,2
learned_hands_consumer,majority,0,1,260,370cc782f60a07b178ac3c0ec5c92e1d6072d6798ba29e27eb089d3af9d06cb5,yes,no,0.9999999989999999,0,2
learned_hands_consumer,majority,0,0,261,e2fa618a66bdb423b63a86d231a23868e8833853ed334799049daeac30367a88,yes,no,0.9999999989999999,0,2
learned_hands_consumer,majority,0,0,262,6c81e7b6dabbb3574a09c499dc7a67ca24d31c6e646bab4ced51cd8c78f55ea7,yes,no,0.9999999989999999,0,2
learned_hands_consumer,majority,0,4,263,1f341a6355c5c3b945e1a2b14b3434e8b3904eb4eca3e24c87941d86e705e57e,yes,no,0.9999999989999999,0,2
learned_hands_consumer,majority,0,2,264,6adfe2187f8557b8f6378f034717bdcd2f522a0df00806a04c1dfe98b3e997bd,yes,yes,0.9999999989999999,0,2
learned_hands_consumer,majority,0,1,265,8bad5933bcb5967cc9bc4abe066d28b765494f7a0dffd407c47d6d8067553308,yes,no,0.9999999989999999,0,2
learned_hands_consumer,majority,0,2,266,c55600e95d9b4eb897af3302c41acc84e2d54157f428bf1f8caec3b61e668da5,yes,yes,0.9999999989999999,0,2
learned_hands_consumer,majority,0,1,267,13c0dc364911dc9186a0c024e55f88be572c4deb5878fbd82d310ecaf5f45d13,yes,no,0.9999999989999999,0,2
learned_hands_consumer,majority,0,0,268,3321004b9ab1144d0dfdcb61b18d746e047e1eca73ce7e0acb9fbd0e7c724816,yes,no,0.9999999989999999,0,2
learned_hands_consumer,majority,0,3,269,19d396f6ee8676b8e14abd050a0d810589baf0188e806f72eac507d7a2c545a3,yes,yes,0.9999999989999999,0,2
learned_hands_consumer,majority,0,1,270,7eb4eb67f8d71b2387d20ed2f7c7421eab13eb8910aca82d69fdf9a9273ecb96,yes,no,0.9999999989999999,0,2
learned_hands_consumer,majority,0,4,271,21f6bcc2b642898b25da24d91a08efc8029b34d97d979ac84183c75b0c07b9c0,yes,no,0.9999999989999999,0,2
learned_hands_consumer,majority,0,1,272,63a06c8bcc7dbff84f881459fdf825076cb5b36209132b00c9c84eeeba7b6eb8,yes,no,0.9999999989999999,0,2
learned_hands_consumer,majority,0,3,273,94b8923b3eddcc3f61a255a8e42041ab7f8e96bdae7e23fa5dba20dd65b82fa6,yes,yes,0.9999999989999999,0,2
learned_hands_consumer,majority,0,0,274,c2ccc5ca47171285fb0298be4298f50882121913b48b7ac1e796a30c532811ba,yes,no,0.9999999989999999,0,2
learned_hands_consumer,majority,0,2,275,1f6071d3d10ecfa1b75476a7071af685e3ba15fcf7b2a774e39b20191e1fe074,yes,yes,0.9999999989999999,0,2
learned_hands_consumer,majority,0,2,276,11cabef5b7d7edbcc7de996da7ddc824772faa6248373f429b29567c5017f865,yes,yes,0.9999999989999999,0,2
learned_hands_consumer,majority,0,2,277,9136c7f7286a3ee6b4af4f2c4bd396e5528e9e59d4a11138840961213324a902,yes,yes,0.9999999989999999,0,2
learned_hands_consumer,majority,0,2,278,45b8aa00e5100aa8e27c34109569ad374e89747c8859165962bd4b50a718dec3,yes,yes,0.9999999989999999,0,2
learned_hands_consumer,majority,0,1,279,93a67fe947a834ff1518acdef3d3503a43de70821df3f53bacca03fe73994e4e,yes,no,0.9999999989999999,0,2
learned_hands_consumer,majority,0,3,280,f9aa283cb36bd865eb6d0e00dec619c048e1b8f0e8830f12b5d02008a0b97ace,yes,yes,0.9999999989999999,0,2
learned_hands_consumer,majority,0,1,281,55de4e8dcda9a6328913ef54a1ed9351f1f426737486cdf8f668ad83b8388f73,yes,no,0.9999999989999999,0,2
learned_hands_consumer,majority,0,0,282,6bcb70ea6c53d9d2735995ffa331f18d0e9d9cc24ba93acb53376ae8483ed8a1,yes,no,0.9999999989999999,0,2
learned_hands_consumer,majority,0,0,283,78da2dea499e7edb487d60fd31327140d7546b18febaf57879bbba65e8c1b04e,yes,no,0.9999999989999999,0,2
learned_hands_consumer,majority,0,1,284,42fb96e3e3db8353adc2b84b435807f73584555187d03911234609ed6e85bfe6,yes,no,0.9999999989999999,0,2
learned_hands_consumer,majority,0,4,285,ecfc65fba09f92e19dc001350da2ef8adc932c234c862d0db0f1879f2e7c8794,yes,no,0.9999999989999999,0,2
learned_hands_consumer,majority,0,3,286,c191adb1d624b20f83068f7b5908de47c6c5209a753e4de83b528e1156b3c2b0,yes,yes,0.9999999989999999,0,2
learned_hands_consumer,majority,0,2,287,644bc0e92cf759be58ca6610fa275080515a65a91b581445be9cabf7ffea0e15,yes,yes,0.9999999989999999,0,2
learned_hands_consumer,majority,0,1,288,a79143144aa9b5670c2ef1346d67999dca1710bf76a38aefe7d8c7b71ae44b79,yes,no,0.9999999989999999,0,2
learned_hands_consumer,majority,0,3,289,29d068c39f2e257adbe8beebd86189c3ef328bbf2028cdf5c6d3ede0e5ddc09b,yes,yes,0.9999999989999999,0,2
learned_hands_consumer,majority,0,0,290,fe9822a59aebf2d41016c82deb1d427382b2666a1fe39079f87be07fb936b617,yes,no,0.9999999989999999,0,2
learned_hands_consumer,majority,0,0,291,56bb42f2ccd6615785428ca0492a89e2c4c3ab2f9fa44ee197d3da8fab2c5842,yes,no,0.9999999989999999,0,2
learned_hands_consumer,majority,0,4,292,5299348ae3f81c25293e952182bb6bea15382e9da7443711aa78acdaf4b6bcb8,yes,no,0.9999999989999999,0,2
learned_hands_consumer,majority,0,4,293,73a78266e6561f4e4c9baa89057beda5a92213b2ef917e1272c2ece8cd9b7704,yes,no,0.9999999989999999,0,2
learned_hands_consumer,majority,0,2,294,79cc9d9097ff95d4d5569540eb3711865f517ab1a2a0fc876da5c48598ee3cb4,yes,yes,0.9999999989999999,0,2
learned_hands_consumer,majority,0,2,295,3b85fae280cd98abcc7e78ae4627a4c94eee68cb0bdc5b31dc3b1cf2e53949ae,yes,yes,0.9999999989999999,0,2
learned_hands_consumer,majority,0,2,296,32072d7df35d23c7cf165a1afeb9be63ebbdcf2c94cee75f9b5a90b78e19dd28,yes,yes,0.9999999989999999,0,2
learned_hands_consumer,majority,0,2,297,16bed4a62e2738950d2587d30c25ed9c5d17ea5f0cc5e91f1148a4cb64162453,yes,yes,0.9999999989999999,0,2
learned_hands_consumer,majority,0,4,298,3473fc0f42c76ad19ef3ec2771d01d619478fb7fab7ea70d94e7fe0f1bd61128,yes,no,0.9999999989999999,0,2
learned_hands_consumer,majority,0,4,299,251efc17ee26f8f9c544871f61f6fd54cf585d0f3210406eb3c48c825a10d526,yes,no,0.9999999989999999,0,2
learned_hands_consumer,majority,0,4,300,4b657305ddc7f357ec185bc9abec0fa67e2d4d4fb0afb00f8e83e73a4c712e8e,yes,no,0.9999999989999999,0,2
learned_hands_consumer,majority,0,1,301,f85e7456c7160ff553b31db76a443f79214f6b2cd4542c3bb171595928ab6558,yes,no,0.9999999989999999,0,2
learned_hands_consumer,majority,0,1,302,243386ffe9922a67ec10fee19cff0781c4d76b6a78a32ec20ae1b9ece92bf995,yes,no,0.9999999989999999,0,2
learned_hands_consumer,majority,0,2,303,85d4e89725d489b9e3820f724acfc754d59767d51140be8d70af3bb2eb4198c3,yes,yes,0.9999999989999999,0,2
learned_hands_consumer,majority,0,4,304,f859129d9d2aa75e88d6602d1563b367b5d45a031c53939b17889bef5d0f147e,yes,no,0.9999999989999999,0,2
learned_hands_consumer,majority,0,3,305,483ac3b333ee68b7196086031e6a08e2fdb91c52f28a3a861f23a2c8ec75478c,yes,yes,0.9999999989999999,0,2
learned_hands_consumer,majority,0,4,306,6eef9bbaaa01f32394020b689930f9d2ae66836d280dfef0cac99935536b4a22,yes,no,0.9999999989999999,0,2
learned_hands_consumer,majority,0,4,307,2bbdbbb31e0f69cbd29d755d0e4fb9a5a932b3b1effe5a664bc674ef725addc2,no,no,0.9999999989999999,0,2
learned_hands_consumer,majority,0,4,308,5779a2e66767851f78c4baf2c51d3e6be6d917949d5341b98c489bbf0f67f6f3,no,no,0.9999999989999999,0,2
learned_hands_consumer,majority,0,3,309,24481de31a2b3036d71dc474adac585b922e4bdfb8287ce43a3ff34846620b73,no,yes,0.9999999989999999,0,2
learned_hands_consumer,majority,0,3,310,13b626d60d254c4999ca862d60b0f13ec9378504e9fa2fa1c002db747518bc7b,no,yes,0.9999999989999999,0,2
learned_hands_consumer,majority,0,4,311,97939ad30f5a35f45ccb7fcb190a65552ca404ca227456e1ecb4f5a57c3bed17,no,no,0.9999999989999999,0,2
learned_hands_consumer,majority,0,2,312,8616d00b5609b9a12db9741cc2c276068fbfffd9d02b80e12bf3dc55ef37b07c,no,yes,0.9999999989999999,0,2
learned_hands_consumer,majority,0,2,313,65e5a2fd7a388ba873ac967c48adb5664e74f76db3d95f15af7230c45aa27115,no,yes,0.9999999989999999,0,2
learned_hands_consumer,majority,0,2,314,0b5ab1b563bc3ef18c295476f388386fadc1cf299ab20f258f1dffee0f8157b4,no,yes,0.9999999989999999,0,2
learned_hands_consumer,majority,0,2,315,c70617e5ad6a4b2e699841464467e2a1387594382a39a10f5f3aa0ba238dc8c6,no,yes,0.9999999989999999,0,2
learned_hands_consumer,majority,0,1,316,bc9f773c51514a7ad309a672115c1b9f79304095ccabcd53343b945d6ce19ec8,no,no,0.9999999989999999,0,2
learned_hands_consumer,majority,0,2,317,0af96d52fa6c71f1943351f5d1a07e10d961983e0c4a66784a937ad8bbaf2f0e,no,yes,0.9999999989999999,0,2
learned_hands_consumer,majority,0,2,318,f4a7c81fbb4fe3b5a0cdb370b458074ab8fa6f11fe41ced9df994fd2f420f362,no,yes,0.9999999989999999,0,2
learned_hands_consumer,majority,0,0,319,71d38fe12b75052be0651bda2d4f4efe697b07d365bf41cb14841da2688b94f5,no,no,0.9999999989999999,0,2
learned_hands_consumer,majority,0,0,320,60a86bc631bcf63cb1c4ced84c0f60928e57bb2abcf79c23baa53fea95cc1aa3,no,no,0.9999999989999999,0,2
learned_hands_consumer,majority,0,1,321,e06e690d6aad76f736293110bf1b57c294435c42a47933cd1acab74063fa7102,no,no,0.9999999989999999,0,2
learned_hands_consumer,majority,0,2,322,a90e11f52d0e31db828e5d845e5fc33cb9bbc6922bce8244891dbc15b22a7483,no,yes,0.9999999989999999,0,2
learned_hands_consumer,majority,0,0,323,7f6a2fb0578a33bc0482677bbc588e70a785c7bea415b62486a564b37d2364a5,no,no,0.9999999989999999,0,2
learned_hands_consumer,majority,0,3,324,91f9aed41e41a457675d9814a53f7e293fdcc37d5ecd967c9a49b0e1b38c3587,no,yes,0.9999999989999999,0,2
learned_hands_consumer,majority,0,3,325,ca37e43e8db1c44dbbb19c01ee3aa67ed7d3e032717d029d12d8ecc1e8da9e24,no,yes,0.9999999989999999,0,2
learned_hands_consumer,majority,0,2,326,2fb4fb6b593cdd7c3e2fd5c6e362a22a579395bb61b602c450cca3538b8e24ef,no,yes,0.9999999989999999,0,2
learned_hands_consumer,majority,0,3,327,c74e1031658129cec56f52de73b243a87d110480b7489b898798c788c64954c1,no,yes,0.9999999989999999,0,2
learned_hands_consumer,majority,0,4,328,12a1ea95bdc51debd507323d28586d8cd6725f1b2fb39a9a12ccea37dd723d96,no,no,0.9999999989999999,0,2
learned_hands_consumer,majority,0,4,329,985ec3dfb0c350854d7b1baac2c3332760dc5c321f1cafa4bfd44c6712e2ced1,no,no,0.9999999989999999,0,2
learned_hands_consumer,majority,0,4,330,335fb0b1b9fad31fa5c37ca3233826815b93d197d51ad6e25f3adb819181b8d5,no,no,0.9999999989999999,0,2
learned_hands_consumer,majority,0,1,331,c1a730a7b254e70e6ac0d37573a2caa83d4df82d7e52868bedaff06ebe6b6878,no,no,0.9999999989999999,0,2
learned_hands_consumer,majority,0,3,332,2c4155ce67ad13aaa45fffc3554b95daf5261dd7f91fb8fd64dec003bfb9e74f,no,yes,0.9999999989999999,0,2
learned_hands_consumer,majority,0,3,333,6ceaa70ea927c42a727227f3a30b6f624dcea1bc117cb238827bb15af9517c39,no,yes,0.9999999989999999,0,2
learned_hands_consumer,majority,0,1,334,7d6f93cb8182ac12b92485985653cd0fd562085122909d87b4336f6ee3e4666d,no,no,0.9999999989999999,0,2
learned_hands_consumer,majority,0,2,335,cf8776ba226b044303c6bd7ec8aa16cfacbe82cbb01b00fe365ab899a5adc5f8,no,yes,0.9999999989999999,0,2
learned_hands_consumer,majority,0,0,336,63d2423f809c612df5098e911ca5ba908d510a563c38c6d97d504e390d18c390,no,no,0.9999999989999999,0,2
learned_hands_consumer,majority,0,0,337,52f14dd7aea76b56f013c46377c11006c81b564a73a8fa44e2a4843c3f9ff85e,no,no,0.9999999989999999,0,2
learned_hands_consumer,majority,0,3,338,cd0992eca3b3ebd4ffcc36e8430e138824f9b105e6764dedf74a8ce2d5549fe4,no,yes,0.9999999989999999,0,2
learned_hands_consumer,majority,0,4,339,5a8803fcccb50853b2c3856ee82785bd156f862dd26d34c99efdea4519a7e214,no,no,0.9999999989999999,0,2
learned_hands_consumer,majority,0,0,340,617fea7762c73987c8e9da050c8cae25a1aefb6ea95ff5d081b8e51f028dbf2e,no,no,0.9999999989999999,0,2
learned_hands_consumer,majority,0,2,341,d4093169f98d05e7565a5542038529f1fab35b60cfe43127811daa861d935feb,no,yes,0.9999999989999999,0,2
learned_hands_consumer,majority,0,3,342,e8a22694731ba2e5a7312f7d4a02b03f7e4bc081c76f7068d665ec82ab92f3c7,no,yes,0.9999999989999999,0,2
learned_hands_consumer,majority,0,4,343,7a0a05fc729a8f64cbb6ca9c295a3805e152b645fbd81571861db6a5918d5618,no,no,0.9999999989999999,0,2
learned_hands_consumer,majority,0,0,344,1de94b175a0dc3b16576ef02ea9b734786aa3bc35b5be8fbeb644479593c01bd,no,no,0.9999999989999999,0,2
learned_hands_consumer,majority,0,1,345,7eba9bd21b877177f0ea63bb88313953a4c47a8eea950c93500fbc398e54e665,no,no,0.9999999989999999,0,2
learned_hands_consumer,majority,0,2,346,aa01251703c5de088b207ee1e21487e51f88caf08d8d578aef87fead3ecefced,no,yes,0.9999999989999999,0,2
learned_hands_consumer,majority,0,1,347,e9f5e96f340dd75e497ed93a4a1e722cfce986d2cec52aaa027ca7778586ad19,no,no,0.9999999989999999,0,2
learned_hands_consumer,majority,0,4,348,4b9f93fed8e41a2a2c5f0994cdca3aca0eda1b96dbd2f74d5afcd2a43889c2e8,no,no,0.9999999989999999,0,2
learned_hands_consumer,majority,0,4,349,f05855943024f908afbb53b1527e164e7e5e5ad16ec0192747e08513f2bf77c0,no,no,0.9999999989999999,0,2
learned_hands_consumer,majority,0,3,350,1c49793aa9d1312bd32ea93d0d8c4aefe10836b786d8cadf7c97738717ce9d31,no,yes,0.9999999989999999,0,2
learned_hands_consumer,majority,0,3,351,580b5ac0770fb1b9a6472f9a88911a26a88cc2d70c1aa230e26ba6905581d32b,no,yes,0.9999999989999999,0,2
learned_hands_consumer,majority,0,3,352,d1a95b753ee546201b5cf71e8a8910ffb93f06b981363dd24190b9627693f2cb,no,yes,0.9999999989999999,0,2
learned_hands_consumer,majority,0,1,353,f123cdff3722febd99751bb5a64770c85fc6707f63c07bae56510ead6672a690,no,no,0.9999999989999999,0,2
learned_hands_consumer,majority,0,0,354,013a1816aae065dc4d8f6a910347c85c867197f1497645a47e5cb14cab38f57e,no,no,0.9999999989999999,0,2
learned_hands_consumer,majority,0,0,355,d27505c28fcef3d7434ea6bd8d7130e051f02503586c1526d71160be1310e40f,no,no,0.9999999989999999,0,2
learned_hands_consumer,majority,0,2,356,1130e23cb8e7f0a6fc9e659f4c94b732fa1953b7a98b3a9fcafb074532c54af8,no,yes,0.9999999989999999,0,2
learned_hands_consumer,majority,0,1,357,9a69a9f0e0418372ec3def21b9ce927af42a49df1d185967290ada823319ad8e,no,no,0.9999999989999999,0,2
learned_hands_consumer,majority,0,1,358,d0b3728beaff318ee83ad916c45c5c6802c6634bab63d6de065eff3af6bb2839,no,no,0.9999999989999999,0,2
learned_hands_consumer,majority,0,0,359,492cdbdcc254342378744c1f8b9dadd066628ace9a1a65a515633708701c9342,no,no,0.9999999989999999,0,2
learned_hands_consumer,majority,0,1,360,7c272499aa6af5b9c7b2de749a65adfa813cdc4061012c6f9a62fda253e08104,no,no,0.9999999989999999,0,2
learned_hands_consumer,majority,0,2,361,e09a2160df994ff65eac81266e80dbb544860bb0bf9a7322caeeaddef40d8ffe,no,yes,0.9999999989999999,0,2
learned_hands_consumer,majority,0,4,362,7c408b03bdd1535120a56621fe2fc9d7c4ef4b22699b623e4970ee45767ebba9,no,no,0.9999999989999999,0,2
learned_hands_consumer,majority,0,1,363,c41ad8c362d3233072dfc9f51c09010958870b25d095046a29cc7e47cafd392d,no,no,0.9999999989999999,0,2
learned_hands_consumer,majority,0,4,364,67f538667db398f86344c56348d00c791c1ec9ac0aff37d556bb99dd32897983,no,no,0.9999999989999999,0,2
learned_hands_consumer,majority,0,0,365,ddf035db365fff2212de2488a54adb763abc3e92a2dad325570e9d3251388841,no,no,0.9999999989999999,0,2
learned_hands_consumer,majority,0,3,366,aee3ace2d8ef27f3660fab84d93dad6ad86bf221676864042357c5e92059a85e,no,yes,0.9999999989999999,0,2
learned_hands_consumer,majority,0,0,367,9913f5e62a1afcba67bee35c05d650381598f5b2c1380d1bb2a0f2ae1cc63e6f,no,no,0.9999999989999999,0,2
learned_hands_consumer,majority,0,2,368,00c018554b47c9496be37e1420e4483569efc3e3631c681205edc2ebb9c5b095,no,yes,0.9999999989999999,0,2
learned_hands_consumer,majority,0,3,369,2c68763833a784dd4f1a5569f0af102d4fcf6b344f917b9d6e68c91bf223385f,no,yes,0.9999999989999999,0,2
learned_hands_consumer,majority,0,2,370,c585104773d1883d86927f2b034566efd206fde08fe7e1d63efcf06f6ecd9275,no,yes,0.9999999989999999,0,2
learned_hands_consumer,majority,0,4,371,7387a5e5fad938d7e99b2c7c1f6e1158d97aec42e8d1218a21f1bfbd2e5ccac3,no,no,0.9999999989999999,0,2
learned_hands_consumer,majority,0,3,372,8a778c2a7882c353ea19f4b4177b18f73596a4d0bdf7c066488b237259d5c92e,no,yes,0.9999999989999999,0,2
learned_hands_consumer,majority,0,0,373,66c80303be317d1ece0aedd4cef8d908db80607ebada9bb9e122cc5c60b05acd,no,no,0.9999999989999999,0,2
learned_hands_consumer,majority,0,1,374,844bffeb2e27126213a382107f2bfbd2eeb29a0aa34b39db7c237d94aa21dc6c,no,no,0.9999999989999999,0,2
learned_hands_consumer,majority,0,0,375,ecc85367e5cf37586c263dedf5b348a050bbdf6b9249645651c148dca3f30d6a,no,no,0.9999999989999999,0,2
learned_hands_consumer,majority,0,3,376,2e572efe17abde9794ed1ca8e76aab48311dffe6e5f091aaf53a537351a6ec4b,no,yes,0.9999999989999999,0,2
learned_hands_consumer,majority,0,3,377,8339831d993a8f59979c34ab2a332854935bb45ade809ebc382fde5b95859c6d,no,yes,0.9999999989999999,0,2
learned_hands_consumer,majority,0,3,378,42142d842605f05b949df18cb8a99bb35cb5a3e606e1f59cff43626743752be7,no,yes,0.9999999989999999,0,2
learned_hands_consumer,majority,0,2,379,84f150b50421abc72aea1ff2b9e810ed64fba7c4f9d5ac41a9be6e901d2ee310,no,yes,0.9999999989999999,0,2
learned_hands_consumer,majority,0,4,380,e87ddebafaf120552bd4e34cf6953ec369024fb7fc6e707e8c74058e178b1363,no,no,0.9999999989999999,0,2
learned_hands_consumer,majority,0,2,381,1338d4a9807f0d53047962b57d76cf583420487b44853e8aaab6f0d6d454688b,no,yes,0.9999999989999999,0,2
learned_hands_consumer,majority,0,1,382,ec007d3323dd2053bf052016919bc0af90796fa0ca1b0409c6082066ee97a50b,no,no,0.9999999989999999,0,2
learned_hands_consumer,majority,0,4,383,d2cd0e5ee933d888b506be5632aed8062b91258070bea77b00cbf7a570a68547,no,no,0.9999999989999999,0,2
learned_hands_consumer,majority,0,1,384,b6426951bbccc28e0d00959ce601a50cfdbc42f0b030169fc40a2d195b99f4ce,no,no,0.9999999989999999,0,2
learned_hands_consumer,majority,0,4,385,a7f2631f19f997f8dde0f842d8a44c6be3a43a0e33208d7f010eeb998aedd90a,no,no,0.9999999989999999,0,2
learned_hands_consumer,majority,0,0,386,ee780d03a703ecf7ba9c48251e78cd4e9b7af05645ad48fff61fa919cf492135,no,no,0.9999999989999999,0,2
learned_hands_consumer,majority,0,3,387,2a45a35e29096acb668fa0ef232d5755b039d19bbf414f441fa03b6c6964e833,no,yes,0.9999999989999999,0,2
learned_hands_consumer,majority,0,1,388,db01549ee1c2f8c8cddf1988e9091c11b9c05afae796574b4aa7e58eeebe1ec7,no,no,0.9999999989999999,0,2
learned_hands_consumer,majority,0,1,389,63faab04056ecaa75521d5f981daa271b06f41399397a77f5b18772f7982501b,no,no,0.9999999989999999,0,2
learned_hands_consumer,majority,0,3,390,ae83caf06a839c78cbe1c040b85f5774b377a68c7cd5ca4e2df1e6b808f5c1b1,no,yes,0.9999999989999999,0,2
learned_hands_consumer,majority,0,1,391,9a3dd5e4246141a2e5cb3351f2f44bd41b29e28912043c8883ba1ee127ba989b,no,no,0.9999999989999999,0,2
learned_hands_consumer,majority,0,3,392,df2ca5f08012ee422366badb625b7e85f8f8d13eeebbc8ec9a4e52cb9755e245,no,yes,0.9999999989999999,0,2
learned_hands_consumer,majority,0,2,393,77b2b7af3d2e7d92346d21688da079b282d2e31d80505b4c19a05b664ed10fb6,no,yes,0.9999999989999999,0,2
learned_hands_consumer,majority,0,0,394,ce03177700db149631f5a0748437e3e8ce566671b3939640d10d100e63e3fd16,no,no,0.9999999989999999,0,2
learned_hands_consumer,majority,0,2,395,a47f0ccc3396c563d1d54cfa509c381c6e8ffadc05e947351c2c88540f5992b2,no,yes,0.9999999989999999,0,2
learned_hands_consumer,majority,0,2,396,d28d9b72ec96132abafad4420752c4f56363e197e4763aacee93a17b42e571ae,no,yes,0.9999999989999999,0,2
learned_hands_consumer,majority,0,1,397,c6571efea3285b8369d41b3dd25ef48c253a0e321fcaeefa5d4e89023afe6cd5,no,no,0.9999999989999999,0,2
learned_hands_consumer,majority,0,3,398,3f37d027870da81cb661495002a1a7fc86a664b28df5b372c3384fa16ab115db,no,yes,0.9999999989999999,0,2
learned_hands_consumer,majority,0,2,399,1195fd2a250615c2ef282030a1bd1f0805e2944f0343faea81ddf121d0ccc994,no,yes,0.9999999989999999,0,2
learned_hands_consumer,majority,0,2,400,52755383856e91c2af9d9af2cb1b6b5e2474b17de3d5bc750e466a0cac60f774,no,yes,0.9999999989999999,0,2
learned_hands_consumer,majority,0,0,401,79a5f35751c76695e1441ec78b28a225fca1c41ea9c82882b2fc5535aa52607f,no,no,0.9999999989999999,0,2
learned_hands_consumer,majority,0,1,402,e8b28f4ace8f9d83a962e68403786fac2eb9f58c6f2f6f2fb4f640879cb943c8,no,no,0.9999999989999999,0,2
learned_hands_consumer,majority,0,4,403,49b50604e1e593b1474257b9770d20e0a60ddcf54a8b6890e153124f746b8275,no,no,0.9999999989999999,0,2
learned_hands_consumer,majority,0,2,404,9d7dcd2eae72e13950ca10701a907c961252af1dd61008203f0937eed002f2d9,no,yes,0.9999999989999999,0,2
learned_hands_consumer,majority,0,0,405,3f5ca9261b2891516e2a5d24447411595d9562c1ff20862e0b1016f7ff1c32e4,no,no,0.9999999989999999,0,2
learned_hands_consumer,majority,0,4,406,4e20b69b4d085a8af12bd1e5f9d7e6232d82ab680cfc25e9a64195c6513cabd3,no,no,0.9999999989999999,0,2
learned_hands_consumer,majority,0,1,407,9000d55fade254c6ca05e4c143c5341da66479eca3cc7fcba053382ab0a06d2f,no,no,0.9999999989999999,0,2
learned_hands_consumer,majority,0,1,408,1d4a66a5ebbe0fede76d2d78db8f5fc9f6c99b17daeca5cfecf1d41b10cf80b1,no,no,0.9999999989999999,0,2
learned_hands_consumer,majority,0,2,409,c6ab1cc27fcf3c46640e8614bb3cef65334f694f0dc7ebf7c14f0f95ff582cff,no,yes,0.9999999989999999,0,2
learned_hands_consumer,majority,0,4,410,2808314a91f63cd0f210000ca0d99e536b41a5ef2a38b09b99706154ed097563,no,no,0.9999999989999999,0,2
learned_hands_consumer,majority,0,0,411,add411cc48fc3dd30ad7eef9eb447a04c306289987db61ee0f1a60eec669366a,no,no,0.9999999989999999,0,2
learned_hands_consumer,majority,0,3,412,c5e98cba61f5b7e99d394fd52e37b44f2fa2d4bd59a64a4fa6df5eb9c7d968ee,no,yes,0.9999999989999999,0,2
learned_hands_consumer,majority,0,4,413,b065f229dea495ea981117badbe33bbb78f927032d079f6b45b57b9ff319ee3f,no,no,0.9999999989999999,0,2
learned_hands_consumer,majority,0,1,414,ba9af4f96d08829a0c9ec6aba9efeff3a00a2093dfdfbd72c8bd45f2bc9e6a69,no,no,0.9999999989999999,0,2
learned_hands_consumer,majority,0,1,415,5d18d68c26e2f66f512fe9593484b459f2bcea6aa210183c392cf7ad40ddb4f4,no,no,0.9999999989999999,0,2
learned_hands_consumer,majority,0,0,416,e78402c565c5685cfe8d6f3023b3e7d2a6cacb870295e754ff3c7bd88851a1a7,no,no,0.9999999989999999,0,2
learned_hands_consumer,majority,0,4,417,83791c54b327f91dec027e1575b5e0d327a0464147f41406fc441098e5403ca6,no,no,0.9999999989999999,0,2
learned_hands_consumer,majority,0,4,418,2054be735fa66a7be473f7d8d284cc496f2873f3c0ac26935232ccd60f9de832,no,no,0.9999999989999999,0,2
learned_hands_consumer,majority,0,1,419,bab1e0749854088c9ef136c8cc309c034a76a764cfc21fc0ff53362e4861636d,no,no,0.9999999989999999,0,2
learned_hands_consumer,majority,0,3,420,27beb276d0fba5a8e870d21c77162c178327fc1ad4e1c391cbb90aa0b33604e5,no,yes,0.9999999989999999,0,2
learned_hands_consumer,majority,0,4,421,a1f504238378627ada42e6b4a5188dc174b5f75652a150163843892064abb22d,no,no,0.9999999989999999,0,2
learned_hands_consumer,majority,0,0,422,a005428946110152b42b0ec6663ca35a25f83f6d59f5b03454dc6b5ded6ed03d,no,no,0.9999999989999999,0,2
learned_hands_consumer,majority,0,2,423,9cbbae94185f89046b6054bb9bccf79344fd2aa88fe2a30fc15f75d34aacbef3,no,yes,0.9999999989999999,0,2
learned_hands_consumer,majority,0,2,424,3be047961cac24031e53731a39990092e5be49c19c1bf50858f360635095935d,no,yes,0.9999999989999999,0,2
learned_hands_consumer,majority,0,4,425,ce81291a07edef587b6b3aadc6149395b531a8bc2ccd91e5c553fafdef0a6317,no,no,0.9999999989999999,0,2
learned_hands_consumer,majority,0,0,426,e39dbe75b89613b758ebfbe9bb10832f0a92b0a0f06161e751f68ee02db8bc9e,no,no,0.9999999989999999,0,2
learned_hands_consumer,majority,0,0,427,77f8b279f1b0c7568831f06897e485c63de90d157e9f5bdffc950d8b5339b76b,no,no,0.9999999989999999,0,2
learned_hands_consumer,majority,0,4,428,196d1c980028958aa696f055758fa3b2f6507b7e90205d1bb8c1232f9ed33879,no,no,0.9999999989999999,0,2
learned_hands_consumer,majority,0,4,429,867ba8abbec80d2ad80edb9dbea0eda8dc5dcbafdfbe36aef9c42b95537f0f61,no,no,0.9999999989999999,0,2
learned_hands_consumer,majority,0,2,430,72af3f1cbcff79519e8d830ce39f1aaf8bc7b8e3c6a420f8e0cd0db3ab43e396,no,yes,0.9999999989999999,0,2
learned_hands_consumer,majority,0,0,431,8ccfee9549ab36622cbef033779481a4709533ba1916a502e4daa4bee8356d6f,no,no,0.9999999989999999,0,2
learned_hands_consumer,majority,0,1,432,f86e733c4aa27750c91274e7c1d24ef7fdb6886dedd3cd183e02ae97b21b71a1,no,no,0.9999999989999999,0,2
learned_hands_consumer,majority,0,3,433,4e5a84a0e6bc8a79290a97622c2e27f93f35d3bc1d958a174621ce41587bc723,no,yes,0.9999999989999999,0,2
learned_hands_consumer,majority,0,3,434,60115ad7adfb7cd44dc9d3974fa6e91f75d4314b459afb6ad7cf046ec468f5d0,no,yes,0.9999999989999999,0,2
learned_hands_consumer,majority,0,4,435,c2f8f30d2f33de3ff6d230fe420907389008f3f32d850a0d46c02bed9d4d96a6,no,no,0.9999999989999999,0,2
learned_hands_consumer,majority,0,2,436,c260b7498f71fe45f1424fd2b9a9839f565e405a7d4dcec0225cc32b31aa3ddf,no,yes,0.9999999989999999,0,2
learned_hands_consumer,majority,0,1,437,946f42d7871538b510e3f3addcd2c214d51128c8b0d1497d15b7386ba0a1356b,no,no,0.9999999989999999,0,2
learned_hands_consumer,majority,0,2,438,2ccf77520a102a3a7f63b623e6874716be7a1cf26d8c0f666f6e7470e9e4c438,no,yes,0.9999999989999999,0,2
learned_hands_consumer,majority,0,1,439,a701c75cc7ffd4dd2d848114d88c55877c21ca6bc554b06f7a780af98fdede78,no,no,0.9999999989999999,0,2
learned_hands_consumer,majority,0,4,440,1512241f1c901913c1bcb63d7c6958e6e29007920502c9eb4c9eb5dfdc429779,no,no,0.9999999989999999,0,2
learned_hands_consumer,majority,0,4,441,8efb01893e2894f9a68dd4abe86e1aa3273c502cb488596dc29f5385ecaeb2c7,no,no,0.9999999989999999,0,2
learned_hands_consumer,majority,0,2,442,1d2a94502aece3443e17b2cb63dfe225b7a8aeebd081ddb65e6bb2f671212a17,no,yes,0.9999999989999999,0,2
learned_hands_consumer,majority,0,2,443,0163ad6ff34e85877a0adf35a59c1a346599711f69d7bf4891317aada189c78b,no,yes,0.9999999989999999,0,2
learned_hands_consumer,majority,0,1,444,8bd8da3916ab6140c8983ae16bcdb2e8e857d786d5b0a809729486e67a0812d0,no,no,0.9999999989999999,0,2
learned_hands_consumer,majority,0,4,445,04302b33dfe27e60dab505555f6ba88813973ef1386f0c8b08205ee51891f0e6,no,no,0.9999999989999999,0,2
learned_hands_consumer,majority,0,3,446,1afd1fc0fa21504408f161026b0213f082b591b552e5a77213bf65d60bf4612b,no,yes,0.9999999989999999,0,2
learned_hands_consumer,majority,0,4,447,d1d3852aceaedd7f13c819c848f14ecc6dc897da4bfa78ed063ef32ce2ac63d1,no,no,0.9999999989999999,0,2
learned_hands_consumer,majority,0,3,448,04a31af43a0322d4e234770268a71818baa3b9f7193dc123c6ce1e4fb24f3e72,no,yes,0.9999999989999999,0,2
learned_hands_consumer,majority,0,3,449,a8e84a61c494345c5650ad8117693f333deabc9e041a3b4a22aa1d06393231ed,no,yes,0.9999999989999999,0,2
learned_hands_consumer,majority,0,2,450,0854abafaea9b69c2c49c5f64e9f3c95f596dea3588670571b1ed57b744f59a5,no,yes,0.9999999989999999,0,2
learned_hands_consumer,majority,0,1,451,9f25eaeb6f65236347aee880ca9534bfc163ad085b06fa72eeb67b405f5f1d62,no,no,0.9999999989999999,0,2
learned_hands_consumer,majority,0,4,452,cbfecefec8a53e69aa8f367aea02a4727b7ee5554da9e45a38e31f065cc3c169,no,no,0.9999999989999999,0,2
learned_hands_consumer,majority,0,3,453,bc4a406688a7b5efef17bfb1b4edbc67f35a63b3de8702b8068df824d666583b,no,yes,0.9999999989999999,0,2
learned_hands_consumer,majority,0,2,454,1c6dd5d561b55e7031e5f2adc0da0e9723f06c4b23e08e8904fc1e27c13cd9c6,no,yes,0.9999999989999999,0,2
learned_hands_consumer,majority,0,4,455,932d945f027160e21bfd51184d91d8727cfdf60e72226309e7516cc368fdc515,no,no,0.9999999989999999,0,2
learned_hands_consumer,majority,0,2,456,27da743642e6fe9e9f70f9ff5b3c8febcdf419aed6c38e5e67fa09294c9d6ab9,no,yes,0.9999999989999999,0,2
learned_hands_consumer,majority,0,0,457,74043fddd5dce444be8d653b1c6f225528ef532997c766cbce4e5c660ade622d,no,no,0.9999999989999999,0,2
learned_hands_consumer,majority,0,4,458,f417273fdbac343a73e3321b40e14d3eafed51eea5cb6c8b788b4ea1eb0afd8f,no,no,0.9999999989999999,0,2
learned_hands_consumer,majority,0,3,459,df68371ca953f13c782ca05591a597acc4b878650efb047c1d8da558f203219e,no,yes,0.9999999989999999,0,2
learned_hands_consumer,majority,0,4,460,5a1f2ce82b72f9c1266df09ac2c4d257aa3bee8f5b3972e0fc839db712595ca9,no,no,0.9999999989999999,0,2
learned_hands_consumer,majority,0,0,461,0b54969a9e57430db4a328e94f100a2c17ce2ecd53896ee28aa064697a2b1d8d,no,no,0.9999999989999999,0,2
learned_hands_consumer,majority,0,1,462,0bab903026b7c3c9333fbe20f96dcdd314852e6516b76ab0c53d206790eefac6,no,no,0.9999999989999999,0,2
learned_hands_consumer,majority,0,4,463,41fa77f140f955deec510a2825da39c611b3256f06db66f38fab47e7b78d20da,no,no,0.9999999989999999,0,2
learned_hands_consumer,majority,0,2,464,2425edeaa0bb4c18efdb8f3cf3549bd1e238423ef48243512eb592127b04ee0e,no,yes,0.9999999989999999,0,2
learned_hands_consumer,majority,0,1,465,987eae7153585e7a2a0d88ba16f6807b131129542c68eb9138781ebed69e8cc2,no,no,0.9999999989999999,0,2
learned_hands_consumer,majority,0,0,466,b24b2625eafa8e1b32b1e246012edbc8db39764b08f08c67c920f3b3350fe9ea,no,no,0.9999999989999999,0,2
learned_hands_consumer,majority,0,0,467,35b9bab2880db0b2d36d825afd233bf57bda9e5eef479a37b70a41a36c5a5879,no,no,0.9999999989999999,0,2
learned_hands_consumer,majority,0,2,468,6f958da8adbf8531a95cda9abd9c5210f97bffa964d37b7cb0442bcb31d14c37,no,yes,0.9999999989999999,0,2
learned_hands_consumer,majority,0,1,469,9e30b352d1c79225ed762c8ded34d155a8f1a9acb805c8f881ea24631aafaca6,no,no,0.9999999989999999,0,2
learned_hands_consumer,majority,0,2,470,6b2d81f7309dbbad5fd9af0af6a0d5e5c76e6ba2b87feadee3468b273edf16ad,no,yes,0.9999999989999999,0,2
learned_hands_consumer,majority,0,3,471,eaaf0b7320c280140ad331ea0601675c5fd7ff6a885286c80d46ea113a3cab17,no,yes,0.9999999989999999,0,2
learned_hands_consumer,majority,0,0,472,4e19f210464ca73a7f7a58cd3218cec482dee93c4f53abed18732ac581733e3c,no,no,0.9999999989999999,0,2
learned_hands_consumer,majority,0,2,473,4115fad9f9b83db5ecb78a9be61669ad1018516abc1227f075d62f7563f98f22,no,yes,0.9999999989999999,0,2
learned_hands_consumer,majority,0,1,474,f0cadb5492e0ec183a3a3ea7616ae472ae6eff8bbcd445c563fa7c23da261ca5,no,no,0.9999999989999999,0,2
learned_hands_consumer,majority,0,1,475,531a57b154dbd769d4108e15531d27140a960b9c18d233351c7d62f188b8f6f1,no,no,0.9999999989999999,0,2
learned_hands_consumer,majority,0,0,476,8fa4139dbe239bba25434909e55f2fa80c50269832bb68550d65299db5619836,no,no,0.9999999989999999,0,2
learned_hands_consumer,majority,0,0,477,9aec94ea158756c81b27ab95c8b331de3d51619d6ed22d22437d837182c56810,no,no,0.9999999989999999,0,2
learned_hands_consumer,majority,0,0,478,dc31283a842264461700a1d07d553bc3be03295a75df6770fa6c06015b16fc4d,no,no,0.9999999989999999,0,2
learned_hands_consumer,majority,0,2,479,d8bcfed355b99213c89ac1a9ff427c6c4b1ed05f140ef324e243fdff43ed062e,no,yes,0.9999999989999999,0,2
learned_hands_consumer,majority,0,3,480,01de597cf467f8e74cdcd5967327e64399908a15ce5348852dd9dd952a970715,no,yes,0.9999999989999999,0,2
learned_hands_consumer,majority,0,0,481,6d3f546cc7e65f909112f42a52f7c36c1144c6845909f5c0f68d093fbfcdd8fe,no,no,0.9999999989999999,0,2
learned_hands_consumer,majority,0,2,482,76ed3dfb2ec9e6a39f0bdd9bfc8057cdacba2af71015e9bdb02dc0313489169f,no,yes,0.9999999989999999,0,2
learned_hands_consumer,majority,0,1,483,931e120b8c3a8979cf4a37513bfbbf87c5b064b350a60733e2408dda7477646e,no,no,0.9999999989999999,0,2
learned_hands_consumer,majority,0,0,484,cecaae8addd481078cd53a5a69e5d8da4b6a98a516613269f4137b01782983d7,no,no,0.9999999989999999,0,2
learned_hands_consumer,majority,0,3,485,b07d2a4ff6a8dceaa18e35705a350c09b7e7f46cd67cf1e630b3cf325c46cc0f,no,yes,0.9999999989999999,0,2
learned_hands_consumer,majority,0,0,486,012a4657825e2d7e50ec63501a9322690acfd4226e288797e79c2df8d26962ba,no,no,0.9999999989999999,0,2
learned_hands_consumer,majority,0,2,487,20b699538b4fb5aba69b8c97153f171766a2c4674e8e33eac9eebb1206529fe5,no,yes,0.9999999989999999,0,2
learned_hands_consumer,majority,0,1,488,c837c365cb2af81ad03b9121ec3ef43ab40d330362b3b4a17acbdc6fe37d85d0,no,no,0.9999999989999999,0,2
learned_hands_consumer,majority,0,3,489,ed3eae30ccd079f9f129d55e81fae1839ca02ea3e96d61c56b1ccf55fe84687e,no,yes,0.9999999989999999,0,2
learned_hands_consumer,majority,0,3,490,18d65e6e4ac267b954fab721a8d2cabcf4346e461537cf69de5e72f51a7c5a79,no,yes,0.9999999989999999,0,2
learned_hands_consumer,majority,0,4,491,1de0c196d21d27621ca7c6e1b0386331881a85a41a05c700ff3c5d698d48eaae,no,no,0.9999999989999999,0,2
learned_hands_consumer,majority,0,0,492,daaaa7023a2b99c5064d440cbb801b79c0f04aca364a814e84dc1c4dfc3865d0,no,no,0.9999999989999999,0,2
learned_hands_consumer,majority,0,0,493,ba5d6e2c09e4d63bb1beb689879578b510654791dece0cda170619655fbe60bd,no,no,0.9999999989999999,0,2
learned_hands_consumer,majority,0,0,494,0769d7b7837170d8be575bfc0f6247cb8aa473af2eea89363f68c41a10d2c7e0,no,no,0.9999999989999999,0,2
learned_hands_consumer,majority,0,4,495,cc8b2d0978320bbe51dc5e4b1de74ef4b9b277de2e23e12d234df5eb07e460e7,no,no,0.9999999989999999,0,2
learned_hands_consumer,majority,0,1,496,e613741978772ff2af35a8e2703f6574aa51e0f59b958d0ac40bd784a691696c,no,no,0.9999999989999999,0,2
learned_hands_consumer,majority,0,1,497,30fc1431cc1bd1aa3cf2160a194f94ab74b259ec3b1a245d9a44d4c7cd36702f,no,no,0.9999999989999999,0,2
learned_hands_consumer,majority,0,4,498,3e84f9a77980c8201610e1fcd383fac5825e27ba6d5747b53d07a15d820d1826,no,no,0.9999999989999999,0,2
learned_hands_consumer,majority,0,1,499,45f440261959716e956eeb1411ef4686bed9e9775d8fda7f31816a338fa7aa25,no,no,0.9999999989999999,0,2
learned_hands_consumer,majority,0,0,500,3369d09eaa0b33274bebd84d0cf53afc9ebc6dd6dbc8f7ea6cdc98d71324c90b,no,no,0.9999999989999999,0,2
learned_hands_consumer,majority,0,0,501,310cdecdcb36d755a158b4b234f965e433bc5d653ce95ec34814c492542b6e9d,no,no,0.9999999989999999,0,2
learned_hands_consumer,majority,0,4,502,3f4cf00bdfec2adfe98cd9ed014b1bda2da6b65d534ee0ae60f5a1f4cc7d8bed,no,no,0.9999999989999999,0,2
learned_hands_consumer,majority,0,2,503,bb5add493ea70afa2c752943a32010d534375afbf274f76364f5fd08c8551486,no,yes,0.9999999989999999,0,2
learned_hands_consumer,majority,0,2,504,04a671661b4a945504156fd0073b7bf79e85f7d32382c0d0180634ee46e850af,no,yes,0.9999999989999999,0,2
learned_hands_consumer,majority,0,1,505,fd1fe8184fbcfa582a0b2176a6b8d3a33eb68e84c3e941c4565a70212f082b27,no,no,0.9999999989999999,0,2
learned_hands_consumer,majority,0,3,506,231ee3f5f275519cba825473068fc96cf01d3913b5d14fb747b2bda5abc8ab6f,no,yes,0.9999999989999999,0,2
learned_hands_consumer,majority,0,1,507,6739991faf5aa8fa1e6c64dd6d08390a1287fc09742cac2994b33432d5338df2,no,no,0.9999999989999999,0,2
learned_hands_consumer,majority,0,1,508,37ec98dd44986f754e0baa73863d4c9210b359d2ba344ae645cbc8abb39da92f,no,no,0.9999999989999999,0,2
learned_hands_consumer,majority,0,0,509,b49a2505659c683cb11a3df13847ac8045a46adfd8192d2c76391a8803a1f4c8,no,no,0.9999999989999999,0,2
learned_hands_consumer,majority,0,4,510,a8217fa585bcf051c42ce021792455104c0b30538cee9d1851b1d4287e25e0f1,no,no,0.9999999989999999,0,2
learned_hands_consumer,majority,0,2,511,e9985a996c1b2327f2216eff3e962fc84a378f193e0d95ba12e5529bf99d15a9,no,yes,0.9999999989999999,0,2
learned_hands_consumer,majority,0,3,512,df1f494b116ab1943fdfa5b41fa750c836fe604c800651280911f0dc4580a3f8,no,yes,0.9999999989999999,0,2
learned_hands_consumer,majority,0,1,513,be04d6d56aebd1e9f64044842226e835ae6154a25190109a1e2e0693bee8e9c3,no,no,0.9999999989999999,0,2
learned_hands_consumer,majority,0,1,514,da3a06f0dd47af3a2b4ad51ae4de160a3f203e163224d6995c3218e0611096d0,no,no,0.9999999989999999,0,2
learned_hands_consumer,majority,0,3,515,5c56a2375937744f352e8a6ee8be863d82c01648dadf59d6e0540e4d4cd3aa63,no,yes,0.9999999989999999,0,2
learned_hands_consumer,majority,0,4,516,77ff7a6cc1e79bc95cfd0df1cf2351b19e130cc482374a04d5967c1a85d54773,no,no,0.9999999989999999,0,2
learned_hands_consumer,majority,0,0,517,4a00c73ae7c6524fa4c17e987d72c3f6fa272236cacd79ed166db4d45eebb2aa,no,no,0.9999999989999999,0,2
learned_hands_consumer,majority,0,3,518,57d7010f1071da7d8e1852e639021c19ce4b58849818194549f19da7d793ed5c,no,yes,0.9999999989999999,0,2
learned_hands_consumer,majority,0,1,519,b0346537dd7db9e6927d457dddb797ca2160ccc494e76289b9cefcedf036ceb3,no,no,0.9999999989999999,0,2
learned_hands_consumer,majority,0,0,520,c2be9f06745a8c52db0133bd1fd943903f7fbaa625b0d3d34c2fce9d0ae875e0,no,no,0.9999999989999999,0,2
learned_hands_consumer,majority,0,0,521,75d05aaa2c22410aa8b7fffcafce5468bcd99117194cefbea4e1ac86f5f351f4,no,no,0.9999999989999999,0,2
learned_hands_consumer,majority,0,0,522,db05d6507e5e3fa1d10142d3d8a1447182ad4bbba3e4a8370275f7fa482603f1,no,no,0.9999999989999999,0,2
learned_hands_consumer,majority,0,1,523,0cd164612e455d558e41fa9eeac7cdf9afda934ca9be5ff6ca58723a0d4f1a00,no,no,0.9999999989999999,0,2
learned_hands_consumer,majority,0,0,524,64748ff82f5a0b3935c4b036e55eaa3dedc4952ea2df451bb4489eeb560981ca,no,no,0.9999999989999999,0,2
learned_hands_consumer,majority,0,4,525,b84cafbdf8906d4952f89b6677c260f193b288cde9bd9a044da00429a5c1788c,no,no,0.9999999989999999,0,2
learned_hands_consumer,majority,0,4,526,c2c2b5dbf3e12a911a20a8938927cbc7333ac84a79c8659cefb4366be01ff7c4,no,no,0.9999999989999999,0,2
learned_hands_consumer,majority,0,3,527,60c6f915b166a49f3d467e29663aefd916fdb4febc3aed6e9f86dc861d89cdb0,no,yes,0.9999999989999999,0,2
learned_hands_consumer,majority,0,3,528,5b8d9992b62967320c49f0330151d6b9b87e86c8b4abbfb6622903ab97a5142b,no,yes,0.9999999989999999,0,2
learned_hands_consumer,majority,0,1,529,57d3ccebff848e81befa244f69489b9a171ab42168f6bbc6325439c85b7b0df5,no,no,0.9999999989999999,0,2
learned_hands_consumer,majority,0,2,530,dcc018d1aaf56509688079bc8783b9b23e0de1b677409b02d41284d2fca9040c,no,yes,0.9999999989999999,0,2
learned_hands_consumer,majority,0,4,531,4d5492ff6e79ebaf69bd06ebbeabe63809050a927815a156c8a8972229eba0ba,no,no,0.9999999989999999,0,2
learned_hands_consumer,majority,0,2,532,ca3ecf1c1ef162d48d1f7e17896f1037dde115892608733e846ec86140631f89,no,yes,0.9999999989999999,0,2
learned_hands_consumer,majority,0,1,533,0305a9b842d8022160096d7a46730fab12122cf58393b7bcfe6ad6852162bdcb,no,no,0.9999999989999999,0,2
learned_hands_consumer,majority,0,2,534,3d57a7bd684e91a426d743d44a7a8feae1ccc11b7320dc7c64cdfff7f5651caf,no,yes,0.9999999989999999,0,2
learned_hands_consumer,majority,0,1,535,f5d5f15ce9ba190a7120001abc42f1cf21e20e7f2a019fd07a91090882dbd6f6,no,no,0.9999999989999999,0,2
learned_hands_consumer,majority,0,3,536,903fd0d792e220feea54ad37c84686d6e6b8e59535fa16d13bc36658f1fc28c8,no,yes,0.9999999989999999,0,2
learned_hands_consumer,majority,0,4,537,9d9b4526cbe24d2a6f2890adb86aace884014a95851e78352d3f4ff1cdcc50dc,no,no,0.9999999989999999,0,2
learned_hands_consumer,majority,0,0,538,30a2b5df9ae4ed2e010f7c2d068372ace7e2577350940484bb48430ae9ea7278,no,no,0.9999999989999999,0,2
learned_hands_consumer,majority,0,4,539,14dd48f8f89acc71cb973a464b51478fbbeeac5361ae069ccdf18c010692573b,no,no,0.9999999989999999,0,2
learned_hands_consumer,majority,0,2,540,60cec153bbc5f214e7135f4d89ed8528e27743234f4739a1eb92e34f1ff44d86,no,yes,0.9999999989999999,0,2
learned_hands_consumer,majority,0,0,541,5588471057013e09e22216f158d5fbdc584f612606d94687c13be4b2e55f5896,no,no,0.9999999989999999,0,2
learned_hands_consumer,majority,0,0,542,dc192552b483d0ac3a6d1651b8e21b40837a9426816d9e3f64498e131d76e734,no,no,0.9999999989999999,0,2
learned_hands_consumer,majority,0,2,543,f1f6e92601fdf06f7ca1a57e7556c20884dc45c096f396b9e825f5e32c0f7a59,no,yes,0.9999999989999999,0,2
learned_hands_consumer,majority,0,2,544,3c76189ba90d25579e258776ba63c3c30d8b7d53a978703cf331ee251b4e5890,no,yes,0.9999999989999999,0,2
learned_hands_consumer,majority,0,3,545,43a6bc4480553f9b0a214f75f6d48c8e8ce7abc4b7be882e01a9e9df8108a1b0,no,yes,0.9999999989999999,0,2
learned_hands_consumer,majority,0,1,546,3da37e63dffad75b2ee9a58d491a68e212af0b7d71ac858045a8657165bfadd2,no,no,0.9999999989999999,0,2
learned_hands_consumer,majority,0,1,547,58137e64ac41ed8e7e81d207383d87b5226b5658728837915a21ffd225d0754b,no,no,0.9999999989999999,0,2
learned_hands_consumer,majority,0,1,548,c9760c7df4fc3eb826bfb31e080137911ab35ae7f2295614373536be38ff7a63,no,no,0.9999999989999999,0,2
learned_hands_consumer,majority,0,2,549,f68d2b36b0aa1fe05ff7cfefd1bef8b411b59bfd2547573231a9358ce4a847af,no,yes,0.9999999989999999,0,2
learned_hands_consumer,majority,0,3,550,9d038dd0243eecf6b7473c2626d4e82af31cbb7798372022403db2c53aac85c4,no,yes,0.9999999989999999,0,2
learned_hands_consumer,majority,0,4,551,1f966f4c818ddbda27cb669513c943ee46d73d5252c0de4770bae3e0b1407c6b,no,no,0.9999999989999999,0,2
learned_hands_consumer,majority,0,2,552,47f5ff1d7bfe7621611a502c23a7ceff9d308e2a1dabd5f29755fb341ed42da2,no,yes,0.9999999989999999,0,2
learned_hands_consumer,majority,0,4,553,d4edcad2012a13062a63322c80d9dda6748d539f3ccc68a8ca8515cbf779e532,no,no,0.9999999989999999,0,2
learned_hands_consumer,majority,0,3,554,ba2d5b4602e83fd349fad98b24b38a99bfe1443da99a67d27ba98c8d58a7b182,no,yes,0.9999999989999999,0,2
learned_hands_consumer,majority,0,2,555,a6dd6a0f17139acfd501f939d766455a6f082f486b04d50843f5897c950f5a6b,no,yes,0.9999999989999999,0,2
learned_hands_consumer,majority,0,3,556,a1ec095ee15753680fa1dcc2cbce2e048c960c54a4c671af2b889ff01c2a78b1,no,yes,0.9999999989999999,0,2
learned_hands_consumer,majority,0,2,557,f50ac2f7ee90df358f730bee0cc541912730af6dc27f334b51ce011788751780,no,yes,0.9999999989999999,0,2
learned_hands_consumer,majority,0,1,558,6dbf7b018c755e5418a5bb8020c0e3e0b3b6c2802141270907880a6f7cf37e03,no,no,0.9999999989999999,0,2
learned_hands_consumer,majority,0,4,559,8028cfbd1a2e6305634a58811aaf0ab86462c0aba3c14fb71b4e2d5c466e76ed,no,no,0.9999999989999999,0,2
learned_hands_consumer,majority,0,3,560,9a51675376b7b3914122130018ee7839fc678cd936b6b9ab2de64d3095595d93,no,yes,0.9999999989999999,0,2
learned_hands_consumer,majority,0,4,561,46db7874bb17bd0bfc4da9f20d511677c89d9d72e7616f5d2fea321d16a4d2c8,no,no,0.9999999989999999,0,2
learned_hands_consumer,majority,0,4,562,703e4efa32ffec639b9f5832aba111107a1d6a46aa78b9f0bcbf55786e115a58,no,no,0.9999999989999999,0,2
learned_hands_consumer,majority,0,0,563,7deec0af5174e4beb0d092237b7a51ba2fdd2750e9d0d6b70fc7c0a7dd3274b5,no,no,0.9999999989999999,0,2
learned_hands_consumer,majority,0,2,564,9f89ce31649f5aadaf8602b1ec128212bc82f53bdd4b070be2656d39389bfd3a,no,yes,0.9999999989999999,0,2
learned_hands_consumer,majority,0,4,565,52c676261b9c0ec1700eb1af704f89bafe5d3cc2fcde6e3e53ec8d62cdd6d2a4,no,no,0.9999999989999999,0,2
learned_hands_consumer,majority,0,4,566,46c570bb238fa00c335738e90e9894fd264ea59da9a43983805ace67cda3babd,no,no,0.9999999989999999,0,2
learned_hands_consumer,majority,0,3,567,0cce10f57330f13a1fa4583d7fcbaea0ea54631244d26f8a6d66cacba2bc5e86,no,yes,0.9999999989999999,0,2
learned_hands_consumer,majority,0,0,568,23d530283c7fa6d23eb17ed2448ff4204346f82e1ff6bba839e171c25a835f45,no,no,0.9999999989999999,0,2
learned_hands_consumer,majority,0,3,569,1c260489f250e26aa71f0f67af2d93564ae951b62570cc33391ef77909e9ff99,no,yes,0.9999999989999999,0,2
learned_hands_consumer,majority,0,1,570,a069da037392da85deec01ab7ac053f17bb4d2f8fef4cefb41ffe8b522d078f9,no,no,0.9999999989999999,0,2
learned_hands_consumer,majority,0,1,571,524bb5bf6132a668b140a529e1e06fd9231839d3f515499d615f2e3cbc7aed03,no,no,0.9999999989999999,0,2
learned_hands_consumer,majority,0,4,572,698a24f5972ce2399e34b386818b23e9f4e394b92851cbbbd6edb8b88c1afd5b,no,no,0.9999999989999999,0,2
learned_hands_consumer,majority,0,2,573,49f564d4ddfce6dfcee859f3e9357c9ab50ff9c0235c7f8261f86942a80bdb88,no,yes,0.9999999989999999,0,2
learned_hands_consumer,majority,0,1,574,3ac0c82ca7beef115b86522a5f5f46bd39ba3538af171995361348eafd9b9e20,no,no,0.9999999989999999,0,2
learned_hands_consumer,majority,0,0,575,867d8d7d603b8ba49fd2224d4e9a4e31af79cb37a9eadbd99a914e0587a6e215,no,no,0.9999999989999999,0,2
learned_hands_consumer,majority,0,0,576,85d2a625103432a6e270c523b2b82873753c1aadea3a856047d52d54f77d7fec,no,no,0.9999999989999999,0,2
learned_hands_consumer,majority,0,3,577,710dc3cc876b848944aa42d1a09e59b9090754a8d9bd4a8ec6a95c1d915c9b4a,no,yes,0.9999999989999999,0,2
learned_hands_consumer,majority,0,3,578,085d8a8bf0abb16a3a525ab8ae49de081115d9b133ea5c0286dcc920fa1332ce,no,yes,0.9999999989999999,0,2
learned_hands_consumer,majority,0,3,579,b22ac3b6da6efba6a1c054601441ac802d6282b2f6c93b97b3f41378a9f9df7c,no,yes,0.9999999989999999,0,2
learned_hands_consumer,majority,0,3,580,a0a8970a8f7abab6606c6c0dc4e4ed89f48960d36710902cbf788bcae8d59835,no,yes,0.9999999989999999,0,2
learned_hands_consumer,majority,0,4,581,c830685ae56b6f1b2910c6ab5de01bdcf3e93705d4ae3850481e9ae6a7ec59c8,no,no,0.9999999989999999,0,2
learned_hands_consumer,majority,0,4,582,a2b8614a6474da04bbec6a1b3421b6c93d315cc44e8958073d1b9652801f4710,no,no,0.9999999989999999,0,2
learned_hands_consumer,majority,0,4,583,2fd3a1b7a973326e591034aa7863f5b09e42e05bb1e3f9d6cc311428d449d4f4,no,no,0.9999999989999999,0,2
learned_hands_consumer,majority,0,3,584,f221ac70290bacf70893417c277b4fb7396aa9262713ef18f437e8c1e5da3bcf,no,yes,0.9999999989999999,0,2
learned_hands_consumer,majority,0,0,585,a1f95e95ed3bf1df04e2d7306db27c5cd135ef9ea77def78c12cf2c81619e8c3,no,no,0.9999999989999999,0,2
learned_hands_consumer,majority,0,2,586,2ce709e73ee4451d404c5cdc00ea37833fee0b356b8f16d76ff2479b2cbd353b,no,yes,0.9999999989999999,0,2
learned_hands_consumer,majority,0,1,587,618c4d63aaf62f407f26f35d636080cc1e0a032d82f4d1e04c0fb1cf65048718,no,no,0.9999999989999999,0,2
learned_hands_consumer,majority,0,2,588,4f6bc5578f8ddb17d988262058901424533577bd28369751a61118a761761e91,no,yes,0.9999999989999999,0,2
learned_hands_consumer,majority,0,0,589,a9192bcdf65d01e592abf6f0b177a9853ed1c4a2b0ee8742dab11341eaee29d1,no,no,0.9999999989999999,0,2
learned_hands_consumer,majority,0,1,590,067cce98506849a73d82e859c38940708382620ea642806d23cbb8de5187231e,no,no,0.9999999989999999,0,2
learned_hands_consumer,majority,0,3,591,b576cd2ec8f9c40c2bb0abe987f064c2f9f1c25f94d4565ddd83377473d48859,no,yes,0.9999999989999999,0,2
learned_hands_consumer,majority,0,2,592,5913bc49040be5c85504a852ac0a112f8e7e340d2c39fb67d7067ee3450e5e13,no,yes,0.9999999989999999,0,2
learned_hands_consumer,majority,0,4,593,a25e7edfa72a41526ddc2db76023d27c2db12a24984d2e5a716da973b523f27e,no,no,0.9999999989999999,0,2
learned_hands_consumer,majority,0,3,594,d10b6556e2004b51129b987f5c4531830e2b0822cf2d7017e10a5414707669d9,no,yes,0.9999999989999999,0,2
learned_hands_consumer,majority,0,0,595,d6d5572c752218b14019ec07e189728c9b3ddb8d34c3d70488fe782cc31aa988,no,no,0.9999999989999999,0,2
learned_hands_consumer,majority,0,1,596,07573b273be6697368d57299de8abf31240b9402c15219c81c2ee8f9a7f2aa62,no,no,0.9999999989999999,0,2
learned_hands_consumer,majority,0,3,597,6dc6cf31b2c1894f7bcfb26a493a4e5756971e007f5e7be26036cf50c17d7eb4,no,yes,0.9999999989999999,0,2
learned_hands_consumer,majority,0,0,598,7aa6dcf85749745744d1eb12d07f65d4b80960c401365645658ffdacc98c266a,no,no,0.9999999989999999,0,2
learned_hands_consumer,majority,0,0,599,5d91de0107b67446aed45672dcfdef4f58baf8f1c037cbe894d9bb1e9578101b,no,no,0.9999999989999999,0,2
learned_hands_consumer,majority,0,3,600,684294f8c7abfb0278d36770f016d23248fd859f28c36cd2400da167f3b2b1ee,no,yes,0.9999999989999999,0,2
learned_hands_consumer,majority,0,3,601,241cef5b8e4490252fa54625f6d6db8138d2f2b6887914926c4714fe63225592,no,yes,0.9999999989999999,0,2
learned_hands_consumer,majority,0,1,602,264bdc1770e2864da6160b2fb689ad40913ffdda9bc24da7cd4f73e375da64a9,no,no,0.9999999989999999,0,2
learned_hands_consumer,majority,0,4,603,8b25bda48a03414701e65d70dfe129b08d8a1fffbfd6d253c4f8eab80b8e7ef4,no,no,0.9999999989999999,0,2
learned_hands_consumer,majority,0,3,604,a98c95b8dc90508ce61bca07aac73b3000d782c3e8bdb2d8094fa8851213e843,no,yes,0.9999999989999999,0,2
learned_hands_consumer,majority,0,4,605,2e2dab0aa3f72da243e332c4316fe221543965532bf45ff04017e1820a01ffa5,no,no,0.9999999989999999,0,2
learned_hands_consumer,majority,0,0,606,f898c42315c66b3c1b4818313a33706910ac2498fef748ca5f12df32ed4ea670,no,no,0.9999999989999999,0,2
learned_hands_consumer,majority,0,0,607,edf5ecdbda4cb86f3f4fd1969bf42ba5a7eededc822406ff5bcdbad487d0ebc0,no,no,0.9999999989999999,0,2
learned_hands_consumer,majority,0,2,608,41d5caaade46df5dd642cfcc5a1c383a53ea033ab68bf9753d941c8fa472857d,no,yes,0.9999999989999999,0,2
learned_hands_consumer,majority,0,3,609,20cf2204cfad79c36173c2020ce3d9d1d7bfe049a4659016961fb1f7d34524d8,no,yes,0.9999999989999999,0,2
learned_hands_consumer,majority,0,0,610,0970bb84fe7a7ae10755b3ff8e069375c894baa731baadab88c5b85d95df1cc1,no,no,0.9999999989999999,0,2
learned_hands_consumer,majority,0,2,611,53722369d56a509c380ff23472de54953b911d83728e74087c7864d9bf6c5d11,no,yes,0.9999999989999999,0,2
learned_hands_consumer,majority,0,1,612,dc4a5fdc229e8eb8b4651e9829068c4a686c371d36c72e2ff9486195b6f27065,no,no,0.9999999989999999,0,2
learned_hands_consumer,majority,0,2,613,1b06f4f278599f2a5f0149ed64529530669a8a3934e0d4e09cf02e4eb40c20b2,no,yes,0.9999999989999999,0,2
learned_hands_consumer,majority,1,2,0,a379a87ff3cdf868abd2168b8f7f1448c858c1c0293a0324128a1f9795c2495c,yes,yes,0.9999999989999999,0,2
learned_hands_consumer,majority,1,3,1,191f0937cb2c89fc2ee6de2cf962022796a21348bccce723e58dff5138f4aa85,yes,yes,0.9999999989999999,0,2
learned_hands_consumer,majority,1,3,2,23e415128308be018936edfbe782216c59135a5373afcc67391ab30b99e4fab4,yes,yes,0.9999999989999999,0,2
learned_hands_consumer,majority,1,0,3,d020ae25740133b72d326d57b58504372281f70e6def4d5a95655465a0e91468,yes,no,0.9999999989999999,0,2
learned_hands_consumer,majority,1,1,4,7505269b5e689b850bf04d86c3aee556710bf7ed7473e80bb32cbf4ef909b78b,yes,no,0.9999999989999999,0,2
learned_hands_consumer,majority,1,3,5,ebbf5dce638a03352aa5ce9e76ea526855fc19fe426785e9d74da0b972447b56,yes,yes,0.9999999989999999,0,2
learned_hands_consumer,majority,1,2,6,3682fd0cb52ef152a5e499e4441ac3d86a735973de9e3062a809fc58d80f083a,yes,yes,0.9999999989999999,0,2
learned_hands_consumer,majority,1,0,7,a1352482ea4516a24b594ccbf2ed311516cde0785a8edf4e41b8b20657074dd8,yes,no,0.9999999989999999,0,2
learned_hands_consumer,majority,1,4,8,5655b74e200dc643bf62729b26c6760f786b1d110abd671cd8122c5d567f2846,yes,no,0.9999999989999999,0,2
learned_hands_consumer,majority,1,0,9,30f3878dfeeec4bffed1d8ed0fd2feaa3165fc8790712d0e6c993ba632a91571,yes,no,0.9999999989999999,0,2
learned_hands_consumer,majority,1,0,10,ff770b8fb5998da87b58b103e84a37ec674949fd2d8708f87b7aa392185f98be,yes,no,0.9999999989999999,0,2
learned_hands_consumer,majority,1,2,11,025030168186d6dca4ceeb0def0c282fcd27d1c293abe1a0d6f41c0ae9ae34dc,yes,yes,0.9999999989999999,0,2
learned_hands_consumer,majority,1,1,12,241960fe59164730ab7f2221e78ff75ddf5d07ef6b0c664c078d091bc787b69c,yes,no,0.9999999989999999,0,2
learned_hands_consumer,majority,1,3,13,ce32ef1dbe79dfac3d0eec018d4e7404296ad6ab06b519aef7132243fecc9c2e,yes,yes,0.9999999989999999,0,2
learned_hands_consumer,majority,1,0,14,3a9f35dbcf5d11d5980a668dd0ac8a317654d4e4f8ee28518fa931a589f5ed3d,yes,no,0.9999999989999999,0,2
learned_hands_consumer,majority,1,4,15,62ffb1bca214412111ca15a5cb79aed8c39b77ae8e4a9734a85ca66376cdf151,yes,no,0.9999999989999999,0,2
learned_hands_consumer,majority,1,1,16,74157c44430c0b4b913dbef04b5bcc2e60d6786f1fce50cbd1fb74740cbfcbea,yes,no,0.9999999989999999,0,2
learned_hands_consumer,majority,1,3,17,2dcefce119cd3d52ce0b2dd55dba49a2d705592c989511a60ca5ff2fa62bd783,yes,yes,0.9999999989999999,0,2
learned_hands_consumer,majority,1,1,18,e4b36f1dffe74a33bc589ff139dca6b75d8c5d7bd1414fcbe7ff483736a80e24,yes,no,0.9999999989999999,0,2
learned_hands_consumer,majority,1,4,19,eaecc316a32deb54a2e35ad55d5930bded5cb828eee671ec1a4d6c298e93f0ea,yes,no,0.9999999989999999,0,2
learned_hands_consumer,majority,1,1,20,ed6f10e3e2d4af3a7f61f4ac8ca3c539ade9d2b7250defd67063ea3a59ec18c9,yes,no,0.9999999989999999,0,2
learned_hands_consumer,majority,1,0,21,8770b696e9d75ce623853da32ab9c2fc409af163cb781c02986c01c726cb8581,yes,no,0.9999999989999999,0,2
learned_hands_consumer,majority,1,0,22,5f6fe96a0c85f05ef1bd1209d12d8a5da80ec0b8df76281b71b291bb0bfe1477,yes,no,0.9999999989999999,0,2
learned_hands_consumer,majority,1,4,23,db86e2ed5ca09bd43e5c1153206c84ac6670851f84c6f0c29b6ccd1eb0deb1e7,yes,no,0.9999999989999999,0,2
learned_hands_consumer,majority,1,3,24,f544e710a36c5f8952ea27c89f4b8d456410ad33abcdeff8bb5ab956f30c76bc,yes,yes,0.9999999989999999,0,2
learned_hands_consumer,majority,1,0,25,ffe0635de5f1a7973b85a3b70ea8e03cb5b1567c2d2995c39b15468f910920d7,yes,no,0.9999999989999999,0,2
learned_hands_consumer,majority,1,2,26,1c5d518541a4c3c72210f1d1640f265a1ed467b09e8fd9920e0ced3c2a2e237f,yes,yes,0.9999999989999999,0,2
learned_hands_consumer,majority,1,2,27,847d90720ffa65caeed18bca722c31a7e6ad6690535571373c7cf5484024b4f1,yes,yes,0.9999999989999999,0,2
learned_hands_consumer,majority,1,2,28,826850ee19189639a241888830f2095a605677489c15835a9633e2a0b1ac6a64,yes,yes,0.9999999989999999,0,2
learned_hands_consumer,majority,1,0,29,8bf45813b8f64152745c4302a8fe3d28ad3a521ce8400337d150f52d7679c073,yes,no,0.9999999989999999,0,2
learned_hands_consumer,majority,1,4,30,eab22a84a1d27762ebd956ab7c150792e31d45b69c081b1042ce94bb9f5db787,yes,no,0.9999999989999999,0,2
learned_hands_consumer,majority,1,0,31,0d9289d67324c71b1a8459504ea7ea7d8593bc88c6baad910d98ae12b894b961,yes,no,0.9999999989999999,0,2
learned_hands_consumer,majority,1,4,32,28de51fe26d760b562f7dd240c576dd29c1dcd24a3821f27045c03e1695ce0c4,yes,no,0.9999999989999999,0,2
learned_hands_consumer,majority,1,2,33,6ce4033081e30de899b1011a4c082e82532b4c8f2afae23aed1a9b31dfb4eadb,yes,yes,0.9999999989999999,0,2
learned_hands_consumer,majority,1,4,34,fe949d0e8bb0a6f67a12ee28fec1d49ebc38d613057ddbd9e9742ce374e5a92a,yes,no,0.9999999989999999,0,2
learned_hands_consumer,majority,1,1,35,c207ce030682bc8ba0e7590a8ef0dd99c16b1b16665aebc82ab525877c2593a3,yes,no,0.9999999989999999,0,2
learned_hands_consumer,majority,1,3,36,8ee486f22362d8e55009981db61b71a034a94793fc615ef6c369c92e25d8621a,yes,yes,0.9999999989999999,0,2
learned_hands_consumer,majority,1,0,37,bf327cac5ea3a5c8ae4b1fa4c6aa053fb3e0494255dfad320226fae0a94b91af,yes,no,0.9999999989999999,0,2
learned_hands_consumer,majority,1,1,38,d5599f345f2efcc9997c702cf325c78c55c774947409f903377c2d84a3c8bc07,yes,no,0.9999999989999999,0,2
learned_hands_consumer,majority,1,0,39,574fc09c7649af91d62597783fce341ddacfa64d9567f02c1c1d30d6a45410d3,yes,no,0.9999999989999999,0,2
learned_hands_consumer,majority,1,2,40,46fe2b35c88c955d03ff315dfce3bb7c880b33d4409029f9ff6042df0194686a,yes,yes,0.9999999989999999,0,2
learned_hands_consumer,majority,1,4,41,f5d2007ecaaceed6f700b3e50cfa67215480af67ec2a87afea71cf1279ebec05,yes,no,0.9999999989999999,0,2
learned_hands_consumer,majority,1,2,42,01f1c668540d25f929d2e86cf0c94ebff90e0049c2f9c72bd85b0e900e0d7495,yes,yes,0.9999999989999999,0,2
learned_hands_consumer,majority,1,4,43,1d86013431ea866bb8f9c95e610c8a4080348f326588f325da4a18706ada5429,yes,no,0.9999999989999999,0,2
learned_hands_consumer,majority,1,2,44,bb18ab83285db7bc8dcf60f8a3ce1cdf2bd7debb099b953f662ddb9f8b38c2a7,yes,yes,0.9999999989999999,0,2
learned_hands_consumer,majority,1,0,45,16a3215ae403198891fd8dc9a2a417f75f8728d8e7141fcfef231668fdb5ab3d,yes,no,0.9999999989999999,0,2
learned_hands_consumer,majority,1,1,46,4439bed3fc41d7b9c8ab09ef918fda1428dd5d823121216ce107959cb0dd4294,yes,no,0.9999999989999999,0,2
learned_hands_consumer,majority,1,4,47,0b3c04d83b29cbb3a2e22807f4dae94c87c8f2b395036f54911c5754a4c47017,yes,no,0.9999999989999999,0,2
learned_hands_consumer,majority,1,4,48,22a293b5746bac59ac00ea57d239b6ac359d9156a1ec0715abd762c84fede43d,yes,no,0.9999999989999999,0,2
learned_hands_consumer,majority,1,1,49,c4c2bad785e53ccb9b321d2c63b8faff89f92b5a2cdcf0736b057e7e8e719879,yes,no,0.9999999989999999,0,2
learned_hands_consumer,majority,1,4,50,014d339ae8d5fa4f98805d09f90eeeceed4b7762a40914f0ab3d4313182186bc,yes,no,0.9999999989999999,0,2
learned_hands_consumer,majority,1,4,51,e7c14e7458d8da99796ba9c88de59853c6a65ab37d90d24358671b503b06100a,yes,no,0.9999999989999999,0,2
learned_hands_consumer,majority,1,4,52,fc726439af49d4188b72ee0e9adc0c39a6dd739d7612fcaa8485f57a5706e876,yes,no,0.9999999989999999,0,2
learned_hands_consumer,majority,1,3,53,eec25d963cdf3c5408e24c25c1ec3ce4c8b7063821931ad7747c587b4dd8f3ed,yes,yes,0.9999999989999999,0,2
learned_hands_consumer,majority,1,2,54,dcae1fbe99948ce3f328592769d0490ed52f89cb9a04fb61ed7eb8f822e0ef89,yes,yes,0.9999999989999999,0,2
learned_hands_consumer,majority,1,0,55,ec7dbe0d74d55de6c88312082e78da6a9a98966b97acf9fa7c9d9202b2fcbe6d,yes,no,0.9999999989999999,0,2
learned_hands_consumer,majority,1,1,56,d8912fee3a18d2f57b6bb3a91a58414523442ec0294398e0adbd9fa8b241b33b,yes,no,0.9999999989999999,0,2
learned_hands_consumer,majority,1,4,57,f87c51747534d2868b590819e8df1acd5dbdbe3015ba30f49aa700ccfaff8b97,yes,no,0.9999999989999999,0,2
learned_hands_consumer,majority,1,4,58,aaf2efb2b98403731588f69a234f9628c7cf0a6e41dc5e4d493bf3cc98491abd,yes,no,0.9999999989999999,0,2
learned_hands_consumer,majority,1,2,59,8401deb1d2cdca16e4beb605dc74617b796161236d4fabf6b119671c60390e46,yes,yes,0.9999999989999999,0,2
learned_hands_consumer,majority,1,4,60,0141cccd8167fda3a53db3bc8a9c9de38ab73039aee125ca5d456f83efb3f060,yes,no,0.9999999989999999,0,2
learned_hands_consumer,majority,1,4,61,9539303909111ff48458f893819b6c4d82471c51d35262c48791eb4281d5a6fc,yes,no,0.9999999989999999,0,2
learned_hands_consumer,majority,1,3,62,0d9042d456d2e30348acf77b2105fef878d17d0c8ce75d13775d81f13023733b,yes,yes,0.9999999989999999,0,2
learned_hands_consumer,majority,1,1,63,d351e0b84bda59ef89f0bf473a631f614d498349dffaab3bb47d4611faad2257,yes,no,0.9999999989999999,0,2
learned_hands_consumer,majority,1,1,64,087225dc844ed506b918ed1ed8cb4919b62e15999a35bc72ef5f3e438535329d,yes,no,0.9999999989999999,0,2
learned_hands_consumer,majority,1,1,65,8cc2e66174e528599835446e6f69bf213ec59da343e4da74a215a2d7e47df358,yes,no,0.9999999989999999,0,2
learned_hands_consumer,majority,1,1,66,10c9dca4735480772f9fa371b9c9695f8d7449b8c64df6abd309125cc20b2e6a,yes,no,0.9999999989999999,0,2
learned_hands_consumer,majority,1,4,67,4e9fb39ce82c9a0c8db9edda73b0a08dbe1fee6bde6735bb0599991149c9cceb,yes,no,0.9999999989999999,0,2
learned_hands_consumer,majority,1,1,68,6a7e6c881869b757c8e7d36f73f227b987ce5b3ad9363a56d200edfa24ffcded,yes,no,0.9999999989999999,0,2
learned_hands_consumer,majority,1,0,69,7599dea223674f198ca8bd7b449a8b363e958ee58ead42c5f7026c558eac1915,yes,no,0.9999999989999999,0,2
learned_hands_consumer,majority,1,1,70,7f224054d39f18cdd6646ad519ae236db20d9acc51e2a2366bf146920bbd208f,yes,no,0.9999999989999999,0,2
learned_hands_consumer,majority,1,1,71,96ea4d954d1b6446c71d74a769dd614b7dcf83261e50056d6e62e7ca102d5401,yes,no,0.9999999989999999,0,2
learned_hands_consumer,majority,1,2,72,3defdb305691fca997369ad61eb4c2cc9ad5737f73633b9997bca6b3b68dbc70,yes,yes,0.9999999989999999,0,2
learned_hands_consumer,majority,1,4,73,ea88a64bd77d6c33327a9e3a56bdeab16edfcc94d3ad1f6c811e233e9cf1a4e6,yes,no,0.9999999989999999,0,2
learned_hands_consumer,majority,1,0,74,1cb2a54d0c572842c9666556b4f9d68ac569dacc5ff14c26a9deb40b00297490,yes,no,0.9999999989999999,0,2
learned_hands_consumer,majority,1,1,75,3145ed790491a1b21c800dff9616114d2f77be8dbdbc044f4fcf7b15608d7aeb,yes,no,0.9999999989999999,0,2
learned_hands_consumer,majority,1,1,76,bc58560238d37dd7bb637d6eed992896abc2e8646e56eb8dac0dd8bf4106576a,yes,no,0.9999999989999999,0,2
learned_hands_consumer,majority,1,3,77,9a5c75e417971c21fe00a89d52819a28a8d393fb332863c7f844a2f728e1aa47,yes,yes,0.9999999989999999,0,2
learned_hands_consumer,majority,1,1,78,7effc09d90b5d4a003218cec4356f0109765847fec64e4393bdf14682528fc56,yes,no,0.9999999989999999,0,2
learned_hands_consumer,majority,1,4,79,bf7fab3a472a85fba5cacc610acd4ae413064fb5929efe63047e35beca2837f6,yes,no,0.9999999989999999,0,2
learned_hands_consumer,majority,1,3,80,b9fec9f38f97749033ecb64442eb36f3ee2e3a80cd28ded964ba3b542608ed08,yes,yes,0.9999999989999999,0,2
learned_hands_consumer,majority,1,1,81,a86e6ca3f4d275c0420ca0ee4600f15f0b78e34c43b877bb58dfb44c56f07ad2,yes,no,0.9999999989999999,0,2
learned_hands_consumer,majority,1,0,82,e2dda0a5ede9ada6a285c131669076df0764c2b88c1c2001ae078a17d88fc168,yes,no,0.9999999989999999,0,2
learned_hands_consumer,majority,1,3,83,9d3a029d590c2c8aecbc4df458d911be15fcbef421678b9ef52d1281119ef933,yes,yes,0.9999999989999999,0,2
learned_hands_consumer,majority,1,3,84,0a86c2677e444a84373fb5de0aa2e100762432bf73d0ed3e92ef3f2f584504eb,yes,yes,0.9999999989999999,0,2
learned_hands_consumer,majority,1,0,85,edf4479c78e0f0664620607e8ab699c2cf70b3f949ebe5b6e2a5e65f56f24fa0,yes,no,0.9999999989999999,0,2
learned_hands_consumer,majority,1,3,86,a446c13b6a95e774dc7f399a94c473901184d9172d42d8f4db7362cdb059e191,yes,yes,0.9999999989999999,0,2
learned_hands_consumer,majority,1,0,87,90d67e6b76ef21ed8c1dc58bfbdcc24aab8e1dd728ebdafefc643a1e3c6bc74c,yes,no,0.9999999989999999,0,2
learned_hands_consumer,majority,1,1,88,e0f88567e0733cdaf8c918330d9139891158680d5be3cc3fc4577a4e79c67cdb,yes,no,0.9999999989999999,0,2
learned_hands_consumer,majority,1,1,89,4c96db2e33b6cc4900b1f80e86334c0d0f97a10b76baf6a5fac96558a449fa07,yes,no,0.9999999989999999,0,2
learned_hands_consumer,majority,1,3,90,08c27d740cbffbaf24d70ad9cc2f4538941c1e7ccba03ba15eacb0c43fe8f6a3,yes,yes,0.9999999989999999,0,2
learned_hands_consumer,majority,1,0,91,123e686fd8c78b602b0952ee8aacebb8f2a451c8d2c2f716072c6c0780e88a8c,yes,no,0.9999999989999999,0,2
learned_hands_consumer,majority,1,4,92,61088df3abd8799b2cb0b2a50547fabab33f53e711b6bf0e51ad8eee1f9886f8,yes,no,0.9999999989999999,0,2
learned_hands_consumer,majority,1,3,93,245581fd1773d7336f3fbd519ea0ad635746b96c3ef3c64c77d8fe969f404345,yes,yes,0.9999999989999999,0,2
learned_hands_consumer,majority,1,3,94,0935c35b8f85a7acb661025d20f4077750c9420cbe5f2d6cb6c1f5e62a4cd9fc,yes,yes,0.9999999989999999,0,2
learned_hands_consumer,majority,1,0,95,8b2b428ed3082708aebc90d3e95493d6b01fab537f0107c5604932ba617141c5,yes,no,0.9999999989999999,0,2
learned_hands_consumer,majority,1,1,96,46b3b836673160a90a211860286b914eda2a3ef85f0eb63bd10cacc7ea5f0f02,yes,no,0.9999999989999999,0,2
learned_hands_consumer,majority,1,0,97,8c8ab92472440d5e8d77d4f562ff2df1e24f26dbf33e2f219ed51d9ffe2ed9e8,yes,no,0.9999999989999999,0,2
learned_hands_consumer,majority,1,3,98,f84ae3cfea6e268f60d53f2fc2105cabc35e7c1bc60594c254b8a5b9ebb95c52,yes,yes,0.9999999989999999,0,2
learned_hands_consumer,majority,1,4,99,5a061ea8f86d69941bb8f010a9102517e2e50e8a6e7f043b2a65a9beeb5b2a5a,yes,no,0.9999999989999999,0,2
learned_hands_consumer,majority,1,0,100,a0b66eb40941e4afabf26cc61164bd17ae4b404900827ee613063156c3fcf1f6,yes,no,0.9999999989999999,0,2
learned_hands_consumer,majority,1,2,101,d69eab546563939e27e3b5c4bf71ed21aa8c08a685f2dc211a8611a8734cdaac,yes,yes,0.9999999989999999,0,2
learned_hands_consumer,majority,1,3,102,13c1947392729839a6ef7e019584b3baf576db1a026c6cc363f97f9be6b55b7d,yes,yes,0.9999999989999999,0,2
learned_hands_consumer,majority,1,4,103,2db3f4de10f8e3c93f180c1cec9ec1036a8cfb696152a003910f4876349b5563,yes,no,0.9999999989999999,0,2
learned_hands_consumer,majority,1,3,104,9d141e84a47e429ebf8c9be15a716519a789f6ecfe2635d6742bcc1589887b61,yes,yes,0.9999999989999999,0,2
learned_hands_consumer,majority,1,3,105,f2b40bc0dd711fca9b42c004ced8b6a7f8400023cc7f44239caee4f44359dde4,yes,yes,0.9999999989999999,0,2
learned_hands_consumer,majority,1,4,106,d5dcc520e7691c72d4f4bcf6d67cfa74c856d631a5a6c4904f730332b192f920,yes,no,0.9999999989999999,0,2
learned_hands_consumer,majority,1,4,107,da0684c959dcca3dab601174a68db1954a8db19f75ad96cecdb7b9319c828539,yes,no,0.9999999989999999,0,2
learned_hands_consumer,majority,1,0,108,0e7608581b6f65860575a915b9e6d3ea3ba463ac7392a783effab47b7c6ed2b6,yes,no,0.9999999989999999,0,2
learned_hands_consumer,majority,1,0,109,3b14007f0368858c49628d89f7a4ac4e05912114c121069f929f093267da692c,yes,no,0.9999999989999999,0,2
learned_hands_consumer,majority,1,0,110,83a75ee006bb31d8db282260e075860f781be2246f81074adfc047c6debba47d,yes,no,0.9999999989999999,0,2
learned_hands_consumer,majority,1,0,111,d140e8b5cef58e3c07015a3be1003d6d67dda0e1681f40a4b5b23a3a143236ea,yes,no,0.9999999989999999,0,2
learned_hands_consumer,majority,1,2,112,fb04a608b72b2b2e616ef5e9aa6ca1fda0b73c81a00bd51339a60f7ebb9349f5,yes,yes,0.9999999989999999,0,2
learned_hands_consumer,majority,1,3,113,5ebb5e29b015223682853139344a5e2422b009ed368ed22452f4ebe96b314797,yes,yes,0.9999999989999999,0,2
learned_hands_consumer,majority,1,4,114,7e315bac1e39325f317709b5955292bc75939640e3b8f10ba3c11050930647e1,yes,no,0.9999999989999999,0,2
learned_hands_consumer,majority,1,1,115,0d7f2c826f6a0fc0a9404989d5d4b5cc6d7f2f516c1f069e5bf8d31ee7e817dc,yes,no,0.9999999989999999,0,2
learned_hands_consumer,majority,1,3,116,7e75b01067a2ec4ca8c403b389118d896ccf66db535b144a3c54bc98c1c2e246,yes,yes,0.9999999989999999,0,2
learned_hands_consumer,majority,1,2,117,a3e66362096eb8059a216e47a87cdd7f3f944d1ccbc606f30cfbe1cc424e0594,yes,yes,0.9999999989999999,0,2
learned_hands_consumer,majority,1,2,118,d3308da62008ec5ef18494df94f73a4585ed31e1c8e69ccc9e25e76cb56d42a0,yes,yes,0.9999999989999999,0,2
learned_hands_consumer,majority,1,0,119,e07a44cb806545635aac341cc0946afd7d71c3619844a0ec08545160df03cbdc,yes,no,0.9999999989999999,0,2
learned_hands_consumer,majority,1,2,120,aedceca2ca38055764eb4ff944a3a150057788281d1c3739f5e785db00a9e719,yes,yes,0.9999999989999999,0,2
learned_hands_consumer,majority,1,1,121,ca458586d811f25c02f1f39cf55f75b65071bd2ddc79fd97b0d5be9eb8e5312c,yes,no,0.9999999989999999,0,2
learned_hands_consumer,majority,1,3,122,fce48e30fc0ea1058c42d4b4e3fc772fdd46a3060633bca5f371f122fc5aaef5,yes,yes,0.9999999989999999,0,2
learned_hands_consumer,majority,1,4,123,02bd80d2b643617360d685b497986a8637dc26275c2ea6a626b69de253d164e7,yes,no,0.9999999989999999,0,2
learned_hands_consumer,majority,1,4,124,af3d9c10fbb3296fa6a040f3015c474aaa8ae09177f6fe2e775fee3e584f996d,yes,no,0.9999999989999999,0,2
learned_hands_consumer,majority,1,1,125,73e4bc727ab5dd4600aa1647320d964c9a52dc7767744c8d074cebcd901f6c05,yes,no,0.9999999989999999,0,2
learned_hands_consumer,majority,1,4,126,0bdb8221f4d44b38dc8782e0b56035bbdd3a7e6fc2df17d22f1a5c863bc46075,yes,no,0.9999999989999999,0,2
learned_hands_consumer,majority,1,4,127,90fe4003a641d7cd2ed6a00150556d083b23fe1e24e75ebb94ecff4d843c77e2,yes,no,0.9999999989999999,0,2
learned_hands_consumer,majority,1,0,128,155678c2832cdf4702db15b523f143f1ac784cffcaf58c1a1dfe33a97611eb8e,yes,no,0.9999999989999999,0,2
learned_hands_consumer,majority,1,0,129,aec3c6407d02ce2d3b4abd591e08891c236a8a8989e7ad72020a4b7b777fea78,yes,no,0.9999999989999999,0,2
learned_hands_consumer,majority,1,0,130,1f2af78776193434b3d71d59e47e0a24bc7439537dae7643126e174f05f8a690,yes,no,0.9999999989999999,0,2
learned_hands_consumer,majority,1,3,131,ac3dcaa7b7faf827da8c14b3bfd03c0f8d36bbd129920232b5775c57ebee5322,yes,yes,0.9999999989999999,0,2
learned_hands_consumer,majority,1,3,132,8de39616285bfb13eac266c45a5691cad8963031bb495c5ffff384303ac2e317,yes,yes,0.9999999989999999,0,2
learned_hands_consumer,majority,1,4,133,df7cebc19279cc1176c76578d13d5634b4ee220d4093d6b4e048fd1f74811db9,yes,no,0.9999999989999999,0,2
learned_hands_consumer,majority,1,1,134,b5412b723d0181549110fa8dd79485fa5238dbc7e264272da705dfe9c7f066a8,yes,no,0.9999999989999999,0,2
learned_hands_consumer,majority,1,1,135,e802649c8e6be5fbdc4e7ec755757e95ba836ac949c022f0081c1fcb1cfa00b0,yes,no,0.9999999989999999,0,2
learned_hands_consumer,majority,1,2,136,a039dbd9f0510ac6f66d44c60f9a5f5a5d5c76093f00e693801d2fc80d54f7a9,yes,yes,0.9999999989999999,0,2
learned_hands_consumer,majority,1,3,137,9cca62662bba01723eb2a9aa094821e1675b7ac525fe30fc042f3dcaac3e2727,yes,yes,0.9999999989999999,0,2
learned_hands_consumer,majority,1,2,138,dfbc47fb61799a0472fbf92d48b36eeb2584ccc63a3185c2d61a51c1537f7c92,yes,yes,0.9999999989999999,0,2
learned_hands_consumer,majority,1,0,139,6cb9e80497686772c38151ef29f0b998c3911fa46f4ae26dcb0677863d1c3bcd,yes,no,0.9999999989999999,0,2
learned_hands_consumer,majority,1,4,140,bfc4a30870f9292a454f9471c16d25b3199ec05b80dafc98a9d6c50897c1b47e,yes,no,0.9999999989999999,0,2
learned_hands_consumer,majority,1,4,141,078b717fbab45038fcb94864d32f33fa6d71d9664570dfe04661869f23314833,yes,no,0.9999999989999999,0,2
learned_hands_consumer,majority,1,1,142,0242758b0d09920c367a96d4d60f74cb970f86cfb3bbf7bc54aa2a69703b17c8,yes,no,0.9999999989999999,0,2
learned_hands_consumer,majority,1,2,143,51eef95bf47218140683c3e1b4135ffc3d540ca426dbe552c2809dc445d5b483,yes,yes,0.9999999989999999,0,2
learned_hands_consumer,majority,1,2,144,af4b353687f267cf4811370b1167f39f3acb12a476ab7569d5711f61e7cc5c99,yes,yes,0.9999999989999999,0,2
learned_hands_consumer,majority,1,4,145,a5b77622968be2023f42d12cc8cdb98fdd05731d5ff1f331c0c61cddcdd016ac,yes,no,0.9999999989999999,0,2
learned_hands_consumer,majority,1,3,146,483af7a4cce5458979f9fde28f5d38cf96c6b318f56cf5b8bb7fef01baeda51d,yes,yes,0.9999999989999999,0,2
learned_hands_consumer,majority,1,2,147,5b013d7731839bf2ba2c52bac900167561f691d205c1198ffe872747858115ab,yes,yes,0.9999999989999999,0,2
learned_hands_consumer,majority,1,2,148,1403a0476f3fcec8b1a48e6f1fceb06a2aeabd9f5de4f53ac7e2f29a80fc3d02,yes,yes,0.9999999989999999,0,2
learned_hands_consumer,majority,1,1,149,7153d24972b2eb3c082ba9cc58a892af969f2d9524022190bec282710d252b55,yes,no,0.9999999989999999,0,2
learned_hands_consumer,majority,1,2,150,a6e1cfe1a1c58fdb1b4033bef127bdc12ad083d8029c91cf81e74fbc997b44c2,yes,yes,0.9999999989999999,0,2
learned_hands_consumer,majority,1,0,151,c48f7444249fe7386aac1fa49a56e450eebc70c640262a5fc2cb2864d62c7b62,yes,no,0.9999999989999999,0,2
learned_hands_consumer,majority,1,4,152,7223ee95c7eb5aab471c9b1426c035d3d751646abf3a01dd2380366fa55c1fb2,yes,no,0.9999999989999999,0,2
learned_hands_consumer,majority,1,2,153,8b857fa596fd194124387876667280b614e479625bc9d05d958f3b90514c2e9d,yes,yes,0.9999999989999999,0,2
learned_hands_consumer,majority,1,4,154,6f137236864a4da2299f6341085a62e5e2e0466add7aa8eca3ff5f315633bbdb,yes,no,0.9999999989999999,0,2
learned_hands_consumer,majority,1,2,155,038e3005ce9b5b1cabf2220d9f9b068ab3289de326b9c0466e84286f1cb69bf9,yes,yes,0.9999999989999999,0,2
learned_hands_consumer,majority,1,3,156,7b67a7b2e80fc8b9473186823a7570203fc746e03e40493d174446237de3bcec,yes,yes,0.9999999989999999,0,2
learned_hands_consumer,majority,1,0,157,9d82c554b4b00bd2ead020ff98bb6fcdee7432665a797346eb3d3aaf490d0d12,yes,no,0.9999999989999999,0,2
learned_hands_consumer,majority,1,3,158,da85c2e88f91544acd0359c5ccd69c2b4f902d093ceb8cb12767a778944fbd7b,yes,yes,0.9999999989999999,0,2
learned_hands_consumer,majority,1,4,159,a34040f6644b50bc824adc566e6d6428d7b05ca16c8ee39f0af4b1b9f5601f2a,yes,no,0.9999999989999999,0,2
learned_hands_consumer,majority,1,4,160,19c9ac6e1d4ea3c61c161624efc992b8cc52bf306f151391ba8529c19382e1ee,yes,no,0.9999999989999999,0,2
learned_hands_consumer,majority,1,0,161,650970637dd6a0ab8e97321c167c7bc4a9a3cdc8eba59da2a5c510bcbd5db45a,yes,no,0.9999999989999999,0,2
learned_hands_consumer,majority,1,3,162,c51f874153bc2cdaa57ad2c656a6af7ab24feabfb448922cab57ef416feee663,yes,yes,0.9999999989999999,0,2
learned_hands_consumer,majority,1,1,163,13b1acd948c8e9c9a5739d8481ea213fa3cfdab8b80a82efd25be33e8f7b2902,yes,no,0.9999999989999999,0,2
learned_hands_consumer,majority,1,0,164,9fde61742e0b3fc6fabbffa750b6283c72453cd0303a465ce66648d46676eb89,yes,no,0.9999999989999999,0,2
learned_hands_consumer,majority,1,2,165,4fd20a26aafa50907d098d746bcd899d7abfca4f42db1d5c149080652db43b60,yes,yes,0.9999999989999999,0,2
learned_hands_consumer,majority,1,2,166,38a9b6c4df60f95cae8cdf22954e4170c3a5feb64ebfb5162134d697b7e84381,yes,yes,0.9999999989999999,0,2
learned_hands_consumer,majority,1,3,167,8892704b2b2b6659f287178e3c29d5c9d21dc3ecb2ae17dd4b6ec86c6784cd0e,yes,yes,0.9999999989999999,0,2
learned_hands_consumer,majority,1,2,168,5953941222239eaa15e600b769f26c7173e96638173a25e19be42ff6b5b07d45,yes,yes,0.9999999989999999,0,2
learned_hands_consumer,majority,1,0,169,4f9eec5c23a5c213a1bc6fc916fdf2587227d14edcd43d78fccea8cd278cc2e0,yes,no,0.9999999989999999,0,2
learned_hands_consumer,majority,1,1,170,51ec6ad487eff34fddaa34cf9a46b4a9a9e66e2ef37f1718f6c2c0a6b08bcc0e,yes,no,0.9999999989999999,0,2
learned_hands_consumer,majority,1,1,171,4356eb8f7a087e4d6032661552935019173e052ab6031528ff64635a4f9c515d,yes,no,0.9999999989999999,0,2
learned_hands_consumer,majority,1,0,172,6d7c28575a9e0747fc4cfaab5263e2daf0754ef5d1c996b9de353104dbfb5be1,yes,no,0.9999999989999999,0,2
learned_hands_consumer,majority,1,0,173,6656d334c0150d50518a8e9e86ac484364dfc5da62604f792fa121392de57cd5,yes,no,0.9999999989999999,0,2
learned_hands_consumer,majority,1,2,174,fa3b234c5866029eaafed3054fe7c1e9dd9d3e50389c45beedce0456e0a851a5,yes,yes,0.9999999989999999,0,2
learned_hands_consumer,majority,1,1,175,f5327013f798cdfff71ccd1ccbf934757fae9118c8fda0cfb29197ee8c9a2f92,yes,no,0.9999999989999999,0,2
learned_hands_consumer,majority,1,0,176,0c550425496483256cac2b164db69cc78311e995021bfcbd4a5c585bcdd9d9c6,yes,no,0.9999999989999999,0,2
learned_hands_consumer,majority,1,3,177,e9a4a62f276d5c835085a02b2f4d92155f8f7ac6d396a52ad1cd37cab729b635,yes,yes,0.9999999989999999,0,2
learned_hands_consumer,majority,1,0,178,f4fe68a7bc004d02c8ecf39777717f5e53269903d0c3c3181101c07cea5c6b0c,yes,no,0.9999999989999999,0,2
learned_hands_consumer,majority,1,2,179,3d0de6dc3fb5d69b4483315a8f1b9a55f3da2fb8eb1df50a74386a480912447a,yes,yes,0.9999999989999999,0,2
learned_hands_consumer,majority,1,1,180,b66cb0340d554080664d72cdd106c5cdb17b38d1f74932ac0787b45754ce1a7c,yes,no,0.9999999989999999,0,2
learned_hands_consumer,majority,1,0,181,a9af33b24aeb8f4fc3dd090cb6015fd72eb33e9bacf6b245b9efd00dd9991af3,yes,no,0.9999999989999999,0,2
learned_hands_consumer,majority,1,3,182,9eefcb8b16890b9cc6c7e144d07beaa48841305e10614e94d470242a6b0e065f,yes,yes,0.9999999989999999,0,2
learned_hands_consumer,majority,1,2,183,cfde4f376e1a14d27549b00d4ddf32bfeb542cf05f08d1cbc266df888e1c3047,yes,yes,0.9999999989999999,0,2
learned_hands_consumer,majority,1,4,184,421033c1624e9a903b16ba39c1d61b1ecb07a1c62b4ffce4608c02c7a3e067e8,yes,no,0.9999999989999999,0,2
learned_hands_consumer,majority,1,4,185,7a8050d0881441599707f60d9661cc876f27efc16656cd8526fe842e463a56ec,yes,no,0.9999999989999999,0,2
learned_hands_consumer,majority,1,4,186,5f4e3e4860760d911ab21bd74b2611036627cda4c7c666615991f1d2314d6b35,yes,no,0.9999999989999999,0,2
learned_hands_consumer,majority,1,4,187,057e4d5e06ed1236a9a35f3ea5c2cc42ae58bd3d82fb4981f56669b168d087e6,yes,no,0.9999999989999999,0,2
learned_hands_consumer,majority,1,3,188,a5608444f7d99d3cd3109ac70b995bb38775ef1fa2c286f3779886ac598a5c9d,yes,yes,0.9999999989999999,0,2
learned_hands_consumer,majority,1,1,189,48a613b18969b56ad289f137a24f32ca5714dc722f1916be3cf41f3c98f577e0,yes,no,0.9999999989999999,0,2
learned_hands_consumer,majority,1,3,190,d5a7261352131be329b42958bda9d1cbf7adf2a5eb0c341d0fd5d6d07a9ae17e,yes,yes,0.9999999989999999,0,2
learned_hands_consumer,majority,1,2,191,e36f78681c2e77e1fe9fd7fc2f0b8fa917f14b6a2333a41863c17c766053033f,yes,yes,0.9999999989999999,0,2
learned_hands_consumer,majority,1,2,192,1487b9bcecfa449f7f97f38810e17ed4e37ea80a32cd5170137bf134574ae112,yes,yes,0.9999999989999999,0,2
learned_hands_consumer,majority,1,2,193,a0956e6a9a6973551966fc776c76b773565a03efe1dd2f5b6e363e037cd68e98,yes,yes,0.9999999989999999,0,2
learned_hands_consumer,majority,1,0,194,113f455fcca39b28919c8669b561494bb48c8a7b1abb08182e38efba3ba3d49d,yes,no,0.9999999989999999,0,2
learned_hands_consumer,majority,1,3,195,01467176da7f8beaabb7d2d981d4c2a5d270c4de1ee41090eb7fff34ad10f233,yes,yes,0.9999999989999999,0,2
learned_hands_consumer,majority,1,2,196,3917492faa9e47e7106ba122c3a1618a26df3dcdbcf5803ea5eff8caeb3a85b8,yes,yes,0.9999999989999999,0,2
learned_hands_consumer,majority,1,3,197,cde8abafba1e7a412e01f15ea5b8b45f4e1c8f3f37c5ed8ecf8670617e0e3ddc,yes,yes,0.9999999989999999,0,2
learned_hands_consumer,majority,1,3,198,61ae855f1482eb8f9d691ed3f1d20ebbea6fc43c48a7559ddaf77710f2c27152,yes,yes,0.9999999989999999,0,2
learned_hands_consumer,majority,1,0,199,f35f9e77ffc5ac7a0d42e5a637d3ec3f6ef2830b8c178fdb6a5c951cfeaa3e88,yes,no,0.9999999989999999,0,2
learned_hands_consumer,majority,1,3,200,82f9efaddab72f81167b375aff7cc6c2537117b477e6064545d97be910ff945c,yes,yes,0.9999999989999999,0,2
learned_hands_consumer,majority,1,0,201,967afc85cb2c22088e649a1faac841a0d2609f7e11fe94eef9bd17a4daa54688,yes,no,0.9999999989999999,0,2
learned_hands_consumer,majority,1,2,202,5648d782c24eb983d5cf18c59b05a1a47459a5dedd4e5335a0232c23f062944c,yes,yes,0.9999999989999999,0,2
learned_hands_consumer,majority,1,3,203,157bd549be3ab1bdd3e21c29805aafdc0d0b45c1aa52b0a397ab9236a4e5c944,yes,yes,0.9999999989999999,0,2
learned_hands_consumer,majority,1,4,204,525f45b4239b35c4038470e08628f267e9887f1c30b0aa84a2d5d01464da39a3,yes,no,0.9999999989999999,0,2
learned_hands_consumer,majority,1,3,205,0a0807c3257345430140d80f2b2b7210e572d13f47d5ac8a65174de1142590b0,yes,yes,0.9999999989999999,0,2
learned_hands_consumer,majority,1,4,206,a2b92dbd2ee6fd008bb6aa904caa64641950c475cddad723b2644f23c751a0ee,yes,no,0.9999999989999999,0,2
learned_hands_consumer,majority,1,4,207,a2ed73e250907017f6d7fd66c658c04c6a137575d6ad765f993661edda327577,yes,no,0.9999999989999999,0,2
learned_hands_consumer,majority,1,1,208,1290d537ea8750e4e91f20b46eec10646ce12ab7d86dfc91eb09b608405fe90f,yes,no,0.9999999989999999,0,2
learned_hands_consumer,majority,1,3,209,a0f7d16e25d9f13501287713351ca9111410082745756d6eff69a544a7ce0fab,yes,yes,0.9999999989999999,0,2
learned_hands_consumer,majority,1,4,210,adbfc9de80cf0100c04073d2c24a7a39ad794835be05b45cd9a54b30876e1bae,yes,no,0.9999999989999999,0,2
learned_hands_consumer,majority,1,1,211,33d047d7bf09f05c00081ea7055f31cf8f5cfbb5f1ceb5b0376de52b5d66fca4,yes,no,0.9999999989999999,0,2
learned_hands_consumer,majority,1,0,212,8747eec3bef3a1ac47c5e03b2a3185ec7be0382a48e8f07bc6b009f884106d3b,yes,no,0.9999999989999999,0,2
learned_hands_consumer,majority,1,3,213,49b127f44fd96be9d276f55d1669f94228b7535cb909c7f6b272eb55f8881a2c,yes,yes,0.9999999989999999,0,2
learned_hands_consumer,majority,1,1,214,dfb7f7c0e45b4a7671e7808a09335109e684ec1f7b896028808720b751c76290,yes,no,0.9999999989999999,0,2
learned_hands_consumer,majority,1,1,215,db97720cca0e39dc598257024bac71c263aaf9886f335cf6cd722539c19eacca,yes,no,0.9999999989999999,0,2
learned_hands_consumer,majority,1,3,216,64859a67c19bf56da59ad97eab9f8da73202e6a6dd9d3bbb9372afcb47b0408d,yes,yes,0.9999999989999999,0,2
learned_hands_consumer,majority,1,4,217,f449fe5d57975f0caf323ecddfcc9b9dccbabe88c5ff42bd31a1d65fc7a824b5,yes,no,0.9999999989999999,0,2
learned_hands_consumer,majority,1,2,218,fa078ce3c2ae45c10df8aa0a800c47eade1e7510a46eb24bbe627b87d2938a68,yes,yes,0.9999999989999999,0,2
learned_hands_consumer,majority,1,1,219,f2fae4fb37730a28c6c680ab68c6e0cbcb083e46d89296b52700b2b28ed2e203,yes,no,0.9999999989999999,0,2
learned_hands_consumer,majority,1,4,220,ca57b26977335b108fd0d46872d220af17b298c5169ea6a338028e3fa941a5c0,yes,no,0.9999999989999999,0,2
learned_hands_consumer,majority,1,0,221,9f6359257abe0943f69a9a6786fccff089c30ae5f302d29d57c21ec0cc0fb8bb,yes,no,0.9999999989999999,0,2
learned_hands_consumer,majority,1,1,222,da0db19cfa506b30e60a6cf05fa27f60113ec86ac8308c44eddc1cdeb6e6b707,yes,no,0.9999999989999999,0,2
learned_hands_consumer,majority,1,3,223,013033315bef6946bef54c7e1e5131afe73897a10507585acff502cb07b082d1,yes,yes,0.9999999989999999,0,2
learned_hands_consumer,majority,1,3,224,01ca67ea223ea6f3f78966619c3d177754184bea73cb662ffc54be7eded55946,yes,yes,0.9999999989999999,0,2
learned_hands_consumer,majority,1,4,225,0972b858c77e9cd796c6bda370f1d6b2ea20798091434c33f49f1827e4a678cf,yes,no,0.9999999989999999,0,2
learned_hands_consumer,majority,1,1,226,478e48024c876788e7ac0b2943d399c14bb997ab82a37ee11247a5b223d23f4f,yes,no,0.9999999989999999,0,2
learned_hands_consumer,majority,1,1,227,dd602e9be0c77e5a1bf15d2c5db5302c6b6d2b8362f95c146de1f5d3ea45031b,yes,no,0.9999999989999999,0,2
learned_hands_consumer,majority,1,0,228,e86c4500724cd80b78a41c3de49d5f623baba6615be341878c3f40d1a666fa36,yes,no,0.9999999989999999,0,2
learned_hands_consumer,majority,1,2,229,44f8bde89aa71070a44a090fe6553fe64a785e0148291429f98b65d8cc35537e,yes,yes,0.9999999989999999,0,2
learned_hands_consumer,majority,1,0,230,f92a5c6258f5da9bffe36fc1a4498f1086f4d296b5c28109401777d767f46946,yes,no,0.9999999989999999,0,2
learned_hands_consumer,majority,1,1,231,b8099af0f4a08d3625fefbbdf920208ab786e82be6d9e5ecd373c981c3bd90c4,yes,no,0.9999999989999999,0,2
learned_hands_consumer,majority,1,3,232,dd6b7ca454c08a409f4171cb97167a8c91e862451ec1b92eaa7d9393934cf91c,yes,yes,0.9999999989999999,0,2
learned_hands_consumer,majority,1,1,233,fdb76c188296362ef951b02157cc4150c8d3a0750fe72942787d491e6ddc18e2,yes,no,0.9999999989999999,0,2
learned_hands_consumer,majority,1,1,234,b78102f7318502d1b26dbcb12920cd58ed53891ef8b61bff2b15f5b432da91f0,yes,no,0.9999999989999999,0,2
learned_hands_consumer,majority,1,0,235,5a37498c5c481cdd1e4bd5190333a14a0190aa3aede5364087479e33c293e1a9,yes,no,0.9999999989999999,0,2
learned_hands_consumer,majority,1,0,236,eae4558b0617e7ebc54a6ebc59d2dde3f9df33d4ce6cb6404452671b374ff797,yes,no,0.9999999989999999,0,2
learned_hands_consumer,majority,1,1,237,b25bbe0ef882d9b6ee6ca640d619e47af1ba4b4303c92a73e17071d2b63f6203,yes,no,0.9999999989999999,0,2
learned_hands_consumer,majority,1,2,238,3415dc4afd4d574b0da83ec6d205e580b78b683ce427d70cb6192aa1345ada00,yes,yes,0.9999999989999999,0,2
learned_hands_consumer,majority,1,0,239,e4190a6930b3800fcc812916fc24cd7666ec7ccade668b74793a25cf043ee8dc,yes,no,0.9999999989999999,0,2
learned_hands_consumer,majority,1,4,240,2a1e5635eb53609c5660dd54ea549b8c7ca1d8ef3709e5692cce67005fde384f,yes,no,0.9999999989999999,0,2
learned_hands_consumer,majority,1,2,241,1587f650838e742b5adbc001e25e86b815c1c282f7e24b9a7f46e2c9c7e7663d,yes,yes,0.9999999989999999,0,2
learned_hands_consumer,majority,1,2,242,3aeb06e0988c30e7dd4b9857f1305ee50a9955e156a1e1a8bfb635878c936da6,yes,yes,0.9999999989999999,0,2
learned_hands_consumer,majority,1,2,243,0ba639fb1b8f0dcb2fe9cffb9b96ec4f2cc182c78d9a521ea1b367d5c28385d0,yes,yes,0.9999999989999999,0,2
learned_hands_consumer,majority,1,4,244,ebd5c1534b316d246d849144a17469ee09729233fad0f39a8a330fdfa15b9628,yes,no,0.9999999989999999,0,2
learned_hands_consumer,majority,1,1,245,401a36474fa40d2d999cd260f57ca66ab83fcb63de68f578a6d6ad7d4ec4bd2e,yes,no,0.9999999989999999,0,2
learned_hands_consumer,majority,1,3,246,4176b37a2179c60a956b8746678c2a674aabbd9e086407904b2475af255d13bd,yes,yes,0.9999999989999999,0,2
learned_hands_consumer,majority,1,2,247,95933a28191a6e558a2911f9c54efc9e53d3ba70d036eac4f4fcf1044bbc9d88,yes,yes,0.9999999989999999,0,2
learned_hands_consumer,majority,1,1,248,0f4ecd29ccebf4ac6e235b28298c170a1c4939a57f8d2bae941d4292bb91c9e2,yes,no,0.9999999989999999,0,2
learned_hands_consumer,majority,1,3,249,061be30da02e5927c05d4f6dcb0ebcaa8bda9da95f663afc3448b40f550c8dcc,yes,yes,0.9999999989999999,0,2
learned_hands_consumer,majority,1,2,250,6c7deef4168bfdd3eb4f65e34ff1a5b08e7d07a494276e6dbc72cf08dd1d9ea3,yes,yes,0.9999999989999999,0,2
learned_hands_consumer,majority,1,0,251,3fecd30afaf717ef4d633f041d6b64abc35956652a123bf652a024e051aecbd2,yes,no,0.9999999989999999,0,2
learned_hands_consumer,majority,1,0,252,618080a1456e3ee68a8c336bd1951f8be686d4b280ba12acc2afbc0afe6f5e6e,yes,no,0.9999999989999999,0,2
learned_hands_consumer,majority,1,3,253,7d9553904434b833510ba4f74348cff64322921c601077d281c33b3d61d048ca,yes,yes,0.9999999989999999,0,2
learned_hands_consumer,majority,1,2,254,851524b83e3b815d2b8ad94407c2a48429aa45e82bd9c1b64ffd780d6c3a0de3,yes,yes,0.9999999989999999,0,2
learned_hands_consumer,majority,1,1,255,cb21cc98accfbbfc1ab6fb040d28dc4a525dd125dcded30bbb6688922bc0bcf0,yes,no,0.9999999989999999,0,2
learned_hands_consumer,majority,1,2,256,77a1a7abf05f1aa064c4d1f51619137f7eb2bd94b8ddc362bc14f64be0bd2a01,yes,yes,0.9999999989999999,0,2
learned_hands_consumer,majority,1,0,257,3d22a52452442ace2422e3134c77857c8d5686fd9080d9f42bc9438a845f4c89,yes,no,0.9999999989999999,0,2
learned_hands_consumer,majority,1,1,258,aaa2f84803feb0579309aaee905dbe769a0e41a5a6daf89677d4a8534aa9819f,yes,no,0.9999999989999999,0,2
learned_hands_consumer,majority,1,3,259,cbf21ed32acc01ddeaa5380d184a96c3ca5b84614bc1f3a1a9583fa9b891c05d,yes,yes,0.9999999989999999,0,2
learned_hands_consumer,majority,1,4,260,370cc782f60a07b178ac3c0ec5c92e1d6072d6798ba29e27eb089d3af9d06cb5,yes,no,0.9999999989999999,0,2
learned_hands_consumer,majority,1,1,261,e2fa618a66bdb423b63a86d231a23868e8833853ed334799049daeac30367a88,yes,no,0.9999999989999999,0,2
learned_hands_consumer,majority,1,1,262,6c81e7b6dabbb3574a09c499dc7a67ca24d31c6e646bab4ced51cd8c78f55ea7,yes,no,0.9999999989999999,0,2
learned_hands_consumer,majority,1,3,263,1f341a6355c5c3b945e1a2b14b3434e8b3904eb4eca3e24c87941d86e705e57e,yes,yes,0.9999999989999999,0,2
learned_hands_consumer,majority,1,2,264,6adfe2187f8557b8f6378f034717bdcd2f522a0df00806a04c1dfe98b3e997bd,yes,yes,0.9999999989999999,0,2
learned_hands_consumer,majority,1,0,265,8bad5933bcb5967cc9bc4abe066d28b765494f7a0dffd407c47d6d8067553308,yes,no,0.9999999989999999,0,2
learned_hands_consumer,majority,1,0,266,c55600e95d9b4eb897af3302c41acc84e2d54157f428bf1f8caec3b61e668da5,yes,no,0.9999999989999999,0,2
learned_hands_consumer,majority,1,3,267,13c0dc364911dc9186a0c024e55f88be572c4deb5878fbd82d310ecaf5f45d13,yes,yes,0.9999999989999999,0,2
learned_hands_consumer,majority,1,2,268,3321004b9ab1144d0dfdcb61b18d746e047e1eca73ce7e0acb9fbd0e7c724816,yes,yes,0.9999999989999999,0,2
learned_hands_consumer,majority,1,4,269,19d396f6ee8676b8e14abd050a0d810589baf0188e806f72eac507d7a2c545a3,yes,no,0.9999999989999999,0,2
learned_hands_consumer,majority,1,0,270,7eb4eb67f8d71b2387d20ed2f7c7421eab13eb8910aca82d69fdf9a9273ecb96,yes,no,0.9999999989999999,0,2
learned_hands_consumer,majority,1,2,271,21f6bcc2b642898b25da24d91a08efc8029b34d97d979ac84183c75b0c07b9c0,yes,yes,0.9999999989999999,0,2
learned_hands_consumer,majority,1,2,272,63a06c8bcc7dbff84f881459fdf825076cb5b36209132b00c9c84eeeba7b6eb8,yes,yes,0.9999999989999999,0,2
learned_hands_consumer,majority,1,4,273,94b8923b3eddcc3f61a255a8e42041ab7f8e96bdae7e23fa5dba20dd65b82fa6,yes,no,0.9999999989999999,0,2
learned_hands_consumer,majority,1,1,274,c2ccc5ca47171285fb0298be4298f50882121913b48b7ac1e796a30c532811ba,yes,no,0.9999999989999999,0,2
learned_hands_consumer,majority,1,3,275,1f6071d3d10ecfa1b75476a7071af685e3ba15fcf7b2a774e39b20191e1fe074,yes,yes,0.9999999989999999,0,2
learned_hands_consumer,majority,1,2,276,11cabef5b7d7edbcc7de996da7ddc824772faa6248373f429b29567c5017f865,yes,yes,0.9999999989999999,0,2
learned_hands_consumer,majority,1,4,277,9136c7f7286a3ee6b4af4f2c4bd396e5528e9e59d4a11138840961213324a902,yes,no,0.9999999989999999,0,2
learned_hands_consumer,majority,1,1,278,45b8aa00e5100aa8e27c34109569ad374e89747c8859165962bd4b50a718dec3,yes,no,0.9999999989999999,0,2
learned_hands_consumer,majority,1,2,279,93a67fe947a834ff1518acdef3d3503a43de70821df3f53bacca03fe73994e4e,yes,yes,0.9999999989999999,0,2
learned_hands_consumer,majority,1,4,280,f9aa283cb36bd865eb6d0e00dec619c048e1b8f0e8830f12b5d02008a0b97ace,yes,no,0.9999999989999999,0,2
learned_hands_consumer,majority,1,3,281,55de4e8dcda9a6328913ef54a1ed9351f1f426737486cdf8f668ad83b8388f73,yes,yes,0.9999999989999999,0,2
learned_hands_consumer,majority,1,4,282,6bcb70ea6c53d9d2735995ffa331f18d0e9d9cc24ba93acb53376ae8483ed8a1,yes,no,0.9999999989999999,0,2
learned_hands_consumer,majority,1,2,283,78da2dea499e7edb487d60fd31327140d7546b18febaf57879bbba65e8c1b04e,yes,yes,0.9999999989999999,0,2
learned_hands_consumer,majority,1,3,284,42fb96e3e3db8353adc2b84b435807f73584555187d03911234609ed6e85bfe6,yes,yes,0.9999999989999999,0,2
learned_hands_consumer,majority,1,2,285,ecfc65fba09f92e19dc001350da2ef8adc932c234c862d0db0f1879f2e7c8794,yes,yes,0.9999999989999999,0,2
learned_hands_consumer,majority,1,0,286,c191adb1d624b20f83068f7b5908de47c6c5209a753e4de83b528e1156b3c2b0,yes,no,0.9999999989999999,0,2
learned_hands_consumer,majority,1,3,287,644bc0e92cf759be58ca6610fa275080515a65a91b581445be9cabf7ffea0e15,yes,yes,0.9999999989999999,0,2
learned_hands_consumer,majority,1,4,288,a79143144aa9b5670c2ef1346d67999dca1710bf76a38aefe7d8c7b71ae44b79,yes,no,0.9999999989999999,0,2
learned_hands_consumer,majority,1,0,289,29d068c39f2e257adbe8beebd86189c3ef328bbf2028cdf5c6d3ede0e5ddc09b,yes,no,0.9999999989999999,0,2
learned_hands_consumer,majority,1,4,290,fe9822a59aebf2d41016c82deb1d427382b2666a1fe39079f87be07fb936b617,yes,no,0.9999999989999999,0,2
learned_hands_consumer,majority,1,1,291,56bb42f2ccd6615785428ca0492a89e2c4c3ab2f9fa44ee197d3da8fab2c5842,yes,no,0.9999999989999999,0,2
learned_hands_consumer,majority,1,1,292,5299348ae3f81c25293e952182bb6bea15382e9da7443711aa78acdaf4b6bcb8,yes,no,0.9999999989999999,0,2
learned_hands_consumer,majority,1,4,293,73a78266e6561f4e4c9baa89057beda5a92213b2ef917e1272c2ece8cd9b7704,yes,no,0.9999999989999999,0,2
learned_hands_consumer,majority,1,1,294,79cc9d9097ff95d4d5569540eb3711865f517ab1a2a0fc876da5c48598ee3cb4,yes,no,0.9999999989999999,0,2
learned_hands_consumer,majority,1,1,295,3b85fae280cd98abcc7e78ae4627a4c94eee68cb0bdc5b31dc3b1cf2e53949ae,yes,no,0.9999999989999999,0,2
learned_hands_consumer,majority,1,3,296,32072d7df35d23c7cf165a1afeb9be63ebbdcf2c94cee75f9b5a90b78e19dd28,yes,yes,0.9999999989999999,0,2
learned_hands_consumer,majority,1,2,297,16bed4a62e2738950d2587d30c25ed9c5d17ea5f0cc5e91f1148a4cb64162453,yes,yes,0.9999999989999999,0,2
learned_hands_consumer,majority,1,0,298,3473fc0f42c76ad19ef3ec2771d01d619478fb7fab7ea70d94e7fe0f1bd61128,yes,no,0.9999999989999999,0,2
learned_hands_consumer,majority,1,2,299,251efc17ee26f8f9c544871f61f6fd54cf585d0f3210406eb3c48c825a10d526,yes,yes,0.9999999989999999,0,2
learned_hands_consumer,majority,1,3,300,4b657305ddc7f357ec185bc9abec0fa67e2d4d4fb0afb00f8e83e73a4c712e8e,yes,yes,0.9999999989999999,0,2
learned_hands_consumer,majority,1,3,301,f85e7456c7160ff553b31db76a443f79214f6b2cd4542c3bb171595928ab6558,yes,yes,0.9999999989999999,0,2
learned_hands_consumer,majority,1,0,302,243386ffe9922a67ec10fee19cff0781c4d76b6a78a32ec20ae1b9ece92bf995,yes,no,0.9999999989999999,0,2
learned_hands_consumer,majority,1,2,303,85d4e89725d489b9e3820f724acfc754d59767d51140be8d70af3bb2eb4198c3,yes,yes,0.9999999989999999,0,2
learned_hands_consumer,majority,1,2,304,f859129d9d2aa75e88d6602d1563b367b5d45a031c53939b17889bef5d0f147e,yes,yes,0.9999999989999999,0,2
learned_hands_consumer,majority,1,1,305,483ac3b333ee68b7196086031e6a08e2fdb91c52f28a3a861f23a2c8ec75478c,yes,no,0.9999999989999999,0,2
learned_hands_consumer,majority,1,2,306,6eef9bbaaa01f32394020b689930f9d2ae66836d280dfef0cac99935536b4a22,yes,yes,0.9999999989999999,0,2
learned_hands_consumer,majority,1,2,307,2bbdbbb31e0f69cbd29d755d0e4fb9a5a932b3b1effe5a664bc674ef725addc2,no,yes,0.9999999989999999,0,2
learned_hands_consumer,majority,1,1,308,5779a2e66767851f78c4baf2c51d3e6be6d917949d5341b98c489bbf0f67f6f3,no,no,0.9999999989999999,0,2
learned_hands_consumer,majority,1,3,309,24481de31a2b3036d71dc474adac585b922e4bdfb8287ce43a3ff34846620b73,no,yes,0.9999999989999999,0,2
learned_hands_consumer,majority,1,2,310,13b626d60d254c4999ca862d60b0f13ec9378504e9fa2fa1c002db747518bc7b,no,yes,0.9999999989999999,0,2
learned_hands_consumer,majority,1,0,311,97939ad30f5a35f45ccb7fcb190a65552ca404ca227456e1ecb4f5a57c3bed17,no,no,0.9999999989999999,0,2
learned_hands_consumer,majority,1,4,312,8616d00b5609b9a12db9741cc2c276068fbfffd9d02b80e12bf3dc55ef37b07c,no,no,0.9999999989999999,0,2
learned_hands_consumer,majority,1,4,313,65e5a2fd7a388ba873ac967c48adb5664e74f76db3d95f15af7230c45aa27115,no,no,0.9999999989999999,0,2
learned_hands_consumer,majority,1,1,314,0b5ab1b563bc3ef18c295476f388386fadc1cf299ab20f258f1dffee0f8157b4,no,no,0.9999999989999999,0,2
learned_hands_consumer,majority,1,1,315,c70617e5ad6a4b2e699841464467e2a1387594382a39a10f5f3aa0ba238dc8c6,no,no,0.9999999989999999,0,2
learned_hands_consumer,majority,1,0,316,bc9f773c51514a7ad309a672115c1b9f79304095ccabcd53343b945d6ce19ec8,no,no,0.9999999989999999,0,2
learned_hands_consumer,majority,1,0,317,0af96d52fa6c71f1943351f5d1a07e10d961983e0c4a66784a937ad8bbaf2f0e,no,no,0.9999999989999999,0,2
learned_hands_consumer,majority,1,1,318,f4a7c81fbb4fe3b5a0cdb370b458074ab8fa6f11fe41ced9df994fd2f420f362,no,no,0.9999999989999999,0,2
learned_hands_consumer,majority,1,1,319,71d38fe12b75052be0651bda2d4f4efe697b07d365bf41cb14841da2688b94f5,no,no,0.9999999989999999,0,2
learned_hands_consumer,majority,1,1,320,60a86bc631bcf63cb1c4ced84c0f60928e57bb2abcf79c23baa53fea95cc1aa3,no,no,0.9999999989999999,0,2
learned_hands_consumer,majority,1,1,321,e06e690d6aad76f736293110bf1b57c294435c42a47933cd1acab74063fa7102,no,no,0.9999999989999999,0,2
learned_hands_consumer,majority,1,2,322,a90e11f52d0e31db828e5d845e5fc33cb9bbc6922bce8244891dbc15b22a7483,no,yes,0.9999999989999999,0,2
learned_hands_consumer,majority,1,3,323,7f6a2fb0578a33bc0482677bbc588e70a785c7bea415b62486a564b37d2364a5,no,yes,0.9999999989999999,0,2
learned_hands_consumer,majority,1,3,324,91f9aed41e41a457675d9814a53f7e293fdcc37d5ecd967c9a49b0e1b38c3587,no,yes,0.9999999989999999,0,2
learned_hands_consumer,majority,1,0,325,ca37e43e8db1c44dbbb19c01ee3aa67ed7d3e032717d029d12d8ecc1e8da9e24,no,no,0.9999999989999999,0,2
learned_hands_consumer,majority,1,4,326,2fb4fb6b593cdd7c3e2fd5c6e362a22a579395bb61b602c450cca3538b8e24ef,no,no,0.9999999989999999,0,2
learned_hands_consumer,majority,1,3,327,c74e1031658129cec56f52de73b243a87d110480b7489b898798c788c64954c1,no,yes,0.9999999989999999,0,2
learned_hands_consumer,majority,1,0,328,12a1ea95bdc51debd507323d28586d8cd6725f1b2fb39a9a12ccea37dd723d96,no,no,0.9999999989999999,0,2
learned_hands_consumer,majority,1,3,329,985ec3dfb0c350854d7b1baac2c3332760dc5c321f1cafa4bfd44c6712e2ced1,no,yes,0.9999999989999999,0,2
learned_hands_consumer,majority,1,1,330,335fb0b1b9fad31fa5c37ca3233826815b93d197d51ad6e25f3adb819181b8d5,no,no,0.9999999989999999,0,2
learned_hands_consumer,majority,1,2,331,c1a730a7b254e70e6ac0d37573a2caa83d4df82d7e52868bedaff06ebe6b6878,no,yes,0.9999999989999999,0,2
learned_hands_consumer,majority,1,2,332,2c4155ce67ad13aaa45fffc3554b95daf5261dd7f91fb8fd64dec003bfb9e74f,no,yes,0.9999999989999999,0,2
learned_hands_consumer,majority,1,3,333,6ceaa70ea927c42a727227f3a30b6f624dcea1bc117cb238827bb15af9517c39,no,yes,0.9999999989999999,0,2
learned_hands_consumer,majority,1,1,334,7d6f93cb8182ac12b92485985653cd0fd562085122909d87b4336f6ee3e4666d,no,no,0.9999999989999999,0,2
learned_hands_consumer,majority,1,2,335,cf8776ba226b044303c6bd7ec8aa16cfacbe82cbb01b00fe365ab899a5adc5f8,no,yes,0.9999999989999999,0,2
learned_hands_consumer,majority,1,2,336,63d2423f809c612df5098e911ca5ba908d510a563c38c6d97d504e390d18c390,no,yes,0.9999999989999999,0,2
learned_hands_consumer,majority,1,1,337,52f14dd7aea76b56f013c46377c11006c81b564a73a8fa44e2a4843c3f9ff85e,no,no,0.9999999989999999,0,2
learned_hands_consumer,majority,1,4,338,cd0992eca3b3ebd4ffcc36e8430e138824f9b105e6764dedf74a8ce2d5549fe4,no,no,0.9999999989999999,0,2
learned_hands_consumer,majority,1,4,339,5a8803fcccb50853b2c3856ee82785bd156f862dd26d34c99efdea4519a7e214,no,no,0.9999999989999999,0,2
learned_hands_consumer,majority,1,2,340,617fea7762c73987c8e9da050c8cae25a1aefb6ea95ff5d081b8e51f028dbf2e,no,yes,0.9999999989999999,0,2
learned_hands_consumer,majority,1,3,341,d4093169f98d05e7565a5542038529f1fab35b60cfe43127811daa861d935feb,no,yes,0.9999999989999999,0,2
learned_hands_consumer,majority,1,2,342,e8a22694731ba2e5a7312f7d4a02b03f7e4bc081c76f7068d665ec82ab92f3c7,no,yes,0.9999999989999999,0,2
learned_hands_consumer,majority,1,2,343,7a0a05fc729a8f64cbb6ca9c295a3805e152b645fbd81571861db6a5918d5618,no,yes,0.9999999989999999,0,2
learned_hands_consumer,majority,1,3,344,1de94b175a0dc3b16576ef02ea9b734786aa3bc35b5be8fbeb644479593c01bd,no,yes,0.9999999989999999,0,2
learned_hands_consumer,majority,1,4,345,7eba9bd21b877177f0ea63bb88313953a4c47a8eea950c93500fbc398e54e665,no,no,0.9999999989999999,0,2
learned_hands_consumer,majority,1,1,346,aa01251703c5de088b207ee1e21487e51f88caf08d8d578aef87fead3ecefced,no,no,0.9999999989999999,0,2
learned_hands_consumer,majority,1,2,347,e9f5e96f340dd75e497ed93a4a1e722cfce986d2cec52aaa027ca7778586ad19,no,yes,0.9999999989999999,0,2
learned_hands_consumer,majority,1,0,348,4b9f93fed8e41a2a2c5f0994cdca3aca0eda1b96dbd2f74d5afcd2a43889c2e8,no,no,0.9999999989999999,0,2
learned_hands_consumer,majority,1,3,349,f05855943024f908afbb53b1527e164e7e5e5ad16ec0192747e08513f2bf77c0,no,yes,0.9999999989999999,0,2
learned_hands_consumer,majority,1,1,350,1c49793aa9d1312bd32ea93d0d8c4aefe10836b786d8cadf7c97738717ce9d31,no,no,0.9999999989999999,0,2
learned_hands_consumer,majority,1,2,351,580b5ac0770fb1b9a6472f9a88911a26a88cc2d70c1aa230e26ba6905581d32b,no,yes,0.9999999989999999,0,2
learned_hands_consumer,majority,1,2,352,d1a95b753ee546201b5cf71e8a8910ffb93f06b981363dd24190b9627693f2cb,no,yes,0.9999999989999999,0,2
learned_hands_consumer,majority,1,4,353,f123cdff3722febd99751bb5a64770c85fc6707f63c07bae56510ead6672a690,no,no,0.9999999989999999,0,2
learned_hands_consumer,majority,1,0,354,013a1816aae065dc4d8f6a910347c85c867197f1497645a47e5cb14cab38f57e,no,no,0.9999999989999999,0,2
learned_hands_consumer,majority,1,0,355,d27505c28fcef3d7434ea6bd8d7130e051f02503586c1526d71160be1310e40f,no,no,0.9999999989999999,0,2
learned_hands_consumer,majority,1,1,356,1130e23cb8e7f0a6fc9e659f4c94b732fa1953b7a98b3a9fcafb074532c54af8,no,no,0.9999999989999999,0,2
learned_hands_consumer,majority,1,0,357,9a69a9f0e0418372ec3def21b9ce927af42a49df1d185967290ada823319ad8e,no,no,0.9999999989999999,0,2
learned_hands_consumer,majority,1,2,358,d0b3728beaff318ee83ad916c45c5c6802c6634bab63d6de065eff3af6bb2839,no,yes,0.9999999989999999,0,2
learned_hands_consumer,majority,1,2,359,492cdbdcc254342378744c1f8b9dadd066628ace9a1a65a515633708701c9342,no,yes,0.9999999989999999,0,2
learned_hands_consumer,majority,1,4,360,7c272499aa6af5b9c7b2de749a65adfa813cdc4061012c6f9a62fda253e08104,no,no,0.9999999989999999,0,2
learned_hands_consumer,majority,1,3,361,e09a2160df994ff65eac81266e80dbb544860bb0bf9a7322caeeaddef40d8ffe,no,yes,0.9999999989999999,0,2
learned_hands_consumer,majority,1,3,362,7c408b03bdd1535120a56621fe2fc9d7c4ef4b22699b623e4970ee45767ebba9,no,yes,0.9999999989999999,0,2
learned_hands_consumer,majority,1,0,363,c41ad8c362d3233072dfc9f51c09010958870b25d095046a29cc7e47cafd392d,no,no,0.9999999989999999,0,2
learned_hands_consumer,majority,1,4,364,67f538667db398f86344c56348d00c791c1ec9ac0aff37d556bb99dd32897983,no,no,0.9999999989999999,0,2
learned_hands_consumer,majority,1,4,365,ddf035db365fff2212de2488a54adb763abc3e92a2dad325570e9d3251388841,no,no,0.9999999989999999,0,2
learned_hands_consumer,majority,1,3,366,aee3ace2d8ef27f3660fab84d93dad6ad86bf221676864042357c5e92059a85e,no,yes,0.9999999989999999,0,2
learned_hands_consumer,majority,1,0,367,9913f5e62a1afcba67bee35c05d650381598f5b2c1380d1bb2a0f2ae1cc63e6f,no,no,0.9999999989999999,0,2
learned_hands_consumer,majority,1,2,368,00c018554b47c9496be37e1420e4483569efc3e3631c681205edc2ebb9c5b095,no,yes,0.9999999989999999,0,2
learned_hands_consumer,majority,1,1,369,2c68763833a784dd4f1a5569f0af102d4fcf6b344f917b9d6e68c91bf223385f,no,no,0.9999999989999999,0,2
learned_hands_consumer,majority,1,1,370,c585104773d1883d86927f2b034566efd206fde08fe7e1d63efcf06f6ecd9275,no,no,0.9999999989999999,0,2
learned_hands_consumer,majority,1,1,371,7387a5e5fad938d7e99b2c7c1f6e1158d97aec42e8d1218a21f1bfbd2e5ccac3,no,no,0.9999999989999999,0,2
learned_hands_consumer,majority,1,3,372,8a778c2a7882c353ea19f4b4177b18f73596a4d0bdf7c066488b237259d5c92e,no,yes,0.9999999989999999,0,2
learned_hands_consumer,majority,1,3,373,66c80303be317d1ece0aedd4cef8d908db80607ebada9bb9e122cc5c60b05acd,no,yes,0.9999999989999999,0,2
learned_hands_consumer,majority,1,2,374,844bffeb2e27126213a382107f2bfbd2eeb29a0aa34b39db7c237d94aa21dc6c,no,yes,0.9999999989999999,0,2
learned_hands_consumer,majority,1,0,375,ecc85367e5cf37586c263dedf5b348a050bbdf6b9249645651c148dca3f30d6a,no,no,0.9999999989999999,0,2
learned_hands_consumer,majority,1,1,376,2e572efe17abde9794ed1ca8e76aab48311dffe6e5f091aaf53a537351a6ec4b,no,no,0.9999999989999999,0,2
learned_hands_consumer,majority,1,1,377,8339831d993a8f59979c34ab2a332854935bb45ade809ebc382fde5b95859c6d,no,no,0.9999999989999999,0,2
learned_hands_consumer,majority,1,3,378,42142d842605f05b949df18cb8a99bb35cb5a3e606e1f59cff43626743752be7,no,yes,0.9999999989999999,0,2
learned_hands_consumer,majority,1,4,379,84f150b50421abc72aea1ff2b9e810ed64fba7c4f9d5ac41a9be6e901d2ee310,no,no,0.9999999989999999,0,2
learned_hands_consumer,majority,1,2,380,e87ddebafaf120552bd4e34cf6953ec369024fb7fc6e707e8c74058e178b1363,no,yes,0.9999999989999999,0,2
learned_hands_consumer,majority,1,1,381,1338d4a9807f0d53047962b57d76cf583420487b44853e8aaab6f0d6d454688b,no,no,0.9999999989999999,0,2
learned_hands_consumer,majority,1,3,382,ec007d3323dd2053bf052016919bc0af90796fa0ca1b0409c6082066ee97a50b,no,yes,0.9999999989999999,0,2
learned_hands_consumer,majority,1,2,383,d2cd0e5ee933d888b506be5632aed8062b91258070bea77b00cbf7a570a68547,no,yes,0.9999999989999999,0,2
learned_hands_consumer,majority,1,4,384,b6426951bbccc28e0d00959ce601a50cfdbc42f0b030169fc40a2d195b99f4ce,no,no,0.9999999989999999,0,2
learned_hands_consumer,majority,1,4,385,a7f2631f19f997f8dde0f842d8a44c6be3a43a0e33208d7f010eeb998aedd90a,no,no,0.9999999989999999,0,2
learned_hands_consumer,majority,1,2,386,ee780d03a703ecf7ba9c48251e78cd4e9b7af05645ad48fff61fa919cf492135,no,yes,0.9999999989999999,0,2
learned_hands_consumer,majority,1,1,387,2a45a35e29096acb668fa0ef232d5755b039d19bbf414f441fa03b6c6964e833,no,no,0.9999999989999999,0,2
learned_hands_consumer,majority,1,1,388,db01549ee1c2f8c8cddf1988e9091c11b9c05afae796574b4aa7e58eeebe1ec7,no,no,0.9999999989999999,0,2
learned_hands_consumer,majority,1,2,389,63faab04056ecaa75521d5f981daa271b06f41399397a77f5b18772f7982501b,no,yes,0.9999999989999999,0,2
learned_hands_consumer,majority,1,3,390,ae83caf06a839c78cbe1c040b85f5774b377a68c7cd5ca4e2df1e6b808f5c1b1,no,yes,0.9999999989999999,0,2
learned_hands_consumer,majority,1,3,391,9a3dd5e4246141a2e5cb3351f2f44bd41b29e28912043c8883ba1ee127ba989b,no,yes,0.9999999989999999,0,2
learned_hands_consumer,majority,1,3,392,df2ca5f08012ee422366badb625b7e85f8f8d13eeebbc8ec9a4e52cb9755e245,no,yes,0.9999999989999999,0,2
learned_hands_consumer,majority,1,1,393,77b2b7af3d2e7d92346d21688da079b282d2e31d80505b4c19a05b664ed10fb6,no,no,0.9999999989999999,0,2
learned_hands_consumer,majority,1,3,394,ce03177700db149631f5a0748437e3e8ce566671b3939640d10d100e63e3fd16,no,yes,0.9999999989999999,0,2
learned_hands_consumer,majority,1,3,395,a47f0ccc3396c563d1d54cfa509c381c6e8ffadc05e947351c2c88540f5992b2,no,yes,0.9999999989999999,0,2
learned_hands_consumer,majority,1,0,396,d28d9b72ec96132abafad4420752c4f56363e197e4763aacee93a17b42e571ae,no,no,0.9999999989999999,0,2
learned_hands_consumer,majority,1,0,397,c6571efea3285b8369d41b3dd25ef48c253a0e321fcaeefa5d4e89023afe6cd5,no,no,0.9999999989999999,0,2
learned_hands_consumer,majority,1,2,398,3f37d027870da81cb661495002a1a7fc86a664b28df5b372c3384fa16ab115db,no,yes,0.9999999989999999,0,2
learned_hands_consumer,majority,1,4,399,1195fd2a250615c2ef282030a1bd1f0805e2944f0343faea81ddf121d0ccc994,no,no,0.9999999989999999,0,2
learned_hands_consumer,majority,1,4,400,52755383856e91c2af9d9af2cb1b6b5e2474b17de3d5bc750e466a0cac60f774,no,no,0.9999999989999999,0,2
learned_hands_consumer,majority,1,4,401,79a5f35751c76695e1441ec78b28a225fca1c41ea9c82882b2fc5535aa52607f,no,no,0.9999999989999999,0,2
learned_hands_consumer,majority,1,1,402,e8b28f4ace8f9d83a962e68403786fac2eb9f58c6f2f6f2fb4f640879cb943c8,no,no,0.9999999989999999,0,2
learned_hands_consumer,majority,1,0,403,49b50604e1e593b1474257b9770d20e0a60ddcf54a8b6890e153124f746b8275,no,no,0.9999999989999999,0,2
learned_hands_consumer,majority,1,0,404,9d7dcd2eae72e13950ca10701a907c961252af1dd61008203f0937eed002f2d9,no,no,0.9999999989999999,0,2
learned_hands_consumer,majority,1,2,405,3f5ca9261b2891516e2a5d24447411595d9562c1ff20862e0b1016f7ff1c32e4,no,yes,0.9999999989999999,0,2
learned_hands_consumer,majority,1,1,406,4e20b69b4d085a8af12bd1e5f9d7e6232d82ab680cfc25e9a64195c6513cabd3,no,no,0.9999999989999999,0,2
learned_hands_consumer,majority,1,0,407,9000d55fade254c6ca05e4c143c5341da66479eca3cc7fcba053382ab0a06d2f,no,no,0.9999999989999999,0,2
learned_hands_consumer,majority,1,2,408,1d4a66a5ebbe0fede76d2d78db8f5fc9f6c99b17daeca5cfecf1d41b10cf80b1,no,yes,0.9999999989999999,0,2
learned_hands_consumer,majority,1,2,409,c6ab1cc27fcf3c46640e8614bb3cef65334f694f0dc7ebf7c14f0f95ff582cff,no,yes,0.9999999989999999,0,2
learned_hands_consumer,majority,1,3,410,2808314a91f63cd0f210000ca0d99e536b41a5ef2a38b09b99706154ed097563,no,yes,0.9999999989999999,0,2
learned_hands_consumer,majority,1,3,411,add411cc48fc3dd30ad7eef9eb447a04c306289987db61ee0f1a60eec669366a,no,yes,0.9999999989999999,0,2
learned_hands_consumer,majority,1,4,412,c5e98cba61f5b7e99d394fd52e37b44f2fa2d4bd59a64a4fa6df5eb9c7d968ee,no,no,0.9999999989999999,0,2
learned_hands_consumer,majority,1,3,413,b065f229dea495ea981117badbe33bbb78f927032d079f6b45b57b9ff319ee3f,no,yes,0.9999999989999999,0,2
learned_hands_consumer,majority,1,4,414,ba9af4f96d08829a0c9ec6aba9efeff3a00a2093dfdfbd72c8bd45f2bc9e6a69,no,no,0.9999999989999999,0,2
learned_hands_consumer,majority,1,0,415,5d18d68c26e2f66f512fe9593484b459f2bcea6aa210183c392cf7ad40ddb4f4,no,no,0.9999999989999999,0,2
learned_hands_consumer,majority,1,4,416,e78402c565c5685cfe8d6f3023b3e7d2a6cacb870295e754ff3c7bd88851a1a7,no,no,0.9999999989999999,0,2
learned_hands_consumer,majority,1,3,417,83791c54b327f91dec027e1575b5e0d327a0464147f41406fc441098e5403ca6,no,yes,0.9999999989999999,0,2
learned_hands_consumer,majority,1,2,418,2054be735fa66a7be473f7d8d284cc496f2873f3c0ac26935232ccd60f9de832,no,yes,0.9999999989999999,0,2
learned_hands_consumer,majority,1,1,419,bab1e0749854088c9ef136c8cc309c034a76a764cfc21fc0ff53362e4861636d,no,no,0.9999999989999999,0,2
learned_hands_consumer,majority,1,3,420,27beb276d0fba5a8e870d21c77162c178327fc1ad4e1c391cbb90aa0b33604e5,no,yes,0.9999999989999999,0,2
learned_hands_consumer,majority,1,2,421,a1f504238378627ada42e6b4a5188dc174b5f75652a150163843892064abb22d,no,yes,0.9999999989999999,0,2
learned_hands_consumer,majority,1,3,422,a005428946110152b42b0ec6663ca35a25f83f6d59f5b03454dc6b5ded6ed03d,no,yes,0.9999999989999999,0,2
learned_hands_consumer,majority,1,1,423,9cbbae94185f89046b6054bb9bccf79344fd2aa88fe2a30fc15f75d34aacbef3,no,no,0.9999999989999999,0,2
learned_hands_consumer,majority,1,1,424,3be047961cac24031e53731a39990092e5be49c19c1bf50858f360635095935d,no,no,0.9999999989999999,0,2
learned_hands_consumer,majority,1,0,425,ce81291a07edef587b6b3aadc6149395b531a8bc2ccd91e5c553fafdef0a6317,no,no,0.9999999989999999,0,2
learned_hands_consumer,majority,1,4,426,e39dbe75b89613b758ebfbe9bb10832f0a92b0a0f06161e751f68ee02db8bc9e,no,no,0.9999999989999999,0,2
learned_hands_consumer,majority,1,4,427,77f8b279f1b0c7568831f06897e485c63de90d157e9f5bdffc950d8b5339b76b,no,no,0.9999999989999999,0,2
learned_hands_consumer,majority,1,3,428,196d1c980028958aa696f055758fa3b2f6507b7e90205d1bb8c1232f9ed33879,no,yes,0.9999999989999999,0,2
learned_hands_consumer,majority,1,2,429,867ba8abbec80d2ad80edb9dbea0eda8dc5dcbafdfbe36aef9c42b95537f0f61,no,yes,0.9999999989999999,0,2
learned_hands_consumer,majority,1,2,430,72af3f1cbcff79519e8d830ce39f1aaf8bc7b8e3c6a420f8e0cd0db3ab43e396,no,yes,0.9999999989999999,0,2
learned_hands_consumer,majority,1,4,431,8ccfee9549ab36622cbef033779481a4709533ba1916a502e4daa4bee8356d6f,no,no,0.9999999989999999,0,2
learned_hands_consumer,majority,1,0,432,f86e733c4aa27750c91274e7c1d24ef7fdb6886dedd3cd183e02ae97b21b71a1,no,no,0.9999999989999999,0,2
learned_hands_consumer,majority,1,4,433,4e5a84a0e6bc8a79290a97622c2e27f93f35d3bc1d958a174621ce41587bc723,no,no,0.9999999989999999,0,2
learned_hands_consumer,majority,1,3,434,60115ad7adfb7cd44dc9d3974fa6e91f75d4314b459afb6ad7cf046ec468f5d0,no,yes,0.9999999989999999,0,2
learned_hands_consumer,majority,1,4,435,c2f8f30d2f33de3ff6d230fe420907389008f3f32d850a0d46c02bed9d4d96a6,no,no,0.9999999989999999,0,2
learned_hands_consumer,majority,1,2,436,c260b7498f71fe45f1424fd2b9a9839f565e405a7d4dcec0225cc32b31aa3ddf,no,yes,0.9999999989999999,0,2
learned_hands_consumer,majority,1,1,437,946f42d7871538b510e3f3addcd2c214d51128c8b0d1497d15b7386ba0a1356b,no,no,0.9999999989999999,0,2
learned_hands_consumer,majority,1,2,438,2ccf77520a102a3a7f63b623e6874716be7a1cf26d8c0f666f6e7470e9e4c438,no,yes,0.9999999989999999,0,2
learned_hands_consumer,majority,1,2,439,a701c75cc7ffd4dd2d848114d88c55877c21ca6bc554b06f7a780af98fdede78,no,yes,0.9999999989999999,0,2
learned_hands_consumer,majority,1,0,440,1512241f1c901913c1bcb63d7c6958e6e29007920502c9eb4c9eb5dfdc429779,no,no,0.9999999989999999,0,2
learned_hands_consumer,majority,1,4,441,8efb01893e2894f9a68dd4abe86e1aa3273c502cb488596dc29f5385ecaeb2c7,no,no,0.9999999989999999,0,2
learned_hands_consumer,majority,1,3,442,1d2a94502aece3443e17b2cb63dfe225b7a8aeebd081ddb65e6bb2f671212a17,no,yes,0.9999999989999999,0,2
learned_hands_consumer,majority,1,3,443,0163ad6ff34e85877a0adf35a59c1a346599711f69d7bf4891317aada189c78b,no,yes,0.9999999989999999,0,2
learned_hands_consumer,majority,1,3,444,8bd8da3916ab6140c8983ae16bcdb2e8e857d786d5b0a809729486e67a0812d0,no,yes,0.9999999989999999,0,2
learned_hands_consumer,majority,1,3,445,04302b33dfe27e60dab505555f6ba88813973ef1386f0c8b08205ee51891f0e6,no,yes,0.9999999989999999,0,2
learned_hands_consumer,majority,1,0,446,1afd1fc0fa21504408f161026b0213f082b591b552e5a77213bf65d60bf4612b,no,no,0.9999999989999999,0,2
learned_hands_consumer,majority,1,2,447,d1d3852aceaedd7f13c819c848f14ecc6dc897da4bfa78ed063ef32ce2ac63d1,no,yes,0.9999999989999999,0,2
learned_hands_consumer,majority,1,3,448,04a31af43a0322d4e234770268a71818baa3b9f7193dc123c6ce1e4fb24f3e72,no,yes,0.9999999989999999,0,2
learned_hands_consumer,majority,1,3,449,a8e84a61c494345c5650ad8117693f333deabc9e041a3b4a22aa1d06393231ed,no,yes,0.9999999989999999,0,2
learned_hands_consumer,majority,1,1,450,0854abafaea9b69c2c49c5f64e9f3c95f596dea3588670571b1ed57b744f59a5,no,no,0.9999999989999999,0,2
learned_hands_consumer,majority,1,0,451,9f25eaeb6f65236347aee880ca9534bfc163ad085b06fa72eeb67b405f5f1d62,no,no,0.9999999989999999,0,2
learned_hands_consumer,majority,1,1,452,cbfecefec8a53e69aa8f367aea02a4727b7ee5554da9e45a38e31f065cc3c169,no,no,0.9999999989999999,0,2
learned_hands_consumer,majority,1,1,453,bc4a406688a7b5efef17bfb1b4edbc67f35a63b3de8702b8068df824d666583b,no,no,0.9999999989999999,0,2
learned_hands_consumer,majority,1,2,454,1c6dd5d561b55e7031e5f2adc0da0e9723f06c4b23e08e8904fc1e27c13cd9c6,no,yes,0.9999999989999999,0,2
learned_hands_consumer,majority,1,1,455,932d945f027160e21bfd51184d91d8727cfdf60e72226309e7516cc368fdc515,no,no,0.9999999989999999,0,2
learned_hands_consumer,majority,1,1,456,27da743642e6fe9e9f70f9ff5b3c8febcdf419aed6c38e5e67fa09294c9d6ab9,no,no,0.9999999989999999,0,2
learned_hands_consumer,majority,1,1,457,74043fddd5dce444be8d653b1c6f225528ef532997c766cbce4e5c660ade622d,no,no,0.9999999989999999,0,2
learned_hands_consumer,majority,1,1,458,f417273fdbac343a73e3321b40e14d3eafed51eea5cb6c8b788b4ea1eb0afd8f,no,no,0.9999999989999999,0,2
learned_hands_consumer,majority,1,4,459,df68371ca953f13c782ca05591a597acc4b878650efb047c1d8da558f203219e,no,no,0.9999999989999999,0,2
learned_hands_consumer,majority,1,0,460,5a1f2ce82b72f9c1266df09ac2c4d257aa3bee8f5b3972e0fc839db712595ca9,no,no,0.9999999989999999,0,2
learned_hands_consumer,majority,1,0,461,0b54969a9e57430db4a328e94f100a2c17ce2ecd53896ee28aa064697a2b1d8d,no,no,0.9999999989999999,0,2
learned_hands_consumer,majority,1,3,462,0bab903026b7c3c9333fbe20f96dcdd314852e6516b76ab0c53d206790eefac6,no,yes,0.9999999989999999,0,2
learned_hands_consumer,majority,1,4,463,41fa77f140f955deec510a2825da39c611b3256f06db66f38fab47e7b78d20da,no,no,0.9999999989999999,0,2
learned_hands_consumer,majority,1,1,464,2425edeaa0bb4c18efdb8f3cf3549bd1e238423ef48243512eb592127b04ee0e,no,no,0.9999999989999999,0,2
learned_hands_consumer,majority,1,2,465,987eae7153585e7a2a0d88ba16f6807b131129542c68eb9138781ebed69e8cc2,no,yes,0.9999999989999999,0,2
learned_hands_consumer,majority,1,2,466,b24b2625eafa8e1b32b1e246012edbc8db39764b08f08c67c920f3b3350fe9ea,no,yes,0.9999999989999999,0,2
learned_hands_consumer,majority,1,2,467,35b9bab2880db0b2d36d825afd233bf57bda9e5eef479a37b70a41a36c5a5879,no,yes,0.9999999989999999,0,2
learned_hands_consumer,majority,1,3,468,6f958da8adbf8531a95cda9abd9c5210f97bffa964d37b7cb0442bcb31d14c37,no,yes,0.9999999989999999,0,2
learned_hands_consumer,majority,1,0,469,9e30b352d1c79225ed762c8ded34d155a8f1a9acb805c8f881ea24631aafaca6,no,no,0.9999999989999999,0,2
learned_hands_consumer,majority,1,4,470,6b2d81f7309dbbad5fd9af0af6a0d5e5c76e6ba2b87feadee3468b273edf16ad,no,no,0.9999999989999999,0,2
learned_hands_consumer,majority,1,2,471,eaaf0b7320c280140ad331ea0601675c5fd7ff6a885286c80d46ea113a3cab17,no,yes,0.9999999989999999,0,2
learned_hands_consumer,majority,1,0,472,4e19f210464ca73a7f7a58cd3218cec482dee93c4f53abed18732ac581733e3c,no,no,0.9999999989999999,0,2
learned_hands_consumer,majority,1,4,473,4115fad9f9b83db5ecb78a9be61669ad1018516abc1227f075d62f7563f98f22,no,no,0.9999999989999999,0,2
learned_hands_consumer,majority,1,0,474,f0cadb5492e0ec183a3a3ea7616ae472ae6eff8bbcd445c563fa7c23da261ca5,no,no,0.9999999989999999,0,2
learned_hands_consumer,majority,1,4,475,531a57b154dbd769d4108e15531d27140a960b9c18d233351c7d62f188b8f6f1,no,no,0.9999999989999999,0,2
learned_hands_consumer,majority,1,4,476,8fa4139dbe239bba25434909e55f2fa80c50269832bb68550d65299db5619836,no,no,0.9999999989999999,0,2
learned_hands_consumer,majority,1,4,477,9aec94ea158756c81b27ab95c8b331de3d51619d6ed22d22437d837182c56810,no,no,0.9999999989999999,0,2
learned_hands_consumer,majority,1,1,478,dc31283a842264461700a1d07d553bc3be03295a75df6770fa6c06015b16fc4d,no,no,0.9999999989999999,0,2
learned_hands_consumer,majority,1,4,479,d8bcfed355b99213c89ac1a9ff427c6c4b1ed05f140ef324e243fdff43ed062e,no,no,0.9999999989999999,0,2
learned_hands_consumer,majority,1,3,480,01de597cf467f8e74cdcd5967327e64399908a15ce5348852dd9dd952a970715,no,yes,0.9999999989999999,0,2
learned_hands_consumer,majority,1,0,481,6d3f546cc7e65f909112f42a52f7c36c1144c6845909f5c0f68d093fbfcdd8fe,no,no,0.9999999989999999,0,2
learned_hands_consumer,majority,1,0,482,76ed3dfb2ec9e6a39f0bdd9bfc8057cdacba2af71015e9bdb02dc0313489169f,no,no,0.9999999989999999,0,2
learned_hands_consumer,majority,1,0,483,931e120b8c3a8979cf4a37513bfbbf87c5b064b350a60733e2408dda7477646e,no,no,0.9999999989999999,0,2
learned_hands_consumer,majority,1,0,484,cecaae8addd481078cd53a5a69e5d8da4b6a98a516613269f4137b01782983d7,no,no,0.9999999989999999,0,2
learned_hands_consumer,majority,1,3,485,b07d2a4ff6a8dceaa18e35705a350c09b7e7f46cd67cf1e630b3cf325c46cc0f,no,yes,0.9999999989999999,0,2
learned_hands_consumer,majority,1,3,486,012a4657825e2d7e50ec63501a9322690acfd4226e288797e79c2df8d26962ba,no,yes,0.9999999989999999,0,2
learned_hands_consumer,majority,1,1,487,20b699538b4fb5aba69b8c97153f171766a2c4674e8e33eac9eebb1206529fe5,no,no,0.9999999989999999,0,2
learned_hands_consumer,majority,1,4,488,c837c365cb2af81ad03b9121ec3ef43ab40d330362b3b4a17acbdc6fe37d85d0,no,no,0.9999999989999999,0,2
learned_hands_consumer,majority,1,4,489,ed3eae30ccd079f9f129d55e81fae1839ca02ea3e96d61c56b1ccf55fe84687e,no,no,0.9999999989999999,0,2
learned_hands_consumer,majority,1,1,490,18d65e6e4ac267b954fab721a8d2cabcf4346e461537cf69de5e72f51a7c5a79,no,no,0.9999999989999999,0,2
learned_hands_consumer,majority,1,2,491,1de0c196d21d27621ca7c6e1b0386331881a85a41a05c700ff3c5d698d48eaae,no,yes,0.9999999989999999,0,2
learned_hands_consumer,majority,1,3,492,daaaa7023a2b99c5064d440cbb801b79c0f04aca364a814e84dc1c4dfc3865d0,no,yes,0.9999999989999999,0,2
learned_hands_consumer,majority,1,3,493,ba5d6e2c09e4d63bb1beb689879578b510654791dece0cda170619655fbe60bd,no,yes,0.9999999989999999,0,2
learned_hands_consumer,majority,1,3,494,0769d7b7837170d8be575bfc0f6247cb8aa473af2eea89363f68c41a10d2c7e0,no,yes,0.9999999989999999,0,2
learned_hands_consumer,majority,1,0,495,cc8b2d0978320bbe51dc5e4b1de74ef4b9b277de2e23e12d234df5eb07e460e7,no,no,0.9999999989999999,0,2
learned_hands_consumer,majority,1,2,496,e613741978772ff2af35a8e2703f6574aa51e0f59b958d0ac40bd784a691696c,no,yes,0.9999999989999999,0,2
learned_hands_consumer,majority,1,4,497,30fc1431cc1bd1aa3cf2160a194f94ab74b259ec3b1a245d9a44d4c7cd36702f,no,no,0.9999999989999999,0,2
learned_hands_consumer,majority,1,1,498,3e84f9a77980c8201610e1fcd383fac5825e27ba6d5747b53d07a15d820d1826,no,no,0.9999999989999999,0,2
learned_hands_consumer,majority,1,2,499,45f440261959716e956eeb1411ef4686bed9e9775d8fda7f31816a338fa7aa25,no,yes,0.9999999989999999,0,2
learned_hands_consumer,majority,1,0,500,3369d09eaa0b33274bebd84d0cf53afc9ebc6dd6dbc8f7ea6cdc98d71324c90b,no,no,0.9999999989999999,0,2
learned_hands_consumer,majority,1,1,501,310cdecdcb36d755a158b4b234f965e433bc5d653ce95ec34814c492542b6e9d,no,no,0.9999999989999999,0,2
learned_hands_consumer,majority,1,4,502,3f4cf00bdfec2adfe98cd9ed014b1bda2da6b65d534ee0ae60f5a1f4cc7d8bed,no,no,0.9999999989999999,0,2
learned_hands_consumer,majority,1,0,503,bb5add493ea70afa2c752943a32010d534375afbf274f76364f5fd08c8551486,no,no,0.9999999989999999,0,2
learned_hands_consumer,majority,1,0,504,04a671661b4a945504156fd0073b7bf79e85f7d32382c0d0180634ee46e850af,no,no,0.9999999989999999,0,2
learned_hands_consumer,majority,1,0,505,fd1fe8184fbcfa582a0b2176a6b8d3a33eb68e84c3e941c4565a70212f082b27,no,no,0.9999999989999999,0,2
learned_hands_consumer,majority,1,3,506,231ee3f5f275519cba825473068fc96cf01d3913b5d14fb747b2bda5abc8ab6f,no,yes,0.9999999989999999,0,2
learned_hands_consumer,majority,1,2,507,6739991faf5aa8fa1e6c64dd6d08390a1287fc09742cac2994b33432d5338df2,no,yes,0.9999999989999999,0,2
learned_hands_consumer,majority,1,4,508,37ec98dd44986f754e0baa73863d4c9210b359d2ba344ae645cbc8abb39da92f,no,no,0.9999999989999999,0,2
learned_hands_consumer,majority,1,1,509,b49a2505659c683cb11a3df13847ac8045a46adfd8192d2c76391a8803a1f4c8,no,no,0.9999999989999999,0,2
learned_hands_consumer,majority,1,0,510,a8217fa585bcf051c42ce021792455104c0b30538cee9d1851b1d4287e25e0f1,no,no,0.9999999989999999,0,2
learned_hands_consumer,majority,1,0,511,e9985a996c1b2327f2216eff3e962fc84a378f193e0d95ba12e5529bf99d15a9,no,no,0.9999999989999999,0,2
learned_hands_consumer,majority,1,1,512,df1f494b116ab1943fdfa5b41fa750c836fe604c800651280911f0dc4580a3f8,no,no,0.9999999989999999,0,2
learned_hands_consumer,majority,1,3,513,be04d6d56aebd1e9f64044842226e835ae6154a25190109a1e2e0693bee8e9c3,no,yes,0.9999999989999999,0,2
learned_hands_consumer,majority,1,2,514,da3a06f0dd47af3a2b4ad51ae4de160a3f203e163224d6995c3218e0611096d0,no,yes,0.9999999989999999,0,2
learned_hands_consumer,majority,1,2,515,5c56a2375937744f352e8a6ee8be863d82c01648dadf59d6e0540e4d4cd3aa63,no,yes,0.9999999989999999,0,2
learned_hands_consumer,majority,1,1,516,77ff7a6cc1e79bc95cfd0df1cf2351b19e130cc482374a04d5967c1a85d54773,no,no,0.9999999989999999,0,2
learned_hands_consumer,majority,1,4,517,4a00c73ae7c6524fa4c17e987d72c3f6fa272236cacd79ed166db4d45eebb2aa,no,no,0.9999999989999999,0,2
learned_hands_consumer,majority,1,4,518,57d7010f1071da7d8e1852e639021c19ce4b58849818194549f19da7d793ed5c,no,no,0.9999999989999999,0,2
learned_hands_consumer,majority,1,2,519,b0346537dd7db9e6927d457dddb797ca2160ccc494e76289b9cefcedf036ceb3,no,yes,0.9999999989999999,0,2
learned_hands_consumer,majority,1,4,520,c2be9f06745a8c52db0133bd1fd943903f7fbaa625b0d3d34c2fce9d0ae875e0,no,no,0.9999999989999999,0,2
learned_hands_consumer,majority,1,3,521,75d05aaa2c22410aa8b7fffcafce5468bcd99117194cefbea4e1ac86f5f351f4,no,yes,0.9999999989999999,0,2
learned_hands_consumer,majority,1,1,522,db05d6507e5e3fa1d10142d3d8a1447182ad4bbba3e4a8370275f7fa482603f1,no,no,0.9999999989999999,0,2
learned_hands_consumer,majority,1,2,523,0cd164612e455d558e41fa9eeac7cdf9afda934ca9be5ff6ca58723a0d4f1a00,no,yes,0.9999999989999999,0,2
learned_hands_consumer,majority,1,1,524,64748ff82f5a0b3935c4b036e55eaa3dedc4952ea2df451bb4489eeb560981ca,no,no,0.9999999989999999,0,2
learned_hands_consumer,majority,1,1,525,b84cafbdf8906d4952f89b6677c260f193b288cde9bd9a044da00429a5c1788c,no,no,0.9999999989999999,0,2
learned_hands_consumer,majority,1,0,526,c2c2b5dbf3e12a911a20a8938927cbc7333ac84a79c8659cefb4366be01ff7c4,no,no,0.9999999989999999,0,2
learned_hands_consumer,majority,1,0,527,60c6f915b166a49f3d467e29663aefd916fdb4febc3aed6e9f86dc861d89cdb0,no,no,0.9999999989999999,0,2
learned_hands_consumer,majority,1,0,528,5b8d9992b62967320c49f0330151d6b9b87e86c8b4abbfb6622903ab97a5142b,no,no,0.9999999989999999,0,2
learned_hands_consumer,majority,1,4,529,57d3ccebff848e81befa244f69489b9a171ab42168f6bbc6325439c85b7b0df5,no,no,0.9999999989999999,0,2
learned_hands_consumer,majority,1,0,530,dcc018d1aaf56509688079bc8783b9b23e0de1b677409b02d41284d2fca9040c,no,no,0.9999999989999999,0,2
learned_hands_consumer,majority,1,0,531,4d5492ff6e79ebaf69bd06ebbeabe63809050a927815a156c8a8972229eba0ba,no,no,0.9999999989999999,0,2
learned_hands_consumer,majority,1,2,532,ca3ecf1c1ef162d48d1f7e17896f1037dde115892608733e846ec86140631f89,no,yes,0.9999999989999999,0,2
learned_hands_consumer,majority,1,1,533,0305a9b842d8022160096d7a46730fab12122cf58393b7bcfe6ad6852162bdcb,no,no,0.9999999989999999,0,2
learned_hands_consumer,majority,1,1,534,3d57a7bd684e91a426d743d44a7a8feae1ccc11b7320dc7c64cdfff7f5651caf,no,no,0.9999999989999999,0,2
learned_hands_consumer,majority,1,0,535,f5d5f15ce9ba190a7120001abc42f1cf21e20e7f2a019fd07a91090882dbd6f6,no,no,0.9999999989999999,0,2
learned_hands_consumer,majority,1,3,536,903fd0d792e220feea54ad37c84686d6e6b8e59535fa16d13bc36658f1fc28c8,no,yes,0.9999999989999999,0,2
learned_hands_consumer,majority,1,4,537,9d9b4526cbe24d2a6f2890adb86aace884014a95851e78352d3f4ff1cdcc50dc,no,no,0.9999999989999999,0,2
learned_hands_consumer,majority,1,4,538,30a2b5df9ae4ed2e010f7c2d068372ace7e2577350940484bb48430ae9ea7278,no,no,0.9999999989999999,0,2
learned_hands_consumer,majority,1,4,539,14dd48f8f89acc71cb973a464b51478fbbeeac5361ae069ccdf18c010692573b,no,no,0.9999999989999999,0,2
learned_hands_consumer,majority,1,2,540,60cec153bbc5f214e7135f4d89ed8528e27743234f4739a1eb92e34f1ff44d86,no,yes,0.9999999989999999,0,2
learned_hands_consumer,majority,1,1,541,5588471057013e09e22216f158d5fbdc584f612606d94687c13be4b2e55f5896,no,no,0.9999999989999999,0,2
learned_hands_consumer,majority,1,1,542,dc192552b483d0ac3a6d1651b8e21b40837a9426816d9e3f64498e131d76e734,no,no,0.9999999989999999,0,2
learned_hands_consumer,majority,1,0,543,f1f6e92601fdf06f7ca1a57e7556c20884dc45c096f396b9e825f5e32c0f7a59,no,no,0.9999999989999999,0,2
learned_hands_consumer,majority,1,3,544,3c76189ba90d25579e258776ba63c3c30d8b7d53a978703cf331ee251b4e5890,no,yes,0.9999999989999999,0,2
learned_hands_consumer,majority,1,4,545,43a6bc4480553f9b0a214f75f6d48c8e8ce7abc4b7be882e01a9e9df8108a1b0,no,no,0.9999999989999999,0,2
learned_hands_consumer,majority,1,3,546,3da37e63dffad75b2ee9a58d491a68e212af0b7d71ac858045a8657165bfadd2,no,yes,0.9999999989999999,0,2
learned_hands_consumer,majority,1,2,547,58137e64ac41ed8e7e81d207383d87b5226b5658728837915a21ffd225d0754b,no,yes,0.9999999989999999,0,2
learned_hands_consumer,majority,1,0,548,c9760c7df4fc3eb826bfb31e080137911ab35ae7f2295614373536be38ff7a63,no,no,0.9999999989999999,0,2
learned_hands_consumer,majority,1,4,549,f68d2b36b0aa1fe05ff7cfefd1bef8b411b59bfd2547573231a9358ce4a847af,no,no,0.9999999989999999,0,2
learned_hands_consumer,majority,1,1,550,9d038dd0243eecf6b7473c2626d4e82af31cbb7798372022403db2c53aac85c4,no,no,0.9999999989999999,0,2
learned_hands_consumer,majority,1,2,551,1f966f4c818ddbda27cb669513c943ee46d73d5252c0de4770bae3e0b1407c6b,no,yes,0.9999999989999999,0,2
learned_hands_consumer,majority,1,4,552,47f5ff1d7bfe7621611a502c23a7ceff9d308e2a1dabd5f29755fb341ed42da2,no,no,0.9999999989999999,0,2
learned_hands_consumer,majority,1,2,553,d4edcad2012a13062a63322c80d9dda6748d539f3ccc68a8ca8515cbf779e532,no,yes,0.9999999989999999,0,2
learned_hands_consumer,majority,1,1,554,ba2d5b4602e83fd349fad98b24b38a99bfe1443da99a67d27ba98c8d58a7b182,no,no,0.9999999989999999,0,2
learned_hands_consumer,majority,1,0,555,a6dd6a0f17139acfd501f939d766455a6f082f486b04d50843f5897c950f5a6b,no,no,0.9999999989999999,0,2
learned_hands_consumer,majority,1,3,556,a1ec095ee15753680fa1dcc2cbce2e048c960c54a4c671af2b889ff01c2a78b1,no,yes,0.9999999989999999,0,2
learned_hands_consumer,majority,1,3,557,f50ac2f7ee90df358f730bee0cc541912730af6dc27f334b51ce011788751780,no,yes,0.9999999989999999,0,2
learned_hands_consumer,majority,1,3,558,6dbf7b018c755e5418a5bb8020c0e3e0b3b6c2802141270907880a6f7cf37e03,no,yes,0.9999999989999999,0,2
learned_hands_consumer,majority,1,4,559,8028cfbd1a2e6305634a58811aaf0ab86462c0aba3c14fb71b4e2d5c466e76ed,no,no,0.9999999989999999,0,2
learned_hands_consumer,majority,1,2,560,9a51675376b7b3914122130018ee7839fc678cd936b6b9ab2de64d3095595d93,no,yes,0.9999999989999999,0,2
learned_hands_consumer,majority,1,0,561,46db7874bb17bd0bfc4da9f20d511677c89d9d72e7616f5d2fea321d16a4d2c8,no,no,0.9999999989999999,0,2
learned_hands_consumer,majority,1,4,562,703e4efa32ffec639b9f5832aba111107a1d6a46aa78b9f0bcbf55786e115a58,no,no,0.9999999989999999,0,2
learned_hands_consumer,majority,1,0,563,7deec0af5174e4beb0d092237b7a51ba2fdd2750e9d0d6b70fc7c0a7dd3274b5,no,no,0.9999999989999999,0,2
learned_hands_consumer,majority,1,2,564,9f89ce31649f5aadaf8602b1ec128212bc82f53bdd4b070be2656d39389bfd3a,no,yes,0.9999999989999999,0,2
learned_hands_consumer,majority,1,1,565,52c676261b9c0ec1700eb1af704f89bafe5d3cc2fcde6e3e53ec8d62cdd6d2a4,no,no,0.9999999989999999,0,2
learned_hands_consumer,majority,1,4,566,46c570bb238fa00c335738e90e9894fd264ea59da9a43983805ace67cda3babd,no,no,0.9999999989999999,0,2
learned_hands_consumer,majority,1,3,567,0cce10f57330f13a1fa4583d7fcbaea0ea54631244d26f8a6d66cacba2bc5e86,no,yes,0.9999999989999999,0,2
learned_hands_consumer,majority,1,2,568,23d530283c7fa6d23eb17ed2448ff4204346f82e1ff6bba839e171c25a835f45,no,yes,0.9999999989999999,0,2
learned_hands_consumer,majority,1,3,569,1c260489f250e26aa71f0f67af2d93564ae951b62570cc33391ef77909e9ff99,no,yes,0.9999999989999999,0,2
learned_hands_consumer,majority,1,4,570,a069da037392da85deec01ab7ac053f17bb4d2f8fef4cefb41ffe8b522d078f9,no,no,0.9999999989999999,0,2
learned_hands_consumer,majority,1,3,571,524bb5bf6132a668b140a529e1e06fd9231839d3f515499d615f2e3cbc7aed03,no,yes,0.9999999989999999,0,2
learned_hands_consumer,majority,1,0,572,698a24f5972ce2399e34b386818b23e9f4e394b92851cbbbd6edb8b88c1afd5b,no,no,0.9999999989999999,0,2
learned_hands_consumer,majority,1,1,573,49f564d4ddfce6dfcee859f3e9357c9ab50ff9c0235c7f8261f86942a80bdb88,no,no,0.9999999989999999,0,2
learned_hands_consumer,majority,1,0,574,3ac0c82ca7beef115b86522a5f5f46bd39ba3538af171995361348eafd9b9e20,no,no,0.9999999989999999,0,2
learned_hands_consumer,majority,1,0,575,867d8d7d603b8ba49fd2224d4e9a4e31af79cb37a9eadbd99a914e0587a6e215,no,no,0.9999999989999999,0,2
learned_hands_consumer,majority,1,2,576,85d2a625103432a6e270c523b2b82873753c1aadea3a856047d52d54f77d7fec,no,yes,0.9999999989999999,0,2
learned_hands_consumer,majority,1,0,577,710dc3cc876b848944aa42d1a09e59b9090754a8d9bd4a8ec6a95c1d915c9b4a,no,no,0.9999999989999999,0,2
learned_hands_consumer,majority,1,2,578,085d8a8bf0abb16a3a525ab8ae49de081115d9b133ea5c0286dcc920fa1332ce,no,yes,0.9999999989999999,0,2
learned_hands_consumer,majority,1,4,579,b22ac3b6da6efba6a1c054601441ac802d6282b2f6c93b97b3f41378a9f9df7c,no,no,0.9999999989999999,0,2
learned_hands_consumer,majority,1,3,580,a0a8970a8f7abab6606c6c0dc4e4ed89f48960d36710902cbf788bcae8d59835,no,yes,0.9999999989999999,0,2
learned_hands_consumer,majority,1,4,581,c830685ae56b6f1b2910c6ab5de01bdcf3e93705d4ae3850481e9ae6a7ec59c8,no,no,0.9999999989999999,0,2
learned_hands_consumer,majority,1,2,582,a2b8614a6474da04bbec6a1b3421b6c93d315cc44e8958073d1b9652801f4710,no,yes,0.9999999989999999,0,2
learned_hands_consumer,majority,1,2,583,2fd3a1b7a973326e591034aa7863f5b09e42e05bb1e3f9d6cc311428d449d4f4,no,yes,0.9999999989999999,0,2
learned_hands_consumer,majority,1,4,584,f221ac70290bacf70893417c277b4fb7396aa9262713ef18f437e8c1e5da3bcf,no,no,0.9999999989999999,0,2
learned_hands_consumer,majority,1,3,585,a1f95e95ed3bf1df04e2d7306db27c5cd135ef9ea77def78c12cf2c81619e8c3,no,yes,0.9999999989999999,0,2
learned_hands_consumer,majority,1,2,586,2ce709e73ee4451d404c5cdc00ea37833fee0b356b8f16d76ff2479b2cbd353b,no,yes,0.9999999989999999,0,2
learned_hands_consumer,majority,1,1,587,618c4d63aaf62f407f26f35d636080cc1e0a032d82f4d1e04c0fb1cf65048718,no,no,0.9999999989999999,0,2
learned_hands_consumer,majority,1,1,588,4f6bc5578f8ddb17d988262058901424533577bd28369751a61118a761761e91,no,no,0.9999999989999999,0,2
learned_hands_consumer,majority,1,2,589,a9192bcdf65d01e592abf6f0b177a9853ed1c4a2b0ee8742dab11341eaee29d1,no,yes,0.9999999989999999,0,2
learned_hands_consumer,majority,1,2,590,067cce98506849a73d82e859c38940708382620ea642806d23cbb8de5187231e,no,yes,0.9999999989999999,0,2
learned_hands_consumer,majority,1,3,591,b576cd2ec8f9c40c2bb0abe987f064c2f9f1c25f94d4565ddd83377473d48859,no,yes,0.9999999989999999,0,2
learned_hands_consumer,majority,1,3,592,5913bc49040be5c85504a852ac0a112f8e7e340d2c39fb67d7067ee3450e5e13,no,yes,0.9999999989999999,0,2
learned_hands_consumer,majority,1,1,593,a25e7edfa72a41526ddc2db76023d27c2db12a24984d2e5a716da973b523f27e,no,no,0.9999999989999999,0,2
learned_hands_consumer,majority,1,0,594,d10b6556e2004b51129b987f5c4531830e2b0822cf2d7017e10a5414707669d9,no,no,0.9999999989999999,0,2
learned_hands_consumer,majority,1,0,595,d6d5572c752218b14019ec07e189728c9b3ddb8d34c3d70488fe782cc31aa988,no,no,0.9999999989999999,0,2
learned_hands_consumer,majority,1,3,596,07573b273be6697368d57299de8abf31240b9402c15219c81c2ee8f9a7f2aa62,no,yes,0.9999999989999999,0,2
learned_hands_consumer,majority,1,4,597,6dc6cf31b2c1894f7bcfb26a493a4e5756971e007f5e7be26036cf50c17d7eb4,no,no,0.9999999989999999,0,2
learned_hands_consumer,majority,1,0,598,7aa6dcf85749745744d1eb12d07f65d4b80960c401365645658ffdacc98c266a,no,no,0.9999999989999999,0,2
learned_hands_consumer,majority,1,0,599,5d91de0107b67446aed45672dcfdef4f58baf8f1c037cbe894d9bb1e9578101b,no,no,0.9999999989999999,0,2
learned_hands_consumer,majority,1,3,600,684294f8c7abfb0278d36770f016d23248fd859f28c36cd2400da167f3b2b1ee,no,yes,0.9999999989999999,0,2
learned_hands_consumer,majority,1,1,601,241cef5b8e4490252fa54625f6d6db8138d2f2b6887914926c4714fe63225592,no,no,0.9999999989999999,0,2
learned_hands_consumer,majority,1,4,602,264bdc1770e2864da6160b2fb689ad40913ffdda9bc24da7cd4f73e375da64a9,no,no,0.9999999989999999,0,2
learned_hands_consumer,majority,1,0,603,8b25bda48a03414701e65d70dfe129b08d8a1fffbfd6d253c4f8eab80b8e7ef4,no,no,0.9999999989999999,0,2
learned_hands_consumer,majority,1,0,604,a98c95b8dc90508ce61bca07aac73b3000d782c3e8bdb2d8094fa8851213e843,no,no,0.9999999989999999,0,2
learned_hands_consumer,majority,1,1,605,2e2dab0aa3f72da243e332c4316fe221543965532bf45ff04017e1820a01ffa5,no,no,0.9999999989999999,0,2
learned_hands_consumer,majority,1,3,606,f898c42315c66b3c1b4818313a33706910ac2498fef748ca5f12df32ed4ea670,no,yes,0.9999999989999999,0,2
learned_hands_consumer,majority,1,4,607,edf5ecdbda4cb86f3f4fd1969bf42ba5a7eededc822406ff5bcdbad487d0ebc0,no,no,0.9999999989999999,0,2
learned_hands_consumer,majority,1,2,608,41d5caaade46df5dd642cfcc5a1c383a53ea033ab68bf9753d941c8fa472857d,no,yes,0.9999999989999999,0,2
learned_hands_consumer,majority,1,4,609,20cf2204cfad79c36173c2020ce3d9d1d7bfe049a4659016961fb1f7d34524d8,no,no,0.9999999989999999,0,2
learned_hands_consumer,majority,1,4,610,0970bb84fe7a7ae10755b3ff8e069375c894baa731baadab88c5b85d95df1cc1,no,no,0.9999999989999999,0,2
learned_hands_consumer,majority,1,1,611,53722369d56a509c380ff23472de54953b911d83728e74087c7864d9bf6c5d11,no,no,0.9999999989999999,0,2
learned_hands_consumer,majority,1,0,612,dc4a5fdc229e8eb8b4651e9829068c4a686c371d36c72e2ff9486195b6f27065,no,no,0.9999999989999999,0,2
learned_hands_consumer,majority,1,4,613,1b06f4f278599f2a5f0149ed64529530669a8a3934e0d4e09cf02e4eb40c20b2,no,no,0.9999999989999999,0,2
learned_hands_consumer,majority,2,1,0,a379a87ff3cdf868abd2168b8f7f1448c858c1c0293a0324128a1f9795c2495c,yes,no,0.9999999989999999,0,2
learned_hands_consumer,majority,2,0,1,191f0937cb2c89fc2ee6de2cf962022796a21348bccce723e58dff5138f4aa85,yes,no,0.9999999989999999,0,2
learned_hands_consumer,majority,2,0,2,23e415128308be018936edfbe782216c59135a5373afcc67391ab30b99e4fab4,yes,no,0.9999999989999999,0,2
learned_hands_consumer,majority,2,0,3,d020ae25740133b72d326d57b58504372281f70e6def4d5a95655465a0e91468,yes,no,0.9999999989999999,0,2
learned_hands_consumer,majority,2,3,4,7505269b5e689b850bf04d86c3aee556710bf7ed7473e80bb32cbf4ef909b78b,yes,yes,0.9999999989999999,0,2
learned_hands_consumer,majority,2,1,5,ebbf5dce638a03352aa5ce9e76ea526855fc19fe426785e9d74da0b972447b56,yes,no,0.9999999989999999,0,2
learned_hands_consumer,majority,2,2,6,3682fd0cb52ef152a5e499e4441ac3d86a735973de9e3062a809fc58d80f083a,yes,yes,0.9999999989999999,0,2
learned_hands_consumer,majority,2,4,7,a1352482ea4516a24b594ccbf2ed311516cde0785a8edf4e41b8b20657074dd8,yes,no,0.9999999989999999,0,2
learned_hands_consumer,majority,2,3,8,5655b74e200dc643bf62729b26c6760f786b1d110abd671cd8122c5d567f2846,yes,yes,0.9999999989999999,0,2
learned_hands_consumer,majority,2,2,9,30f3878dfeeec4bffed1d8ed0fd2feaa3165fc8790712d0e6c993ba632a91571,yes,yes,0.9999999989999999,0,2
learned_hands_consumer,majority,2,4,10,ff770b8fb5998da87b58b103e84a37ec674949fd2d8708f87b7aa392185f98be,yes,no,0.9999999989999999,0,2
learned_hands_consumer,majority,2,2,11,025030168186d6dca4ceeb0def0c282fcd27d1c293abe1a0d6f41c0ae9ae34dc,yes,yes,0.9999999989999999,0,2
learned_hands_consumer,majority,2,4,12,241960fe59164730ab7f2221e78ff75ddf5d07ef6b0c664c078d091bc787b69c,yes,no,0.9999999989999999,0,2
learned_hands_consumer,majority,2,4,13,ce32ef1dbe79dfac3d0eec018d4e7404296ad6ab06b519aef7132243fecc9c2e,yes,no,0.9999999989999999,0,2
learned_hands_consumer,majority,2,2,14,3a9f35dbcf5d11d5980a668dd0ac8a317654d4e4f8ee28518fa931a589f5ed3d,yes,yes,0.9999999989999999,0,2
learned_hands_consumer,majority,2,2,15,62ffb1bca214412111ca15a5cb79aed8c39b77ae8e4a9734a85ca66376cdf151,yes,yes,0.9999999989999999,0,2
learned_hands_consumer,majority,2,3,16,74157c44430c0b4b913dbef04b5bcc2e60d6786f1fce50cbd1fb74740cbfcbea,yes,yes,0.9999999989999999,0,2
learned_hands_consumer,majority,2,1,17,2dcefce119cd3d52ce0b2dd55dba49a2d705592c989511a60ca5ff2fa62bd783,yes,no,0.9999999989999999,0,2
learned_hands_consumer,majority,2,0,18,e4b36f1dffe74a33bc589ff139dca6b75d8c5d7bd1414fcbe7ff483736a80e24,yes,no,0.9999999989999999,0,2
learned_hands_consumer,majority,2,1,19,eaecc316a32deb54a2e35ad55d5930bded5cb828eee671ec1a4d6c298e93f0ea,yes,no,0.9999999989999999,0,2
learned_hands_consumer,majority,2,2,20,ed6f10e3e2d4af3a7f61f4ac8ca3c539ade9d2b7250defd67063ea3a59ec18c9,yes,yes,0.9999999989999999,0,2
learned_hands_consumer,majority,2,2,21,8770b696e9d75ce623853da32ab9c2fc409af163cb781c02986c01c726cb8581,yes,yes,0.9999999989999999,0,2
learned_hands_consumer,majority,2,1,22,5f6fe96a0c85f05ef1bd1209d12d8a5da80ec0b8df76281b71b291bb0bfe1477,yes,no,0.9999999989999999,0,2
learned_hands_consumer,majority,2,4,23,db86e2ed5ca09bd43e5c1153206c84ac6670851f84c6f0c29b6ccd1eb0deb1e7,yes,no,0.9999999989999999,0,2
learned_hands_consumer,majority,2,1,24,f544e710a36c5f8952ea27c89f4b8d456410ad33abcdeff8bb5ab956f30c76bc,yes,no,0.9999999989999999,0,2
learned_hands_consumer,majority,2,4,25,ffe0635de5f1a7973b85a3b70ea8e03cb5b1567c2d2995c39b15468f910920d7,yes,no,0.9999999989999999,0,2
learned_hands_consumer,majority,2,2,26,1c5d518541a4c3c72210f1d1640f265a1ed467b09e8fd9920e0ced3c2a2e237f,yes,yes,0.9999999989999999,0,2
learned_hands_consumer,majority,2,2,27,847d90720ffa65caeed18bca722c31a7e6ad6690535571373c7cf5484024b4f1,yes,yes,0.9999999989999999,0,2
learned_hands_consumer,majority,2,1,28,826850ee19189639a241888830f2095a605677489c15835a9633e2a0b1ac6a64,yes,no,0.9999999989999999,0,2
learned_hands_consumer,majority,2,3,29,8bf45813b8f64152745c4302a8fe3d28ad3a521ce8400337d150f52d7679c073,yes,yes,0.9999999989999999,0,2
learned_hands_consumer,majority,2,1,30,eab22a84a1d27762ebd956ab7c150792e31d45b69c081b1042ce94bb9f5db787,yes,no,0.9999999989999999,0,2
learned_hands_consumer,majority,2,4,31,0d9289d67324c71b1a8459504ea7ea7d8593bc88c6baad910d98ae12b894b961,yes,no,0.9999999989999999,0,2
learned_hands_consumer,majority,2,0,32,28de51fe26d760b562f7dd240c576dd29c1dcd24a3821f27045c03e1695ce0c4,yes,no,0.9999999989999999,0,2
learned_hands_consumer,majority,2,3,33,6ce4033081e30de899b1011a4c082e82532b4c8f2afae23aed1a9b31dfb4eadb,yes,yes,0.9999999989999999,0,2
learned_hands_consumer,majority,2,1,34,fe949d0e8bb0a6f67a12ee28fec1d49ebc38d613057ddbd9e9742ce374e5a92a,yes,no,0.9999999989999999,0,2
learned_hands_consumer,majority,2,1,35,c207ce030682bc8ba0e7590a8ef0dd99c16b1b16665aebc82ab525877c2593a3,yes,no,0.9999999989999999,0,2
learned_hands_consumer,majority,2,3,36,8ee486f22362d8e55009981db61b71a034a94793fc615ef6c369c92e25d8621a,yes,yes,0.9999999989999999,0,2
learned_hands_consumer,majority,2,3,37,bf327cac5ea3a5c8ae4b1fa4c6aa053fb3e0494255dfad320226fae0a94b91af,yes,yes,0.9999999989999999,0,2
learned_hands_consumer,majority,2,2,38,d5599f345f2efcc9997c702cf325c78c55c774947409f903377c2d84a3c8bc07,yes,yes,0.9999999989999999,0,2
learned_hands_consumer,majority,2,3,39,574fc09c7649af91d62597783fce341ddacfa64d9567f02c1c1d30d6a45410d3,yes,yes,0.9999999989999999,0,2
learned_hands_consumer,majority,2,1,40,46fe2b35c88c955d03ff315dfce3bb7c880b33d4409029f9ff6042df0194686a,yes,no,0.9999999989999999,0,2
learned_hands_consumer,majority,2,3,41,f5d2007ecaaceed6f700b3e50cfa67215480af67ec2a87afea71cf1279ebec05,yes,yes,0.9999999989999999,0,2
learned_hands_consumer,majority,2,3,42,01f1c668540d25f929d2e86cf0c94ebff90e0049c2f9c72bd85b0e900e0d7495,yes,yes,0.9999999989999999,0,2
learned_hands_consumer,majority,2,3,43,1d86013431ea866bb8f9c95e610c8a4080348f326588f325da4a18706ada5429,yes,yes,0.9999999989999999,0,2
learned_hands_consumer,majority,2,3,44,bb18ab83285db7bc8dcf60f8a3ce1cdf2bd7debb099b953f662ddb9f8b38c2a7,yes,yes,0.9999999989999999,0,2
learned_hands_consumer,majority,2,3,45,16a3215ae403198891fd8dc9a2a417f75f8728d8e7141fcfef231668fdb5ab3d,yes,yes,0.9999999989999999,0,2
learned_hands_consumer,majority,2,1,46,4439bed3fc41d7b9c8ab09ef918fda1428dd5d823121216ce107959cb0dd4294,yes,no,0.9999999989999999,0,2
learned_hands_consumer,majority,2,2,47,0b3c04d83b29cbb3a2e22807f4dae94c87c8f2b395036f54911c5754a4c47017,yes,yes,0.9999999989999999,0,2
learned_hands_consumer,majority,2,2,48,22a293b5746bac59ac00ea57d239b6ac359d9156a1ec0715abd762c84fede43d,yes,yes,0.9999999989999999,0,2
learned_hands_consumer,majority,2,2,49,c4c2bad785e53ccb9b321d2c63b8faff89f92b5a2cdcf0736b057e7e8e719879,yes,yes,0.9999999989999999,0,2
learned_hands_consumer,majority,2,4,50,014d339ae8d5fa4f98805d09f90eeeceed4b7762a40914f0ab3d4313182186bc,yes,no,0.9999999989999999,0,2
learned_hands_consumer,majority,2,2,51,e7c14e7458d8da99796ba9c88de59853c6a65ab37d90d24358671b503b06100a,yes,yes,0.9999999989999999,0,2
learned_hands_consumer,majority,2,1,52,fc726439af49d4188b72ee0e9adc0c39a6dd739d7612fcaa8485f57a5706e876,yes,no,0.9999999989999999,0,2
learned_hands_consumer,majority,2,0,53,eec25d963cdf3c5408e24c25c1ec3ce4c8b7063821931ad7747c587b4dd8f3ed,yes,no,0.9999999989999999,0,2
learned_hands_consumer,majority,2,1,54,dcae1fbe99948ce3f328592769d0490ed52f89cb9a04fb61ed7eb8f822e0ef89,yes,no,0.9999999989999999,0,2
learned_hands_consumer,majority,2,4,55,ec7dbe0d74d55de6c88312082e78da6a9a98966b97acf9fa7c9d9202b2fcbe6d,yes,no,0.9999999989999999,0,2
learned_hands_consumer,majority,2,3,56,d8912fee3a18d2f57b6bb3a91a58414523442ec0294398e0adbd9fa8b241b33b,yes,yes,0.9999999989999999,0,2
learned_hands_consumer,majority,2,0,57,f87c51747534d2868b590819e8df1acd5dbdbe3015ba30f49aa700ccfaff8b97,yes,no,0.9999999989999999,0,2
learned_hands_consumer,majority,2,1,58,aaf2efb2b98403731588f69a234f9628c7cf0a6e41dc5e4d493bf3cc98491abd,yes,no,0.9999999989999999,0,2
learned_hands_consumer,majority,2,0,59,8401deb1d2cdca16e4beb605dc74617b796161236d4fabf6b119671c60390e46,yes,no,0.9999999989999999,0,2
learned_hands_consumer,majority,2,0,60,0141cccd8167fda3a53db3bc8a9c9de38ab73039aee125ca5d456f83efb3f060,yes,no,0.9999999989999999,0,2
learned_hands_consumer,majority,2,0,61,9539303909111ff48458f893819b6c4d82471c51d35262c48791eb4281d5a6fc,yes,no,0.9999999989999999,0,2
learned_hands_consumer,majority,2,3,62,0d9042d456d2e30348acf77b2105fef878d17d0c8ce75d13775d81f13023733b,yes,yes,0.9999999989999999,0,2
learned_hands_consumer,majority,2,1,63,d351e0b84bda59ef89f0bf473a631f614d498349dffaab3bb47d4611faad2257,yes,no,0.9999999989999999,0,2
learned_hands_consumer,majority,2,3,64,087225dc844ed506b918ed1ed8cb4919b62e15999a35bc72ef5f3e438535329d,yes,yes,0.9999999989999999,0,2
learned_hands_consumer,majority,2,4,65,8cc2e66174e528599835446e6f69bf213ec59da343e4da74a215a2d7e47df358,yes,no,0.9999999989999999,0,2
learned_hands_consumer,majority,2,2,66,10c9dca4735480772f9fa371b9c9695f8d7449b8c64df6abd309125cc20b2e6a,yes,yes,0.9999999989999999,0,2
learned_hands_consumer,majority,2,1,67,4e9fb39ce82c9a0c8db9edda73b0a08dbe1fee6bde6735bb0599991149c9cceb,yes,no,0.9999999989999999,0,2
learned_hands_consumer,majority,2,3,68,6a7e6c881869b757c8e7d36f73f227b987ce5b3ad9363a56d200edfa24ffcded,yes,yes,0.9999999989999999,0,2
learned_hands_consumer,majority,2,3,69,7599dea223674f198ca8bd7b449a8b363e958ee58ead42c5f7026c558eac1915,yes,yes,0.9999999989999999,0,2
learned_hands_consumer,majority,2,4,70,7f224054d39f18cdd6646ad519ae236db20d9acc51e2a2366bf146920bbd208f,yes,no,0.9999999989999999,0,2
learned_hands_consumer,majority,2,0,71,96ea4d954d1b6446c71d74a769dd614b7dcf83261e50056d6e62e7ca102d5401,yes,no,0.9999999989999999,0,2
learned_hands_consumer,majority,2,3,72,3defdb305691fca997369ad61eb4c2cc9ad5737f73633b9997bca6b3b68dbc70,yes,yes,0.9999999989999999,0,2
learned_hands_consumer,majority,2,1,73,ea88a64bd77d6c33327a9e3a56bdeab16edfcc94d3ad1f6c811e233e9cf1a4e6,yes,no,0.9999999989999999,0,2
learned_hands_consumer,majority,2,0,74,1cb2a54d0c572842c9666556b4f9d68ac569dacc5ff14c26a9deb40b00297490,yes,no,0.9999999989999999,0,2
learned_hands_consumer,majority,2,1,75,3145ed790491a1b21c800dff9616114d2f77be8dbdbc044f4fcf7b15608d7aeb,yes,no,0.9999999989999999,0,2
learned_hands_consumer,majority,2,0,76,bc58560238d37dd7bb637d6eed992896abc2e8646e56eb8dac0dd8bf4106576a,yes,no,0.9999999989999999,0,2
learned_hands_consumer,majority,2,3,77,9a5c75e417971c21fe00a89d52819a28a8d393fb332863c7f844a2f728e1aa47,yes,yes,0.9999999989999999,0,2
learned_hands_consumer,majority,2,0,78,7effc09d90b5d4a003218cec4356f0109765847fec64e4393bdf14682528fc56,yes,no,0.9999999989999999,0,2
learned_hands_consumer,majority,2,1,79,bf7fab3a472a85fba5cacc610acd4ae413064fb5929efe63047e35beca2837f6,yes,no,0.9999999989999999,0,2
learned_hands_consumer,majority,2,2,80,b9fec9f38f97749033ecb64442eb36f3ee2e3a80cd28ded964ba3b542608ed08,yes,yes,0.9999999989999999,0,2
learned_hands_consumer,majority,2,3,81,a86e6ca3f4d275c0420ca0ee4600f15f0b78e34c43b877bb58dfb44c56f07ad2,yes,yes,0.9999999989999999,0,2
learned_hands_consumer,majority,2,2,82,e2dda0a5ede9ada6a285c131669076df0764c2b88c1c2001ae078a17d88fc168,yes,yes,0.9999999989999999,0,2
learned_hands_consumer,majority,2,2,83,9d3a029d590c2c8aecbc4df458d911be15fcbef421678b9ef52d1281119ef933,yes,yes,0.9999999989999999,0,2
learned_hands_consumer,majority,2,2,84,0a86c2677e444a84373fb5de0aa2e100762432bf73d0ed3e92ef3f2f584504eb,yes,yes,0.9999999989999999,0,2
learned_hands_consumer,majority,2,3,85,edf4479c78e0f0664620607e8ab699c2cf70b3f949ebe5b6e2a5e65f56f24fa0,yes,yes,0.9999999989999999,0,2
learned_hands_consumer,majority,2,3,86,a446c13b6a95e774dc7f399a94c473901184d9172d42d8f4db7362cdb059e191,yes,yes,0.9999999989999999,0,2
learned_hands_consumer,majority,2,1,87,90d67e6b76ef21ed8c1dc58bfbdcc24aab8e1dd728ebdafefc643a1e3c6bc74c,yes,no,0.9999999989999999,0,2
learned_hands_consumer,majority,2,2,88,e0f88567e0733cdaf8c918330d9139891158680d5be3cc3fc4577a4e79c67cdb,yes,yes,0.9999999989999999,0,2
learned_hands_consumer,majority,2,1,89,4c96db2e33b6cc4900b1f80e86334c0d0f97a10b76baf6a5fac96558a449fa07,yes,no,0.9999999989999999,0,2
learned_hands_consumer,majority,2,4,90,08c27d740cbffbaf24d70ad9cc2f4538941c1e7ccba03ba15eacb0c43fe8f6a3,yes,no,0.9999999989999999,0,2
learned_hands_consumer,majority,2,3,91,123e686fd8c78b602b0952ee8aacebb8f2a451c8d2c2f716072c6c0780e88a8c,yes,yes,0.9999999989999999,0,2
learned_hands_consumer,majority,2,4,92,61088df3abd8799b2cb0b2a50547fabab33f53e711b6bf0e51ad8eee1f9886f8,yes,no,0.9999999989999999,0,2
learned_hands_consumer,majority,2,1,93,245581fd1773d7336f3fbd519ea0ad635746b96c3ef3c64c77d8fe969f404345,yes,no,0.9999999989999999,0,2
learned_hands_consumer,majority,2,0,94,0935c35b8f85a7acb661025d20f4077750c9420cbe5f2d6cb6c1f5e62a4cd9fc,yes,no,0.9999999989999999,0,2
learned_hands_consumer,majority,2,2,95,8b2b428ed3082708aebc90d3e95493d6b01fab537f0107c5604932ba617141c5,yes,yes,0.9999999989999999,0,2
learned_hands_consumer,majority,2,2,96,46b3b836673160a90a211860286b914eda2a3ef85f0eb63bd10cacc7ea5f0f02,yes,yes,0.9999999989999999,0,2
learned_hands_consumer,majority,2,3,97,8c8ab92472440d5e8d77d4f562ff2df1e24f26dbf33e2f219ed51d9ffe2ed9e8,yes,yes,0.9999999989999999,0,2
learned_hands_consumer,majority,2,1,98,f84ae3cfea6e268f60d53f2fc2105cabc35e7c1bc60594c254b8a5b9ebb95c52,yes,no,0.9999999989999999,0,2
learned_hands_consumer,majority,2,3,99,5a061ea8f86d69941bb8f010a9102517e2e50e8a6e7f043b2a65a9beeb5b2a5a,yes,yes,0.9999999989999999,0,2
learned_hands_consumer,majority,2,0,100,a0b66eb40941e4afabf26cc61164bd17ae4b404900827ee613063156c3fcf1f6,yes,no,0.9999999989999999,0,2
learned_hands_consumer,majority,2,4,101,d69eab546563939e27e3b5c4bf71ed21aa8c08a685f2dc211a8611a8734cdaac,yes,no,0.9999999989999999,0,2
learned_hands_consumer,majority,2,3,102,13c1947392729839a6ef7e019584b3baf576db1a026c6cc363f97f9be6b55b7d,yes,yes,0.9999999989999999,0,2
learned_hands_consumer,majority,2,0,103,2db3f4de10f8e3c93f180c1cec9ec1036a8cfb696152a003910f4876349b5563,yes,no,0.9999999989999999,0,2
learned_hands_consumer,majority,2,0,104,9d141e84a47e429ebf8c9be15a716519a789f6ecfe2635d6742bcc1589887b61,yes,no,0.9999999989999999,0,2
learned_hands_consumer,majority,2,0,105,f2b40bc0dd711fca9b42c004ced8b6a7f8400023cc7f44239caee4f44359dde4,yes,no,0.9999999989999999,0,2
learned_hands_consumer,majority,2,2,106,d5dcc520e7691c72d4f4bcf6d67cfa74c856d631a5a6c4904f730332b192f920,yes,yes,0.9999999989999999,0,2
learned_hands_consumer,majority,2,3,107,da0684c959dcca3dab601174a68db1954a8db19f75ad96cecdb7b9319c828539,yes,yes,0.9999999989999999,0,2
learned_hands_consumer,majority,2,3,108,0e7608581b6f65860575a915b9e6d3ea3ba463ac7392a783effab47b7c6ed2b6,yes,yes,0.9999999989999999,0,2
learned_hands_consumer,majority,2,0,109,3b14007f0368858c49628d89f7a4ac4e05912114c121069f929f093267da692c,yes,no,0.9999999989999999,0,2
learned_hands_consumer,majority,2,2,110,83a75ee006bb31d8db282260e075860f781be2246f81074adfc047c6debba47d,yes,yes,0.9999999989999999,0,2
learned_hands_consumer,majority,2,2,111,d140e8b5cef58e3c07015a3be1003d6d67dda0e1681f40a4b5b23a3a143236ea,yes,yes,0.9999999989999999,0,2
learned_hands_consumer,majority,2,2,112,fb04a608b72b2b2e616ef5e9aa6ca1fda0b73c81a00bd51339a60f7ebb9349f5,yes,yes,0.9999999989999999,0,2
learned_hands_consumer,majority,2,0,113,5ebb5e29b015223682853139344a5e2422b009ed368ed22452f4ebe96b314797,yes,no,0.9999999989999999,0,2
learned_hands_consumer,majority,2,1,114,7e315bac1e39325f317709b5955292bc75939640e3b8f10ba3c11050930647e1,yes,no,0.9999999989999999,0,2
learned_hands_consumer,majority,2,0,115,0d7f2c826f6a0fc0a9404989d5d4b5cc6d7f2f516c1f069e5bf8d31ee7e817dc,yes,no,0.9999999989999999,0,2
learned_hands_consumer,majority,2,0,116,7e75b01067a2ec4ca8c403b389118d896ccf66db535b144a3c54bc98c1c2e246,yes,no,0.9999999989999999,0,2
learned_hands_consumer,majority,2,4,117,a3e66362096eb8059a216e47a87cdd7f3f944d1ccbc606f30cfbe1cc424e0594,yes,no,0.9999999989999999,0,2
learned_hands_consumer,majority,2,3,118,d3308da62008ec5ef18494df94f73a4585ed31e1c8e69ccc9e25e76cb56d42a0,yes,yes,0.9999999989999999,0,2
learned_hands_consumer,majority,2,1,119,e07a44cb806545635aac341cc0946afd7d71c3619844a0ec08545160df03cbdc,yes,no,0.9999999989999999,0,2
learned_hands_consumer,majority,2,1,120,aedceca2ca38055764eb4ff944a3a150057788281d1c3739f5e785db00a9e719,yes,no,0.9999999989999999,0,2
learned_hands_consumer,majority,2,2,121,ca458586d811f25c02f1f39cf55f75b65071bd2ddc79fd97b0d5be9eb8e5312c,yes,yes,0.9999999989999999,0,2
learned_hands_consumer,majority,2,3,122,fce48e30fc0ea1058c42d4b4e3fc772fdd46a3060633bca5f371f122fc5aaef5,yes,yes,0.9999999989999999,0,2
learned_hands_consumer,majority,2,0,123,02bd80d2b643617360d685b497986a8637dc26275c2ea6a626b69de253d164e7,yes,no,0.9999999989999999,0,2
learned_hands_consumer,majority,2,4,124,af3d9c10fbb3296fa6a040f3015c474aaa8ae09177f6fe2e775fee3e584f996d,yes,no,0.9999999989999999,0,2
learned_hands_consumer,majority,2,1,125,73e4bc727ab5dd4600aa1647320d964c9a52dc7767744c8d074cebcd901f6c05,yes,no,0.9999999989999999,0,2
learned_hands_consumer,majority,2,4,126,0bdb8221f4d44b38dc8782e0b56035bbdd3a7e6fc2df17d22f1a5c863bc46075,yes,no,0.9999999989999999,0,2
learned_hands_consumer,majority,2,3,127,90fe4003a641d7cd2ed6a00150556d083b23fe1e24e75ebb94ecff4d843c77e2,yes,yes,0.9999999989999999,0,2
learned_hands_consumer,majority,2,2,128,155678c2832cdf4702db15b523f143f1ac784cffcaf58c1a1dfe33a97611eb8e,yes,yes,0.9999999989999999,0,2
learned_hands_consumer,majority,2,1,129,aec3c6407d02ce2d3b4abd591e08891c236a8a8989e7ad72020a4b7b777fea78,yes,no,0.9999999989999999,0,2
learned_hands_consumer,majority,2,3,130,1f2af78776193434b3d71d59e47e0a24bc7439537dae7643126e174f05f8a690,yes,yes,0.9999999989999999,0,2
learned_hands_consumer,majority,2,4,131,ac3dcaa7b7faf827da8c14b3bfd03c0f8d36bbd129920232b5775c57ebee5322,yes,no,0.9999999989999999,0,2
learned_hands_consumer,majority,2,2,132,8de39616285bfb13eac266c45a5691cad8963031bb495c5ffff384303ac2e317,yes,yes,0.9999999989999999,0,2
learned_hands_consumer,majority,2,2,133,df7cebc19279cc1176c76578d13d5634b4ee220d4093d6b4e048fd1f74811db9,yes,yes,0.9999999989999999,0,2
learned_hands_consumer,majority,2,2,134,b5412b723d0181549110fa8dd79485fa5238dbc7e264272da705dfe9c7f066a8,yes,yes,0.9999999989999999,0,2
learned_hands_consumer,majority,2,2,135,e802649c8e6be5fbdc4e7ec755757e95ba836ac949c022f0081c1fcb1cfa00b0,yes,yes,0.9999999989999999,0,2
learned_hands_consumer,majority,2,0,136,a039dbd9f0510ac6f66d44c60f9a5f5a5d5c76093f00e693801d2fc80d54f7a9,yes,no,0.9999999989999999,0,2
learned_hands_consumer,majority,2,4,137,9cca62662bba01723eb2a9aa094821e1675b7ac525fe30fc042f3dcaac3e2727,yes,no,0.9999999989999999,0,2
learned_hands_consumer,majority,2,2,138,dfbc47fb61799a0472fbf92d48b36eeb2584ccc63a3185c2d61a51c1537f7c92,yes,yes,0.9999999989999999,0,2
learned_hands_consumer,majority,2,0,139,6cb9e80497686772c38151ef29f0b998c3911fa46f4ae26dcb0677863d1c3bcd,yes,no,0.9999999989999999,0,2
learned_hands_consumer,majority,2,0,140,bfc4a30870f9292a454f9471c16d25b3199ec05b80dafc98a9d6c50897c1b47e,yes,no,0.9999999989999999,0,2
learned_hands_consumer,majority,2,3,141,078b717fbab45038fcb94864d32f33fa6d71d9664570dfe04661869f23314833,yes,yes,0.9999999989999999,0,2
learned_hands_consumer,majority,2,4,142,0242758b0d09920c367a96d4d60f74cb970f86cfb3bbf7bc54aa2a69703b17c8,yes,no,0.9999999989999999,0,2
learned_hands_consumer,majority,2,1,143,51eef95bf47218140683c3e1b4135ffc3d540ca426dbe552c2809dc445d5b483,yes,no,0.9999999989999999,0,2
learned_hands_consumer,majority,2,3,144,af4b353687f267cf4811370b1167f39f3acb12a476ab7569d5711f61e7cc5c99,yes,yes,0.9999999989999999,0,2
learned_hands_consumer,majority,2,4,145,a5b77622968be2023f42d12cc8cdb98fdd05731d5ff1f331c0c61cddcdd016ac,yes,no,0.9999999989999999,0,2
learned_hands_consumer,majority,2,3,146,483af7a4cce5458979f9fde28f5d38cf96c6b318f56cf5b8bb7fef01baeda51d,yes,yes,0.9999999989999999,0,2
learned_hands_consumer,majority,2,1,147,5b013d7731839bf2ba2c52bac900167561f691d205c1198ffe872747858115ab,yes,no,0.9999999989999999,0,2
learned_hands_consumer,majority,2,2,148,1403a0476f3fcec8b1a48e6f1fceb06a2aeabd9f5de4f53ac7e2f29a80fc3d02,yes,yes,0.9999999989999999,0,2
learned_hands_consumer,majority,2,4,149,7153d24972b2eb3c082ba9cc58a892af969f2d9524022190bec282710d252b55,yes,no,0.9999999989999999,0,2
learned_hands_consumer,majority,2,4,150,a6e1cfe1a1c58fdb1b4033bef127bdc12ad083d8029c91cf81e74fbc997b44c2,yes,no,0.9999999989999999,0,2
learned_hands_consumer,majority,2,3,151,c48f7444249fe7386aac1fa49a56e450eebc70c640262a5fc2cb2864d62c7b62,yes,yes,0.9999999989999999,0,2
learned_hands_consumer,majority,2,1,152,7223ee95c7eb5aab471c9b1426c035d3d751646abf3a01dd2380366fa55c1fb2,yes,no,0.9999999989999999,0,2
learned_hands_consumer,majority,2,1,153,8b857fa596fd194124387876667280b614e479625bc9d05d958f3b90514c2e9d,yes,no,0.9999999989999999,0,2
learned_hands_consumer,majority,2,4,154,6f137236864a4da2299f6341085a62e5e2e0466add7aa8eca3ff5f315633bbdb,yes,no,0.9999999989999999,0,2
learned_hands_consumer,majority,2,3,155,038e3005ce9b5b1cabf2220d9f9b068ab3289de326b9c0466e84286f1cb69bf9,yes,yes,0.9999999989999999,0,2
learned_hands_consumer,majority,2,3,156,7b67a7b2e80fc8b9473186823a7570203fc746e03e40493d174446237de3bcec,yes,yes,0.9999999989999999,0,2
learned_hands_consumer,majority,2,4,157,9d82c554b4b00bd2ead020ff98bb6fcdee7432665a797346eb3d3aaf490d0d12,yes,no,0.9999999989999999,0,2
learned_hands_consumer,majority,2,0,158,da85c2e88f91544acd0359c5ccd69c2b4f902d093ceb8cb12767a778944fbd7b,yes,no,0.9999999989999999,0,2
learned_hands_consumer,majority,2,4,159,a34040f6644b50bc824adc566e6d6428d7b05ca16c8ee39f0af4b1b9f5601f2a,yes,no,0.9999999989999999,0,2
learned_hands_consumer,majority,2,4,160,19c9ac6e1d4ea3c61c161624efc992b8cc52bf306f151391ba8529c19382e1ee,yes,no,0.9999999989999999,0,2
learned_hands_consumer,majority,2,4,161,650970637dd6a0ab8e97321c167c7bc4a9a3cdc8eba59da2a5c510bcbd5db45a,yes,no,0.9999999989999999,0,2
learned_hands_consumer,majority,2,4,162,c51f874153bc2cdaa57ad2c656a6af7ab24feabfb448922cab57ef416feee663,yes,no,0.9999999989999999,0,2
learned_hands_consumer,majority,2,3,163,13b1acd948c8e9c9a5739d8481ea213fa3cfdab8b80a82efd25be33e8f7b2902,yes,yes,0.9999999989999999,0,2
learned_hands_consumer,majority,2,4,164,9fde61742e0b3fc6fabbffa750b6283c72453cd0303a465ce66648d46676eb89,yes,no,0.9999999989999999,0,2
learned_hands_consumer,majority,2,4,165,4fd20a26aafa50907d098d746bcd899d7abfca4f42db1d5c149080652db43b60,yes,no,0.9999999989999999,0,2
learned_hands_consumer,majority,2,3,166,38a9b6c4df60f95cae8cdf22954e4170c3a5feb64ebfb5162134d697b7e84381,yes,yes,0.9999999989999999,0,2
learned_hands_consumer,majority,2,4,167,8892704b2b2b6659f287178e3c29d5c9d21dc3ecb2ae17dd4b6ec86c6784cd0e,yes,no,0.9999999989999999,0,2
learned_hands_consumer,majority,2,0,168,5953941222239eaa15e600b769f26c7173e96638173a25e19be42ff6b5b07d45,yes,no,0.9999999989999999,0,2
learned_hands_consumer,majority,2,4,169,4f9eec5c23a5c213a1bc6fc916fdf2587227d14edcd43d78fccea8cd278cc2e0,yes,no,0.9999999989999999,0,2
learned_hands_consumer,majority,2,4,170,51ec6ad487eff34fddaa34cf9a46b4a9a9e66e2ef37f1718f6c2c0a6b08bcc0e,yes,no,0.9999999989999999,0,2
learned_hands_consumer,majority,2,3,171,4356eb8f7a087e4d6032661552935019173e052ab6031528ff64635a4f9c515d,yes,yes,0.9999999989999999,0,2
learned_hands_consumer,majority,2,1,172,6d7c28575a9e0747fc4cfaab5263e2daf0754ef5d1c996b9de353104dbfb5be1,yes,no,0.9999999989999999,0,2
learned_hands_consumer,majority,2,2,173,6656d334c0150d50518a8e9e86ac484364dfc5da62604f792fa121392de57cd5,yes,yes,0.9999999989999999,0,2
learned_hands_consumer,majority,2,1,174,fa3b234c5866029eaafed3054fe7c1e9dd9d3e50389c45beedce0456e0a851a5,yes,no,0.9999999989999999,0,2
learned_hands_consumer,majority,2,0,175,f5327013f798cdfff71ccd1ccbf934757fae9118c8fda0cfb29197ee8c9a2f92,yes,no,0.9999999989999999,0,2
learned_hands_consumer,majority,2,0,176,0c550425496483256cac2b164db69cc78311e995021bfcbd4a5c585bcdd9d9c6,yes,no,0.9999999989999999,0,2
learned_hands_consumer,majority,2,3,177,e9a4a62f276d5c835085a02b2f4d92155f8f7ac6d396a52ad1cd37cab729b635,yes,yes,0.9999999989999999,0,2
learned_hands_consumer,majority,2,1,178,f4fe68a7bc004d02c8ecf39777717f5e53269903d0c3c3181101c07cea5c6b0c,yes,no,0.9999999989999999,0,2
learned_hands_consumer,majority,2,1,179,3d0de6dc3fb5d69b4483315a8f1b9a55f3da2fb8eb1df50a74386a480912447a,yes,no,0.9999999989999999,0,2
learned_hands_consumer,majority,2,0,180,b66cb0340d554080664d72cdd106c5cdb17b38d1f74932ac0787b45754ce1a7c,yes,no,0.9999999989999999,0,2
learned_hands_consumer,majority,2,3,181,a9af33b24aeb8f4fc3dd090cb6015fd72eb33e9bacf6b245b9efd00dd9991af3,yes,yes,0.9999999989999999,0,2
learned_hands_consumer,majority,2,0,182,9eefcb8b16890b9cc6c7e144d07beaa48841305e10614e94d470242a6b0e065f,yes,no,0.9999999989999999,0,2
learned_hands_consumer,majority,2,4,183,cfde4f376e1a14d27549b00d4ddf32bfeb542cf05f08d1cbc266df888e1c3047,yes,no,0.9999999989999999,0,2
learned_hands_consumer,majority,2,2,184,421033c1624e9a903b16ba39c1d61b1ecb07a1c62b4ffce4608c02c7a3e067e8,yes,yes,0.9999999989999999,0,2
learned_hands_consumer,majority,2,0,185,7a8050d0881441599707f60d9661cc876f27efc16656cd8526fe842e463a56ec,yes,no,0.9999999989999999,0,2
learned_hands_consumer,majority,2,3,186,5f4e3e4860760d911ab21bd74b2611036627cda4c7c666615991f1d2314d6b35,yes,yes,0.9999999989999999,0,2
learned_hands_consumer,majority,2,2,187,057e4d5e06ed1236a9a35f3ea5c2cc42ae58bd3d82fb4981f56669b168d087e6,yes,yes,0.9999999989999999,0,2
learned_hands_consumer,majority,2,0,188,a5608444f7d99d3cd3109ac70b995bb38775ef1fa2c286f3779886ac598a5c9d,yes,no,0.9999999989999999,0,2
learned_hands_consumer,majority,2,0,189,48a613b18969b56ad289f137a24f32ca5714dc722f1916be3cf41f3c98f577e0,yes,no,0.9999999989999999,0,2
learned_hands_consumer,majority,2,0,190,d5a7261352131be329b42958bda9d1cbf7adf2a5eb0c341d0fd5d6d07a9ae17e,yes,no,0.9999999989999999,0,2
learned_hands_consumer,majority,2,2,191,e36f78681c2e77e1fe9fd7fc2f0b8fa917f14b6a2333a41863c17c766053033f,yes,yes,0.9999999989999999,0,2
learned_hands_consumer,majority,2,1,192,1487b9bcecfa449f7f97f38810e17ed4e37ea80a32cd5170137bf134574ae112,yes,no,0.9999999989999999,0,2
learned_hands_consumer,majority,2,0,193,a0956e6a9a6973551966fc776c76b773565a03efe1dd2f5b6e363e037cd68e98,yes,no,0.9999999989999999,0,2
learned_hands_consumer,majority,2,1,194,113f455fcca39b28919c8669b561494bb48c8a7b1abb08182e38efba3ba3d49d,yes,no,0.9999999989999999,0,2
learned_hands_consumer,majority,2,3,195,01467176da7f8beaabb7d2d981d4c2a5d270c4de1ee41090eb7fff34ad10f233,yes,yes,0.9999999989999999,0,2
learned_hands_consumer,majority,2,0,196,3917492faa9e47e7106ba122c3a1618a26df3dcdbcf5803ea5eff8caeb3a85b8,yes,no,0.9999999989999999,0,2
learned_hands_consumer,majority,2,1,197,cde8abafba1e7a412e01f15ea5b8b45f4e1c8f3f37c5ed8ecf8670617e0e3ddc,yes,no,0.9999999989999999,0,2
learned_hands_consumer,majority,2,4,198,61ae855f1482eb8f9d691ed3f1d20ebbea6fc43c48a7559ddaf77710f2c27152,yes,no,0.9999999989999999,0,2
learned_hands_consumer,majority,2,2,199,f35f9e77ffc5ac7a0d42e5a637d3ec3f6ef2830b8c178fdb6a5c951cfeaa3e88,yes,yes,0.9999999989999999,0,2
learned_hands_consumer,majority,2,4,200,82f9efaddab72f81167b375aff7cc6c2537117b477e6064545d97be910ff945c,yes,no,0.9999999989999999,0,2
learned_hands_consumer,majority,2,4,201,967afc85cb2c22088e649a1faac841a0d2609f7e11fe94eef9bd17a4daa54688,yes,no,0.9999999989999999,0,2
learned_hands_consumer,majority,2,0,202,5648d782c24eb983d5cf18c59b05a1a47459a5dedd4e5335a0232c23f062944c,yes,no,0.9999999989999999,0,2
learned_hands_consumer,majority,2,3,203,157bd549be3ab1bdd3e21c29805aafdc0d0b45c1aa52b0a397ab9236a4e5c944,yes,yes,0.9999999989999999,0,2
learned_hands_consumer,majority,2,1,204,525f45b4239b35c4038470e08628f267e9887f1c30b0aa84a2d5d01464da39a3,yes,no,0.9999999989999999,0,2
learned_hands_consumer,majority,2,1,205,0a0807c3257345430140d80f2b2b7210e572d13f47d5ac8a65174de1142590b0,yes,no,0.9999999989999999,0,2
learned_hands_consumer,majority,2,2,206,a2b92dbd2ee6fd008bb6aa904caa64641950c475cddad723b2644f23c751a0ee,yes,yes,0.9999999989999999,0,2
learned_hands_consumer,majority,2,2,207,a2ed73e250907017f6d7fd66c658c04c6a137575d6ad765f993661edda327577,yes,yes,0.9999999989999999,0,2
learned_hands_consumer,majority,2,0,208,1290d537ea8750e4e91f20b46eec10646ce12ab7d86dfc91eb09b608405fe90f,yes,no,0.9999999989999999,0,2
learned_hands_consumer,majority,2,1,209,a0f7d16e25d9f13501287713351ca9111410082745756d6eff69a544a7ce0fab,yes,no,0.9999999989999999,0,2
learned_hands_consumer,majority,2,2,210,adbfc9de80cf0100c04073d2c24a7a39ad794835be05b45cd9a54b30876e1bae,yes,yes,0.9999999989999999,0,2
learned_hands_consumer,majority,2,4,211,33d047d7bf09f05c00081ea7055f31cf8f5cfbb5f1ceb5b0376de52b5d66fca4,yes,no,0.9999999989999999,0,2
learned_hands_consumer,majority,2,4,212,8747eec3bef3a1ac47c5e03b2a3185ec7be0382a48e8f07bc6b009f884106d3b,yes,no,0.9999999989999999,0,2
learned_hands_consumer,majority,2,0,213,49b127f44fd96be9d276f55d1669f94228b7535cb909c7f6b272eb55f8881a2c,yes,no,0.9999999989999999,0,2
learned_hands_consumer,majority,2,2,214,dfb7f7c0e45b4a7671e7808a09335109e684ec1f7b896028808720b751c76290,yes,yes,0.9999999989999999,0,2
learned_hands_consumer,majority,2,0,215,db97720cca0e39dc598257024bac71c263aaf9886f335cf6cd722539c19eacca,yes,no,0.9999999989999999,0,2
learned_hands_consumer,majority,2,1,216,64859a67c19bf56da59ad97eab9f8da73202e6a6dd9d3bbb9372afcb47b0408d,yes,no,0.9999999989999999,0,2
learned_hands_consumer,majority,2,3,217,f449fe5d57975f0caf323ecddfcc9b9dccbabe88c5ff42bd31a1d65fc7a824b5,yes,yes,0.9999999989999999,0,2
learned_hands_consumer,majority,2,0,218,fa078ce3c2ae45c10df8aa0a800c47eade1e7510a46eb24bbe627b87d2938a68,yes,no,0.9999999989999999,0,2
learned_hands_consumer,majority,2,4,219,f2fae4fb37730a28c6c680ab68c6e0cbcb083e46d89296b52700b2b28ed2e203,yes,no,0.9999999989999999,0,2
learned_hands_consumer,majority,2,1,220,ca57b26977335b108fd0d46872d220af17b298c5169ea6a338028e3fa941a5c0,yes,no,0.9999999989999999,0,2
learned_hands_consumer,majority,2,4,221,9f6359257abe0943f69a9a6786fccff089c30ae5f302d29d57c21ec0cc0fb8bb,yes,no,0.9999999989999999,0,2
learned_hands_consumer,majority,2,0,222,da0db19cfa506b30e60a6cf05fa27f60113ec86ac8308c44eddc1cdeb6e6b707,yes,no,0.9999999989999999,0,2
learned_hands_consumer,majority,2,0,223,013033315bef6946bef54c7e1e5131afe73897a10507585acff502cb07b082d1,yes,no,0.9999999989999999,0,2
learned_hands_consumer,majority,2,2,224,01ca67ea223ea6f3f78966619c3d177754184bea73cb662ffc54be7eded55946,yes,yes,0.9999999989999999,0,2
learned_hands_consumer,majority,2,4,225,0972b858c77e9cd796c6bda370f1d6b2ea20798091434c33f49f1827e4a678cf,yes,no,0.9999999989999999,0,2
learned_hands_consumer,majority,2,4,226,478e48024c876788e7ac0b2943d399c14bb997ab82a37ee11247a5b223d23f4f,yes,no,0.9999999989999999,0,2
learned_hands_consumer,majority,2,2,227,dd602e9be0c77e5a1bf15d2c5db5302c6b6d2b8362f95c146de1f5d3ea45031b,yes,yes,0.9999999989999999,0,2
learned_hands_consumer,majority,2,4,228,e86c4500724cd80b78a41c3de49d5f623baba6615be341878c3f40d1a666fa36,yes,no,0.9999999989999999,0,2
learned_hands_consumer,majority,2,0,229,44f8bde89aa71070a44a090fe6553fe64a785e0148291429f98b65d8cc35537e,yes,no,0.9999999989999999,0,2
learned_hands_consumer,majority,2,4,230,f92a5c6258f5da9bffe36fc1a4498f1086f4d296b5c28109401777d767f46946,yes,no,0.9999999989999999,0,2
learned_hands_consumer,majority,2,2,231,b8099af0f4a08d3625fefbbdf920208ab786e82be6d9e5ecd373c981c3bd90c4,yes,yes,0.9999999989999999,0,2
learned_hands_consumer,majority,2,2,232,dd6b7ca454c08a409f4171cb97167a8c91e862451ec1b92eaa7d9393934cf91c,yes,yes,0.9999999989999999,0,2
learned_hands_consumer,majority,2,0,233,fdb76c188296362ef951b02157cc4150c8d3a0750fe72942787d491e6ddc18e2,yes,no,0.9999999989999999,0,2
learned_hands_consumer,majority,2,3,234,b78102f7318502d1b26dbcb12920cd58ed53891ef8b61bff2b15f5b432da91f0,yes,yes,0.9999999989999999,0,2
learned_hands_consumer,majority,2,4,235,5a37498c5c481cdd1e4bd5190333a14a0190aa3aede5364087479e33c293e1a9,yes,no,0.9999999989999999,0,2
learned_hands_consumer,majority,2,1,236,eae4558b0617e7ebc54a6ebc59d2dde3f9df33d4ce6cb6404452671b374ff797,yes,no,0.9999999989999999,0,2
learned_hands_consumer,majority,2,0,237,b25bbe0ef882d9b6ee6ca640d619e47af1ba4b4303c92a73e17071d2b63f6203,yes,no,0.9999999989999999,0,2
learned_hands_consumer,majority,2,0,238,3415dc4afd4d574b0da83ec6d205e580b78b683ce427d70cb6192aa1345ada00,yes,no,0.9999999989999999,0,2
learned_hands_consumer,majority,2,2,239,e4190a6930b3800fcc812916fc24cd7666ec7ccade668b74793a25cf043ee8dc,yes,yes,0.9999999989999999,0,2
learned_hands_consumer,majority,2,0,240,2a1e5635eb53609c5660dd54ea549b8c7ca1d8ef3709e5692cce67005fde384f,yes,no,0.9999999989999999,0,2
learned_hands_consumer,majority,2,3,241,1587f650838e742b5adbc001e25e86b815c1c282f7e24b9a7f46e2c9c7e7663d,yes,yes,0.9999999989999999,0,2
learned_hands_consumer,majority,2,1,242,3aeb06e0988c30e7dd4b9857f1305ee50a9955e156a1e1a8bfb635878c936da6,yes,no,0.9999999989999999,0,2
learned_hands_consumer,majority,2,1,243,0ba639fb1b8f0dcb2fe9cffb9b96ec4f2cc182c78d9a521ea1b367d5c28385d0,yes,no,0.9999999989999999,0,2
learned_hands_consumer,majority,2,2,244,ebd5c1534b316d246d849144a17469ee09729233fad0f39a8a330fdfa15b9628,yes,yes,0.9999999989999999,0,2
learned_hands_consumer,majority,2,1,245,401a36474fa40d2d999cd260f57ca66ab83fcb63de68f578a6d6ad7d4ec4bd2e,yes,no,0.9999999989999999,0,2
learned_hands_consumer,majority,2,1,246,4176b37a2179c60a956b8746678c2a674aabbd9e086407904b2475af255d13bd,yes,no,0.9999999989999999,0,2
learned_hands_consumer,majority,2,2,247,95933a28191a6e558a2911f9c54efc9e53d3ba70d036eac4f4fcf1044bbc9d88,yes,yes,0.9999999989999999,0,2
learned_hands_consumer,majority,2,2,248,0f4ecd29ccebf4ac6e235b28298c170a1c4939a57f8d2bae941d4292bb91c9e2,yes,yes,0.9999999989999999,0,2
learned_hands_consumer,majority,2,2,249,061be30da02e5927c05d4f6dcb0ebcaa8bda9da95f663afc3448b40f550c8dcc,yes,yes,0.9999999989999999,0,2
learned_hands_consumer,majority,2,2,250,6c7deef4168bfdd3eb4f65e34ff1a5b08e7d07a494276e6dbc72cf08dd1d9ea3,yes,yes,0.9999999989999999,0,2
learned_hands_consumer,majority,2,0,251,3fecd30afaf717ef4d633f041d6b64abc35956652a123bf652a024e051aecbd2,yes,no,0.9999999989999999,0,2
learned_hands_consumer,majority,2,3,252,618080a1456e3ee68a8c336bd1951f8be686d4b280ba12acc2afbc0afe6f5e6e,yes,yes,0.9999999989999999,0,2
learned_hands_consumer,majority,2,0,253,7d9553904434b833510ba4f74348cff64322921c601077d281c33b3d61d048ca,yes,no,0.9999999989999999,0,2
learned_hands_consumer,majority,2,1,254,851524b83e3b815d2b8ad94407c2a48429aa45e82bd9c1b64ffd780d6c3a0de3,yes,no,0.9999999989999999,0,2
learned_hands_consumer,majority,2,1,255,cb21cc98accfbbfc1ab6fb040d28dc4a525dd125dcded30bbb6688922bc0bcf0,yes,no,0.9999999989999999,0,2
learned_hands_consumer,majority,2,1,256,77a1a7abf05f1aa064c4d1f51619137f7eb2bd94b8ddc362bc14f64be0bd2a01,yes,no,0.9999999989999999,0,2
learned_hands_consumer,majority,2,0,257,3d22a52452442ace2422e3134c77857c8d5686fd9080d9f42bc9438a845f4c89,yes,no,0.9999999989999999,0,2
learned_hands_consumer,majority,2,0,258,aaa2f84803feb0579309aaee905dbe769a0e41a5a6daf89677d4a8534aa9819f,yes,no,0.9999999989999999,0,2
learned_hands_consumer,majority,2,4,259,cbf21ed32acc01ddeaa5380d184a96c3ca5b84614bc1f3a1a9583fa9b891c05d,yes,no,0.9999999989999999,0,2
learned_hands_consumer,majority,2,3,260,370cc782f60a07b178ac3c0ec5c92e1d6072d6798ba29e27eb089d3af9d06cb5,yes,yes,0.9999999989999999,0,2
learned_hands_consumer,majority,2,2,261,e2fa618a66bdb423b63a86d231a23868e8833853ed334799049daeac30367a88,yes,yes,0.9999999989999999,0,2
learned_hands_consumer,majority,2,3,262,6c81e7b6dabbb3574a09c499dc7a67ca24d31c6e646bab4ced51cd8c78f55ea7,yes,yes,0.9999999989999999,0,2
learned_hands_consumer,majority,2,1,263,1f341a6355c5c3b945e1a2b14b3434e8b3904eb4eca3e24c87941d86e705e57e,yes,no,0.9999999989999999,0,2
learned_hands_consumer,majority,2,3,264,6adfe2187f8557b8f6378f034717bdcd2f522a0df00806a04c1dfe98b3e997bd,yes,yes,0.9999999989999999,0,2
learned_hands_consumer,majority,2,4,265,8bad5933bcb5967cc9bc4abe066d28b765494f7a0dffd407c47d6d8067553308,yes,no,0.9999999989999999,0,2
learned_hands_consumer,majority,2,4,266,c55600e95d9b4eb897af3302c41acc84e2d54157f428bf1f8caec3b61e668da5,yes,no,0.9999999989999999,0,2
learned_hands_consumer,majority,2,4,267,13c0dc364911dc9186a0c024e55f88be572c4deb5878fbd82d310ecaf5f45d13,yes,no,0.9999999989999999,0,2
learned_hands_consumer,majority,2,3,268,3321004b9ab1144d0dfdcb61b18d746e047e1eca73ce7e0acb9fbd0e7c724816,yes,yes,0.9999999989999999,0,2
learned_hands_consumer,majority,2,4,269,19d396f6ee8676b8e14abd050a0d810589baf0188e806f72eac507d7a2c545a3,yes,no,0.9999999989999999,0,2
learned_hands_consumer,majority,2,4,270,7eb4eb67f8d71b2387d20ed2f7c7421eab13eb8910aca82d69fdf9a9273ecb96,yes,no,0.9999999989999999,0,2
learned_hands_consumer,majority,2,4,271,21f6bcc2b642898b25da24d91a08efc8029b34d97d979ac84183c75b0c07b9c0,yes,no,0.9999999989999999,0,2
learned_hands_consumer,majority,2,0,272,63a06c8bcc7dbff84f881459fdf825076cb5b36209132b00c9c84eeeba7b6eb8,yes,no,0.9999999989999999,0,2
learned_hands_consumer,majority,2,4,273,94b8923b3eddcc3f61a255a8e42041ab7f8e96bdae7e23fa5dba20dd65b82fa6,yes,no,0.9999999989999999,0,2
learned_hands_consumer,majority,2,1,274,c2ccc5ca47171285fb0298be4298f50882121913b48b7ac1e796a30c532811ba,yes,no,0.9999999989999999,0,2
learned_hands_consumer,majority,2,2,275,1f6071d3d10ecfa1b75476a7071af685e3ba15fcf7b2a774e39b20191e1fe074,yes,yes,0.9999999989999999,0,2
learned_hands_consumer,majority,2,3,276,11cabef5b7d7edbcc7de996da7ddc824772faa6248373f429b29567c5017f865,yes,yes,0.9999999989999999,0,2
learned_hands_consumer,majority,2,3,277,9136c7f7286a3ee6b4af4f2c4bd396e5528e9e59d4a11138840961213324a902,yes,yes,0.9999999989999999,0,2
learned_hands_consumer,majority,2,1,278,45b8aa00e5100aa8e27c34109569ad374e89747c8859165962bd4b50a718dec3,yes,no,0.9999999989999999,0,2
learned_hands_consumer,majority,2,2,279,93a67fe947a834ff1518acdef3d3503a43de70821df3f53bacca03fe73994e4e,yes,yes,0.9999999989999999,0,2
learned_hands_consumer,majority,2,1,280,f9aa283cb36bd865eb6d0e00dec619c048e1b8f0e8830f12b5d02008a0b97ace,yes,no,0.9999999989999999,0,2
learned_hands_consumer,majority,2,0,281,55de4e8dcda9a6328913ef54a1ed9351f1f426737486cdf8f668ad83b8388f73,yes,no,0.9999999989999999,0,2
learned_hands_consumer,majority,2,2,282,6bcb70ea6c53d9d2735995ffa331f18d0e9d9cc24ba93acb53376ae8483ed8a1,yes,yes,0.9999999989999999,0,2
learned_hands_consumer,majority,2,4,283,78da2dea499e7edb487d60fd31327140d7546b18febaf57879bbba65e8c1b04e,yes,no,0.9999999989999999,0,2
learned_hands_consumer,majority,2,2,284,42fb96e3e3db8353adc2b84b435807f73584555187d03911234609ed6e85bfe6,yes,yes,0.9999999989999999,0,2
learned_hands_consumer,majority,2,3,285,ecfc65fba09f92e19dc001350da2ef8adc932c234c862d0db0f1879f2e7c8794,yes,yes,0.9999999989999999,0,2
learned_hands_consumer,majority,2,0,286,c191adb1d624b20f83068f7b5908de47c6c5209a753e4de83b528e1156b3c2b0,yes,no,0.9999999989999999,0,2
learned_hands_consumer,majority,2,1,287,644bc0e92cf759be58ca6610fa275080515a65a91b581445be9cabf7ffea0e15,yes,no,0.9999999989999999,0,2
learned_hands_consumer,majority,2,2,288,a79143144aa9b5670c2ef1346d67999dca1710bf76a38aefe7d8c7b71ae44b79,yes,yes,0.9999999989999999,0,2
learned_hands_consumer,majority,2,3,289,29d068c39f2e257adbe8beebd86189c3ef328bbf2028cdf5c6d3ede0e5ddc09b,yes,yes,0.9999999989999999,0,2
learned_hands_consumer,majority,2,4,290,fe9822a59aebf2d41016c82deb1d427382b2666a1fe39079f87be07fb936b617,yes,no,0.9999999989999999,0,2
learned_hands_consumer,majority,2,0,291,56bb42f2ccd6615785428ca0492a89e2c4c3ab2f9fa44ee197d3da8fab2c5842,yes,no,0.9999999989999999,0,2
learned_hands_consumer,majority,2,4,292,5299348ae3f81c25293e952182bb6bea15382e9da7443711aa78acdaf4b6bcb8,yes,no,0.9999999989999999,0,2
learned_hands_consumer,majority,2,0,293,73a78266e6561f4e4c9baa89057beda5a92213b2ef917e1272c2ece8cd9b7704,yes,no,0.9999999989999999,0,2
learned_hands_consumer,majority,2,2,294,79cc9d9097ff95d4d5569540eb3711865f517ab1a2a0fc876da5c48598ee3cb4,yes,yes,0.9999999989999999,0,2
learned_hands_consumer,majority,2,4,295,3b85fae280cd98abcc7e78ae4627a4c94eee68cb0bdc5b31dc3b1cf2e53949ae,yes,no,0.9999999989999999,0,2
learned_hands_consumer,majority,2,3,296,32072d7df35d23c7cf165a1afeb9be63ebbdcf2c94cee75f9b5a90b78e19dd28,yes,yes,0.9999999989999999,0,2
learned_hands_consumer,majority,2,4,297,16bed4a62e2738950d2587d30c25ed9c5d17ea5f0cc5e91f1148a4cb64162453,yes,no,0.9999999989999999,0,2
learned_hands_consumer,majority,2,1,298,3473fc0f42c76ad19ef3ec2771d01d619478fb7fab7ea70d94e7fe0f1bd61128,yes,no,0.9999999989999999,0,2
learned_hands_consumer,majority,2,0,299,251efc17ee26f8f9c544871f61f6fd54cf585d0f3210406eb3c48c825a10d526,yes,no,0.9999999989999999,0,2
learned_hands_consumer,majority,2,1,300,4b657305ddc7f357ec185bc9abec0fa67e2d4d4fb0afb00f8e83e73a4c712e8e,yes,no,0.9999999989999999,0,2
learned_hands_consumer,majority,2,3,301,f85e7456c7160ff553b31db76a443f79214f6b2cd4542c3bb171595928ab6558,yes,yes,0.9999999989999999,0,2
learned_hands_consumer,majority,2,2,302,243386ffe9922a67ec10fee19cff0781c4d76b6a78a32ec20ae1b9ece92bf995,yes,yes,0.9999999989999999,0,2
learned_hands_consumer,majority,2,1,303,85d4e89725d489b9e3820f724acfc754d59767d51140be8d70af3bb2eb4198c3,yes,no,0.9999999989999999,0,2
learned_hands_consumer,majority,2,1,304,f859129d9d2aa75e88d6602d1563b367b5d45a031c53939b17889bef5d0f147e,yes,no,0.9999999989999999,0,2
learned_hands_consumer,majority,2,0,305,483ac3b333ee68b7196086031e6a08e2fdb91c52f28a3a861f23a2c8ec75478c,yes,no,0.9999999989999999,0,2
learned_hands_consumer,majority,2,4,306,6eef9bbaaa01f32394020b689930f9d2ae66836d280dfef0cac99935536b4a22,yes,no,0.9999999989999999,0,2
learned_hands_consumer,majority,2,2,307,2bbdbbb31e0f69cbd29d755d0e4fb9a5a932b3b1effe5a664bc674ef725addc2,no,yes,0.9999999989999999,0,2
learned_hands_consumer,majority,2,0,308,5779a2e66767851f78c4baf2c51d3e6be6d917949d5341b98c489bbf0f67f6f3,no,no,0.9999999989999999,0,2
learned_hands_consumer,majority,2,1,309,24481de31a2b3036d71dc474adac585b922e4bdfb8287ce43a3ff34846620b73,no,no,0.9999999989999999,0,2
learned_hands_consumer,majority,2,4,310,13b626d60d254c4999ca862d60b0f13ec9378504e9fa2fa1c002db747518bc7b,no,no,0.9999999989999999,0,2
learned_hands_consumer,majority,2,1,311,97939ad30f5a35f45ccb7fcb190a65552ca404ca227456e1ecb4f5a57c3bed17,no,no,0.9999999989999999,0,2
learned_hands_consumer,majority,2,1,312,8616d00b5609b9a12db9741cc2c276068fbfffd9d02b80e12bf3dc55ef37b07c,no,no,0.9999999989999999,0,2
learned_hands_consumer,majority,2,1,313,65e5a2fd7a388ba873ac967c48adb5664e74f76db3d95f15af7230c45aa27115,no,no,0.9999999989999999,0,2
learned_hands_consumer,majority,2,3,314,0b5ab1b563bc3ef18c295476f388386fadc1cf299ab20f258f1dffee0f8157b4,no,yes,0.9999999989999999,0,2
learned_hands_consumer,majority,2,4,315,c70617e5ad6a4b2e699841464467e2a1387594382a39a10f5f3aa0ba238dc8c6,no,no,0.9999999989999999,0,2
learned_hands_consumer,majority,2,3,316,bc9f773c51514a7ad309a672115c1b9f79304095ccabcd53343b945d6ce19ec8,no,yes,0.9999999989999999,0,2
learned_hands_consumer,majority,2,3,317,0af96d52fa6c71f1943351f5d1a07e10d961983e0c4a66784a937ad8bbaf2f0e,no,yes,0.9999999989999999,0,2
learned_hands_consumer,majority,2,0,318,f4a7c81fbb4fe3b5a0cdb370b458074ab8fa6f11fe41ced9df994fd2f420f362,no,no,0.9999999989999999,0,2
learned_hands_consumer,majority,2,1,319,71d38fe12b75052be0651bda2d4f4efe697b07d365bf41cb14841da2688b94f5,no,no,0.9999999989999999,0,2
learned_hands_consumer,majority,2,3,320,60a86bc631bcf63cb1c4ced84c0f60928e57bb2abcf79c23baa53fea95cc1aa3,no,yes,0.9999999989999999,0,2
learned_hands_consumer,majority,2,1,321,e06e690d6aad76f736293110bf1b57c294435c42a47933cd1acab74063fa7102,no,no,0.9999999989999999,0,2
learned_hands_consumer,majority,2,1,322,a90e11f52d0e31db828e5d845e5fc33cb9bbc6922bce8244891dbc15b22a7483,no,no,0.9999999989999999,0,2
learned_hands_consumer,majority,2,1,323,7f6a2fb0578a33bc0482677bbc588e70a785c7bea415b62486a564b37d2364a5,no,no,0.9999999989999999,0,2
learned_hands_consumer,majority,2,2,324,91f9aed41e41a457675d9814a53f7e293fdcc37d5ecd967c9a49b0e1b38c3587,no,yes,0.9999999989999999,0,2
learned_hands_consumer,majority,2,1,325,ca37e43e8db1c44dbbb19c01ee3aa67ed7d3e032717d029d12d8ecc1e8da9e24,no,no,0.9999999989999999,0,2
learned_hands_consumer,majority,2,4,326,2fb4fb6b593cdd7c3e2fd5c6e362a22a579395bb61b602c450cca3538b8e24ef,no,no,0.9999999989999999,0,2
learned_hands_consumer,majority,2,1,327,c74e1031658129cec56f52de73b243a87d110480b7489b898798c788c64954c1,no,no,0.9999999989999999,0,2
learned_hands_consumer,majority,2,2,328,12a1ea95bdc51debd507323d28586d8cd6725f1b2fb39a9a12ccea37dd723d96,no,yes,0.9999999989999999,0,2
learned_hands_consumer,majority,2,3,329,985ec3dfb0c350854d7b1baac2c3332760dc5c321f1cafa4bfd44c6712e2ced1,no,yes,0.9999999989999999,0,2
learned_hands_consumer,majority,2,3,330,335fb0b1b9fad31fa5c37ca3233826815b93d197d51ad6e25f3adb819181b8d5,no,yes,0.9999999989999999,0,2
learned_hands_consumer,majority,2,2,331,c1a730a7b254e70e6ac0d37573a2caa83d4df82d7e52868bedaff06ebe6b6878,no,yes,0.9999999989999999,0,2
learned_hands_consumer,majority,2,2,332,2c4155ce67ad13aaa45fffc3554b95daf5261dd7f91fb8fd64dec003bfb9e74f,no,yes,0.9999999989999999,0,2
learned_hands_consumer,majority,2,1,333,6ceaa70ea927c42a727227f3a30b6f624dcea1bc117cb238827bb15af9517c39,no,no,0.9999999989999999,0,2
learned_hands_consumer,majority,2,2,334,7d6f93cb8182ac12b92485985653cd0fd562085122909d87b4336f6ee3e4666d,no,yes,0.9999999989999999,0,2
learned_hands_consumer,majority,2,1,335,cf8776ba226b044303c6bd7ec8aa16cfacbe82cbb01b00fe365ab899a5adc5f8,no,no,0.9999999989999999,0,2
learned_hands_consumer,majority,2,3,336,63d2423f809c612df5098e911ca5ba908d510a563c38c6d97d504e390d18c390,no,yes,0.9999999989999999,0,2
learned_hands_consumer,majority,2,0,337,52f14dd7aea76b56f013c46377c11006c81b564a73a8fa44e2a4843c3f9ff85e,no,no,0.9999999989999999,0,2
learned_hands_consumer,majority,2,0,338,cd0992eca3b3ebd4ffcc36e8430e138824f9b105e6764dedf74a8ce2d5549fe4,no,no,0.9999999989999999,0,2
learned_hands_consumer,majority,2,4,339,5a8803fcccb50853b2c3856ee82785bd156f862dd26d34c99efdea4519a7e214,no,no,0.9999999989999999,0,2
learned_hands_consumer,majority,2,3,340,617fea7762c73987c8e9da050c8cae25a1aefb6ea95ff5d081b8e51f028dbf2e,no,yes,0.9999999989999999,0,2
learned_hands_consumer,majority,2,2,341,d4093169f98d05e7565a5542038529f1fab35b60cfe43127811daa861d935feb,no,yes,0.9999999989999999,0,2
learned_hands_consumer,majority,2,3,342,e8a22694731ba2e5a7312f7d4a02b03f7e4bc081c76f7068d665ec82ab92f3c7,no,yes,0.9999999989999999,0,2
learned_hands_consumer,majority,2,0,343,7a0a05fc729a8f64cbb6ca9c295a3805e152b645fbd81571861db6a5918d5618,no,no,0.9999999989999999,0,2
learned_hands_consumer,majority,2,0,344,1de94b175a0dc3b16576ef02ea9b734786aa3bc35b5be8fbeb644479593c01bd,no,no,0.9999999989999999,0,2
learned_hands_consumer,majority,2,0,345,7eba9bd21b877177f0ea63bb88313953a4c47a8eea950c93500fbc398e54e665,no,no,0.9999999989999999,0,2
learned_hands_consumer,majority,2,1,346,aa01251703c5de088b207ee1e21487e51f88caf08d8d578aef87fead3ecefced,no,no,0.9999999989999999,0,2
learned_hands_consumer,majority,2,2,347,e9f5e96f340dd75e497ed93a4a1e722cfce986d2cec52aaa027ca7778586ad19,no,yes,0.9999999989999999,0,2
learned_hands_consumer,majority,2,0,348,4b9f93fed8e41a2a2c5f0994cdca3aca0eda1b96dbd2f74d5afcd2a43889c2e8,no,no,0.9999999989999999,0,2
learned_hands_consumer,majority,2,1,349,f05855943024f908afbb53b1527e164e7e5e5ad16ec0192747e08513f2bf77c0,no,no,0.9999999989999999,0,2
learned_hands_consumer,majority,2,4,350,1c49793aa9d1312bd32ea93d0d8c4aefe10836b786d8cadf7c97738717ce9d31,no,no,0.9999999989999999,0,2
learned_hands_consumer,majority,2,4,351,580b5ac0770fb1b9a6472f9a88911a26a88cc2d70c1aa230e26ba6905581d32b,no,no,0.9999999989999999,0,2
learned_hands_consumer,majority,2,0,352,d1a95b753ee546201b5cf71e8a8910ffb93f06b981363dd24190b9627693f2cb,no,no,0.9999999989999999,0,2
learned_hands_consumer,majority,2,2,353,f123cdff3722febd99751bb5a64770c85fc6707f63c07bae56510ead6672a690,no,yes,0.9999999989999999,0,2
learned_hands_consumer,majority,2,3,354,013a1816aae065dc4d8f6a910347c85c867197f1497645a47e5cb14cab38f57e,no,yes,0.9999999989999999,0,2
learned_hands_consumer,majority,2,4,355,d27505c28fcef3d7434ea6bd8d7130e051f02503586c1526d71160be1310e40f,no,no,0.9999999989999999,0,2
learned_hands_consumer,majority,2,4,356,1130e23cb8e7f0a6fc9e659f4c94b732fa1953b7a98b3a9fcafb074532c54af8,no,no,0.9999999989999999,0,2
learned_hands_consumer,majority,2,4,357,9a69a9f0e0418372ec3def21b9ce927af42a49df1d185967290ada823319ad8e,no,no,0.9999999989999999,0,2
learned_hands_consumer,majority,2,4,358,d0b3728beaff318ee83ad916c45c5c6802c6634bab63d6de065eff3af6bb2839,no,no,0.9999999989999999,0,2
learned_hands_consumer,majority,2,3,359,492cdbdcc254342378744c1f8b9dadd066628ace9a1a65a515633708701c9342,no,yes,0.9999999989999999,0,2
learned_hands_consumer,majority,2,3,360,7c272499aa6af5b9c7b2de749a65adfa813cdc4061012c6f9a62fda253e08104,no,yes,0.9999999989999999,0,2
learned_hands_consumer,majority,2,1,361,e09a2160df994ff65eac81266e80dbb544860bb0bf9a7322caeeaddef40d8ffe,no,no,0.9999999989999999,0,2
learned_hands_consumer,majority,2,2,362,7c408b03bdd1535120a56621fe2fc9d7c4ef4b22699b623e4970ee45767ebba9,no,yes,0.9999999989999999,0,2
learned_hands_consumer,majority,2,1,363,c41ad8c362d3233072dfc9f51c09010958870b25d095046a29cc7e47cafd392d,no,no,0.9999999989999999,0,2
learned_hands_consumer,majority,2,4,364,67f538667db398f86344c56348d00c791c1ec9ac0aff37d556bb99dd32897983,no,no,0.9999999989999999,0,2
learned_hands_consumer,majority,2,2,365,ddf035db365fff2212de2488a54adb763abc3e92a2dad325570e9d3251388841,no,yes,0.9999999989999999,0,2
learned_hands_consumer,majority,2,4,366,aee3ace2d8ef27f3660fab84d93dad6ad86bf221676864042357c5e92059a85e,no,no,0.9999999989999999,0,2
learned_hands_consumer,majority,2,2,367,9913f5e62a1afcba67bee35c05d650381598f5b2c1380d1bb2a0f2ae1cc63e6f,no,yes,0.9999999989999999,0,2
learned_hands_consumer,majority,2,2,368,00c018554b47c9496be37e1420e4483569efc3e3631c681205edc2ebb9c5b095,no,yes,0.9999999989999999,0,2
learned_hands_consumer,majority,2,0,369,2c68763833a784dd4f1a5569f0af102d4fcf6b344f917b9d6e68c91bf223385f,no,no,0.9999999989999999,0,2
learned_hands_consumer,majority,2,1,370,c585104773d1883d86927f2b034566efd206fde08fe7e1d63efcf06f6ecd9275,no,no,0.9999999989999999,0,2
learned_hands_consumer,majority,2,2,371,7387a5e5fad938d7e99b2c7c1f6e1158d97aec42e8d1218a21f1bfbd2e5ccac3,no,yes,0.9999999989999999,0,2
learned_hands_consumer,majority,2,2,372,8a778c2a7882c353ea19f4b4177b18f73596a4d0bdf7c066488b237259d5c92e,no,yes,0.9999999989999999,0,2
learned_hands_consumer,majority,2,3,373,66c80303be317d1ece0aedd4cef8d908db80607ebada9bb9e122cc5c60b05acd,no,yes,0.9999999989999999,0,2
learned_hands_consumer,majority,2,4,374,844bffeb2e27126213a382107f2bfbd2eeb29a0aa34b39db7c237d94aa21dc6c,no,no,0.9999999989999999,0,2
learned_hands_consumer,majority,2,3,375,ecc85367e5cf37586c263dedf5b348a050bbdf6b9249645651c148dca3f30d6a,no,yes,0.9999999989999999,0,2
learned_hands_consumer,majority,2,4,376,2e572efe17abde9794ed1ca8e76aab48311dffe6e5f091aaf53a537351a6ec4b,no,no,0.9999999989999999,0,2
learned_hands_consumer,majority,2,1,377,8339831d993a8f59979c34ab2a332854935bb45ade809ebc382fde5b95859c6d,no,no,0.9999999989999999,0,2
learned_hands_consumer,majority,2,0,378,42142d842605f05b949df18cb8a99bb35cb5a3e606e1f59cff43626743752be7,no,no,0.9999999989999999,0,2
learned_hands_consumer,majority,2,4,379,84f150b50421abc72aea1ff2b9e810ed64fba7c4f9d5ac41a9be6e901d2ee310,no,no,0.9999999989999999,0,2
learned_hands_consumer,majority,2,4,380,e87ddebafaf120552bd4e34cf6953ec369024fb7fc6e707e8c74058e178b1363,no,no,0.9999999989999999,0,2
learned_hands_consumer,majority,2,1,381,1338d4a9807f0d53047962b57d76cf583420487b44853e8aaab6f0d6d454688b,no,no,0.9999999989999999,0,2
learned_hands_consumer,majority,2,2,382,ec007d3323dd2053bf052016919bc0af90796fa0ca1b0409c6082066ee97a50b,no,yes,0.9999999989999999,0,2
learned_hands_consumer,majority,2,0,383,d2cd0e5ee933d888b506be5632aed8062b91258070bea77b00cbf7a570a68547,no,no,0.9999999989999999,0,2
learned_hands_consumer,majority,2,4,384,b6426951bbccc28e0d00959ce601a50cfdbc42f0b030169fc40a2d195b99f4ce,no,no,0.9999999989999999,0,2
learned_hands_consumer,majority,2,2,385,a7f2631f19f997f8dde0f842d8a44c6be3a43a0e33208d7f010eeb998aedd90a,no,yes,0.9999999989999999,0,2
learned_hands_consumer,majority,2,1,386,ee780d03a703ecf7ba9c48251e78cd4e9b7af05645ad48fff61fa919cf492135,no,no,0.9999999989999999,0,2
learned_hands_consumer,majority,2,3,387,2a45a35e29096acb668fa0ef232d5755b039d19bbf414f441fa03b6c6964e833,no,yes,0.9999999989999999,0,2
learned_hands_consumer,majority,2,2,388,db01549ee1c2f8c8cddf1988e9091c11b9c05afae796574b4aa7e58eeebe1ec7,no,yes,0.9999999989999999,0,2
learned_hands_consumer,majority,2,1,389,63faab04056ecaa75521d5f981daa271b06f41399397a77f5b18772f7982501b,no,no,0.9999999989999999,0,2
learned_hands_consumer,majority,2,0,390,ae83caf06a839c78cbe1c040b85f5774b377a68c7cd5ca4e2df1e6b808f5c1b1,no,no,0.9999999989999999,0,2
learned_hands_consumer,majority,2,0,391,9a3dd5e4246141a2e5cb3351f2f44bd41b29e28912043c8883ba1ee127ba989b,no,no,0.9999999989999999,0,2
learned_hands_consumer,majority,2,0,392,df2ca5f08012ee422366badb625b7e85f8f8d13eeebbc8ec9a4e52cb9755e245,no,no,0.9999999989999999,0,2
learned_hands_consumer,majority,2,3,393,77b2b7af3d2e7d92346d21688da079b282d2e31d80505b4c19a05b664ed10fb6,no,yes,0.9999999989999999,0,2
learned_hands_consumer,majority,2,1,394,ce03177700db149631f5a0748437e3e8ce566671b3939640d10d100e63e3fd16,no,no,0.9999999989999999,0,2
learned_hands_consumer,majority,2,2,395,a47f0ccc3396c563d1d54cfa509c381c6e8ffadc05e947351c2c88540f5992b2,no,yes,0.9999999989999999,0,2
learned_hands_consumer,majority,2,1,396,d28d9b72ec96132abafad4420752c4f56363e197e4763aacee93a17b42e571ae,no,no,0.9999999989999999,0,2
learned_hands_consumer,majority,2,4,397,c6571efea3285b8369d41b3dd25ef48c253a0e321fcaeefa5d4e89023afe6cd5,no,no,0.9999999989999999,0,2
learned_hands_consumer,majority,2,4,398,3f37d027870da81cb661495002a1a7fc86a664b28df5b372c3384fa16ab115db,no,no,0.9999999989999999,0,2
learned_hands_consumer,majority,2,3,399,1195fd2a250615c2ef282030a1bd1f0805e2944f0343faea81ddf121d0ccc994,no,yes,0.9999999989999999,0,2
learned_hands_consumer,majority,2,3,400,52755383856e91c2af9d9af2cb1b6b5e2474b17de3d5bc750e466a0cac60f774,no,yes,0.9999999989999999,0,2
learned_hands_consumer,majority,2,1,401,79a5f35751c76695e1441ec78b28a225fca1c41ea9c82882b2fc5535aa52607f,no,no,0.9999999989999999,0,2
learned_hands_consumer,majority,2,3,402,e8b28f4ace8f9d83a962e68403786fac2eb9f58c6f2f6f2fb4f640879cb943c8,no,yes,0.9999999989999999,0,2
learned_hands_consumer,majority,2,2,403,49b50604e1e593b1474257b9770d20e0a60ddcf54a8b6890e153124f746b8275,no,yes,0.9999999989999999,0,2
learned_hands_consumer,majority,2,3,404,9d7dcd2eae72e13950ca10701a907c961252af1dd61008203f0937eed002f2d9,no,yes,0.9999999989999999,0,2
learned_hands_consumer,majority,2,3,405,3f5ca9261b2891516e2a5d24447411595d9562c1ff20862e0b1016f7ff1c32e4,no,yes,0.9999999989999999,0,2
learned_hands_consumer,majority,2,2,406,4e20b69b4d085a8af12bd1e5f9d7e6232d82ab680cfc25e9a64195c6513cabd3,no,yes,0.9999999989999999,0,2
learned_hands_consumer,majority,2,0,407,9000d55fade254c6ca05e4c143c5341da66479eca3cc7fcba053382ab0a06d2f,no,no,0.9999999989999999,0,2
learned_hands_consumer,majority,2,4,408,1d4a66a5ebbe0fede76d2d78db8f5fc9f6c99b17daeca5cfecf1d41b10cf80b1,no,no,0.9999999989999999,0,2
learned_hands_consumer,majority,2,0,409,c6ab1cc27fcf3c46640e8614bb3cef65334f694f0dc7ebf7c14f0f95ff582cff,no,no,0.9999999989999999,0,2
learned_hands_consumer,majority,2,0,410,2808314a91f63cd0f210000ca0d99e536b41a5ef2a38b09b99706154ed097563,no,no,0.9999999989999999,0,2
learned_hands_consumer,majority,2,4,411,add411cc48fc3dd30ad7eef9eb447a04c306289987db61ee0f1a60eec669366a,no,no,0.9999999989999999,0,2
learned_hands_consumer,majority,2,4,412,c5e98cba61f5b7e99d394fd52e37b44f2fa2d4bd59a64a4fa6df5eb9c7d968ee,no,no,0.9999999989999999,0,2
learned_hands_consumer,majority,2,1,413,b065f229dea495ea981117badbe33bbb78f927032d079f6b45b57b9ff319ee3f,no,no,0.9999999989999999,0,2
learned_hands_consumer,majority,2,3,414,ba9af4f96d08829a0c9ec6aba9efeff3a00a2093dfdfbd72c8bd45f2bc9e6a69,no,yes,0.9999999989999999,0,2
learned_hands_consumer,majority,2,2,415,5d18d68c26e2f66f512fe9593484b459f2bcea6aa210183c392cf7ad40ddb4f4,no,yes,0.9999999989999999,0,2
learned_hands_consumer,majority,2,4,416,e78402c565c5685cfe8d6f3023b3e7d2a6cacb870295e754ff3c7bd88851a1a7,no,no,0.9999999989999999,0,2
learned_hands_consumer,majority,2,4,417,83791c54b327f91dec027e1575b5e0d327a0464147f41406fc441098e5403ca6,no,no,0.9999999989999999,0,2
learned_hands_consumer,majority,2,4,418,2054be735fa66a7be473f7d8d284cc496f2873f3c0ac26935232ccd60f9de832,no,no,0.9999999989999999,0,2
learned_hands_consumer,majority,2,0,419,bab1e0749854088c9ef136c8cc309c034a76a764cfc21fc0ff53362e4861636d,no,no,0.9999999989999999,0,2
learned_hands_consumer,majority,2,3,420,27beb276d0fba5a8e870d21c77162c178327fc1ad4e1c391cbb90aa0b33604e5,no,yes,0.9999999989999999,0,2
learned_hands_consumer,majority,2,1,421,a1f504238378627ada42e6b4a5188dc174b5f75652a150163843892064abb22d,no,no,0.9999999989999999,0,2
learned_hands_consumer,majority,2,1,422,a005428946110152b42b0ec6663ca35a25f83f6d59f5b03454dc6b5ded6ed03d,no,no,0.9999999989999999,0,2
learned_hands_consumer,majority,2,4,423,9cbbae94185f89046b6054bb9bccf79344fd2aa88fe2a30fc15f75d34aacbef3,no,no,0.9999999989999999,0,2
learned_hands_consumer,majority,2,1,424,3be047961cac24031e53731a39990092e5be49c19c1bf50858f360635095935d,no,no,0.9999999989999999,0,2
learned_hands_consumer,majority,2,0,425,ce81291a07edef587b6b3aadc6149395b531a8bc2ccd91e5c553fafdef0a6317,no,no,0.9999999989999999,0,2
learned_hands_consumer,majority,2,3,426,e39dbe75b89613b758ebfbe9bb10832f0a92b0a0f06161e751f68ee02db8bc9e,no,yes,0.9999999989999999,0,2
learned_hands_consumer,majority,2,3,427,77f8b279f1b0c7568831f06897e485c63de90d157e9f5bdffc950d8b5339b76b,no,yes,0.9999999989999999,0,2
learned_hands_consumer,majority,2,1,428,196d1c980028958aa696f055758fa3b2f6507b7e90205d1bb8c1232f9ed33879,no,no,0.9999999989999999,0,2
learned_hands_consumer,majority,2,2,429,867ba8abbec80d2ad80edb9dbea0eda8dc5dcbafdfbe36aef9c42b95537f0f61,no,yes,0.9999999989999999,0,2
learned_hands_consumer,majority,2,0,430,72af3f1cbcff79519e8d830ce39f1aaf8bc7b8e3c6a420f8e0cd0db3ab43e396,no,no,0.9999999989999999,0,2
learned_hands_consumer,majority,2,0,431,8ccfee9549ab36622cbef033779481a4709533ba1916a502e4daa4bee8356d6f,no,no,0.9999999989999999,0,2
learned_hands_consumer,majority,2,3,432,f86e733c4aa27750c91274e7c1d24ef7fdb6886dedd3cd183e02ae97b21b71a1,no,yes,0.9999999989999999,0,2
learned_hands_consumer,majority,2,3,433,4e5a84a0e6bc8a79290a97622c2e27f93f35d3bc1d958a174621ce41587bc723,no,yes,0.9999999989999999,0,2
learned_hands_consumer,majority,2,4,434,60115ad7adfb7cd44dc9d3974fa6e91f75d4314b459afb6ad7cf046ec468f5d0,no,no,0.9999999989999999,0,2
learned_hands_consumer,majority,2,2,435,c2f8f30d2f33de3ff6d230fe420907389008f3f32d850a0d46c02bed9d4d96a6,no,yes,0.9999999989999999,0,2
learned_hands_consumer,majority,2,3,436,c260b7498f71fe45f1424fd2b9a9839f565e405a7d4dcec0225cc32b31aa3ddf,no,yes,0.9999999989999999,0,2
learned_hands_consumer,majority,2,3,437,946f42d7871538b510e3f3addcd2c214d51128c8b0d1497d15b7386ba0a1356b,no,yes,0.9999999989999999,0,2
learned_hands_consumer,majority,2,4,438,2ccf77520a102a3a7f63b623e6874716be7a1cf26d8c0f666f6e7470e9e4c438,no,no,0.9999999989999999,0,2
learned_hands_consumer,majority,2,1,439,a701c75cc7ffd4dd2d848114d88c55877c21ca6bc554b06f7a780af98fdede78,no,no,0.9999999989999999,0,2
learned_hands_consumer,majority,2,0,440,1512241f1c901913c1bcb63d7c6958e6e29007920502c9eb4c9eb5dfdc429779,no,no,0.9999999989999999,0,2
learned_hands_consumer,majority,2,2,441,8efb01893e2894f9a68dd4abe86e1aa3273c502cb488596dc29f5385ecaeb2c7,no,yes,0.9999999989999999,0,2
learned_hands_consumer,majority,2,0,442,1d2a94502aece3443e17b2cb63dfe225b7a8aeebd081ddb65e6bb2f671212a17,no,no,0.9999999989999999,0,2
learned_hands_consumer,majority,2,3,443,0163ad6ff34e85877a0adf35a59c1a346599711f69d7bf4891317aada189c78b,no,yes,0.9999999989999999,0,2
learned_hands_consumer,majority,2,2,444,8bd8da3916ab6140c8983ae16bcdb2e8e857d786d5b0a809729486e67a0812d0,no,yes,0.9999999989999999,0,2
learned_hands_consumer,majority,2,2,445,04302b33dfe27e60dab505555f6ba88813973ef1386f0c8b08205ee51891f0e6,no,yes,0.9999999989999999,0,2
learned_hands_consumer,majority,2,1,446,1afd1fc0fa21504408f161026b0213f082b591b552e5a77213bf65d60bf4612b,no,no,0.9999999989999999,0,2
learned_hands_consumer,majority,2,4,447,d1d3852aceaedd7f13c819c848f14ecc6dc897da4bfa78ed063ef32ce2ac63d1,no,no,0.9999999989999999,0,2
learned_hands_consumer,majority,2,4,448,04a31af43a0322d4e234770268a71818baa3b9f7193dc123c6ce1e4fb24f3e72,no,no,0.9999999989999999,0,2
learned_hands_consumer,majority,2,3,449,a8e84a61c494345c5650ad8117693f333deabc9e041a3b4a22aa1d06393231ed,no,yes,0.9999999989999999,0,2
learned_hands_consumer,majority,2,3,450,0854abafaea9b69c2c49c5f64e9f3c95f596dea3588670571b1ed57b744f59a5,no,yes,0.9999999989999999,0,2
learned_hands_consumer,majority,2,4,451,9f25eaeb6f65236347aee880ca9534bfc163ad085b06fa72eeb67b405f5f1d62,no,no,0.9999999989999999,0,2
learned_hands_consumer,majority,2,3,452,cbfecefec8a53e69aa8f367aea02a4727b7ee5554da9e45a38e31f065cc3c169,no,yes,0.9999999989999999,0,2
learned_hands_consumer,majority,2,0,453,bc4a406688a7b5efef17bfb1b4edbc67f35a63b3de8702b8068df824d666583b,no,no,0.9999999989999999,0,2
learned_hands_consumer,majority,2,0,454,1c6dd5d561b55e7031e5f2adc0da0e9723f06c4b23e08e8904fc1e27c13cd9c6,no,no,0.9999999989999999,0,2
learned_hands_consumer,majority,2,0,455,932d945f027160e21bfd51184d91d8727cfdf60e72226309e7516cc368fdc515,no,no,0.9999999989999999,0,2
learned_hands_consumer,majority,2,4,456,27da743642e6fe9e9f70f9ff5b3c8febcdf419aed6c38e5e67fa09294c9d6ab9,no,no,0.9999999989999999,0,2
learned_hands_consumer,majority,2,2,457,74043fddd5dce444be8d653b1c6f225528ef532997c766cbce4e5c660ade622d,no,yes,0.9999999989999999,0,2
learned_hands_consumer,majority,2,2,458,f417273fdbac343a73e3321b40e14d3eafed51eea5cb6c8b788b4ea1eb0afd8f,no,yes,0.9999999989999999,0,2
learned_hands_consumer,majority,2,1,459,df68371ca953f13c782ca05591a597acc4b878650efb047c1d8da558f203219e,no,no,0.9999999989999999,0,2
learned_hands_consumer,majority,2,0,460,5a1f2ce82b72f9c1266df09ac2c4d257aa3bee8f5b3972e0fc839db712595ca9,no,no,0.9999999989999999,0,2
learned_hands_consumer,majority,2,2,461,0b54969a9e57430db4a328e94f100a2c17ce2ecd53896ee28aa064697a2b1d8d,no,yes,0.9999999989999999,0,2
learned_hands_consumer,majority,2,4,462,0bab903026b7c3c9333fbe20f96dcdd314852e6516b76ab0c53d206790eefac6,no,no,0.9999999989999999,0,2
learned_hands_consumer,majority,2,4,463,41fa77f140f955deec510a2825da39c611b3256f06db66f38fab47e7b78d20da,no,no,0.9999999989999999,0,2
learned_hands_consumer,majority,2,4,464,2425edeaa0bb4c18efdb8f3cf3549bd1e238423ef48243512eb592127b04ee0e,no,no,0.9999999989999999,0,2
learned_hands_consumer,majority,2,2,465,987eae7153585e7a2a0d88ba16f6807b131129542c68eb9138781ebed69e8cc2,no,yes,0.9999999989999999,0,2
learned_hands_consumer,majority,2,0,466,b24b2625eafa8e1b32b1e246012edbc8db39764b08f08c67c920f3b3350fe9ea,no,no,0.9999999989999999,0,2
learned_hands_consumer,majority,2,2,467,35b9bab2880db0b2d36d825afd233bf57bda9e5eef479a37b70a41a36c5a5879,no,yes,0.9999999989999999,0,2
learned_hands_consumer,majority,2,2,468,6f958da8adbf8531a95cda9abd9c5210f97bffa964d37b7cb0442bcb31d14c37,no,yes,0.9999999989999999,0,2
learned_hands_consumer,majority,2,4,469,9e30b352d1c79225ed762c8ded34d155a8f1a9acb805c8f881ea24631aafaca6,no,no,0.9999999989999999,0,2
learned_hands_consumer,majority,2,1,470,6b2d81f7309dbbad5fd9af0af6a0d5e5c76e6ba2b87feadee3468b273edf16ad,no,no,0.9999999989999999,0,2
learned_hands_consumer,majority,2,3,471,eaaf0b7320c280140ad331ea0601675c5fd7ff6a885286c80d46ea113a3cab17,no,yes,0.9999999989999999,0,2
learned_hands_consumer,majority,2,3,472,4e19f210464ca73a7f7a58cd3218cec482dee93c4f53abed18732ac581733e3c,no,yes,0.9999999989999999,0,2
learned_hands_consumer,majority,2,4,473,4115fad9f9b83db5ecb78a9be61669ad1018516abc1227f075d62f7563f98f22,no,no,0.9999999989999999,0,2
learned_hands_consumer,majority,2,2,474,f0cadb5492e0ec183a3a3ea7616ae472ae6eff8bbcd445c563fa7c23da261ca5,no,yes,0.9999999989999999,0,2
learned_hands_consumer,majority,2,0,475,531a57b154dbd769d4108e15531d27140a960b9c18d233351c7d62f188b8f6f1,no,no,0.9999999989999999,0,2
learned_hands_consumer,majority,2,1,476,8fa4139dbe239bba25434909e55f2fa80c50269832bb68550d65299db5619836,no,no,0.9999999989999999,0,2
learned_hands_consumer,majority,2,4,477,9aec94ea158756c81b27ab95c8b331de3d51619d6ed22d22437d837182c56810,no,no,0.9999999989999999,0,2
learned_hands_consumer,majority,2,3,478,dc31283a842264461700a1d07d553bc3be03295a75df6770fa6c06015b16fc4d,no,yes,0.9999999989999999,0,2
learned_hands_consumer,majority,2,3,479,d8bcfed355b99213c89ac1a9ff427c6c4b1ed05f140ef324e243fdff43ed062e,no,yes,0.9999999989999999,0,2
learned_hands_consumer,majority,2,3,480,01de597cf467f8e74cdcd5967327e64399908a15ce5348852dd9dd952a970715,no,yes,0.9999999989999999,0,2
learned_hands_consumer,majority,2,3,481,6d3f546cc7e65f909112f42a52f7c36c1144c6845909f5c0f68d093fbfcdd8fe,no,yes,0.9999999989999999,0,2
learned_hands_consumer,majority,2,0,482,76ed3dfb2ec9e6a39f0bdd9bfc8057cdacba2af71015e9bdb02dc0313489169f,no,no,0.9999999989999999,0,2
learned_hands_consumer,majority,2,0,483,931e120b8c3a8979cf4a37513bfbbf87c5b064b350a60733e2408dda7477646e,no,no,0.9999999989999999,0,2
learned_hands_consumer,majority,2,2,484,cecaae8addd481078cd53a5a69e5d8da4b6a98a516613269f4137b01782983d7,no,yes,0.9999999989999999,0,2
learned_hands_consumer,majority,2,2,485,b07d2a4ff6a8dceaa18e35705a350c09b7e7f46cd67cf1e630b3cf325c46cc0f,no,yes,0.9999999989999999,0,2
learned_hands_consumer,majority,2,3,486,012a4657825e2d7e50ec63501a9322690acfd4226e288797e79c2df8d26962ba,no,yes,0.9999999989999999,0,2
learned_hands_consumer,majority,2,2,487,20b699538b4fb5aba69b8c97153f171766a2c4674e8e33eac9eebb1206529fe5,no,yes,0.9999999989999999,0,2
learned_hands_consumer,majority,2,2,488,c837c365cb2af81ad03b9121ec3ef43ab40d330362b3b4a17acbdc6fe37d85d0,no,yes,0.9999999989999999,0,2
learned_hands_consumer,majority,2,3,489,ed3eae30ccd079f9f129d55e81fae1839ca02ea3e96d61c56b1ccf55fe84687e,no,yes,0.9999999989999999,0,2
learned_hands_consumer,majority,2,3,490,18d65e6e4ac267b954fab721a8d2cabcf4346e461537cf69de5e72f51a7c5a79,no,yes,0.9999999989999999,0,2
learned_hands_consumer,majority,2,1,491,1de0c196d21d27621ca7c6e1b0386331881a85a41a05c700ff3c5d698d48eaae,no,no,0.9999999989999999,0,2
learned_hands_consumer,majority,2,1,492,daaaa7023a2b99c5064d440cbb801b79c0f04aca364a814e84dc1c4dfc3865d0,no,no,0.9999999989999999,0,2
learned_hands_consumer,majority,2,3,493,ba5d6e2c09e4d63bb1beb689879578b510654791dece0cda170619655fbe60bd,no,yes,0.9999999989999999,0,2
learned_hands_consumer,majority,2,0,494,0769d7b7837170d8be575bfc0f6247cb8aa473af2eea89363f68c41a10d2c7e0,no,no,0.9999999989999999,0,2
learned_hands_consumer,majority,2,3,495,cc8b2d0978320bbe51dc5e4b1de74ef4b9b277de2e23e12d234df5eb07e460e7,no,yes,0.9999999989999999,0,2
learned_hands_consumer,majority,2,4,496,e613741978772ff2af35a8e2703f6574aa51e0f59b958d0ac40bd784a691696c,no,no,0.9999999989999999,0,2
learned_hands_consumer,majority,2,4,497,30fc1431cc1bd1aa3cf2160a194f94ab74b259ec3b1a245d9a44d4c7cd36702f,no,no,0.9999999989999999,0,2
learned_hands_consumer,majority,2,0,498,3e84f9a77980c8201610e1fcd383fac5825e27ba6d5747b53d07a15d820d1826,no,no,0.9999999989999999,0,2
learned_hands_consumer,majority,2,2,499,45f440261959716e956eeb1411ef4686bed9e9775d8fda7f31816a338fa7aa25,no,yes,0.9999999989999999,0,2
learned_hands_consumer,majority,2,0,500,3369d09eaa0b33274bebd84d0cf53afc9ebc6dd6dbc8f7ea6cdc98d71324c90b,no,no,0.9999999989999999,0,2
learned_hands_consumer,majority,2,4,501,310cdecdcb36d755a158b4b234f965e433bc5d653ce95ec34814c492542b6e9d,no,no,0.9999999989999999,0,2
learned_hands_consumer,majority,2,1,502,3f4cf00bdfec2adfe98cd9ed014b1bda2da6b65d534ee0ae60f5a1f4cc7d8bed,no,no,0.9999999989999999,0,2
learned_hands_consumer,majority,2,0,503,bb5add493ea70afa2c752943a32010d534375afbf274f76364f5fd08c8551486,no,no,0.9999999989999999,0,2
learned_hands_consumer,majority,2,2,504,04a671661b4a945504156fd0073b7bf79e85f7d32382c0d0180634ee46e850af,no,yes,0.9999999989999999,0,2
learned_hands_consumer,majority,2,2,505,fd1fe8184fbcfa582a0b2176a6b8d3a33eb68e84c3e941c4565a70212f082b27,no,yes,0.9999999989999999,0,2
learned_hands_consumer,majority,2,2,506,231ee3f5f275519cba825473068fc96cf01d3913b5d14fb747b2bda5abc8ab6f,no,yes,0.9999999989999999,0,2
learned_hands_consumer,majority,2,1,507,6739991faf5aa8fa1e6c64dd6d08390a1287fc09742cac2994b33432d5338df2,no,no,0.9999999989999999,0,2
learned_hands_consumer,majority,2,4,508,37ec98dd44986f754e0baa73863d4c9210b359d2ba344ae645cbc8abb39da92f,no,no,0.9999999989999999,0,2
learned_hands_consumer,majority,2,3,509,b49a2505659c683cb11a3df13847ac8045a46adfd8192d2c76391a8803a1f4c8,no,yes,0.9999999989999999,0,2
learned_hands_consumer,majority,2,2,510,a8217fa585bcf051c42ce021792455104c0b30538cee9d1851b1d4287e25e0f1,no,yes,0.9999999989999999,0,2
learned_hands_consumer,majority,2,4,511,e9985a996c1b2327f2216eff3e962fc84a378f193e0d95ba12e5529bf99d15a9,no,no,0.9999999989999999,0,2
learned_hands_consumer,majority,2,4,512,df1f494b116ab1943fdfa5b41fa750c836fe604c800651280911f0dc4580a3f8,no,no,0.9999999989999999,0,2
learned_hands_consumer,majority,2,0,513,be04d6d56aebd1e9f64044842226e835ae6154a25190109a1e2e0693bee8e9c3,no,no,0.9999999989999999,0,2
learned_hands_consumer,majority,2,0,514,da3a06f0dd47af3a2b4ad51ae4de160a3f203e163224d6995c3218e0611096d0,no,no,0.9999999989999999,0,2
learned_hands_consumer,majority,2,3,515,5c56a2375937744f352e8a6ee8be863d82c01648dadf59d6e0540e4d4cd3aa63,no,yes,0.9999999989999999,0,2
learned_hands_consumer,majority,2,3,516,77ff7a6cc1e79bc95cfd0df1cf2351b19e130cc482374a04d5967c1a85d54773,no,yes,0.9999999989999999,0,2
learned_hands_consumer,majority,2,1,517,4a00c73ae7c6524fa4c17e987d72c3f6fa272236cacd79ed166db4d45eebb2aa,no,no,0.9999999989999999,0,2
learned_hands_consumer,majority,2,1,518,57d7010f1071da7d8e1852e639021c19ce4b58849818194549f19da7d793ed5c,no,no,0.9999999989999999,0,2
learned_hands_consumer,majority,2,3,519,b0346537dd7db9e6927d457dddb797ca2160ccc494e76289b9cefcedf036ceb3,no,yes,0.9999999989999999,0,2
learned_hands_consumer,majority,2,3,520,c2be9f06745a8c52db0133bd1fd943903f7fbaa625b0d3d34c2fce9d0ae875e0,no,yes,0.9999999989999999,0,2
learned_hands_consumer,majority,2,4,521,75d05aaa2c22410aa8b7fffcafce5468bcd99117194cefbea4e1ac86f5f351f4,no,no,0.9999999989999999,0,2
learned_hands_consumer,majority,2,3,522,db05d6507e5e3fa1d10142d3d8a1447182ad4bbba3e4a8370275f7fa482603f1,no,yes,0.9999999989999999,0,2
learned_hands_consumer,majority,2,3,523,0cd164612e455d558e41fa9eeac7cdf9afda934ca9be5ff6ca58723a0d4f1a00,no,yes,0.9999999989999999,0,2
learned_hands_consumer,majority,2,0,524,64748ff82f5a0b3935c4b036e55eaa3dedc4952ea2df451bb4489eeb560981ca,no,no,0.9999999989999999,0,2
learned_hands_consumer,majority,2,0,525,b84cafbdf8906d4952f89b6677c260f193b288cde9bd9a044da00429a5c1788c,no,no,0.9999999989999999,0,2
learned_hands_consumer,majority,2,3,526,c2c2b5dbf3e12a911a20a8938927cbc7333ac84a79c8659cefb4366be01ff7c4,no,yes,0.9999999989999999,0,2
learned_hands_consumer,majority,2,4,527,60c6f915b166a49f3d467e29663aefd916fdb4febc3aed6e9f86dc861d89cdb0,no,no,0.9999999989999999,0,2
learned_hands_consumer,majority,2,1,528,5b8d9992b62967320c49f0330151d6b9b87e86c8b4abbfb6622903ab97a5142b,no,no,0.9999999989999999,0,2
learned_hands_consumer,majority,2,0,529,57d3ccebff848e81befa244f69489b9a171ab42168f6bbc6325439c85b7b0df5,no,no,0.9999999989999999,0,2
learned_hands_consumer,majority,2,1,530,dcc018d1aaf56509688079bc8783b9b23e0de1b677409b02d41284d2fca9040c,no,no,0.9999999989999999,0,2
learned_hands_consumer,majority,2,1,531,4d5492ff6e79ebaf69bd06ebbeabe63809050a927815a156c8a8972229eba0ba,no,no,0.9999999989999999,0,2
learned_hands_consumer,majority,2,3,532,ca3ecf1c1ef162d48d1f7e17896f1037dde115892608733e846ec86140631f89,no,yes,0.9999999989999999,0,2
learned_hands_consumer,majority,2,3,533,0305a9b842d8022160096d7a46730fab12122cf58393b7bcfe6ad6852162bdcb,no,yes,0.9999999989999999,0,2
learned_hands_consumer,majority,2,4,534,3d57a7bd684e91a426d743d44a7a8feae1ccc11b7320dc7c64cdfff7f5651caf,no,no,0.9999999989999999,0,2
learned_hands_consumer,majority,2,2,535,f5d5f15ce9ba190a7120001abc42f1cf21e20e7f2a019fd07a91090882dbd6f6,no,yes,0.9999999989999999,0,2
learned_hands_consumer,majority,2,1,536,903fd0d792e220feea54ad37c84686d6e6b8e59535fa16d13bc36658f1fc28c8,no,no,0.9999999989999999,0,2
learned_hands_consumer,majority,2,2,537,9d9b4526cbe24d2a6f2890adb86aace884014a95851e78352d3f4ff1cdcc50dc,no,yes,0.9999999989999999,0,2
learned_hands_consumer,majority,2,0,538,30a2b5df9ae4ed2e010f7c2d068372ace7e2577350940484bb48430ae9ea7278,no,no,0.9999999989999999,0,2
learned_hands_consumer,majority,2,1,539,14dd48f8f89acc71cb973a464b51478fbbeeac5361ae069ccdf18c010692573b,no,no,0.9999999989999999,0,2
learned_hands_consumer,majority,2,4,540,60cec153bbc5f214e7135f4d89ed8528e27743234f4739a1eb92e34f1ff44d86,no,no,0.9999999989999999,0,2
learned_hands_consumer,majority,2,0,541,5588471057013e09e22216f158d5fbdc584f612606d94687c13be4b2e55f5896,no,no,0.9999999989999999,0,2
learned_hands_consumer,majority,2,4,542,dc192552b483d0ac3a6d1651b8e21b40837a9426816d9e3f64498e131d76e734,no,no,0.9999999989999999,0,2
learned_hands_consumer,majority,2,4,543,f1f6e92601fdf06f7ca1a57e7556c20884dc45c096f396b9e825f5e32c0f7a59,no,no,0.9999999989999999,0,2
learned_hands_consumer,majority,2,0,544,3c76189ba90d25579e258776ba63c3c30d8b7d53a978703cf331ee251b4e5890,no,no,0.9999999989999999,0,2
learned_hands_consumer,majority,2,0,545,43a6bc4480553f9b0a214f75f6d48c8e8ce7abc4b7be882e01a9e9df8108a1b0,no,no,0.9999999989999999,0,2
learned_hands_consumer,majority,2,0,546,3da37e63dffad75b2ee9a58d491a68e212af0b7d71ac858045a8657165bfadd2,no,no,0.9999999989999999,0,2
learned_hands_consumer,majority,2,0,547,58137e64ac41ed8e7e81d207383d87b5226b5658728837915a21ffd225d0754b,no,no,0.9999999989999999,0,2
learned_hands_consumer,majority,2,3,548,c9760c7df4fc3eb826bfb31e080137911ab35ae7f2295614373536be38ff7a63,no,yes,0.9999999989999999,0,2
learned_hands_consumer,majority,2,0,549,f68d2b36b0aa1fe05ff7cfefd1bef8b411b59bfd2547573231a9358ce4a847af,no,no,0.9999999989999999,0,2
learned_hands_consumer,majority,2,4,550,9d038dd0243eecf6b7473c2626d4e82af31cbb7798372022403db2c53aac85c4,no,no,0.9999999989999999,0,2
learned_hands_consumer,majority,2,2,551,1f966f4c818ddbda27cb669513c943ee46d73d5252c0de4770bae3e0b1407c6b,no,yes,0.9999999989999999,0,2
learned_hands_consumer,majority,2,1,552,47f5ff1d7bfe7621611a502c23a7ceff9d308e2a1dabd5f29755fb341ed42da2,no,no,0.9999999989999999,0,2
learned_hands_consumer,majority,2,4,553,d4edcad2012a13062a63322c80d9dda6748d539f3ccc68a8ca8515cbf779e532,no,no,0.9999999989999999,0,2
learned_hands_consumer,majority,2,3,554,ba2d5b4602e83fd349fad98b24b38a99bfe1443da99a67d27ba98c8d58a7b182,no,yes,0.9999999989999999,0,2
learned_hands_consumer,majority,2,4,555,a6dd6a0f17139acfd501f939d766455a6f082f486b04d50843f5897c950f5a6b,no,no,0.9999999989999999,0,2
learned_hands_consumer,majority,2,1,556,a1ec095ee15753680fa1dcc2cbce2e048c960c54a4c671af2b889ff01c2a78b1,no,no,0.9999999989999999,0,2
learned_hands_consumer,majority,2,0,557,f50ac2f7ee90df358f730bee0cc541912730af6dc27f334b51ce011788751780,no,no,0.9999999989999999,0,2
learned_hands_consumer,majority,2,1,558,6dbf7b018c755e5418a5bb8020c0e3e0b3b6c2802141270907880a6f7cf37e03,no,no,0.9999999989999999,0,2
learned_hands_consumer,majority,2,2,559,8028cfbd1a2e6305634a58811aaf0ab86462c0aba3c14fb71b4e2d5c466e76ed,no,yes,0.9999999989999999,0,2
learned_hands_consumer,majority,2,1,560,9a51675376b7b3914122130018ee7839fc678cd936b6b9ab2de64d3095595d93,no,no,0.9999999989999999,0,2
learned_hands_consumer,majority,2,3,561,46db7874bb17bd0bfc4da9f20d511677c89d9d72e7616f5d2fea321d16a4d2c8,no,yes,0.9999999989999999,0,2
learned_hands_consumer,majority,2,2,562,703e4efa32ffec639b9f5832aba111107a1d6a46aa78b9f0bcbf55786e115a58,no,yes,0.9999999989999999,0,2
learned_hands_consumer,majority,2,1,563,7deec0af5174e4beb0d092237b7a51ba2fdd2750e9d0d6b70fc7c0a7dd3274b5,no,no,0.9999999989999999,0,2
learned_hands_consumer,majority,2,4,564,9f89ce31649f5aadaf8602b1ec128212bc82f53bdd4b070be2656d39389bfd3a,no,no,0.9999999989999999,0,2
learned_hands_consumer,majority,2,3,565,52c676261b9c0ec1700eb1af704f89bafe5d3cc2fcde6e3e53ec8d62cdd6d2a4,no,yes,0.9999999989999999,0,2
learned_hands_consumer,majority,2,2,566,46c570bb238fa00c335738e90e9894fd264ea59da9a43983805ace67cda3babd,no,yes,0.9999999989999999,0,2
learned_hands_consumer,majority,2,0,567,0cce10f57330f13a1fa4583d7fcbaea0ea54631244d26f8a6d66cacba2bc5e86,no,no,0.9999999989999999,0,2
learned_hands_consumer,majority,2,3,568,23d530283c7fa6d23eb17ed2448ff4204346f82e1ff6bba839e171c25a835f45,no,yes,0.9999999989999999,0,2
learned_hands_consumer,majority,2,2,569,1c260489f250e26aa71f0f67af2d93564ae951b62570cc33391ef77909e9ff99,no,yes,0.9999999989999999,0,2
learned_hands_consumer,majority,2,0,570,a069da037392da85deec01ab7ac053f17bb4d2f8fef4cefb41ffe8b522d078f9,no,no,0.9999999989999999,0,2
learned_hands_consumer,majority,2,4,571,524bb5bf6132a668b140a529e1e06fd9231839d3f515499d615f2e3cbc7aed03,no,no,0.9999999989999999,0,2
learned_hands_consumer,majority,2,0,572,698a24f5972ce2399e34b386818b23e9f4e394b92851cbbbd6edb8b88c1afd5b,no,no,0.9999999989999999,0,2
learned_hands_consumer,majority,2,3,573,49f564d4ddfce6dfcee859f3e9357c9ab50ff9c0235c7f8261f86942a80bdb88,no,yes,0.9999999989999999,0,2
learned_hands_consumer,majority,2,3,574,3ac0c82ca7beef115b86522a5f5f46bd39ba3538af171995361348eafd9b9e20,no,yes,0.9999999989999999,0,2
learned_hands_consumer,majority,2,2,575,867d8d7d603b8ba49fd2224d4e9a4e31af79cb37a9eadbd99a914e0587a6e215,no,yes,0.9999999989999999,0,2
learned_hands_consumer,majority,2,1,576,85d2a625103432a6e270c523b2b82873753c1aadea3a856047d52d54f77d7fec,no,no,0.9999999989999999,0,2
learned_hands_consumer,majority,2,1,577,710dc3cc876b848944aa42d1a09e59b9090754a8d9bd4a8ec6a95c1d915c9b4a,no,no,0.9999999989999999,0,2
learned_hands_consumer,majority,2,4,578,085d8a8bf0abb16a3a525ab8ae49de081115d9b133ea5c0286dcc920fa1332ce,no,no,0.9999999989999999,0,2
learned_hands_consumer,majority,2,3,579,b22ac3b6da6efba6a1c054601441ac802d6282b2f6c93b97b3f41378a9f9df7c,no,yes,0.9999999989999999,0,2
learned_hands_consumer,majority,2,2,580,a0a8970a8f7abab6606c6c0dc4e4ed89f48960d36710902cbf788bcae8d59835,no,yes,0.9999999989999999,0,2
learned_hands_consumer,majority,2,2,581,c830685ae56b6f1b2910c6ab5de01bdcf3e93705d4ae3850481e9ae6a7ec59c8,no,yes,0.9999999989999999,0,2
learned_hands_consumer,majority,2,2,582,a2b8614a6474da04bbec6a1b3421b6c93d315cc44e8958073d1b9652801f4710,no,yes,0.9999999989999999,0,2
learned_hands_consumer,majority,2,1,583,2fd3a1b7a973326e591034aa7863f5b09e42e05bb1e3f9d6cc311428d449d4f4,no,no,0.9999999989999999,0,2
learned_hands_consumer,majority,2,2,584,f221ac70290bacf70893417c277b4fb7396aa9262713ef18f437e8c1e5da3bcf,no,yes,0.9999999989999999,0,2
learned_hands_consumer,majority,2,4,585,a1f95e95ed3bf1df04e2d7306db27c5cd135ef9ea77def78c12cf2c81619e8c3,no,no,0.9999999989999999,0,2
learned_hands_consumer,majority,2,0,586,2ce709e73ee4451d404c5cdc00ea37833fee0b356b8f16d76ff2479b2cbd353b,no,no,0.9999999989999999,0,2
learned_hands_consumer,majority,2,1,587,618c4d63aaf62f407f26f35d636080cc1e0a032d82f4d1e04c0fb1cf65048718,no,no,0.9999999989999999,0,2
learned_hands_consumer,majority,2,4,588,4f6bc5578f8ddb17d988262058901424533577bd28369751a61118a761761e91,no,no,0.9999999989999999,0,2
learned_hands_consumer,majority,2,2,589,a9192bcdf65d01e592abf6f0b177a9853ed1c4a2b0ee8742dab11341eaee29d1,no,yes,0.9999999989999999,0,2
learned_hands_consumer,majority,2,0,590,067cce98506849a73d82e859c38940708382620ea642806d23cbb8de5187231e,no,no,0.9999999989999999,0,2
learned_hands_consumer,majority,2,1,591,b576cd2ec8f9c40c2bb0abe987f064c2f9f1c25f94d4565ddd83377473d48859,no,no,0.9999999989999999,0,2
learned_hands_consumer,majority,2,0,592,5913bc49040be5c85504a852ac0a112f8e7e340d2c39fb67d7067ee3450e5e13,no,no,0.9999999989999999,0,2
learned_hands_consumer,majority,2,2,593,a25e7edfa72a41526ddc2db76023d27c2db12a24984d2e5a716da973b523f27e,no,yes,0.9999999989999999,0,2
learned_hands_consumer,majority,2,1,594,d10b6556e2004b51129b987f5c4531830e2b0822cf2d7017e10a5414707669d9,no,no,0.9999999989999999,0,2
learned_hands_consumer,majority,2,0,595,d6d5572c752218b14019ec07e189728c9b3ddb8d34c3d70488fe782cc31aa988,no,no,0.9999999989999999,0,2
learned_hands_consumer,majority,2,1,596,07573b273be6697368d57299de8abf31240b9402c15219c81c2ee8f9a7f2aa62,no,no,0.9999999989999999,0,2
learned_hands_consumer,majority,2,2,597,6dc6cf31b2c1894f7bcfb26a493a4e5756971e007f5e7be26036cf50c17d7eb4,no,yes,0.9999999989999999,0,2
learned_hands_consumer,majority,2,0,598,7aa6dcf85749745744d1eb12d07f65d4b80960c401365645658ffdacc98c266a,no,no,0.9999999989999999,0,2
learned_hands_consumer,majority,2,4,599,5d91de0107b67446aed45672dcfdef4f58baf8f1c037cbe894d9bb1e9578101b,no,no,0.9999999989999999,0,2
learned_hands_consumer,majority,2,2,600,684294f8c7abfb0278d36770f016d23248fd859f28c36cd2400da167f3b2b1ee,no,yes,0.9999999989999999,0,2
learned_hands_consumer,majority,2,1,601,241cef5b8e4490252fa54625f6d6db8138d2f2b6887914926c4714fe63225592,no,no,0.9999999989999999,0,2
learned_hands_consumer,majority,2,1,602,264bdc1770e2864da6160b2fb689ad40913ffdda9bc24da7cd4f73e375da64a9,no,no,0.9999999989999999,0,2
learned_hands_consumer,majority,2,0,603,8b25bda48a03414701e65d70dfe129b08d8a1fffbfd6d253c4f8eab80b8e7ef4,no,no,0.9999999989999999,0,2
learned_hands_consumer,majority,2,2,604,a98c95b8dc90508ce61bca07aac73b3000d782c3e8bdb2d8094fa8851213e843,no,yes,0.9999999989999999,0,2
learned_hands_consumer,majority,2,4,605,2e2dab0aa3f72da243e332c4316fe221543965532bf45ff04017e1820a01ffa5,no,no,0.9999999989999999,0,2
learned_hands_consumer,majority,2,0,606,f898c42315c66b3c1b4818313a33706910ac2498fef748ca5f12df32ed4ea670,no,no,0.9999999989999999,0,2
learned_hands_consumer,majority,2,0,607,edf5ecdbda4cb86f3f4fd1969bf42ba5a7eededc822406ff5bcdbad487d0ebc0,no,no,0.9999999989999999,0,2
learned_hands_consumer,majority,2,1,608,41d5caaade46df5dd642cfcc5a1c383a53ea033ab68bf9753d941c8fa472857d,no,no,0.9999999989999999,0,2
learned_hands_consumer,majority,2,2,609,20cf2204cfad79c36173c2020ce3d9d1d7bfe049a4659016961fb1f7d34524d8,no,yes,0.9999999989999999,0,2
learned_hands_consumer,majority,2,1,610,0970bb84fe7a7ae10755b3ff8e069375c894baa731baadab88c5b85d95df1cc1,no,no,0.9999999989999999,0,2
learned_hands_consumer,majority,2,2,611,53722369d56a509c380ff23472de54953b911d83728e74087c7864d9bf6c5d11,no,yes,0.9999999989999999,0,2
learned_hands_consumer,majority,2,0,612,dc4a5fdc229e8eb8b4651e9829068c4a686c371d36c72e2ff9486195b6f27065,no,no,0.9999999989999999,0,2
learned_hands_consumer,majority,2,4,613,1b06f4f278599f2a5f0149ed64529530669a8a3934e0d4e09cf02e4eb40c20b2,no,no,0.9999999989999999,0,2
