task,candidate,repeat,fold,item_idx,text_sha256,gold,pred,p_pred,kept,set_size
learned_hands_consumer,tfidf_logreg,0,2,0,a379a87ff3cdf868abd2168b8f7f1448c858c1c0293a0324128a1f9795c2495c,yes,yes,0.5306204968126509,1,1
learned_hands_consumer,tfidf_logreg,0,2,1,191f0937cb2c89fc2ee6de2cf962022796a21348bccce723e58dff5138f4aa85,yes,yes,0.5354667535205618,1,1
learned_hands_consumer,tfidf_logreg,0,4,2,23e415128308be018936edfbe782216c59135a5373afcc67391ab30b99e4fab4,yes,yes,0.5232124118212376,0,2
learned_hands_consumer,tfidf_logreg,0,4,3,d020ae25740133b72d326d57b58504372281f70e6def4d5a95655465a0e91468,yes,yes,0.5576714603031743,1,1
learned_hands_consumer,tfidf_logreg,0,0,4,7505269b5e689b850bf04d86c3aee556710bf7ed7473e80bb32cbf4ef909b78b,yes,yes,0.7270291624704789,1,1
learned_hands_consumer,tfidf_logreg,0,0,5,ebbf5dce638a03352aa5ce9e76ea526855fc19fe426785e9d74da0b972447b56,yes,yes,0.748777358556656,1,1
learned_hands_consumer,tfidf_logreg,0,2,6,3682fd0cb52ef152a5e499e4441ac3d86a735973de9e3062a809fc58d80f083a,yes,yes,0.5122266440876312,0,2
learned_hands_consumer,tfidf_logreg,0,3,7,a1352482ea4516a24b594ccbf2ed311516cde0785a8edf4e41b8b20657074dd8,yes,yes,0.6694452635101096,1,1
learned_hands_consumer,tfidf_logreg,0,2,8,5655b74e200dc643bf62729b26c6760f786b1d110abd671cd8122c5d567f2846,yes,no,0.5020982547173146,0,2
learned_hands_consumer,tfidf_logreg,0,4,9,30f3878dfeeec4bffed1d8ed0fd2feaa3165fc8790712d0e6c993ba632a91571,yes,yes,0.5238460074739388,0,2
learned_hands_consumer,tfidf_logreg,0,2,10,ff770b8fb5998da87b58b103e84a37ec674949fd2d8708f87b7aa392185f98be,yes,yes,0.5312835211782996,1,1
learned_hands_consumer,tfidf_logreg,0,4,11,025030168186d6dca4ceeb0def0c282fcd27d1c293abe1a0d6f41c0ae9ae34dc,yes,yes,0.5996779797150864,1,1
learned_hands_consumer,tfidf_logreg,0,4,12,241960fe59164730ab7f2221e78ff75ddf5d07ef6b0c664c078d091bc787b69c,yes,yes,0.606047123321541,1,1
learned_hands_consumer,tfidf_logreg,0,2,13,ce32ef1dbe79dfac3d0eec018d4e7404296ad6ab06b519aef7132243fecc9c2e,yes,yes,0.5023551795359851,0,2
learned_hands_consumer,tfidf_logreg,0,4,14,3a9f35dbcf5d11d5980a668dd0ac8a317654d4e4f8ee28518fa931a589f5ed3d,yes,yes,0.5745709812123847,1,1
learned_hands_consumer,tfidf_logreg,0,0,15,62ffb1bca214412111ca15a5cb79aed8c39b77ae8e4a9734a85ca66376cdf151,yes,yes,0.8132976985142275,1,1
learned_hands_consumer,tfidf_logreg,0,1,16,74157c44430c0b4b913dbef04b5bcc2e60d6786f1fce50cbd1fb74740cbfcbea,yes,yes,0.5713078291769951,0,2
learned_hands_consumer,tfidf_logreg,0,0,17,2dcefce119cd3d52ce0b2dd55dba49a2d705592c989511a60ca5ff2fa62bd783,yes,yes,0.8487486801777087,1,1
learned_hands_consumer,tfidf_logreg,0,0,18,e4b36f1dffe74a33bc589ff139dca6b75d8c5d7bd1414fcbe7ff483736a80e24,yes,no,0.533866964325366,0,2
learned_hands_consumer,tfidf_logreg,0,0,19,eaecc316a32deb54a2e35ad55d5930bded5cb828eee671ec1a4d6c298e93f0ea,yes,yes,0.5347416670109608,0,2
learned_hands_consumer,tfidf_logreg,0,2,20,ed6f10e3e2d4af3a7f61f4ac8ca3c539ade9d2b7250defd67063ea3a59ec18c9,yes,yes,0.5284696180763373,1,1
learned_hands_consumer,tfidf_logreg,0,1,21,8770b696e9d75ce623853da32ab9c2fc409af163cb781c02986c01c726cb8581,yes,yes,0.7190324437352245,1,1
learned_hands_consumer,tfidf_logreg,0,2,22,5f6fe96a0c85f05ef1bd1209d12d8a5da80ec0b8df76281b71b291bb0bfe1477,yes,no,0.511579760514159,0,2
learned_hands_consumer,tfidf_logreg,0,0,23,db86e2ed5ca09bd43e5c1153206c84ac6670851f84c6f0c29b6ccd1eb0deb1e7,yes,yes,0.5043181541867524,0,2
learned_hands_consumer,tfidf_logreg,0,0,24,f544e710a36c5f8952ea27c89f4b8d456410ad33abcdeff8bb5ab956f30c76bc,yes,yes,0.9352653409970966,1,1
learned_hands_consumer,tfidf_logreg,0,4,25,ffe0635de5f1a7973b85a3b70ea8e03cb5b1567c2d2995c39b15468f910920d7,yes,yes,0.5866325611446648,1,1
learned_hands_consumer,tfidf_logreg,0,0,26,1c5d518541a4c3c72210f1d1640f265a1ed467b09e8fd9920e0ced3c2a2e237f,yes,yes,0.8372737509780124,1,1
learned_hands_consumer,tfidf_logreg,0,2,27,847d90720ffa65caeed18bca722c31a7e6ad6690535571373c7cf5484024b4f1,yes,no,0.5100737697339801,0,2
learned_hands_consumer,tfidf_logreg,0,0,28,826850ee19189639a241888830f2095a605677489c15835a9633e2a0b1ac6a64,yes,yes,0.6202653279602943,0,2
learned_hands_consumer,tfidf_logreg,0,2,29,8bf45813b8f64152745c4302a8fe3d28ad3a521ce8400337d150f52d7679c073,yes,yes,0.5121573203252242,0,2
learned_hands_consumer,tfidf_logreg,0,4,30,eab22a84a1d27762ebd956ab7c150792e31d45b69c081b1042ce94bb9f5db787,yes,yes,0.5272499529242305,0,2
learned_hands_consumer,tfidf_logreg,0,2,31,0d9289d67324c71b1a8459504ea7ea7d8593bc88c6baad910d98ae12b894b961,yes,yes,0.5172294641345279,1,1
learned_hands_consumer,tfidf_logreg,0,1,32,28de51fe26d760b562f7dd240c576dd29c1dcd24a3821f27045c03e1695ce0c4,yes,yes,0.6818498372562132,0,2
learned_hands_consumer,tfidf_logreg,0,1,33,6ce4033081e30de899b1011a4c082e82532b4c8f2afae23aed1a9b31dfb4eadb,yes,yes,0.876229628371004,1,1
learned_hands_consumer,tfidf_logreg,0,2,34,fe949d0e8bb0a6f67a12ee28fec1d49ebc38d613057ddbd9e9742ce374e5a92a,yes,no,0.513416990196508,0,2
learned_hands_consumer,tfidf_logreg,0,4,35,c207ce030682bc8ba0e7590a8ef0dd99c16b1b16665aebc82ab525877c2593a3,yes,yes,0.5325647481797876,1,1
learned_hands_consumer,tfidf_logreg,0,0,36,8ee486f22362d8e55009981db61b71a034a94793fc615ef6c369c92e25d8621a,yes,no,0.5378721024082544,0,2
learned_hands_consumer,tfidf_logreg,0,1,37,bf327cac5ea3a5c8ae4b1fa4c6aa053fb3e0494255dfad320226fae0a94b91af,yes,yes,0.6569545345102158,0,2
learned_hands_consumer,tfidf_logreg,0,2,38,d5599f345f2efcc9997c702cf325c78c55c774947409f903377c2d84a3c8bc07,yes,yes,0.5111480025378443,0,2
learned_hands_consumer,tfidf_logreg,0,3,39,574fc09c7649af91d62597783fce341ddacfa64d9567f02c1c1d30d6a45410d3,yes,yes,0.6511483146685432,1,1
learned_hands_consumer,tfidf_logreg,0,4,40,46fe2b35c88c955d03ff315dfce3bb7c880b33d4409029f9ff6042df0194686a,yes,yes,0.5968281490943864,1,1
learned_hands_consumer,tfidf_logreg,0,1,41,f5d2007ecaaceed6f700b3e50cfa67215480af67ec2a87afea71cf1279ebec05,yes,yes,0.6438271536953614,0,2
learned_hands_consumer,tfidf_logreg,0,4,42,01f1c668540d25f929d2e86cf0c94ebff90e0049c2f9c72bd85b0e900e0d7495,yes,no,0.5023408252485448,0,2
learned_hands_consumer,tfidf_logreg,0,1,43,1d86013431ea866bb8f9c95e610c8a4080348f326588f325da4a18706ada5429,yes,yes,0.6754828186758723,0,2
learned_hands_consumer,tfidf_logreg,0,1,44,bb18ab83285db7bc8dcf60f8a3ce1cdf2bd7debb099b953f662ddb9f8b38c2a7,yes,yes,0.8700202889826072,1,1
learned_hands_consumer,tfidf_logreg,0,2,45,16a3215ae403198891fd8dc9a2a417f75f8728d8e7141fcfef231668fdb5ab3d,yes,yes,0.5234604522146353,1,1
learned_hands_consumer,tfidf_logreg,0,3,46,4439bed3fc41d7b9c8ab09ef918fda1428dd5d823121216ce107959cb0dd4294,yes,yes,0.5720414014481685,0,2
learned_hands_consumer,tfidf_logreg,0,1,47,0b3c04d83b29cbb3a2e22807f4dae94c87c8f2b395036f54911c5754a4c47017,yes,yes,0.7808102507289892,1,1
learned_hands_consumer,tfidf_logreg,0,4,48,22a293b5746bac59ac00ea57d239b6ac359d9156a1ec0715abd762c84fede43d,yes,yes,0.5323140982964849,1,1
learned_hands_consumer,tfidf_logreg,0,4,49,c4c2bad785e53ccb9b321d2c63b8faff89f92b5a2cdcf0736b057e7e8e719879,yes,yes,0.5661502672891385,1,1
learned_hands_consumer,tfidf_logreg,0,0,50,014d339ae8d5fa4f98805d09f90eeeceed4b7762a40914f0ab3d4313182186bc,yes,yes,0.9363092476051085,1,1
learned_hands_consumer,tfidf_logreg,0,1,51,e7c14e7458d8da99796ba9c88de59853c6a65ab37d90d24358671b503b06100a,yes,no,0.5025506678881653,0,2
learned_hands_consumer,tfidf_logreg,0,3,52,fc726439af49d4188b72ee0e9adc0c39a6dd739d7612fcaa8485f57a5706e876,yes,yes,0.5245307253228327,0,2
learned_hands_consumer,tfidf_logreg,0,2,53,eec25d963cdf3c5408e24c25c1ec3ce4c8b7063821931ad7747c587b4dd8f3ed,yes,no,0.5023826567977654,0,2
learned_hands_consumer,tfidf_logreg,0,3,54,dcae1fbe99948ce3f328592769d0490ed52f89cb9a04fb61ed7eb8f822e0ef89,yes,yes,0.6930601205356787,1,1
learned_hands_consumer,tfidf_logreg,0,1,55,ec7dbe0d74d55de6c88312082e78da6a9a98966b97acf9fa7c9d9202b2fcbe6d,yes,yes,0.901916090245971,1,1
learned_hands_consumer,tfidf_logreg,0,2,56,d8912fee3a18d2f57b6bb3a91a58414523442ec0294398e0adbd9fa8b241b33b,yes,yes,0.5034961229575634,0,2
learned_hands_consumer,tfidf_logreg,0,4,57,f87c51747534d2868b590819e8df1acd5dbdbe3015ba30f49aa700ccfaff8b97,yes,yes,0.561522460792778,1,1
learned_hands_consumer,tfidf_logreg,0,1,58,aaf2efb2b98403731588f69a234f9628c7cf0a6e41dc5e4d493bf3cc98491abd,yes,yes,0.526992945634121,0,2
learned_hands_consumer,tfidf_logreg,0,1,59,8401deb1d2cdca16e4beb605dc74617b796161236d4fabf6b119671c60390e46,yes,yes,0.7325108824255304,1,1
learned_hands_consumer,tfidf_logreg,0,1,60,0141cccd8167fda3a53db3bc8a9c9de38ab73039aee125ca5d456f83efb3f060,yes,yes,0.9363738494105595,1,1
learned_hands_consumer,tfidf_logreg,0,4,61,9539303909111ff48458f893819b6c4d82471c51d35262c48791eb4281d5a6fc,yes,yes,0.5434811947114634,1,1
learned_hands_consumer,tfidf_logreg,0,4,62,0d9042d456d2e30348acf77b2105fef878d17d0c8ce75d13775d81f13023733b,yes,yes,0.562426013963091,1,1
learned_hands_consumer,tfidf_logreg,0,3,63,d351e0b84bda59ef89f0bf473a631f614d498349dffaab3bb47d4611faad2257,yes,no,0.6723068035558449,1,1
learned_hands_consumer,tfidf_logreg,0,3,64,087225dc844ed506b918ed1ed8cb4919b62e15999a35bc72ef5f3e438535329d,yes,yes,0.6863819191863021,1,1
learned_hands_consumer,tfidf_logreg,0,3,65,8cc2e66174e528599835446e6f69bf213ec59da343e4da74a215a2d7e47df358,yes,yes,0.657967422829069,1,1
learned_hands_consumer,tfidf_logreg,0,4,66,10c9dca4735480772f9fa371b9c9695f8d7449b8c64df6abd309125cc20b2e6a,yes,yes,0.5531099770371255,1,1
learned_hands_consumer,tfidf_logreg,0,1,67,4e9fb39ce82c9a0c8db9edda73b0a08dbe1fee6bde6735bb0599991149c9cceb,yes,yes,0.8431116456773647,1,1
learned_hands_consumer,tfidf_logreg,0,0,68,6a7e6c881869b757c8e7d36f73f227b987ce5b3ad9363a56d200edfa24ffcded,yes,yes,0.8990410209042616,1,1
learned_hands_consumer,tfidf_logreg,0,3,69,7599dea223674f198ca8bd7b449a8b363e958ee58ead42c5f7026c558eac1915,yes,yes,0.7555533816787363,1,1
learned_hands_consumer,tfidf_logreg,0,3,70,7f224054d39f18cdd6646ad519ae236db20d9acc51e2a2366bf146920bbd208f,yes,yes,0.7527130454005652,1,1
learned_hands_consumer,tfidf_logreg,0,1,71,96ea4d954d1b6446c71d74a769dd614b7dcf83261e50056d6e62e7ca102d5401,yes,yes,0.670702409616916,0,2
learned_hands_consumer,tfidf_logreg,0,3,72,3defdb305691fca997369ad61eb4c2cc9ad5737f73633b9997bca6b3b68dbc70,yes,yes,0.9141054101885913,1,1
learned_hands_consumer,tfidf_logreg,0,1,73,ea88a64bd77d6c33327a9e3a56bdeab16edfcc94d3ad1f6c811e233e9cf1a4e6,yes,yes,0.6852861174248276,1,1
learned_hands_consumer,tfidf_logreg,0,2,74,1cb2a54d0c572842c9666556b4f9d68ac569dacc5ff14c26a9deb40b00297490,yes,yes,0.5000783802129117,0,2
learned_hands_consumer,tfidf_logreg,0,3,75,3145ed790491a1b21c800dff9616114d2f77be8dbdbc044f4fcf7b15608d7aeb,yes,yes,0.8431077497180136,1,1
learned_hands_consumer,tfidf_logreg,0,3,76,bc58560238d37dd7bb637d6eed992896abc2e8646e56eb8dac0dd8bf4106576a,yes,no,0.6218165728842411,0,2
learned_hands_consumer,tfidf_logreg,0,0,77,9a5c75e417971c21fe00a89d52819a28a8d393fb332863c7f844a2f728e1aa47,yes,yes,0.8332988938753014,1,1
learned_hands_consumer,tfidf_logreg,0,2,78,7effc09d90b5d4a003218cec4356f0109765847fec64e4393bdf14682528fc56,yes,yes,0.5092699523293109,0,2
learned_hands_consumer,tfidf_logreg,0,3,79,bf7fab3a472a85fba5cacc610acd4ae413064fb5929efe63047e35beca2837f6,yes,yes,0.6480944580214879,1,1
learned_hands_consumer,tfidf_logreg,0,1,80,b9fec9f38f97749033ecb64442eb36f3ee2e3a80cd28ded964ba3b542608ed08,yes,yes,0.7506050217414034,1,1
learned_hands_consumer,tfidf_logreg,0,2,81,a86e6ca3f4d275c0420ca0ee4600f15f0b78e34c43b877bb58dfb44c56f07ad2,yes,yes,0.5345913896834987,1,1
learned_hands_consumer,tfidf_logreg,0,3,82,e2dda0a5ede9ada6a285c131669076df0764c2b88c1c2001ae078a17d88fc168,yes,no,0.6399107745942128,0,2
learned_hands_consumer,tfidf_logreg,0,1,83,9d3a029d590c2c8aecbc4df458d911be15fcbef421678b9ef52d1281119ef933,yes,no,0.5910754733049681,0,2
learned_hands_consumer,tfidf_logreg,0,4,84,0a86c2677e444a84373fb5de0aa2e100762432bf73d0ed3e92ef3f2f584504eb,yes,yes,0.5335993539779957,1,1
learned_hands_consumer,tfidf_logreg,0,2,85,edf4479c78e0f0664620607e8ab699c2cf70b3f949ebe5b6e2a5e65f56f24fa0,yes,yes,0.5193995053531435,1,1
learned_hands_consumer,tfidf_logreg,0,4,86,a446c13b6a95e774dc7f399a94c473901184d9172d42d8f4db7362cdb059e191,yes,no,0.5353735680713919,1,1
learned_hands_consumer,tfidf_logreg,0,1,87,90d67e6b76ef21ed8c1dc58bfbdcc24aab8e1dd728ebdafefc643a1e3c6bc74c,yes,yes,0.7897695437657681,1,1
learned_hands_consumer,tfidf_logreg,0,3,88,e0f88567e0733cdaf8c918330d9139891158680d5be3cc3fc4577a4e79c67cdb,yes,yes,0.5923930169375946,0,2
learned_hands_consumer,tfidf_logreg,0,2,89,4c96db2e33b6cc4900b1f80e86334c0d0f97a10b76baf6a5fac96558a449fa07,yes,yes,0.5130765096761081,0,2
learned_hands_consumer,tfidf_logreg,0,1,90,08c27d740cbffbaf24d70ad9cc2f4538941c1e7ccba03ba15eacb0c43fe8f6a3,yes,yes,0.702691010953975,1,1
learned_hands_consumer,tfidf_logreg,0,1,91,123e686fd8c78b602b0952ee8aacebb8f2a451c8d2c2f716072c6c0780e88a8c,yes,yes,0.8044980864935296,1,1
learned_hands_consumer,tfidf_logreg,0,0,92,61088df3abd8799b2cb0b2a50547fabab33f53e711b6bf0e51ad8eee1f9886f8,yes,yes,0.6286674959038984,0,2
learned_hands_consumer,tfidf_logreg,0,1,93,245581fd1773d7336f3fbd519ea0ad635746b96c3ef3c64c77d8fe969f404345,yes,yes,0.7235257584889718,1,1
learned_hands_consumer,tfidf_logreg,0,2,94,0935c35b8f85a7acb661025d20f4077750c9420cbe5f2d6cb6c1f5e62a4cd9fc,yes,yes,0.5156799364862196,0,2
learned_hands_consumer,tfidf_logreg,0,3,95,8b2b428ed3082708aebc90d3e95493d6b01fab537f0107c5604932ba617141c5,yes,yes,0.6097606271032838,0,2
learned_hands_consumer,tfidf_logreg,0,0,96,46b3b836673160a90a211860286b914eda2a3ef85f0eb63bd10cacc7ea5f0f02,yes,yes,0.7514253519241888,1,1
learned_hands_consumer,tfidf_logreg,0,1,97,8c8ab92472440d5e8d77d4f562ff2df1e24f26dbf33e2f219ed51d9ffe2ed9e8,yes,yes,0.6344567708793537,0,2
learned_hands_consumer,tfidf_logreg,0,1,98,f84ae3cfea6e268f60d53f2fc2105cabc35e7c1bc60594c254b8a5b9ebb95c52,yes,yes,0.942154986853165,1,1
learned_hands_consumer,tfidf_logreg,0,2,99,5a061ea8f86d69941bb8f010a9102517e2e50e8a6e7f043b2a65a9beeb5b2a5a,yes,yes,0.5132501314043787,0,2
learned_hands_consumer,tfidf_logreg,0,1,100,a0b66eb40941e4afabf26cc61164bd17ae4b404900827ee613063156c3fcf1f6,yes,no,0.6341414274049209,0,2
learned_hands_consumer,tfidf_logreg,0,0,101,d69eab546563939e27e3b5c4bf71ed21aa8c08a685f2dc211a8611a8734cdaac,yes,yes,0.6770664919016588,1,1
learned_hands_consumer,tfidf_logreg,0,0,102,13c1947392729839a6ef7e019584b3baf576db1a026c6cc363f97f9be6b55b7d,yes,yes,0.5960988000951467,0,2
learned_hands_consumer,tfidf_logreg,0,0,103,2db3f4de10f8e3c93f180c1cec9ec1036a8cfb696152a003910f4876349b5563,yes,yes,0.9289639383787808,1,1
learned_hands_consumer,tfidf_logreg,0,4,104,9d141e84a47e429ebf8c9be15a716519a789f6ecfe2635d6742bcc1589887b61,yes,no,0.5234896909809107,0,2
learned_hands_consumer,tfidf_logreg,0,1,105,f2b40bc0dd711fca9b42c004ced8b6a7f8400023cc7f44239caee4f44359dde4,yes,no,0.6038331197144724,0,2
learned_hands_consumer,tfidf_logreg,0,4,106,d5dcc520e7691c72d4f4bcf6d67cfa74c856d631a5a6c4904f730332b192f920,yes,no,0.5332801073860021,1,1
learned_hands_consumer,tfidf_logreg,0,4,107,da0684c959dcca3dab601174a68db1954a8db19f75ad96cecdb7b9319c828539,yes,no,0.5019313349460051,0,2
learned_hands_consumer,tfidf_logreg,0,0,108,0e7608581b6f65860575a915b9e6d3ea3ba463ac7392a783effab47b7c6ed2b6,yes,yes,0.6940398427962488,1,1
learned_hands_consumer,tfidf_logreg,0,0,109,3b14007f0368858c49628d89f7a4ac4e05912114c121069f929f093267da692c,yes,yes,0.8725077471139099,1,1
learned_hands_consumer,tfidf_logreg,0,3,110,83a75ee006bb31d8db282260e075860f781be2246f81074adfc047c6debba47d,yes,yes,0.5624261360460933,0,2
learned_hands_consumer,tfidf_logreg,0,4,111,d140e8b5cef58e3c07015a3be1003d6d67dda0e1681f40a4b5b23a3a143236ea,yes,no,0.5752239032558992,1,1
learned_hands_consumer,tfidf_logreg,0,2,112,fb04a608b72b2b2e616ef5e9aa6ca1fda0b73c81a00bd51339a60f7ebb9349f5,yes,yes,0.5164067627596932,0,2
learned_hands_consumer,tfidf_logreg,0,3,113,5ebb5e29b015223682853139344a5e2422b009ed368ed22452f4ebe96b314797,yes,yes,0.7380320054095829,1,1
learned_hands_consumer,tfidf_logreg,0,1,114,7e315bac1e39325f317709b5955292bc75939640e3b8f10ba3c11050930647e1,yes,yes,0.7672953254336254,1,1
learned_hands_consumer,tfidf_logreg,0,3,115,0d7f2c826f6a0fc0a9404989d5d4b5cc6d7f2f516c1f069e5bf8d31ee7e817dc,yes,yes,0.8038013906584208,1,1
learned_hands_consumer,tfidf_logreg,0,4,116,7e75b01067a2ec4ca8c403b389118d896ccf66db535b144a3c54bc98c1c2e246,yes,no,0.5093132881955236,0,2
learned_hands_consumer,tfidf_logreg,0,4,117,a3e66362096eb8059a216e47a87cdd7f3f944d1ccbc606f30cfbe1cc424e0594,yes,yes,0.5315754533252508,1,1
learned_hands_consumer,tfidf_logreg,0,4,118,d3308da62008ec5ef18494df94f73a4585ed31e1c8e69ccc9e25e76cb56d42a0,yes,yes,0.5620209458660436,1,1
learned_hands_consumer,tfidf_logreg,0,4,119,e07a44cb806545635aac341cc0946afd7d71c3619844a0ec08545160df03cbdc,yes,yes,0.5313344977117378,1,1
learned_hands_consumer,tfidf_logreg,0,3,120,aedceca2ca38055764eb4ff944a3a150057788281d1c3739f5e785db00a9e719,yes,yes,0.5705763323347188,0,2
learned_hands_consumer,tfidf_logreg,0,0,121,ca458586d811f25c02f1f39cf55f75b65071bd2ddc79fd97b0d5be9eb8e5312c,yes,yes,0.8564131644220436,1,1
learned_hands_consumer,tfidf_logreg,0,3,122,fce48e30fc0ea1058c42d4b4e3fc772fdd46a3060633bca5f371f122fc5aaef5,yes,yes,0.7739888618570615,1,1
learned_hands_consumer,tfidf_logreg,0,2,123,02bd80d2b643617360d685b497986a8637dc26275c2ea6a626b69de253d164e7,yes,yes,0.52239229234241,1,1
learned_hands_consumer,tfidf_logreg,0,0,124,af3d9c10fbb3296fa6a040f3015c474aaa8ae09177f6fe2e775fee3e584f996d,yes,yes,0.652945763310368,0,2
learned_hands_consumer,tfidf_logreg,0,3,125,73e4bc727ab5dd4600aa1647320d964c9a52dc7767744c8d074cebcd901f6c05,yes,yes,0.5691127770085929,0,2
learned_hands_consumer,tfidf_logreg,0,3,126,0bdb8221f4d44b38dc8782e0b56035bbdd3a7e6fc2df17d22f1a5c863bc46075,yes,yes,0.7922788731507736,1,1
learned_hands_consumer,tfidf_logreg,0,2,127,90fe4003a641d7cd2ed6a00150556d083b23fe1e24e75ebb94ecff4d843c77e2,yes,yes,0.529250202944567,1,1
learned_hands_consumer,tfidf_logreg,0,1,128,155678c2832cdf4702db15b523f143f1ac784cffcaf58c1a1dfe33a97611eb8e,yes,yes,0.904398620003886,1,1
learned_hands_consumer,tfidf_logreg,0,0,129,aec3c6407d02ce2d3b4abd591e08891c236a8a8989e7ad72020a4b7b777fea78,yes,no,0.5200734709138221,0,2
learned_hands_consumer,tfidf_logreg,0,4,130,1f2af78776193434b3d71d59e47e0a24bc7439537dae7643126e174f05f8a690,yes,yes,0.5155446074324099,0,2
learned_hands_consumer,tfidf_logreg,0,0,131,ac3dcaa7b7faf827da8c14b3bfd03c0f8d36bbd129920232b5775c57ebee5322,yes,yes,0.6799347357886545,1,1
learned_hands_consumer,tfidf_logreg,0,0,132,8de39616285bfb13eac266c45a5691cad8963031bb495c5ffff384303ac2e317,yes,yes,0.5683131914431448,0,2
learned_hands_consumer,tfidf_logreg,0,0,133,df7cebc19279cc1176c76578d13d5634b4ee220d4093d6b4e048fd1f74811db9,yes,yes,0.5042564962811643,0,2
learned_hands_consumer,tfidf_logreg,0,0,134,b5412b723d0181549110fa8dd79485fa5238dbc7e264272da705dfe9c7f066a8,yes,yes,0.7724666570698949,1,1
learned_hands_consumer,tfidf_logreg,0,2,135,e802649c8e6be5fbdc4e7ec755757e95ba836ac949c022f0081c1fcb1cfa00b0,yes,yes,0.5271501054329019,1,1
learned_hands_consumer,tfidf_logreg,0,1,136,a039dbd9f0510ac6f66d44c60f9a5f5a5d5c76093f00e693801d2fc80d54f7a9,yes,yes,0.8536002187814237,1,1
learned_hands_consumer,tfidf_logreg,0,0,137,9cca62662bba01723eb2a9aa094821e1675b7ac525fe30fc042f3dcaac3e2727,yes,yes,0.7440397740054131,1,1
learned_hands_consumer,tfidf_logreg,0,0,138,dfbc47fb61799a0472fbf92d48b36eeb2584ccc63a3185c2d61a51c1537f7c92,yes,yes,0.8232350976081314,1,1
learned_hands_consumer,tfidf_logreg,0,4,139,6cb9e80497686772c38151ef29f0b998c3911fa46f4ae26dcb0677863d1c3bcd,yes,yes,0.6008508325501354,1,1
learned_hands_consumer,tfidf_logreg,0,3,140,bfc4a30870f9292a454f9471c16d25b3199ec05b80dafc98a9d6c50897c1b47e,yes,yes,0.7889061568015034,1,1
learned_hands_consumer,tfidf_logreg,0,4,141,078b717fbab45038fcb94864d32f33fa6d71d9664570dfe04661869f23314833,yes,yes,0.5554152117879991,1,1
learned_hands_consumer,tfidf_logreg,0,2,142,0242758b0d09920c367a96d4d60f74cb970f86cfb3bbf7bc54aa2a69703b17c8,yes,yes,0.5151007192362324,0,2
learned_hands_consumer,tfidf_logreg,0,2,143,51eef95bf47218140683c3e1b4135ffc3d540ca426dbe552c2809dc445d5b483,yes,no,0.5089469680627974,0,2
learned_hands_consumer,tfidf_logreg,0,4,144,af4b353687f267cf4811370b1167f39f3acb12a476ab7569d5711f61e7cc5c99,yes,yes,0.6235377509724465,1,1
learned_hands_consumer,tfidf_logreg,0,0,145,a5b77622968be2023f42d12cc8cdb98fdd05731d5ff1f331c0c61cddcdd016ac,yes,yes,0.5398072808691364,0,2
learned_hands_consumer,tfidf_logreg,0,2,146,483af7a4cce5458979f9fde28f5d38cf96c6b318f56cf5b8bb7fef01baeda51d,yes,yes,0.5462976349328094,1,1
learned_hands_consumer,tfidf_logreg,0,4,147,5b013d7731839bf2ba2c52bac900167561f691d205c1198ffe872747858115ab,yes,yes,0.6008895129712775,1,1
learned_hands_consumer,tfidf_logreg,0,4,148,1403a0476f3fcec8b1a48e6f1fceb06a2aeabd9f5de4f53ac7e2f29a80fc3d02,yes,yes,0.5436411160655644,1,1
learned_hands_consumer,tfidf_logreg,0,0,149,7153d24972b2eb3c082ba9cc58a892af969f2d9524022190bec282710d252b55,yes,no,0.7721671163175975,1,1
learned_hands_consumer,tfidf_logreg,0,2,150,a6e1cfe1a1c58fdb1b4033bef127bdc12ad083d8029c91cf81e74fbc997b44c2,yes,yes,0.5146654835114687,0,2
learned_hands_consumer,tfidf_logreg,0,3,151,c48f7444249fe7386aac1fa49a56e450eebc70c640262a5fc2cb2864d62c7b62,yes,yes,0.6418203755159004,0,2
learned_hands_consumer,tfidf_logreg,0,4,152,7223ee95c7eb5aab471c9b1426c035d3d751646abf3a01dd2380366fa55c1fb2,yes,yes,0.5585575821917144,1,1
learned_hands_consumer,tfidf_logreg,0,3,153,8b857fa596fd194124387876667280b614e479625bc9d05d958f3b90514c2e9d,yes,yes,0.7419945809384242,1,1
learned_hands_consumer,tfidf_logreg,0,1,154,6f137236864a4da2299f6341085a62e5e2e0466add7aa8eca3ff5f315633bbdb,yes,yes,0.8395009421847833,1,1
learned_hands_consumer,tfidf_logreg,0,3,155,038e3005ce9b5b1cabf2220d9f9b068ab3289de326b9c0466e84286f1cb69bf9,yes,yes,0.7243888025915294,1,1
learned_hands_consumer,tfidf_logreg,0,0,156,7b67a7b2e80fc8b9473186823a7570203fc746e03e40493d174446237de3bcec,yes,yes,0.7995804967657956,1,1
learned_hands_consumer,tfidf_logreg,0,4,157,9d82c554b4b00bd2ead020ff98bb6fcdee7432665a797346eb3d3aaf490d0d12,yes,yes,0.5709219245731788,1,1
learned_hands_consumer,tfidf_logreg,0,3,158,da85c2e88f91544acd0359c5ccd69c2b4f902d093ceb8cb12767a778944fbd7b,yes,yes,0.5921436423133702,0,2
learned_hands_consumer,tfidf_logreg,0,0,159,a34040f6644b50bc824adc566e6d6428d7b05ca16c8ee39f0af4b1b9f5601f2a,yes,yes,0.9097433342203592,1,1
learned_hands_consumer,tfidf_logreg,0,2,160,19c9ac6e1d4ea3c61c161624efc992b8cc52bf306f151391ba8529c19382e1ee,yes,yes,0.5207062343395144,1,1
learned_hands_consumer,tfidf_logreg,0,2,161,650970637dd6a0ab8e97321c167c7bc4a9a3cdc8eba59da2a5c510bcbd5db45a,yes,no,0.5080761414727433,0,2
learned_hands_consumer,tfidf_logreg,0,0,162,c51f874153bc2cdaa57ad2c656a6af7ab24feabfb448922cab57ef416feee663,yes,no,0.6437319548654445,0,2
learned_hands_consumer,tfidf_logreg,0,2,163,13b1acd948c8e9c9a5739d8481ea213fa3cfdab8b80a82efd25be33e8f7b2902,yes,yes,0.53791518548057,1,1
learned_hands_consumer,tfidf_logreg,0,4,164,9fde61742e0b3fc6fabbffa750b6283c72453cd0303a465ce66648d46676eb89,yes,yes,0.5064967842019411,0,2
learned_hands_consumer,tfidf_logreg,0,1,165,4fd20a26aafa50907d098d746bcd899d7abfca4f42db1d5c149080652db43b60,yes,yes,0.6426868178611364,0,2
learned_hands_consumer,tfidf_logreg,0,2,166,38a9b6c4df60f95cae8cdf22954e4170c3a5feb64ebfb5162134d697b7e84381,yes,yes,0.5423462104611918,1,1
learned_hands_consumer,tfidf_logreg,0,4,167,8892704b2b2b6659f287178e3c29d5c9d21dc3ecb2ae17dd4b6ec86c6784cd0e,yes,yes,0.5113998699634493,0,2
learned_hands_consumer,tfidf_logreg,0,3,168,5953941222239eaa15e600b769f26c7173e96638173a25e19be42ff6b5b07d45,yes,yes,0.6547761132180503,1,1
learned_hands_consumer,tfidf_logreg,0,2,169,4f9eec5c23a5c213a1bc6fc916fdf2587227d14edcd43d78fccea8cd278cc2e0,yes,yes,0.5070150858576314,0,2
learned_hands_consumer,tfidf_logreg,0,4,170,51ec6ad487eff34fddaa34cf9a46b4a9a9e66e2ef37f1718f6c2c0a6b08bcc0e,yes,yes,0.5994387910059227,1,1
learned_hands_consumer,tfidf_logreg,0,3,171,4356eb8f7a087e4d6032661552935019173e052ab6031528ff64635a4f9c515d,yes,yes,0.6230076504575299,0,2
learned_hands_consumer,tfidf_logreg,0,4,172,6d7c28575a9e0747fc4cfaab5263e2daf0754ef5d1c996b9de353104dbfb5be1,yes,yes,0.5498616057179255,1,1
learned_hands_consumer,tfidf_logreg,0,2,173,6656d334c0150d50518a8e9e86ac484364dfc5da62604f792fa121392de57cd5,yes,yes,0.5237385765501857,1,1
learned_hands_consumer,tfidf_logreg,0,4,174,fa3b234c5866029eaafed3054fe7c1e9dd9d3e50389c45beedce0456e0a851a5,yes,no,0.5052310214271232,0,2
learned_hands_consumer,tfidf_logreg,0,3,175,f5327013f798cdfff71ccd1ccbf934757fae9118c8fda0cfb29197ee8c9a2f92,yes,yes,0.7302135528765189,1,1
learned_hands_consumer,tfidf_logreg,0,3,176,0c550425496483256cac2b164db69cc78311e995021bfcbd4a5c585bcdd9d9c6,yes,yes,0.7480551072005935,1,1
learned_hands_consumer,tfidf_logreg,0,4,177,e9a4a62f276d5c835085a02b2f4d92155f8f7ac6d396a52ad1cd37cab729b635,yes,yes,0.5635400789976627,1,1
learned_hands_consumer,tfidf_logreg,0,3,178,f4fe68a7bc004d02c8ecf39777717f5e53269903d0c3c3181101c07cea5c6b0c,yes,yes,0.7287564977511171,1,1
learned_hands_consumer,tfidf_logreg,0,0,179,3d0de6dc3fb5d69b4483315a8f1b9a55f3da2fb8eb1df50a74386a480912447a,yes,yes,0.5930922589907016,0,2
learned_hands_consumer,tfidf_logreg,0,1,180,b66cb0340d554080664d72cdd106c5cdb17b38d1f74932ac0787b45754ce1a7c,yes,yes,0.8684847772923028,1,1
learned_hands_consumer,tfidf_logreg,0,1,181,a9af33b24aeb8f4fc3dd090cb6015fd72eb33e9bacf6b245b9efd00dd9991af3,yes,yes,0.599216221570585,0,2
learned_hands_consumer,tfidf_logreg,0,1,182,9eefcb8b16890b9cc6c7e144d07beaa48841305e10614e94d470242a6b0e065f,yes,yes,0.7571982650320177,1,1
learned_hands_consumer,tfidf_logreg,0,0,183,cfde4f376e1a14d27549b00d4ddf32bfeb542cf05f08d1cbc266df888e1c3047,yes,yes,0.5397297937649662,0,2
learned_hands_consumer,tfidf_logreg,0,4,184,421033c1624e9a903b16ba39c1d61b1ecb07a1c62b4ffce4608c02c7a3e067e8,yes,yes,0.5030887404713815,0,2
learned_hands_consumer,tfidf_logreg,0,1,185,7a8050d0881441599707f60d9661cc876f27efc16656cd8526fe842e463a56ec,yes,yes,0.8557341894808465,1,1
learned_hands_consumer,tfidf_logreg,0,3,186,5f4e3e4860760d911ab21bd74b2611036627cda4c7c666615991f1d2314d6b35,yes,yes,0.698850780002205,1,1
learned_hands_consumer,tfidf_logreg,0,4,187,057e4d5e06ed1236a9a35f3ea5c2cc42ae58bd3d82fb4981f56669b168d087e6,yes,no,0.6070858808468816,1,1
learned_hands_consumer,tfidf_logreg,0,1,188,a5608444f7d99d3cd3109ac70b995bb38775ef1fa2c286f3779886ac598a5c9d,yes,yes,0.8013091197746569,1,1
learned_hands_consumer,tfidf_logreg,0,4,189,48a613b18969b56ad289f137a24f32ca5714dc722f1916be3cf41f3c98f577e0,yes,no,0.5542693897653761,1,1
learned_hands_consumer,tfidf_logreg,0,3,190,d5a7261352131be329b42958bda9d1cbf7adf2a5eb0c341d0fd5d6d07a9ae17e,yes,yes,0.7631343148940009,1,1
learned_hands_consumer,tfidf_logreg,0,4,191,e36f78681c2e77e1fe9fd7fc2f0b8fa917f14b6a2333a41863c17c766053033f,yes,no,0.5392434436293645,1,1
learned_hands_consumer,tfidf_logreg,0,2,192,1487b9bcecfa449f7f97f38810e17ed4e37ea80a32cd5170137bf134574ae112,yes,yes,0.5245743677064519,1,1
learned_hands_consumer,tfidf_logreg,0,0,193,a0956e6a9a6973551966fc776c76b773565a03efe1dd2f5b6e363e037cd68e98,yes,yes,0.6474330067766078,0,2
learned_hands_consumer,tfidf_logreg,0,2,194,113f455fcca39b28919c8669b561494bb48c8a7b1abb08182e38efba3ba3d49d,yes,yes,0.5101108000664457,0,2
learned_hands_consumer,tfidf_logreg,0,1,195,01467176da7f8beaabb7d2d981d4c2a5d270c4de1ee41090eb7fff34ad10f233,yes,yes,0.9522769071657221,1,1
learned_hands_consumer,tfidf_logreg,0,1,196,3917492faa9e47e7106ba122c3a1618a26df3dcdbcf5803ea5eff8caeb3a85b8,yes,yes,0.8879392263628045,1,1
learned_hands_consumer,tfidf_logreg,0,0,197,cde8abafba1e7a412e01f15ea5b8b45f4e1c8f3f37c5ed8ecf8670617e0e3ddc,yes,yes,0.6422239496279453,0,2
learned_hands_consumer,tfidf_logreg,0,0,198,61ae855f1482eb8f9d691ed3f1d20ebbea6fc43c48a7559ddaf77710f2c27152,yes,no,0.5017302256445679,0,2
learned_hands_consumer,tfidf_logreg,0,1,199,f35f9e77ffc5ac7a0d42e5a637d3ec3f6ef2830b8c178fdb6a5c951cfeaa3e88,yes,yes,0.562503162759812,0,2
learned_hands_consumer,tfidf_logreg,0,3,200,82f9efaddab72f81167b375aff7cc6c2537117b477e6064545d97be910ff945c,yes,yes,0.647422982625287,1,1
learned_hands_consumer,tfidf_logreg,0,3,201,967afc85cb2c22088e649a1faac841a0d2609f7e11fe94eef9bd17a4daa54688,yes,yes,0.5578638879120795,0,2
learned_hands_consumer,tfidf_logreg,0,3,202,5648d782c24eb983d5cf18c59b05a1a47459a5dedd4e5335a0232c23f062944c,yes,yes,0.5066572419753731,0,2
learned_hands_consumer,tfidf_logreg,0,0,203,157bd549be3ab1bdd3e21c29805aafdc0d0b45c1aa52b0a397ab9236a4e5c944,yes,yes,0.7599931896151825,1,1
learned_hands_consumer,tfidf_logreg,0,0,204,525f45b4239b35c4038470e08628f267e9887f1c30b0aa84a2d5d01464da39a3,yes,no,0.5364360312254088,0,2
learned_hands_consumer,tfidf_logreg,0,3,205,0a0807c3257345430140d80f2b2b7210e572d13f47d5ac8a65174de1142590b0,yes,no,0.5595345468113331,0,2
learned_hands_consumer,tfidf_logreg,0,2,206,a2b92dbd2ee6fd008bb6aa904caa64641950c475cddad723b2644f23c751a0ee,yes,yes,0.5248944787971691,1,1
learned_hands_consumer,tfidf_logreg,0,3,207,a2ed73e250907017f6d7fd66c658c04c6a137575d6ad765f993661edda327577,yes,no,0.5073710615047218,0,2
learned_hands_consumer,tfidf_logreg,0,4,208,1290d537ea8750e4e91f20b46eec10646ce12ab7d86dfc91eb09b608405fe90f,yes,yes,0.573111466038581,1,1
learned_hands_consumer,tfidf_logreg,0,4,209,a0f7d16e25d9f13501287713351ca9111410082745756d6eff69a544a7ce0fab,yes,yes,0.5121808872192093,0,2
learned_hands_consumer,tfidf_logreg,0,3,210,adbfc9de80cf0100c04073d2c24a7a39ad794835be05b45cd9a54b30876e1bae,yes,yes,0.8742521459781513,1,1
learned_hands_consumer,tfidf_logreg,0,0,211,33d047d7bf09f05c00081ea7055f31cf8f5cfbb5f1ceb5b0376de52b5d66fca4,yes,yes,0.5190906901747954,0,2
learned_hands_consumer,tfidf_logreg,0,3,212,8747eec3bef3a1ac47c5e03b2a3185ec7be0382a48e8f07bc6b009f884106d3b,yes,no,0.6026628840813857,0,2
learned_hands_consumer,tfidf_logreg,0,1,213,49b127f44fd96be9d276f55d1669f94228b7535cb909c7f6b272eb55f8881a2c,yes,yes,0.8796816753993917,1,1
learned_hands_consumer,tfidf_logreg,0,4,214,dfb7f7c0e45b4a7671e7808a09335109e684ec1f7b896028808720b751c76290,yes,yes,0.547753926992597,1,1
learned_hands_consumer,tfidf_logreg,0,4,215,db97720cca0e39dc598257024bac71c263aaf9886f335cf6cd722539c19eacca,yes,yes,0.5705325639209611,1,1
learned_hands_consumer,tfidf_logreg,0,3,216,64859a67c19bf56da59ad97eab9f8da73202e6a6dd9d3bbb9372afcb47b0408d,yes,yes,0.7541330742755143,1,1
learned_hands_consumer,tfidf_logreg,0,4,217,f449fe5d57975f0caf323ecddfcc9b9dccbabe88c5ff42bd31a1d65fc7a824b5,yes,yes,0.5582898806054917,1,1
learned_hands_consumer,tfidf_logreg,0,0,218,fa078ce3c2ae45c10df8aa0a800c47eade1e7510a46eb24bbe627b87d2938a68,yes,no,0.6661617654104913,1,1
learned_hands_consumer,tfidf_logreg,0,2,219,f2fae4fb37730a28c6c680ab68c6e0cbcb083e46d89296b52700b2b28ed2e203,yes,yes,0.5290247916697196,1,1
learned_hands_consumer,tfidf_logreg,0,3,220,ca57b26977335b108fd0d46872d220af17b298c5169ea6a338028e3fa941a5c0,yes,yes,0.512680595398637,0,2
learned_hands_consumer,tfidf_logreg,0,4,221,9f6359257abe0943f69a9a6786fccff089c30ae5f302d29d57c21ec0cc0fb8bb,yes,yes,0.5252706436879218,0,2
learned_hands_consumer,tfidf_logreg,0,0,222,da0db19cfa506b30e60a6cf05fa27f60113ec86ac8308c44eddc1cdeb6e6b707,yes,yes,0.7472437578676137,1,1
learned_hands_consumer,tfidf_logreg,0,3,223,013033315bef6946bef54c7e1e5131afe73897a10507585acff502cb07b082d1,yes,yes,0.6316249588418534,0,2
learned_hands_consumer,tfidf_logreg,0,2,224,01ca67ea223ea6f3f78966619c3d177754184bea73cb662ffc54be7eded55946,yes,yes,0.5112386778194206,0,2
learned_hands_consumer,tfidf_logreg,0,3,225,0972b858c77e9cd796c6bda370f1d6b2ea20798091434c33f49f1827e4a678cf,yes,yes,0.6108268932645452,0,2
learned_hands_consumer,tfidf_logreg,0,0,226,478e48024c876788e7ac0b2943d399c14bb997ab82a37ee11247a5b223d23f4f,yes,yes,0.6968336066809111,1,1
learned_hands_consumer,tfidf_logreg,0,0,227,dd602e9be0c77e5a1bf15d2c5db5302c6b6d2b8362f95c146de1f5d3ea45031b,yes,yes,0.6897819157736894,1,1
learned_hands_consumer,tfidf_logreg,0,3,228,e86c4500724cd80b78a41c3de49d5f623baba6615be341878c3f40d1a666fa36,yes,yes,0.5704763188555809,0,2
learned_hands_consumer,tfidf_logreg,0,1,229,44f8bde89aa71070a44a090fe6553fe64a785e0148291429f98b65d8cc35537e,yes,yes,0.7657396395862135,1,1
learned_hands_consumer,tfidf_logreg,0,1,230,f92a5c6258f5da9bffe36fc1a4498f1086f4d296b5c28109401777d767f46946,yes,yes,0.916075564060034,1,1
learned_hands_consumer,tfidf_logreg,0,0,231,b8099af0f4a08d3625fefbbdf920208ab786e82be6d9e5ecd373c981c3bd90c4,yes,yes,0.8161215208139883,1,1
learned_hands_consumer,tfidf_logreg,0,2,232,dd6b7ca454c08a409f4171cb97167a8c91e862451ec1b92eaa7d9393934cf91c,yes,yes,0.5172336374571056,1,1
learned_hands_consumer,tfidf_logreg,0,0,233,fdb76c188296362ef951b02157cc4150c8d3a0750fe72942787d491e6ddc18e2,yes,yes,0.570451896999022,0,2
learned_hands_consumer,tfidf_logreg,0,0,234,b78102f7318502d1b26dbcb12920cd58ed53891ef8b61bff2b15f5b432da91f0,yes,yes,0.8915902389374901,1,1
learned_hands_consumer,tfidf_logreg,0,3,235,5a37498c5c481cdd1e4bd5190333a14a0190aa3aede5364087479e33c293e1a9,yes,yes,0.7070788814719055,1,1
learned_hands_consumer,tfidf_logreg,0,2,236,eae4558b0617e7ebc54a6ebc59d2dde3f9df33d4ce6cb6404452671b374ff797,yes,yes,0.5309178916264304,1,1
learned_hands_consumer,tfidf_logreg,0,0,237,b25bbe0ef882d9b6ee6ca640d619e47af1ba4b4303c92a73e17071d2b63f6203,yes,no,0.6681602467708454,1,1
learned_hands_consumer,tfidf_logreg,0,4,238,3415dc4afd4d574b0da83ec6d205e580b78b683ce427d70cb6192aa1345ada00,yes,no,0.5168613746914548,0,2
learned_hands_consumer,tfidf_logreg,0,4,239,e4190a6930b3800fcc812916fc24cd7666ec7ccade668b74793a25cf043ee8dc,yes,yes,0.5815304761155404,1,1
learned_hands_consumer,tfidf_logreg,0,2,240,2a1e5635eb53609c5660dd54ea549b8c7ca1d8ef3709e5692cce67005fde384f,yes,no,0.5395874615252299,1,1
learned_hands_consumer,tfidf_logreg,0,3,241,1587f650838e742b5adbc001e25e86b815c1c282f7e24b9a7f46e2c9c7e7663d,yes,yes,0.7880371496287419,1,1
learned_hands_consumer,tfidf_logreg,0,1,242,3aeb06e0988c30e7dd4b9857f1305ee50a9955e156a1e1a8bfb635878c936da6,yes,yes,0.6406843044116044,0,2
learned_hands_consumer,tfidf_logreg,0,2,243,0ba639fb1b8f0dcb2fe9cffb9b96ec4f2cc182c78d9a521ea1b367d5c28385d0,yes,yes,0.5144280889786184,0,2
learned_hands_consumer,tfidf_logreg,0,0,244,ebd5c1534b316d246d849144a17469ee09729233fad0f39a8a330fdfa15b9628,yes,no,0.539441525965444,0,2
learned_hands_consumer,tfidf_logreg,0,0,245,401a36474fa40d2d999cd260f57ca66ab83fcb63de68f578a6d6ad7d4ec4bd2e,yes,yes,0.5713101302616581,0,2
learned_hands_consumer,tfidf_logreg,0,1,246,4176b37a2179c60a956b8746678c2a674aabbd9e086407904b2475af255d13bd,yes,yes,0.896863960117139,1,1
learned_hands_consumer,tfidf_logreg,0,0,247,95933a28191a6e558a2911f9c54efc9e53d3ba70d036eac4f4fcf1044bbc9d88,yes,yes,0.8113693714649051,1,1
learned_hands_consumer,tfidf_logreg,0,4,248,0f4ecd29ccebf4ac6e235b28298c170a1c4939a57f8d2bae941d4292bb91c9e2,yes,yes,0.510764601958193,0,2
learned_hands_consumer,tfidf_logreg,0,1,249,061be30da02e5927c05d4f6dcb0ebcaa8bda9da95f663afc3448b40f550c8dcc,yes,yes,0.7038457172800616,1,1
learned_hands_consumer,tfidf_logreg,0,4,250,6c7deef4168bfdd3eb4f65e34ff1a5b08e7d07a494276e6dbc72cf08dd1d9ea3,yes,yes,0.6243006412691366,1,1
learned_hands_consumer,tfidf_logreg,0,2,251,3fecd30afaf717ef4d633f041d6b64abc35956652a123bf652a024e051aecbd2,yes,yes,0.5042851925767726,0,2
learned_hands_consumer,tfidf_logreg,0,3,252,618080a1456e3ee68a8c336bd1951f8be686d4b280ba12acc2afbc0afe6f5e6e,yes,yes,0.7340563201712141,1,1
learned_hands_consumer,tfidf_logreg,0,1,253,7d9553904434b833510ba4f74348cff64322921c601077d281c33b3d61d048ca,yes,no,0.5921707946016352,0,2
learned_hands_consumer,tfidf_logreg,0,3,254,851524b83e3b815d2b8ad94407c2a48429aa45e82bd9c1b64ffd780d6c3a0de3,yes,yes,0.5930552038872363,0,2
learned_hands_consumer,tfidf_logreg,0,2,255,cb21cc98accfbbfc1ab6fb040d28dc4a525dd125dcded30bbb6688922bc0bcf0,yes,yes,0.5147088695722376,0,2
learned_hands_consumer,tfidf_logreg,0,3,256,77a1a7abf05f1aa064c4d1f51619137f7eb2bd94b8ddc362bc14f64be0bd2a01,yes,no,0.5632112630876618,0,2
learned_hands_consumer,tfidf_logreg,0,2,257,3d22a52452442ace2422e3134c77857c8d5686fd9080d9f42bc9438a845f4c89,yes,yes,0.5121004657537365,0,2
learned_hands_consumer,tfidf_logreg,0,3,258,aaa2f84803feb0579309aaee905dbe769a0e41a5a6daf89677d4a8534aa9819f,yes,yes,0.6515401560279371,1,1
learned_hands_consumer,tfidf_logreg,0,2,259,cbf21ed32acc01ddeaa5380d184a96c3ca5b84614bc1f3a1a9583fa9b891c05d,yes,yes,0.5162674174008446,0,2
learned_hands_consumer,tfidf_logreg,0,1,260,370cc782f60a07b178ac3c0ec5c92e1d6072d6798ba29e27eb089d3af9d06cb5,yes,yes,0.6141677504880405,0,2
learned_hands_consumer,tfidf_logreg,0,1,261,e2fa618a66bdb423b63a86d231a23868e8833853ed334799049daeac30367a88,yes,yes,0.6933034752273038,1,1
learned_hands_consumer,tfidf_logreg,0,1,262,6c81e7b6dabbb3574a09c499dc7a67ca24d31c6e646bab4ced51cd8c78f55ea7,yes,yes,0.899496820303515,1,1
learned_hands_consumer,tfidf_logreg,0,0,263,1f341a6355c5c3b945e1a2b14b3434e8b3904eb4eca3e24c87941d86e705e57e,yes,no,0.5576489657482498,0,2
learned_hands_consumer,tfidf_logreg,0,3,264,6adfe2187f8557b8f6378f034717bdcd2f522a0df00806a04c1dfe98b3e997bd,yes,yes,0.7447169898692712,1,1
learned_hands_consumer,tfidf_logreg,0,1,265,8bad5933bcb5967cc9bc4abe066d28b765494f7a0dffd407c47d6d8067553308,yes,yes,0.6912553644918433,1,1
learned_hands_consumer,tfidf_logreg,0,2,266,c55600e95d9b4eb897af3302c41acc84e2d54157f428bf1f8caec3b61e668da5,yes,yes,0.5330965072149069,1,1
learned_hands_consumer,tfidf_logreg,0,0,267,13c0dc364911dc9186a0c024e55f88be572c4deb5878fbd82d310ecaf5f45d13,yes,yes,0.8415991941145662,1,1
learned_hands_consumer,tfidf_logreg,0,2,268,3321004b9ab1144d0dfdcb61b18d746e047e1eca73ce7e0acb9fbd0e7c724816,yes,yes,0.5078842726267401,0,2
learned_hands_consumer,tfidf_logreg,0,1,269,19d396f6ee8676b8e14abd050a0d810589baf0188e806f72eac507d7a2c545a3,yes,no,0.5054353443109747,0,2
learned_hands_consumer,tfidf_logreg,0,2,270,7eb4eb67f8d71b2387d20ed2f7c7421eab13eb8910aca82d69fdf9a9273ecb96,yes,no,0.5113592899627436,0,2
learned_hands_consumer,tfidf_logreg,0,1,271,21f6bcc2b642898b25da24d91a08efc8029b34d97d979ac84183c75b0c07b9c0,yes,yes,0.5513330109198742,0,2
learned_hands_consumer,tfidf_logreg,0,4,272,63a06c8bcc7dbff84f881459fdf825076cb5b36209132b00c9c84eeeba7b6eb8,yes,yes,0.5696846048421573,1,1
learned_hands_consumer,tfidf_logreg,0,3,273,94b8923b3eddcc3f61a255a8e42041ab7f8e96bdae7e23fa5dba20dd65b82fa6,yes,yes,0.5272865603855176,0,2
learned_hands_consumer,tfidf_logreg,0,1,274,c2ccc5ca47171285fb0298be4298f50882121913b48b7ac1e796a30c532811ba,yes,yes,0.7977097287384548,1,1
learned_hands_consumer,tfidf_logreg,0,2,275,1f6071d3d10ecfa1b75476a7071af685e3ba15fcf7b2a774e39b20191e1fe074,yes,yes,0.5257772226072274,1,1
learned_hands_consumer,tfidf_logreg,0,2,276,11cabef5b7d7edbcc7de996da7ddc824772faa6248373f429b29567c5017f865,yes,yes,0.5096578026297546,0,2
learned_hands_consumer,tfidf_logreg,0,4,277,9136c7f7286a3ee6b4af4f2c4bd396e5528e9e59d4a11138840961213324a902,yes,yes,0.5598338705987702,1,1
learned_hands_consumer,tfidf_logreg,0,2,278,45b8aa00e5100aa8e27c34109569ad374e89747c8859165962bd4b50a718dec3,yes,yes,0.5177783983125634,1,1
learned_hands_consumer,tfidf_logreg,0,4,279,93a67fe947a834ff1518acdef3d3503a43de70821df3f53bacca03fe73994e4e,yes,yes,0.5060110646240334,0,2
learned_hands_consumer,tfidf_logreg,0,4,280,f9aa283cb36bd865eb6d0e00dec619c048e1b8f0e8830f12b5d02008a0b97ace,yes,yes,0.52497510201233,0,2
learned_hands_consumer,tfidf_logreg,0,1,281,55de4e8dcda9a6328913ef54a1ed9351f1f426737486cdf8f668ad83b8388f73,yes,yes,0.6629351396526404,0,2
learned_hands_consumer,tfidf_logreg,0,1,282,6bcb70ea6c53d9d2735995ffa331f18d0e9d9cc24ba93acb53376ae8483ed8a1,yes,yes,0.5068143888648629,0,2
learned_hands_consumer,tfidf_logreg,0,0,283,78da2dea499e7edb487d60fd31327140d7546b18febaf57879bbba65e8c1b04e,yes,no,0.6652900042268233,1,1
learned_hands_consumer,tfidf_logreg,0,3,284,42fb96e3e3db8353adc2b84b435807f73584555187d03911234609ed6e85bfe6,yes,yes,0.8235540645239804,1,1
learned_hands_consumer,tfidf_logreg,0,3,285,ecfc65fba09f92e19dc001350da2ef8adc932c234c862d0db0f1879f2e7c8794,yes,yes,0.5506180356985373,0,2
learned_hands_consumer,tfidf_logreg,0,1,286,c191adb1d624b20f83068f7b5908de47c6c5209a753e4de83b528e1156b3c2b0,yes,yes,0.8947973141656682,1,1
learned_hands_consumer,tfidf_logreg,0,2,287,644bc0e92cf759be58ca6610fa275080515a65a91b581445be9cabf7ffea0e15,yes,yes,0.5221742158254714,1,1
learned_hands_consumer,tfidf_logreg,0,0,288,a79143144aa9b5670c2ef1346d67999dca1710bf76a38aefe7d8c7b71ae44b79,yes,yes,0.9061920262572292,1,1
learned_hands_consumer,tfidf_logreg,0,1,289,29d068c39f2e257adbe8beebd86189c3ef328bbf2028cdf5c6d3ede0e5ddc09b,yes,yes,0.9118981193606104,1,1
learned_hands_consumer,tfidf_logreg,0,0,290,fe9822a59aebf2d41016c82deb1d427382b2666a1fe39079f87be07fb936b617,yes,yes,0.8290423512624232,1,1
learned_hands_consumer,tfidf_logreg,0,2,291,56bb42f2ccd6615785428ca0492a89e2c4c3ab2f9fa44ee197d3da8fab2c5842,yes,yes,0.5013608776408557,0,2
learned_hands_consumer,tfidf_logreg,0,1,292,5299348ae3f81c25293e952182bb6bea15382e9da7443711aa78acdaf4b6bcb8,yes,yes,0.8676885888187476,1,1
learned_hands_consumer,tfidf_logreg,0,2,293,73a78266e6561f4e4c9baa89057beda5a92213b2ef917e1272c2ece8cd9b7704,yes,no,0.5060931063519133,0,2
learned_hands_consumer,tfidf_logreg,0,1,294,79cc9d9097ff95d4d5569540eb3711865f517ab1a2a0fc876da5c48598ee3cb4,yes,yes,0.870990046777216,1,1
learned_hands_consumer,tfidf_logreg,0,2,295,3b85fae280cd98abcc7e78ae4627a4c94eee68cb0bdc5b31dc3b1cf2e53949ae,yes,no,0.5019375838317056,0,2
learned_hands_consumer,tfidf_logreg,0,0,296,32072d7df35d23c7cf165a1afeb9be63ebbdcf2c94cee75f9b5a90b78e19dd28,yes,no,0.5292042178229782,0,2
learned_hands_consumer,tfidf_logreg,0,1,297,16bed4a62e2738950d2587d30c25ed9c5d17ea5f0cc5e91f1148a4cb64162453,yes,yes,0.8339016572149408,1,1
learned_hands_consumer,tfidf_logreg,0,3,298,3473fc0f42c76ad19ef3ec2771d01d619478fb7fab7ea70d94e7fe0f1bd61128,yes,yes,0.7205225945226165,1,1
learned_hands_consumer,tfidf_logreg,0,4,299,251efc17ee26f8f9c544871f61f6fd54cf585d0f3210406eb3c48c825a10d526,yes,yes,0.598312485949591,1,1
learned_hands_consumer,tfidf_logreg,0,4,300,4b657305ddc7f357ec185bc9abec0fa67e2d4d4fb0afb00f8e83e73a4c712e8e,yes,no,0.502736920779914,0,2
learned_hands_consumer,tfidf_logreg,0,0,301,f85e7456c7160ff553b31db76a443f79214f6b2cd4542c3bb171595928ab6558,yes,yes,0.9098053902825979,1,1
learned_hands_consumer,tfidf_logreg,0,2,302,243386ffe9922a67ec10fee19cff0781c4d76b6a78a32ec20ae1b9ece92bf995,yes,yes,0.5338238415276019,1,1
learned_hands_consumer,tfidf_logreg,0,0,303,85d4e89725d489b9e3820f724acfc754d59767d51140be8d70af3bb2eb4198c3,yes,yes,0.8476294373833516,1,1
learned_hands_consumer,tfidf_logreg,0,1,304,f859129d9d2aa75e88d6602d1563b367b5d45a031c53939b17889bef5d0f147e,yes,yes,0.7099274297601954,1,1
learned_hands_consumer,tfidf_logreg,0,3,305,483ac3b333ee68b7196086031e6a08e2fdb91c52f28a3a861f23a2c8ec75478c,yes,yes,0.6009290551616262,0,2
learned_hands_consumer,tfidf_logreg,0,3,306,6eef9bbaaa01f32394020b689930f9d2ae66836d280dfef0cac99935536b4a22,yes,yes,0.6373138293132046,0,2
learned_hands_consumer,tfidf_logreg,0,3,307,2bbdbbb31e0f69cbd29d755d0e4fb9a5a932b3b1effe5a664bc674ef725addc2,no,no,0.8378694463025044,1,1
learned_hands_consumer,tfidf_logreg,0,3,308,5779a2e66767851f78c4baf2c51d3e6be6d917949d5341b98c489bbf0f67f6f3,no,no,0.5695175543356579,0,2
learned_hands_consumer,tfidf_logreg,0,0,309,24481de31a2b3036d71dc474adac585b922e4bdfb8287ce43a3ff34846620b73,no,no,0.9220356977786488,1,1
learned_hands_consumer,tfidf_logreg,0,2,310,13b626d60d254c4999ca862d60b0f13ec9378504e9fa2fa1c002db747518bc7b,no,no,0.5362430732837218,1,1
learned_hands_consumer,tfidf_logreg,0,4,311,97939ad30f5a35f45ccb7fcb190a65552ca404ca227456e1ecb4f5a57c3bed17,no,no,0.5213963852834947,0,2
learned_hands_consumer,tfidf_logreg,0,2,312,8616d00b5609b9a12db9741cc2c276068fbfffd9d02b80e12bf3dc55ef37b07c,no,no,0.5348916708993873,1,1
learned_hands_consumer,tfidf_logreg,0,0,313,65e5a2fd7a388ba873ac967c48adb5664e74f76db3d95f15af7230c45aa27115,no,yes,0.5893474733503221,0,2
learned_hands_consumer,tfidf_logreg,0,1,314,0b5ab1b563bc3ef18c295476f388386fadc1cf299ab20f258f1dffee0f8157b4,no,no,0.9016414377329895,1,1
learned_hands_consumer,tfidf_logreg,0,4,315,c70617e5ad6a4b2e699841464467e2a1387594382a39a10f5f3aa0ba238dc8c6,no,no,0.5571187503363342,1,1
learned_hands_consumer,tfidf_logreg,0,0,316,bc9f773c51514a7ad309a672115c1b9f79304095ccabcd53343b945d6ce19ec8,no,no,0.5086388379122452,0,2
learned_hands_consumer,tfidf_logreg,0,0,317,0af96d52fa6c71f1943351f5d1a07e10d961983e0c4a66784a937ad8bbaf2f0e,no,yes,0.6861462902384778,1,1
learned_hands_consumer,tfidf_logreg,0,3,318,f4a7c81fbb4fe3b5a0cdb370b458074ab8fa6f11fe41ced9df994fd2f420f362,no,no,0.6162153198573304,0,2
learned_hands_consumer,tfidf_logreg,0,4,319,71d38fe12b75052be0651bda2d4f4efe697b07d365bf41cb14841da2688b94f5,no,yes,0.5341957189316404,1,1
learned_hands_consumer,tfidf_logreg,0,3,320,60a86bc631bcf63cb1c4ced84c0f60928e57bb2abcf79c23baa53fea95cc1aa3,no,no,0.7823413039538697,1,1
learned_hands_consumer,tfidf_logreg,0,2,321,e06e690d6aad76f736293110bf1b57c294435c42a47933cd1acab74063fa7102,no,no,0.5126660956279798,0,2
learned_hands_consumer,tfidf_logreg,0,4,322,a90e11f52d0e31db828e5d845e5fc33cb9bbc6922bce8244891dbc15b22a7483,no,yes,0.5125289845921629,0,2
learned_hands_consumer,tfidf_logreg,0,1,323,7f6a2fb0578a33bc0482677bbc588e70a785c7bea415b62486a564b37d2364a5,no,no,0.7996083509795292,1,1
learned_hands_consumer,tfidf_logreg,0,1,324,91f9aed41e41a457675d9814a53f7e293fdcc37d5ecd967c9a49b0e1b38c3587,no,no,0.6704518874407892,0,2
learned_hands_consumer,tfidf_logreg,0,3,325,ca37e43e8db1c44dbbb19c01ee3aa67ed7d3e032717d029d12d8ecc1e8da9e24,no,no,0.5863026667882443,0,2
learned_hands_consumer,tfidf_logreg,0,2,326,2fb4fb6b593cdd7c3e2fd5c6e362a22a579395bb61b602c450cca3538b8e24ef,no,yes,0.5119861430810321,0,2
learned_hands_consumer,tfidf_logreg,0,2,327,c74e1031658129cec56f52de73b243a87d110480b7489b898798c788c64954c1,no,yes,0.5006869044549334,0,2
learned_hands_consumer,tfidf_logreg,0,1,328,12a1ea95bdc51debd507323d28586d8cd6725f1b2fb39a9a12ccea37dd723d96,no,yes,0.7280901153387812,1,1
learned_hands_consumer,tfidf_logreg,0,4,329,985ec3dfb0c350854d7b1baac2c3332760dc5c321f1cafa4bfd44c6712e2ced1,no,no,0.5105694604682323,0,2
learned_hands_consumer,tfidf_logreg,0,2,330,335fb0b1b9fad31fa5c37ca3233826815b93d197d51ad6e25f3adb819181b8d5,no,no,0.5353850022943447,1,1
learned_hands_consumer,tfidf_logreg,0,3,331,c1a730a7b254e70e6ac0d37573a2caa83d4df82d7e52868bedaff06ebe6b6878,no,yes,0.5779805816233565,0,2
learned_hands_consumer,tfidf_logreg,0,0,332,2c4155ce67ad13aaa45fffc3554b95daf5261dd7f91fb8fd64dec003bfb9e74f,no,no,0.6851014905940382,1,1
learned_hands_consumer,tfidf_logreg,0,4,333,6ceaa70ea927c42a727227f3a30b6f624dcea1bc117cb238827bb15af9517c39,no,no,0.5548717822212054,1,1
learned_hands_consumer,tfidf_logreg,0,1,334,7d6f93cb8182ac12b92485985653cd0fd562085122909d87b4336f6ee3e4666d,no,no,0.7259748543608273,1,1
learned_hands_consumer,tfidf_logreg,0,1,335,cf8776ba226b044303c6bd7ec8aa16cfacbe82cbb01b00fe365ab899a5adc5f8,no,yes,0.6550243643957483,0,2
learned_hands_consumer,tfidf_logreg,0,4,336,63d2423f809c612df5098e911ca5ba908d510a563c38c6d97d504e390d18c390,no,no,0.544105173706087,1,1
learned_hands_consumer,tfidf_logreg,0,3,337,52f14dd7aea76b56f013c46377c11006c81b564a73a8fa44e2a4843c3f9ff85e,no,no,0.564779309975193,0,2
learned_hands_consumer,tfidf_logreg,0,0,338,cd0992eca3b3ebd4ffcc36e8430e138824f9b105e6764dedf74a8ce2d5549fe4,no,yes,0.639158307955865,0,2
learned_hands_consumer,tfidf_logreg,0,4,339,5a8803fcccb50853b2c3856ee82785bd156f862dd26d34c99efdea4519a7e214,no,yes,0.5125155991996783,0,2
learned_hands_consumer,tfidf_logreg,0,0,340,617fea7762c73987c8e9da050c8cae25a1aefb6ea95ff5d081b8e51f028dbf2e,no,no,0.8419335066710854,1,1
learned_hands_consumer,tfidf_logreg,0,4,341,d4093169f98d05e7565a5542038529f1fab35b60cfe43127811daa861d935feb,no,no,0.5222740894809408,0,2
learned_hands_consumer,tfidf_logreg,0,2,342,e8a22694731ba2e5a7312f7d4a02b03f7e4bc081c76f7068d665ec82ab92f3c7,no,yes,0.5192335458477403,1,1
learned_hands_consumer,tfidf_logreg,0,1,343,7a0a05fc729a8f64cbb6ca9c295a3805e152b645fbd81571861db6a5918d5618,no,no,0.7385716214417353,1,1
learned_hands_consumer,tfidf_logreg,0,1,344,1de94b175a0dc3b16576ef02ea9b734786aa3bc35b5be8fbeb644479593c01bd,no,no,0.858522755919607,1,1
learned_hands_consumer,tfidf_logreg,0,0,345,7eba9bd21b877177f0ea63bb88313953a4c47a8eea950c93500fbc398e54e665,no,no,0.7745130774945053,1,1
learned_hands_consumer,tfidf_logreg,0,3,346,aa01251703c5de088b207ee1e21487e51f88caf08d8d578aef87fead3ecefced,no,no,0.5772112517917278,0,2
learned_hands_consumer,tfidf_logreg,0,3,347,e9f5e96f340dd75e497ed93a4a1e722cfce986d2cec52aaa027ca7778586ad19,no,no,0.5521714066778687,0,2
learned_hands_consumer,tfidf_logreg,0,3,348,4b9f93fed8e41a2a2c5f0994cdca3aca0eda1b96dbd2f74d5afcd2a43889c2e8,no,no,0.702249507555543,1,1
learned_hands_consumer,tfidf_logreg,0,4,349,f05855943024f908afbb53b1527e164e7e5e5ad16ec0192747e08513f2bf77c0,no,no,0.5305103306547694,1,1
learned_hands_consumer,tfidf_logreg,0,1,350,1c49793aa9d1312bd32ea93d0d8c4aefe10836b786d8cadf7c97738717ce9d31,no,no,0.8465878641216679,1,1
learned_hands_consumer,tfidf_logreg,0,1,351,580b5ac0770fb1b9a6472f9a88911a26a88cc2d70c1aa230e26ba6905581d32b,no,no,0.8521677364730819,1,1
learned_hands_consumer,tfidf_logreg,0,0,352,d1a95b753ee546201b5cf71e8a8910ffb93f06b981363dd24190b9627693f2cb,no,no,0.7943748219066835,1,1
learned_hands_consumer,tfidf_logreg,0,3,353,f123cdff3722febd99751bb5a64770c85fc6707f63c07bae56510ead6672a690,no,yes,0.672750370278413,1,1
learned_hands_consumer,tfidf_logreg,0,4,354,013a1816aae065dc4d8f6a910347c85c867197f1497645a47e5cb14cab38f57e,no,no,0.5493265700869783,1,1
learned_hands_consumer,tfidf_logreg,0,1,355,d27505c28fcef3d7434ea6bd8d7130e051f02503586c1526d71160be1310e40f,no,no,0.776468702640822,1,1
learned_hands_consumer,tfidf_logreg,0,4,356,1130e23cb8e7f0a6fc9e659f4c94b732fa1953b7a98b3a9fcafb074532c54af8,no,no,0.5071393277377243,0,2
learned_hands_consumer,tfidf_logreg,0,2,357,9a69a9f0e0418372ec3def21b9ce927af42a49df1d185967290ada823319ad8e,no,no,0.5219542417422104,1,1
learned_hands_consumer,tfidf_logreg,0,0,358,d0b3728beaff318ee83ad916c45c5c6802c6634bab63d6de065eff3af6bb2839,no,no,0.8430643157273263,1,1
learned_hands_consumer,tfidf_logreg,0,2,359,492cdbdcc254342378744c1f8b9dadd066628ace9a1a65a515633708701c9342,no,no,0.506160230387874,0,2
learned_hands_consumer,tfidf_logreg,0,3,360,7c272499aa6af5b9c7b2de749a65adfa813cdc4061012c6f9a62fda253e08104,no,no,0.6995430323630176,1,1
learned_hands_consumer,tfidf_logreg,0,3,361,e09a2160df994ff65eac81266e80dbb544860bb0bf9a7322caeeaddef40d8ffe,no,no,0.6583722587382994,1,1
learned_hands_consumer,tfidf_logreg,0,4,362,7c408b03bdd1535120a56621fe2fc9d7c4ef4b22699b623e4970ee45767ebba9,no,no,0.5916945993509944,1,1
learned_hands_consumer,tfidf_logreg,0,0,363,c41ad8c362d3233072dfc9f51c09010958870b25d095046a29cc7e47cafd392d,no,no,0.8581438800873921,1,1
learned_hands_consumer,tfidf_logreg,0,3,364,67f538667db398f86344c56348d00c791c1ec9ac0aff37d556bb99dd32897983,no,no,0.5550655164265569,0,2
learned_hands_consumer,tfidf_logreg,0,0,365,ddf035db365fff2212de2488a54adb763abc3e92a2dad325570e9d3251388841,no,no,0.7054323036739201,1,1
learned_hands_consumer,tfidf_logreg,0,0,366,aee3ace2d8ef27f3660fab84d93dad6ad86bf221676864042357c5e92059a85e,no,no,0.9238045830917858,1,1
learned_hands_consumer,tfidf_logreg,0,0,367,9913f5e62a1afcba67bee35c05d650381598f5b2c1380d1bb2a0f2ae1cc63e6f,no,no,0.8831319167855142,1,1
learned_hands_consumer,tfidf_logreg,0,0,368,00c018554b47c9496be37e1420e4483569efc3e3631c681205edc2ebb9c5b095,no,no,0.6456525231315976,0,2
learned_hands_consumer,tfidf_logreg,0,3,369,2c68763833a784dd4f1a5569f0af102d4fcf6b344f917b9d6e68c91bf223385f,no,no,0.8308170641934526,1,1
learned_hands_consumer,tfidf_logreg,0,4,370,c585104773d1883d86927f2b034566efd206fde08fe7e1d63efcf06f6ecd9275,no,no,0.5166428392917104,0,2
learned_hands_consumer,tfidf_logreg,0,1,371,7387a5e5fad938d7e99b2c7c1f6e1158d97aec42e8d1218a21f1bfbd2e5ccac3,no,no,0.7405002783239636,1,1
learned_hands_consumer,tfidf_logreg,0,4,372,8a778c2a7882c353ea19f4b4177b18f73596a4d0bdf7c066488b237259d5c92e,no,no,0.5341923378390917,1,1
learned_hands_consumer,tfidf_logreg,0,0,373,66c80303be317d1ece0aedd4cef8d908db80607ebada9bb9e122cc5c60b05acd,no,no,0.6795657478440246,1,1
learned_hands_consumer,tfidf_logreg,0,1,374,844bffeb2e27126213a382107f2bfbd2eeb29a0aa34b39db7c237d94aa21dc6c,no,no,0.9529649558877991,1,1
learned_hands_consumer,tfidf_logreg,0,0,375,ecc85367e5cf37586c263dedf5b348a050bbdf6b9249645651c148dca3f30d6a,no,no,0.6408379786609096,0,2
learned_hands_consumer,tfidf_logreg,0,0,376,2e572efe17abde9794ed1ca8e76aab48311dffe6e5f091aaf53a537351a6ec4b,no,no,0.6644473704045143,1,1
learned_hands_consumer,tfidf_logreg,0,1,377,8339831d993a8f59979c34ab2a332854935bb45ade809ebc382fde5b95859c6d,no,no,0.5508613419104995,0,2
learned_hands_consumer,tfidf_logreg,0,0,378,42142d842605f05b949df18cb8a99bb35cb5a3e606e1f59cff43626743752be7,no,yes,0.5700521648674944,0,2
learned_hands_consumer,tfidf_logreg,0,1,379,84f150b50421abc72aea1ff2b9e810ed64fba7c4f9d5ac41a9be6e901d2ee310,no,no,0.808219274478013,1,1
learned_hands_consumer,tfidf_logreg,0,2,380,e87ddebafaf120552bd4e34cf6953ec369024fb7fc6e707e8c74058e178b1363,no,yes,0.5073051234233478,0,2
learned_hands_consumer,tfidf_logreg,0,4,381,1338d4a9807f0d53047962b57d76cf583420487b44853e8aaab6f0d6d454688b,no,yes,0.5735903220158665,1,1
learned_hands_consumer,tfidf_logreg,0,2,382,ec007d3323dd2053bf052016919bc0af90796fa0ca1b0409c6082066ee97a50b,no,no,0.5193813068376287,1,1
learned_hands_consumer,tfidf_logreg,0,2,383,d2cd0e5ee933d888b506be5632aed8062b91258070bea77b00cbf7a570a68547,no,no,0.53771645912196,1,1
learned_hands_consumer,tfidf_logreg,0,3,384,b6426951bbccc28e0d00959ce601a50cfdbc42f0b030169fc40a2d195b99f4ce,no,no,0.524627078306486,0,2
learned_hands_consumer,tfidf_logreg,0,4,385,a7f2631f19f997f8dde0f842d8a44c6be3a43a0e33208d7f010eeb998aedd90a,no,no,0.5472514054269405,1,1
learned_hands_consumer,tfidf_logreg,0,1,386,ee780d03a703ecf7ba9c48251e78cd4e9b7af05645ad48fff61fa919cf492135,no,no,0.5857874897740534,0,2
learned_hands_consumer,tfidf_logreg,0,2,387,2a45a35e29096acb668fa0ef232d5755b039d19bbf414f441fa03b6c6964e833,no,no,0.5337719093663957,1,1
learned_hands_consumer,tfidf_logreg,0,3,388,db01549ee1c2f8c8cddf1988e9091c11b9c05afae796574b4aa7e58eeebe1ec7,no,no,0.8441142486123159,1,1
learned_hands_consumer,tfidf_logreg,0,2,389,63faab04056ecaa75521d5f981daa271b06f41399397a77f5b18772f7982501b,no,no,0.5221040352127807,1,1
learned_hands_consumer,tfidf_logreg,0,0,390,ae83caf06a839c78cbe1c040b85f5774b377a68c7cd5ca4e2df1e6b808f5c1b1,no,no,0.7264491580010064,1,1
learned_hands_consumer,tfidf_logreg,0,3,391,9a3dd5e4246141a2e5cb3351f2f44bd41b29e28912043c8883ba1ee127ba989b,no,yes,0.5867760964148172,0,2
learned_hands_consumer,tfidf_logreg,0,2,392,df2ca5f08012ee422366badb625b7e85f8f8d13eeebbc8ec9a4e52cb9755e245,no,no,0.5054101144530379,0,2
learned_hands_consumer,tfidf_logreg,0,2,393,77b2b7af3d2e7d92346d21688da079b282d2e31d80505b4c19a05b664ed10fb6,no,no,0.5336705139610886,1,1
learned_hands_consumer,tfidf_logreg,0,4,394,ce03177700db149631f5a0748437e3e8ce566671b3939640d10d100e63e3fd16,no,yes,0.5154455390606091,0,2
learned_hands_consumer,tfidf_logreg,0,0,395,a47f0ccc3396c563d1d54cfa509c381c6e8ffadc05e947351c2c88540f5992b2,no,no,0.5248475848651792,0,2
learned_hands_consumer,tfidf_logreg,0,2,396,d28d9b72ec96132abafad4420752c4f56363e197e4763aacee93a17b42e571ae,no,no,0.5035722165944971,0,2
learned_hands_consumer,tfidf_logreg,0,4,397,c6571efea3285b8369d41b3dd25ef48c253a0e321fcaeefa5d4e89023afe6cd5,no,no,0.5394019333724617,1,1
learned_hands_consumer,tfidf_logreg,0,1,398,3f37d027870da81cb661495002a1a7fc86a664b28df5b372c3384fa16ab115db,no,no,0.6598103297231652,0,2
learned_hands_consumer,tfidf_logreg,0,0,399,1195fd2a250615c2ef282030a1bd1f0805e2944f0343faea81ddf121d0ccc994,no,no,0.8470886271482784,1,1
learned_hands_consumer,tfidf_logreg,0,2,400,52755383856e91c2af9d9af2cb1b6b5e2474b17de3d5bc750e466a0cac60f774,no,no,0.533053921743874,1,1
learned_hands_consumer,tfidf_logreg,0,3,401,79a5f35751c76695e1441ec78b28a225fca1c41ea9c82882b2fc5535aa52607f,no,no,0.5026942733428953,0,2
learned_hands_consumer,tfidf_logreg,0,4,402,e8b28f4ace8f9d83a962e68403786fac2eb9f58c6f2f6f2fb4f640879cb943c8,no,no,0.5502635720094948,1,1
learned_hands_consumer,tfidf_logreg,0,3,403,49b50604e1e593b1474257b9770d20e0a60ddcf54a8b6890e153124f746b8275,no,no,0.7246539057197483,1,1
learned_hands_consumer,tfidf_logreg,0,1,404,9d7dcd2eae72e13950ca10701a907c961252af1dd61008203f0937eed002f2d9,no,no,0.8069781092253694,1,1
learned_hands_consumer,tfidf_logreg,0,3,405,3f5ca9261b2891516e2a5d24447411595d9562c1ff20862e0b1016f7ff1c32e4,no,no,0.6593942796187118,1,1
learned_hands_consumer,tfidf_logreg,0,4,406,4e20b69b4d085a8af12bd1e5f9d7e6232d82ab680cfc25e9a64195c6513cabd3,no,yes,0.5206473062928363,0,2
learned_hands_consumer,tfidf_logreg,0,4,407,9000d55fade254c6ca05e4c143c5341da66479eca3cc7fcba053382ab0a06d2f,no,no,0.5863136919066028,1,1
learned_hands_consumer,tfidf_logreg,0,2,408,1d4a66a5ebbe0fede76d2d78db8f5fc9f6c99b17daeca5cfecf1d41b10cf80b1,no,no,0.5022373984681683,0,2
learned_hands_consumer,tfidf_logreg,0,1,409,c6ab1cc27fcf3c46640e8614bb3cef65334f694f0dc7ebf7c14f0f95ff582cff,no,no,0.6606973082157062,0,2
learned_hands_consumer,tfidf_logreg,0,2,410,2808314a91f63cd0f210000ca0d99e536b41a5ef2a38b09b99706154ed097563,no,no,0.5057721797600098,0,2
learned_hands_consumer,tfidf_logreg,0,0,411,add411cc48fc3dd30ad7eef9eb447a04c306289987db61ee0f1a60eec669366a,no,no,0.7915347070441396,1,1
learned_hands_consumer,tfidf_logreg,0,4,412,c5e98cba61f5b7e99d394fd52e37b44f2fa2d4bd59a64a4fa6df5eb9c7d968ee,no,no,0.5290352999883401,0,2
learned_hands_consumer,tfidf_logreg,0,1,413,b065f229dea495ea981117badbe33bbb78f927032d079f6b45b57b9ff319ee3f,no,no,0.5718696438786333,0,2
learned_hands_consumer,tfidf_logreg,0,2,414,ba9af4f96d08829a0c9ec6aba9efeff3a00a2093dfdfbd72c8bd45f2bc9e6a69,no,yes,0.5027169502707923,0,2
learned_hands_consumer,tfidf_logreg,0,0,415,5d18d68c26e2f66f512fe9593484b459f2bcea6aa210183c392cf7ad40ddb4f4,no,yes,0.6032396512947091,0,2
learned_hands_consumer,tfidf_logreg,0,0,416,e78402c565c5685cfe8d6f3023b3e7d2a6cacb870295e754ff3c7bd88851a1a7,no,no,0.5759689095568685,0,2
learned_hands_consumer,tfidf_logreg,0,1,417,83791c54b327f91dec027e1575b5e0d327a0464147f41406fc441098e5403ca6,no,no,0.9339312371035661,1,1
learned_hands_consumer,tfidf_logreg,0,0,418,2054be735fa66a7be473f7d8d284cc496f2873f3c0ac26935232ccd60f9de832,no,no,0.8571186682868274,1,1
learned_hands_consumer,tfidf_logreg,0,3,419,bab1e0749854088c9ef136c8cc309c034a76a764cfc21fc0ff53362e4861636d,no,no,0.6672688985782449,1,1
learned_hands_consumer,tfidf_logreg,0,4,420,27beb276d0fba5a8e870d21c77162c178327fc1ad4e1c391cbb90aa0b33604e5,no,no,0.5132261233310662,0,2
learned_hands_consumer,tfidf_logreg,0,0,421,a1f504238378627ada42e6b4a5188dc174b5f75652a150163843892064abb22d,no,yes,0.5067765178166147,0,2
learned_hands_consumer,tfidf_logreg,0,2,422,a005428946110152b42b0ec6663ca35a25f83f6d59f5b03454dc6b5ded6ed03d,no,no,0.5174291308751848,1,1
learned_hands_consumer,tfidf_logreg,0,1,423,9cbbae94185f89046b6054bb9bccf79344fd2aa88fe2a30fc15f75d34aacbef3,no,no,0.6251177451916186,0,2
learned_hands_consumer,tfidf_logreg,0,1,424,3be047961cac24031e53731a39990092e5be49c19c1bf50858f360635095935d,no,yes,0.6939111713472148,1,1
learned_hands_consumer,tfidf_logreg,0,1,425,ce81291a07edef587b6b3aadc6149395b531a8bc2ccd91e5c553fafdef0a6317,no,no,0.6094152541230645,0,2
learned_hands_consumer,tfidf_logreg,0,4,426,e39dbe75b89613b758ebfbe9bb10832f0a92b0a0f06161e751f68ee02db8bc9e,no,yes,0.5343840995149924,1,1
learned_hands_consumer,tfidf_logreg,0,4,427,77f8b279f1b0c7568831f06897e485c63de90d157e9f5bdffc950d8b5339b76b,no,no,0.6338027752726958,1,1
learned_hands_consumer,tfidf_logreg,0,4,428,196d1c980028958aa696f055758fa3b2f6507b7e90205d1bb8c1232f9ed33879,no,no,0.5458071299680651,1,1
learned_hands_consumer,tfidf_logreg,0,2,429,867ba8abbec80d2ad80edb9dbea0eda8dc5dcbafdfbe36aef9c42b95537f0f61,no,yes,0.5065845869432882,0,2
learned_hands_consumer,tfidf_logreg,0,2,430,72af3f1cbcff79519e8d830ce39f1aaf8bc7b8e3c6a420f8e0cd0db3ab43e396,no,no,0.5334760916954201,1,1
learned_hands_consumer,tfidf_logreg,0,4,431,8ccfee9549ab36622cbef033779481a4709533ba1916a502e4daa4bee8356d6f,no,yes,0.5185150010678532,0,2
learned_hands_consumer,tfidf_logreg,0,2,432,f86e733c4aa27750c91274e7c1d24ef7fdb6886dedd3cd183e02ae97b21b71a1,no,yes,0.501571375242551,0,2
learned_hands_consumer,tfidf_logreg,0,1,433,4e5a84a0e6bc8a79290a97622c2e27f93f35d3bc1d958a174621ce41587bc723,no,no,0.7120190444778385,1,1
learned_hands_consumer,tfidf_logreg,0,2,434,60115ad7adfb7cd44dc9d3974fa6e91f75d4314b459afb6ad7cf046ec468f5d0,no,no,0.533991462472071,1,1
learned_hands_consumer,tfidf_logreg,0,3,435,c2f8f30d2f33de3ff6d230fe420907389008f3f32d850a0d46c02bed9d4d96a6,no,no,0.7564808824913156,1,1
learned_hands_consumer,tfidf_logreg,0,1,436,c260b7498f71fe45f1424fd2b9a9839f565e405a7d4dcec0225cc32b31aa3ddf,no,yes,0.6520772233433737,0,2
learned_hands_consumer,tfidf_logreg,0,2,437,946f42d7871538b510e3f3addcd2c214d51128c8b0d1497d15b7386ba0a1356b,no,no,0.5273297064329117,1,1
learned_hands_consumer,tfidf_logreg,0,0,438,2ccf77520a102a3a7f63b623e6874716be7a1cf26d8c0f666f6e7470e9e4c438,no,no,0.7917072824294407,1,1
learned_hands_consumer,tfidf_logreg,0,1,439,a701c75cc7ffd4dd2d848114d88c55877c21ca6bc554b06f7a780af98fdede78,no,no,0.7160770496344798,1,1
learned_hands_consumer,tfidf_logreg,0,3,440,1512241f1c901913c1bcb63d7c6958e6e29007920502c9eb4c9eb5dfdc429779,no,no,0.5383167375580988,0,2
learned_hands_consumer,tfidf_logreg,0,4,441,8efb01893e2894f9a68dd4abe86e1aa3273c502cb488596dc29f5385ecaeb2c7,no,no,0.5666323631340513,1,1
learned_hands_consumer,tfidf_logreg,0,2,442,1d2a94502aece3443e17b2cb63dfe225b7a8aeebd081ddb65e6bb2f671212a17,no,no,0.5068650119257083,0,2
learned_hands_consumer,tfidf_logreg,0,0,443,0163ad6ff34e85877a0adf35a59c1a346599711f69d7bf4891317aada189c78b,no,no,0.7666920411277868,1,1
learned_hands_consumer,tfidf_logreg,0,0,444,8bd8da3916ab6140c8983ae16bcdb2e8e857d786d5b0a809729486e67a0812d0,no,no,0.8341391722898878,1,1
learned_hands_consumer,tfidf_logreg,0,2,445,04302b33dfe27e60dab505555f6ba88813973ef1386f0c8b08205ee51891f0e6,no,no,0.5071271779370174,0,2
learned_hands_consumer,tfidf_logreg,0,3,446,1afd1fc0fa21504408f161026b0213f082b591b552e5a77213bf65d60bf4612b,no,no,0.7319363144425779,1,1
learned_hands_consumer,tfidf_logreg,0,1,447,d1d3852aceaedd7f13c819c848f14ecc6dc897da4bfa78ed063ef32ce2ac63d1,no,no,0.6784886359026815,0,2
learned_hands_consumer,tfidf_logreg,0,3,448,04a31af43a0322d4e234770268a71818baa3b9f7193dc123c6ce1e4fb24f3e72,no,no,0.6321694285250827,0,2
learned_hands_consumer,tfidf_logreg,0,0,449,a8e84a61c494345c5650ad8117693f333deabc9e041a3b4a22aa1d06393231ed,no,no,0.8425368918150123,1,1
learned_hands_consumer,tfidf_logreg,0,3,450,0854abafaea9b69c2c49c5f64e9f3c95f596dea3588670571b1ed57b744f59a5,no,no,0.5552999974448762,0,2
learned_hands_consumer,tfidf_logreg,0,0,451,9f25eaeb6f65236347aee880ca9534bfc163ad085b06fa72eeb67b405f5f1d62,no,no,0.7180709133237009,1,1
learned_hands_consumer,tfidf_logreg,0,0,452,cbfecefec8a53e69aa8f367aea02a4727b7ee5554da9e45a38e31f065cc3c169,no,yes,0.7969316218899893,1,1
learned_hands_consumer,tfidf_logreg,0,2,453,bc4a406688a7b5efef17bfb1b4edbc67f35a63b3de8702b8068df824d666583b,no,no,0.5095297071026175,0,2
learned_hands_consumer,tfidf_logreg,0,1,454,1c6dd5d561b55e7031e5f2adc0da0e9723f06c4b23e08e8904fc1e27c13cd9c6,no,yes,0.5432554104397491,0,2
learned_hands_consumer,tfidf_logreg,0,0,455,932d945f027160e21bfd51184d91d8727cfdf60e72226309e7516cc368fdc515,no,no,0.8232709793699027,1,1
learned_hands_consumer,tfidf_logreg,0,2,456,27da743642e6fe9e9f70f9ff5b3c8febcdf419aed6c38e5e67fa09294c9d6ab9,no,no,0.5123831310350138,0,2
learned_hands_consumer,tfidf_logreg,0,3,457,74043fddd5dce444be8d653b1c6f225528ef532997c766cbce4e5c660ade622d,no,no,0.719905754562194,1,1
learned_hands_consumer,tfidf_logreg,0,3,458,f417273fdbac343a73e3321b40e14d3eafed51eea5cb6c8b788b4ea1eb0afd8f,no,no,0.7124823957744335,1,1
learned_hands_consumer,tfidf_logreg,0,4,459,df68371ca953f13c782ca05591a597acc4b878650efb047c1d8da558f203219e,no,no,0.5282782709142462,0,2
learned_hands_consumer,tfidf_logreg,0,2,460,5a1f2ce82b72f9c1266df09ac2c4d257aa3bee8f5b3972e0fc839db712595ca9,no,no,0.5293907612219919,1,1
learned_hands_consumer,tfidf_logreg,0,3,461,0b54969a9e57430db4a328e94f100a2c17ce2ecd53896ee28aa064697a2b1d8d,no,no,0.5968528620196025,0,2
learned_hands_consumer,tfidf_logreg,0,2,462,0bab903026b7c3c9333fbe20f96dcdd314852e6516b76ab0c53d206790eefac6,no,no,0.5156230194275332,0,2
learned_hands_consumer,tfidf_logreg,0,2,463,41fa77f140f955deec510a2825da39c611b3256f06db66f38fab47e7b78d20da,no,no,0.5396156931841332,1,1
learned_hands_consumer,tfidf_logreg,0,3,464,2425edeaa0bb4c18efdb8f3cf3549bd1e238423ef48243512eb592127b04ee0e,no,no,0.7260396362979329,1,1
learned_hands_consumer,tfidf_logreg,0,0,465,987eae7153585e7a2a0d88ba16f6807b131129542c68eb9138781ebed69e8cc2,no,no,0.7542688124284143,1,1
learned_hands_consumer,tfidf_logreg,0,0,466,b24b2625eafa8e1b32b1e246012edbc8db39764b08f08c67c920f3b3350fe9ea,no,no,0.8134613913758137,1,1
learned_hands_consumer,tfidf_logreg,0,2,467,35b9bab2880db0b2d36d825afd233bf57bda9e5eef479a37b70a41a36c5a5879,no,no,0.5272655312023729,1,1
learned_hands_consumer,tfidf_logreg,0,2,468,6f958da8adbf8531a95cda9abd9c5210f97bffa964d37b7cb0442bcb31d14c37,no,no,0.5102831886722712,0,2
learned_hands_consumer,tfidf_logreg,0,3,469,9e30b352d1c79225ed762c8ded34d155a8f1a9acb805c8f881ea24631aafaca6,no,no,0.685819895418306,1,1
learned_hands_consumer,tfidf_logreg,0,0,470,6b2d81f7309dbbad5fd9af0af6a0d5e5c76e6ba2b87feadee3468b273edf16ad,no,yes,0.5519225629089667,0,2
learned_hands_consumer,tfidf_logreg,0,0,471,eaaf0b7320c280140ad331ea0601675c5fd7ff6a885286c80d46ea113a3cab17,no,no,0.9128767350844196,1,1
learned_hands_consumer,tfidf_logreg,0,4,472,4e19f210464ca73a7f7a58cd3218cec482dee93c4f53abed18732ac581733e3c,no,no,0.5441970956323868,1,1
learned_hands_consumer,tfidf_logreg,0,1,473,4115fad9f9b83db5ecb78a9be61669ad1018516abc1227f075d62f7563f98f22,no,no,0.9279329751710997,1,1
learned_hands_consumer,tfidf_logreg,0,3,474,f0cadb5492e0ec183a3a3ea7616ae472ae6eff8bbcd445c563fa7c23da261ca5,no,no,0.5721980057033476,0,2
learned_hands_consumer,tfidf_logreg,0,4,475,531a57b154dbd769d4108e15531d27140a960b9c18d233351c7d62f188b8f6f1,no,no,0.625905229986143,1,1
learned_hands_consumer,tfidf_logreg,0,2,476,8fa4139dbe239bba25434909e55f2fa80c50269832bb68550d65299db5619836,no,no,0.5181658351615335,1,1
learned_hands_consumer,tfidf_logreg,0,4,477,9aec94ea158756c81b27ab95c8b331de3d51619d6ed22d22437d837182c56810,no,yes,0.5430274443444507,1,1
learned_hands_consumer,tfidf_logreg,0,1,478,dc31283a842264461700a1d07d553bc3be03295a75df6770fa6c06015b16fc4d,no,no,0.749406873545855,1,1
learned_hands_consumer,tfidf_logreg,0,2,479,d8bcfed355b99213c89ac1a9ff427c6c4b1ed05f140ef324e243fdff43ed062e,no,no,0.5085178910364543,0,2
learned_hands_consumer,tfidf_logreg,0,3,480,01de597cf467f8e74cdcd5967327e64399908a15ce5348852dd9dd952a970715,no,yes,0.7071169804007844,1,1
learned_hands_consumer,tfidf_logreg,0,3,481,6d3f546cc7e65f909112f42a52f7c36c1144c6845909f5c0f68d093fbfcdd8fe,no,no,0.5803934455039166,0,2
learned_hands_consumer,tfidf_logreg,0,0,482,76ed3dfb2ec9e6a39f0bdd9bfc8057cdacba2af71015e9bdb02dc0313489169f,no,no,0.9025981044750655,1,1
learned_hands_consumer,tfidf_logreg,0,0,483,931e120b8c3a8979cf4a37513bfbbf87c5b064b350a60733e2408dda7477646e,no,no,0.8457416896282142,1,1
learned_hands_consumer,tfidf_logreg,0,1,484,cecaae8addd481078cd53a5a69e5d8da4b6a98a516613269f4137b01782983d7,no,no,0.5759684805250725,0,2
learned_hands_consumer,tfidf_logreg,0,3,485,b07d2a4ff6a8dceaa18e35705a350c09b7e7f46cd67cf1e630b3cf325c46cc0f,no,no,0.6839548166072672,1,1
learned_hands_consumer,tfidf_logreg,0,1,486,012a4657825e2d7e50ec63501a9322690acfd4226e288797e79c2df8d26962ba,no,no,0.719480692420247,1,1
learned_hands_consumer,tfidf_logreg,0,3,487,20b699538b4fb5aba69b8c97153f171766a2c4674e8e33eac9eebb1206529fe5,no,no,0.7732206470596643,1,1
learned_hands_consumer,tfidf_logreg,0,0,488,c837c365cb2af81ad03b9121ec3ef43ab40d330362b3b4a17acbdc6fe37d85d0,no,no,0.8719540853613847,1,1
learned_hands_consumer,tfidf_logreg,0,1,489,ed3eae30ccd079f9f129d55e81fae1839ca02ea3e96d61c56b1ccf55fe84687e,no,no,0.7988348463008399,1,1
learned_hands_consumer,tfidf_logreg,0,0,490,18d65e6e4ac267b954fab721a8d2cabcf4346e461537cf69de5e72f51a7c5a79,no,no,0.60647213697126,0,2
learned_hands_consumer,tfidf_logreg,0,3,491,1de0c196d21d27621ca7c6e1b0386331881a85a41a05c700ff3c5d698d48eaae,no,no,0.6469990778108556,1,1
learned_hands_consumer,tfidf_logreg,0,2,492,daaaa7023a2b99c5064d440cbb801b79c0f04aca364a814e84dc1c4dfc3865d0,no,yes,0.5032573681039848,0,2
learned_hands_consumer,tfidf_logreg,0,3,493,ba5d6e2c09e4d63bb1beb689879578b510654791dece0cda170619655fbe60bd,no,no,0.5883848925748062,0,2
learned_hands_consumer,tfidf_logreg,0,3,494,0769d7b7837170d8be575bfc0f6247cb8aa473af2eea89363f68c41a10d2c7e0,no,no,0.64214023007626,0,2
learned_hands_consumer,tfidf_logreg,0,0,495,cc8b2d0978320bbe51dc5e4b1de74ef4b9b277de2e23e12d234df5eb07e460e7,no,no,0.664089279288759,1,1
learned_hands_consumer,tfidf_logreg,0,4,496,e613741978772ff2af35a8e2703f6574aa51e0f59b958d0ac40bd784a691696c,no,no,0.5172833463573158,0,2
learned_hands_consumer,tfidf_logreg,0,1,497,30fc1431cc1bd1aa3cf2160a194f94ab74b259ec3b1a245d9a44d4c7cd36702f,no,no,0.5157330948563361,0,2
learned_hands_consumer,tfidf_logreg,0,1,498,3e84f9a77980c8201610e1fcd383fac5825e27ba6d5747b53d07a15d820d1826,no,no,0.5123790629613469,0,2
learned_hands_consumer,tfidf_logreg,0,3,499,45f440261959716e956eeb1411ef4686bed9e9775d8fda7f31816a338fa7aa25,no,no,0.7306544915033739,1,1
learned_hands_consumer,tfidf_logreg,0,3,500,3369d09eaa0b33274bebd84d0cf53afc9ebc6dd6dbc8f7ea6cdc98d71324c90b,no,no,0.5506881322052827,0,2
learned_hands_consumer,tfidf_logreg,0,1,501,310cdecdcb36d755a158b4b234f965e433bc5d653ce95ec34814c492542b6e9d,no,no,0.6643795618052388,0,2
learned_hands_consumer,tfidf_logreg,0,0,502,3f4cf00bdfec2adfe98cd9ed014b1bda2da6b65d534ee0ae60f5a1f4cc7d8bed,no,no,0.9190906802898907,1,1
learned_hands_consumer,tfidf_logreg,0,1,503,bb5add493ea70afa2c752943a32010d534375afbf274f76364f5fd08c8551486,no,yes,0.572241496042981,0,2
learned_hands_consumer,tfidf_logreg,0,4,504,04a671661b4a945504156fd0073b7bf79e85f7d32382c0d0180634ee46e850af,no,no,0.5968732242091284,1,1
learned_hands_consumer,tfidf_logreg,0,2,505,fd1fe8184fbcfa582a0b2176a6b8d3a33eb68e84c3e941c4565a70212f082b27,no,yes,0.5164449391469559,0,2
learned_hands_consumer,tfidf_logreg,0,1,506,231ee3f5f275519cba825473068fc96cf01d3913b5d14fb747b2bda5abc8ab6f,no,no,0.8489837419818653,1,1
learned_hands_consumer,tfidf_logreg,0,2,507,6739991faf5aa8fa1e6c64dd6d08390a1287fc09742cac2994b33432d5338df2,no,no,0.5183593007726137,1,1
learned_hands_consumer,tfidf_logreg,0,2,508,37ec98dd44986f754e0baa73863d4c9210b359d2ba344ae645cbc8abb39da92f,no,no,0.5161914731808062,0,2
learned_hands_consumer,tfidf_logreg,0,1,509,b49a2505659c683cb11a3df13847ac8045a46adfd8192d2c76391a8803a1f4c8,no,no,0.7763014628140736,1,1
learned_hands_consumer,tfidf_logreg,0,4,510,a8217fa585bcf051c42ce021792455104c0b30538cee9d1851b1d4287e25e0f1,no,no,0.5266674302687879,0,2
learned_hands_consumer,tfidf_logreg,0,1,511,e9985a996c1b2327f2216eff3e962fc84a378f193e0d95ba12e5529bf99d15a9,no,no,0.682867458989916,0,2
learned_hands_consumer,tfidf_logreg,0,3,512,df1f494b116ab1943fdfa5b41fa750c836fe604c800651280911f0dc4580a3f8,no,no,0.7206411850969474,1,1
learned_hands_consumer,tfidf_logreg,0,4,513,be04d6d56aebd1e9f64044842226e835ae6154a25190109a1e2e0693bee8e9c3,no,yes,0.5119686352501276,0,2
learned_hands_consumer,tfidf_logreg,0,2,514,da3a06f0dd47af3a2b4ad51ae4de160a3f203e163224d6995c3218e0611096d0,no,no,0.5159392474119094,0,2
learned_hands_consumer,tfidf_logreg,0,3,515,5c56a2375937744f352e8a6ee8be863d82c01648dadf59d6e0540e4d4cd3aa63,no,no,0.607135607211455,0,2
learned_hands_consumer,tfidf_logreg,0,0,516,77ff7a6cc1e79bc95cfd0df1cf2351b19e130cc482374a04d5967c1a85d54773,no,no,0.6108523774953023,0,2
learned_hands_consumer,tfidf_logreg,0,1,517,4a00c73ae7c6524fa4c17e987d72c3f6fa272236cacd79ed166db4d45eebb2aa,no,no,0.6215408561970659,0,2
learned_hands_consumer,tfidf_logreg,0,0,518,57d7010f1071da7d8e1852e639021c19ce4b58849818194549f19da7d793ed5c,no,yes,0.5554372004260419,0,2
learned_hands_consumer,tfidf_logreg,0,4,519,b0346537dd7db9e6927d457dddb797ca2160ccc494e76289b9cefcedf036ceb3,no,yes,0.520986402963553,0,2
learned_hands_consumer,tfidf_logreg,0,2,520,c2be9f06745a8c52db0133bd1fd943903f7fbaa625b0d3d34c2fce9d0ae875e0,no,no,0.5307456259190452,1,1
learned_hands_consumer,tfidf_logreg,0,1,521,75d05aaa2c22410aa8b7fffcafce5468bcd99117194cefbea4e1ac86f5f351f4,no,no,0.5675109731438748,0,2
learned_hands_consumer,tfidf_logreg,0,4,522,db05d6507e5e3fa1d10142d3d8a1447182ad4bbba3e4a8370275f7fa482603f1,no,yes,0.5274448581645379,0,2
learned_hands_consumer,tfidf_logreg,0,1,523,0cd164612e455d558e41fa9eeac7cdf9afda934ca9be5ff6ca58723a0d4f1a00,no,no,0.6442950945945158,0,2
learned_hands_consumer,tfidf_logreg,0,4,524,64748ff82f5a0b3935c4b036e55eaa3dedc4952ea2df451bb4489eeb560981ca,no,no,0.5563252120916444,1,1
learned_hands_consumer,tfidf_logreg,0,3,525,b84cafbdf8906d4952f89b6677c260f193b288cde9bd9a044da00429a5c1788c,no,no,0.5875509652499585,0,2
learned_hands_consumer,tfidf_logreg,0,1,526,c2c2b5dbf3e12a911a20a8938927cbc7333ac84a79c8659cefb4366be01ff7c4,no,no,0.6093415376021241,0,2
learned_hands_consumer,tfidf_logreg,0,0,527,60c6f915b166a49f3d467e29663aefd916fdb4febc3aed6e9f86dc861d89cdb0,no,no,0.7623717755898791,1,1
learned_hands_consumer,tfidf_logreg,0,1,528,5b8d9992b62967320c49f0330151d6b9b87e86c8b4abbfb6622903ab97a5142b,no,no,0.900845422688792,1,1
learned_hands_consumer,tfidf_logreg,0,3,529,57d3ccebff848e81befa244f69489b9a171ab42168f6bbc6325439c85b7b0df5,no,no,0.7180731823758243,1,1
learned_hands_consumer,tfidf_logreg,0,0,530,dcc018d1aaf56509688079bc8783b9b23e0de1b677409b02d41284d2fca9040c,no,no,0.5145224451161063,0,2
learned_hands_consumer,tfidf_logreg,0,4,531,4d5492ff6e79ebaf69bd06ebbeabe63809050a927815a156c8a8972229eba0ba,no,no,0.5232967126819235,0,2
learned_hands_consumer,tfidf_logreg,0,2,532,ca3ecf1c1ef162d48d1f7e17896f1037dde115892608733e846ec86140631f89,no,no,0.5240187266294162,1,1
learned_hands_consumer,tfidf_logreg,0,4,533,0305a9b842d8022160096d7a46730fab12122cf58393b7bcfe6ad6852162bdcb,no,no,0.5905480964165153,1,1
learned_hands_consumer,tfidf_logreg,0,3,534,3d57a7bd684e91a426d743d44a7a8feae1ccc11b7320dc7c64cdfff7f5651caf,no,no,0.7165048706922554,1,1
learned_hands_consumer,tfidf_logreg,0,0,535,f5d5f15ce9ba190a7120001abc42f1cf21e20e7f2a019fd07a91090882dbd6f6,no,no,0.7873557493144216,1,1
learned_hands_consumer,tfidf_logreg,0,2,536,903fd0d792e220feea54ad37c84686d6e6b8e59535fa16d13bc36658f1fc28c8,no,no,0.5024840423669539,0,2
learned_hands_consumer,tfidf_logreg,0,2,537,9d9b4526cbe24d2a6f2890adb86aace884014a95851e78352d3f4ff1cdcc50dc,no,yes,0.5044668870344994,0,2
learned_hands_consumer,tfidf_logreg,0,0,538,30a2b5df9ae4ed2e010f7c2d068372ace7e2577350940484bb48430ae9ea7278,no,no,0.759328252883803,1,1
learned_hands_consumer,tfidf_logreg,0,1,539,14dd48f8f89acc71cb973a464b51478fbbeeac5361ae069ccdf18c010692573b,no,no,0.8599797790225535,1,1
learned_hands_consumer,tfidf_logreg,0,2,540,60cec153bbc5f214e7135f4d89ed8528e27743234f4739a1eb92e34f1ff44d86,no,no,0.5101917989037983,0,2
learned_hands_consumer,tfidf_logreg,0,1,541,5588471057013e09e22216f158d5fbdc584f612606d94687c13be4b2e55f5896,no,yes,0.5009046488887952,0,2
learned_hands_consumer,tfidf_logreg,0,3,542,dc192552b483d0ac3a6d1651b8e21b40837a9426816d9e3f64498e131d76e734,no,no,0.6079664384425569,0,2
learned_hands_consumer,tfidf_logreg,0,1,543,f1f6e92601fdf06f7ca1a57e7556c20884dc45c096f396b9e825f5e32c0f7a59,no,yes,0.5383119504653983,0,2
learned_hands_consumer,tfidf_logreg,0,0,544,3c76189ba90d25579e258776ba63c3c30d8b7d53a978703cf331ee251b4e5890,no,yes,0.5134917586283214,0,2
learned_hands_consumer,tfidf_logreg,0,4,545,43a6bc4480553f9b0a214f75f6d48c8e8ce7abc4b7be882e01a9e9df8108a1b0,no,no,0.5794732931934816,1,1
learned_hands_consumer,tfidf_logreg,0,1,546,3da37e63dffad75b2ee9a58d491a68e212af0b7d71ac858045a8657165bfadd2,no,yes,0.7570060612725636,1,1
learned_hands_consumer,tfidf_logreg,0,2,547,58137e64ac41ed8e7e81d207383d87b5226b5658728837915a21ffd225d0754b,no,yes,0.5029179345050795,0,2
learned_hands_consumer,tfidf_logreg,0,0,548,c9760c7df4fc3eb826bfb31e080137911ab35ae7f2295614373536be38ff7a63,no,no,0.7310012927408495,1,1
learned_hands_consumer,tfidf_logreg,0,2,549,f68d2b36b0aa1fe05ff7cfefd1bef8b411b59bfd2547573231a9358ce4a847af,no,yes,0.5057396305697789,0,2
learned_hands_consumer,tfidf_logreg,0,1,550,9d038dd0243eecf6b7473c2626d4e82af31cbb7798372022403db2c53aac85c4,no,no,0.7109584291883667,1,1
learned_hands_consumer,tfidf_logreg,0,3,551,1f966f4c818ddbda27cb669513c943ee46d73d5252c0de4770bae3e0b1407c6b,no,no,0.7322578716232313,1,1
learned_hands_consumer,tfidf_logreg,0,2,552,47f5ff1d7bfe7621611a502c23a7ceff9d308e2a1dabd5f29755fb341ed42da2,no,yes,0.5026072515527987,0,2
learned_hands_consumer,tfidf_logreg,0,4,553,d4edcad2012a13062a63322c80d9dda6748d539f3ccc68a8ca8515cbf779e532,no,no,0.561475824584865,1,1
learned_hands_consumer,tfidf_logreg,0,2,554,ba2d5b4602e83fd349fad98b24b38a99bfe1443da99a67d27ba98c8d58a7b182,no,no,0.5321040830330418,1,1
learned_hands_consumer,tfidf_logreg,0,4,555,a6dd6a0f17139acfd501f939d766455a6f082f486b04d50843f5897c950f5a6b,no,yes,0.5030172817232605,0,2
learned_hands_consumer,tfidf_logreg,0,2,556,a1ec095ee15753680fa1dcc2cbce2e048c960c54a4c671af2b889ff01c2a78b1,no,no,0.5030262117545077,0,2
learned_hands_consumer,tfidf_logreg,0,4,557,f50ac2f7ee90df358f730bee0cc541912730af6dc27f334b51ce011788751780,no,no,0.5008018106596335,0,2
learned_hands_consumer,tfidf_logreg,0,3,558,6dbf7b018c755e5418a5bb8020c0e3e0b3b6c2802141270907880a6f7cf37e03,no,no,0.7869045161935612,1,1
learned_hands_consumer,tfidf_logreg,0,2,559,8028cfbd1a2e6305634a58811aaf0ab86462c0aba3c14fb71b4e2d5c466e76ed,no,no,0.5198751353456224,1,1
learned_hands_consumer,tfidf_logreg,0,4,560,9a51675376b7b3914122130018ee7839fc678cd936b6b9ab2de64d3095595d93,no,no,0.5390341367619909,1,1
learned_hands_consumer,tfidf_logreg,0,0,561,46db7874bb17bd0bfc4da9f20d511677c89d9d72e7616f5d2fea321d16a4d2c8,no,no,0.5290440709836826,0,2
learned_hands_consumer,tfidf_logreg,0,4,562,703e4efa32ffec639b9f5832aba111107a1d6a46aa78b9f0bcbf55786e115a58,no,no,0.5539526391149818,1,1
learned_hands_consumer,tfidf_logreg,0,3,563,7deec0af5174e4beb0d092237b7a51ba2fdd2750e9d0d6b70fc7c0a7dd3274b5,no,no,0.7036367491599858,1,1
learned_hands_consumer,tfidf_logreg,0,0,564,9f89ce31649f5aadaf8602b1ec128212bc82f53bdd4b070be2656d39389bfd3a,no,yes,0.5423370085438185,0,2
learned_hands_consumer,tfidf_logreg,0,2,565,52c676261b9c0ec1700eb1af704f89bafe5d3cc2fcde6e3e53ec8d62cdd6d2a4,no,no,0.5394429202186652,1,1
learned_hands_consumer,tfidf_logreg,0,3,566,46c570bb238fa00c335738e90e9894fd264ea59da9a43983805ace67cda3babd,no,no,0.6957707646824269,1,1
learned_hands_consumer,tfidf_logreg,0,4,567,0cce10f57330f13a1fa4583d7fcbaea0ea54631244d26f8a6d66cacba2bc5e86,no,no,0.5576880167618133,1,1
learned_hands_consumer,tfidf_logreg,0,4,568,23d530283c7fa6d23eb17ed2448ff4204346f82e1ff6bba839e171c25a835f45,no,no,0.5497656996724396,1,1
learned_hands_consumer,tfidf_logreg,0,3,569,1c260489f250e26aa71f0f67af2d93564ae951b62570cc33391ef77909e9ff99,no,yes,0.5853120146906668,0,2
learned_hands_consumer,tfidf_logreg,0,1,570,a069da037392da85deec01ab7ac053f17bb4d2f8fef4cefb41ffe8b522d078f9,no,no,0.6698154459565393,0,2
learned_hands_consumer,tfidf_logreg,0,4,571,524bb5bf6132a668b140a529e1e06fd9231839d3f515499d615f2e3cbc7aed03,no,no,0.5454138724956188,1,1
learned_hands_consumer,tfidf_logreg,0,0,572,698a24f5972ce2399e34b386818b23e9f4e394b92851cbbbd6edb8b88c1afd5b,no,no,0.5771601484319493,0,2
learned_hands_consumer,tfidf_logreg,0,0,573,49f564d4ddfce6dfcee859f3e9357c9ab50ff9c0235c7f8261f86942a80bdb88,no,no,0.913790940929373,1,1
learned_hands_consumer,tfidf_logreg,0,3,574,3ac0c82ca7beef115b86522a5f5f46bd39ba3538af171995361348eafd9b9e20,no,no,0.519001780375931,0,2
learned_hands_consumer,tfidf_logreg,0,0,575,867d8d7d603b8ba49fd2224d4e9a4e31af79cb37a9eadbd99a914e0587a6e215,no,no,0.6843701454169342,1,1
learned_hands_consumer,tfidf_logreg,0,2,576,85d2a625103432a6e270c523b2b82873753c1aadea3a856047d52d54f77d7fec,no,yes,0.5069649541289702,0,2
learned_hands_consumer,tfidf_logreg,0,4,577,710dc3cc876b848944aa42d1a09e59b9090754a8d9bd4a8ec6a95c1d915c9b4a,no,no,0.5129111588134714,0,2
learned_hands_consumer,tfidf_logreg,0,1,578,085d8a8bf0abb16a3a525ab8ae49de081115d9b133ea5c0286dcc920fa1332ce,no,no,0.7885262781908,1,1
learned_hands_consumer,tfidf_logreg,0,1,579,b22ac3b6da6efba6a1c054601441ac802d6282b2f6c93b97b3f41378a9f9df7c,no,no,0.650517608599627,0,2
learned_hands_consumer,tfidf_logreg,0,3,580,a0a8970a8f7abab6606c6c0dc4e4ed89f48960d36710902cbf788bcae8d59835,no,no,0.7001091111944855,1,1
learned_hands_consumer,tfidf_logreg,0,3,581,c830685ae56b6f1b2910c6ab5de01bdcf3e93705d4ae3850481e9ae6a7ec59c8,no,no,0.7508253369847027,1,1
learned_hands_consumer,tfidf_logreg,0,3,582,a2b8614a6474da04bbec6a1b3421b6c93d315cc44e8958073d1b9652801f4710,no,no,0.633325442040874,0,2
learned_hands_consumer,tfidf_logreg,0,4,583,2fd3a1b7a973326e591034aa7863f5b09e42e05bb1e3f9d6cc311428d449d4f4,no,no,0.5090066343083584,0,2
learned_hands_consumer,tfidf_logreg,0,4,584,f221ac70290bacf70893417c277b4fb7396aa9262713ef18f437e8c1e5da3bcf,no,yes,0.5272166133285013,0,2
learned_hands_consumer,tfidf_logreg,0,1,585,a1f95e95ed3bf1df04e2d7306db27c5cd135ef9ea77def78c12cf2c81619e8c3,no,no,0.6908598237480609,1,1
learned_hands_consumer,tfidf_logreg,0,0,586,2ce709e73ee4451d404c5cdc00ea37833fee0b356b8f16d76ff2479b2cbd353b,no,yes,0.7488019816412391,1,1
learned_hands_consumer,tfidf_logreg,0,0,587,618c4d63aaf62f407f26f35d636080cc1e0a032d82f4d1e04c0fb1cf65048718,no,yes,0.8485943289591397,1,1
learned_hands_consumer,tfidf_logreg,0,4,588,4f6bc5578f8ddb17d988262058901424533577bd28369751a61118a761761e91,no,no,0.6373839362495465,1,1
learned_hands_consumer,tfidf_logreg,0,1,589,a9192bcdf65d01e592abf6f0b177a9853ed1c4a2b0ee8742dab11341eaee29d1,no,no,0.5794245425542731,0,2
learned_hands_consumer,tfidf_logreg,0,0,590,067cce98506849a73d82e859c38940708382620ea642806d23cbb8de5187231e,no,no,0.7496767189026192,1,1
learned_hands_consumer,tfidf_logreg,0,3,591,b576cd2ec8f9c40c2bb0abe987f064c2f9f1c25f94d4565ddd83377473d48859,no,no,0.6756024089020451,1,1
learned_hands_consumer,tfidf_logreg,0,2,592,5913bc49040be5c85504a852ac0a112f8e7e340d2c39fb67d7067ee3450e5e13,no,no,0.5086402085998551,0,2
learned_hands_consumer,tfidf_logreg,0,4,593,a25e7edfa72a41526ddc2db76023d27c2db12a24984d2e5a716da973b523f27e,no,no,0.6075022252665644,1,1
learned_hands_consumer,tfidf_logreg,0,4,594,d10b6556e2004b51129b987f5c4531830e2b0822cf2d7017e10a5414707669d9,no,no,0.5689562639756609,1,1
learned_hands_consumer,tfidf_logreg,0,4,595,d6d5572c752218b14019ec07e189728c9b3ddb8d34c3d70488fe782cc31aa988,no,no,0.6034433433569526,1,1
learned_hands_consumer,tfidf_logreg,0,1,596,07573b273be6697368d57299de8abf31240b9402c15219c81c2ee8f9a7f2aa62,no,no,0.5963348113318174,0,2
learned_hands_consumer,tfidf_logreg,0,2,597,6dc6cf31b2c1894f7bcfb26a493a4e5756971e007f5e7be26036cf50c17d7eb4,no,yes,0.5104881606617081,0,2
learned_hands_consumer,tfidf_logreg,0,2,598,7aa6dcf85749745744d1eb12d07f65d4b80960c401365645658ffdacc98c266a,no,no,0.5013108370114321,0,2
learned_hands_consumer,tfidf_logreg,0,4,599,5d91de0107b67446aed45672dcfdef4f58baf8f1c037cbe894d9bb1e9578101b,no,yes,0.5019257224018187,0,2
learned_hands_consumer,tfidf_logreg,0,2,600,684294f8c7abfb0278d36770f016d23248fd859f28c36cd2400da167f3b2b1ee,no,no,0.5166782469565571,1,1
learned_hands_consumer,tfidf_logreg,0,2,601,241cef5b8e4490252fa54625f6d6db8138d2f2b6887914926c4714fe63225592,no,no,0.5229699785231039,1,1
learned_hands_consumer,tfidf_logreg,0,1,602,264bdc1770e2864da6160b2fb689ad40913ffdda9bc24da7cd4f73e375da64a9,no,no,0.8156506434705694,1,1
learned_hands_consumer,tfidf_logreg,0,4,603,8b25bda48a03414701e65d70dfe129b08d8a1fffbfd6d253c4f8eab80b8e7ef4,no,no,0.5279087717087245,0,2
learned_hands_consumer,tfidf_logreg,0,0,604,a98c95b8dc90508ce61bca07aac73b3000d782c3e8bdb2d8094fa8851213e843,no,no,0.5554219245607982,0,2
learned_hands_consumer,tfidf_logreg,0,1,605,2e2dab0aa3f72da243e332c4316fe221543965532bf45ff04017e1820a01ffa5,no,no,0.7091117144882849,1,1
learned_hands_consumer,tfidf_logreg,0,3,606,f898c42315c66b3c1b4818313a33706910ac2498fef748ca5f12df32ed4ea670,no,no,0.5157434851821809,0,2
learned_hands_consumer,tfidf_logreg,0,3,607,edf5ecdbda4cb86f3f4fd1969bf42ba5a7eededc822406ff5bcdbad487d0ebc0,no,yes,0.5650088661091447,0,2
learned_hands_consumer,tfidf_logreg,0,2,608,41d5caaade46df5dd642cfcc5a1c383a53ea033ab68bf9753d941c8fa472857d,no,no,0.5138491165818133,0,2
learned_hands_consumer,tfidf_logreg,0,1,609,20cf2204cfad79c36173c2020ce3d9d1d7bfe049a4659016961fb1f7d34524d8,no,yes,0.511484702791654,0,2
learned_hands_consumer,tfidf_logreg,0,3,610,0970bb84fe7a7ae10755b3ff8e069375c894baa731baadab88c5b85d95df1cc1,no,no,0.6892118208150686,1,1
learned_hands_consumer,tfidf_logreg,0,4,611,53722369d56a509c380ff23472de54953b911d83728e74087c7864d9bf6c5d11,no,no,0.5269788374289986,0,2
learned_hands_consumer,tfidf_logreg,0,1,612,dc4a5fdc229e8eb8b4651e9829068c4a686c371d36c72e2ff9486195b6f27065,no,no,0.6785850960025528,0,2
learned_hands_consumer,tfidf_logreg,0,3,613,1b06f4f278599f2a5f0149ed64529530669a8a3934e0d4e09cf02e4eb40c20b2,no,no,0.7790639720942889,1,1
learned_hands_consumer,tfidf_logreg,1,0,0,a379a87ff3cdf868abd2168b8f7f1448c858c1c0293a0324128a1f9795c2495c,yes,yes,0.7467367666763235,1,1
learned_hands_consumer,tfidf_logreg,1,1,1,191f0937cb2c89fc2ee6de2cf962022796a21348bccce723e58dff5138f4aa85,yes,yes,0.7909603663426564,1,1
learned_hands_consumer,tfidf_logreg,1,0,2,23e415128308be018936edfbe782216c59135a5373afcc67391ab30b99e4fab4,yes,yes,0.8095207546912134,1,1
learned_hands_consumer,tfidf_logreg,1,0,3,d020ae25740133b72d326d57b58504372281f70e6def4d5a95655465a0e91468,yes,yes,0.6551466090880227,0,2
learned_hands_consumer,tfidf_logreg,1,3,4,7505269b5e689b850bf04d86c3aee556710bf7ed7473e80bb32cbf4ef909b78b,yes,yes,0.7184037197918113,1,1
learned_hands_consumer,tfidf_logreg,1,2,5,ebbf5dce638a03352aa5ce9e76ea526855fc19fe426785e9d74da0b972447b56,yes,yes,0.5263051616052888,1,1
learned_hands_consumer,tfidf_logreg,1,1,6,3682fd0cb52ef152a5e499e4441ac3d86a735973de9e3062a809fc58d80f083a,yes,yes,0.6229807158682074,0,2
learned_hands_consumer,tfidf_logreg,1,2,7,a1352482ea4516a24b594ccbf2ed311516cde0785a8edf4e41b8b20657074dd8,yes,yes,0.5161920961465122,1,1
learned_hands_consumer,tfidf_logreg,1,3,8,5655b74e200dc643bf62729b26c6760f786b1d110abd671cd8122c5d567f2846,yes,yes,0.5774827485733617,0,2
learned_hands_consumer,tfidf_logreg,1,1,9,30f3878dfeeec4bffed1d8ed0fd2feaa3165fc8790712d0e6c993ba632a91571,yes,yes,0.6580033978492822,0,2
learned_hands_consumer,tfidf_logreg,1,0,10,ff770b8fb5998da87b58b103e84a37ec674949fd2d8708f87b7aa392185f98be,yes,yes,0.7230939995682295,1,1
learned_hands_consumer,tfidf_logreg,1,0,11,025030168186d6dca4ceeb0def0c282fcd27d1c293abe1a0d6f41c0ae9ae34dc,yes,yes,0.8290534302031805,1,1
learned_hands_consumer,tfidf_logreg,1,0,12,241960fe59164730ab7f2221e78ff75ddf5d07ef6b0c664c078d091bc787b69c,yes,yes,0.6885478510370023,1,1
learned_hands_consumer,tfidf_logreg,1,1,13,ce32ef1dbe79dfac3d0eec018d4e7404296ad6ab06b519aef7132243fecc9c2e,yes,yes,0.562815659953214,0,2
learned_hands_consumer,tfidf_logreg,1,1,14,3a9f35dbcf5d11d5980a668dd0ac8a317654d4e4f8ee28518fa931a589f5ed3d,yes,yes,0.6498037388078255,0,2
learned_hands_consumer,tfidf_logreg,1,3,15,62ffb1bca214412111ca15a5cb79aed8c39b77ae8e4a9734a85ca66376cdf151,yes,yes,0.7788375871927065,1,1
learned_hands_consumer,tfidf_logreg,1,1,16,74157c44430c0b4b913dbef04b5bcc2e60d6786f1fce50cbd1fb74740cbfcbea,yes,yes,0.5217579323143168,0,2
learned_hands_consumer,tfidf_logreg,1,1,17,2dcefce119cd3d52ce0b2dd55dba49a2d705592c989511a60ca5ff2fa62bd783,yes,yes,0.7485825228339603,1,1
learned_hands_consumer,tfidf_logreg,1,4,18,e4b36f1dffe74a33bc589ff139dca6b75d8c5d7bd1414fcbe7ff483736a80e24,yes,no,0.5036084132038416,0,2
learned_hands_consumer,tfidf_logreg,1,2,19,eaecc316a32deb54a2e35ad55d5930bded5cb828eee671ec1a4d6c298e93f0ea,yes,yes,0.502270979417955,0,2
learned_hands_consumer,tfidf_logreg,1,4,20,ed6f10e3e2d4af3a7f61f4ac8ca3c539ade9d2b7250defd67063ea3a59ec18c9,yes,yes,0.5250356410488041,1,1
learned_hands_consumer,tfidf_logreg,1,0,21,8770b696e9d75ce623853da32ab9c2fc409af163cb781c02986c01c726cb8581,yes,yes,0.5374858461565419,0,2
learned_hands_consumer,tfidf_logreg,1,1,22,5f6fe96a0c85f05ef1bd1209d12d8a5da80ec0b8df76281b71b291bb0bfe1477,yes,no,0.6636794602002267,0,2
learned_hands_consumer,tfidf_logreg,1,1,23,db86e2ed5ca09bd43e5c1153206c84ac6670851f84c6f0c29b6ccd1eb0deb1e7,yes,no,0.5579794336021251,0,2
learned_hands_consumer,tfidf_logreg,1,4,24,f544e710a36c5f8952ea27c89f4b8d456410ad33abcdeff8bb5ab956f30c76bc,yes,yes,0.5426896875278957,1,1
learned_hands_consumer,tfidf_logreg,1,0,25,ffe0635de5f1a7973b85a3b70ea8e03cb5b1567c2d2995c39b15468f910920d7,yes,yes,0.7060808421584307,1,1
learned_hands_consumer,tfidf_logreg,1,3,26,1c5d518541a4c3c72210f1d1640f265a1ed467b09e8fd9920e0ced3c2a2e237f,yes,yes,0.8172924094652918,1,1
learned_hands_consumer,tfidf_logreg,1,2,27,847d90720ffa65caeed18bca722c31a7e6ad6690535571373c7cf5484024b4f1,yes,no,0.506157437065843,0,2
learned_hands_consumer,tfidf_logreg,1,3,28,826850ee19189639a241888830f2095a605677489c15835a9633e2a0b1ac6a64,yes,yes,0.6312735602656789,0,2
learned_hands_consumer,tfidf_logreg,1,2,29,8bf45813b8f64152745c4302a8fe3d28ad3a521ce8400337d150f52d7679c073,yes,yes,0.5114243336565779,0,2
learned_hands_consumer,tfidf_logreg,1,4,30,eab22a84a1d27762ebd956ab7c150792e31d45b69c081b1042ce94bb9f5db787,yes,yes,0.5122369209703344,1,1
learned_hands_consumer,tfidf_logreg,1,3,31,0d9289d67324c71b1a8459504ea7ea7d8593bc88c6baad910d98ae12b894b961,yes,yes,0.6534168211729895,0,2
learned_hands_consumer,tfidf_logreg,1,0,32,28de51fe26d760b562f7dd240c576dd29c1dcd24a3821f27045c03e1695ce0c4,yes,yes,0.6430264591904477,0,2
learned_hands_consumer,tfidf_logreg,1,3,33,6ce4033081e30de899b1011a4c082e82532b4c8f2afae23aed1a9b31dfb4eadb,yes,yes,0.8170192549185745,1,1
learned_hands_consumer,tfidf_logreg,1,3,34,fe949d0e8bb0a6f67a12ee28fec1d49ebc38d613057ddbd9e9742ce374e5a92a,yes,no,0.5572572243377356,0,2
learned_hands_consumer,tfidf_logreg,1,0,35,c207ce030682bc8ba0e7590a8ef0dd99c16b1b16665aebc82ab525877c2593a3,yes,yes,0.5683061614729757,0,2
learned_hands_consumer,tfidf_logreg,1,3,36,8ee486f22362d8e55009981db61b71a034a94793fc615ef6c369c92e25d8621a,yes,no,0.524076523434539,0,2
learned_hands_consumer,tfidf_logreg,1,2,37,bf327cac5ea3a5c8ae4b1fa4c6aa053fb3e0494255dfad320226fae0a94b91af,yes,yes,0.5157066871965208,1,1
learned_hands_consumer,tfidf_logreg,1,4,38,d5599f345f2efcc9997c702cf325c78c55c774947409f903377c2d84a3c8bc07,yes,yes,0.5171961936249931,1,1
learned_hands_consumer,tfidf_logreg,1,1,39,574fc09c7649af91d62597783fce341ddacfa64d9567f02c1c1d30d6a45410d3,yes,yes,0.6074475077800346,0,2
learned_hands_consumer,tfidf_logreg,1,2,40,46fe2b35c88c955d03ff315dfce3bb7c880b33d4409029f9ff6042df0194686a,yes,yes,0.5243995274057347,1,1
learned_hands_consumer,tfidf_logreg,1,4,41,f5d2007ecaaceed6f700b3e50cfa67215480af67ec2a87afea71cf1279ebec05,yes,no,0.5001370395021105,0,2
learned_hands_consumer,tfidf_logreg,1,4,42,01f1c668540d25f929d2e86cf0c94ebff90e0049c2f9c72bd85b0e900e0d7495,yes,no,0.5004863862247271,0,2
learned_hands_consumer,tfidf_logreg,1,0,43,1d86013431ea866bb8f9c95e610c8a4080348f326588f325da4a18706ada5429,yes,yes,0.6930213234170997,1,1
learned_hands_consumer,tfidf_logreg,1,3,44,bb18ab83285db7bc8dcf60f8a3ce1cdf2bd7debb099b953f662ddb9f8b38c2a7,yes,yes,0.7757816183489892,1,1
learned_hands_consumer,tfidf_logreg,1,3,45,16a3215ae403198891fd8dc9a2a417f75f8728d8e7141fcfef231668fdb5ab3d,yes,yes,0.7349447958547572,1,1
learned_hands_consumer,tfidf_logreg,1,1,46,4439bed3fc41d7b9c8ab09ef918fda1428dd5d823121216ce107959cb0dd4294,yes,yes,0.6862319621077116,1,1
learned_hands_consumer,tfidf_logreg,1,2,47,0b3c04d83b29cbb3a2e22807f4dae94c87c8f2b395036f54911c5754a4c47017,yes,yes,0.5258293532456957,1,1
learned_hands_consumer,tfidf_logreg,1,3,48,22a293b5746bac59ac00ea57d239b6ac359d9156a1ec0715abd762c84fede43d,yes,yes,0.6470791331332677,0,2
learned_hands_consumer,tfidf_logreg,1,0,49,c4c2bad785e53ccb9b321d2c63b8faff89f92b5a2cdcf0736b057e7e8e719879,yes,yes,0.7669762276299604,1,1
learned_hands_consumer,tfidf_logreg,1,3,50,014d339ae8d5fa4f98805d09f90eeeceed4b7762a40914f0ab3d4313182186bc,yes,yes,0.8169295989964116,1,1
learned_hands_consumer,tfidf_logreg,1,4,51,e7c14e7458d8da99796ba9c88de59853c6a65ab37d90d24358671b503b06100a,yes,no,0.5078603281418683,0,2
learned_hands_consumer,tfidf_logreg,1,1,52,fc726439af49d4188b72ee0e9adc0c39a6dd739d7612fcaa8485f57a5706e876,yes,no,0.5954577266145109,0,2
learned_hands_consumer,tfidf_logreg,1,3,53,eec25d963cdf3c5408e24c25c1ec3ce4c8b7063821931ad7747c587b4dd8f3ed,yes,yes,0.5339133619524006,0,2
learned_hands_consumer,tfidf_logreg,1,4,54,dcae1fbe99948ce3f328592769d0490ed52f89cb9a04fb61ed7eb8f822e0ef89,yes,yes,0.5278684928390696,1,1
learned_hands_consumer,tfidf_logreg,1,1,55,ec7dbe0d74d55de6c88312082e78da6a9a98966b97acf9fa7c9d9202b2fcbe6d,yes,yes,0.7843691830591418,1,1
learned_hands_consumer,tfidf_logreg,1,2,56,d8912fee3a18d2f57b6bb3a91a58414523442ec0294398e0adbd9fa8b241b33b,yes,no,0.5010650614906005,0,2
learned_hands_consumer,tfidf_logreg,1,4,57,f87c51747534d2868b590819e8df1acd5dbdbe3015ba30f49aa700ccfaff8b97,yes,yes,0.5272795428629753,1,1
learned_hands_consumer,tfidf_logreg,1,1,58,aaf2efb2b98403731588f69a234f9628c7cf0a6e41dc5e4d493bf3cc98491abd,yes,no,0.5701753807383629,0,2
learned_hands_consumer,tfidf_logreg,1,3,59,8401deb1d2cdca16e4beb605dc74617b796161236d4fabf6b119671c60390e46,yes,yes,0.6266858216137792,0,2
learned_hands_consumer,tfidf_logreg,1,0,60,0141cccd8167fda3a53db3bc8a9c9de38ab73039aee125ca5d456f83efb3f060,yes,yes,0.6885478510370023,1,1
learned_hands_consumer,tfidf_logreg,1,3,61,9539303909111ff48458f893819b6c4d82471c51d35262c48791eb4281d5a6fc,yes,yes,0.6763900831047059,1,1
learned_hands_consumer,tfidf_logreg,1,4,62,0d9042d456d2e30348acf77b2105fef878d17d0c8ce75d13775d81f13023733b,yes,yes,0.5268574100759325,1,1
learned_hands_consumer,tfidf_logreg,1,3,63,d351e0b84bda59ef89f0bf473a631f614d498349dffaab3bb47d4611faad2257,yes,no,0.5983192086480567,0,2
learned_hands_consumer,tfidf_logreg,1,4,64,087225dc844ed506b918ed1ed8cb4919b62e15999a35bc72ef5f3e438535329d,yes,yes,0.5283591216604693,1,1
learned_hands_consumer,tfidf_logreg,1,0,65,8cc2e66174e528599835446e6f69bf213ec59da343e4da74a215a2d7e47df358,yes,yes,0.633578629611345,0,2
learned_hands_consumer,tfidf_logreg,1,4,66,10c9dca4735480772f9fa371b9c9695f8d7449b8c64df6abd309125cc20b2e6a,yes,yes,0.5206137045156934,1,1
learned_hands_consumer,tfidf_logreg,1,4,67,4e9fb39ce82c9a0c8db9edda73b0a08dbe1fee6bde6735bb0599991149c9cceb,yes,yes,0.5230348229288024,1,1
learned_hands_consumer,tfidf_logreg,1,2,68,6a7e6c881869b757c8e7d36f73f227b987ce5b3ad9363a56d200edfa24ffcded,yes,yes,0.5387988359887612,1,1
learned_hands_consumer,tfidf_logreg,1,1,69,7599dea223674f198ca8bd7b449a8b363e958ee58ead42c5f7026c558eac1915,yes,yes,0.772573880584285,1,1
learned_hands_consumer,tfidf_logreg,1,4,70,7f224054d39f18cdd6646ad519ae236db20d9acc51e2a2366bf146920bbd208f,yes,yes,0.5340414013226799,1,1
learned_hands_consumer,tfidf_logreg,1,2,71,96ea4d954d1b6446c71d74a769dd614b7dcf83261e50056d6e62e7ca102d5401,yes,yes,0.5122414099248349,0,2
learned_hands_consumer,tfidf_logreg,1,2,72,3defdb305691fca997369ad61eb4c2cc9ad5737f73633b9997bca6b3b68dbc70,yes,yes,0.555433299093879,1,1
learned_hands_consumer,tfidf_logreg,1,3,73,ea88a64bd77d6c33327a9e3a56bdeab16edfcc94d3ad1f6c811e233e9cf1a4e6,yes,yes,0.6467893872994626,0,2
learned_hands_consumer,tfidf_logreg,1,4,74,1cb2a54d0c572842c9666556b4f9d68ac569dacc5ff14c26a9deb40b00297490,yes,no,0.5024371358017523,0,2
learned_hands_consumer,tfidf_logreg,1,1,75,3145ed790491a1b21c800dff9616114d2f77be8dbdbc044f4fcf7b15608d7aeb,yes,yes,0.7949088333529488,1,1
learned_hands_consumer,tfidf_logreg,1,3,76,bc58560238d37dd7bb637d6eed992896abc2e8646e56eb8dac0dd8bf4106576a,yes,no,0.5283419183321247,0,2
learned_hands_consumer,tfidf_logreg,1,1,77,9a5c75e417971c21fe00a89d52819a28a8d393fb332863c7f844a2f728e1aa47,yes,yes,0.6590191632365089,0,2
learned_hands_consumer,tfidf_logreg,1,0,78,7effc09d90b5d4a003218cec4356f0109765847fec64e4393bdf14682528fc56,yes,yes,0.6129747688693908,0,2
learned_hands_consumer,tfidf_logreg,1,2,79,bf7fab3a472a85fba5cacc610acd4ae413064fb5929efe63047e35beca2837f6,yes,yes,0.5143881055616163,1,1
learned_hands_consumer,tfidf_logreg,1,4,80,b9fec9f38f97749033ecb64442eb36f3ee2e3a80cd28ded964ba3b542608ed08,yes,yes,0.5186101122134301,1,1
learned_hands_consumer,tfidf_logreg,1,1,81,a86e6ca3f4d275c0420ca0ee4600f15f0b78e34c43b877bb58dfb44c56f07ad2,yes,yes,0.7643949506961131,1,1
learned_hands_consumer,tfidf_logreg,1,1,82,e2dda0a5ede9ada6a285c131669076df0764c2b88c1c2001ae078a17d88fc168,yes,no,0.5394485139496337,0,2
learned_hands_consumer,tfidf_logreg,1,0,83,9d3a029d590c2c8aecbc4df458d911be15fcbef421678b9ef52d1281119ef933,yes,no,0.5308709008214605,0,2
learned_hands_consumer,tfidf_logreg,1,3,84,0a86c2677e444a84373fb5de0aa2e100762432bf73d0ed3e92ef3f2f584504eb,yes,yes,0.6601667690014237,1,1
learned_hands_consumer,tfidf_logreg,1,2,85,edf4479c78e0f0664620607e8ab699c2cf70b3f949ebe5b6e2a5e65f56f24fa0,yes,yes,0.529109218758592,1,1
learned_hands_consumer,tfidf_logreg,1,4,86,a446c13b6a95e774dc7f399a94c473901184d9172d42d8f4db7362cdb059e191,yes,no,0.5183756819950045,1,1
learned_hands_consumer,tfidf_logreg,1,2,87,90d67e6b76ef21ed8c1dc58bfbdcc24aab8e1dd728ebdafefc643a1e3c6bc74c,yes,yes,0.5188751609427057,1,1
learned_hands_consumer,tfidf_logreg,1,4,88,e0f88567e0733cdaf8c918330d9139891158680d5be3cc3fc4577a4e79c67cdb,yes,yes,0.509806061083233,1,1
learned_hands_consumer,tfidf_logreg,1,4,89,4c96db2e33b6cc4900b1f80e86334c0d0f97a10b76baf6a5fac96558a449fa07,yes,yes,0.5156868053800087,1,1
learned_hands_consumer,tfidf_logreg,1,4,90,08c27d740cbffbaf24d70ad9cc2f4538941c1e7ccba03ba15eacb0c43fe8f6a3,yes,yes,0.508983387304733,0,2
learned_hands_consumer,tfidf_logreg,1,1,91,123e686fd8c78b602b0952ee8aacebb8f2a451c8d2c2f716072c6c0780e88a8c,yes,yes,0.7141797265771622,1,1
learned_hands_consumer,tfidf_logreg,1,1,92,61088df3abd8799b2cb0b2a50547fabab33f53e711b6bf0e51ad8eee1f9886f8,yes,yes,0.558715841971838,0,2
learned_hands_consumer,tfidf_logreg,1,1,93,245581fd1773d7336f3fbd519ea0ad635746b96c3ef3c64c77d8fe969f404345,yes,yes,0.6976604034097906,1,1
learned_hands_consumer,tfidf_logreg,1,2,94,0935c35b8f85a7acb661025d20f4077750c9420cbe5f2d6cb6c1f5e62a4cd9fc,yes,yes,0.520899744116841,1,1
learned_hands_consumer,tfidf_logreg,1,3,95,8b2b428ed3082708aebc90d3e95493d6b01fab537f0107c5604932ba617141c5,yes,yes,0.6327350555695171,0,2
learned_hands_consumer,tfidf_logreg,1,3,96,46b3b836673160a90a211860286b914eda2a3ef85f0eb63bd10cacc7ea5f0f02,yes,yes,0.7101176398900867,1,1
learned_hands_consumer,tfidf_logreg,1,2,97,8c8ab92472440d5e8d77d4f562ff2df1e24f26dbf33e2f219ed51d9ffe2ed9e8,yes,yes,0.5041936700422218,0,2
learned_hands_consumer,tfidf_logreg,1,0,98,f84ae3cfea6e268f60d53f2fc2105cabc35e7c1bc60594c254b8a5b9ebb95c52,yes,yes,0.866031338195126,1,1
learned_hands_consumer,tfidf_logreg,1,2,99,5a061ea8f86d69941bb8f010a9102517e2e50e8a6e7f043b2a65a9beeb5b2a5a,yes,yes,0.517949974905705,1,1
learned_hands_consumer,tfidf_logreg,1,1,100,a0b66eb40941e4afabf26cc61164bd17ae4b404900827ee613063156c3fcf1f6,yes,no,0.656026959514518,0,2
learned_hands_consumer,tfidf_logreg,1,1,101,d69eab546563939e27e3b5c4bf71ed21aa8c08a685f2dc211a8611a8734cdaac,yes,yes,0.5467132153415288,0,2
learned_hands_consumer,tfidf_logreg,1,0,102,13c1947392729839a6ef7e019584b3baf576db1a026c6cc363f97f9be6b55b7d,yes,yes,0.6264357370891823,0,2
learned_hands_consumer,tfidf_logreg,1,0,103,2db3f4de10f8e3c93f180c1cec9ec1036a8cfb696152a003910f4876349b5563,yes,yes,0.818747172753916,1,1
learned_hands_consumer,tfidf_logreg,1,0,104,9d141e84a47e429ebf8c9be15a716519a789f6ecfe2635d6742bcc1589887b61,yes,no,0.5547219256197821,0,2
learned_hands_consumer,tfidf_logreg,1,1,105,f2b40bc0dd711fca9b42c004ced8b6a7f8400023cc7f44239caee4f44359dde4,yes,no,0.5448220426466424,0,2
learned_hands_consumer,tfidf_logreg,1,3,106,d5dcc520e7691c72d4f4bcf6d67cfa74c856d631a5a6c4904f730332b192f920,yes,no,0.570291796726591,0,2
learned_hands_consumer,tfidf_logreg,1,0,107,da0684c959dcca3dab601174a68db1954a8db19f75ad96cecdb7b9319c828539,yes,no,0.5552345805122909,0,2
learned_hands_consumer,tfidf_logreg,1,4,108,0e7608581b6f65860575a915b9e6d3ea3ba463ac7392a783effab47b7c6ed2b6,yes,yes,0.5171383579061397,1,1
learned_hands_consumer,tfidf_logreg,1,3,109,3b14007f0368858c49628d89f7a4ac4e05912114c121069f929f093267da692c,yes,yes,0.7913839343084169,1,1
learned_hands_consumer,tfidf_logreg,1,4,110,83a75ee006bb31d8db282260e075860f781be2246f81074adfc047c6debba47d,yes,yes,0.5040180787876845,0,2
learned_hands_consumer,tfidf_logreg,1,4,111,d140e8b5cef58e3c07015a3be1003d6d67dda0e1681f40a4b5b23a3a143236ea,yes,no,0.5344492387487589,1,1
learned_hands_consumer,tfidf_logreg,1,4,112,fb04a608b72b2b2e616ef5e9aa6ca1fda0b73c81a00bd51339a60f7ebb9349f5,yes,yes,0.5201663334383617,1,1
learned_hands_consumer,tfidf_logreg,1,1,113,5ebb5e29b015223682853139344a5e2422b009ed368ed22452f4ebe96b314797,yes,yes,0.6615882778891321,0,2
learned_hands_consumer,tfidf_logreg,1,4,114,7e315bac1e39325f317709b5955292bc75939640e3b8f10ba3c11050930647e1,yes,yes,0.5263994559832125,1,1
learned_hands_consumer,tfidf_logreg,1,4,115,0d7f2c826f6a0fc0a9404989d5d4b5cc6d7f2f516c1f069e5bf8d31ee7e817dc,yes,yes,0.5428490826040085,1,1
learned_hands_consumer,tfidf_logreg,1,1,116,7e75b01067a2ec4ca8c403b389118d896ccf66db535b144a3c54bc98c1c2e246,yes,no,0.5115996038956816,0,2
learned_hands_consumer,tfidf_logreg,1,3,117,a3e66362096eb8059a216e47a87cdd7f3f944d1ccbc606f30cfbe1cc424e0594,yes,yes,0.6682881334477049,1,1
learned_hands_consumer,tfidf_logreg,1,1,118,d3308da62008ec5ef18494df94f73a4585ed31e1c8e69ccc9e25e76cb56d42a0,yes,yes,0.6998216826019856,1,1
learned_hands_consumer,tfidf_logreg,1,2,119,e07a44cb806545635aac341cc0946afd7d71c3619844a0ec08545160df03cbdc,yes,yes,0.5212640316391141,1,1
learned_hands_consumer,tfidf_logreg,1,0,120,aedceca2ca38055764eb4ff944a3a150057788281d1c3739f5e785db00a9e719,yes,yes,0.5415367763740806,0,2
learned_hands_consumer,tfidf_logreg,1,0,121,ca458586d811f25c02f1f39cf55f75b65071bd2ddc79fd97b0d5be9eb8e5312c,yes,yes,0.7419037305533643,1,1
learned_hands_consumer,tfidf_logreg,1,3,122,fce48e30fc0ea1058c42d4b4e3fc772fdd46a3060633bca5f371f122fc5aaef5,yes,yes,0.7578402078439069,1,1
learned_hands_consumer,tfidf_logreg,1,2,123,02bd80d2b643617360d685b497986a8637dc26275c2ea6a626b69de253d164e7,yes,yes,0.5199310723214325,1,1
learned_hands_consumer,tfidf_logreg,1,3,124,af3d9c10fbb3296fa6a040f3015c474aaa8ae09177f6fe2e775fee3e584f996d,yes,yes,0.651356000339577,0,2
learned_hands_consumer,tfidf_logreg,1,3,125,73e4bc727ab5dd4600aa1647320d964c9a52dc7767744c8d074cebcd901f6c05,yes,yes,0.5726026828878341,0,2
learned_hands_consumer,tfidf_logreg,1,1,126,0bdb8221f4d44b38dc8782e0b56035bbdd3a7e6fc2df17d22f1a5c863bc46075,yes,yes,0.781722120321613,1,1
learned_hands_consumer,tfidf_logreg,1,3,127,90fe4003a641d7cd2ed6a00150556d083b23fe1e24e75ebb94ecff4d843c77e2,yes,yes,0.7911302491255202,1,1
learned_hands_consumer,tfidf_logreg,1,1,128,155678c2832cdf4702db15b523f143f1ac784cffcaf58c1a1dfe33a97611eb8e,yes,yes,0.8109223574138358,1,1
learned_hands_consumer,tfidf_logreg,1,4,129,aec3c6407d02ce2d3b4abd591e08891c236a8a8989e7ad72020a4b7b777fea78,yes,yes,0.5008974439457751,0,2
learned_hands_consumer,tfidf_logreg,1,3,130,1f2af78776193434b3d71d59e47e0a24bc7439537dae7643126e174f05f8a690,yes,no,0.5259714683688814,0,2
learned_hands_consumer,tfidf_logreg,1,0,131,ac3dcaa7b7faf827da8c14b3bfd03c0f8d36bbd129920232b5775c57ebee5322,yes,yes,0.6153104658263608,0,2
learned_hands_consumer,tfidf_logreg,1,1,132,8de39616285bfb13eac266c45a5691cad8963031bb495c5ffff384303ac2e317,yes,yes,0.6181031524118115,0,2
learned_hands_consumer,tfidf_logreg,1,0,133,df7cebc19279cc1176c76578d13d5634b4ee220d4093d6b4e048fd1f74811db9,yes,no,0.54213637177752,0,2
learned_hands_consumer,tfidf_logreg,1,2,134,b5412b723d0181549110fa8dd79485fa5238dbc7e264272da705dfe9c7f066a8,yes,yes,0.5222536218841971,1,1
learned_hands_consumer,tfidf_logreg,1,0,135,e802649c8e6be5fbdc4e7ec755757e95ba836ac949c022f0081c1fcb1cfa00b0,yes,yes,0.6597425179012858,1,1
learned_hands_consumer,tfidf_logreg,1,0,136,a039dbd9f0510ac6f66d44c60f9a5f5a5d5c76093f00e693801d2fc80d54f7a9,yes,yes,0.7915883926835439,1,1
learned_hands_consumer,tfidf_logreg,1,1,137,9cca62662bba01723eb2a9aa094821e1675b7ac525fe30fc042f3dcaac3e2727,yes,yes,0.6695612459852402,0,2
learned_hands_consumer,tfidf_logreg,1,1,138,dfbc47fb61799a0472fbf92d48b36eeb2584ccc63a3185c2d61a51c1537f7c92,yes,yes,0.6839795769920687,1,1
learned_hands_consumer,tfidf_logreg,1,0,139,6cb9e80497686772c38151ef29f0b998c3911fa46f4ae26dcb0677863d1c3bcd,yes,yes,0.819479239140151,1,1
learned_hands_consumer,tfidf_logreg,1,3,140,bfc4a30870f9292a454f9471c16d25b3199ec05b80dafc98a9d6c50897c1b47e,yes,yes,0.8572013005382461,1,1
learned_hands_consumer,tfidf_logreg,1,3,141,078b717fbab45038fcb94864d32f33fa6d71d9664570dfe04661869f23314833,yes,yes,0.6684381841450798,1,1
learned_hands_consumer,tfidf_logreg,1,1,142,0242758b0d09920c367a96d4d60f74cb970f86cfb3bbf7bc54aa2a69703b17c8,yes,yes,0.6221833774784182,0,2
learned_hands_consumer,tfidf_logreg,1,0,143,51eef95bf47218140683c3e1b4135ffc3d540ca426dbe552c2809dc445d5b483,yes,no,0.5514619835428716,0,2
learned_hands_consumer,tfidf_logreg,1,0,144,af4b353687f267cf4811370b1167f39f3acb12a476ab7569d5711f61e7cc5c99,yes,yes,0.8490137780873201,1,1
learned_hands_consumer,tfidf_logreg,1,0,145,a5b77622968be2023f42d12cc8cdb98fdd05731d5ff1f331c0c61cddcdd016ac,yes,yes,0.5514740201854721,0,2
learned_hands_consumer,tfidf_logreg,1,1,146,483af7a4cce5458979f9fde28f5d38cf96c6b318f56cf5b8bb7fef01baeda51d,yes,yes,0.8400896538751911,1,1
learned_hands_consumer,tfidf_logreg,1,2,147,5b013d7731839bf2ba2c52bac900167561f691d205c1198ffe872747858115ab,yes,yes,0.5364717809415167,1,1
learned_hands_consumer,tfidf_logreg,1,0,148,1403a0476f3fcec8b1a48e6f1fceb06a2aeabd9f5de4f53ac7e2f29a80fc3d02,yes,yes,0.6150732347172684,0,2
learned_hands_consumer,tfidf_logreg,1,1,149,7153d24972b2eb3c082ba9cc58a892af969f2d9524022190bec282710d252b55,yes,no,0.663176485933241,0,2
learned_hands_consumer,tfidf_logreg,1,0,150,a6e1cfe1a1c58fdb1b4033bef127bdc12ad083d8029c91cf81e74fbc997b44c2,yes,yes,0.574660369798023,0,2
learned_hands_consumer,tfidf_logreg,1,0,151,c48f7444249fe7386aac1fa49a56e450eebc70c640262a5fc2cb2864d62c7b62,yes,yes,0.5835014820306548,0,2
learned_hands_consumer,tfidf_logreg,1,0,152,7223ee95c7eb5aab471c9b1426c035d3d751646abf3a01dd2380366fa55c1fb2,yes,yes,0.7098042380723331,1,1
learned_hands_consumer,tfidf_logreg,1,0,153,8b857fa596fd194124387876667280b614e479625bc9d05d958f3b90514c2e9d,yes,yes,0.7400753088304136,1,1
learned_hands_consumer,tfidf_logreg,1,3,154,6f137236864a4da2299f6341085a62e5e2e0466add7aa8eca3ff5f315633bbdb,yes,yes,0.7487570311622196,1,1
learned_hands_consumer,tfidf_logreg,1,4,155,038e3005ce9b5b1cabf2220d9f9b068ab3289de326b9c0466e84286f1cb69bf9,yes,yes,0.5407913139595634,1,1
learned_hands_consumer,tfidf_logreg,1,2,156,7b67a7b2e80fc8b9473186823a7570203fc746e03e40493d174446237de3bcec,yes,yes,0.5190705964574351,1,1
learned_hands_consumer,tfidf_logreg,1,1,157,9d82c554b4b00bd2ead020ff98bb6fcdee7432665a797346eb3d3aaf490d0d12,yes,yes,0.6874959036108949,1,1
learned_hands_consumer,tfidf_logreg,1,4,158,da85c2e88f91544acd0359c5ccd69c2b4f902d093ceb8cb12767a778944fbd7b,yes,yes,0.513460966446558,1,1
learned_hands_consumer,tfidf_logreg,1,3,159,a34040f6644b50bc824adc566e6d6428d7b05ca16c8ee39f0af4b1b9f5601f2a,yes,yes,0.8552696464421157,1,1
learned_hands_consumer,tfidf_logreg,1,4,160,19c9ac6e1d4ea3c61c161624efc992b8cc52bf306f151391ba8529c19382e1ee,yes,yes,0.5194307514709167,1,1
learned_hands_consumer,tfidf_logreg,1,0,161,650970637dd6a0ab8e97321c167c7bc4a9a3cdc8eba59da2a5c510bcbd5db45a,yes,no,0.5128771770405667,0,2
learned_hands_consumer,tfidf_logreg,1,4,162,c51f874153bc2cdaa57ad2c656a6af7ab24feabfb448922cab57ef416feee663,yes,no,0.5045848070662408,0,2
learned_hands_consumer,tfidf_logreg,1,2,163,13b1acd948c8e9c9a5739d8481ea213fa3cfdab8b80a82efd25be33e8f7b2902,yes,yes,0.5290492868753635,1,1
learned_hands_consumer,tfidf_logreg,1,1,164,9fde61742e0b3fc6fabbffa750b6283c72453cd0303a465ce66648d46676eb89,yes,yes,0.509641416472555,0,2
learned_hands_consumer,tfidf_logreg,1,2,165,4fd20a26aafa50907d098d746bcd899d7abfca4f42db1d5c149080652db43b60,yes,yes,0.5082990616397092,0,2
learned_hands_consumer,tfidf_logreg,1,2,166,38a9b6c4df60f95cae8cdf22954e4170c3a5feb64ebfb5162134d697b7e84381,yes,yes,0.5343718786306405,1,1
learned_hands_consumer,tfidf_logreg,1,4,167,8892704b2b2b6659f287178e3c29d5c9d21dc3ecb2ae17dd4b6ec86c6784cd0e,yes,yes,0.5051458525943052,0,2
learned_hands_consumer,tfidf_logreg,1,3,168,5953941222239eaa15e600b769f26c7173e96638173a25e19be42ff6b5b07d45,yes,yes,0.6427969721831726,0,2
learned_hands_consumer,tfidf_logreg,1,3,169,4f9eec5c23a5c213a1bc6fc916fdf2587227d14edcd43d78fccea8cd278cc2e0,yes,yes,0.5836255762052835,0,2
learned_hands_consumer,tfidf_logreg,1,0,170,51ec6ad487eff34fddaa34cf9a46b4a9a9e66e2ef37f1718f6c2c0a6b08bcc0e,yes,yes,0.8159615759646526,1,1
learned_hands_consumer,tfidf_logreg,1,1,171,4356eb8f7a087e4d6032661552935019173e052ab6031528ff64635a4f9c515d,yes,yes,0.6058524763720189,0,2
learned_hands_consumer,tfidf_logreg,1,2,172,6d7c28575a9e0747fc4cfaab5263e2daf0754ef5d1c996b9de353104dbfb5be1,yes,yes,0.5192560716004776,1,1
learned_hands_consumer,tfidf_logreg,1,3,173,6656d334c0150d50518a8e9e86ac484364dfc5da62604f792fa121392de57cd5,yes,yes,0.7165774898740842,1,1
learned_hands_consumer,tfidf_logreg,1,2,174,fa3b234c5866029eaafed3054fe7c1e9dd9d3e50389c45beedce0456e0a851a5,yes,no,0.5011526657442994,0,2
learned_hands_consumer,tfidf_logreg,1,0,175,f5327013f798cdfff71ccd1ccbf934757fae9118c8fda0cfb29197ee8c9a2f92,yes,yes,0.7656858626895815,1,1
learned_hands_consumer,tfidf_logreg,1,2,176,0c550425496483256cac2b164db69cc78311e995021bfcbd4a5c585bcdd9d9c6,yes,yes,0.5226814755394587,1,1
learned_hands_consumer,tfidf_logreg,1,4,177,e9a4a62f276d5c835085a02b2f4d92155f8f7ac6d396a52ad1cd37cab729b635,yes,yes,0.5203433034004128,1,1
learned_hands_consumer,tfidf_logreg,1,4,178,f4fe68a7bc004d02c8ecf39777717f5e53269903d0c3c3181101c07cea5c6b0c,yes,yes,0.5297038713337366,1,1
learned_hands_consumer,tfidf_logreg,1,3,179,3d0de6dc3fb5d69b4483315a8f1b9a55f3da2fb8eb1df50a74386a480912447a,yes,yes,0.7144418587984087,1,1
learned_hands_consumer,tfidf_logreg,1,3,180,b66cb0340d554080664d72cdd106c5cdb17b38d1f74932ac0787b45754ce1a7c,yes,yes,0.7784213261960885,1,1
learned_hands_consumer,tfidf_logreg,1,0,181,a9af33b24aeb8f4fc3dd090cb6015fd72eb33e9bacf6b245b9efd00dd9991af3,yes,yes,0.5710184609739934,0,2
learned_hands_consumer,tfidf_logreg,1,4,182,9eefcb8b16890b9cc6c7e144d07beaa48841305e10614e94d470242a6b0e065f,yes,yes,0.5224939077644907,1,1
learned_hands_consumer,tfidf_logreg,1,3,183,cfde4f376e1a14d27549b00d4ddf32bfeb542cf05f08d1cbc266df888e1c3047,yes,yes,0.5251583465996977,0,2
learned_hands_consumer,tfidf_logreg,1,3,184,421033c1624e9a903b16ba39c1d61b1ecb07a1c62b4ffce4608c02c7a3e067e8,yes,yes,0.5148712878868329,0,2
learned_hands_consumer,tfidf_logreg,1,2,185,7a8050d0881441599707f60d9661cc876f27efc16656cd8526fe842e463a56ec,yes,yes,0.531632722756768,1,1
learned_hands_consumer,tfidf_logreg,1,1,186,5f4e3e4860760d911ab21bd74b2611036627cda4c7c666615991f1d2314d6b35,yes,yes,0.6736344871700954,1,1
learned_hands_consumer,tfidf_logreg,1,4,187,057e4d5e06ed1236a9a35f3ea5c2cc42ae58bd3d82fb4981f56669b168d087e6,yes,no,0.5427407983187225,1,1
learned_hands_consumer,tfidf_logreg,1,1,188,a5608444f7d99d3cd3109ac70b995bb38775ef1fa2c286f3779886ac598a5c9d,yes,yes,0.6659854153503987,0,2
learned_hands_consumer,tfidf_logreg,1,2,189,48a613b18969b56ad289f137a24f32ca5714dc722f1916be3cf41f3c98f577e0,yes,no,0.5278181132023592,1,1
learned_hands_consumer,tfidf_logreg,1,4,190,d5a7261352131be329b42958bda9d1cbf7adf2a5eb0c341d0fd5d6d07a9ae17e,yes,yes,0.5377249391049645,1,1
learned_hands_consumer,tfidf_logreg,1,2,191,e36f78681c2e77e1fe9fd7fc2f0b8fa917f14b6a2333a41863c17c766053033f,yes,no,0.5253166145605017,1,1
learned_hands_consumer,tfidf_logreg,1,1,192,1487b9bcecfa449f7f97f38810e17ed4e37ea80a32cd5170137bf134574ae112,yes,yes,0.6269554758822666,0,2
learned_hands_consumer,tfidf_logreg,1,3,193,a0956e6a9a6973551966fc776c76b773565a03efe1dd2f5b6e363e037cd68e98,yes,yes,0.642710889022487,0,2
learned_hands_consumer,tfidf_logreg,1,4,194,113f455fcca39b28919c8669b561494bb48c8a7b1abb08182e38efba3ba3d49d,yes,yes,0.5087649634540967,0,2
learned_hands_consumer,tfidf_logreg,1,1,195,01467176da7f8beaabb7d2d981d4c2a5d270c4de1ee41090eb7fff34ad10f233,yes,yes,0.8564467179334209,1,1
learned_hands_consumer,tfidf_logreg,1,4,196,3917492faa9e47e7106ba122c3a1618a26df3dcdbcf5803ea5eff8caeb3a85b8,yes,yes,0.5399984475004299,1,1
learned_hands_consumer,tfidf_logreg,1,1,197,cde8abafba1e7a412e01f15ea5b8b45f4e1c8f3f37c5ed8ecf8670617e0e3ddc,yes,yes,0.5050148650887661,0,2
learned_hands_consumer,tfidf_logreg,1,4,198,61ae855f1482eb8f9d691ed3f1d20ebbea6fc43c48a7559ddaf77710f2c27152,yes,no,0.5076548625605364,0,2
learned_hands_consumer,tfidf_logreg,1,4,199,f35f9e77ffc5ac7a0d42e5a637d3ec3f6ef2830b8c178fdb6a5c951cfeaa3e88,yes,yes,0.5034172984346125,0,2
learned_hands_consumer,tfidf_logreg,1,0,200,82f9efaddab72f81167b375aff7cc6c2537117b477e6064545d97be910ff945c,yes,yes,0.6257951437717598,0,2
learned_hands_consumer,tfidf_logreg,1,3,201,967afc85cb2c22088e649a1faac841a0d2609f7e11fe94eef9bd17a4daa54688,yes,yes,0.5478561818672248,0,2
learned_hands_consumer,tfidf_logreg,1,0,202,5648d782c24eb983d5cf18c59b05a1a47459a5dedd4e5335a0232c23f062944c,yes,yes,0.5281176874860691,0,2
learned_hands_consumer,tfidf_logreg,1,2,203,157bd549be3ab1bdd3e21c29805aafdc0d0b45c1aa52b0a397ab9236a4e5c944,yes,yes,0.5179668604332625,1,1
learned_hands_consumer,tfidf_logreg,1,4,204,525f45b4239b35c4038470e08628f267e9887f1c30b0aa84a2d5d01464da39a3,yes,yes,0.504561785935894,0,2
learned_hands_consumer,tfidf_logreg,1,0,205,0a0807c3257345430140d80f2b2b7210e572d13f47d5ac8a65174de1142590b0,yes,no,0.590525465190674,0,2
learned_hands_consumer,tfidf_logreg,1,3,206,a2b92dbd2ee6fd008bb6aa904caa64641950c475cddad723b2644f23c751a0ee,yes,yes,0.712706253337611,1,1
learned_hands_consumer,tfidf_logreg,1,0,207,a2ed73e250907017f6d7fd66c658c04c6a137575d6ad765f993661edda327577,yes,yes,0.5309328564304394,0,2
learned_hands_consumer,tfidf_logreg,1,3,208,1290d537ea8750e4e91f20b46eec10646ce12ab7d86dfc91eb09b608405fe90f,yes,yes,0.7760495427704663,1,1
learned_hands_consumer,tfidf_logreg,1,1,209,a0f7d16e25d9f13501287713351ca9111410082745756d6eff69a544a7ce0fab,yes,no,0.5334399032260883,0,2
learned_hands_consumer,tfidf_logreg,1,2,210,adbfc9de80cf0100c04073d2c24a7a39ad794835be05b45cd9a54b30876e1bae,yes,yes,0.5460782977919392,1,1
learned_hands_consumer,tfidf_logreg,1,2,211,33d047d7bf09f05c00081ea7055f31cf8f5cfbb5f1ceb5b0376de52b5d66fca4,yes,yes,0.5066512785447838,0,2
learned_hands_consumer,tfidf_logreg,1,4,212,8747eec3bef3a1ac47c5e03b2a3185ec7be0382a48e8f07bc6b009f884106d3b,yes,no,0.5054132913904748,0,2
learned_hands_consumer,tfidf_logreg,1,0,213,49b127f44fd96be9d276f55d1669f94228b7535cb909c7f6b272eb55f8881a2c,yes,yes,0.733501864870249,1,1
learned_hands_consumer,tfidf_logreg,1,1,214,dfb7f7c0e45b4a7671e7808a09335109e684ec1f7b896028808720b751c76290,yes,yes,0.681121472479926,1,1
learned_hands_consumer,tfidf_logreg,1,2,215,db97720cca0e39dc598257024bac71c263aaf9886f335cf6cd722539c19eacca,yes,yes,0.5249669643033842,1,1
learned_hands_consumer,tfidf_logreg,1,0,216,64859a67c19bf56da59ad97eab9f8da73202e6a6dd9d3bbb9372afcb47b0408d,yes,yes,0.7484424030780873,1,1
learned_hands_consumer,tfidf_logreg,1,1,217,f449fe5d57975f0caf323ecddfcc9b9dccbabe88c5ff42bd31a1d65fc7a824b5,yes,yes,0.7097637785561496,1,1
learned_hands_consumer,tfidf_logreg,1,1,218,fa078ce3c2ae45c10df8aa0a800c47eade1e7510a46eb24bbe627b87d2938a68,yes,no,0.6179336468097488,0,2
learned_hands_consumer,tfidf_logreg,1,4,219,f2fae4fb37730a28c6c680ab68c6e0cbcb083e46d89296b52700b2b28ed2e203,yes,yes,0.5303119238482048,1,1
learned_hands_consumer,tfidf_logreg,1,2,220,ca57b26977335b108fd0d46872d220af17b298c5169ea6a338028e3fa941a5c0,yes,no,0.503784635754168,0,2
learned_hands_consumer,tfidf_logreg,1,0,221,9f6359257abe0943f69a9a6786fccff089c30ae5f302d29d57c21ec0cc0fb8bb,yes,yes,0.5669251490634264,0,2
learned_hands_consumer,tfidf_logreg,1,2,222,da0db19cfa506b30e60a6cf05fa27f60113ec86ac8308c44eddc1cdeb6e6b707,yes,yes,0.5219335689676163,1,1
learned_hands_consumer,tfidf_logreg,1,4,223,013033315bef6946bef54c7e1e5131afe73897a10507585acff502cb07b082d1,yes,yes,0.5077916141079998,0,2
learned_hands_consumer,tfidf_logreg,1,3,224,01ca67ea223ea6f3f78966619c3d177754184bea73cb662ffc54be7eded55946,yes,yes,0.6054134721811733,0,2
learned_hands_consumer,tfidf_logreg,1,0,225,0972b858c77e9cd796c6bda370f1d6b2ea20798091434c33f49f1827e4a678cf,yes,yes,0.5898767268214665,0,2
learned_hands_consumer,tfidf_logreg,1,2,226,478e48024c876788e7ac0b2943d399c14bb997ab82a37ee11247a5b223d23f4f,yes,yes,0.5177135415837862,1,1
learned_hands_consumer,tfidf_logreg,1,0,227,dd602e9be0c77e5a1bf15d2c5db5302c6b6d2b8362f95c146de1f5d3ea45031b,yes,yes,0.5888954777380762,0,2
learned_hands_consumer,tfidf_logreg,1,2,228,e86c4500724cd80b78a41c3de49d5f623baba6615be341878c3f40d1a666fa36,yes,yes,0.5127373532769051,0,2
learned_hands_consumer,tfidf_logreg,1,1,229,44f8bde89aa71070a44a090fe6553fe64a785e0148291429f98b65d8cc35537e,yes,yes,0.8036269149482494,1,1
learned_hands_consumer,tfidf_logreg,1,1,230,f92a5c6258f5da9bffe36fc1a4498f1086f4d296b5c28109401777d767f46946,yes,yes,0.7672170092984776,1,1
learned_hands_consumer,tfidf_logreg,1,0,231,b8099af0f4a08d3625fefbbdf920208ab786e82be6d9e5ecd373c981c3bd90c4,yes,yes,0.7494315368458172,1,1
learned_hands_consumer,tfidf_logreg,1,1,232,dd6b7ca454c08a409f4171cb97167a8c91e862451ec1b92eaa7d9393934cf91c,yes,yes,0.6655142822318658,0,2
learned_hands_consumer,tfidf_logreg,1,0,233,fdb76c188296362ef951b02157cc4150c8d3a0750fe72942787d491e6ddc18e2,yes,yes,0.5846479921085636,0,2
learned_hands_consumer,tfidf_logreg,1,2,234,b78102f7318502d1b26dbcb12920cd58ed53891ef8b61bff2b15f5b432da91f0,yes,yes,0.5306923967172724,1,1
learned_hands_consumer,tfidf_logreg,1,2,235,5a37498c5c481cdd1e4bd5190333a14a0190aa3aede5364087479e33c293e1a9,yes,yes,0.5220763581262401,1,1
learned_hands_consumer,tfidf_logreg,1,1,236,eae4558b0617e7ebc54a6ebc59d2dde3f9df33d4ce6cb6404452671b374ff797,yes,yes,0.7541092390831172,1,1
learned_hands_consumer,tfidf_logreg,1,2,237,b25bbe0ef882d9b6ee6ca640d619e47af1ba4b4303c92a73e17071d2b63f6203,yes,no,0.52667849493013,1,1
learned_hands_consumer,tfidf_logreg,1,1,238,3415dc4afd4d574b0da83ec6d205e580b78b683ce427d70cb6192aa1345ada00,yes,yes,0.5078936567064656,0,2
learned_hands_consumer,tfidf_logreg,1,4,239,e4190a6930b3800fcc812916fc24cd7666ec7ccade668b74793a25cf043ee8dc,yes,yes,0.5203795077222179,1,1
learned_hands_consumer,tfidf_logreg,1,4,240,2a1e5635eb53609c5660dd54ea549b8c7ca1d8ef3709e5692cce67005fde384f,yes,no,0.5386289247372099,1,1
learned_hands_consumer,tfidf_logreg,1,3,241,1587f650838e742b5adbc001e25e86b815c1c282f7e24b9a7f46e2c9c7e7663d,yes,yes,0.7894159934174818,1,1
learned_hands_consumer,tfidf_logreg,1,4,242,3aeb06e0988c30e7dd4b9857f1305ee50a9955e156a1e1a8bfb635878c936da6,yes,yes,0.5137071425857748,1,1
learned_hands_consumer,tfidf_logreg,1,3,243,0ba639fb1b8f0dcb2fe9cffb9b96ec4f2cc182c78d9a521ea1b367d5c28385d0,yes,yes,0.7326303409539,1,1
learned_hands_consumer,tfidf_logreg,1,4,244,ebd5c1534b316d246d849144a17469ee09729233fad0f39a8a330fdfa15b9628,yes,yes,0.5061462863905236,0,2
learned_hands_consumer,tfidf_logreg,1,1,245,401a36474fa40d2d999cd260f57ca66ab83fcb63de68f578a6d6ad7d4ec4bd2e,yes,yes,0.6110906224270677,0,2
learned_hands_consumer,tfidf_logreg,1,4,246,4176b37a2179c60a956b8746678c2a674aabbd9e086407904b2475af255d13bd,yes,yes,0.5353462771433244,1,1
learned_hands_consumer,tfidf_logreg,1,3,247,95933a28191a6e558a2911f9c54efc9e53d3ba70d036eac4f4fcf1044bbc9d88,yes,yes,0.6791056054976493,1,1
learned_hands_consumer,tfidf_logreg,1,0,248,0f4ecd29ccebf4ac6e235b28298c170a1c4939a57f8d2bae941d4292bb91c9e2,yes,yes,0.5905824445161878,0,2
learned_hands_consumer,tfidf_logreg,1,2,249,061be30da02e5927c05d4f6dcb0ebcaa8bda9da95f663afc3448b40f550c8dcc,yes,yes,0.5186625977004123,1,1
learned_hands_consumer,tfidf_logreg,1,2,250,6c7deef4168bfdd3eb4f65e34ff1a5b08e7d07a494276e6dbc72cf08dd1d9ea3,yes,yes,0.5439561561512046,1,1
learned_hands_consumer,tfidf_logreg,1,0,251,3fecd30afaf717ef4d633f041d6b64abc35956652a123bf652a024e051aecbd2,yes,yes,0.5335084736958703,0,2
learned_hands_consumer,tfidf_logreg,1,0,252,618080a1456e3ee68a8c336bd1951f8be686d4b280ba12acc2afbc0afe6f5e6e,yes,yes,0.7004540800451295,1,1
learned_hands_consumer,tfidf_logreg,1,0,253,7d9553904434b833510ba4f74348cff64322921c601077d281c33b3d61d048ca,yes,no,0.5805924997234081,0,2
learned_hands_consumer,tfidf_logreg,1,4,254,851524b83e3b815d2b8ad94407c2a48429aa45e82bd9c1b64ffd780d6c3a0de3,yes,yes,0.5067005486357327,0,2
learned_hands_consumer,tfidf_logreg,1,4,255,cb21cc98accfbbfc1ab6fb040d28dc4a525dd125dcded30bbb6688922bc0bcf0,yes,yes,0.5104294431827221,1,1
learned_hands_consumer,tfidf_logreg,1,2,256,77a1a7abf05f1aa064c4d1f51619137f7eb2bd94b8ddc362bc14f64be0bd2a01,yes,no,0.5010127315798936,0,2
learned_hands_consumer,tfidf_logreg,1,2,257,3d22a52452442ace2422e3134c77857c8d5686fd9080d9f42bc9438a845f4c89,yes,yes,0.510371192740097,0,2
learned_hands_consumer,tfidf_logreg,1,2,258,aaa2f84803feb0579309aaee905dbe769a0e41a5a6daf89677d4a8534aa9819f,yes,yes,0.5168078459753888,1,1
learned_hands_consumer,tfidf_logreg,1,2,259,cbf21ed32acc01ddeaa5380d184a96c3ca5b84614bc1f3a1a9583fa9b891c05d,yes,yes,0.5160879895118167,1,1
learned_hands_consumer,tfidf_logreg,1,4,260,370cc782f60a07b178ac3c0ec5c92e1d6072d6798ba29e27eb089d3af9d06cb5,yes,yes,0.5100894632876887,1,1
learned_hands_consumer,tfidf_logreg,1,3,261,e2fa618a66bdb423b63a86d231a23868e8833853ed334799049daeac30367a88,yes,yes,0.6325386874757328,0,2
learned_hands_consumer,tfidf_logreg,1,2,262,6c81e7b6dabbb3574a09c499dc7a67ca24d31c6e646bab4ced51cd8c78f55ea7,yes,yes,0.5330278889509693,1,1
learned_hands_consumer,tfidf_logreg,1,1,263,1f341a6355c5c3b945e1a2b14b3434e8b3904eb4eca3e24c87941d86e705e57e,yes,no,0.5236434754440042,0,2
learned_hands_consumer,tfidf_logreg,1,4,264,6adfe2187f8557b8f6378f034717bdcd2f522a0df00806a04c1dfe98b3e997bd,yes,yes,0.5231035655349408,1,1
learned_hands_consumer,tfidf_logreg,1,3,265,8bad5933bcb5967cc9bc4abe066d28b765494f7a0dffd407c47d6d8067553308,yes,yes,0.679625760327177,1,1
learned_hands_consumer,tfidf_logreg,1,3,266,c55600e95d9b4eb897af3302c41acc84e2d54157f428bf1f8caec3b61e668da5,yes,yes,0.7788231439404407,1,1
learned_hands_consumer,tfidf_logreg,1,0,267,13c0dc364911dc9186a0c024e55f88be572c4deb5878fbd82d310ecaf5f45d13,yes,yes,0.7628528855838695,1,1
learned_hands_consumer,tfidf_logreg,1,0,268,3321004b9ab1144d0dfdcb61b18d746e047e1eca73ce7e0acb9fbd0e7c724816,yes,yes,0.6228452433808914,0,2
learned_hands_consumer,tfidf_logreg,1,4,269,19d396f6ee8676b8e14abd050a0d810589baf0188e806f72eac507d7a2c545a3,yes,no,0.502195002155028,0,2
learned_hands_consumer,tfidf_logreg,1,2,270,7eb4eb67f8d71b2387d20ed2f7c7421eab13eb8910aca82d69fdf9a9273ecb96,yes,no,0.5049741703549424,0,2
learned_hands_consumer,tfidf_logreg,1,2,271,21f6bcc2b642898b25da24d91a08efc8029b34d97d979ac84183c75b0c07b9c0,yes,yes,0.5024299317370838,0,2
learned_hands_consumer,tfidf_logreg,1,3,272,63a06c8bcc7dbff84f881459fdf825076cb5b36209132b00c9c84eeeba7b6eb8,yes,yes,0.7616193741795008,1,1
learned_hands_consumer,tfidf_logreg,1,0,273,94b8923b3eddcc3f61a255a8e42041ab7f8e96bdae7e23fa5dba20dd65b82fa6,yes,yes,0.5706137921998291,0,2
learned_hands_consumer,tfidf_logreg,1,4,274,c2ccc5ca47171285fb0298be4298f50882121913b48b7ac1e796a30c532811ba,yes,yes,0.5255887024543812,1,1
learned_hands_consumer,tfidf_logreg,1,2,275,1f6071d3d10ecfa1b75476a7071af685e3ba15fcf7b2a774e39b20191e1fe074,yes,yes,0.5279345521469411,1,1
learned_hands_consumer,tfidf_logreg,1,4,276,11cabef5b7d7edbcc7de996da7ddc824772faa6248373f429b29567c5017f865,yes,yes,0.5104393832914074,1,1
learned_hands_consumer,tfidf_logreg,1,4,277,9136c7f7286a3ee6b4af4f2c4bd396e5528e9e59d4a11138840961213324a902,yes,yes,0.5251292232037208,1,1
learned_hands_consumer,tfidf_logreg,1,3,278,45b8aa00e5100aa8e27c34109569ad374e89747c8859165962bd4b50a718dec3,yes,yes,0.7018717605389927,1,1
learned_hands_consumer,tfidf_logreg,1,4,279,93a67fe947a834ff1518acdef3d3503a43de70821df3f53bacca03fe73994e4e,yes,yes,0.5023415483674083,0,2
learned_hands_consumer,tfidf_logreg,1,2,280,f9aa283cb36bd865eb6d0e00dec619c048e1b8f0e8830f12b5d02008a0b97ace,yes,yes,0.5058248580970516,0,2
learned_hands_consumer,tfidf_logreg,1,2,281,55de4e8dcda9a6328913ef54a1ed9351f1f426737486cdf8f668ad83b8388f73,yes,no,0.5014768220169468,0,2
learned_hands_consumer,tfidf_logreg,1,0,282,6bcb70ea6c53d9d2735995ffa331f18d0e9d9cc24ba93acb53376ae8483ed8a1,yes,yes,0.5138588904450815,0,2
learned_hands_consumer,tfidf_logreg,1,3,283,78da2dea499e7edb487d60fd31327140d7546b18febaf57879bbba65e8c1b04e,yes,no,0.6409886392832911,0,2
learned_hands_consumer,tfidf_logreg,1,1,284,42fb96e3e3db8353adc2b84b435807f73584555187d03911234609ed6e85bfe6,yes,yes,0.8474743149278664,1,1
learned_hands_consumer,tfidf_logreg,1,4,285,ecfc65fba09f92e19dc001350da2ef8adc932c234c862d0db0f1879f2e7c8794,yes,yes,0.5056612619125923,0,2
learned_hands_consumer,tfidf_logreg,1,1,286,c191adb1d624b20f83068f7b5908de47c6c5209a753e4de83b528e1156b3c2b0,yes,yes,0.8085470433869294,1,1
learned_hands_consumer,tfidf_logreg,1,2,287,644bc0e92cf759be58ca6610fa275080515a65a91b581445be9cabf7ffea0e15,yes,yes,0.5189983567852576,1,1
learned_hands_consumer,tfidf_logreg,1,3,288,a79143144aa9b5670c2ef1346d67999dca1710bf76a38aefe7d8c7b71ae44b79,yes,yes,0.8039635676195582,1,1
learned_hands_consumer,tfidf_logreg,1,1,289,29d068c39f2e257adbe8beebd86189c3ef328bbf2028cdf5c6d3ede0e5ddc09b,yes,yes,0.8084748102211902,1,1
learned_hands_consumer,tfidf_logreg,1,3,290,fe9822a59aebf2d41016c82deb1d427382b2666a1fe39079f87be07fb936b617,yes,yes,0.6976311081724987,1,1
learned_hands_consumer,tfidf_logreg,1,1,291,56bb42f2ccd6615785428ca0492a89e2c4c3ab2f9fa44ee197d3da8fab2c5842,yes,yes,0.6256007696441779,0,2
learned_hands_consumer,tfidf_logreg,1,1,292,5299348ae3f81c25293e952182bb6bea15382e9da7443711aa78acdaf4b6bcb8,yes,yes,0.8256639134386513,1,1
learned_hands_consumer,tfidf_logreg,1,0,293,73a78266e6561f4e4c9baa89057beda5a92213b2ef917e1272c2ece8cd9b7704,yes,no,0.5328911472916327,0,2
learned_hands_consumer,tfidf_logreg,1,1,294,79cc9d9097ff95d4d5569540eb3711865f517ab1a2a0fc876da5c48598ee3cb4,yes,yes,0.8006615789806518,1,1
learned_hands_consumer,tfidf_logreg,1,3,295,3b85fae280cd98abcc7e78ae4627a4c94eee68cb0bdc5b31dc3b1cf2e53949ae,yes,yes,0.5752378976700856,0,2
learned_hands_consumer,tfidf_logreg,1,3,296,32072d7df35d23c7cf165a1afeb9be63ebbdcf2c94cee75f9b5a90b78e19dd28,yes,no,0.5527408595338479,0,2
learned_hands_consumer,tfidf_logreg,1,1,297,16bed4a62e2738950d2587d30c25ed9c5d17ea5f0cc5e91f1148a4cb64162453,yes,yes,0.7981312848897624,1,1
learned_hands_consumer,tfidf_logreg,1,2,298,3473fc0f42c76ad19ef3ec2771d01d619478fb7fab7ea70d94e7fe0f1bd61128,yes,yes,0.5294366340128333,1,1
learned_hands_consumer,tfidf_logreg,1,3,299,251efc17ee26f8f9c544871f61f6fd54cf585d0f3210406eb3c48c825a10d526,yes,yes,0.8454534624922292,1,1
learned_hands_consumer,tfidf_logreg,1,2,300,4b657305ddc7f357ec185bc9abec0fa67e2d4d4fb0afb00f8e83e73a4c712e8e,yes,yes,0.5007642663204409,0,2
learned_hands_consumer,tfidf_logreg,1,3,301,f85e7456c7160ff553b31db76a443f79214f6b2cd4542c3bb171595928ab6558,yes,yes,0.8464654229495884,1,1
learned_hands_consumer,tfidf_logreg,1,2,302,243386ffe9922a67ec10fee19cff0781c4d76b6a78a32ec20ae1b9ece92bf995,yes,yes,0.5336221705093824,1,1
learned_hands_consumer,tfidf_logreg,1,2,303,85d4e89725d489b9e3820f724acfc754d59767d51140be8d70af3bb2eb4198c3,yes,yes,0.5276514263362804,1,1
learned_hands_consumer,tfidf_logreg,1,0,304,f859129d9d2aa75e88d6602d1563b367b5d45a031c53939b17889bef5d0f147e,yes,yes,0.6683075208479498,1,1
learned_hands_consumer,tfidf_logreg,1,0,305,483ac3b333ee68b7196086031e6a08e2fdb91c52f28a3a861f23a2c8ec75478c,yes,yes,0.5954366098251137,0,2
learned_hands_consumer,tfidf_logreg,1,2,306,6eef9bbaaa01f32394020b689930f9d2ae66836d280dfef0cac99935536b4a22,yes,yes,0.5257245033300274,1,1
learned_hands_consumer,tfidf_logreg,1,0,307,2bbdbbb31e0f69cbd29d755d0e4fb9a5a932b3b1effe5a664bc674ef725addc2,no,no,0.8344684637543112,1,1
learned_hands_consumer,tfidf_logreg,1,2,308,5779a2e66767851f78c4baf2c51d3e6be6d917949d5341b98c489bbf0f67f6f3,no,yes,0.5048530531904722,0,2
learned_hands_consumer,tfidf_logreg,1,4,309,24481de31a2b3036d71dc474adac585b922e4bdfb8287ce43a3ff34846620b73,no,no,0.5341508406991947,1,1
learned_hands_consumer,tfidf_logreg,1,3,310,13b626d60d254c4999ca862d60b0f13ec9378504e9fa2fa1c002db747518bc7b,no,no,0.8128859579788912,1,1
learned_hands_consumer,tfidf_logreg,1,4,311,97939ad30f5a35f45ccb7fcb190a65552ca404ca227456e1ecb4f5a57c3bed17,no,no,0.5139573019155611,1,1
learned_hands_consumer,tfidf_logreg,1,3,312,8616d00b5609b9a12db9741cc2c276068fbfffd9d02b80e12bf3dc55ef37b07c,no,no,0.7263279250394408,1,1
learned_hands_consumer,tfidf_logreg,1,1,313,65e5a2fd7a388ba873ac967c48adb5664e74f76db3d95f15af7230c45aa27115,no,yes,0.6041733527822131,0,2
learned_hands_consumer,tfidf_logreg,1,1,314,0b5ab1b563bc3ef18c295476f388386fadc1cf299ab20f258f1dffee0f8157b4,no,no,0.8336237413793414,1,1
learned_hands_consumer,tfidf_logreg,1,2,315,c70617e5ad6a4b2e699841464467e2a1387594382a39a10f5f3aa0ba238dc8c6,no,no,0.5187965721636096,1,1
learned_hands_consumer,tfidf_logreg,1,0,316,bc9f773c51514a7ad309a672115c1b9f79304095ccabcd53343b945d6ce19ec8,no,no,0.6141807490584253,0,2
learned_hands_consumer,tfidf_logreg,1,1,317,0af96d52fa6c71f1943351f5d1a07e10d961983e0c4a66784a937ad8bbaf2f0e,no,yes,0.5947955502851003,0,2
learned_hands_consumer,tfidf_logreg,1,4,318,f4a7c81fbb4fe3b5a0cdb370b458074ab8fa6f11fe41ced9df994fd2f420f362,no,no,0.5056654663998221,0,2
learned_hands_consumer,tfidf_logreg,1,4,319,71d38fe12b75052be0651bda2d4f4efe697b07d365bf41cb14841da2688b94f5,no,yes,0.5162577487525336,1,1
learned_hands_consumer,tfidf_logreg,1,0,320,60a86bc631bcf63cb1c4ced84c0f60928e57bb2abcf79c23baa53fea95cc1aa3,no,no,0.7723820540663917,1,1
learned_hands_consumer,tfidf_logreg,1,2,321,e06e690d6aad76f736293110bf1b57c294435c42a47933cd1acab74063fa7102,no,no,0.5107921405162555,0,2
learned_hands_consumer,tfidf_logreg,1,1,322,a90e11f52d0e31db828e5d845e5fc33cb9bbc6922bce8244891dbc15b22a7483,no,no,0.5232277871581592,0,2
learned_hands_consumer,tfidf_logreg,1,1,323,7f6a2fb0578a33bc0482677bbc588e70a785c7bea415b62486a564b37d2364a5,no,no,0.7295093100392895,1,1
learned_hands_consumer,tfidf_logreg,1,2,324,91f9aed41e41a457675d9814a53f7e293fdcc37d5ecd967c9a49b0e1b38c3587,no,no,0.5045471552801617,0,2
learned_hands_consumer,tfidf_logreg,1,4,325,ca37e43e8db1c44dbbb19c01ee3aa67ed7d3e032717d029d12d8ecc1e8da9e24,no,no,0.5161356039227141,1,1
learned_hands_consumer,tfidf_logreg,1,1,326,2fb4fb6b593cdd7c3e2fd5c6e362a22a579395bb61b602c450cca3538b8e24ef,no,yes,0.5582564084312311,0,2
learned_hands_consumer,tfidf_logreg,1,1,327,c74e1031658129cec56f52de73b243a87d110480b7489b898798c788c64954c1,no,yes,0.5963722958999615,0,2
learned_hands_consumer,tfidf_logreg,1,2,328,12a1ea95bdc51debd507323d28586d8cd6725f1b2fb39a9a12ccea37dd723d96,no,yes,0.5145325530969549,1,1
learned_hands_consumer,tfidf_logreg,1,2,329,985ec3dfb0c350854d7b1baac2c3332760dc5c321f1cafa4bfd44c6712e2ced1,no,yes,0.5015538290138007,0,2
learned_hands_consumer,tfidf_logreg,1,1,330,335fb0b1b9fad31fa5c37ca3233826815b93d197d51ad6e25f3adb819181b8d5,no,no,0.8262011345337553,1,1
learned_hands_consumer,tfidf_logreg,1,4,331,c1a730a7b254e70e6ac0d37573a2caa83d4df82d7e52868bedaff06ebe6b6878,no,yes,0.5192114719613183,1,1
learned_hands_consumer,tfidf_logreg,1,0,332,2c4155ce67ad13aaa45fffc3554b95daf5261dd7f91fb8fd64dec003bfb9e74f,no,no,0.6247018952295436,0,2
learned_hands_consumer,tfidf_logreg,1,4,333,6ceaa70ea927c42a727227f3a30b6f624dcea1bc117cb238827bb15af9517c39,no,no,0.5290700094166175,1,1
learned_hands_consumer,tfidf_logreg,1,2,334,7d6f93cb8182ac12b92485985653cd0fd562085122909d87b4336f6ee3e4666d,no,no,0.5171464426385282,1,1
learned_hands_consumer,tfidf_logreg,1,0,335,cf8776ba226b044303c6bd7ec8aa16cfacbe82cbb01b00fe365ab899a5adc5f8,no,yes,0.6663698562650433,1,1
learned_hands_consumer,tfidf_logreg,1,2,336,63d2423f809c612df5098e911ca5ba908d510a563c38c6d97d504e390d18c390,no,no,0.5135219030796101,0,2
learned_hands_consumer,tfidf_logreg,1,3,337,52f14dd7aea76b56f013c46377c11006c81b564a73a8fa44e2a4843c3f9ff85e,no,no,0.5387816342807141,0,2
learned_hands_consumer,tfidf_logreg,1,4,338,cd0992eca3b3ebd4ffcc36e8430e138824f9b105e6764dedf74a8ce2d5549fe4,no,yes,0.5050997278667566,0,2
learned_hands_consumer,tfidf_logreg,1,3,339,5a8803fcccb50853b2c3856ee82785bd156f862dd26d34c99efdea4519a7e214,no,yes,0.5064296801065881,0,2
learned_hands_consumer,tfidf_logreg,1,2,340,617fea7762c73987c8e9da050c8cae25a1aefb6ea95ff5d081b8e51f028dbf2e,no,no,0.530025395713438,1,1
learned_hands_consumer,tfidf_logreg,1,4,341,d4093169f98d05e7565a5542038529f1fab35b60cfe43127811daa861d935feb,no,no,0.5077369448525643,0,2
learned_hands_consumer,tfidf_logreg,1,3,342,e8a22694731ba2e5a7312f7d4a02b03f7e4bc081c76f7068d665ec82ab92f3c7,no,yes,0.7432403984891527,1,1
learned_hands_consumer,tfidf_logreg,1,3,343,7a0a05fc729a8f64cbb6ca9c295a3805e152b645fbd81571861db6a5918d5618,no,no,0.7200966103904483,1,1
learned_hands_consumer,tfidf_logreg,1,0,344,1de94b175a0dc3b16576ef02ea9b734786aa3bc35b5be8fbeb644479593c01bd,no,no,0.7568486468872782,1,1
learned_hands_consumer,tfidf_logreg,1,0,345,7eba9bd21b877177f0ea63bb88313953a4c47a8eea950c93500fbc398e54e665,no,no,0.6892955795003035,1,1
learned_hands_consumer,tfidf_logreg,1,4,346,aa01251703c5de088b207ee1e21487e51f88caf08d8d578aef87fead3ecefced,no,no,0.5002771829063797,0,2
learned_hands_consumer,tfidf_logreg,1,2,347,e9f5e96f340dd75e497ed93a4a1e722cfce986d2cec52aaa027ca7778586ad19,no,no,0.5077102619528471,0,2
learned_hands_consumer,tfidf_logreg,1,3,348,4b9f93fed8e41a2a2c5f0994cdca3aca0eda1b96dbd2f74d5afcd2a43889c2e8,no,no,0.7199945025625776,1,1
learned_hands_consumer,tfidf_logreg,1,0,349,f05855943024f908afbb53b1527e164e7e5e5ad16ec0192747e08513f2bf77c0,no,no,0.6642420975894006,1,1
learned_hands_consumer,tfidf_logreg,1,1,350,1c49793aa9d1312bd32ea93d0d8c4aefe10836b786d8cadf7c97738717ce9d31,no,no,0.7529878753528243,1,1
learned_hands_consumer,tfidf_logreg,1,0,351,580b5ac0770fb1b9a6472f9a88911a26a88cc2d70c1aa230e26ba6905581d32b,no,no,0.7769021393198907,1,1
learned_hands_consumer,tfidf_logreg,1,3,352,d1a95b753ee546201b5cf71e8a8910ffb93f06b981363dd24190b9627693f2cb,no,no,0.7542527006931551,1,1
learned_hands_consumer,tfidf_logreg,1,3,353,f123cdff3722febd99751bb5a64770c85fc6707f63c07bae56510ead6672a690,no,yes,0.5665498216380034,0,2
learned_hands_consumer,tfidf_logreg,1,4,354,013a1816aae065dc4d8f6a910347c85c867197f1497645a47e5cb14cab38f57e,no,no,0.52257776913361,1,1
learned_hands_consumer,tfidf_logreg,1,2,355,d27505c28fcef3d7434ea6bd8d7130e051f02503586c1526d71160be1310e40f,no,no,0.5135770442476942,0,2
learned_hands_consumer,tfidf_logreg,1,3,356,1130e23cb8e7f0a6fc9e659f4c94b732fa1953b7a98b3a9fcafb074532c54af8,no,no,0.5596980694656779,0,2
learned_hands_consumer,tfidf_logreg,1,0,357,9a69a9f0e0418372ec3def21b9ce927af42a49df1d185967290ada823319ad8e,no,no,0.6602768897166987,1,1
learned_hands_consumer,tfidf_logreg,1,1,358,d0b3728beaff318ee83ad916c45c5c6802c6634bab63d6de065eff3af6bb2839,no,no,0.7551198672819838,1,1
learned_hands_consumer,tfidf_logreg,1,3,359,492cdbdcc254342378744c1f8b9dadd066628ace9a1a65a515633708701c9342,no,no,0.5831163946446092,0,2
learned_hands_consumer,tfidf_logreg,1,2,360,7c272499aa6af5b9c7b2de749a65adfa813cdc4061012c6f9a62fda253e08104,no,no,0.5193277540194099,1,1
learned_hands_consumer,tfidf_logreg,1,2,361,e09a2160df994ff65eac81266e80dbb544860bb0bf9a7322caeeaddef40d8ffe,no,no,0.5176748523698935,1,1
learned_hands_consumer,tfidf_logreg,1,1,362,7c408b03bdd1535120a56621fe2fc9d7c4ef4b22699b623e4970ee45767ebba9,no,no,0.7681526159344159,1,1
learned_hands_consumer,tfidf_logreg,1,0,363,c41ad8c362d3233072dfc9f51c09010958870b25d095046a29cc7e47cafd392d,no,no,0.7202558966110056,1,1
learned_hands_consumer,tfidf_logreg,1,3,364,67f538667db398f86344c56348d00c791c1ec9ac0aff37d556bb99dd32897983,no,no,0.6103289000182632,0,2
learned_hands_consumer,tfidf_logreg,1,4,365,ddf035db365fff2212de2488a54adb763abc3e92a2dad325570e9d3251388841,no,no,0.5100289081521978,1,1
learned_hands_consumer,tfidf_logreg,1,3,366,aee3ace2d8ef27f3660fab84d93dad6ad86bf221676864042357c5e92059a85e,no,no,0.8170201836762645,1,1
learned_hands_consumer,tfidf_logreg,1,2,367,9913f5e62a1afcba67bee35c05d650381598f5b2c1380d1bb2a0f2ae1cc63e6f,no,no,0.5406894798714144,1,1
learned_hands_consumer,tfidf_logreg,1,3,368,00c018554b47c9496be37e1420e4483569efc3e3631c681205edc2ebb9c5b095,no,no,0.5529547414439437,0,2
learned_hands_consumer,tfidf_logreg,1,2,369,2c68763833a784dd4f1a5569f0af102d4fcf6b344f917b9d6e68c91bf223385f,no,no,0.5351925831968596,1,1
learned_hands_consumer,tfidf_logreg,1,2,370,c585104773d1883d86927f2b034566efd206fde08fe7e1d63efcf06f6ecd9275,no,no,0.5039815803653442,0,2
learned_hands_consumer,tfidf_logreg,1,1,371,7387a5e5fad938d7e99b2c7c1f6e1158d97aec42e8d1218a21f1bfbd2e5ccac3,no,no,0.6492547266568351,0,2
learned_hands_consumer,tfidf_logreg,1,3,372,8a778c2a7882c353ea19f4b4177b18f73596a4d0bdf7c066488b237259d5c92e,no,no,0.5615614783869647,0,2
learned_hands_consumer,tfidf_logreg,1,0,373,66c80303be317d1ece0aedd4cef8d908db80607ebada9bb9e122cc5c60b05acd,no,no,0.6351240757961785,0,2
learned_hands_consumer,tfidf_logreg,1,4,374,844bffeb2e27126213a382107f2bfbd2eeb29a0aa34b39db7c237d94aa21dc6c,no,no,0.54978780295547,1,1
learned_hands_consumer,tfidf_logreg,1,4,375,ecc85367e5cf37586c263dedf5b348a050bbdf6b9249645651c148dca3f30d6a,no,no,0.5040065163105858,0,2
learned_hands_consumer,tfidf_logreg,1,0,376,2e572efe17abde9794ed1ca8e76aab48311dffe6e5f091aaf53a537351a6ec4b,no,no,0.5299878674884657,0,2
learned_hands_consumer,tfidf_logreg,1,1,377,8339831d993a8f59979c34ab2a332854935bb45ade809ebc382fde5b95859c6d,no,no,0.5600619115659446,0,2
learned_hands_consumer,tfidf_logreg,1,4,378,42142d842605f05b949df18cb8a99bb35cb5a3e606e1f59cff43626743752be7,no,yes,0.5013418416402097,0,2
learned_hands_consumer,tfidf_logreg,1,0,379,84f150b50421abc72aea1ff2b9e810ed64fba7c4f9d5ac41a9be6e901d2ee310,no,no,0.7815630745528762,1,1
learned_hands_consumer,tfidf_logreg,1,1,380,e87ddebafaf120552bd4e34cf6953ec369024fb7fc6e707e8c74058e178b1363,no,yes,0.6269943799366539,0,2
learned_hands_consumer,tfidf_logreg,1,0,381,1338d4a9807f0d53047962b57d76cf583420487b44853e8aaab6f0d6d454688b,no,yes,0.6663789454851223,1,1
learned_hands_consumer,tfidf_logreg,1,1,382,ec007d3323dd2053bf052016919bc0af90796fa0ca1b0409c6082066ee97a50b,no,no,0.5922909508366194,0,2
learned_hands_consumer,tfidf_logreg,1,0,383,d2cd0e5ee933d888b506be5632aed8062b91258070bea77b00cbf7a570a68547,no,no,0.7953516629385715,1,1
learned_hands_consumer,tfidf_logreg,1,1,384,b6426951bbccc28e0d00959ce601a50cfdbc42f0b030169fc40a2d195b99f4ce,no,no,0.5111868274749227,0,2
learned_hands_consumer,tfidf_logreg,1,4,385,a7f2631f19f997f8dde0f842d8a44c6be3a43a0e33208d7f010eeb998aedd90a,no,no,0.5155007405245569,1,1
learned_hands_consumer,tfidf_logreg,1,0,386,ee780d03a703ecf7ba9c48251e78cd4e9b7af05645ad48fff61fa919cf492135,no,no,0.5742278944619926,0,2
learned_hands_consumer,tfidf_logreg,1,0,387,2a45a35e29096acb668fa0ef232d5755b039d19bbf414f441fa03b6c6964e833,no,no,0.733928705908895,1,1
learned_hands_consumer,tfidf_logreg,1,2,388,db01549ee1c2f8c8cddf1988e9091c11b9c05afae796574b4aa7e58eeebe1ec7,no,no,0.538813989244749,1,1
learned_hands_consumer,tfidf_logreg,1,4,389,63faab04056ecaa75521d5f981daa271b06f41399397a77f5b18772f7982501b,no,no,0.5256079694121969,1,1
learned_hands_consumer,tfidf_logreg,1,3,390,ae83caf06a839c78cbe1c040b85f5774b377a68c7cd5ca4e2df1e6b808f5c1b1,no,no,0.6619858231649254,1,1
learned_hands_consumer,tfidf_logreg,1,0,391,9a3dd5e4246141a2e5cb3351f2f44bd41b29e28912043c8883ba1ee127ba989b,no,yes,0.6925281551265606,1,1
learned_hands_consumer,tfidf_logreg,1,0,392,df2ca5f08012ee422366badb625b7e85f8f8d13eeebbc8ec9a4e52cb9755e245,no,no,0.6106291149481263,0,2
learned_hands_consumer,tfidf_logreg,1,2,393,77b2b7af3d2e7d92346d21688da079b282d2e31d80505b4c19a05b664ed10fb6,no,no,0.5256037546173966,1,1
learned_hands_consumer,tfidf_logreg,1,0,394,ce03177700db149631f5a0748437e3e8ce566671b3939640d10d100e63e3fd16,no,no,0.5264671157977516,0,2
learned_hands_consumer,tfidf_logreg,1,2,395,a47f0ccc3396c563d1d54cfa509c381c6e8ffadc05e947351c2c88540f5992b2,no,no,0.5035792421621996,0,2
learned_hands_consumer,tfidf_logreg,1,2,396,d28d9b72ec96132abafad4420752c4f56363e197e4763aacee93a17b42e571ae,no,yes,0.5035104587427502,0,2
learned_hands_consumer,tfidf_logreg,1,1,397,c6571efea3285b8369d41b3dd25ef48c253a0e321fcaeefa5d4e89023afe6cd5,no,no,0.613085532144003,0,2
learned_hands_consumer,tfidf_logreg,1,0,398,3f37d027870da81cb661495002a1a7fc86a664b28df5b372c3384fa16ab115db,no,no,0.6709022213872048,1,1
learned_hands_consumer,tfidf_logreg,1,4,399,1195fd2a250615c2ef282030a1bd1f0805e2944f0343faea81ddf121d0ccc994,no,no,0.5224445534987041,1,1
learned_hands_consumer,tfidf_logreg,1,1,400,52755383856e91c2af9d9af2cb1b6b5e2474b17de3d5bc750e466a0cac60f774,no,no,0.7327329378854461,1,1
learned_hands_consumer,tfidf_logreg,1,3,401,79a5f35751c76695e1441ec78b28a225fca1c41ea9c82882b2fc5535aa52607f,no,no,0.5485760138925606,0,2
learned_hands_consumer,tfidf_logreg,1,2,402,e8b28f4ace8f9d83a962e68403786fac2eb9f58c6f2f6f2fb4f640879cb943c8,no,no,0.5232083743171233,1,1
learned_hands_consumer,tfidf_logreg,1,2,403,49b50604e1e593b1474257b9770d20e0a60ddcf54a8b6890e153124f746b8275,no,no,0.5188946561831587,1,1
learned_hands_consumer,tfidf_logreg,1,0,404,9d7dcd2eae72e13950ca10701a907c961252af1dd61008203f0937eed002f2d9,no,no,0.7579005179584062,1,1
learned_hands_consumer,tfidf_logreg,1,0,405,3f5ca9261b2891516e2a5d24447411595d9562c1ff20862e0b1016f7ff1c32e4,no,no,0.6717855455564123,1,1
learned_hands_consumer,tfidf_logreg,1,2,406,4e20b69b4d085a8af12bd1e5f9d7e6232d82ab680cfc25e9a64195c6513cabd3,no,no,0.5006576437969302,0,2
learned_hands_consumer,tfidf_logreg,1,3,407,9000d55fade254c6ca05e4c143c5341da66479eca3cc7fcba053382ab0a06d2f,no,no,0.7768286318139586,1,1
learned_hands_consumer,tfidf_logreg,1,2,408,1d4a66a5ebbe0fede76d2d78db8f5fc9f6c99b17daeca5cfecf1d41b10cf80b1,no,no,0.503267558342594,0,2
learned_hands_consumer,tfidf_logreg,1,1,409,c6ab1cc27fcf3c46640e8614bb3cef65334f694f0dc7ebf7c14f0f95ff582cff,no,no,0.6842503865455288,1,1
learned_hands_consumer,tfidf_logreg,1,3,410,2808314a91f63cd0f210000ca0d99e536b41a5ef2a38b09b99706154ed097563,no,no,0.6083048552832651,0,2
learned_hands_consumer,tfidf_logreg,1,0,411,add411cc48fc3dd30ad7eef9eb447a04c306289987db61ee0f1a60eec669366a,no,no,0.7529729671990456,1,1
learned_hands_consumer,tfidf_logreg,1,1,412,c5e98cba61f5b7e99d394fd52e37b44f2fa2d4bd59a64a4fa6df5eb9c7d968ee,no,no,0.5494360142351918,0,2
learned_hands_consumer,tfidf_logreg,1,4,413,b065f229dea495ea981117badbe33bbb78f927032d079f6b45b57b9ff319ee3f,no,no,0.5009395264280634,0,2
learned_hands_consumer,tfidf_logreg,1,1,414,ba9af4f96d08829a0c9ec6aba9efeff3a00a2093dfdfbd72c8bd45f2bc9e6a69,no,yes,0.583469286632089,0,2
learned_hands_consumer,tfidf_logreg,1,3,415,5d18d68c26e2f66f512fe9593484b459f2bcea6aa210183c392cf7ad40ddb4f4,no,yes,0.6005250543049228,0,2
learned_hands_consumer,tfidf_logreg,1,3,416,e78402c565c5685cfe8d6f3023b3e7d2a6cacb870295e754ff3c7bd88851a1a7,no,no,0.5158616232362873,0,2
learned_hands_consumer,tfidf_logreg,1,4,417,83791c54b327f91dec027e1575b5e0d327a0464147f41406fc441098e5403ca6,no,no,0.5500028442659732,1,1
learned_hands_consumer,tfidf_logreg,1,2,418,2054be735fa66a7be473f7d8d284cc496f2873f3c0ac26935232ccd60f9de832,no,no,0.5311027144636631,1,1
learned_hands_consumer,tfidf_logreg,1,4,419,bab1e0749854088c9ef136c8cc309c034a76a764cfc21fc0ff53362e4861636d,no,no,0.5094906992275172,0,2
learned_hands_consumer,tfidf_logreg,1,3,420,27beb276d0fba5a8e870d21c77162c178327fc1ad4e1c391cbb90aa0b33604e5,no,no,0.5180621297554404,0,2
learned_hands_consumer,tfidf_logreg,1,3,421,a1f504238378627ada42e6b4a5188dc174b5f75652a150163843892064abb22d,no,no,0.5374714466448299,0,2
learned_hands_consumer,tfidf_logreg,1,4,422,a005428946110152b42b0ec6663ca35a25f83f6d59f5b03454dc6b5ded6ed03d,no,no,0.5195006842211871,1,1
learned_hands_consumer,tfidf_logreg,1,0,423,9cbbae94185f89046b6054bb9bccf79344fd2aa88fe2a30fc15f75d34aacbef3,no,no,0.5857980185411085,0,2
learned_hands_consumer,tfidf_logreg,1,1,424,3be047961cac24031e53731a39990092e5be49c19c1bf50858f360635095935d,no,yes,0.6012441336458129,0,2
learned_hands_consumer,tfidf_logreg,1,2,425,ce81291a07edef587b6b3aadc6149395b531a8bc2ccd91e5c553fafdef0a6317,no,yes,0.5135061266899239,0,2
learned_hands_consumer,tfidf_logreg,1,3,426,e39dbe75b89613b758ebfbe9bb10832f0a92b0a0f06161e751f68ee02db8bc9e,no,yes,0.6853611355117709,1,1
learned_hands_consumer,tfidf_logreg,1,4,427,77f8b279f1b0c7568831f06897e485c63de90d157e9f5bdffc950d8b5339b76b,no,no,0.5475448694021763,1,1
learned_hands_consumer,tfidf_logreg,1,3,428,196d1c980028958aa696f055758fa3b2f6507b7e90205d1bb8c1232f9ed33879,no,no,0.6065367404692827,0,2
learned_hands_consumer,tfidf_logreg,1,2,429,867ba8abbec80d2ad80edb9dbea0eda8dc5dcbafdfbe36aef9c42b95537f0f61,no,yes,0.5034210328282994,0,2
learned_hands_consumer,tfidf_logreg,1,3,430,72af3f1cbcff79519e8d830ce39f1aaf8bc7b8e3c6a420f8e0cd0db3ab43e396,no,no,0.7968151067071797,1,1
learned_hands_consumer,tfidf_logreg,1,4,431,8ccfee9549ab36622cbef033779481a4709533ba1916a502e4daa4bee8356d6f,no,yes,0.5118109855393694,1,1
learned_hands_consumer,tfidf_logreg,1,2,432,f86e733c4aa27750c91274e7c1d24ef7fdb6886dedd3cd183e02ae97b21b71a1,no,yes,0.5027539862291341,0,2
learned_hands_consumer,tfidf_logreg,1,0,433,4e5a84a0e6bc8a79290a97622c2e27f93f35d3bc1d958a174621ce41587bc723,no,no,0.6360001293108467,0,2
learned_hands_consumer,tfidf_logreg,1,2,434,60115ad7adfb7cd44dc9d3974fa6e91f75d4314b459afb6ad7cf046ec468f5d0,no,no,0.5282643537296986,1,1
learned_hands_consumer,tfidf_logreg,1,1,435,c2f8f30d2f33de3ff6d230fe420907389008f3f32d850a0d46c02bed9d4d96a6,no,no,0.7544042296863597,1,1
learned_hands_consumer,tfidf_logreg,1,4,436,c260b7498f71fe45f1424fd2b9a9839f565e405a7d4dcec0225cc32b31aa3ddf,no,yes,0.5018282673580444,0,2
learned_hands_consumer,tfidf_logreg,1,4,437,946f42d7871538b510e3f3addcd2c214d51128c8b0d1497d15b7386ba0a1356b,no,no,0.5302654087132639,1,1
learned_hands_consumer,tfidf_logreg,1,2,438,2ccf77520a102a3a7f63b623e6874716be7a1cf26d8c0f666f6e7470e9e4c438,no,no,0.5186340492896633,1,1
learned_hands_consumer,tfidf_logreg,1,2,439,a701c75cc7ffd4dd2d848114d88c55877c21ca6bc554b06f7a780af98fdede78,no,no,0.5137906781154071,0,2
learned_hands_consumer,tfidf_logreg,1,1,440,1512241f1c901913c1bcb63d7c6958e6e29007920502c9eb4c9eb5dfdc429779,no,no,0.5929328598339503,0,2
learned_hands_consumer,tfidf_logreg,1,1,441,8efb01893e2894f9a68dd4abe86e1aa3273c502cb488596dc29f5385ecaeb2c7,no,no,0.7855318653697696,1,1
learned_hands_consumer,tfidf_logreg,1,2,442,1d2a94502aece3443e17b2cb63dfe225b7a8aeebd081ddb65e6bb2f671212a17,no,no,0.5051452504207872,0,2
learned_hands_consumer,tfidf_logreg,1,0,443,0163ad6ff34e85877a0adf35a59c1a346599711f69d7bf4891317aada189c78b,no,no,0.6441643043020502,0,2
learned_hands_consumer,tfidf_logreg,1,4,444,8bd8da3916ab6140c8983ae16bcdb2e8e857d786d5b0a809729486e67a0812d0,no,no,0.5267012637192365,1,1
learned_hands_consumer,tfidf_logreg,1,0,445,04302b33dfe27e60dab505555f6ba88813973ef1386f0c8b08205ee51891f0e6,no,no,0.6200722566050865,0,2
learned_hands_consumer,tfidf_logreg,1,3,446,1afd1fc0fa21504408f161026b0213f082b591b552e5a77213bf65d60bf4612b,no,no,0.762312545151472,1,1
learned_hands_consumer,tfidf_logreg,1,4,447,d1d3852aceaedd7f13c819c848f14ecc6dc897da4bfa78ed063ef32ce2ac63d1,no,no,0.5097407886675069,0,2
learned_hands_consumer,tfidf_logreg,1,4,448,04a31af43a0322d4e234770268a71818baa3b9f7193dc123c6ce1e4fb24f3e72,no,no,0.5136389796424147,1,1
learned_hands_consumer,tfidf_logreg,1,2,449,a8e84a61c494345c5650ad8117693f333deabc9e041a3b4a22aa1d06393231ed,no,no,0.526788426361221,1,1
learned_hands_consumer,tfidf_logreg,1,1,450,0854abafaea9b69c2c49c5f64e9f3c95f596dea3588670571b1ed57b744f59a5,no,no,0.5688915369456334,0,2
learned_hands_consumer,tfidf_logreg,1,2,451,9f25eaeb6f65236347aee880ca9534bfc163ad085b06fa72eeb67b405f5f1d62,no,no,0.5166602673658485,1,1
learned_hands_consumer,tfidf_logreg,1,4,452,cbfecefec8a53e69aa8f367aea02a4727b7ee5554da9e45a38e31f065cc3c169,no,yes,0.5225293161278007,1,1
learned_hands_consumer,tfidf_logreg,1,0,453,bc4a406688a7b5efef17bfb1b4edbc67f35a63b3de8702b8068df824d666583b,no,no,0.5786949356754938,0,2
learned_hands_consumer,tfidf_logreg,1,2,454,1c6dd5d561b55e7031e5f2adc0da0e9723f06c4b23e08e8904fc1e27c13cd9c6,no,yes,0.5017708598730569,0,2
learned_hands_consumer,tfidf_logreg,1,0,455,932d945f027160e21bfd51184d91d8727cfdf60e72226309e7516cc368fdc515,no,no,0.6096999888063797,0,2
learned_hands_consumer,tfidf_logreg,1,4,456,27da743642e6fe9e9f70f9ff5b3c8febcdf419aed6c38e5e67fa09294c9d6ab9,no,no,0.516264741856004,1,1
learned_hands_consumer,tfidf_logreg,1,3,457,74043fddd5dce444be8d653b1c6f225528ef532997c766cbce4e5c660ade622d,no,no,0.6764867646345027,1,1
learned_hands_consumer,tfidf_logreg,1,2,458,f417273fdbac343a73e3321b40e14d3eafed51eea5cb6c8b788b4ea1eb0afd8f,no,no,0.5199257996529717,1,1
learned_hands_consumer,tfidf_logreg,1,4,459,df68371ca953f13c782ca05591a597acc4b878650efb047c1d8da558f203219e,no,no,0.5130120400186029,1,1
learned_hands_consumer,tfidf_logreg,1,2,460,5a1f2ce82b72f9c1266df09ac2c4d257aa3bee8f5b3972e0fc839db712595ca9,no,no,0.5241224942121008,1,1
learned_hands_consumer,tfidf_logreg,1,0,461,0b54969a9e57430db4a328e94f100a2c17ce2ecd53896ee28aa064697a2b1d8d,no,no,0.6035161554933451,0,2
learned_hands_consumer,tfidf_logreg,1,0,462,0bab903026b7c3c9333fbe20f96dcdd314852e6516b76ab0c53d206790eefac6,no,no,0.6849210349454455,1,1
learned_hands_consumer,tfidf_logreg,1,1,463,41fa77f140f955deec510a2825da39c611b3256f06db66f38fab47e7b78d20da,no,no,0.7217471424169867,1,1
learned_hands_consumer,tfidf_logreg,1,1,464,2425edeaa0bb4c18efdb8f3cf3549bd1e238423ef48243512eb592127b04ee0e,no,no,0.7127468082519899,1,1
learned_hands_consumer,tfidf_logreg,1,1,465,987eae7153585e7a2a0d88ba16f6807b131129542c68eb9138781ebed69e8cc2,no,no,0.682361538413707,1,1
learned_hands_consumer,tfidf_logreg,1,3,466,b24b2625eafa8e1b32b1e246012edbc8db39764b08f08c67c920f3b3350fe9ea,no,no,0.6668287920837872,1,1
learned_hands_consumer,tfidf_logreg,1,3,467,35b9bab2880db0b2d36d825afd233bf57bda9e5eef479a37b70a41a36c5a5879,no,no,0.6858492269752069,1,1
learned_hands_consumer,tfidf_logreg,1,2,468,6f958da8adbf8531a95cda9abd9c5210f97bffa964d37b7cb0442bcb31d14c37,no,no,0.5107602831547149,0,2
learned_hands_consumer,tfidf_logreg,1,1,469,9e30b352d1c79225ed762c8ded34d155a8f1a9acb805c8f881ea24631aafaca6,no,no,0.6891615505824831,1,1
learned_hands_consumer,tfidf_logreg,1,0,470,6b2d81f7309dbbad5fd9af0af6a0d5e5c76e6ba2b87feadee3468b273edf16ad,no,yes,0.6114883643145502,0,2
learned_hands_consumer,tfidf_logreg,1,4,471,eaaf0b7320c280140ad331ea0601675c5fd7ff6a885286c80d46ea113a3cab17,no,no,0.5318908098931022,1,1
learned_hands_consumer,tfidf_logreg,1,3,472,4e19f210464ca73a7f7a58cd3218cec482dee93c4f53abed18732ac581733e3c,no,no,0.6898806398138432,1,1
learned_hands_consumer,tfidf_logreg,1,1,473,4115fad9f9b83db5ecb78a9be61669ad1018516abc1227f075d62f7563f98f22,no,no,0.8277023103305052,1,1
learned_hands_consumer,tfidf_logreg,1,0,474,f0cadb5492e0ec183a3a3ea7616ae472ae6eff8bbcd445c563fa7c23da261ca5,no,no,0.5532715645257523,0,2
learned_hands_consumer,tfidf_logreg,1,4,475,531a57b154dbd769d4108e15531d27140a960b9c18d233351c7d62f188b8f6f1,no,no,0.5427083485666222,1,1
learned_hands_consumer,tfidf_logreg,1,1,476,8fa4139dbe239bba25434909e55f2fa80c50269832bb68550d65299db5619836,no,no,0.7556544285865091,1,1
learned_hands_consumer,tfidf_logreg,1,4,477,9aec94ea158756c81b27ab95c8b331de3d51619d6ed22d22437d837182c56810,no,yes,0.5161305460961014,1,1
learned_hands_consumer,tfidf_logreg,1,4,478,dc31283a842264461700a1d07d553bc3be03295a75df6770fa6c06015b16fc4d,no,no,0.5179584434828588,1,1
learned_hands_consumer,tfidf_logreg,1,4,479,d8bcfed355b99213c89ac1a9ff427c6c4b1ed05f140ef324e243fdff43ed062e,no,no,0.5023709482991823,0,2
learned_hands_consumer,tfidf_logreg,1,4,480,01de597cf467f8e74cdcd5967327e64399908a15ce5348852dd9dd952a970715,no,yes,0.5315266406327308,1,1
learned_hands_consumer,tfidf_logreg,1,0,481,6d3f546cc7e65f909112f42a52f7c36c1144c6845909f5c0f68d093fbfcdd8fe,no,no,0.5073775995716434,0,2
learned_hands_consumer,tfidf_logreg,1,2,482,76ed3dfb2ec9e6a39f0bdd9bfc8057cdacba2af71015e9bdb02dc0313489169f,no,no,0.5421184088172881,1,1
learned_hands_consumer,tfidf_logreg,1,3,483,931e120b8c3a8979cf4a37513bfbbf87c5b064b350a60733e2408dda7477646e,no,no,0.8280743509607629,1,1
learned_hands_consumer,tfidf_logreg,1,4,484,cecaae8addd481078cd53a5a69e5d8da4b6a98a516613269f4137b01782983d7,no,no,0.5021289650756762,0,2
learned_hands_consumer,tfidf_logreg,1,1,485,b07d2a4ff6a8dceaa18e35705a350c09b7e7f46cd67cf1e630b3cf325c46cc0f,no,no,0.6505988595953112,0,2
learned_hands_consumer,tfidf_logreg,1,1,486,012a4657825e2d7e50ec63501a9322690acfd4226e288797e79c2df8d26962ba,no,no,0.695294438970458,1,1
learned_hands_consumer,tfidf_logreg,1,3,487,20b699538b4fb5aba69b8c97153f171766a2c4674e8e33eac9eebb1206529fe5,no,no,0.7362789456103194,1,1
learned_hands_consumer,tfidf_logreg,1,1,488,c837c365cb2af81ad03b9121ec3ef43ab40d330362b3b4a17acbdc6fe37d85d0,no,no,0.7630449702059822,1,1
learned_hands_consumer,tfidf_logreg,1,4,489,ed3eae30ccd079f9f129d55e81fae1839ca02ea3e96d61c56b1ccf55fe84687e,no,no,0.5222434741781778,1,1
learned_hands_consumer,tfidf_logreg,1,3,490,18d65e6e4ac267b954fab721a8d2cabcf4346e461537cf69de5e72f51a7c5a79,no,no,0.5893976104366645,0,2
learned_hands_consumer,tfidf_logreg,1,4,491,1de0c196d21d27621ca7c6e1b0386331881a85a41a05c700ff3c5d698d48eaae,no,no,0.5082543367753518,0,2
learned_hands_consumer,tfidf_logreg,1,2,492,daaaa7023a2b99c5064d440cbb801b79c0f04aca364a814e84dc1c4dfc3865d0,no,yes,0.5028540078727914,0,2
learned_hands_consumer,tfidf_logreg,1,4,493,ba5d6e2c09e4d63bb1beb689879578b510654791dece0cda170619655fbe60bd,no,yes,0.5003857698383772,0,2
learned_hands_consumer,tfidf_logreg,1,0,494,0769d7b7837170d8be575bfc0f6247cb8aa473af2eea89363f68c41a10d2c7e0,no,no,0.6578208126654553,0,2
learned_hands_consumer,tfidf_logreg,1,0,495,cc8b2d0978320bbe51dc5e4b1de74ef4b9b277de2e23e12d234df5eb07e460e7,no,no,0.6589298568339317,1,1
learned_hands_consumer,tfidf_logreg,1,3,496,e613741978772ff2af35a8e2703f6574aa51e0f59b958d0ac40bd784a691696c,no,yes,0.5096254988712383,0,2
learned_hands_consumer,tfidf_logreg,1,4,497,30fc1431cc1bd1aa3cf2160a194f94ab74b259ec3b1a245d9a44d4c7cd36702f,no,no,0.5019676380211724,0,2
learned_hands_consumer,tfidf_logreg,1,3,498,3e84f9a77980c8201610e1fcd383fac5825e27ba6d5747b53d07a15d820d1826,no,yes,0.5379485850790869,0,2
learned_hands_consumer,tfidf_logreg,1,4,499,45f440261959716e956eeb1411ef4686bed9e9775d8fda7f31816a338fa7aa25,no,no,0.5205984776792367,1,1
learned_hands_consumer,tfidf_logreg,1,2,500,3369d09eaa0b33274bebd84d0cf53afc9ebc6dd6dbc8f7ea6cdc98d71324c90b,no,no,0.5040883002476202,0,2
learned_hands_consumer,tfidf_logreg,1,2,501,310cdecdcb36d755a158b4b234f965e433bc5d653ce95ec34814c492542b6e9d,no,no,0.5148463196489025,1,1
learned_hands_consumer,tfidf_logreg,1,2,502,3f4cf00bdfec2adfe98cd9ed014b1bda2da6b65d534ee0ae60f5a1f4cc7d8bed,no,no,0.5381895621783923,1,1
learned_hands_consumer,tfidf_logreg,1,4,503,bb5add493ea70afa2c752943a32010d534375afbf274f76364f5fd08c8551486,no,yes,0.505962138236923,0,2
learned_hands_consumer,tfidf_logreg,1,1,504,04a671661b4a945504156fd0073b7bf79e85f7d32382c0d0180634ee46e850af,no,no,0.7853321508719056,1,1
learned_hands_consumer,tfidf_logreg,1,3,505,fd1fe8184fbcfa582a0b2176a6b8d3a33eb68e84c3e941c4565a70212f082b27,no,yes,0.6104361899583944,0,2
learned_hands_consumer,tfidf_logreg,1,1,506,231ee3f5f275519cba825473068fc96cf01d3913b5d14fb747b2bda5abc8ab6f,no,no,0.782813809653804,1,1
learned_hands_consumer,tfidf_logreg,1,0,507,6739991faf5aa8fa1e6c64dd6d08390a1287fc09742cac2994b33432d5338df2,no,no,0.5827874020614918,0,2
learned_hands_consumer,tfidf_logreg,1,4,508,37ec98dd44986f754e0baa73863d4c9210b359d2ba344ae645cbc8abb39da92f,no,no,0.5233622973605098,1,1
learned_hands_consumer,tfidf_logreg,1,0,509,b49a2505659c683cb11a3df13847ac8045a46adfd8192d2c76391a8803a1f4c8,no,no,0.6948348419832038,1,1
learned_hands_consumer,tfidf_logreg,1,4,510,a8217fa585bcf051c42ce021792455104c0b30538cee9d1851b1d4287e25e0f1,no,no,0.5148682834721037,1,1
learned_hands_consumer,tfidf_logreg,1,1,511,e9985a996c1b2327f2216eff3e962fc84a378f193e0d95ba12e5529bf99d15a9,no,no,0.6487884776121637,0,2
learned_hands_consumer,tfidf_logreg,1,2,512,df1f494b116ab1943fdfa5b41fa750c836fe604c800651280911f0dc4580a3f8,no,no,0.5169662359954263,1,1
learned_hands_consumer,tfidf_logreg,1,4,513,be04d6d56aebd1e9f64044842226e835ae6154a25190109a1e2e0693bee8e9c3,no,no,0.5042943123393081,0,2
learned_hands_consumer,tfidf_logreg,1,3,514,da3a06f0dd47af3a2b4ad51ae4de160a3f203e163224d6995c3218e0611096d0,no,no,0.6214533002228101,0,2
learned_hands_consumer,tfidf_logreg,1,4,515,5c56a2375937744f352e8a6ee8be863d82c01648dadf59d6e0540e4d4cd3aa63,no,no,0.516405011383599,1,1
learned_hands_consumer,tfidf_logreg,1,2,516,77ff7a6cc1e79bc95cfd0df1cf2351b19e130cc482374a04d5967c1a85d54773,no,no,0.5096231292479588,0,2
learned_hands_consumer,tfidf_logreg,1,2,517,4a00c73ae7c6524fa4c17e987d72c3f6fa272236cacd79ed166db4d45eebb2aa,no,no,0.5087534555947525,0,2
learned_hands_consumer,tfidf_logreg,1,0,518,57d7010f1071da7d8e1852e639021c19ce4b58849818194549f19da7d793ed5c,no,yes,0.5224864923429781,0,2
learned_hands_consumer,tfidf_logreg,1,0,519,b0346537dd7db9e6927d457dddb797ca2160ccc494e76289b9cefcedf036ceb3,no,yes,0.5305999134787082,0,2
learned_hands_consumer,tfidf_logreg,1,1,520,c2be9f06745a8c52db0133bd1fd943903f7fbaa625b0d3d34c2fce9d0ae875e0,no,no,0.7143109179469296,1,1
learned_hands_consumer,tfidf_logreg,1,1,521,75d05aaa2c22410aa8b7fffcafce5468bcd99117194cefbea4e1ac86f5f351f4,no,no,0.5541902487321191,0,2
learned_hands_consumer,tfidf_logreg,1,0,522,db05d6507e5e3fa1d10142d3d8a1447182ad4bbba3e4a8370275f7fa482603f1,no,yes,0.6086346921263092,0,2
learned_hands_consumer,tfidf_logreg,1,4,523,0cd164612e455d558e41fa9eeac7cdf9afda934ca9be5ff6ca58723a0d4f1a00,no,no,0.5116763933041509,1,1
learned_hands_consumer,tfidf_logreg,1,4,524,64748ff82f5a0b3935c4b036e55eaa3dedc4952ea2df451bb4489eeb560981ca,no,no,0.5220314767322165,1,1
learned_hands_consumer,tfidf_logreg,1,0,525,b84cafbdf8906d4952f89b6677c260f193b288cde9bd9a044da00429a5c1788c,no,no,0.5779972131906144,0,2
learned_hands_consumer,tfidf_logreg,1,1,526,c2c2b5dbf3e12a911a20a8938927cbc7333ac84a79c8659cefb4366be01ff7c4,no,no,0.5780790892328804,0,2
learned_hands_consumer,tfidf_logreg,1,0,527,60c6f915b166a49f3d467e29663aefd916fdb4febc3aed6e9f86dc861d89cdb0,no,no,0.6883988284010686,1,1
learned_hands_consumer,tfidf_logreg,1,3,528,5b8d9992b62967320c49f0330151d6b9b87e86c8b4abbfb6622903ab97a5142b,no,no,0.790467901745931,1,1
learned_hands_consumer,tfidf_logreg,1,1,529,57d3ccebff848e81befa244f69489b9a171ab42168f6bbc6325439c85b7b0df5,no,no,0.6813095989352864,1,1
learned_hands_consumer,tfidf_logreg,1,3,530,dcc018d1aaf56509688079bc8783b9b23e0de1b677409b02d41284d2fca9040c,no,yes,0.5014263976807785,0,2
learned_hands_consumer,tfidf_logreg,1,0,531,4d5492ff6e79ebaf69bd06ebbeabe63809050a927815a156c8a8972229eba0ba,no,no,0.5500265563513318,0,2
learned_hands_consumer,tfidf_logreg,1,3,532,ca3ecf1c1ef162d48d1f7e17896f1037dde115892608733e846ec86140631f89,no,no,0.7530550919410102,1,1
learned_hands_consumer,tfidf_logreg,1,4,533,0305a9b842d8022160096d7a46730fab12122cf58393b7bcfe6ad6852162bdcb,no,no,0.5372789028239917,1,1
learned_hands_consumer,tfidf_logreg,1,2,534,3d57a7bd684e91a426d743d44a7a8feae1ccc11b7320dc7c64cdfff7f5651caf,no,no,0.5205964156588139,1,1
learned_hands_consumer,tfidf_logreg,1,1,535,f5d5f15ce9ba190a7120001abc42f1cf21e20e7f2a019fd07a91090882dbd6f6,no,no,0.6393186857855584,0,2
learned_hands_consumer,tfidf_logreg,1,0,536,903fd0d792e220feea54ad37c84686d6e6b8e59535fa16d13bc36658f1fc28c8,no,no,0.5776387336706356,0,2
learned_hands_consumer,tfidf_logreg,1,3,537,9d9b4526cbe24d2a6f2890adb86aace884014a95851e78352d3f4ff1cdcc50dc,no,yes,0.5143456688712359,0,2
learned_hands_consumer,tfidf_logreg,1,1,538,30a2b5df9ae4ed2e010f7c2d068372ace7e2577350940484bb48430ae9ea7278,no,no,0.6203563880697874,0,2
learned_hands_consumer,tfidf_logreg,1,1,539,14dd48f8f89acc71cb973a464b51478fbbeeac5361ae069ccdf18c010692573b,no,no,0.7742175768560051,1,1
learned_hands_consumer,tfidf_logreg,1,4,540,60cec153bbc5f214e7135f4d89ed8528e27743234f4739a1eb92e34f1ff44d86,no,no,0.504957209044745,0,2
learned_hands_consumer,tfidf_logreg,1,1,541,5588471057013e09e22216f158d5fbdc584f612606d94687c13be4b2e55f5896,no,yes,0.5137781987059253,0,2
learned_hands_consumer,tfidf_logreg,1,1,542,dc192552b483d0ac3a6d1651b8e21b40837a9426816d9e3f64498e131d76e734,no,no,0.58781895306501,0,2
learned_hands_consumer,tfidf_logreg,1,2,543,f1f6e92601fdf06f7ca1a57e7556c20884dc45c096f396b9e825f5e32c0f7a59,no,yes,0.5090892944316033,0,2
learned_hands_consumer,tfidf_logreg,1,0,544,3c76189ba90d25579e258776ba63c3c30d8b7d53a978703cf331ee251b4e5890,no,no,0.5308899384391331,0,2
learned_hands_consumer,tfidf_logreg,1,4,545,43a6bc4480553f9b0a214f75f6d48c8e8ce7abc4b7be882e01a9e9df8108a1b0,no,no,0.5266790453471505,1,1
learned_hands_consumer,tfidf_logreg,1,3,546,3da37e63dffad75b2ee9a58d491a68e212af0b7d71ac858045a8657165bfadd2,no,yes,0.6913559832758471,1,1
learned_hands_consumer,tfidf_logreg,1,3,547,58137e64ac41ed8e7e81d207383d87b5226b5658728837915a21ffd225d0754b,no,yes,0.5748381332512686,0,2
learned_hands_consumer,tfidf_logreg,1,1,548,c9760c7df4fc3eb826bfb31e080137911ab35ae7f2295614373536be38ff7a63,no,no,0.6615009136886184,0,2
learned_hands_consumer,tfidf_logreg,1,0,549,f68d2b36b0aa1fe05ff7cfefd1bef8b411b59bfd2547573231a9358ce4a847af,no,no,0.5629864583644584,0,2
learned_hands_consumer,tfidf_logreg,1,2,550,9d038dd0243eecf6b7473c2626d4e82af31cbb7798372022403db2c53aac85c4,no,no,0.5213181397157447,1,1
learned_hands_consumer,tfidf_logreg,1,3,551,1f966f4c818ddbda27cb669513c943ee46d73d5252c0de4770bae3e0b1407c6b,no,no,0.7356653753583919,1,1
learned_hands_consumer,tfidf_logreg,1,3,552,47f5ff1d7bfe7621611a502c23a7ceff9d308e2a1dabd5f29755fb341ed42da2,no,yes,0.5164116334329628,0,2
learned_hands_consumer,tfidf_logreg,1,3,553,d4edcad2012a13062a63322c80d9dda6748d539f3ccc68a8ca8515cbf779e532,no,no,0.7361596784323465,1,1
learned_hands_consumer,tfidf_logreg,1,1,554,ba2d5b4602e83fd349fad98b24b38a99bfe1443da99a67d27ba98c8d58a7b182,no,no,0.7484087556448652,1,1
learned_hands_consumer,tfidf_logreg,1,0,555,a6dd6a0f17139acfd501f939d766455a6f082f486b04d50843f5897c950f5a6b,no,no,0.5428349551725346,0,2
learned_hands_consumer,tfidf_logreg,1,3,556,a1ec095ee15753680fa1dcc2cbce2e048c960c54a4c671af2b889ff01c2a78b1,no,no,0.5768553774280208,0,2
learned_hands_consumer,tfidf_logreg,1,2,557,f50ac2f7ee90df358f730bee0cc541912730af6dc27f334b51ce011788751780,no,no,0.5040964977299999,0,2
learned_hands_consumer,tfidf_logreg,1,0,558,6dbf7b018c755e5418a5bb8020c0e3e0b3b6c2802141270907880a6f7cf37e03,no,no,0.7853736283224522,1,1
learned_hands_consumer,tfidf_logreg,1,2,559,8028cfbd1a2e6305634a58811aaf0ab86462c0aba3c14fb71b4e2d5c466e76ed,no,no,0.5115866252087018,0,2
learned_hands_consumer,tfidf_logreg,1,2,560,9a51675376b7b3914122130018ee7839fc678cd936b6b9ab2de64d3095595d93,no,no,0.5178124105699626,1,1
learned_hands_consumer,tfidf_logreg,1,0,561,46db7874bb17bd0bfc4da9f20d511677c89d9d72e7616f5d2fea321d16a4d2c8,no,no,0.5055971156583274,0,2
learned_hands_consumer,tfidf_logreg,1,2,562,703e4efa32ffec639b9f5832aba111107a1d6a46aa78b9f0bcbf55786e115a58,no,no,0.5252670741141736,1,1
learned_hands_consumer,tfidf_logreg,1,1,563,7deec0af5174e4beb0d092237b7a51ba2fdd2750e9d0d6b70fc7c0a7dd3274b5,no,no,0.6896408049338374,1,1
learned_hands_consumer,tfidf_logreg,1,2,564,9f89ce31649f5aadaf8602b1ec128212bc82f53bdd4b070be2656d39389bfd3a,no,yes,0.5070037378556296,0,2
learned_hands_consumer,tfidf_logreg,1,3,565,52c676261b9c0ec1700eb1af704f89bafe5d3cc2fcde6e3e53ec8d62cdd6d2a4,no,no,0.7698027222403675,1,1
learned_hands_consumer,tfidf_logreg,1,4,566,46c570bb238fa00c335738e90e9894fd264ea59da9a43983805ace67cda3babd,no,no,0.5255620914308421,1,1
learned_hands_consumer,tfidf_logreg,1,1,567,0cce10f57330f13a1fa4583d7fcbaea0ea54631244d26f8a6d66cacba2bc5e86,no,no,0.7045691851333991,1,1
learned_hands_consumer,tfidf_logreg,1,3,568,23d530283c7fa6d23eb17ed2448ff4204346f82e1ff6bba839e171c25a835f45,no,no,0.6552250819899037,0,2
learned_hands_consumer,tfidf_logreg,1,3,569,1c260489f250e26aa71f0f67af2d93564ae951b62570cc33391ef77909e9ff99,no,yes,0.5760196868401025,0,2
learned_hands_consumer,tfidf_logreg,1,1,570,a069da037392da85deec01ab7ac053f17bb4d2f8fef4cefb41ffe8b522d078f9,no,no,0.7383272318509285,1,1
learned_hands_consumer,tfidf_logreg,1,2,571,524bb5bf6132a668b140a529e1e06fd9231839d3f515499d615f2e3cbc7aed03,no,no,0.5313196612469634,1,1
learned_hands_consumer,tfidf_logreg,1,0,572,698a24f5972ce2399e34b386818b23e9f4e394b92851cbbbd6edb8b88c1afd5b,no,no,0.517523391554453,0,2
learned_hands_consumer,tfidf_logreg,1,2,573,49f564d4ddfce6dfcee859f3e9357c9ab50ff9c0235c7f8261f86942a80bdb88,no,no,0.5389908755180397,1,1
learned_hands_consumer,tfidf_logreg,1,4,574,3ac0c82ca7beef115b86522a5f5f46bd39ba3538af171995361348eafd9b9e20,no,no,0.5072479176306235,0,2
learned_hands_consumer,tfidf_logreg,1,1,575,867d8d7d603b8ba49fd2224d4e9a4e31af79cb37a9eadbd99a914e0587a6e215,no,no,0.626306194900606,0,2
learned_hands_consumer,tfidf_logreg,1,4,576,85d2a625103432a6e270c523b2b82873753c1aadea3a856047d52d54f77d7fec,no,yes,0.508901723692394,0,2
learned_hands_consumer,tfidf_logreg,1,2,577,710dc3cc876b848944aa42d1a09e59b9090754a8d9bd4a8ec6a95c1d915c9b4a,no,yes,0.5019795132811141,0,2
learned_hands_consumer,tfidf_logreg,1,0,578,085d8a8bf0abb16a3a525ab8ae49de081115d9b133ea5c0286dcc920fa1332ce,no,no,0.631594916470303,0,2
learned_hands_consumer,tfidf_logreg,1,4,579,b22ac3b6da6efba6a1c054601441ac802d6282b2f6c93b97b3f41378a9f9df7c,no,no,0.51242499368895,1,1
learned_hands_consumer,tfidf_logreg,1,2,580,a0a8970a8f7abab6606c6c0dc4e4ed89f48960d36710902cbf788bcae8d59835,no,no,0.5168029269346384,1,1
learned_hands_consumer,tfidf_logreg,1,0,581,c830685ae56b6f1b2910c6ab5de01bdcf3e93705d4ae3850481e9ae6a7ec59c8,no,no,0.7485375458958816,1,1
learned_hands_consumer,tfidf_logreg,1,4,582,a2b8614a6474da04bbec6a1b3421b6c93d315cc44e8958073d1b9652801f4710,no,no,0.5117817098502744,1,1
learned_hands_consumer,tfidf_logreg,1,3,583,2fd3a1b7a973326e591034aa7863f5b09e42e05bb1e3f9d6cc311428d449d4f4,no,no,0.5763914204810353,0,2
learned_hands_consumer,tfidf_logreg,1,2,584,f221ac70290bacf70893417c277b4fb7396aa9262713ef18f437e8c1e5da3bcf,no,yes,0.5014709387298678,0,2
learned_hands_consumer,tfidf_logreg,1,2,585,a1f95e95ed3bf1df04e2d7306db27c5cd135ef9ea77def78c12cf2c81619e8c3,no,no,0.5127625712642407,0,2
learned_hands_consumer,tfidf_logreg,1,3,586,2ce709e73ee4451d404c5cdc00ea37833fee0b356b8f16d76ff2479b2cbd353b,no,yes,0.673306862937124,1,1
learned_hands_consumer,tfidf_logreg,1,3,587,618c4d63aaf62f407f26f35d636080cc1e0a032d82f4d1e04c0fb1cf65048718,no,yes,0.7682518523117571,1,1
learned_hands_consumer,tfidf_logreg,1,1,588,4f6bc5578f8ddb17d988262058901424533577bd28369751a61118a761761e91,no,no,0.8708247253808864,1,1
learned_hands_consumer,tfidf_logreg,1,3,589,a9192bcdf65d01e592abf6f0b177a9853ed1c4a2b0ee8742dab11341eaee29d1,no,no,0.5495539370064575,0,2
learned_hands_consumer,tfidf_logreg,1,0,590,067cce98506849a73d82e859c38940708382620ea642806d23cbb8de5187231e,no,no,0.6919004815342953,1,1
learned_hands_consumer,tfidf_logreg,1,1,591,b576cd2ec8f9c40c2bb0abe987f064c2f9f1c25f94d4565ddd83377473d48859,no,no,0.670700240420218,0,2
learned_hands_consumer,tfidf_logreg,1,3,592,5913bc49040be5c85504a852ac0a112f8e7e340d2c39fb67d7067ee3450e5e13,no,no,0.594124818313913,0,2
learned_hands_consumer,tfidf_logreg,1,0,593,a25e7edfa72a41526ddc2db76023d27c2db12a24984d2e5a716da973b523f27e,no,no,0.8290369119459106,1,1
learned_hands_consumer,tfidf_logreg,1,3,594,d10b6556e2004b51129b987f5c4531830e2b0822cf2d7017e10a5414707669d9,no,no,0.6636809676421684,1,1
learned_hands_consumer,tfidf_logreg,1,3,595,d6d5572c752218b14019ec07e189728c9b3ddb8d34c3d70488fe782cc31aa988,no,no,0.7581556853615061,1,1
learned_hands_consumer,tfidf_logreg,1,1,596,07573b273be6697368d57299de8abf31240b9402c15219c81c2ee8f9a7f2aa62,no,yes,0.5354883207678875,0,2
learned_hands_consumer,tfidf_logreg,1,3,597,6dc6cf31b2c1894f7bcfb26a493a4e5756971e007f5e7be26036cf50c17d7eb4,no,yes,0.5595683777259086,0,2
learned_hands_consumer,tfidf_logreg,1,1,598,7aa6dcf85749745744d1eb12d07f65d4b80960c401365645658ffdacc98c266a,no,yes,0.5179708942020899,0,2
learned_hands_consumer,tfidf_logreg,1,1,599,5d91de0107b67446aed45672dcfdef4f58baf8f1c037cbe894d9bb1e9578101b,no,no,0.5413003183068735,0,2
learned_hands_consumer,tfidf_logreg,1,3,600,684294f8c7abfb0278d36770f016d23248fd859f28c36cd2400da167f3b2b1ee,no,no,0.7480981682049577,1,1
learned_hands_consumer,tfidf_logreg,1,4,601,241cef5b8e4490252fa54625f6d6db8138d2f2b6887914926c4714fe63225592,no,no,0.5202572808935739,1,1
learned_hands_consumer,tfidf_logreg,1,1,602,264bdc1770e2864da6160b2fb689ad40913ffdda9bc24da7cd4f73e375da64a9,no,no,0.7326152069651937,1,1
learned_hands_consumer,tfidf_logreg,1,4,603,8b25bda48a03414701e65d70dfe129b08d8a1fffbfd6d253c4f8eab80b8e7ef4,no,no,0.5150976278716125,1,1
learned_hands_consumer,tfidf_logreg,1,0,604,a98c95b8dc90508ce61bca07aac73b3000d782c3e8bdb2d8094fa8851213e843,no,no,0.525137077026034,0,2
learned_hands_consumer,tfidf_logreg,1,0,605,2e2dab0aa3f72da243e332c4316fe221543965532bf45ff04017e1820a01ffa5,no,no,0.7281135766189546,1,1
learned_hands_consumer,tfidf_logreg,1,2,606,f898c42315c66b3c1b4818313a33706910ac2498fef748ca5f12df32ed4ea670,no,no,0.5044158559514047,0,2
learned_hands_consumer,tfidf_logreg,1,3,607,edf5ecdbda4cb86f3f4fd1969bf42ba5a7eededc822406ff5bcdbad487d0ebc0,no,yes,0.5337859357293443,0,2
learned_hands_consumer,tfidf_logreg,1,2,608,41d5caaade46df5dd642cfcc5a1c383a53ea033ab68bf9753d941c8fa472857d,no,no,0.5145324298238163,1,1
learned_hands_consumer,tfidf_logreg,1,0,609,20cf2204cfad79c36173c2020ce3d9d1d7bfe049a4659016961fb1f7d34524d8,no,no,0.5144746615953932,0,2
learned_hands_consumer,tfidf_logreg,1,1,610,0970bb84fe7a7ae10755b3ff8e069375c894baa731baadab88c5b85d95df1cc1,no,no,0.6580124562416512,0,2
learned_hands_consumer,tfidf_logreg,1,0,611,53722369d56a509c380ff23472de54953b911d83728e74087c7864d9bf6c5d11,no,no,0.6028399634092118,0,2
learned_hands_consumer,tfidf_logreg,1,3,612,dc4a5fdc229e8eb8b4651e9829068c4a686c371d36c72e2ff9486195b6f27065,no,no,0.6249432991249533,0,2
learned_hands_consumer,tfidf_logreg,1,1,613,1b06f4f278599f2a5f0149ed64529530669a8a3934e0d4e09cf02e4eb40c20b2,no,no,0.79836290261269,1,1
learned_hands_consumer,tfidf_logreg,2,1,0,a379a87ff3cdf868abd2168b8f7f1448c858c1c0293a0324128a1f9795c2495c,yes,yes,0.8615926456258141,1,1
learned_hands_consumer,tfidf_logreg,2,2,1,191f0937cb2c89fc2ee6de2cf962022796a21348bccce723e58dff5138f4aa85,yes,yes,0.8330612629443671,1,1
learned_hands_consumer,tfidf_logreg,2,2,2,23e415128308be018936edfbe782216c59135a5373afcc67391ab30b99e4fab4,yes,yes,0.9118321925080082,1,1
learned_hands_consumer,tfidf_logreg,2,1,3,d020ae25740133b72d326d57b58504372281f70e6def4d5a95655465a0e91468,yes,yes,0.7972964265914473,1,1
learned_hands_consumer,tfidf_logreg,2,1,4,7505269b5e689b850bf04d86c3aee556710bf7ed7473e80bb32cbf4ef909b78b,yes,yes,0.7607466987780765,1,1
learned_hands_consumer,tfidf_logreg,2,4,5,ebbf5dce638a03352aa5ce9e76ea526855fc19fe426785e9d74da0b972447b56,yes,yes,0.7053456277498593,0,2
learned_hands_consumer,tfidf_logreg,2,4,6,3682fd0cb52ef152a5e499e4441ac3d86a735973de9e3062a809fc58d80f083a,yes,yes,0.7012379575652267,0,2
learned_hands_consumer,tfidf_logreg,2,2,7,a1352482ea4516a24b594ccbf2ed311516cde0785a8edf4e41b8b20657074dd8,yes,yes,0.743447499524705,1,1
learned_hands_consumer,tfidf_logreg,2,4,8,5655b74e200dc643bf62729b26c6760f786b1d110abd671cd8122c5d567f2846,yes,no,0.5654423558097941,0,2
learned_hands_consumer,tfidf_logreg,2,4,9,30f3878dfeeec4bffed1d8ed0fd2feaa3165fc8790712d0e6c993ba632a91571,yes,yes,0.9182596322240876,1,1
learned_hands_consumer,tfidf_logreg,2,4,10,ff770b8fb5998da87b58b103e84a37ec674949fd2d8708f87b7aa392185f98be,yes,yes,0.8119721181859504,1,1
learned_hands_consumer,tfidf_logreg,2,3,11,025030168186d6dca4ceeb0def0c282fcd27d1c293abe1a0d6f41c0ae9ae34dc,yes,yes,0.5801074341437303,1,1
learned_hands_consumer,tfidf_logreg,2,4,12,241960fe59164730ab7f2221e78ff75ddf5d07ef6b0c664c078d091bc787b69c,yes,yes,0.8390873576448238,1,1
learned_hands_consumer,tfidf_logreg,2,4,13,ce32ef1dbe79dfac3d0eec018d4e7404296ad6ab06b519aef7132243fecc9c2e,yes,yes,0.662417086268722,0,2
learned_hands_consumer,tfidf_logreg,2,3,14,3a9f35dbcf5d11d5980a668dd0ac8a317654d4e4f8ee28518fa931a589f5ed3d,yes,yes,0.538818082557724,1,1
learned_hands_consumer,tfidf_logreg,2,1,15,62ffb1bca214412111ca15a5cb79aed8c39b77ae8e4a9734a85ca66376cdf151,yes,yes,0.788088007202267,1,1
learned_hands_consumer,tfidf_logreg,2,2,16,74157c44430c0b4b913dbef04b5bcc2e60d6786f1fce50cbd1fb74740cbfcbea,yes,yes,0.5147938834780511,0,2
learned_hands_consumer,tfidf_logreg,2,4,17,2dcefce119cd3d52ce0b2dd55dba49a2d705592c989511a60ca5ff2fa62bd783,yes,yes,0.8568105713436494,1,1
learned_hands_consumer,tfidf_logreg,2,0,18,e4b36f1dffe74a33bc589ff139dca6b75d8c5d7bd1414fcbe7ff483736a80e24,yes,yes,0.5129812866434063,0,2
learned_hands_consumer,tfidf_logreg,2,2,19,eaecc316a32deb54a2e35ad55d5930bded5cb828eee671ec1a4d6c298e93f0ea,yes,no,0.5290868145994827,0,2
learned_hands_consumer,tfidf_logreg,2,4,20,ed6f10e3e2d4af3a7f61f4ac8ca3c539ade9d2b7250defd67063ea3a59ec18c9,yes,yes,0.8137079612635407,1,1
learned_hands_consumer,tfidf_logreg,2,2,21,8770b696e9d75ce623853da32ab9c2fc409af163cb781c02986c01c726cb8581,yes,yes,0.6435296748175201,0,2
learned_hands_consumer,tfidf_logreg,2,0,22,5f6fe96a0c85f05ef1bd1209d12d8a5da80ec0b8df76281b71b291bb0bfe1477,yes,no,0.5511163789729431,0,2
learned_hands_consumer,tfidf_logreg,2,0,23,db86e2ed5ca09bd43e5c1153206c84ac6670851f84c6f0c29b6ccd1eb0deb1e7,yes,no,0.5068989245795383,0,2
learned_hands_consumer,tfidf_logreg,2,1,24,f544e710a36c5f8952ea27c89f4b8d456410ad33abcdeff8bb5ab956f30c76bc,yes,yes,0.8972295462349914,1,1
learned_hands_consumer,tfidf_logreg,2,0,25,ffe0635de5f1a7973b85a3b70ea8e03cb5b1567c2d2995c39b15468f910920d7,yes,yes,0.68234468413554,1,1
learned_hands_consumer,tfidf_logreg,2,3,26,1c5d518541a4c3c72210f1d1640f265a1ed467b09e8fd9920e0ced3c2a2e237f,yes,yes,0.5987677994259901,1,1
learned_hands_consumer,tfidf_logreg,2,4,27,847d90720ffa65caeed18bca722c31a7e6ad6690535571373c7cf5484024b4f1,yes,no,0.5987995489226392,0,2
learned_hands_consumer,tfidf_logreg,2,4,28,826850ee19189639a241888830f2095a605677489c15835a9633e2a0b1ac6a64,yes,yes,0.646217349539505,0,2
learned_hands_consumer,tfidf_logreg,2,4,29,8bf45813b8f64152745c4302a8fe3d28ad3a521ce8400337d150f52d7679c073,yes,yes,0.6268670076598426,0,2
learned_hands_consumer,tfidf_logreg,2,2,30,eab22a84a1d27762ebd956ab7c150792e31d45b69c081b1042ce94bb9f5db787,yes,yes,0.6771168158146945,1,1
learned_hands_consumer,tfidf_logreg,2,0,31,0d9289d67324c71b1a8459504ea7ea7d8593bc88c6baad910d98ae12b894b961,yes,yes,0.6006650510067651,1,1
learned_hands_consumer,tfidf_logreg,2,4,32,28de51fe26d760b562f7dd240c576dd29c1dcd24a3821f27045c03e1695ce0c4,yes,yes,0.7592945834631993,1,1
learned_hands_consumer,tfidf_logreg,2,3,33,6ce4033081e30de899b1011a4c082e82532b4c8f2afae23aed1a9b31dfb4eadb,yes,yes,0.5936153009159967,1,1
learned_hands_consumer,tfidf_logreg,2,4,34,fe949d0e8bb0a6f67a12ee28fec1d49ebc38d613057ddbd9e9742ce374e5a92a,yes,no,0.6179282016239691,0,2
learned_hands_consumer,tfidf_logreg,2,2,35,c207ce030682bc8ba0e7590a8ef0dd99c16b1b16665aebc82ab525877c2593a3,yes,yes,0.6136307332699604,0,2
learned_hands_consumer,tfidf_logreg,2,2,36,8ee486f22362d8e55009981db61b71a034a94793fc615ef6c369c92e25d8621a,yes,no,0.5405704772601969,0,2
learned_hands_consumer,tfidf_logreg,2,0,37,bf327cac5ea3a5c8ae4b1fa4c6aa053fb3e0494255dfad320226fae0a94b91af,yes,yes,0.5984867485307163,1,1
learned_hands_consumer,tfidf_logreg,2,0,38,d5599f345f2efcc9997c702cf325c78c55c774947409f903377c2d84a3c8bc07,yes,yes,0.5544469545532874,0,2
learned_hands_consumer,tfidf_logreg,2,3,39,574fc09c7649af91d62597783fce341ddacfa64d9567f02c1c1d30d6a45410d3,yes,yes,0.5258907684931845,0,2
learned_hands_consumer,tfidf_logreg,2,1,40,46fe2b35c88c955d03ff315dfce3bb7c880b33d4409029f9ff6042df0194686a,yes,yes,0.8277648106244,1,1
learned_hands_consumer,tfidf_logreg,2,1,41,f5d2007ecaaceed6f700b3e50cfa67215480af67ec2a87afea71cf1279ebec05,yes,yes,0.6648705436118002,1,1
learned_hands_consumer,tfidf_logreg,2,3,42,01f1c668540d25f929d2e86cf0c94ebff90e0049c2f9c72bd85b0e900e0d7495,yes,yes,0.5098252621512965,0,2
learned_hands_consumer,tfidf_logreg,2,3,43,1d86013431ea866bb8f9c95e610c8a4080348f326588f325da4a18706ada5429,yes,yes,0.530781120569002,1,1
learned_hands_consumer,tfidf_logreg,2,4,44,bb18ab83285db7bc8dcf60f8a3ce1cdf2bd7debb099b953f662ddb9f8b38c2a7,yes,yes,0.8566050026888125,1,1
learned_hands_consumer,tfidf_logreg,2,0,45,16a3215ae403198891fd8dc9a2a417f75f8728d8e7141fcfef231668fdb5ab3d,yes,yes,0.6337467281211404,1,1
learned_hands_consumer,tfidf_logreg,2,1,46,4439bed3fc41d7b9c8ab09ef918fda1428dd5d823121216ce107959cb0dd4294,yes,yes,0.6818140669556769,1,1
learned_hands_consumer,tfidf_logreg,2,2,47,0b3c04d83b29cbb3a2e22807f4dae94c87c8f2b395036f54911c5754a4c47017,yes,yes,0.7968170142337341,1,1
learned_hands_consumer,tfidf_logreg,2,1,48,22a293b5746bac59ac00ea57d239b6ac359d9156a1ec0715abd762c84fede43d,yes,yes,0.7431195243136413,1,1
learned_hands_consumer,tfidf_logreg,2,0,49,c4c2bad785e53ccb9b321d2c63b8faff89f92b5a2cdcf0736b057e7e8e719879,yes,yes,0.62437406368956,1,1
learned_hands_consumer,tfidf_logreg,2,4,50,014d339ae8d5fa4f98805d09f90eeeceed4b7762a40914f0ab3d4313182186bc,yes,yes,0.9274549654029272,1,1
learned_hands_consumer,tfidf_logreg,2,1,51,e7c14e7458d8da99796ba9c88de59853c6a65ab37d90d24358671b503b06100a,yes,no,0.55011660805127,0,2
learned_hands_consumer,tfidf_logreg,2,3,52,fc726439af49d4188b72ee0e9adc0c39a6dd739d7612fcaa8485f57a5706e876,yes,no,0.5098861939690851,0,2
learned_hands_consumer,tfidf_logreg,2,1,53,eec25d963cdf3c5408e24c25c1ec3ce4c8b7063821931ad7747c587b4dd8f3ed,yes,no,0.5393756469302906,0,2
learned_hands_consumer,tfidf_logreg,2,2,54,dcae1fbe99948ce3f328592769d0490ed52f89cb9a04fb61ed7eb8f822e0ef89,yes,yes,0.8536895161278555,1,1
learned_hands_consumer,tfidf_logreg,2,0,55,ec7dbe0d74d55de6c88312082e78da6a9a98966b97acf9fa7c9d9202b2fcbe6d,yes,yes,0.6687647678241976,1,1
learned_hands_consumer,tfidf_logreg,2,3,56,d8912fee3a18d2f57b6bb3a91a58414523442ec0294398e0adbd9fa8b241b33b,yes,yes,0.51285866431557,0,2
learned_hands_consumer,tfidf_logreg,2,1,57,f87c51747534d2868b590819e8df1acd5dbdbe3015ba30f49aa700ccfaff8b97,yes,yes,0.7905112321429866,1,1
learned_hands_consumer,tfidf_logreg,2,3,58,aaf2efb2b98403731588f69a234f9628c7cf0a6e41dc5e4d493bf3cc98491abd,yes,no,0.5212004636033445,0,2
learned_hands_consumer,tfidf_logreg,2,2,59,8401deb1d2cdca16e4beb605dc74617b796161236d4fabf6b119671c60390e46,yes,yes,0.7443193657786302,1,1
learned_hands_consumer,tfidf_logreg,2,4,60,0141cccd8167fda3a53db3bc8a9c9de38ab73039aee125ca5d456f83efb3f060,yes,yes,0.8390873576448238,1,1
learned_hands_consumer,tfidf_logreg,2,2,61,9539303909111ff48458f893819b6c4d82471c51d35262c48791eb4281d5a6fc,yes,yes,0.8308373619228724,1,1
learned_hands_consumer,tfidf_logreg,2,0,62,0d9042d456d2e30348acf77b2105fef878d17d0c8ce75d13775d81f13023733b,yes,yes,0.6552737221306421,1,1
learned_hands_consumer,tfidf_logreg,2,1,63,d351e0b84bda59ef89f0bf473a631f614d498349dffaab3bb47d4611faad2257,yes,no,0.6737117385223019,1,1
learned_hands_consumer,tfidf_logreg,2,4,64,087225dc844ed506b918ed1ed8cb4919b62e15999a35bc72ef5f3e438535329d,yes,yes,0.748474950057213,1,1
learned_hands_consumer,tfidf_logreg,2,1,65,8cc2e66174e528599835446e6f69bf213ec59da343e4da74a215a2d7e47df358,yes,yes,0.6894906983694257,1,1
learned_hands_consumer,tfidf_logreg,2,1,66,10c9dca4735480772f9fa371b9c9695f8d7449b8c64df6abd309125cc20b2e6a,yes,yes,0.7735274084197316,1,1
learned_hands_consumer,tfidf_logreg,2,4,67,4e9fb39ce82c9a0c8db9edda73b0a08dbe1fee6bde6735bb0599991149c9cceb,yes,yes,0.8137105461314705,1,1
learned_hands_consumer,tfidf_logreg,2,3,68,6a7e6c881869b757c8e7d36f73f227b987ce5b3ad9363a56d200edfa24ffcded,yes,yes,0.5932275994589796,1,1
learned_hands_consumer,tfidf_logreg,2,3,69,7599dea223674f198ca8bd7b449a8b363e958ee58ead42c5f7026c558eac1915,yes,yes,0.5802538211643552,1,1
learned_hands_consumer,tfidf_logreg,2,1,70,7f224054d39f18cdd6646ad519ae236db20d9acc51e2a2366bf146920bbd208f,yes,yes,0.8885096363537038,1,1
learned_hands_consumer,tfidf_logreg,2,3,71,96ea4d954d1b6446c71d74a769dd614b7dcf83261e50056d6e62e7ca102d5401,yes,yes,0.5292508466133915,1,1
learned_hands_consumer,tfidf_logreg,2,3,72,3defdb305691fca997369ad61eb4c2cc9ad5737f73633b9997bca6b3b68dbc70,yes,yes,0.6583847668655097,1,1
learned_hands_consumer,tfidf_logreg,2,0,73,ea88a64bd77d6c33327a9e3a56bdeab16edfcc94d3ad1f6c811e233e9cf1a4e6,yes,yes,0.5677278263765348,0,2
learned_hands_consumer,tfidf_logreg,2,0,74,1cb2a54d0c572842c9666556b4f9d68ac569dacc5ff14c26a9deb40b00297490,yes,yes,0.5343085317623187,0,2
learned_hands_consumer,tfidf_logreg,2,0,75,3145ed790491a1b21c800dff9616114d2f77be8dbdbc044f4fcf7b15608d7aeb,yes,yes,0.7417978928379906,1,1
learned_hands_consumer,tfidf_logreg,2,3,76,bc58560238d37dd7bb637d6eed992896abc2e8646e56eb8dac0dd8bf4106576a,yes,no,0.5224377989325973,0,2
learned_hands_consumer,tfidf_logreg,2,1,77,9a5c75e417971c21fe00a89d52819a28a8d393fb332863c7f844a2f728e1aa47,yes,yes,0.7436587215307225,1,1
learned_hands_consumer,tfidf_logreg,2,1,78,7effc09d90b5d4a003218cec4356f0109765847fec64e4393bdf14682528fc56,yes,yes,0.6739994106711724,1,1
learned_hands_consumer,tfidf_logreg,2,3,79,bf7fab3a472a85fba5cacc610acd4ae413064fb5929efe63047e35beca2837f6,yes,yes,0.5280135553686093,1,1
learned_hands_consumer,tfidf_logreg,2,2,80,b9fec9f38f97749033ecb64442eb36f3ee2e3a80cd28ded964ba3b542608ed08,yes,yes,0.7667085480911754,1,1
learned_hands_consumer,tfidf_logreg,2,0,81,a86e6ca3f4d275c0420ca0ee4600f15f0b78e34c43b877bb58dfb44c56f07ad2,yes,yes,0.6675219169775123,1,1
learned_hands_consumer,tfidf_logreg,2,0,82,e2dda0a5ede9ada6a285c131669076df0764c2b88c1c2001ae078a17d88fc168,yes,no,0.5257856610896305,0,2
learned_hands_consumer,tfidf_logreg,2,0,83,9d3a029d590c2c8aecbc4df458d911be15fcbef421678b9ef52d1281119ef933,yes,yes,0.522598371534427,0,2
learned_hands_consumer,tfidf_logreg,2,0,84,0a86c2677e444a84373fb5de0aa2e100762432bf73d0ed3e92ef3f2f584504eb,yes,yes,0.5957293404958666,1,1
learned_hands_consumer,tfidf_logreg,2,0,85,edf4479c78e0f0664620607e8ab699c2cf70b3f949ebe5b6e2a5e65f56f24fa0,yes,yes,0.5827609178136468,1,1
learned_hands_consumer,tfidf_logreg,2,1,86,a446c13b6a95e774dc7f399a94c473901184d9172d42d8f4db7362cdb059e191,yes,no,0.5885548822558839,0,2
learned_hands_consumer,tfidf_logreg,2,1,87,90d67e6b76ef21ed8c1dc58bfbdcc24aab8e1dd728ebdafefc643a1e3c6bc74c,yes,yes,0.7848718973642526,1,1
learned_hands_consumer,tfidf_logreg,2,3,88,e0f88567e0733cdaf8c918330d9139891158680d5be3cc3fc4577a4e79c67cdb,yes,yes,0.5360649900212323,1,1
learned_hands_consumer,tfidf_logreg,2,4,89,4c96db2e33b6cc4900b1f80e86334c0d0f97a10b76baf6a5fac96558a449fa07,yes,yes,0.6826855903737131,0,2
learned_hands_consumer,tfidf_logreg,2,1,90,08c27d740cbffbaf24d70ad9cc2f4538941c1e7ccba03ba15eacb0c43fe8f6a3,yes,yes,0.7358008537231479,1,1
learned_hands_consumer,tfidf_logreg,2,2,91,123e686fd8c78b602b0952ee8aacebb8f2a451c8d2c2f716072c6c0780e88a8c,yes,yes,0.7834282280069743,1,1
learned_hands_consumer,tfidf_logreg,2,1,92,61088df3abd8799b2cb0b2a50547fabab33f53e711b6bf0e51ad8eee1f9886f8,yes,yes,0.7344014599983703,1,1
learned_hands_consumer,tfidf_logreg,2,4,93,245581fd1773d7336f3fbd519ea0ad635746b96c3ef3c64c77d8fe969f404345,yes,yes,0.7375999208028781,1,1
learned_hands_consumer,tfidf_logreg,2,1,94,0935c35b8f85a7acb661025d20f4077750c9420cbe5f2d6cb6c1f5e62a4cd9fc,yes,yes,0.6292139990144331,0,2
learned_hands_consumer,tfidf_logreg,2,3,95,8b2b428ed3082708aebc90d3e95493d6b01fab537f0107c5604932ba617141c5,yes,yes,0.5579484694162501,1,1
learned_hands_consumer,tfidf_logreg,2,2,96,46b3b836673160a90a211860286b914eda2a3ef85f0eb63bd10cacc7ea5f0f02,yes,yes,0.7828317354156522,1,1
learned_hands_consumer,tfidf_logreg,2,2,97,8c8ab92472440d5e8d77d4f562ff2df1e24f26dbf33e2f219ed51d9ffe2ed9e8,yes,yes,0.5228157776616699,0,2
learned_hands_consumer,tfidf_logreg,2,0,98,f84ae3cfea6e268f60d53f2fc2105cabc35e7c1bc60594c254b8a5b9ebb95c52,yes,yes,0.7429617390264021,1,1
learned_hands_consumer,tfidf_logreg,2,3,99,5a061ea8f86d69941bb8f010a9102517e2e50e8a6e7f043b2a65a9beeb5b2a5a,yes,yes,0.5420299815306768,1,1
learned_hands_consumer,tfidf_logreg,2,3,100,a0b66eb40941e4afabf26cc61164bd17ae4b404900827ee613063156c3fcf1f6,yes,no,0.5137500108728692,0,2
learned_hands_consumer,tfidf_logreg,2,2,101,d69eab546563939e27e3b5c4bf71ed21aa8c08a685f2dc211a8611a8734cdaac,yes,yes,0.7577138689435351,1,1
learned_hands_consumer,tfidf_logreg,2,0,102,13c1947392729839a6ef7e019584b3baf576db1a026c6cc363f97f9be6b55b7d,yes,yes,0.6081572261524603,1,1
learned_hands_consumer,tfidf_logreg,2,1,103,2db3f4de10f8e3c93f180c1cec9ec1036a8cfb696152a003910f4876349b5563,yes,yes,0.9305438510212697,1,1
learned_hands_consumer,tfidf_logreg,2,0,104,9d141e84a47e429ebf8c9be15a716519a789f6ecfe2635d6742bcc1589887b61,yes,no,0.5174201552260915,0,2
learned_hands_consumer,tfidf_logreg,2,3,105,f2b40bc0dd711fca9b42c004ced8b6a7f8400023cc7f44239caee4f44359dde4,yes,no,0.5109522096588875,0,2
learned_hands_consumer,tfidf_logreg,2,2,106,d5dcc520e7691c72d4f4bcf6d67cfa74c856d631a5a6c4904f730332b192f920,yes,no,0.5627889829244654,0,2
learned_hands_consumer,tfidf_logreg,2,0,107,da0684c959dcca3dab601174a68db1954a8db19f75ad96cecdb7b9319c828539,yes,yes,0.5103516860967016,0,2
learned_hands_consumer,tfidf_logreg,2,3,108,0e7608581b6f65860575a915b9e6d3ea3ba463ac7392a783effab47b7c6ed2b6,yes,yes,0.5306018124243919,1,1
learned_hands_consumer,tfidf_logreg,2,2,109,3b14007f0368858c49628d89f7a4ac4e05912114c121069f929f093267da692c,yes,yes,0.8587983247218679,1,1
learned_hands_consumer,tfidf_logreg,2,2,110,83a75ee006bb31d8db282260e075860f781be2246f81074adfc047c6debba47d,yes,yes,0.608216131070651,0,2
learned_hands_consumer,tfidf_logreg,2,1,111,d140e8b5cef58e3c07015a3be1003d6d67dda0e1681f40a4b5b23a3a143236ea,yes,no,0.8188552027605691,1,1
learned_hands_consumer,tfidf_logreg,2,0,112,fb04a608b72b2b2e616ef5e9aa6ca1fda0b73c81a00bd51339a60f7ebb9349f5,yes,yes,0.5853390572416141,1,1
learned_hands_consumer,tfidf_logreg,2,3,113,5ebb5e29b015223682853139344a5e2422b009ed368ed22452f4ebe96b314797,yes,yes,0.5602669018541085,1,1
learned_hands_consumer,tfidf_logreg,2,2,114,7e315bac1e39325f317709b5955292bc75939640e3b8f10ba3c11050930647e1,yes,yes,0.8017322962522501,1,1
learned_hands_consumer,tfidf_logreg,2,2,115,0d7f2c826f6a0fc0a9404989d5d4b5cc6d7f2f516c1f069e5bf8d31ee7e817dc,yes,yes,0.8993649172648215,1,1
learned_hands_consumer,tfidf_logreg,2,0,116,7e75b01067a2ec4ca8c403b389118d896ccf66db535b144a3c54bc98c1c2e246,yes,no,0.50159976620313,0,2
learned_hands_consumer,tfidf_logreg,2,3,117,a3e66362096eb8059a216e47a87cdd7f3f944d1ccbc606f30cfbe1cc424e0594,yes,yes,0.5538203387810524,1,1
learned_hands_consumer,tfidf_logreg,2,1,118,d3308da62008ec5ef18494df94f73a4585ed31e1c8e69ccc9e25e76cb56d42a0,yes,yes,0.6380272861368819,1,1
learned_hands_consumer,tfidf_logreg,2,1,119,e07a44cb806545635aac341cc0946afd7d71c3619844a0ec08545160df03cbdc,yes,yes,0.7494466735074867,1,1
learned_hands_consumer,tfidf_logreg,2,4,120,aedceca2ca38055764eb4ff944a3a150057788281d1c3739f5e785db00a9e719,yes,yes,0.5995692942399262,0,2
learned_hands_consumer,tfidf_logreg,2,3,121,ca458586d811f25c02f1f39cf55f75b65071bd2ddc79fd97b0d5be9eb8e5312c,yes,yes,0.5687582438171248,1,1
learned_hands_consumer,tfidf_logreg,2,4,122,fce48e30fc0ea1058c42d4b4e3fc772fdd46a3060633bca5f371f122fc5aaef5,yes,yes,0.8084480078032692,1,1
learned_hands_consumer,tfidf_logreg,2,1,123,02bd80d2b643617360d685b497986a8637dc26275c2ea6a626b69de253d164e7,yes,yes,0.8448426956583822,1,1
learned_hands_consumer,tfidf_logreg,2,2,124,af3d9c10fbb3296fa6a040f3015c474aaa8ae09177f6fe2e775fee3e584f996d,yes,yes,0.5344920326133376,0,2
learned_hands_consumer,tfidf_logreg,2,2,125,73e4bc727ab5dd4600aa1647320d964c9a52dc7767744c8d074cebcd901f6c05,yes,yes,0.581553678683898,0,2
learned_hands_consumer,tfidf_logreg,2,4,126,0bdb8221f4d44b38dc8782e0b56035bbdd3a7e6fc2df17d22f1a5c863bc46075,yes,yes,0.8923512916496875,1,1
learned_hands_consumer,tfidf_logreg,2,4,127,90fe4003a641d7cd2ed6a00150556d083b23fe1e24e75ebb94ecff4d843c77e2,yes,yes,0.8445439667641491,1,1
learned_hands_consumer,tfidf_logreg,2,2,128,155678c2832cdf4702db15b523f143f1ac784cffcaf58c1a1dfe33a97611eb8e,yes,yes,0.8460168078050538,1,1
learned_hands_consumer,tfidf_logreg,2,2,129,aec3c6407d02ce2d3b4abd591e08891c236a8a8989e7ad72020a4b7b777fea78,yes,no,0.515728002921539,0,2
learned_hands_consumer,tfidf_logreg,2,3,130,1f2af78776193434b3d71d59e47e0a24bc7439537dae7643126e174f05f8a690,yes,yes,0.521937263887132,0,2
learned_hands_consumer,tfidf_logreg,2,4,131,ac3dcaa7b7faf827da8c14b3bfd03c0f8d36bbd129920232b5775c57ebee5322,yes,yes,0.6787347473203964,0,2
learned_hands_consumer,tfidf_logreg,2,2,132,8de39616285bfb13eac266c45a5691cad8963031bb495c5ffff384303ac2e317,yes,yes,0.6333765611285171,0,2
learned_hands_consumer,tfidf_logreg,2,2,133,df7cebc19279cc1176c76578d13d5634b4ee220d4093d6b4e048fd1f74811db9,yes,yes,0.5157195903238082,0,2
learned_hands_consumer,tfidf_logreg,2,0,134,b5412b723d0181549110fa8dd79485fa5238dbc7e264272da705dfe9c7f066a8,yes,yes,0.6335916350493063,1,1
learned_hands_consumer,tfidf_logreg,2,4,135,e802649c8e6be5fbdc4e7ec755757e95ba836ac949c022f0081c1fcb1cfa00b0,yes,yes,0.75880602169665,1,1
learned_hands_consumer,tfidf_logreg,2,0,136,a039dbd9f0510ac6f66d44c60f9a5f5a5d5c76093f00e693801d2fc80d54f7a9,yes,yes,0.7105595309872866,1,1
learned_hands_consumer,tfidf_logreg,2,1,137,9cca62662bba01723eb2a9aa094821e1675b7ac525fe30fc042f3dcaac3e2727,yes,yes,0.6828708474393195,1,1
learned_hands_consumer,tfidf_logreg,2,3,138,dfbc47fb61799a0472fbf92d48b36eeb2584ccc63a3185c2d61a51c1537f7c92,yes,yes,0.5468126991777141,1,1
learned_hands_consumer,tfidf_logreg,2,3,139,6cb9e80497686772c38151ef29f0b998c3911fa46f4ae26dcb0677863d1c3bcd,yes,yes,0.6030669136222762,1,1
learned_hands_consumer,tfidf_logreg,2,2,140,bfc4a30870f9292a454f9471c16d25b3199ec05b80dafc98a9d6c50897c1b47e,yes,yes,0.8897401478623972,1,1
learned_hands_consumer,tfidf_logreg,2,4,141,078b717fbab45038fcb94864d32f33fa6d71d9664570dfe04661869f23314833,yes,yes,0.6313698910673751,0,2
learned_hands_consumer,tfidf_logreg,2,0,142,0242758b0d09920c367a96d4d60f74cb970f86cfb3bbf7bc54aa2a69703b17c8,yes,yes,0.5858669361936011,1,1
learned_hands_consumer,tfidf_logreg,2,4,143,51eef95bf47218140683c3e1b4135ffc3d540ca426dbe552c2809dc445d5b483,yes,yes,0.5217128586921865,0,2
learned_hands_consumer,tfidf_logreg,2,2,144,af4b353687f267cf4811370b1167f39f3acb12a476ab7569d5711f61e7cc5c99,yes,yes,0.9317253671371434,1,1
learned_hands_consumer,tfidf_logreg,2,2,145,a5b77622968be2023f42d12cc8cdb98fdd05731d5ff1f331c0c61cddcdd016ac,yes,yes,0.6096215518362406,0,2
learned_hands_consumer,tfidf_logreg,2,0,146,483af7a4cce5458979f9fde28f5d38cf96c6b318f56cf5b8bb7fef01baeda51d,yes,yes,0.7393453659988336,1,1
learned_hands_consumer,tfidf_logreg,2,2,147,5b013d7731839bf2ba2c52bac900167561f691d205c1198ffe872747858115ab,yes,yes,0.9143433781358645,1,1
learned_hands_consumer,tfidf_logreg,2,0,148,1403a0476f3fcec8b1a48e6f1fceb06a2aeabd9f5de4f53ac7e2f29a80fc3d02,yes,yes,0.6067655645818733,1,1
learned_hands_consumer,tfidf_logreg,2,3,149,7153d24972b2eb3c082ba9cc58a892af969f2d9524022190bec282710d252b55,yes,no,0.540908421150844,1,1
learned_hands_consumer,tfidf_logreg,2,2,150,a6e1cfe1a1c58fdb1b4033bef127bdc12ad083d8029c91cf81e74fbc997b44c2,yes,yes,0.7029689422090547,1,1
learned_hands_consumer,tfidf_logreg,2,3,151,c48f7444249fe7386aac1fa49a56e450eebc70c640262a5fc2cb2864d62c7b62,yes,yes,0.5525190748979294,1,1
learned_hands_consumer,tfidf_logreg,2,4,152,7223ee95c7eb5aab471c9b1426c035d3d751646abf3a01dd2380366fa55c1fb2,yes,yes,0.7828530919896394,1,1
learned_hands_consumer,tfidf_logreg,2,4,153,8b857fa596fd194124387876667280b614e479625bc9d05d958f3b90514c2e9d,yes,yes,0.8047453475359073,1,1
learned_hands_consumer,tfidf_logreg,2,2,154,6f137236864a4da2299f6341085a62e5e2e0466add7aa8eca3ff5f315633bbdb,yes,yes,0.7727889954265864,1,1
learned_hands_consumer,tfidf_logreg,2,2,155,038e3005ce9b5b1cabf2220d9f9b068ab3289de326b9c0466e84286f1cb69bf9,yes,yes,0.7203474591315485,1,1
learned_hands_consumer,tfidf_logreg,2,3,156,7b67a7b2e80fc8b9473186823a7570203fc746e03e40493d174446237de3bcec,yes,yes,0.5561189786985729,1,1
learned_hands_consumer,tfidf_logreg,2,1,157,9d82c554b4b00bd2ead020ff98bb6fcdee7432665a797346eb3d3aaf490d0d12,yes,yes,0.7769896263028025,1,1
learned_hands_consumer,tfidf_logreg,2,0,158,da85c2e88f91544acd0359c5ccd69c2b4f902d093ceb8cb12767a778944fbd7b,yes,yes,0.5677881937146233,0,2
learned_hands_consumer,tfidf_logreg,2,2,159,a34040f6644b50bc824adc566e6d6428d7b05ca16c8ee39f0af4b1b9f5601f2a,yes,yes,0.9109516042833301,1,1
learned_hands_consumer,tfidf_logreg,2,4,160,19c9ac6e1d4ea3c61c161624efc992b8cc52bf306f151391ba8529c19382e1ee,yes,yes,0.8238698197392145,1,1
learned_hands_consumer,tfidf_logreg,2,3,161,650970637dd6a0ab8e97321c167c7bc4a9a3cdc8eba59da2a5c510bcbd5db45a,yes,yes,0.5041966311315026,0,2
learned_hands_consumer,tfidf_logreg,2,1,162,c51f874153bc2cdaa57ad2c656a6af7ab24feabfb448922cab57ef416feee663,yes,no,0.5652628900977431,0,2
learned_hands_consumer,tfidf_logreg,2,4,163,13b1acd948c8e9c9a5739d8481ea213fa3cfdab8b80a82efd25be33e8f7b2902,yes,yes,0.89882715333769,1,1
learned_hands_consumer,tfidf_logreg,2,0,164,9fde61742e0b3fc6fabbffa750b6283c72453cd0303a465ce66648d46676eb89,yes,yes,0.5171317959030156,0,2
learned_hands_consumer,tfidf_logreg,2,0,165,4fd20a26aafa50907d098d746bcd899d7abfca4f42db1d5c149080652db43b60,yes,yes,0.5170983388303846,0,2
learned_hands_consumer,tfidf_logreg,2,1,166,38a9b6c4df60f95cae8cdf22954e4170c3a5feb64ebfb5162134d697b7e84381,yes,yes,0.8702049586674476,1,1
learned_hands_consumer,tfidf_logreg,2,2,167,8892704b2b2b6659f287178e3c29d5c9d21dc3ecb2ae17dd4b6ec86c6784cd0e,yes,yes,0.7687689184078019,1,1
learned_hands_consumer,tfidf_logreg,2,0,168,5953941222239eaa15e600b769f26c7173e96638173a25e19be42ff6b5b07d45,yes,yes,0.523061788991849,0,2
learned_hands_consumer,tfidf_logreg,2,1,169,4f9eec5c23a5c213a1bc6fc916fdf2587227d14edcd43d78fccea8cd278cc2e0,yes,yes,0.6349061443354285,0,2
learned_hands_consumer,tfidf_logreg,2,1,170,51ec6ad487eff34fddaa34cf9a46b4a9a9e66e2ef37f1718f6c2c0a6b08bcc0e,yes,yes,0.9151511972350245,1,1
learned_hands_consumer,tfidf_logreg,2,3,171,4356eb8f7a087e4d6032661552935019173e052ab6031528ff64635a4f9c515d,yes,yes,0.5324570827211965,1,1
learned_hands_consumer,tfidf_logreg,2,3,172,6d7c28575a9e0747fc4cfaab5263e2daf0754ef5d1c996b9de353104dbfb5be1,yes,yes,0.5398541113239479,1,1
learned_hands_consumer,tfidf_logreg,2,4,173,6656d334c0150d50518a8e9e86ac484364dfc5da62604f792fa121392de57cd5,yes,yes,0.7532625850828369,1,1
learned_hands_consumer,tfidf_logreg,2,0,174,fa3b234c5866029eaafed3054fe7c1e9dd9d3e50389c45beedce0456e0a851a5,yes,no,0.5233513395779149,0,2
learned_hands_consumer,tfidf_logreg,2,1,175,f5327013f798cdfff71ccd1ccbf934757fae9118c8fda0cfb29197ee8c9a2f92,yes,yes,0.8615909571845074,1,1
learned_hands_consumer,tfidf_logreg,2,0,176,0c550425496483256cac2b164db69cc78311e995021bfcbd4a5c585bcdd9d9c6,yes,yes,0.6687106030333618,1,1
learned_hands_consumer,tfidf_logreg,2,0,177,e9a4a62f276d5c835085a02b2f4d92155f8f7ac6d396a52ad1cd37cab729b635,yes,yes,0.6092078938641301,1,1
learned_hands_consumer,tfidf_logreg,2,4,178,f4fe68a7bc004d02c8ecf39777717f5e53269903d0c3c3181101c07cea5c6b0c,yes,yes,0.7673701742341938,1,1
learned_hands_consumer,tfidf_logreg,2,1,179,3d0de6dc3fb5d69b4483315a8f1b9a55f3da2fb8eb1df50a74386a480912447a,yes,yes,0.6658492636934711,1,1
learned_hands_consumer,tfidf_logreg,2,2,180,b66cb0340d554080664d72cdd106c5cdb17b38d1f74932ac0787b45754ce1a7c,yes,yes,0.880225592115896,1,1
learned_hands_consumer,tfidf_logreg,2,1,181,a9af33b24aeb8f4fc3dd090cb6015fd72eb33e9bacf6b245b9efd00dd9991af3,yes,yes,0.5323420046321844,0,2
learned_hands_consumer,tfidf_logreg,2,0,182,9eefcb8b16890b9cc6c7e144d07beaa48841305e10614e94d470242a6b0e065f,yes,yes,0.6333382301082344,1,1
learned_hands_consumer,tfidf_logreg,2,2,183,cfde4f376e1a14d27549b00d4ddf32bfeb542cf05f08d1cbc266df888e1c3047,yes,no,0.5222585978215377,0,2
learned_hands_consumer,tfidf_logreg,2,1,184,421033c1624e9a903b16ba39c1d61b1ecb07a1c62b4ffce4608c02c7a3e067e8,yes,yes,0.6460094503789595,1,1
learned_hands_consumer,tfidf_logreg,2,3,185,7a8050d0881441599707f60d9661cc876f27efc16656cd8526fe842e463a56ec,yes,yes,0.5477863393842163,1,1
learned_hands_consumer,tfidf_logreg,2,2,186,5f4e3e4860760d911ab21bd74b2611036627cda4c7c666615991f1d2314d6b35,yes,yes,0.7828526061936376,1,1
learned_hands_consumer,tfidf_logreg,2,0,187,057e4d5e06ed1236a9a35f3ea5c2cc42ae58bd3d82fb4981f56669b168d087e6,yes,no,0.7076966770273867,1,1
learned_hands_consumer,tfidf_logreg,2,4,188,a5608444f7d99d3cd3109ac70b995bb38775ef1fa2c286f3779886ac598a5c9d,yes,yes,0.7478185803039403,1,1
learned_hands_consumer,tfidf_logreg,2,3,189,48a613b18969b56ad289f137a24f32ca5714dc722f1916be3cf41f3c98f577e0,yes,no,0.5573836194716881,1,1
learned_hands_consumer,tfidf_logreg,2,3,190,d5a7261352131be329b42958bda9d1cbf7adf2a5eb0c341d0fd5d6d07a9ae17e,yes,yes,0.5928617625907551,1,1
learned_hands_consumer,tfidf_logreg,2,1,191,e36f78681c2e77e1fe9fd7fc2f0b8fa917f14b6a2333a41863c17c766053033f,yes,no,0.6786706130619395,1,1
learned_hands_consumer,tfidf_logreg,2,3,192,1487b9bcecfa449f7f97f38810e17ed4e37ea80a32cd5170137bf134574ae112,yes,yes,0.5536541664982098,1,1
learned_hands_consumer,tfidf_logreg,2,2,193,a0956e6a9a6973551966fc776c76b773565a03efe1dd2f5b6e363e037cd68e98,yes,yes,0.7111667433173732,1,1
learned_hands_consumer,tfidf_logreg,2,4,194,113f455fcca39b28919c8669b561494bb48c8a7b1abb08182e38efba3ba3d49d,yes,yes,0.7394149036288777,1,1
learned_hands_consumer,tfidf_logreg,2,3,195,01467176da7f8beaabb7d2d981d4c2a5d270c4de1ee41090eb7fff34ad10f233,yes,yes,0.6317308616731423,1,1
learned_hands_consumer,tfidf_logreg,2,3,196,3917492faa9e47e7106ba122c3a1618a26df3dcdbcf5803ea5eff8caeb3a85b8,yes,yes,0.5932126736466583,1,1
learned_hands_consumer,tfidf_logreg,2,3,197,cde8abafba1e7a412e01f15ea5b8b45f4e1c8f3f37c5ed8ecf8670617e0e3ddc,yes,yes,0.5012049124278233,0,2
learned_hands_consumer,tfidf_logreg,2,4,198,61ae855f1482eb8f9d691ed3f1d20ebbea6fc43c48a7559ddaf77710f2c27152,yes,no,0.5828352056475008,0,2
learned_hands_consumer,tfidf_logreg,2,4,199,f35f9e77ffc5ac7a0d42e5a637d3ec3f6ef2830b8c178fdb6a5c951cfeaa3e88,yes,no,0.5387357963541235,0,2
learned_hands_consumer,tfidf_logreg,2,4,200,82f9efaddab72f81167b375aff7cc6c2537117b477e6064545d97be910ff945c,yes,yes,0.7190658158606252,1,1
learned_hands_consumer,tfidf_logreg,2,1,201,967afc85cb2c22088e649a1faac841a0d2609f7e11fe94eef9bd17a4daa54688,yes,yes,0.5093082048422315,0,2
learned_hands_consumer,tfidf_logreg,2,2,202,5648d782c24eb983d5cf18c59b05a1a47459a5dedd4e5335a0232c23f062944c,yes,yes,0.6065030096124997,0,2
learned_hands_consumer,tfidf_logreg,2,0,203,157bd549be3ab1bdd3e21c29805aafdc0d0b45c1aa52b0a397ab9236a4e5c944,yes,yes,0.6348655124355949,1,1
learned_hands_consumer,tfidf_logreg,2,4,204,525f45b4239b35c4038470e08628f267e9887f1c30b0aa84a2d5d01464da39a3,yes,yes,0.6183456620061363,0,2
learned_hands_consumer,tfidf_logreg,2,4,205,0a0807c3257345430140d80f2b2b7210e572d13f47d5ac8a65174de1142590b0,yes,no,0.6016981542066963,0,2
learned_hands_consumer,tfidf_logreg,2,2,206,a2b92dbd2ee6fd008bb6aa904caa64641950c475cddad723b2644f23c751a0ee,yes,yes,0.7392364389317099,1,1
learned_hands_consumer,tfidf_logreg,2,1,207,a2ed73e250907017f6d7fd66c658c04c6a137575d6ad765f993661edda327577,yes,no,0.5845695896444618,0,2
learned_hands_consumer,tfidf_logreg,2,4,208,1290d537ea8750e4e91f20b46eec10646ce12ab7d86dfc91eb09b608405fe90f,yes,yes,0.8568806314472963,1,1
learned_hands_consumer,tfidf_logreg,2,3,209,a0f7d16e25d9f13501287713351ca9111410082745756d6eff69a544a7ce0fab,yes,no,0.5026740570176711,0,2
learned_hands_consumer,tfidf_logreg,2,0,210,adbfc9de80cf0100c04073d2c24a7a39ad794835be05b45cd9a54b30876e1bae,yes,yes,0.775396867232982,1,1
learned_hands_consumer,tfidf_logreg,2,3,211,33d047d7bf09f05c00081ea7055f31cf8f5cfbb5f1ceb5b0376de52b5d66fca4,yes,yes,0.5042039844243472,0,2
learned_hands_consumer,tfidf_logreg,2,2,212,8747eec3bef3a1ac47c5e03b2a3185ec7be0382a48e8f07bc6b009f884106d3b,yes,no,0.6297165708037513,0,2
learned_hands_consumer,tfidf_logreg,2,3,213,49b127f44fd96be9d276f55d1669f94228b7535cb909c7f6b272eb55f8881a2c,yes,yes,0.5873792373466251,1,1
learned_hands_consumer,tfidf_logreg,2,3,214,dfb7f7c0e45b4a7671e7808a09335109e684ec1f7b896028808720b751c76290,yes,yes,0.532982675379646,1,1
learned_hands_consumer,tfidf_logreg,2,0,215,db97720cca0e39dc598257024bac71c263aaf9886f335cf6cd722539c19eacca,yes,yes,0.6485919752386804,1,1
learned_hands_consumer,tfidf_logreg,2,0,216,64859a67c19bf56da59ad97eab9f8da73202e6a6dd9d3bbb9372afcb47b0408d,yes,yes,0.6301855723547369,1,1
learned_hands_consumer,tfidf_logreg,2,2,217,f449fe5d57975f0caf323ecddfcc9b9dccbabe88c5ff42bd31a1d65fc7a824b5,yes,yes,0.8084484111694955,1,1
learned_hands_consumer,tfidf_logreg,2,4,218,fa078ce3c2ae45c10df8aa0a800c47eade1e7510a46eb24bbe627b87d2938a68,yes,no,0.6964940793568035,0,2
learned_hands_consumer,tfidf_logreg,2,0,219,f2fae4fb37730a28c6c680ab68c6e0cbcb083e46d89296b52700b2b28ed2e203,yes,yes,0.693539167726024,1,1
learned_hands_consumer,tfidf_logreg,2,1,220,ca57b26977335b108fd0d46872d220af17b298c5169ea6a338028e3fa941a5c0,yes,no,0.5375445207635566,0,2
learned_hands_consumer,tfidf_logreg,2,4,221,9f6359257abe0943f69a9a6786fccff089c30ae5f302d29d57c21ec0cc0fb8bb,yes,yes,0.5867840609734264,0,2
learned_hands_consumer,tfidf_logreg,2,0,222,da0db19cfa506b30e60a6cf05fa27f60113ec86ac8308c44eddc1cdeb6e6b707,yes,yes,0.6184953962676911,1,1
learned_hands_consumer,tfidf_logreg,2,2,223,013033315bef6946bef54c7e1e5131afe73897a10507585acff502cb07b082d1,yes,yes,0.7037260982877919,1,1
learned_hands_consumer,tfidf_logreg,2,2,224,01ca67ea223ea6f3f78966619c3d177754184bea73cb662ffc54be7eded55946,yes,yes,0.6561054452843638,0,2
learned_hands_consumer,tfidf_logreg,2,0,225,0972b858c77e9cd796c6bda370f1d6b2ea20798091434c33f49f1827e4a678cf,yes,yes,0.567849860900605,0,2
learned_hands_consumer,tfidf_logreg,2,3,226,478e48024c876788e7ac0b2943d399c14bb997ab82a37ee11247a5b223d23f4f,yes,yes,0.550476432088327,1,1
learned_hands_consumer,tfidf_logreg,2,2,227,dd602e9be0c77e5a1bf15d2c5db5302c6b6d2b8362f95c146de1f5d3ea45031b,yes,yes,0.6060386665054711,0,2
learned_hands_consumer,tfidf_logreg,2,2,228,e86c4500724cd80b78a41c3de49d5f623baba6615be341878c3f40d1a666fa36,yes,yes,0.6138394530178404,0,2
learned_hands_consumer,tfidf_logreg,2,2,229,44f8bde89aa71070a44a090fe6553fe64a785e0148291429f98b65d8cc35537e,yes,yes,0.9126761223319767,1,1
learned_hands_consumer,tfidf_logreg,2,4,230,f92a5c6258f5da9bffe36fc1a4498f1086f4d296b5c28109401777d767f46946,yes,yes,0.9155213424963649,1,1
learned_hands_consumer,tfidf_logreg,2,3,231,b8099af0f4a08d3625fefbbdf920208ab786e82be6d9e5ecd373c981c3bd90c4,yes,yes,0.5735527303570149,1,1
learned_hands_consumer,tfidf_logreg,2,0,232,dd6b7ca454c08a409f4171cb97167a8c91e862451ec1b92eaa7d9393934cf91c,yes,yes,0.5691547870701802,1,1
learned_hands_consumer,tfidf_logreg,2,0,233,fdb76c188296362ef951b02157cc4150c8d3a0750fe72942787d491e6ddc18e2,yes,no,0.5027182734988243,0,2
learned_hands_consumer,tfidf_logreg,2,1,234,b78102f7318502d1b26dbcb12920cd58ed53891ef8b61bff2b15f5b432da91f0,yes,yes,0.8958064822579946,1,1
learned_hands_consumer,tfidf_logreg,2,3,235,5a37498c5c481cdd1e4bd5190333a14a0190aa3aede5364087479e33c293e1a9,yes,yes,0.5534859733593481,1,1
learned_hands_consumer,tfidf_logreg,2,1,236,eae4558b0617e7ebc54a6ebc59d2dde3f9df33d4ce6cb6404452671b374ff797,yes,yes,0.8834108172518659,1,1
learned_hands_consumer,tfidf_logreg,2,0,237,b25bbe0ef882d9b6ee6ca640d619e47af1ba4b4303c92a73e17071d2b63f6203,yes,no,0.6674140883082338,1,1
learned_hands_consumer,tfidf_logreg,2,2,238,3415dc4afd4d574b0da83ec6d205e580b78b683ce427d70cb6192aa1345ada00,yes,no,0.528051798991962,0,2
learned_hands_consumer,tfidf_logreg,2,2,239,e4190a6930b3800fcc812916fc24cd7666ec7ccade668b74793a25cf043ee8dc,yes,yes,0.7716296096275366,1,1
learned_hands_consumer,tfidf_logreg,2,3,240,2a1e5635eb53609c5660dd54ea549b8c7ca1d8ef3709e5692cce67005fde384f,yes,no,0.6058226794501139,1,1
learned_hands_consumer,tfidf_logreg,2,4,241,1587f650838e742b5adbc001e25e86b815c1c282f7e24b9a7f46e2c9c7e7663d,yes,yes,0.9065412984230218,1,1
learned_hands_consumer,tfidf_logreg,2,1,242,3aeb06e0988c30e7dd4b9857f1305ee50a9955e156a1e1a8bfb635878c936da6,yes,yes,0.7196643538196982,1,1
learned_hands_consumer,tfidf_logreg,2,1,243,0ba639fb1b8f0dcb2fe9cffb9b96ec4f2cc182c78d9a521ea1b367d5c28385d0,yes,yes,0.6175092412931328,0,2
learned_hands_consumer,tfidf_logreg,2,0,244,ebd5c1534b316d246d849144a17469ee09729233fad0f39a8a330fdfa15b9628,yes,yes,0.510148233462365,0,2
learned_hands_consumer,tfidf_logreg,2,4,245,401a36474fa40d2d999cd260f57ca66ab83fcb63de68f578a6d6ad7d4ec4bd2e,yes,no,0.5036683440301148,0,2
learned_hands_consumer,tfidf_logreg,2,1,246,4176b37a2179c60a956b8746678c2a674aabbd9e086407904b2475af255d13bd,yes,yes,0.8824917382773388,1,1
learned_hands_consumer,tfidf_logreg,2,0,247,95933a28191a6e558a2911f9c54efc9e53d3ba70d036eac4f4fcf1044bbc9d88,yes,yes,0.6204974078430465,1,1
learned_hands_consumer,tfidf_logreg,2,0,248,0f4ecd29ccebf4ac6e235b28298c170a1c4939a57f8d2bae941d4292bb91c9e2,yes,yes,0.5365545551412095,0,2
learned_hands_consumer,tfidf_logreg,2,4,249,061be30da02e5927c05d4f6dcb0ebcaa8bda9da95f663afc3448b40f550c8dcc,yes,yes,0.6371917988512921,0,2
learned_hands_consumer,tfidf_logreg,2,2,250,6c7deef4168bfdd3eb4f65e34ff1a5b08e7d07a494276e6dbc72cf08dd1d9ea3,yes,yes,0.94282292232067,1,1
learned_hands_consumer,tfidf_logreg,2,3,251,3fecd30afaf717ef4d633f041d6b64abc35956652a123bf652a024e051aecbd2,yes,yes,0.5203192420590234,0,2
learned_hands_consumer,tfidf_logreg,2,4,252,618080a1456e3ee68a8c336bd1951f8be686d4b280ba12acc2afbc0afe6f5e6e,yes,yes,0.8325136881569551,1,1
learned_hands_consumer,tfidf_logreg,2,3,253,7d9553904434b833510ba4f74348cff64322921c601077d281c33b3d61d048ca,yes,no,0.513440803304613,0,2
learned_hands_consumer,tfidf_logreg,2,0,254,851524b83e3b815d2b8ad94407c2a48429aa45e82bd9c1b64ffd780d6c3a0de3,yes,yes,0.5900570943146037,1,1
learned_hands_consumer,tfidf_logreg,2,3,255,cb21cc98accfbbfc1ab6fb040d28dc4a525dd125dcded30bbb6688922bc0bcf0,yes,yes,0.518409353351963,0,2
learned_hands_consumer,tfidf_logreg,2,3,256,77a1a7abf05f1aa064c4d1f51619137f7eb2bd94b8ddc362bc14f64be0bd2a01,yes,yes,0.5033614369488484,0,2
learned_hands_consumer,tfidf_logreg,2,1,257,3d22a52452442ace2422e3134c77857c8d5686fd9080d9f42bc9438a845f4c89,yes,yes,0.7603272092944809,1,1
learned_hands_consumer,tfidf_logreg,2,1,258,aaa2f84803feb0579309aaee905dbe769a0e41a5a6daf89677d4a8534aa9819f,yes,yes,0.7500635161206706,1,1
learned_hands_consumer,tfidf_logreg,2,0,259,cbf21ed32acc01ddeaa5380d184a96c3ca5b84614bc1f3a1a9583fa9b891c05d,yes,yes,0.5675818254886478,0,2
learned_hands_consumer,tfidf_logreg,2,1,260,370cc782f60a07b178ac3c0ec5c92e1d6072d6798ba29e27eb089d3af9d06cb5,yes,yes,0.6223301267421032,0,2
learned_hands_consumer,tfidf_logreg,2,4,261,e2fa618a66bdb423b63a86d231a23868e8833853ed334799049daeac30367a88,yes,yes,0.655260872093919,0,2
learned_hands_consumer,tfidf_logreg,2,4,262,6c81e7b6dabbb3574a09c499dc7a67ca24d31c6e646bab4ced51cd8c78f55ea7,yes,yes,0.8651647020768615,1,1
learned_hands_consumer,tfidf_logreg,2,1,263,1f341a6355c5c3b945e1a2b14b3434e8b3904eb4eca3e24c87941d86e705e57e,yes,no,0.5401994851435563,0,2
learned_hands_consumer,tfidf_logreg,2,1,264,6adfe2187f8557b8f6378f034717bdcd2f522a0df00806a04c1dfe98b3e997bd,yes,yes,0.797391558210969,1,1
learned_hands_consumer,tfidf_logreg,2,0,265,8bad5933bcb5967cc9bc4abe066d28b765494f7a0dffd407c47d6d8067553308,yes,yes,0.5748080727546913,1,1
learned_hands_consumer,tfidf_logreg,2,4,266,c55600e95d9b4eb897af3302c41acc84e2d54157f428bf1f8caec3b61e668da5,yes,yes,0.8533582170276431,1,1
learned_hands_consumer,tfidf_logreg,2,4,267,13c0dc364911dc9186a0c024e55f88be572c4deb5878fbd82d310ecaf5f45d13,yes,yes,0.8595342956590734,1,1
learned_hands_consumer,tfidf_logreg,2,2,268,3321004b9ab1144d0dfdcb61b18d746e047e1eca73ce7e0acb9fbd0e7c724816,yes,yes,0.5719203873893041,0,2
learned_hands_consumer,tfidf_logreg,2,1,269,19d396f6ee8676b8e14abd050a0d810589baf0188e806f72eac507d7a2c545a3,yes,no,0.5451398784278277,0,2
learned_hands_consumer,tfidf_logreg,2,1,270,7eb4eb67f8d71b2387d20ed2f7c7421eab13eb8910aca82d69fdf9a9273ecb96,yes,no,0.5338258057000059,0,2
learned_hands_consumer,tfidf_logreg,2,1,271,21f6bcc2b642898b25da24d91a08efc8029b34d97d979ac84183c75b0c07b9c0,yes,yes,0.5167832211134963,0,2
learned_hands_consumer,tfidf_logreg,2,2,272,63a06c8bcc7dbff84f881459fdf825076cb5b36209132b00c9c84eeeba7b6eb8,yes,yes,0.8504388661755099,1,1
learned_hands_consumer,tfidf_logreg,2,4,273,94b8923b3eddcc3f61a255a8e42041ab7f8e96bdae7e23fa5dba20dd65b82fa6,yes,yes,0.5733894981539521,0,2
learned_hands_consumer,tfidf_logreg,2,3,274,c2ccc5ca47171285fb0298be4298f50882121913b48b7ac1e796a30c532811ba,yes,yes,0.5565339845089345,1,1
learned_hands_consumer,tfidf_logreg,2,4,275,1f6071d3d10ecfa1b75476a7071af685e3ba15fcf7b2a774e39b20191e1fe074,yes,yes,0.8331427676589097,1,1
learned_hands_consumer,tfidf_logreg,2,1,276,11cabef5b7d7edbcc7de996da7ddc824772faa6248373f429b29567c5017f865,yes,yes,0.5759813633977608,0,2
learned_hands_consumer,tfidf_logreg,2,1,277,9136c7f7286a3ee6b4af4f2c4bd396e5528e9e59d4a11138840961213324a902,yes,yes,0.7740040917117597,1,1
learned_hands_consumer,tfidf_logreg,2,4,278,45b8aa00e5100aa8e27c34109569ad374e89747c8859165962bd4b50a718dec3,yes,yes,0.787216937098438,1,1
learned_hands_consumer,tfidf_logreg,2,4,279,93a67fe947a834ff1518acdef3d3503a43de70821df3f53bacca03fe73994e4e,yes,yes,0.646016651188721,0,2
learned_hands_consumer,tfidf_logreg,2,0,280,f9aa283cb36bd865eb6d0e00dec619c048e1b8f0e8830f12b5d02008a0b97ace,yes,yes,0.5457616539506074,0,2
learned_hands_consumer,tfidf_logreg,2,0,281,55de4e8dcda9a6328913ef54a1ed9351f1f426737486cdf8f668ad83b8388f73,yes,yes,0.5214428620026472,0,2
learned_hands_consumer,tfidf_logreg,2,2,282,6bcb70ea6c53d9d2735995ffa331f18d0e9d9cc24ba93acb53376ae8483ed8a1,yes,no,0.5330124611146163,0,2
learned_hands_consumer,tfidf_logreg,2,4,283,78da2dea499e7edb487d60fd31327140d7546b18febaf57879bbba65e8c1b04e,yes,no,0.7898906492249155,1,1
learned_hands_consumer,tfidf_logreg,2,3,284,42fb96e3e3db8353adc2b84b435807f73584555187d03911234609ed6e85bfe6,yes,yes,0.6148266553523375,1,1
learned_hands_consumer,tfidf_logreg,2,0,285,ecfc65fba09f92e19dc001350da2ef8adc932c234c862d0db0f1879f2e7c8794,yes,yes,0.5369216632552053,0,2
learned_hands_consumer,tfidf_logreg,2,3,286,c191adb1d624b20f83068f7b5908de47c6c5209a753e4de83b528e1156b3c2b0,yes,yes,0.6006854264326105,1,1
learned_hands_consumer,tfidf_logreg,2,3,287,644bc0e92cf759be58ca6610fa275080515a65a91b581445be9cabf7ffea0e15,yes,yes,0.5430080269732579,1,1
learned_hands_consumer,tfidf_logreg,2,1,288,a79143144aa9b5670c2ef1346d67999dca1710bf76a38aefe7d8c7b71ae44b79,yes,yes,0.9054791106378234,1,1
learned_hands_consumer,tfidf_logreg,2,2,289,29d068c39f2e257adbe8beebd86189c3ef328bbf2028cdf5c6d3ede0e5ddc09b,yes,yes,0.8925350093118045,1,1
learned_hands_consumer,tfidf_logreg,2,0,290,fe9822a59aebf2d41016c82deb1d427382b2666a1fe39079f87be07fb936b617,yes,yes,0.6621182697248774,1,1
learned_hands_consumer,tfidf_logreg,2,1,291,56bb42f2ccd6615785428ca0492a89e2c4c3ab2f9fa44ee197d3da8fab2c5842,yes,yes,0.6100228241722603,0,2
learned_hands_consumer,tfidf_logreg,2,0,292,5299348ae3f81c25293e952182bb6bea15382e9da7443711aa78acdaf4b6bcb8,yes,yes,0.6861693679495806,1,1
learned_hands_consumer,tfidf_logreg,2,3,293,73a78266e6561f4e4c9baa89057beda5a92213b2ef917e1272c2ece8cd9b7704,yes,no,0.508632630222233,0,2
learned_hands_consumer,tfidf_logreg,2,3,294,79cc9d9097ff95d4d5569540eb3711865f517ab1a2a0fc876da5c48598ee3cb4,yes,yes,0.6085025110052421,1,1
learned_hands_consumer,tfidf_logreg,2,2,295,3b85fae280cd98abcc7e78ae4627a4c94eee68cb0bdc5b31dc3b1cf2e53949ae,yes,yes,0.569878063962662,0,2
learned_hands_consumer,tfidf_logreg,2,1,296,32072d7df35d23c7cf165a1afeb9be63ebbdcf2c94cee75f9b5a90b78e19dd28,yes,no,0.5264155116250192,0,2
learned_hands_consumer,tfidf_logreg,2,2,297,16bed4a62e2738950d2587d30c25ed9c5d17ea5f0cc5e91f1148a4cb64162453,yes,yes,0.7856216630416372,1,1
learned_hands_consumer,tfidf_logreg,2,0,298,3473fc0f42c76ad19ef3ec2771d01d619478fb7fab7ea70d94e7fe0f1bd61128,yes,yes,0.6415297760906331,1,1
learned_hands_consumer,tfidf_logreg,2,3,299,251efc17ee26f8f9c544871f61f6fd54cf585d0f3210406eb3c48c825a10d526,yes,yes,0.6027591015062896,1,1
learned_hands_consumer,tfidf_logreg,2,0,300,4b657305ddc7f357ec185bc9abec0fa67e2d4d4fb0afb00f8e83e73a4c712e8e,yes,yes,0.5185113029892158,0,2
learned_hands_consumer,tfidf_logreg,2,2,301,f85e7456c7160ff553b31db76a443f79214f6b2cd4542c3bb171595928ab6558,yes,yes,0.9112622203445977,1,1
learned_hands_consumer,tfidf_logreg,2,4,302,243386ffe9922a67ec10fee19cff0781c4d76b6a78a32ec20ae1b9ece92bf995,yes,yes,0.8995415704960621,1,1
learned_hands_consumer,tfidf_logreg,2,1,303,85d4e89725d489b9e3820f724acfc754d59767d51140be8d70af3bb2eb4198c3,yes,yes,0.8202591440558071,1,1
learned_hands_consumer,tfidf_logreg,2,4,304,f859129d9d2aa75e88d6602d1563b367b5d45a031c53939b17889bef5d0f147e,yes,yes,0.7730488844985058,1,1
learned_hands_consumer,tfidf_logreg,2,1,305,483ac3b333ee68b7196086031e6a08e2fdb91c52f28a3a861f23a2c8ec75478c,yes,yes,0.6642098691857282,1,1
learned_hands_consumer,tfidf_logreg,2,3,306,6eef9bbaaa01f32394020b689930f9d2ae66836d280dfef0cac99935536b4a22,yes,yes,0.5472933380864803,1,1
learned_hands_consumer,tfidf_logreg,2,4,307,2bbdbbb31e0f69cbd29d755d0e4fb9a5a932b3b1effe5a664bc674ef725addc2,no,no,0.9293927269950815,1,1
learned_hands_consumer,tfidf_logreg,2,1,308,5779a2e66767851f78c4baf2c51d3e6be6d917949d5341b98c489bbf0f67f6f3,no,no,0.5265118377974606,0,2
learned_hands_consumer,tfidf_logreg,2,4,309,24481de31a2b3036d71dc474adac585b922e4bdfb8287ce43a3ff34846620b73,no,no,0.8772802800496283,1,1
learned_hands_consumer,tfidf_logreg,2,0,310,13b626d60d254c4999ca862d60b0f13ec9378504e9fa2fa1c002db747518bc7b,no,no,0.7040117312326077,1,1
learned_hands_consumer,tfidf_logreg,2,4,311,97939ad30f5a35f45ccb7fcb190a65552ca404ca227456e1ecb4f5a57c3bed17,no,no,0.5833251773503381,0,2
learned_hands_consumer,tfidf_logreg,2,1,312,8616d00b5609b9a12db9741cc2c276068fbfffd9d02b80e12bf3dc55ef37b07c,no,no,0.8242872165669441,1,1
learned_hands_consumer,tfidf_logreg,2,2,313,65e5a2fd7a388ba873ac967c48adb5664e74f76db3d95f15af7230c45aa27115,no,yes,0.6228966194254839,0,2
learned_hands_consumer,tfidf_logreg,2,2,314,0b5ab1b563bc3ef18c295476f388386fadc1cf299ab20f258f1dffee0f8157b4,no,no,0.9250378480099688,1,1
learned_hands_consumer,tfidf_logreg,2,2,315,c70617e5ad6a4b2e699841464467e2a1387594382a39a10f5f3aa0ba238dc8c6,no,no,0.7161476591388001,1,1
learned_hands_consumer,tfidf_logreg,2,3,316,bc9f773c51514a7ad309a672115c1b9f79304095ccabcd53343b945d6ce19ec8,no,no,0.5178888373238705,0,2
learned_hands_consumer,tfidf_logreg,2,2,317,0af96d52fa6c71f1943351f5d1a07e10d961983e0c4a66784a937ad8bbaf2f0e,no,yes,0.6219889869708843,0,2
learned_hands_consumer,tfidf_logreg,2,0,318,f4a7c81fbb4fe3b5a0cdb370b458074ab8fa6f11fe41ced9df994fd2f420f362,no,no,0.5775685060986264,1,1
learned_hands_consumer,tfidf_logreg,2,3,319,71d38fe12b75052be0651bda2d4f4efe697b07d365bf41cb14841da2688b94f5,no,yes,0.5491400777381424,1,1
learned_hands_consumer,tfidf_logreg,2,1,320,60a86bc631bcf63cb1c4ced84c0f60928e57bb2abcf79c23baa53fea95cc1aa3,no,no,0.8889133927973396,1,1
learned_hands_consumer,tfidf_logreg,2,1,321,e06e690d6aad76f736293110bf1b57c294435c42a47933cd1acab74063fa7102,no,no,0.722352344025488,1,1
learned_hands_consumer,tfidf_logreg,2,0,322,a90e11f52d0e31db828e5d845e5fc33cb9bbc6922bce8244891dbc15b22a7483,no,yes,0.5491826085735988,0,2
learned_hands_consumer,tfidf_logreg,2,3,323,7f6a2fb0578a33bc0482677bbc588e70a785c7bea415b62486a564b37d2364a5,no,no,0.5712518404040023,1,1
learned_hands_consumer,tfidf_logreg,2,2,324,91f9aed41e41a457675d9814a53f7e293fdcc37d5ecd967c9a49b0e1b38c3587,no,no,0.6177743824534766,0,2
learned_hands_consumer,tfidf_logreg,2,1,325,ca37e43e8db1c44dbbb19c01ee3aa67ed7d3e032717d029d12d8ecc1e8da9e24,no,no,0.7634101767629922,1,1
learned_hands_consumer,tfidf_logreg,2,0,326,2fb4fb6b593cdd7c3e2fd5c6e362a22a579395bb61b602c450cca3538b8e24ef,no,yes,0.5160757194750961,0,2
learned_hands_consumer,tfidf_logreg,2,4,327,c74e1031658129cec56f52de73b243a87d110480b7489b898798c788c64954c1,no,yes,0.6238878200554937,0,2
learned_hands_consumer,tfidf_logreg,2,1,328,12a1ea95bdc51debd507323d28586d8cd6725f1b2fb39a9a12ccea37dd723d96,no,yes,0.6572726755153837,1,1
learned_hands_consumer,tfidf_logreg,2,4,329,985ec3dfb0c350854d7b1baac2c3332760dc5c321f1cafa4bfd44c6712e2ced1,no,yes,0.5097247150261692,0,2
learned_hands_consumer,tfidf_logreg,2,1,330,335fb0b1b9fad31fa5c37ca3233826815b93d197d51ad6e25f3adb819181b8d5,no,no,0.9195757033407997,1,1
learned_hands_consumer,tfidf_logreg,2,4,331,c1a730a7b254e70e6ac0d37573a2caa83d4df82d7e52868bedaff06ebe6b6878,no,yes,0.5628260856927197,0,2
learned_hands_consumer,tfidf_logreg,2,1,332,2c4155ce67ad13aaa45fffc3554b95daf5261dd7f91fb8fd64dec003bfb9e74f,no,no,0.6532538593042925,1,1
learned_hands_consumer,tfidf_logreg,2,4,333,6ceaa70ea927c42a727227f3a30b6f624dcea1bc117cb238827bb15af9517c39,no,no,0.756189540429131,1,1
learned_hands_consumer,tfidf_logreg,2,3,334,7d6f93cb8182ac12b92485985653cd0fd562085122909d87b4336f6ee3e4666d,no,no,0.5319726027194023,1,1
learned_hands_consumer,tfidf_logreg,2,1,335,cf8776ba226b044303c6bd7ec8aa16cfacbe82cbb01b00fe365ab899a5adc5f8,no,yes,0.5647962503703192,0,2
learned_hands_consumer,tfidf_logreg,2,3,336,63d2423f809c612df5098e911ca5ba908d510a563c38c6d97d504e390d18c390,no,no,0.5256030495873293,0,2
learned_hands_consumer,tfidf_logreg,2,2,337,52f14dd7aea76b56f013c46377c11006c81b564a73a8fa44e2a4843c3f9ff85e,no,no,0.5770003718395927,0,2
learned_hands_consumer,tfidf_logreg,2,0,338,cd0992eca3b3ebd4ffcc36e8430e138824f9b105e6764dedf74a8ce2d5549fe4,no,yes,0.5875789348384759,1,1
learned_hands_consumer,tfidf_logreg,2,1,339,5a8803fcccb50853b2c3856ee82785bd156f862dd26d34c99efdea4519a7e214,no,yes,0.5094887036710659,0,2
learned_hands_consumer,tfidf_logreg,2,1,340,617fea7762c73987c8e9da050c8cae25a1aefb6ea95ff5d081b8e51f028dbf2e,no,no,0.882620171295809,1,1
learned_hands_consumer,tfidf_logreg,2,2,341,d4093169f98d05e7565a5542038529f1fab35b60cfe43127811daa861d935feb,no,no,0.6772390707011102,1,1
learned_hands_consumer,tfidf_logreg,2,4,342,e8a22694731ba2e5a7312f7d4a02b03f7e4bc081c76f7068d665ec82ab92f3c7,no,yes,0.7750287727435039,1,1
learned_hands_consumer,tfidf_logreg,2,4,343,7a0a05fc729a8f64cbb6ca9c295a3805e152b645fbd81571861db6a5918d5618,no,no,0.7558919105532701,1,1
learned_hands_consumer,tfidf_logreg,2,4,344,1de94b175a0dc3b16576ef02ea9b734786aa3bc35b5be8fbeb644479593c01bd,no,no,0.8637768377749073,1,1
learned_hands_consumer,tfidf_logreg,2,2,345,7eba9bd21b877177f0ea63bb88313953a4c47a8eea950c93500fbc398e54e665,no,no,0.8314644476228917,1,1
learned_hands_consumer,tfidf_logreg,2,4,346,aa01251703c5de088b207ee1e21487e51f88caf08d8d578aef87fead3ecefced,no,no,0.5984228129439769,0,2
learned_hands_consumer,tfidf_logreg,2,2,347,e9f5e96f340dd75e497ed93a4a1e722cfce986d2cec52aaa027ca7778586ad19,no,no,0.7131571248289219,1,1
learned_hands_consumer,tfidf_logreg,2,1,348,4b9f93fed8e41a2a2c5f0994cdca3aca0eda1b96dbd2f74d5afcd2a43889c2e8,no,no,0.8390802403818438,1,1
learned_hands_consumer,tfidf_logreg,2,0,349,f05855943024f908afbb53b1527e164e7e5e5ad16ec0192747e08513f2bf77c0,no,no,0.5628312518769217,0,2
learned_hands_consumer,tfidf_logreg,2,1,350,1c49793aa9d1312bd32ea93d0d8c4aefe10836b786d8cadf7c97738717ce9d31,no,no,0.8602306975938694,1,1
learned_hands_consumer,tfidf_logreg,2,3,351,580b5ac0770fb1b9a6472f9a88911a26a88cc2d70c1aa230e26ba6905581d32b,no,no,0.5966188820984586,1,1
learned_hands_consumer,tfidf_logreg,2,4,352,d1a95b753ee546201b5cf71e8a8910ffb93f06b981363dd24190b9627693f2cb,no,no,0.8159353557458116,1,1
learned_hands_consumer,tfidf_logreg,2,0,353,f123cdff3722febd99751bb5a64770c85fc6707f63c07bae56510ead6672a690,no,yes,0.595595771145268,1,1
learned_hands_consumer,tfidf_logreg,2,4,354,013a1816aae065dc4d8f6a910347c85c867197f1497645a47e5cb14cab38f57e,no,no,0.6998455920926938,0,2
learned_hands_consumer,tfidf_logreg,2,2,355,d27505c28fcef3d7434ea6bd8d7130e051f02503586c1526d71160be1310e40f,no,no,0.8131698926427251,1,1
learned_hands_consumer,tfidf_logreg,2,2,356,1130e23cb8e7f0a6fc9e659f4c94b732fa1953b7a98b3a9fcafb074532c54af8,no,no,0.6299885816069432,0,2
learned_hands_consumer,tfidf_logreg,2,4,357,9a69a9f0e0418372ec3def21b9ce927af42a49df1d185967290ada823319ad8e,no,no,0.721460573971582,1,1
learned_hands_consumer,tfidf_logreg,2,4,358,d0b3728beaff318ee83ad916c45c5c6802c6634bab63d6de065eff3af6bb2839,no,no,0.8977938970147276,1,1
learned_hands_consumer,tfidf_logreg,2,2,359,492cdbdcc254342378744c1f8b9dadd066628ace9a1a65a515633708701c9342,no,no,0.6707524367204871,0,2
learned_hands_consumer,tfidf_logreg,2,0,360,7c272499aa6af5b9c7b2de749a65adfa813cdc4061012c6f9a62fda253e08104,no,no,0.6097696417394519,1,1
learned_hands_consumer,tfidf_logreg,2,3,361,e09a2160df994ff65eac81266e80dbb544860bb0bf9a7322caeeaddef40d8ffe,no,no,0.5405996585461834,1,1
learned_hands_consumer,tfidf_logreg,2,3,362,7c408b03bdd1535120a56621fe2fc9d7c4ef4b22699b623e4970ee45767ebba9,no,no,0.5822317483289245,1,1
learned_hands_consumer,tfidf_logreg,2,1,363,c41ad8c362d3233072dfc9f51c09010958870b25d095046a29cc7e47cafd392d,no,no,0.738976630145433,1,1
learned_hands_consumer,tfidf_logreg,2,1,364,67f538667db398f86344c56348d00c791c1ec9ac0aff37d556bb99dd32897983,no,no,0.670286764878433,1,1
learned_hands_consumer,tfidf_logreg,2,0,365,ddf035db365fff2212de2488a54adb763abc3e92a2dad325570e9d3251388841,no,no,0.6254690653596602,1,1
learned_hands_consumer,tfidf_logreg,2,2,366,aee3ace2d8ef27f3660fab84d93dad6ad86bf221676864042357c5e92059a85e,no,no,0.9367038217584681,1,1
learned_hands_consumer,tfidf_logreg,2,4,367,9913f5e62a1afcba67bee35c05d650381598f5b2c1380d1bb2a0f2ae1cc63e6f,no,no,0.896970652073849,1,1
learned_hands_consumer,tfidf_logreg,2,2,368,00c018554b47c9496be37e1420e4483569efc3e3631c681205edc2ebb9c5b095,no,no,0.6179485903243048,0,2
learned_hands_consumer,tfidf_logreg,2,1,369,2c68763833a784dd4f1a5569f0af102d4fcf6b344f917b9d6e68c91bf223385f,no,no,0.8282586831615377,1,1
learned_hands_consumer,tfidf_logreg,2,2,370,c585104773d1883d86927f2b034566efd206fde08fe7e1d63efcf06f6ecd9275,no,no,0.613900485454181,0,2
learned_hands_consumer,tfidf_logreg,2,4,371,7387a5e5fad938d7e99b2c7c1f6e1158d97aec42e8d1218a21f1bfbd2e5ccac3,no,no,0.6664795610061829,0,2
learned_hands_consumer,tfidf_logreg,2,4,372,8a778c2a7882c353ea19f4b4177b18f73596a4d0bdf7c066488b237259d5c92e,no,no,0.6161282024681349,0,2
learned_hands_consumer,tfidf_logreg,2,1,373,66c80303be317d1ece0aedd4cef8d908db80607ebada9bb9e122cc5c60b05acd,no,no,0.7573169706697473,1,1
learned_hands_consumer,tfidf_logreg,2,2,374,844bffeb2e27126213a382107f2bfbd2eeb29a0aa34b39db7c237d94aa21dc6c,no,no,0.937666006811959,1,1
learned_hands_consumer,tfidf_logreg,2,1,375,ecc85367e5cf37586c263dedf5b348a050bbdf6b9249645651c148dca3f30d6a,no,no,0.8249638280368328,1,1
learned_hands_consumer,tfidf_logreg,2,4,376,2e572efe17abde9794ed1ca8e76aab48311dffe6e5f091aaf53a537351a6ec4b,no,no,0.6163355745285363,0,2
learned_hands_consumer,tfidf_logreg,2,0,377,8339831d993a8f59979c34ab2a332854935bb45ade809ebc382fde5b95859c6d,no,no,0.5290227278804074,0,2
learned_hands_consumer,tfidf_logreg,2,2,378,42142d842605f05b949df18cb8a99bb35cb5a3e606e1f59cff43626743752be7,no,yes,0.5057789512863126,0,2
learned_hands_consumer,tfidf_logreg,2,4,379,84f150b50421abc72aea1ff2b9e810ed64fba7c4f9d5ac41a9be6e901d2ee310,no,no,0.7611022375398147,1,1
learned_hands_consumer,tfidf_logreg,2,0,380,e87ddebafaf120552bd4e34cf6953ec369024fb7fc6e707e8c74058e178b1363,no,yes,0.5462063708580086,0,2
learned_hands_consumer,tfidf_logreg,2,3,381,1338d4a9807f0d53047962b57d76cf583420487b44853e8aaab6f0d6d454688b,no,yes,0.5527768827251323,1,1
learned_hands_consumer,tfidf_logreg,2,1,382,ec007d3323dd2053bf052016919bc0af90796fa0ca1b0409c6082066ee97a50b,no,no,0.6484079412210288,1,1
learned_hands_consumer,tfidf_logreg,2,1,383,d2cd0e5ee933d888b506be5632aed8062b91258070bea77b00cbf7a570a68547,no,no,0.8749406659975926,1,1
learned_hands_consumer,tfidf_logreg,2,0,384,b6426951bbccc28e0d00959ce601a50cfdbc42f0b030169fc40a2d195b99f4ce,no,no,0.5134218576241547,0,2
learned_hands_consumer,tfidf_logreg,2,0,385,a7f2631f19f997f8dde0f842d8a44c6be3a43a0e33208d7f010eeb998aedd90a,no,no,0.6041873582943365,1,1
learned_hands_consumer,tfidf_logreg,2,3,386,ee780d03a703ecf7ba9c48251e78cd4e9b7af05645ad48fff61fa919cf492135,no,no,0.5195156316172005,0,2
learned_hands_consumer,tfidf_logreg,2,4,387,2a45a35e29096acb668fa0ef232d5755b039d19bbf414f441fa03b6c6964e833,no,no,0.858085691265796,1,1
learned_hands_consumer,tfidf_logreg,2,0,388,db01549ee1c2f8c8cddf1988e9091c11b9c05afae796574b4aa7e58eeebe1ec7,no,no,0.7223699167457441,1,1
learned_hands_consumer,tfidf_logreg,2,0,389,63faab04056ecaa75521d5f981daa271b06f41399397a77f5b18772f7982501b,no,no,0.6274518023252522,1,1
learned_hands_consumer,tfidf_logreg,2,2,390,ae83caf06a839c78cbe1c040b85f5774b377a68c7cd5ca4e2df1e6b808f5c1b1,no,no,0.787338603264476,1,1
learned_hands_consumer,tfidf_logreg,2,3,391,9a3dd5e4246141a2e5cb3351f2f44bd41b29e28912043c8883ba1ee127ba989b,no,yes,0.5389432820503774,1,1
learned_hands_consumer,tfidf_logreg,2,3,392,df2ca5f08012ee422366badb625b7e85f8f8d13eeebbc8ec9a4e52cb9755e245,no,no,0.5212790255015136,0,2
learned_hands_consumer,tfidf_logreg,2,0,393,77b2b7af3d2e7d92346d21688da079b282d2e31d80505b4c19a05b664ed10fb6,no,no,0.6627975839130165,1,1
learned_hands_consumer,tfidf_logreg,2,2,394,ce03177700db149631f5a0748437e3e8ce566671b3939640d10d100e63e3fd16,no,no,0.5151787895316364,0,2
learned_hands_consumer,tfidf_logreg,2,2,395,a47f0ccc3396c563d1d54cfa509c381c6e8ffadc05e947351c2c88540f5992b2,no,no,0.5552558370203422,0,2
learned_hands_consumer,tfidf_logreg,2,1,396,d28d9b72ec96132abafad4420752c4f56363e197e4763aacee93a17b42e571ae,no,no,0.5428747160879829,0,2
learned_hands_consumer,tfidf_logreg,2,0,397,c6571efea3285b8369d41b3dd25ef48c253a0e321fcaeefa5d4e89023afe6cd5,no,no,0.57129716963038,1,1
learned_hands_consumer,tfidf_logreg,2,0,398,3f37d027870da81cb661495002a1a7fc86a664b28df5b372c3384fa16ab115db,no,no,0.5680358960302914,0,2
learned_hands_consumer,tfidf_logreg,2,4,399,1195fd2a250615c2ef282030a1bd1f0805e2944f0343faea81ddf121d0ccc994,no,no,0.8592834153442246,1,1
learned_hands_consumer,tfidf_logreg,2,3,400,52755383856e91c2af9d9af2cb1b6b5e2474b17de3d5bc750e466a0cac60f774,no,no,0.5816307791807871,1,1
learned_hands_consumer,tfidf_logreg,2,1,401,79a5f35751c76695e1441ec78b28a225fca1c41ea9c82882b2fc5535aa52607f,no,no,0.5937294432087015,0,2
learned_hands_consumer,tfidf_logreg,2,3,402,e8b28f4ace8f9d83a962e68403786fac2eb9f58c6f2f6f2fb4f640879cb943c8,no,no,0.5484944195490563,1,1
learned_hands_consumer,tfidf_logreg,2,1,403,49b50604e1e593b1474257b9770d20e0a60ddcf54a8b6890e153124f746b8275,no,no,0.7219830674881003,1,1
learned_hands_consumer,tfidf_logreg,2,1,404,9d7dcd2eae72e13950ca10701a907c961252af1dd61008203f0937eed002f2d9,no,no,0.8258036697413331,1,1
learned_hands_consumer,tfidf_logreg,2,3,405,3f5ca9261b2891516e2a5d24447411595d9562c1ff20862e0b1016f7ff1c32e4,no,no,0.5590551834899122,1,1
learned_hands_consumer,tfidf_logreg,2,1,406,4e20b69b4d085a8af12bd1e5f9d7e6232d82ab680cfc25e9a64195c6513cabd3,no,yes,0.5874181136404221,0,2
learned_hands_consumer,tfidf_logreg,2,3,407,9000d55fade254c6ca05e4c143c5341da66479eca3cc7fcba053382ab0a06d2f,no,no,0.5800233210760263,1,1
learned_hands_consumer,tfidf_logreg,2,0,408,1d4a66a5ebbe0fede76d2d78db8f5fc9f6c99b17daeca5cfecf1d41b10cf80b1,no,yes,0.510525740027338,0,2
learned_hands_consumer,tfidf_logreg,2,0,409,c6ab1cc27fcf3c46640e8614bb3cef65334f694f0dc7ebf7c14f0f95ff582cff,no,no,0.5848770671913112,1,1
learned_hands_consumer,tfidf_logreg,2,0,410,2808314a91f63cd0f210000ca0d99e536b41a5ef2a38b09b99706154ed097563,no,no,0.5597085176672971,0,2
learned_hands_consumer,tfidf_logreg,2,3,411,add411cc48fc3dd30ad7eef9eb447a04c306289987db61ee0f1a60eec669366a,no,no,0.5726874709565077,1,1
learned_hands_consumer,tfidf_logreg,2,3,412,c5e98cba61f5b7e99d394fd52e37b44f2fa2d4bd59a64a4fa6df5eb9c7d968ee,no,no,0.5215267816290727,0,2
learned_hands_consumer,tfidf_logreg,2,0,413,b065f229dea495ea981117badbe33bbb78f927032d079f6b45b57b9ff319ee3f,no,no,0.5049865114953778,0,2
learned_hands_consumer,tfidf_logreg,2,3,414,ba9af4f96d08829a0c9ec6aba9efeff3a00a2093dfdfbd72c8bd45f2bc9e6a69,no,yes,0.5088791228291136,0,2
learned_hands_consumer,tfidf_logreg,2,3,415,5d18d68c26e2f66f512fe9593484b459f2bcea6aa210183c392cf7ad40ddb4f4,no,yes,0.514771853660564,0,2
learned_hands_consumer,tfidf_logreg,2,1,416,e78402c565c5685cfe8d6f3023b3e7d2a6cacb870295e754ff3c7bd88851a1a7,no,yes,0.5086124218738262,0,2
learned_hands_consumer,tfidf_logreg,2,2,417,83791c54b327f91dec027e1575b5e0d327a0464147f41406fc441098e5403ca6,no,no,0.9182689657196763,1,1
learned_hands_consumer,tfidf_logreg,2,1,418,2054be735fa66a7be473f7d8d284cc496f2873f3c0ac26935232ccd60f9de832,no,no,0.8480826712517402,1,1
learned_hands_consumer,tfidf_logreg,2,1,419,bab1e0749854088c9ef136c8cc309c034a76a764cfc21fc0ff53362e4861636d,no,no,0.6248325399978736,0,2
learned_hands_consumer,tfidf_logreg,2,4,420,27beb276d0fba5a8e870d21c77162c178327fc1ad4e1c391cbb90aa0b33604e5,no,yes,0.551272166448645,0,2
learned_hands_consumer,tfidf_logreg,2,1,421,a1f504238378627ada42e6b4a5188dc174b5f75652a150163843892064abb22d,no,no,0.5283040778017019,0,2
learned_hands_consumer,tfidf_logreg,2,3,422,a005428946110152b42b0ec6663ca35a25f83f6d59f5b03454dc6b5ded6ed03d,no,no,0.5442268255153497,1,1
learned_hands_consumer,tfidf_logreg,2,0,423,9cbbae94185f89046b6054bb9bccf79344fd2aa88fe2a30fc15f75d34aacbef3,no,no,0.5622314041518139,0,2
learned_hands_consumer,tfidf_logreg,2,2,424,3be047961cac24031e53731a39990092e5be49c19c1bf50858f360635095935d,no,yes,0.6387653608846457,0,2
learned_hands_consumer,tfidf_logreg,2,4,425,ce81291a07edef587b6b3aadc6149395b531a8bc2ccd91e5c553fafdef0a6317,no,yes,0.5553664401633853,0,2
learned_hands_consumer,tfidf_logreg,2,3,426,e39dbe75b89613b758ebfbe9bb10832f0a92b0a0f06161e751f68ee02db8bc9e,no,yes,0.5358101470097303,1,1
learned_hands_consumer,tfidf_logreg,2,3,427,77f8b279f1b0c7568831f06897e485c63de90d157e9f5bdffc950d8b5339b76b,no,no,0.6104573090221059,1,1
learned_hands_consumer,tfidf_logreg,2,0,428,196d1c980028958aa696f055758fa3b2f6507b7e90205d1bb8c1232f9ed33879,no,no,0.5358372457361782,0,2
learned_hands_consumer,tfidf_logreg,2,4,429,867ba8abbec80d2ad80edb9dbea0eda8dc5dcbafdfbe36aef9c42b95537f0f61,no,yes,0.5223815813512709,0,2
learned_hands_consumer,tfidf_logreg,2,2,430,72af3f1cbcff79519e8d830ce39f1aaf8bc7b8e3c6a420f8e0cd0db3ab43e396,no,no,0.8599605470227141,1,1
learned_hands_consumer,tfidf_logreg,2,0,431,8ccfee9549ab36622cbef033779481a4709533ba1916a502e4daa4bee8356d6f,no,yes,0.5288503405666354,0,2
learned_hands_consumer,tfidf_logreg,2,0,432,f86e733c4aa27750c91274e7c1d24ef7fdb6886dedd3cd183e02ae97b21b71a1,no,yes,0.5331718905658991,0,2
learned_hands_consumer,tfidf_logreg,2,4,433,4e5a84a0e6bc8a79290a97622c2e27f93f35d3bc1d958a174621ce41587bc723,no,no,0.779921948097027,1,1
learned_hands_consumer,tfidf_logreg,2,2,434,60115ad7adfb7cd44dc9d3974fa6e91f75d4314b459afb6ad7cf046ec468f5d0,no,no,0.8217472380113267,1,1
learned_hands_consumer,tfidf_logreg,2,2,435,c2f8f30d2f33de3ff6d230fe420907389008f3f32d850a0d46c02bed9d4d96a6,no,no,0.8293412521711847,1,1
learned_hands_consumer,tfidf_logreg,2,1,436,c260b7498f71fe45f1424fd2b9a9839f565e405a7d4dcec0225cc32b31aa3ddf,no,yes,0.5083876026934345,0,2
learned_hands_consumer,tfidf_logreg,2,0,437,946f42d7871538b510e3f3addcd2c214d51128c8b0d1497d15b7386ba0a1356b,no,no,0.6458949700542596,1,1
learned_hands_consumer,tfidf_logreg,2,4,438,2ccf77520a102a3a7f63b623e6874716be7a1cf26d8c0f666f6e7470e9e4c438,no,no,0.8706073345203166,1,1
learned_hands_consumer,tfidf_logreg,2,0,439,a701c75cc7ffd4dd2d848114d88c55877c21ca6bc554b06f7a780af98fdede78,no,no,0.5896433196325672,1,1
learned_hands_consumer,tfidf_logreg,2,0,440,1512241f1c901913c1bcb63d7c6958e6e29007920502c9eb4c9eb5dfdc429779,no,no,0.5664963176030331,0,2
learned_hands_consumer,tfidf_logreg,2,3,441,8efb01893e2894f9a68dd4abe86e1aa3273c502cb488596dc29f5385ecaeb2c7,no,no,0.5705991824677294,1,1
learned_hands_consumer,tfidf_logreg,2,2,442,1d2a94502aece3443e17b2cb63dfe225b7a8aeebd081ddb65e6bb2f671212a17,no,no,0.5420264484860007,0,2
learned_hands_consumer,tfidf_logreg,2,0,443,0163ad6ff34e85877a0adf35a59c1a346599711f69d7bf4891317aada189c78b,no,no,0.5823118888696932,1,1
learned_hands_consumer,tfidf_logreg,2,0,444,8bd8da3916ab6140c8983ae16bcdb2e8e857d786d5b0a809729486e67a0812d0,no,no,0.614337109472513,1,1
learned_hands_consumer,tfidf_logreg,2,4,445,04302b33dfe27e60dab505555f6ba88813973ef1386f0c8b08205ee51891f0e6,no,no,0.6547157430164993,0,2
learned_hands_consumer,tfidf_logreg,2,2,446,1afd1fc0fa21504408f161026b0213f082b591b552e5a77213bf65d60bf4612b,no,no,0.7874973457206166,1,1
learned_hands_consumer,tfidf_logreg,2,4,447,d1d3852aceaedd7f13c819c848f14ecc6dc897da4bfa78ed063ef32ce2ac63d1,no,no,0.6442459057433436,0,2
learned_hands_consumer,tfidf_logreg,2,4,448,04a31af43a0322d4e234770268a71818baa3b9f7193dc123c6ce1e4fb24f3e72,no,no,0.6802605110748992,0,2
learned_hands_consumer,tfidf_logreg,2,3,449,a8e84a61c494345c5650ad8117693f333deabc9e041a3b4a22aa1d06393231ed,no,no,0.5671872901108297,1,1
learned_hands_consumer,tfidf_logreg,2,4,450,0854abafaea9b69c2c49c5f64e9f3c95f596dea3588670571b1ed57b744f59a5,no,no,0.5339146538290891,0,2
learned_hands_consumer,tfidf_logreg,2,2,451,9f25eaeb6f65236347aee880ca9534bfc163ad085b06fa72eeb67b405f5f1d62,no,no,0.6870809064994836,1,1
learned_hands_consumer,tfidf_logreg,2,0,452,cbfecefec8a53e69aa8f367aea02a4727b7ee5554da9e45a38e31f065cc3c169,no,yes,0.5953654149290136,1,1
learned_hands_consumer,tfidf_logreg,2,4,453,bc4a406688a7b5efef17bfb1b4edbc67f35a63b3de8702b8068df824d666583b,no,no,0.6384230211207425,0,2
learned_hands_consumer,tfidf_logreg,2,3,454,1c6dd5d561b55e7031e5f2adc0da0e9723f06c4b23e08e8904fc1e27c13cd9c6,no,yes,0.5318768549839653,1,1
learned_hands_consumer,tfidf_logreg,2,0,455,932d945f027160e21bfd51184d91d8727cfdf60e72226309e7516cc368fdc515,no,no,0.5425976033540874,0,2
learned_hands_consumer,tfidf_logreg,2,0,456,27da743642e6fe9e9f70f9ff5b3c8febcdf419aed6c38e5e67fa09294c9d6ab9,no,no,0.5915175107688676,1,1
learned_hands_consumer,tfidf_logreg,2,0,457,74043fddd5dce444be8d653b1c6f225528ef532997c766cbce4e5c660ade622d,no,no,0.6367992683916285,1,1
learned_hands_consumer,tfidf_logreg,2,3,458,f417273fdbac343a73e3321b40e14d3eafed51eea5cb6c8b788b4ea1eb0afd8f,no,no,0.5731517707852203,1,1
learned_hands_consumer,tfidf_logreg,2,4,459,df68371ca953f13c782ca05591a597acc4b878650efb047c1d8da558f203219e,no,no,0.7546774992232144,1,1
learned_hands_consumer,tfidf_logreg,2,3,460,5a1f2ce82b72f9c1266df09ac2c4d257aa3bee8f5b3972e0fc839db712595ca9,no,no,0.5738761523839646,1,1
learned_hands_consumer,tfidf_logreg,2,2,461,0b54969a9e57430db4a328e94f100a2c17ce2ecd53896ee28aa064697a2b1d8d,no,no,0.6226406563004963,0,2
learned_hands_consumer,tfidf_logreg,2,2,462,0bab903026b7c3c9333fbe20f96dcdd314852e6516b76ab0c53d206790eefac6,no,no,0.6475201517895673,0,2
learned_hands_consumer,tfidf_logreg,2,4,463,41fa77f140f955deec510a2825da39c611b3256f06db66f38fab47e7b78d20da,no,no,0.8977414784135015,1,1
learned_hands_consumer,tfidf_logreg,2,4,464,2425edeaa0bb4c18efdb8f3cf3549bd1e238423ef48243512eb592127b04ee0e,no,no,0.6227435021201759,0,2
learned_hands_consumer,tfidf_logreg,2,4,465,987eae7153585e7a2a0d88ba16f6807b131129542c68eb9138781ebed69e8cc2,no,no,0.719179182466391,1,1
learned_hands_consumer,tfidf_logreg,2,1,466,b24b2625eafa8e1b32b1e246012edbc8db39764b08f08c67c920f3b3350fe9ea,no,no,0.7952232984016403,1,1
learned_hands_consumer,tfidf_logreg,2,4,467,35b9bab2880db0b2d36d825afd233bf57bda9e5eef479a37b70a41a36c5a5879,no,no,0.714025965430408,1,1
learned_hands_consumer,tfidf_logreg,2,2,468,6f958da8adbf8531a95cda9abd9c5210f97bffa964d37b7cb0442bcb31d14c37,no,no,0.5769913205426025,0,2
learned_hands_consumer,tfidf_logreg,2,4,469,9e30b352d1c79225ed762c8ded34d155a8f1a9acb805c8f881ea24631aafaca6,no,no,0.8451363447757994,1,1
learned_hands_consumer,tfidf_logreg,2,2,470,6b2d81f7309dbbad5fd9af0af6a0d5e5c76e6ba2b87feadee3468b273edf16ad,no,yes,0.5919867235661413,0,2
learned_hands_consumer,tfidf_logreg,2,1,471,eaaf0b7320c280140ad331ea0601675c5fd7ff6a885286c80d46ea113a3cab17,no,no,0.9029920387476899,1,1
learned_hands_consumer,tfidf_logreg,2,3,472,4e19f210464ca73a7f7a58cd3218cec482dee93c4f53abed18732ac581733e3c,no,no,0.5532118601907554,1,1
learned_hands_consumer,tfidf_logreg,2,4,473,4115fad9f9b83db5ecb78a9be61669ad1018516abc1227f075d62f7563f98f22,no,no,0.952531681606119,1,1
learned_hands_consumer,tfidf_logreg,2,4,474,f0cadb5492e0ec183a3a3ea7616ae472ae6eff8bbcd445c563fa7c23da261ca5,no,no,0.5539539628716084,0,2
learned_hands_consumer,tfidf_logreg,2,1,475,531a57b154dbd769d4108e15531d27140a960b9c18d233351c7d62f188b8f6f1,no,no,0.8738362808099837,1,1
learned_hands_consumer,tfidf_logreg,2,2,476,8fa4139dbe239bba25434909e55f2fa80c50269832bb68550d65299db5619836,no,no,0.8004042447380456,1,1
learned_hands_consumer,tfidf_logreg,2,2,477,9aec94ea158756c81b27ab95c8b331de3d51619d6ed22d22437d837182c56810,no,yes,0.7568351421726307,1,1
learned_hands_consumer,tfidf_logreg,2,4,478,dc31283a842264461700a1d07d553bc3be03295a75df6770fa6c06015b16fc4d,no,no,0.7949937557488704,1,1
learned_hands_consumer,tfidf_logreg,2,3,479,d8bcfed355b99213c89ac1a9ff427c6c4b1ed05f140ef324e243fdff43ed062e,no,no,0.5065855708441556,0,2
learned_hands_consumer,tfidf_logreg,2,2,480,01de597cf467f8e74cdcd5967327e64399908a15ce5348852dd9dd952a970715,no,yes,0.8282426207735428,1,1
learned_hands_consumer,tfidf_logreg,2,2,481,6d3f546cc7e65f909112f42a52f7c36c1144c6845909f5c0f68d093fbfcdd8fe,no,no,0.5568752510101824,0,2
learned_hands_consumer,tfidf_logreg,2,3,482,76ed3dfb2ec9e6a39f0bdd9bfc8057cdacba2af71015e9bdb02dc0313489169f,no,no,0.6164739416407745,1,1
learned_hands_consumer,tfidf_logreg,2,4,483,931e120b8c3a8979cf4a37513bfbbf87c5b064b350a60733e2408dda7477646e,no,no,0.9054857043100413,1,1
learned_hands_consumer,tfidf_logreg,2,1,484,cecaae8addd481078cd53a5a69e5d8da4b6a98a516613269f4137b01782983d7,no,no,0.6221929297110902,0,2
learned_hands_consumer,tfidf_logreg,2,0,485,b07d2a4ff6a8dceaa18e35705a350c09b7e7f46cd67cf1e630b3cf325c46cc0f,no,no,0.6170218487886596,1,1
learned_hands_consumer,tfidf_logreg,2,4,486,012a4657825e2d7e50ec63501a9322690acfd4226e288797e79c2df8d26962ba,no,no,0.7270410575579053,1,1
learned_hands_consumer,tfidf_logreg,2,4,487,20b699538b4fb5aba69b8c97153f171766a2c4674e8e33eac9eebb1206529fe5,no,no,0.8530143287055604,1,1
learned_hands_consumer,tfidf_logreg,2,2,488,c837c365cb2af81ad03b9121ec3ef43ab40d330362b3b4a17acbdc6fe37d85d0,no,no,0.8515749892953862,1,1
learned_hands_consumer,tfidf_logreg,2,0,489,ed3eae30ccd079f9f129d55e81fae1839ca02ea3e96d61c56b1ccf55fe84687e,no,no,0.604160765993691,1,1
learned_hands_consumer,tfidf_logreg,2,3,490,18d65e6e4ac267b954fab721a8d2cabcf4346e461537cf69de5e72f51a7c5a79,no,no,0.5184412020476011,0,2
learned_hands_consumer,tfidf_logreg,2,0,491,1de0c196d21d27621ca7c6e1b0386331881a85a41a05c700ff3c5d698d48eaae,no,no,0.5786699207020779,1,1
learned_hands_consumer,tfidf_logreg,2,2,492,daaaa7023a2b99c5064d440cbb801b79c0f04aca364a814e84dc1c4dfc3865d0,no,yes,0.5855817858649915,0,2
learned_hands_consumer,tfidf_logreg,2,3,493,ba5d6e2c09e4d63bb1beb689879578b510654791dece0cda170619655fbe60bd,no,no,0.5077003053561646,0,2
learned_hands_consumer,tfidf_logreg,2,2,494,0769d7b7837170d8be575bfc0f6247cb8aa473af2eea89363f68c41a10d2c7e0,no,no,0.7220257667763939,1,1
learned_hands_consumer,tfidf_logreg,2,1,495,cc8b2d0978320bbe51dc5e4b1de74ef4b9b277de2e23e12d234df5eb07e460e7,no,no,0.7406709099272784,1,1
learned_hands_consumer,tfidf_logreg,2,2,496,e613741978772ff2af35a8e2703f6574aa51e0f59b958d0ac40bd784a691696c,no,no,0.5923185544063934,0,2
learned_hands_consumer,tfidf_logreg,2,2,497,30fc1431cc1bd1aa3cf2160a194f94ab74b259ec3b1a245d9a44d4c7cd36702f,no,yes,0.5017601477857866,0,2
learned_hands_consumer,tfidf_logreg,2,1,498,3e84f9a77980c8201610e1fcd383fac5825e27ba6d5747b53d07a15d820d1826,no,no,0.693149128693181,1,1
learned_hands_consumer,tfidf_logreg,2,1,499,45f440261959716e956eeb1411ef4686bed9e9775d8fda7f31816a338fa7aa25,no,no,0.7652559209105877,1,1
learned_hands_consumer,tfidf_logreg,2,1,500,3369d09eaa0b33274bebd84d0cf53afc9ebc6dd6dbc8f7ea6cdc98d71324c90b,no,no,0.5505024236142004,0,2
learned_hands_consumer,tfidf_logreg,2,1,501,310cdecdcb36d755a158b4b234f965e433bc5d653ce95ec34814c492542b6e9d,no,no,0.7445868140915989,1,1
learned_hands_consumer,tfidf_logreg,2,0,502,3f4cf00bdfec2adfe98cd9ed014b1bda2da6b65d534ee0ae60f5a1f4cc7d8bed,no,no,0.7139990328880921,1,1
learned_hands_consumer,tfidf_logreg,2,4,503,bb5add493ea70afa2c752943a32010d534375afbf274f76364f5fd08c8551486,no,yes,0.7044041964939564,0,2
learned_hands_consumer,tfidf_logreg,2,1,504,04a671661b4a945504156fd0073b7bf79e85f7d32382c0d0180634ee46e850af,no,no,0.7963681384547641,1,1
learned_hands_consumer,tfidf_logreg,2,3,505,fd1fe8184fbcfa582a0b2176a6b8d3a33eb68e84c3e941c4565a70212f082b27,no,yes,0.5153474406347519,0,2
learned_hands_consumer,tfidf_logreg,2,0,506,231ee3f5f275519cba825473068fc96cf01d3913b5d14fb747b2bda5abc8ab6f,no,no,0.6690078325627198,1,1
learned_hands_consumer,tfidf_logreg,2,0,507,6739991faf5aa8fa1e6c64dd6d08390a1287fc09742cac2994b33432d5338df2,no,no,0.5549931579979721,0,2
learned_hands_consumer,tfidf_logreg,2,1,508,37ec98dd44986f754e0baa73863d4c9210b359d2ba344ae645cbc8abb39da92f,no,no,0.6790529925732027,1,1
learned_hands_consumer,tfidf_logreg,2,3,509,b49a2505659c683cb11a3df13847ac8045a46adfd8192d2c76391a8803a1f4c8,no,no,0.5458311516110701,1,1
learned_hands_consumer,tfidf_logreg,2,1,510,a8217fa585bcf051c42ce021792455104c0b30538cee9d1851b1d4287e25e0f1,no,no,0.791746523945588,1,1
learned_hands_consumer,tfidf_logreg,2,3,511,e9985a996c1b2327f2216eff3e962fc84a378f193e0d95ba12e5529bf99d15a9,no,no,0.5442427716160002,1,1
learned_hands_consumer,tfidf_logreg,2,1,512,df1f494b116ab1943fdfa5b41fa750c836fe604c800651280911f0dc4580a3f8,no,no,0.7538915027215939,1,1
learned_hands_consumer,tfidf_logreg,2,4,513,be04d6d56aebd1e9f64044842226e835ae6154a25190109a1e2e0693bee8e9c3,no,no,0.5232279862581406,0,2
learned_hands_consumer,tfidf_logreg,2,3,514,da3a06f0dd47af3a2b4ad51ae4de160a3f203e163224d6995c3218e0611096d0,no,no,0.542853275096316,1,1
learned_hands_consumer,tfidf_logreg,2,2,515,5c56a2375937744f352e8a6ee8be863d82c01648dadf59d6e0540e4d4cd3aa63,no,no,0.699093661665741,1,1
learned_hands_consumer,tfidf_logreg,2,4,516,77ff7a6cc1e79bc95cfd0df1cf2351b19e130cc482374a04d5967c1a85d54773,no,no,0.6834298001155543,0,2
learned_hands_consumer,tfidf_logreg,2,3,517,4a00c73ae7c6524fa4c17e987d72c3f6fa272236cacd79ed166db4d45eebb2aa,no,no,0.5126680471886425,0,2
learned_hands_consumer,tfidf_logreg,2,3,518,57d7010f1071da7d8e1852e639021c19ce4b58849818194549f19da7d793ed5c,no,no,0.5241519531516816,0,2
learned_hands_consumer,tfidf_logreg,2,3,519,b0346537dd7db9e6927d457dddb797ca2160ccc494e76289b9cefcedf036ceb3,no,yes,0.5007512120642704,0,2
learned_hands_consumer,tfidf_logreg,2,1,520,c2be9f06745a8c52db0133bd1fd943903f7fbaa625b0d3d34c2fce9d0ae875e0,no,no,0.8134950961199269,1,1
learned_hands_consumer,tfidf_logreg,2,0,521,75d05aaa2c22410aa8b7fffcafce5468bcd99117194cefbea4e1ac86f5f351f4,no,yes,0.5143794385021879,0,2
learned_hands_consumer,tfidf_logreg,2,1,522,db05d6507e5e3fa1d10142d3d8a1447182ad4bbba3e4a8370275f7fa482603f1,no,yes,0.6963895937045064,1,1
learned_hands_consumer,tfidf_logreg,2,3,523,0cd164612e455d558e41fa9eeac7cdf9afda934ca9be5ff6ca58723a0d4f1a00,no,no,0.5482061500243982,1,1
learned_hands_consumer,tfidf_logreg,2,4,524,64748ff82f5a0b3935c4b036e55eaa3dedc4952ea2df451bb4489eeb560981ca,no,no,0.701482692194148,0,2
learned_hands_consumer,tfidf_logreg,2,2,525,b84cafbdf8906d4952f89b6677c260f193b288cde9bd9a044da00429a5c1788c,no,no,0.6198874781049128,0,2
learned_hands_consumer,tfidf_logreg,2,3,526,c2c2b5dbf3e12a911a20a8938927cbc7333ac84a79c8659cefb4366be01ff7c4,no,no,0.5249490847535355,0,2
learned_hands_consumer,tfidf_logreg,2,4,527,60c6f915b166a49f3d467e29663aefd916fdb4febc3aed6e9f86dc861d89cdb0,no,no,0.7232407082500993,1,1
learned_hands_consumer,tfidf_logreg,2,4,528,5b8d9992b62967320c49f0330151d6b9b87e86c8b4abbfb6622903ab97a5142b,no,no,0.8686878936255051,1,1
learned_hands_consumer,tfidf_logreg,2,4,529,57d3ccebff848e81befa244f69489b9a171ab42168f6bbc6325439c85b7b0df5,no,no,0.7815390248070248,1,1
learned_hands_consumer,tfidf_logreg,2,2,530,dcc018d1aaf56509688079bc8783b9b23e0de1b677409b02d41284d2fca9040c,no,yes,0.5316483272996846,0,2
learned_hands_consumer,tfidf_logreg,2,1,531,4d5492ff6e79ebaf69bd06ebbeabe63809050a927815a156c8a8972229eba0ba,no,no,0.5723502076747591,0,2
learned_hands_consumer,tfidf_logreg,2,4,532,ca3ecf1c1ef162d48d1f7e17896f1037dde115892608733e846ec86140631f89,no,no,0.7710736097275758,1,1
learned_hands_consumer,tfidf_logreg,2,1,533,0305a9b842d8022160096d7a46730fab12122cf58393b7bcfe6ad6852162bdcb,no,no,0.9009612765529706,1,1
learned_hands_consumer,tfidf_logreg,2,2,534,3d57a7bd684e91a426d743d44a7a8feae1ccc11b7320dc7c64cdfff7f5651caf,no,no,0.8450962707048599,1,1
learned_hands_consumer,tfidf_logreg,2,2,535,f5d5f15ce9ba190a7120001abc42f1cf21e20e7f2a019fd07a91090882dbd6f6,no,no,0.7176281734129261,1,1
learned_hands_consumer,tfidf_logreg,2,1,536,903fd0d792e220feea54ad37c84686d6e6b8e59535fa16d13bc36658f1fc28c8,no,no,0.5580378633480139,0,2
learned_hands_consumer,tfidf_logreg,2,3,537,9d9b4526cbe24d2a6f2890adb86aace884014a95851e78352d3f4ff1cdcc50dc,no,yes,0.5138612529646411,0,2
learned_hands_consumer,tfidf_logreg,2,4,538,30a2b5df9ae4ed2e010f7c2d068372ace7e2577350940484bb48430ae9ea7278,no,no,0.724103142948014,1,1
learned_hands_consumer,tfidf_logreg,2,2,539,14dd48f8f89acc71cb973a464b51478fbbeeac5361ae069ccdf18c010692573b,no,no,0.894098911029411,1,1
learned_hands_consumer,tfidf_logreg,2,4,540,60cec153bbc5f214e7135f4d89ed8528e27743234f4739a1eb92e34f1ff44d86,no,yes,0.5152631386822337,0,2
learned_hands_consumer,tfidf_logreg,2,0,541,5588471057013e09e22216f158d5fbdc584f612606d94687c13be4b2e55f5896,no,no,0.5014302122081659,0,2
learned_hands_consumer,tfidf_logreg,2,2,542,dc192552b483d0ac3a6d1651b8e21b40837a9426816d9e3f64498e131d76e734,no,no,0.684557538394172,1,1
learned_hands_consumer,tfidf_logreg,2,3,543,f1f6e92601fdf06f7ca1a57e7556c20884dc45c096f396b9e825f5e32c0f7a59,no,yes,0.5182444294167324,0,2
learned_hands_consumer,tfidf_logreg,2,1,544,3c76189ba90d25579e258776ba63c3c30d8b7d53a978703cf331ee251b4e5890,no,yes,0.6386099487178636,1,1
learned_hands_consumer,tfidf_logreg,2,2,545,43a6bc4480553f9b0a214f75f6d48c8e8ce7abc4b7be882e01a9e9df8108a1b0,no,no,0.7910585384504079,1,1
learned_hands_consumer,tfidf_logreg,2,3,546,3da37e63dffad75b2ee9a58d491a68e212af0b7d71ac858045a8657165bfadd2,no,yes,0.5363067778250079,1,1
learned_hands_consumer,tfidf_logreg,2,1,547,58137e64ac41ed8e7e81d207383d87b5226b5658728837915a21ffd225d0754b,no,no,0.5633091635399636,0,2
learned_hands_consumer,tfidf_logreg,2,2,548,c9760c7df4fc3eb826bfb31e080137911ab35ae7f2295614373536be38ff7a63,no,no,0.6443202833363257,0,2
learned_hands_consumer,tfidf_logreg,2,3,549,f68d2b36b0aa1fe05ff7cfefd1bef8b411b59bfd2547573231a9358ce4a847af,no,no,0.501286366283505,0,2
learned_hands_consumer,tfidf_logreg,2,2,550,9d038dd0243eecf6b7473c2626d4e82af31cbb7798372022403db2c53aac85c4,no,no,0.7219059505431746,1,1
learned_hands_consumer,tfidf_logreg,2,2,551,1f966f4c818ddbda27cb669513c943ee46d73d5252c0de4770bae3e0b1407c6b,no,no,0.8418843467969812,1,1
learned_hands_consumer,tfidf_logreg,2,0,552,47f5ff1d7bfe7621611a502c23a7ceff9d308e2a1dabd5f29755fb341ed42da2,no,yes,0.5635341065720442,0,2
learned_hands_consumer,tfidf_logreg,2,0,553,d4edcad2012a13062a63322c80d9dda6748d539f3ccc68a8ca8515cbf779e532,no,no,0.6254633370555764,1,1
learned_hands_consumer,tfidf_logreg,2,0,554,ba2d5b4602e83fd349fad98b24b38a99bfe1443da99a67d27ba98c8d58a7b182,no,no,0.6639135484589405,1,1
learned_hands_consumer,tfidf_logreg,2,0,555,a6dd6a0f17139acfd501f939d766455a6f082f486b04d50843f5897c950f5a6b,no,yes,0.5219203184285841,0,2
learned_hands_consumer,tfidf_logreg,2,0,556,a1ec095ee15753680fa1dcc2cbce2e048c960c54a4c671af2b889ff01c2a78b1,no,no,0.5022642316371522,0,2
learned_hands_consumer,tfidf_logreg,2,1,557,f50ac2f7ee90df358f730bee0cc541912730af6dc27f334b51ce011788751780,no,no,0.565904535454307,0,2
learned_hands_consumer,tfidf_logreg,2,3,558,6dbf7b018c755e5418a5bb8020c0e3e0b3b6c2802141270907880a6f7cf37e03,no,no,0.5811381082291749,1,1
learned_hands_consumer,tfidf_logreg,2,0,559,8028cfbd1a2e6305634a58811aaf0ab86462c0aba3c14fb71b4e2d5c466e76ed,no,no,0.6023703466935502,1,1
learned_hands_consumer,tfidf_logreg,2,2,560,9a51675376b7b3914122130018ee7839fc678cd936b6b9ab2de64d3095595d93,no,no,0.6939705291712517,1,1
learned_hands_consumer,tfidf_logreg,2,1,561,46db7874bb17bd0bfc4da9f20d511677c89d9d72e7616f5d2fea321d16a4d2c8,no,yes,0.6044483182440356,0,2
learned_hands_consumer,tfidf_logreg,2,0,562,703e4efa32ffec639b9f5832aba111107a1d6a46aa78b9f0bcbf55786e115a58,no,no,0.6104093689076037,1,1
learned_hands_consumer,tfidf_logreg,2,3,563,7deec0af5174e4beb0d092237b7a51ba2fdd2750e9d0d6b70fc7c0a7dd3274b5,no,no,0.5705570273423697,1,1
learned_hands_consumer,tfidf_logreg,2,0,564,9f89ce31649f5aadaf8602b1ec128212bc82f53bdd4b070be2656d39389bfd3a,no,yes,0.5073850710205213,0,2
learned_hands_consumer,tfidf_logreg,2,3,565,52c676261b9c0ec1700eb1af704f89bafe5d3cc2fcde6e3e53ec8d62cdd6d2a4,no,no,0.5907403085270697,1,1
learned_hands_consumer,tfidf_logreg,2,3,566,46c570bb238fa00c335738e90e9894fd264ea59da9a43983805ace67cda3babd,no,no,0.571661497385218,1,1
learned_hands_consumer,tfidf_logreg,2,0,567,0cce10f57330f13a1fa4583d7fcbaea0ea54631244d26f8a6d66cacba2bc5e86,no,no,0.6341247209474283,1,1
learned_hands_consumer,tfidf_logreg,2,1,568,23d530283c7fa6d23eb17ed2448ff4204346f82e1ff6bba839e171c25a835f45,no,no,0.7815272975880839,1,1
learned_hands_consumer,tfidf_logreg,2,3,569,1c260489f250e26aa71f0f67af2d93564ae951b62570cc33391ef77909e9ff99,no,yes,0.527930611303375,1,1
learned_hands_consumer,tfidf_logreg,2,3,570,a069da037392da85deec01ab7ac053f17bb4d2f8fef4cefb41ffe8b522d078f9,no,no,0.5451670144300882,1,1
learned_hands_consumer,tfidf_logreg,2,4,571,524bb5bf6132a668b140a529e1e06fd9231839d3f515499d615f2e3cbc7aed03,no,no,0.8185552139958739,1,1
learned_hands_consumer,tfidf_logreg,2,3,572,698a24f5972ce2399e34b386818b23e9f4e394b92851cbbbd6edb8b88c1afd5b,no,yes,0.5007854696093315,0,2
learned_hands_consumer,tfidf_logreg,2,3,573,49f564d4ddfce6dfcee859f3e9357c9ab50ff9c0235c7f8261f86942a80bdb88,no,no,0.5887872036653721,1,1
learned_hands_consumer,tfidf_logreg,2,0,574,3ac0c82ca7beef115b86522a5f5f46bd39ba3538af171995361348eafd9b9e20,no,no,0.5195047243279609,0,2
learned_hands_consumer,tfidf_logreg,2,0,575,867d8d7d603b8ba49fd2224d4e9a4e31af79cb37a9eadbd99a914e0587a6e215,no,no,0.5988783869579433,1,1
learned_hands_consumer,tfidf_logreg,2,2,576,85d2a625103432a6e270c523b2b82873753c1aadea3a856047d52d54f77d7fec,no,yes,0.5923230636064623,0,2
learned_hands_consumer,tfidf_logreg,2,1,577,710dc3cc876b848944aa42d1a09e59b9090754a8d9bd4a8ec6a95c1d915c9b4a,no,no,0.6041620869468928,0,2
learned_hands_consumer,tfidf_logreg,2,2,578,085d8a8bf0abb16a3a525ab8ae49de081115d9b133ea5c0286dcc920fa1332ce,no,no,0.7541665097804593,1,1
learned_hands_consumer,tfidf_logreg,2,2,579,b22ac3b6da6efba6a1c054601441ac802d6282b2f6c93b97b3f41378a9f9df7c,no,no,0.6384699979584856,0,2
learned_hands_consumer,tfidf_logreg,2,3,580,a0a8970a8f7abab6606c6c0dc4e4ed89f48960d36710902cbf788bcae8d59835,no,no,0.5516244251499611,1,1
learned_hands_consumer,tfidf_logreg,2,1,581,c830685ae56b6f1b2910c6ab5de01bdcf3e93705d4ae3850481e9ae6a7ec59c8,no,no,0.8086672225332905,1,1
learned_hands_consumer,tfidf_logreg,2,0,582,a2b8614a6474da04bbec6a1b3421b6c93d315cc44e8958073d1b9652801f4710,no,no,0.5787020007215091,1,1
learned_hands_consumer,tfidf_logreg,2,4,583,2fd3a1b7a973326e591034aa7863f5b09e42e05bb1e3f9d6cc311428d449d4f4,no,no,0.6333912520787509,0,2
learned_hands_consumer,tfidf_logreg,2,4,584,f221ac70290bacf70893417c277b4fb7396aa9262713ef18f437e8c1e5da3bcf,no,yes,0.5697394895892425,0,2
learned_hands_consumer,tfidf_logreg,2,4,585,a1f95e95ed3bf1df04e2d7306db27c5cd135ef9ea77def78c12cf2c81619e8c3,no,no,0.6597061511794371,0,2
learned_hands_consumer,tfidf_logreg,2,4,586,2ce709e73ee4451d404c5cdc00ea37833fee0b356b8f16d76ff2479b2cbd353b,no,yes,0.703321689892704,0,2
learned_hands_consumer,tfidf_logreg,2,3,587,618c4d63aaf62f407f26f35d636080cc1e0a032d82f4d1e04c0fb1cf65048718,no,yes,0.5684563783933922,1,1
learned_hands_consumer,tfidf_logreg,2,4,588,4f6bc5578f8ddb17d988262058901424533577bd28369751a61118a761761e91,no,no,0.9505189937504446,1,1
learned_hands_consumer,tfidf_logreg,2,0,589,a9192bcdf65d01e592abf6f0b177a9853ed1c4a2b0ee8742dab11341eaee29d1,no,no,0.5092476619947583,0,2
learned_hands_consumer,tfidf_logreg,2,2,590,067cce98506849a73d82e859c38940708382620ea642806d23cbb8de5187231e,no,no,0.7161681623199826,1,1
learned_hands_consumer,tfidf_logreg,2,3,591,b576cd2ec8f9c40c2bb0abe987f064c2f9f1c25f94d4565ddd83377473d48859,no,no,0.5462139339998835,1,1
learned_hands_consumer,tfidf_logreg,2,1,592,5913bc49040be5c85504a852ac0a112f8e7e340d2c39fb67d7067ee3450e5e13,no,no,0.633573877255633,0,2
learned_hands_consumer,tfidf_logreg,2,1,593,a25e7edfa72a41526ddc2db76023d27c2db12a24984d2e5a716da973b523f27e,no,no,0.8878932309744015,1,1
learned_hands_consumer,tfidf_logreg,2,1,594,d10b6556e2004b51129b987f5c4531830e2b0822cf2d7017e10a5414707669d9,no,no,0.7483382829066964,1,1
learned_hands_consumer,tfidf_logreg,2,0,595,d6d5572c752218b14019ec07e189728c9b3ddb8d34c3d70488fe782cc31aa988,no,no,0.6995842624715931,1,1
learned_hands_consumer,tfidf_logreg,2,0,596,07573b273be6697368d57299de8abf31240b9402c15219c81c2ee8f9a7f2aa62,no,no,0.5475905579194019,0,2
learned_hands_consumer,tfidf_logreg,2,2,597,6dc6cf31b2c1894f7bcfb26a493a4e5756971e007f5e7be26036cf50c17d7eb4,no,yes,0.6041498785137661,0,2
learned_hands_consumer,tfidf_logreg,2,2,598,7aa6dcf85749745744d1eb12d07f65d4b80960c401365645658ffdacc98c266a,no,no,0.5372568121054473,0,2
learned_hands_consumer,tfidf_logreg,2,1,599,5d91de0107b67446aed45672dcfdef4f58baf8f1c037cbe894d9bb1e9578101b,no,no,0.6198071759504422,0,2
learned_hands_consumer,tfidf_logreg,2,0,600,684294f8c7abfb0278d36770f016d23248fd859f28c36cd2400da167f3b2b1ee,no,no,0.6708864635835489,1,1
learned_hands_consumer,tfidf_logreg,2,0,601,241cef5b8e4490252fa54625f6d6db8138d2f2b6887914926c4714fe63225592,no,no,0.5790339350441185,1,1
learned_hands_consumer,tfidf_logreg,2,2,602,264bdc1770e2864da6160b2fb689ad40913ffdda9bc24da7cd4f73e375da64a9,no,no,0.8936176268315681,1,1
learned_hands_consumer,tfidf_logreg,2,1,603,8b25bda48a03414701e65d70dfe129b08d8a1fffbfd6d253c4f8eab80b8e7ef4,no,no,0.7454202018593891,1,1
learned_hands_consumer,tfidf_logreg,2,3,604,a98c95b8dc90508ce61bca07aac73b3000d782c3e8bdb2d8094fa8851213e843,no,no,0.5116354877224651,0,2
learned_hands_consumer,tfidf_logreg,2,4,605,2e2dab0aa3f72da243e332c4316fe221543965532bf45ff04017e1820a01ffa5,no,no,0.7575366719177732,1,1
learned_hands_consumer,tfidf_logreg,2,0,606,f898c42315c66b3c1b4818313a33706910ac2498fef748ca5f12df32ed4ea670,no,no,0.5428732272237513,0,2
learned_hands_consumer,tfidf_logreg,2,3,607,edf5ecdbda4cb86f3f4fd1969bf42ba5a7eededc822406ff5bcdbad487d0ebc0,no,yes,0.5216396242460487,0,2
learned_hands_consumer,tfidf_logreg,2,3,608,41d5caaade46df5dd642cfcc5a1c383a53ea033ab68bf9753d941c8fa472857d,no,no,0.5313664532859186,1,1
learned_hands_consumer,tfidf_logreg,2,1,609,20cf2204cfad79c36173c2020ce3d9d1d7bfe049a4659016961fb1f7d34524d8,no,no,0.5230128262647198,0,2
learned_hands_consumer,tfidf_logreg,2,3,610,0970bb84fe7a7ae10755b3ff8e069375c894baa731baadab88c5b85d95df1cc1,no,no,0.5586930608882485,1,1
learned_hands_consumer,tfidf_logreg,2,2,611,53722369d56a509c380ff23472de54953b911d83728e74087c7864d9bf6c5d11,no,no,0.7312588187688873,1,1
learned_hands_consumer,tfidf_logreg,2,3,612,dc4a5fdc229e8eb8b4651e9829068c4a686c371d36c72e2ff9486195b6f27065,no,no,0.5306962131555856,1,1
learned_hands_consumer,tfidf_logreg,2,2,613,1b06f4f278599f2a5f0149ed64529530669a8a3934e0d4e09cf02e4eb40c20b2,no,no,0.8541988181802954,1,1
