task,candidate,repeat,fold,item_idx,text_sha256,gold,pred,p_pred,kept,set_size
learned_hands_consumer,embed_base_logreg,0,2,0,a379a87ff3cdf868abd2168b8f7f1448c858c1c0293a0324128a1f9795c2495c,yes,yes,0.7066233158111572,1,1
learned_hands_consumer,embed_base_logreg,0,0,1,191f0937cb2c89fc2ee6de2cf962022796a21348bccce723e58dff5138f4aa85,yes,yes,0.9444990754127502,1,1
learned_hands_consumer,embed_base_logreg,0,2,2,23e415128308be018936edfbe782216c59135a5373afcc67391ab30b99e4fab4,yes,yes,0.6213069558143616,1,1
learned_hands_consumer,embed_base_logreg,0,0,3,d020ae25740133b72d326d57b58504372281f70e6def4d5a95655465a0e91468,yes,yes,0.9084875583648682,1,1
learned_hands_consumer,embed_base_logreg,0,2,4,7505269b5e689b850bf04d86c3aee556710bf7ed7473e80bb32cbf4ef909b78b,yes,yes,0.6966420412063599,1,1
learned_hands_consumer,embed_base_logreg,0,4,5,ebbf5dce638a03352aa5ce9e76ea526855fc19fe426785e9d74da0b972447b56,yes,yes,0.5846804976463318,1,1
learned_hands_consumer,embed_base_logreg,0,4,6,3682fd0cb52ef152a5e499e4441ac3d86a735973de9e3062a809fc58d80f083a,yes,yes,0.5975168943405151,1,1
learned_hands_consumer,embed_base_logreg,0,4,7,a1352482ea4516a24b594ccbf2ed311516cde0785a8edf4e41b8b20657074dd8,yes,yes,0.5770397186279297,1,1
learned_hands_consumer,embed_base_logreg,0,2,8,5655b74e200dc643bf62729b26c6760f786b1d110abd671cd8122c5d567f2846,yes,no,0.5741498299196414,0,2
learned_hands_consumer,embed_base_logreg,0,3,9,30f3878dfeeec4bffed1d8ed0fd2feaa3165fc8790712d0e6c993ba632a91571,yes,yes,0.7578576803207397,0,2
learned_hands_consumer,embed_base_logreg,0,2,10,ff770b8fb5998da87b58b103e84a37ec674949fd2d8708f87b7aa392185f98be,yes,yes,0.6250120401382446,1,1
learned_hands_consumer,embed_base_logreg,0,0,11,025030168186d6dca4ceeb0def0c282fcd27d1c293abe1a0d6f41c0ae9ae34dc,yes,yes,0.9142032265663147,1,1
learned_hands_consumer,embed_base_logreg,0,3,12,241960fe59164730ab7f2221e78ff75ddf5d07ef6b0c664c078d091bc787b69c,yes,yes,0.85104900598526,1,1
learned_hands_consumer,embed_base_logreg,0,2,13,ce32ef1dbe79dfac3d0eec018d4e7404296ad6ab06b519aef7132243fecc9c2e,yes,yes,0.515012264251709,0,2
learned_hands_consumer,embed_base_logreg,0,2,14,3a9f35dbcf5d11d5980a668dd0ac8a317654d4e4f8ee28518fa931a589f5ed3d,yes,yes,0.5990176796913147,1,1
learned_hands_consumer,embed_base_logreg,0,0,15,62ffb1bca214412111ca15a5cb79aed8c39b77ae8e4a9734a85ca66376cdf151,yes,yes,0.8514937162399292,1,1
learned_hands_consumer,embed_base_logreg,0,3,16,74157c44430c0b4b913dbef04b5bcc2e60d6786f1fce50cbd1fb74740cbfcbea,yes,yes,0.758599042892456,0,2
learned_hands_consumer,embed_base_logreg,0,1,17,2dcefce119cd3d52ce0b2dd55dba49a2d705592c989511a60ca5ff2fa62bd783,yes,yes,0.8803403377532959,1,1
learned_hands_consumer,embed_base_logreg,0,3,18,e4b36f1dffe74a33bc589ff139dca6b75d8c5d7bd1414fcbe7ff483736a80e24,yes,yes,0.802449643611908,1,1
learned_hands_consumer,embed_base_logreg,0,1,19,eaecc316a32deb54a2e35ad55d5930bded5cb828eee671ec1a4d6c298e93f0ea,yes,no,0.5492284461625947,0,2
learned_hands_consumer,embed_base_logreg,0,3,20,ed6f10e3e2d4af3a7f61f4ac8ca3c539ade9d2b7250defd67063ea3a59ec18c9,yes,yes,0.9014153480529785,1,1
learned_hands_consumer,embed_base_logreg,0,0,21,8770b696e9d75ce623853da32ab9c2fc409af163cb781c02986c01c726cb8581,yes,yes,0.5668419599533081,0,2
learned_hands_consumer,embed_base_logreg,0,2,22,5f6fe96a0c85f05ef1bd1209d12d8a5da80ec0b8df76281b71b291bb0bfe1477,yes,no,0.5158063769340515,0,2
learned_hands_consumer,embed_base_logreg,0,1,23,db86e2ed5ca09bd43e5c1153206c84ac6670851f84c6f0c29b6ccd1eb0deb1e7,yes,yes,0.6762837171554565,1,1
learned_hands_consumer,embed_base_logreg,0,4,24,f544e710a36c5f8952ea27c89f4b8d456410ad33abcdeff8bb5ab956f30c76bc,yes,yes,0.6502569913864136,1,1
learned_hands_consumer,embed_base_logreg,0,2,25,ffe0635de5f1a7973b85a3b70ea8e03cb5b1567c2d2995c39b15468f910920d7,yes,yes,0.7087050080299377,1,1
learned_hands_consumer,embed_base_logreg,0,1,26,1c5d518541a4c3c72210f1d1640f265a1ed467b09e8fd9920e0ced3c2a2e237f,yes,yes,0.952552080154419,1,1
learned_hands_consumer,embed_base_logreg,0,1,27,847d90720ffa65caeed18bca722c31a7e6ad6690535571373c7cf5484024b4f1,yes,yes,0.7413691282272339,1,1
learned_hands_consumer,embed_base_logreg,0,1,28,826850ee19189639a241888830f2095a605677489c15835a9633e2a0b1ac6a64,yes,yes,0.7651209831237793,1,1
learned_hands_consumer,embed_base_logreg,0,4,29,8bf45813b8f64152745c4302a8fe3d28ad3a521ce8400337d150f52d7679c073,yes,yes,0.6100321412086487,1,1
learned_hands_consumer,embed_base_logreg,0,3,30,eab22a84a1d27762ebd956ab7c150792e31d45b69c081b1042ce94bb9f5db787,yes,yes,0.7707834839820862,1,1
learned_hands_consumer,embed_base_logreg,0,4,31,0d9289d67324c71b1a8459504ea7ea7d8593bc88c6baad910d98ae12b894b961,yes,yes,0.5989544987678528,1,1
learned_hands_consumer,embed_base_logreg,0,3,32,28de51fe26d760b562f7dd240c576dd29c1dcd24a3821f27045c03e1695ce0c4,yes,yes,0.6066537499427795,0,2
learned_hands_consumer,embed_base_logreg,0,4,33,6ce4033081e30de899b1011a4c082e82532b4c8f2afae23aed1a9b31dfb4eadb,yes,yes,0.6817119121551514,1,1
learned_hands_consumer,embed_base_logreg,0,4,34,fe949d0e8bb0a6f67a12ee28fec1d49ebc38d613057ddbd9e9742ce374e5a92a,yes,no,0.5075157729531594,0,2
learned_hands_consumer,embed_base_logreg,0,2,35,c207ce030682bc8ba0e7590a8ef0dd99c16b1b16665aebc82ab525877c2593a3,yes,no,0.5350228548049927,0,2
learned_hands_consumer,embed_base_logreg,0,0,36,8ee486f22362d8e55009981db61b71a034a94793fc615ef6c369c92e25d8621a,yes,yes,0.6851316094398499,0,2
learned_hands_consumer,embed_base_logreg,0,2,37,bf327cac5ea3a5c8ae4b1fa4c6aa053fb3e0494255dfad320226fae0a94b91af,yes,yes,0.5747753381729126,0,2
learned_hands_consumer,embed_base_logreg,0,4,38,d5599f345f2efcc9997c702cf325c78c55c774947409f903377c2d84a3c8bc07,yes,yes,0.6433473825454712,1,1
learned_hands_consumer,embed_base_logreg,0,3,39,574fc09c7649af91d62597783fce341ddacfa64d9567f02c1c1d30d6a45410d3,yes,yes,0.6972942352294922,0,2
learned_hands_consumer,embed_base_logreg,0,1,40,46fe2b35c88c955d03ff315dfce3bb7c880b33d4409029f9ff6042df0194686a,yes,yes,0.8494126200675964,1,1
learned_hands_consumer,embed_base_logreg,0,4,41,f5d2007ecaaceed6f700b3e50cfa67215480af67ec2a87afea71cf1279ebec05,yes,yes,0.6768225431442261,1,1
learned_hands_consumer,embed_base_logreg,0,0,42,01f1c668540d25f929d2e86cf0c94ebff90e0049c2f9c72bd85b0e900e0d7495,yes,yes,0.6875115633010864,0,2
learned_hands_consumer,embed_base_logreg,0,0,43,1d86013431ea866bb8f9c95e610c8a4080348f326588f325da4a18706ada5429,yes,yes,0.885216236114502,1,1
learned_hands_consumer,embed_base_logreg,0,3,44,bb18ab83285db7bc8dcf60f8a3ce1cdf2bd7debb099b953f662ddb9f8b38c2a7,yes,yes,0.898588240146637,1,1
learned_hands_consumer,embed_base_logreg,0,2,45,16a3215ae403198891fd8dc9a2a417f75f8728d8e7141fcfef231668fdb5ab3d,yes,yes,0.6675667762756348,1,1
learned_hands_consumer,embed_base_logreg,0,1,46,4439bed3fc41d7b9c8ab09ef918fda1428dd5d823121216ce107959cb0dd4294,yes,yes,0.7572128772735596,1,1
learned_hands_consumer,embed_base_logreg,0,0,47,0b3c04d83b29cbb3a2e22807f4dae94c87c8f2b395036f54911c5754a4c47017,yes,yes,0.8918495774269104,1,1
learned_hands_consumer,embed_base_logreg,0,4,48,22a293b5746bac59ac00ea57d239b6ac359d9156a1ec0715abd762c84fede43d,yes,yes,0.6205843687057495,1,1
learned_hands_consumer,embed_base_logreg,0,2,49,c4c2bad785e53ccb9b321d2c63b8faff89f92b5a2cdcf0736b057e7e8e719879,yes,yes,0.6202932000160217,1,1
learned_hands_consumer,embed_base_logreg,0,0,50,014d339ae8d5fa4f98805d09f90eeeceed4b7762a40914f0ab3d4313182186bc,yes,yes,0.9129211902618408,1,1
learned_hands_consumer,embed_base_logreg,0,3,51,e7c14e7458d8da99796ba9c88de59853c6a65ab37d90d24358671b503b06100a,yes,no,0.5486072897911072,0,2
learned_hands_consumer,embed_base_logreg,0,1,52,fc726439af49d4188b72ee0e9adc0c39a6dd739d7612fcaa8485f57a5706e876,yes,no,0.584145188331604,0,2
learned_hands_consumer,embed_base_logreg,0,0,53,eec25d963cdf3c5408e24c25c1ec3ce4c8b7063821931ad7747c587b4dd8f3ed,yes,no,0.5546423362088899,0,2
learned_hands_consumer,embed_base_logreg,0,2,54,dcae1fbe99948ce3f328592769d0490ed52f89cb9a04fb61ed7eb8f822e0ef89,yes,yes,0.6228398084640503,1,1
learned_hands_consumer,embed_base_logreg,0,1,55,ec7dbe0d74d55de6c88312082e78da6a9a98966b97acf9fa7c9d9202b2fcbe6d,yes,yes,0.9367202520370483,1,1
learned_hands_consumer,embed_base_logreg,0,0,56,d8912fee3a18d2f57b6bb3a91a58414523442ec0294398e0adbd9fa8b241b33b,yes,yes,0.7633084058761597,1,1
learned_hands_consumer,embed_base_logreg,0,1,57,f87c51747534d2868b590819e8df1acd5dbdbe3015ba30f49aa700ccfaff8b97,yes,yes,0.7719351053237915,1,1
learned_hands_consumer,embed_base_logreg,0,4,58,aaf2efb2b98403731588f69a234f9628c7cf0a6e41dc5e4d493bf3cc98491abd,yes,no,0.6197600960731506,1,1
learned_hands_consumer,embed_base_logreg,0,4,59,8401deb1d2cdca16e4beb605dc74617b796161236d4fabf6b119671c60390e46,yes,yes,0.669333279132843,1,1
learned_hands_consumer,embed_base_logreg,0,4,60,0141cccd8167fda3a53db3bc8a9c9de38ab73039aee125ca5d456f83efb3f060,yes,yes,0.643803060054779,1,1
learned_hands_consumer,embed_base_logreg,0,1,61,9539303909111ff48458f893819b6c4d82471c51d35262c48791eb4281d5a6fc,yes,yes,0.7724148035049438,1,1
learned_hands_consumer,embed_base_logreg,0,0,62,0d9042d456d2e30348acf77b2105fef878d17d0c8ce75d13775d81f13023733b,yes,yes,0.9235318899154663,1,1
learned_hands_consumer,embed_base_logreg,0,2,63,d351e0b84bda59ef89f0bf473a631f614d498349dffaab3bb47d4611faad2257,yes,no,0.5574329925348462,0,2
learned_hands_consumer,embed_base_logreg,0,2,64,087225dc844ed506b918ed1ed8cb4919b62e15999a35bc72ef5f3e438535329d,yes,yes,0.5802753567695618,0,2
learned_hands_consumer,embed_base_logreg,0,0,65,8cc2e66174e528599835446e6f69bf213ec59da343e4da74a215a2d7e47df358,yes,yes,0.8384379744529724,1,1
learned_hands_consumer,embed_base_logreg,0,1,66,10c9dca4735480772f9fa371b9c9695f8d7449b8c64df6abd309125cc20b2e6a,yes,yes,0.9128445982933044,1,1
learned_hands_consumer,embed_base_logreg,0,4,67,4e9fb39ce82c9a0c8db9edda73b0a08dbe1fee6bde6735bb0599991149c9cceb,yes,yes,0.6935911774635315,1,1
learned_hands_consumer,embed_base_logreg,0,3,68,6a7e6c881869b757c8e7d36f73f227b987ce5b3ad9363a56d200edfa24ffcded,yes,yes,0.9204254150390625,1,1
learned_hands_consumer,embed_base_logreg,0,3,69,7599dea223674f198ca8bd7b449a8b363e958ee58ead42c5f7026c558eac1915,yes,yes,0.8799557089805603,1,1
learned_hands_consumer,embed_base_logreg,0,0,70,7f224054d39f18cdd6646ad519ae236db20d9acc51e2a2366bf146920bbd208f,yes,yes,0.9613037109375,1,1
learned_hands_consumer,embed_base_logreg,0,3,71,96ea4d954d1b6446c71d74a769dd614b7dcf83261e50056d6e62e7ca102d5401,yes,yes,0.6336772441864014,0,2
learned_hands_consumer,embed_base_logreg,0,3,72,3defdb305691fca997369ad61eb4c2cc9ad5737f73633b9997bca6b3b68dbc70,yes,yes,0.9267711639404297,1,1
learned_hands_consumer,embed_base_logreg,0,0,73,ea88a64bd77d6c33327a9e3a56bdeab16edfcc94d3ad1f6c811e233e9cf1a4e6,yes,yes,0.8458375334739685,1,1
learned_hands_consumer,embed_base_logreg,0,1,74,1cb2a54d0c572842c9666556b4f9d68ac569dacc5ff14c26a9deb40b00297490,yes,yes,0.7214347720146179,1,1
learned_hands_consumer,embed_base_logreg,0,3,75,3145ed790491a1b21c800dff9616114d2f77be8dbdbc044f4fcf7b15608d7aeb,yes,yes,0.9494005441665649,1,1
learned_hands_consumer,embed_base_logreg,0,3,76,bc58560238d37dd7bb637d6eed992896abc2e8646e56eb8dac0dd8bf4106576a,yes,no,0.6892015933990479,0,2
learned_hands_consumer,embed_base_logreg,0,3,77,9a5c75e417971c21fe00a89d52819a28a8d393fb332863c7f844a2f728e1aa47,yes,yes,0.8991669416427612,1,1
learned_hands_consumer,embed_base_logreg,0,0,78,7effc09d90b5d4a003218cec4356f0109765847fec64e4393bdf14682528fc56,yes,yes,0.868708074092865,1,1
learned_hands_consumer,embed_base_logreg,0,3,79,bf7fab3a472a85fba5cacc610acd4ae413064fb5929efe63047e35beca2837f6,yes,yes,0.7366572618484497,0,2
learned_hands_consumer,embed_base_logreg,0,3,80,b9fec9f38f97749033ecb64442eb36f3ee2e3a80cd28ded964ba3b542608ed08,yes,yes,0.9510084986686707,1,1
learned_hands_consumer,embed_base_logreg,0,3,81,a86e6ca3f4d275c0420ca0ee4600f15f0b78e34c43b877bb58dfb44c56f07ad2,yes,yes,0.9250726699829102,1,1
learned_hands_consumer,embed_base_logreg,0,0,82,e2dda0a5ede9ada6a285c131669076df0764c2b88c1c2001ae078a17d88fc168,yes,no,0.8954008684247603,1,1
learned_hands_consumer,embed_base_logreg,0,3,83,9d3a029d590c2c8aecbc4df458d911be15fcbef421678b9ef52d1281119ef933,yes,yes,0.5379189848899841,0,2
learned_hands_consumer,embed_base_logreg,0,1,84,0a86c2677e444a84373fb5de0aa2e100762432bf73d0ed3e92ef3f2f584504eb,yes,yes,0.8416234850883484,1,1
learned_hands_consumer,embed_base_logreg,0,2,85,edf4479c78e0f0664620607e8ab699c2cf70b3f949ebe5b6e2a5e65f56f24fa0,yes,yes,0.7175387144088745,1,1
learned_hands_consumer,embed_base_logreg,0,2,86,a446c13b6a95e774dc7f399a94c473901184d9172d42d8f4db7362cdb059e191,yes,no,0.5641041994094849,0,2
learned_hands_consumer,embed_base_logreg,0,2,87,90d67e6b76ef21ed8c1dc58bfbdcc24aab8e1dd728ebdafefc643a1e3c6bc74c,yes,yes,0.5784704089164734,0,2
learned_hands_consumer,embed_base_logreg,0,1,88,e0f88567e0733cdaf8c918330d9139891158680d5be3cc3fc4577a4e79c67cdb,yes,no,0.5554684996604919,0,2
learned_hands_consumer,embed_base_logreg,0,1,89,4c96db2e33b6cc4900b1f80e86334c0d0f97a10b76baf6a5fac96558a449fa07,yes,yes,0.8778845071792603,1,1
learned_hands_consumer,embed_base_logreg,0,1,90,08c27d740cbffbaf24d70ad9cc2f4538941c1e7ccba03ba15eacb0c43fe8f6a3,yes,yes,0.8720982074737549,1,1
learned_hands_consumer,embed_base_logreg,0,3,91,123e686fd8c78b602b0952ee8aacebb8f2a451c8d2c2f716072c6c0780e88a8c,yes,yes,0.8411069512367249,1,1
learned_hands_consumer,embed_base_logreg,0,2,92,61088df3abd8799b2cb0b2a50547fabab33f53e711b6bf0e51ad8eee1f9886f8,yes,yes,0.6006179451942444,1,1
learned_hands_consumer,embed_base_logreg,0,1,93,245581fd1773d7336f3fbd519ea0ad635746b96c3ef3c64c77d8fe969f404345,yes,yes,0.7046056389808655,1,1
learned_hands_consumer,embed_base_logreg,0,4,94,0935c35b8f85a7acb661025d20f4077750c9420cbe5f2d6cb6c1f5e62a4cd9fc,yes,yes,0.571978747844696,1,1
learned_hands_consumer,embed_base_logreg,0,1,95,8b2b428ed3082708aebc90d3e95493d6b01fab537f0107c5604932ba617141c5,yes,yes,0.7379984259605408,1,1
learned_hands_consumer,embed_base_logreg,0,0,96,46b3b836673160a90a211860286b914eda2a3ef85f0eb63bd10cacc7ea5f0f02,yes,yes,0.9215620756149292,1,1
learned_hands_consumer,embed_base_logreg,0,3,97,8c8ab92472440d5e8d77d4f562ff2df1e24f26dbf33e2f219ed51d9ffe2ed9e8,yes,no,0.7037426233291626,0,2
learned_hands_consumer,embed_base_logreg,0,0,98,f84ae3cfea6e268f60d53f2fc2105cabc35e7c1bc60594c254b8a5b9ebb95c52,yes,yes,0.9646459817886353,1,1
learned_hands_consumer,embed_base_logreg,0,2,99,5a061ea8f86d69941bb8f010a9102517e2e50e8a6e7f043b2a65a9beeb5b2a5a,yes,yes,0.6892886161804199,1,1
learned_hands_consumer,embed_base_logreg,0,1,100,a0b66eb40941e4afabf26cc61164bd17ae4b404900827ee613063156c3fcf1f6,yes,no,0.5515152215957642,0,2
learned_hands_consumer,embed_base_logreg,0,4,101,d69eab546563939e27e3b5c4bf71ed21aa8c08a685f2dc211a8611a8734cdaac,yes,yes,0.5574219822883606,0,2
learned_hands_consumer,embed_base_logreg,0,4,102,13c1947392729839a6ef7e019584b3baf576db1a026c6cc363f97f9be6b55b7d,yes,yes,0.6124808192253113,1,1
learned_hands_consumer,embed_base_logreg,0,2,103,2db3f4de10f8e3c93f180c1cec9ec1036a8cfb696152a003910f4876349b5563,yes,yes,0.7196931838989258,1,1
learned_hands_consumer,embed_base_logreg,0,1,104,9d141e84a47e429ebf8c9be15a716519a789f6ecfe2635d6742bcc1589887b61,yes,no,0.5951902866363525,0,2
learned_hands_consumer,embed_base_logreg,0,3,105,f2b40bc0dd711fca9b42c004ced8b6a7f8400023cc7f44239caee4f44359dde4,yes,no,0.523856520652771,0,2
learned_hands_consumer,embed_base_logreg,0,4,106,d5dcc520e7691c72d4f4bcf6d67cfa74c856d631a5a6c4904f730332b192f920,yes,no,0.5184043645858765,0,2
learned_hands_consumer,embed_base_logreg,0,4,107,da0684c959dcca3dab601174a68db1954a8db19f75ad96cecdb7b9319c828539,yes,yes,0.5631943345069885,1,1
learned_hands_consumer,embed_base_logreg,0,2,108,0e7608581b6f65860575a915b9e6d3ea3ba463ac7392a783effab47b7c6ed2b6,yes,yes,0.5751511454582214,0,2
learned_hands_consumer,embed_base_logreg,0,2,109,3b14007f0368858c49628d89f7a4ac4e05912114c121069f929f093267da692c,yes,yes,0.6240451335906982,1,1
learned_hands_consumer,embed_base_logreg,0,0,110,83a75ee006bb31d8db282260e075860f781be2246f81074adfc047c6debba47d,yes,no,0.6269838213920593,0,2
learned_hands_consumer,embed_base_logreg,0,2,111,d140e8b5cef58e3c07015a3be1003d6d67dda0e1681f40a4b5b23a3a143236ea,yes,no,0.6591635942459106,1,1
learned_hands_consumer,embed_base_logreg,0,1,112,fb04a608b72b2b2e616ef5e9aa6ca1fda0b73c81a00bd51339a60f7ebb9349f5,yes,yes,0.6937353014945984,1,1
learned_hands_consumer,embed_base_logreg,0,3,113,5ebb5e29b015223682853139344a5e2422b009ed368ed22452f4ebe96b314797,yes,yes,0.902008056640625,1,1
learned_hands_consumer,embed_base_logreg,0,0,114,7e315bac1e39325f317709b5955292bc75939640e3b8f10ba3c11050930647e1,yes,yes,0.8608888983726501,1,1
learned_hands_consumer,embed_base_logreg,0,0,115,0d7f2c826f6a0fc0a9404989d5d4b5cc6d7f2f516c1f069e5bf8d31ee7e817dc,yes,yes,0.9008673429489136,1,1
learned_hands_consumer,embed_base_logreg,0,1,116,7e75b01067a2ec4ca8c403b389118d896ccf66db535b144a3c54bc98c1c2e246,yes,no,0.509450420455622,0,2
learned_hands_consumer,embed_base_logreg,0,3,117,a3e66362096eb8059a216e47a87cdd7f3f944d1ccbc606f30cfbe1cc424e0594,yes,yes,0.8271834254264832,1,1
learned_hands_consumer,embed_base_logreg,0,1,118,d3308da62008ec5ef18494df94f73a4585ed31e1c8e69ccc9e25e76cb56d42a0,yes,yes,0.8185706734657288,1,1
learned_hands_consumer,embed_base_logreg,0,3,119,e07a44cb806545635aac341cc0946afd7d71c3619844a0ec08545160df03cbdc,yes,yes,0.8620674014091492,1,1
learned_hands_consumer,embed_base_logreg,0,4,120,aedceca2ca38055764eb4ff944a3a150057788281d1c3739f5e785db00a9e719,yes,yes,0.5565646290779114,0,2
learned_hands_consumer,embed_base_logreg,0,4,121,ca458586d811f25c02f1f39cf55f75b65071bd2ddc79fd97b0d5be9eb8e5312c,yes,yes,0.7056891322135925,1,1
learned_hands_consumer,embed_base_logreg,0,2,122,fce48e30fc0ea1058c42d4b4e3fc772fdd46a3060633bca5f371f122fc5aaef5,yes,yes,0.6636621952056885,1,1
learned_hands_consumer,embed_base_logreg,0,0,123,02bd80d2b643617360d685b497986a8637dc26275c2ea6a626b69de253d164e7,yes,yes,0.730755090713501,0,2
learned_hands_consumer,embed_base_logreg,0,1,124,af3d9c10fbb3296fa6a040f3015c474aaa8ae09177f6fe2e775fee3e584f996d,yes,yes,0.769390881061554,1,1
learned_hands_consumer,embed_base_logreg,0,1,125,73e4bc727ab5dd4600aa1647320d964c9a52dc7767744c8d074cebcd901f6c05,yes,yes,0.622307300567627,0,2
learned_hands_consumer,embed_base_logreg,0,3,126,0bdb8221f4d44b38dc8782e0b56035bbdd3a7e6fc2df17d22f1a5c863bc46075,yes,yes,0.9330005645751953,1,1
learned_hands_consumer,embed_base_logreg,0,0,127,90fe4003a641d7cd2ed6a00150556d083b23fe1e24e75ebb94ecff4d843c77e2,yes,yes,0.8750993609428406,1,1
learned_hands_consumer,embed_base_logreg,0,2,128,155678c2832cdf4702db15b523f143f1ac784cffcaf58c1a1dfe33a97611eb8e,yes,yes,0.600118100643158,1,1
learned_hands_consumer,embed_base_logreg,0,0,129,aec3c6407d02ce2d3b4abd591e08891c236a8a8989e7ad72020a4b7b777fea78,yes,yes,0.640238344669342,0,2
learned_hands_consumer,embed_base_logreg,0,3,130,1f2af78776193434b3d71d59e47e0a24bc7439537dae7643126e174f05f8a690,yes,yes,0.5387300848960876,0,2
learned_hands_consumer,embed_base_logreg,0,1,131,ac3dcaa7b7faf827da8c14b3bfd03c0f8d36bbd129920232b5775c57ebee5322,yes,yes,0.703754723072052,1,1
learned_hands_consumer,embed_base_logreg,0,4,132,8de39616285bfb13eac266c45a5691cad8963031bb495c5ffff384303ac2e317,yes,yes,0.5573909878730774,0,2
learned_hands_consumer,embed_base_logreg,0,0,133,df7cebc19279cc1176c76578d13d5634b4ee220d4093d6b4e048fd1f74811db9,yes,yes,0.8659805655479431,1,1
learned_hands_consumer,embed_base_logreg,0,2,134,b5412b723d0181549110fa8dd79485fa5238dbc7e264272da705dfe9c7f066a8,yes,yes,0.699333667755127,1,1
learned_hands_consumer,embed_base_logreg,0,0,135,e802649c8e6be5fbdc4e7ec755757e95ba836ac949c022f0081c1fcb1cfa00b0,yes,yes,0.978137731552124,1,1
learned_hands_consumer,embed_base_logreg,0,4,136,a039dbd9f0510ac6f66d44c60f9a5f5a5d5c76093f00e693801d2fc80d54f7a9,yes,yes,0.7566773295402527,1,1
learned_hands_consumer,embed_base_logreg,0,3,137,9cca62662bba01723eb2a9aa094821e1675b7ac525fe30fc042f3dcaac3e2727,yes,yes,0.7261176109313965,0,2
learned_hands_consumer,embed_base_logreg,0,4,138,dfbc47fb61799a0472fbf92d48b36eeb2584ccc63a3185c2d61a51c1537f7c92,yes,yes,0.6638815999031067,1,1
learned_hands_consumer,embed_base_logreg,0,1,139,6cb9e80497686772c38151ef29f0b998c3911fa46f4ae26dcb0677863d1c3bcd,yes,yes,0.8202836513519287,1,1
learned_hands_consumer,embed_base_logreg,0,3,140,bfc4a30870f9292a454f9471c16d25b3199ec05b80dafc98a9d6c50897c1b47e,yes,yes,0.929985523223877,1,1
learned_hands_consumer,embed_base_logreg,0,3,141,078b717fbab45038fcb94864d32f33fa6d71d9664570dfe04661869f23314833,yes,yes,0.8609371185302734,1,1
learned_hands_consumer,embed_base_logreg,0,2,142,0242758b0d09920c367a96d4d60f74cb970f86cfb3bbf7bc54aa2a69703b17c8,yes,yes,0.6586207151412964,1,1
learned_hands_consumer,embed_base_logreg,0,0,143,51eef95bf47218140683c3e1b4135ffc3d540ca426dbe552c2809dc445d5b483,yes,yes,0.5735887885093689,0,2
learned_hands_consumer,embed_base_logreg,0,3,144,af4b353687f267cf4811370b1167f39f3acb12a476ab7569d5711f61e7cc5c99,yes,yes,0.902856707572937,1,1
learned_hands_consumer,embed_base_logreg,0,4,145,a5b77622968be2023f42d12cc8cdb98fdd05731d5ff1f331c0c61cddcdd016ac,yes,no,0.5193422877984557,0,2
learned_hands_consumer,embed_base_logreg,0,3,146,483af7a4cce5458979f9fde28f5d38cf96c6b318f56cf5b8bb7fef01baeda51d,yes,yes,0.9376686811447144,1,1
learned_hands_consumer,embed_base_logreg,0,1,147,5b013d7731839bf2ba2c52bac900167561f691d205c1198ffe872747858115ab,yes,yes,0.7237131595611572,1,1
learned_hands_consumer,embed_base_logreg,0,4,148,1403a0476f3fcec8b1a48e6f1fceb06a2aeabd9f5de4f53ac7e2f29a80fc3d02,yes,yes,0.5862653255462646,1,1
learned_hands_consumer,embed_base_logreg,0,4,149,7153d24972b2eb3c082ba9cc58a892af969f2d9524022190bec282710d252b55,yes,no,0.5844876592013938,1,1
learned_hands_consumer,embed_base_logreg,0,3,150,a6e1cfe1a1c58fdb1b4033bef127bdc12ad083d8029c91cf81e74fbc997b44c2,yes,yes,0.7697662711143494,1,1
learned_hands_consumer,embed_base_logreg,0,2,151,c48f7444249fe7386aac1fa49a56e450eebc70c640262a5fc2cb2864d62c7b62,yes,yes,0.6454266905784607,1,1
learned_hands_consumer,embed_base_logreg,0,2,152,7223ee95c7eb5aab471c9b1426c035d3d751646abf3a01dd2380366fa55c1fb2,yes,yes,0.6686177849769592,1,1
learned_hands_consumer,embed_base_logreg,0,4,153,8b857fa596fd194124387876667280b614e479625bc9d05d958f3b90514c2e9d,yes,yes,0.5600349307060242,1,1
learned_hands_consumer,embed_base_logreg,0,1,154,6f137236864a4da2299f6341085a62e5e2e0466add7aa8eca3ff5f315633bbdb,yes,yes,0.903371274471283,1,1
learned_hands_consumer,embed_base_logreg,0,3,155,038e3005ce9b5b1cabf2220d9f9b068ab3289de326b9c0466e84286f1cb69bf9,yes,yes,0.841646134853363,1,1
learned_hands_consumer,embed_base_logreg,0,4,156,7b67a7b2e80fc8b9473186823a7570203fc746e03e40493d174446237de3bcec,yes,yes,0.5952909588813782,1,1
learned_hands_consumer,embed_base_logreg,0,3,157,9d82c554b4b00bd2ead020ff98bb6fcdee7432665a797346eb3d3aaf490d0d12,yes,yes,0.7700459361076355,1,1
learned_hands_consumer,embed_base_logreg,0,0,158,da85c2e88f91544acd0359c5ccd69c2b4f902d093ceb8cb12767a778944fbd7b,yes,yes,0.637523889541626,0,2
learned_hands_consumer,embed_base_logreg,0,1,159,a34040f6644b50bc824adc566e6d6428d7b05ca16c8ee39f0af4b1b9f5601f2a,yes,yes,0.9285755753517151,1,1
learned_hands_consumer,embed_base_logreg,0,4,160,19c9ac6e1d4ea3c61c161624efc992b8cc52bf306f151391ba8529c19382e1ee,yes,yes,0.6075236201286316,1,1
learned_hands_consumer,embed_base_logreg,0,1,161,650970637dd6a0ab8e97321c167c7bc4a9a3cdc8eba59da2a5c510bcbd5db45a,yes,no,0.6692193547123862,0,2
learned_hands_consumer,embed_base_logreg,0,4,162,c51f874153bc2cdaa57ad2c656a6af7ab24feabfb448922cab57ef416feee663,yes,no,0.5119244012810111,0,2
learned_hands_consumer,embed_base_logreg,0,4,163,13b1acd948c8e9c9a5739d8481ea213fa3cfdab8b80a82efd25be33e8f7b2902,yes,yes,0.63869309425354,1,1
learned_hands_consumer,embed_base_logreg,0,0,164,9fde61742e0b3fc6fabbffa750b6283c72453cd0303a465ce66648d46676eb89,yes,yes,0.531258225440979,0,2
learned_hands_consumer,embed_base_logreg,0,3,165,4fd20a26aafa50907d098d746bcd899d7abfca4f42db1d5c149080652db43b60,yes,yes,0.7896020412445068,1,1
learned_hands_consumer,embed_base_logreg,0,2,166,38a9b6c4df60f95cae8cdf22954e4170c3a5feb64ebfb5162134d697b7e84381,yes,yes,0.6334863901138306,1,1
learned_hands_consumer,embed_base_logreg,0,2,167,8892704b2b2b6659f287178e3c29d5c9d21dc3ecb2ae17dd4b6ec86c6784cd0e,yes,yes,0.6403290629386902,1,1
learned_hands_consumer,embed_base_logreg,0,2,168,5953941222239eaa15e600b769f26c7173e96638173a25e19be42ff6b5b07d45,yes,yes,0.6433476209640503,1,1
learned_hands_consumer,embed_base_logreg,0,4,169,4f9eec5c23a5c213a1bc6fc916fdf2587227d14edcd43d78fccea8cd278cc2e0,yes,yes,0.6536890268325806,1,1
learned_hands_consumer,embed_base_logreg,0,3,170,51ec6ad487eff34fddaa34cf9a46b4a9a9e66e2ef37f1718f6c2c0a6b08bcc0e,yes,yes,0.9827255010604858,1,1
learned_hands_consumer,embed_base_logreg,0,0,171,4356eb8f7a087e4d6032661552935019173e052ab6031528ff64635a4f9c515d,yes,yes,0.664391279220581,0,2
learned_hands_consumer,embed_base_logreg,0,4,172,6d7c28575a9e0747fc4cfaab5263e2daf0754ef5d1c996b9de353104dbfb5be1,yes,yes,0.5920534133911133,1,1
learned_hands_consumer,embed_base_logreg,0,2,173,6656d334c0150d50518a8e9e86ac484364dfc5da62604f792fa121392de57cd5,yes,yes,0.5837835073471069,0,2
learned_hands_consumer,embed_base_logreg,0,1,174,fa3b234c5866029eaafed3054fe7c1e9dd9d3e50389c45beedce0456e0a851a5,yes,yes,0.6945934295654297,1,1
learned_hands_consumer,embed_base_logreg,0,4,175,f5327013f798cdfff71ccd1ccbf934757fae9118c8fda0cfb29197ee8c9a2f92,yes,yes,0.6198182106018066,1,1
learned_hands_consumer,embed_base_logreg,0,2,176,0c550425496483256cac2b164db69cc78311e995021bfcbd4a5c585bcdd9d9c6,yes,yes,0.54615718126297,0,2
learned_hands_consumer,embed_base_logreg,0,2,177,e9a4a62f276d5c835085a02b2f4d92155f8f7ac6d396a52ad1cd37cab729b635,yes,yes,0.6296364068984985,1,1
learned_hands_consumer,embed_base_logreg,0,1,178,f4fe68a7bc004d02c8ecf39777717f5e53269903d0c3c3181101c07cea5c6b0c,yes,yes,0.7998174428939819,1,1
learned_hands_consumer,embed_base_logreg,0,2,179,3d0de6dc3fb5d69b4483315a8f1b9a55f3da2fb8eb1df50a74386a480912447a,yes,yes,0.663320004940033,1,1
learned_hands_consumer,embed_base_logreg,0,1,180,b66cb0340d554080664d72cdd106c5cdb17b38d1f74932ac0787b45754ce1a7c,yes,yes,0.875198245048523,1,1
learned_hands_consumer,embed_base_logreg,0,4,181,a9af33b24aeb8f4fc3dd090cb6015fd72eb33e9bacf6b245b9efd00dd9991af3,yes,yes,0.6066031455993652,1,1
learned_hands_consumer,embed_base_logreg,0,1,182,9eefcb8b16890b9cc6c7e144d07beaa48841305e10614e94d470242a6b0e065f,yes,yes,0.8156059980392456,1,1
learned_hands_consumer,embed_base_logreg,0,2,183,cfde4f376e1a14d27549b00d4ddf32bfeb542cf05f08d1cbc266df888e1c3047,yes,yes,0.6143903136253357,1,1
learned_hands_consumer,embed_base_logreg,0,0,184,421033c1624e9a903b16ba39c1d61b1ecb07a1c62b4ffce4608c02c7a3e067e8,yes,yes,0.5908300280570984,0,2
learned_hands_consumer,embed_base_logreg,0,2,185,7a8050d0881441599707f60d9661cc876f27efc16656cd8526fe842e463a56ec,yes,yes,0.6709203124046326,1,1
learned_hands_consumer,embed_base_logreg,0,3,186,5f4e3e4860760d911ab21bd74b2611036627cda4c7c666615991f1d2314d6b35,yes,yes,0.9414696097373962,1,1
learned_hands_consumer,embed_base_logreg,0,2,187,057e4d5e06ed1236a9a35f3ea5c2cc42ae58bd3d82fb4981f56669b168d087e6,yes,no,0.6859584842336629,1,1
learned_hands_consumer,embed_base_logreg,0,0,188,a5608444f7d99d3cd3109ac70b995bb38775ef1fa2c286f3779886ac598a5c9d,yes,yes,0.7733027338981628,1,1
learned_hands_consumer,embed_base_logreg,0,1,189,48a613b18969b56ad289f137a24f32ca5714dc722f1916be3cf41f3c98f577e0,yes,no,0.6592907309532166,0,2
learned_hands_consumer,embed_base_logreg,0,0,190,d5a7261352131be329b42958bda9d1cbf7adf2a5eb0c341d0fd5d6d07a9ae17e,yes,yes,0.8496730327606201,1,1
learned_hands_consumer,embed_base_logreg,0,1,191,e36f78681c2e77e1fe9fd7fc2f0b8fa917f14b6a2333a41863c17c766053033f,yes,no,0.687307814141875,1,1
learned_hands_consumer,embed_base_logreg,0,1,192,1487b9bcecfa449f7f97f38810e17ed4e37ea80a32cd5170137bf134574ae112,yes,yes,0.9273801445960999,1,1
learned_hands_consumer,embed_base_logreg,0,4,193,a0956e6a9a6973551966fc776c76b773565a03efe1dd2f5b6e363e037cd68e98,yes,yes,0.6753544807434082,1,1
learned_hands_consumer,embed_base_logreg,0,3,194,113f455fcca39b28919c8669b561494bb48c8a7b1abb08182e38efba3ba3d49d,yes,yes,0.9034430384635925,1,1
learned_hands_consumer,embed_base_logreg,0,0,195,01467176da7f8beaabb7d2d981d4c2a5d270c4de1ee41090eb7fff34ad10f233,yes,yes,0.934948742389679,1,1
learned_hands_consumer,embed_base_logreg,0,2,196,3917492faa9e47e7106ba122c3a1618a26df3dcdbcf5803ea5eff8caeb3a85b8,yes,yes,0.6392697095870972,1,1
learned_hands_consumer,embed_base_logreg,0,3,197,cde8abafba1e7a412e01f15ea5b8b45f4e1c8f3f37c5ed8ecf8670617e0e3ddc,yes,no,0.5233026146888733,0,2
learned_hands_consumer,embed_base_logreg,0,2,198,61ae855f1482eb8f9d691ed3f1d20ebbea6fc43c48a7559ddaf77710f2c27152,yes,yes,0.6551659107208252,1,1
learned_hands_consumer,embed_base_logreg,0,3,199,f35f9e77ffc5ac7a0d42e5a637d3ec3f6ef2830b8c178fdb6a5c951cfeaa3e88,yes,yes,0.5685433149337769,0,2
learned_hands_consumer,embed_base_logreg,0,4,200,82f9efaddab72f81167b375aff7cc6c2537117b477e6064545d97be910ff945c,yes,yes,0.6128601431846619,1,1
learned_hands_consumer,embed_base_logreg,0,4,201,967afc85cb2c22088e649a1faac841a0d2609f7e11fe94eef9bd17a4daa54688,yes,yes,0.5228290557861328,0,2
learned_hands_consumer,embed_base_logreg,0,3,202,5648d782c24eb983d5cf18c59b05a1a47459a5dedd4e5335a0232c23f062944c,yes,yes,0.8458804488182068,1,1
learned_hands_consumer,embed_base_logreg,0,0,203,157bd549be3ab1bdd3e21c29805aafdc0d0b45c1aa52b0a397ab9236a4e5c944,yes,yes,0.8880152702331543,1,1
learned_hands_consumer,embed_base_logreg,0,1,204,525f45b4239b35c4038470e08628f267e9887f1c30b0aa84a2d5d01464da39a3,yes,no,0.6247992701768658,0,2
learned_hands_consumer,embed_base_logreg,0,2,205,0a0807c3257345430140d80f2b2b7210e572d13f47d5ac8a65174de1142590b0,yes,no,0.5507466793060303,0,2
learned_hands_consumer,embed_base_logreg,0,4,206,a2b92dbd2ee6fd008bb6aa904caa64641950c475cddad723b2644f23c751a0ee,yes,yes,0.7456450462341309,1,1
learned_hands_consumer,embed_base_logreg,0,4,207,a2ed73e250907017f6d7fd66c658c04c6a137575d6ad765f993661edda327577,yes,yes,0.521694540977478,0,2
learned_hands_consumer,embed_base_logreg,0,1,208,1290d537ea8750e4e91f20b46eec10646ce12ab7d86dfc91eb09b608405fe90f,yes,yes,0.6956254839897156,1,1
learned_hands_consumer,embed_base_logreg,0,3,209,a0f7d16e25d9f13501287713351ca9111410082745756d6eff69a544a7ce0fab,yes,yes,0.6088139414787292,0,2
learned_hands_consumer,embed_base_logreg,0,0,210,adbfc9de80cf0100c04073d2c24a7a39ad794835be05b45cd9a54b30876e1bae,yes,yes,0.9304576516151428,1,1
learned_hands_consumer,embed_base_logreg,0,2,211,33d047d7bf09f05c00081ea7055f31cf8f5cfbb5f1ceb5b0376de52b5d66fca4,yes,no,0.5025004744529724,0,2
learned_hands_consumer,embed_base_logreg,0,3,212,8747eec3bef3a1ac47c5e03b2a3185ec7be0382a48e8f07bc6b009f884106d3b,yes,no,0.69194028699576,0,2
learned_hands_consumer,embed_base_logreg,0,1,213,49b127f44fd96be9d276f55d1669f94228b7535cb909c7f6b272eb55f8881a2c,yes,yes,0.9292312264442444,1,1
learned_hands_consumer,embed_base_logreg,0,1,214,dfb7f7c0e45b4a7671e7808a09335109e684ec1f7b896028808720b751c76290,yes,yes,0.8519219756126404,1,1
learned_hands_consumer,embed_base_logreg,0,4,215,db97720cca0e39dc598257024bac71c263aaf9886f335cf6cd722539c19eacca,yes,yes,0.6589601635932922,1,1
learned_hands_consumer,embed_base_logreg,0,4,216,64859a67c19bf56da59ad97eab9f8da73202e6a6dd9d3bbb9372afcb47b0408d,yes,yes,0.6735731959342957,1,1
learned_hands_consumer,embed_base_logreg,0,3,217,f449fe5d57975f0caf323ecddfcc9b9dccbabe88c5ff42bd31a1d65fc7a824b5,yes,yes,0.7664839029312134,1,1
learned_hands_consumer,embed_base_logreg,0,2,218,fa078ce3c2ae45c10df8aa0a800c47eade1e7510a46eb24bbe627b87d2938a68,yes,no,0.662041922272501,1,1
learned_hands_consumer,embed_base_logreg,0,3,219,f2fae4fb37730a28c6c680ab68c6e0cbcb083e46d89296b52700b2b28ed2e203,yes,yes,0.7426683902740479,0,2
learned_hands_consumer,embed_base_logreg,0,3,220,ca57b26977335b108fd0d46872d220af17b298c5169ea6a338028e3fa941a5c0,yes,no,0.547466532810525,0,2
learned_hands_consumer,embed_base_logreg,0,4,221,9f6359257abe0943f69a9a6786fccff089c30ae5f302d29d57c21ec0cc0fb8bb,yes,yes,0.5517976880073547,0,2
learned_hands_consumer,embed_base_logreg,0,0,222,da0db19cfa506b30e60a6cf05fa27f60113ec86ac8308c44eddc1cdeb6e6b707,yes,yes,0.7477742433547974,1,1
learned_hands_consumer,embed_base_logreg,0,1,223,013033315bef6946bef54c7e1e5131afe73897a10507585acff502cb07b082d1,yes,yes,0.8551381230354309,1,1
learned_hands_consumer,embed_base_logreg,0,1,224,01ca67ea223ea6f3f78966619c3d177754184bea73cb662ffc54be7eded55946,yes,yes,0.8653420209884644,1,1
learned_hands_consumer,embed_base_logreg,0,4,225,0972b858c77e9cd796c6bda370f1d6b2ea20798091434c33f49f1827e4a678cf,yes,yes,0.6243937611579895,1,1
learned_hands_consumer,embed_base_logreg,0,4,226,478e48024c876788e7ac0b2943d399c14bb997ab82a37ee11247a5b223d23f4f,yes,yes,0.559748113155365,1,1
learned_hands_consumer,embed_base_logreg,0,3,227,dd602e9be0c77e5a1bf15d2c5db5302c6b6d2b8362f95c146de1f5d3ea45031b,yes,no,0.6096087694168091,0,2
learned_hands_consumer,embed_base_logreg,0,0,228,e86c4500724cd80b78a41c3de49d5f623baba6615be341878c3f40d1a666fa36,yes,yes,0.7030652761459351,0,2
learned_hands_consumer,embed_base_logreg,0,1,229,44f8bde89aa71070a44a090fe6553fe64a785e0148291429f98b65d8cc35537e,yes,yes,0.9071741700172424,1,1
learned_hands_consumer,embed_base_logreg,0,4,230,f92a5c6258f5da9bffe36fc1a4498f1086f4d296b5c28109401777d767f46946,yes,yes,0.6850094795227051,1,1
learned_hands_consumer,embed_base_logreg,0,4,231,b8099af0f4a08d3625fefbbdf920208ab786e82be6d9e5ecd373c981c3bd90c4,yes,yes,0.6950291395187378,1,1
learned_hands_consumer,embed_base_logreg,0,0,232,dd6b7ca454c08a409f4171cb97167a8c91e862451ec1b92eaa7d9393934cf91c,yes,yes,0.7983591556549072,1,1
learned_hands_consumer,embed_base_logreg,0,2,233,fdb76c188296362ef951b02157cc4150c8d3a0750fe72942787d491e6ddc18e2,yes,yes,0.5193666815757751,0,2
learned_hands_consumer,embed_base_logreg,0,4,234,b78102f7318502d1b26dbcb12920cd58ed53891ef8b61bff2b15f5b432da91f0,yes,yes,0.7120695114135742,1,1
learned_hands_consumer,embed_base_logreg,0,1,235,5a37498c5c481cdd1e4bd5190333a14a0190aa3aede5364087479e33c293e1a9,yes,yes,0.9134843349456787,1,1
learned_hands_consumer,embed_base_logreg,0,0,236,eae4558b0617e7ebc54a6ebc59d2dde3f9df33d4ce6cb6404452671b374ff797,yes,yes,0.9093369841575623,1,1
learned_hands_consumer,embed_base_logreg,0,2,237,b25bbe0ef882d9b6ee6ca640d619e47af1ba4b4303c92a73e17071d2b63f6203,yes,no,0.6315938046099602,1,1
learned_hands_consumer,embed_base_logreg,0,3,238,3415dc4afd4d574b0da83ec6d205e580b78b683ce427d70cb6192aa1345ada00,yes,yes,0.5256744027137756,0,2
learned_hands_consumer,embed_base_logreg,0,3,239,e4190a6930b3800fcc812916fc24cd7666ec7ccade668b74793a25cf043ee8dc,yes,yes,0.8956854343414307,1,1
learned_hands_consumer,embed_base_logreg,0,0,240,2a1e5635eb53609c5660dd54ea549b8c7ca1d8ef3709e5692cce67005fde384f,yes,no,0.6956468820571899,0,2
learned_hands_consumer,embed_base_logreg,0,4,241,1587f650838e742b5adbc001e25e86b815c1c282f7e24b9a7f46e2c9c7e7663d,yes,yes,0.6108816266059875,1,1
learned_hands_consumer,embed_base_logreg,0,4,242,3aeb06e0988c30e7dd4b9857f1305ee50a9955e156a1e1a8bfb635878c936da6,yes,yes,0.5834340453147888,1,1
learned_hands_consumer,embed_base_logreg,0,2,243,0ba639fb1b8f0dcb2fe9cffb9b96ec4f2cc182c78d9a521ea1b367d5c28385d0,yes,yes,0.5582018494606018,0,2
learned_hands_consumer,embed_base_logreg,0,3,244,ebd5c1534b316d246d849144a17469ee09729233fad0f39a8a330fdfa15b9628,yes,no,0.6534971996099591,0,2
learned_hands_consumer,embed_base_logreg,0,0,245,401a36474fa40d2d999cd260f57ca66ab83fcb63de68f578a6d6ad7d4ec4bd2e,yes,yes,0.8431435227394104,1,1
learned_hands_consumer,embed_base_logreg,0,1,246,4176b37a2179c60a956b8746678c2a674aabbd9e086407904b2475af255d13bd,yes,yes,0.9019076824188232,1,1
learned_hands_consumer,embed_base_logreg,0,1,247,95933a28191a6e558a2911f9c54efc9e53d3ba70d036eac4f4fcf1044bbc9d88,yes,yes,0.825753927230835,1,1
learned_hands_consumer,embed_base_logreg,0,2,248,0f4ecd29ccebf4ac6e235b28298c170a1c4939a57f8d2bae941d4292bb91c9e2,yes,yes,0.5239718556404114,0,2
learned_hands_consumer,embed_base_logreg,0,3,249,061be30da02e5927c05d4f6dcb0ebcaa8bda9da95f663afc3448b40f550c8dcc,yes,no,0.6145329658547928,0,2
learned_hands_consumer,embed_base_logreg,0,1,250,6c7deef4168bfdd3eb4f65e34ff1a5b08e7d07a494276e6dbc72cf08dd1d9ea3,yes,yes,0.9383639693260193,1,1
learned_hands_consumer,embed_base_logreg,0,0,251,3fecd30afaf717ef4d633f041d6b64abc35956652a123bf652a024e051aecbd2,yes,no,0.5959219932556152,0,2
learned_hands_consumer,embed_base_logreg,0,1,252,618080a1456e3ee68a8c336bd1951f8be686d4b280ba12acc2afbc0afe6f5e6e,yes,yes,0.9211011528968811,1,1
learned_hands_consumer,embed_base_logreg,0,3,253,7d9553904434b833510ba4f74348cff64322921c601077d281c33b3d61d048ca,yes,yes,0.7238665223121643,0,2
learned_hands_consumer,embed_base_logreg,0,2,254,851524b83e3b815d2b8ad94407c2a48429aa45e82bd9c1b64ffd780d6c3a0de3,yes,yes,0.5941755175590515,0,2
learned_hands_consumer,embed_base_logreg,0,4,255,cb21cc98accfbbfc1ab6fb040d28dc4a525dd125dcded30bbb6688922bc0bcf0,yes,yes,0.5657716393470764,1,1
learned_hands_consumer,embed_base_logreg,0,0,256,77a1a7abf05f1aa064c4d1f51619137f7eb2bd94b8ddc362bc14f64be0bd2a01,yes,yes,0.8031493425369263,1,1
learned_hands_consumer,embed_base_logreg,0,4,257,3d22a52452442ace2422e3134c77857c8d5686fd9080d9f42bc9438a845f4c89,yes,yes,0.6224795579910278,1,1
learned_hands_consumer,embed_base_logreg,0,2,258,aaa2f84803feb0579309aaee905dbe769a0e41a5a6daf89677d4a8534aa9819f,yes,yes,0.5512145757675171,0,2
learned_hands_consumer,embed_base_logreg,0,3,259,cbf21ed32acc01ddeaa5380d184a96c3ca5b84614bc1f3a1a9583fa9b891c05d,yes,yes,0.8838527798652649,1,1
learned_hands_consumer,embed_base_logreg,0,0,260,370cc782f60a07b178ac3c0ec5c92e1d6072d6798ba29e27eb089d3af9d06cb5,yes,yes,0.5209039449691772,0,2
learned_hands_consumer,embed_base_logreg,0,2,261,e2fa618a66bdb423b63a86d231a23868e8833853ed334799049daeac30367a88,yes,yes,0.5815072655677795,0,2
learned_hands_consumer,embed_base_logreg,0,0,262,6c81e7b6dabbb3574a09c499dc7a67ca24d31c6e646bab4ced51cd8c78f55ea7,yes,yes,0.8475813865661621,1,1
learned_hands_consumer,embed_base_logreg,0,3,263,1f341a6355c5c3b945e1a2b14b3434e8b3904eb4eca3e24c87941d86e705e57e,yes,no,0.7422215938568115,0,2
learned_hands_consumer,embed_base_logreg,0,0,264,6adfe2187f8557b8f6378f034717bdcd2f522a0df00806a04c1dfe98b3e997bd,yes,yes,0.9326075315475464,1,1
learned_hands_consumer,embed_base_logreg,0,1,265,8bad5933bcb5967cc9bc4abe066d28b765494f7a0dffd407c47d6d8067553308,yes,yes,0.7754846215248108,1,1
learned_hands_consumer,embed_base_logreg,0,4,266,c55600e95d9b4eb897af3302c41acc84e2d54157f428bf1f8caec3b61e668da5,yes,yes,0.7190573215484619,1,1
learned_hands_consumer,embed_base_logreg,0,0,267,13c0dc364911dc9186a0c024e55f88be572c4deb5878fbd82d310ecaf5f45d13,yes,yes,0.9470447301864624,1,1
learned_hands_consumer,embed_base_logreg,0,3,268,3321004b9ab1144d0dfdcb61b18d746e047e1eca73ce7e0acb9fbd0e7c724816,yes,yes,0.7902292013168335,1,1
learned_hands_consumer,embed_base_logreg,0,0,269,19d396f6ee8676b8e14abd050a0d810589baf0188e806f72eac507d7a2c545a3,yes,yes,0.7277307510375977,0,2
learned_hands_consumer,embed_base_logreg,0,2,270,7eb4eb67f8d71b2387d20ed2f7c7421eab13eb8910aca82d69fdf9a9273ecb96,yes,yes,0.5072928667068481,0,2
learned_hands_consumer,embed_base_logreg,0,4,271,21f6bcc2b642898b25da24d91a08efc8029b34d97d979ac84183c75b0c07b9c0,yes,no,0.5133634652685086,0,2
learned_hands_consumer,embed_base_logreg,0,0,272,63a06c8bcc7dbff84f881459fdf825076cb5b36209132b00c9c84eeeba7b6eb8,yes,yes,0.7985201478004456,1,1
learned_hands_consumer,embed_base_logreg,0,1,273,94b8923b3eddcc3f61a255a8e42041ab7f8e96bdae7e23fa5dba20dd65b82fa6,yes,yes,0.8268636465072632,1,1
learned_hands_consumer,embed_base_logreg,0,0,274,c2ccc5ca47171285fb0298be4298f50882121913b48b7ac1e796a30c532811ba,yes,yes,0.879125714302063,1,1
learned_hands_consumer,embed_base_logreg,0,1,275,1f6071d3d10ecfa1b75476a7071af685e3ba15fcf7b2a774e39b20191e1fe074,yes,yes,0.9240731000900269,1,1
learned_hands_consumer,embed_base_logreg,0,0,276,11cabef5b7d7edbcc7de996da7ddc824772faa6248373f429b29567c5017f865,yes,yes,0.5045873522758484,0,2
learned_hands_consumer,embed_base_logreg,0,2,277,9136c7f7286a3ee6b4af4f2c4bd396e5528e9e59d4a11138840961213324a902,yes,yes,0.6372532248497009,1,1
learned_hands_consumer,embed_base_logreg,0,0,278,45b8aa00e5100aa8e27c34109569ad374e89747c8859165962bd4b50a718dec3,yes,yes,0.8525699377059937,1,1
learned_hands_consumer,embed_base_logreg,0,4,279,93a67fe947a834ff1518acdef3d3503a43de70821df3f53bacca03fe73994e4e,yes,no,0.5297448792977595,0,2
learned_hands_consumer,embed_base_logreg,0,0,280,f9aa283cb36bd865eb6d0e00dec619c048e1b8f0e8830f12b5d02008a0b97ace,yes,yes,0.817036509513855,1,1
learned_hands_consumer,embed_base_logreg,0,1,281,55de4e8dcda9a6328913ef54a1ed9351f1f426737486cdf8f668ad83b8388f73,yes,yes,0.8113080263137817,1,1
learned_hands_consumer,embed_base_logreg,0,0,282,6bcb70ea6c53d9d2735995ffa331f18d0e9d9cc24ba93acb53376ae8483ed8a1,yes,no,0.7171074365707468,0,2
learned_hands_consumer,embed_base_logreg,0,0,283,78da2dea499e7edb487d60fd31327140d7546b18febaf57879bbba65e8c1b04e,yes,no,0.5355039238929749,0,2
learned_hands_consumer,embed_base_logreg,0,2,284,42fb96e3e3db8353adc2b84b435807f73584555187d03911234609ed6e85bfe6,yes,yes,0.7219067215919495,1,1
learned_hands_consumer,embed_base_logreg,0,0,285,ecfc65fba09f92e19dc001350da2ef8adc932c234c862d0db0f1879f2e7c8794,yes,yes,0.5244042277336121,0,2
learned_hands_consumer,embed_base_logreg,0,1,286,c191adb1d624b20f83068f7b5908de47c6c5209a753e4de83b528e1156b3c2b0,yes,yes,0.8870810270309448,1,1
learned_hands_consumer,embed_base_logreg,0,4,287,644bc0e92cf759be58ca6610fa275080515a65a91b581445be9cabf7ffea0e15,yes,yes,0.6980397701263428,1,1
learned_hands_consumer,embed_base_logreg,0,0,288,a79143144aa9b5670c2ef1346d67999dca1710bf76a38aefe7d8c7b71ae44b79,yes,yes,0.9260650873184204,1,1
learned_hands_consumer,embed_base_logreg,0,3,289,29d068c39f2e257adbe8beebd86189c3ef328bbf2028cdf5c6d3ede0e5ddc09b,yes,yes,0.9062068462371826,1,1
learned_hands_consumer,embed_base_logreg,0,4,290,fe9822a59aebf2d41016c82deb1d427382b2666a1fe39079f87be07fb936b617,yes,yes,0.6915309429168701,1,1
learned_hands_consumer,embed_base_logreg,0,4,291,56bb42f2ccd6615785428ca0492a89e2c4c3ab2f9fa44ee197d3da8fab2c5842,yes,yes,0.6025822162628174,1,1
learned_hands_consumer,embed_base_logreg,0,0,292,5299348ae3f81c25293e952182bb6bea15382e9da7443711aa78acdaf4b6bcb8,yes,yes,0.8949649930000305,1,1
learned_hands_consumer,embed_base_logreg,0,2,293,73a78266e6561f4e4c9baa89057beda5a92213b2ef917e1272c2ece8cd9b7704,yes,yes,0.5252727270126343,0,2
learned_hands_consumer,embed_base_logreg,0,1,294,79cc9d9097ff95d4d5569540eb3711865f517ab1a2a0fc876da5c48598ee3cb4,yes,yes,0.9687355756759644,1,1
learned_hands_consumer,embed_base_logreg,0,2,295,3b85fae280cd98abcc7e78ae4627a4c94eee68cb0bdc5b31dc3b1cf2e53949ae,yes,no,0.5426123738288879,0,2
learned_hands_consumer,embed_base_logreg,0,3,296,32072d7df35d23c7cf165a1afeb9be63ebbdcf2c94cee75f9b5a90b78e19dd28,yes,no,0.6629085540771484,0,2
learned_hands_consumer,embed_base_logreg,0,1,297,16bed4a62e2738950d2587d30c25ed9c5d17ea5f0cc5e91f1148a4cb64162453,yes,yes,0.8884224891662598,1,1
learned_hands_consumer,embed_base_logreg,0,1,298,3473fc0f42c76ad19ef3ec2771d01d619478fb7fab7ea70d94e7fe0f1bd61128,yes,yes,0.9301854968070984,1,1
learned_hands_consumer,embed_base_logreg,0,2,299,251efc17ee26f8f9c544871f61f6fd54cf585d0f3210406eb3c48c825a10d526,yes,yes,0.7073880434036255,1,1
learned_hands_consumer,embed_base_logreg,0,2,300,4b657305ddc7f357ec185bc9abec0fa67e2d4d4fb0afb00f8e83e73a4c712e8e,yes,yes,0.5128108263015747,0,2
learned_hands_consumer,embed_base_logreg,0,1,301,f85e7456c7160ff553b31db76a443f79214f6b2cd4542c3bb171595928ab6558,yes,yes,0.91227126121521,1,1
learned_hands_consumer,embed_base_logreg,0,3,302,243386ffe9922a67ec10fee19cff0781c4d76b6a78a32ec20ae1b9ece92bf995,yes,yes,0.759504497051239,0,2
learned_hands_consumer,embed_base_logreg,0,1,303,85d4e89725d489b9e3820f724acfc754d59767d51140be8d70af3bb2eb4198c3,yes,yes,0.8594242334365845,1,1
learned_hands_consumer,embed_base_logreg,0,2,304,f859129d9d2aa75e88d6602d1563b367b5d45a031c53939b17889bef5d0f147e,yes,yes,0.530030369758606,0,2
learned_hands_consumer,embed_base_logreg,0,4,305,483ac3b333ee68b7196086031e6a08e2fdb91c52f28a3a861f23a2c8ec75478c,yes,no,0.5234391093254089,0,2
learned_hands_consumer,embed_base_logreg,0,0,306,6eef9bbaaa01f32394020b689930f9d2ae66836d280dfef0cac99935536b4a22,yes,yes,0.8710653185844421,1,1
learned_hands_consumer,embed_base_logreg,0,3,307,2bbdbbb31e0f69cbd29d755d0e4fb9a5a932b3b1effe5a664bc674ef725addc2,no,no,0.9300736050296783,1,1
learned_hands_consumer,embed_base_logreg,0,1,308,5779a2e66767851f78c4baf2c51d3e6be6d917949d5341b98c489bbf0f67f6f3,no,yes,0.5684168338775635,0,2
learned_hands_consumer,embed_base_logreg,0,2,309,24481de31a2b3036d71dc474adac585b922e4bdfb8287ce43a3ff34846620b73,no,no,0.6927120892021683,1,1
learned_hands_consumer,embed_base_logreg,0,3,310,13b626d60d254c4999ca862d60b0f13ec9378504e9fa2fa1c002db747518bc7b,no,no,0.8748608231544495,1,1
learned_hands_consumer,embed_base_logreg,0,0,311,97939ad30f5a35f45ccb7fcb190a65552ca404ca227456e1ecb4f5a57c3bed17,no,no,0.8586293203047121,1,1
learned_hands_consumer,embed_base_logreg,0,3,312,8616d00b5609b9a12db9741cc2c276068fbfffd9d02b80e12bf3dc55ef37b07c,no,no,0.9483354475721244,1,1
learned_hands_consumer,embed_base_logreg,0,3,313,65e5a2fd7a388ba873ac967c48adb5664e74f76db3d95f15af7230c45aa27115,no,yes,0.6371068358421326,0,2
learned_hands_consumer,embed_base_logreg,0,4,314,0b5ab1b563bc3ef18c295476f388386fadc1cf299ab20f258f1dffee0f8157b4,no,no,0.755544316106205,1,1
learned_hands_consumer,embed_base_logreg,0,3,315,c70617e5ad6a4b2e699841464467e2a1387594382a39a10f5f3aa0ba238dc8c6,no,no,0.8074951171875,1,1
learned_hands_consumer,embed_base_logreg,0,1,316,bc9f773c51514a7ad309a672115c1b9f79304095ccabcd53343b945d6ce19ec8,no,no,0.544902503490448,0,2
learned_hands_consumer,embed_base_logreg,0,3,317,0af96d52fa6c71f1943351f5d1a07e10d961983e0c4a66784a937ad8bbaf2f0e,no,yes,0.6308038830757141,0,2
learned_hands_consumer,embed_base_logreg,0,4,318,f4a7c81fbb4fe3b5a0cdb370b458074ab8fa6f11fe41ced9df994fd2f420f362,no,no,0.6021143794059753,1,1
learned_hands_consumer,embed_base_logreg,0,0,319,71d38fe12b75052be0651bda2d4f4efe697b07d365bf41cb14841da2688b94f5,no,yes,0.6740919351577759,0,2
learned_hands_consumer,embed_base_logreg,0,4,320,60a86bc631bcf63cb1c4ced84c0f60928e57bb2abcf79c23baa53fea95cc1aa3,no,no,0.7579372895378682,1,1
learned_hands_consumer,embed_base_logreg,0,1,321,e06e690d6aad76f736293110bf1b57c294435c42a47933cd1acab74063fa7102,no,no,0.6966285705566406,1,1
learned_hands_consumer,embed_base_logreg,0,2,322,a90e11f52d0e31db828e5d845e5fc33cb9bbc6922bce8244891dbc15b22a7483,no,yes,0.5130829215049744,0,2
learned_hands_consumer,embed_base_logreg,0,0,323,7f6a2fb0578a33bc0482677bbc588e70a785c7bea415b62486a564b37d2364a5,no,no,0.8917864295307866,1,1
learned_hands_consumer,embed_base_logreg,0,2,324,91f9aed41e41a457675d9814a53f7e293fdcc37d5ecd967c9a49b0e1b38c3587,no,no,0.6422080802259421,1,1
learned_hands_consumer,embed_base_logreg,0,1,325,ca37e43e8db1c44dbbb19c01ee3aa67ed7d3e032717d029d12d8ecc1e8da9e24,no,no,0.7315554022789001,1,1
learned_hands_consumer,embed_base_logreg,0,0,326,2fb4fb6b593cdd7c3e2fd5c6e362a22a579395bb61b602c450cca3538b8e24ef,no,yes,0.5930415987968445,0,2
learned_hands_consumer,embed_base_logreg,0,2,327,c74e1031658129cec56f52de73b243a87d110480b7489b898798c788c64954c1,no,no,0.5240970693797746,0,2
learned_hands_consumer,embed_base_logreg,0,4,328,12a1ea95bdc51debd507323d28586d8cd6725f1b2fb39a9a12ccea37dd723d96,no,yes,0.5237890481948853,0,2
learned_hands_consumer,embed_base_logreg,0,2,329,985ec3dfb0c350854d7b1baac2c3332760dc5c321f1cafa4bfd44c6712e2ced1,no,no,0.5441197752952576,0,2
learned_hands_consumer,embed_base_logreg,0,0,330,335fb0b1b9fad31fa5c37ca3233826815b93d197d51ad6e25f3adb819181b8d5,no,no,0.9110498360466224,1,1
learned_hands_consumer,embed_base_logreg,0,3,331,c1a730a7b254e70e6ac0d37573a2caa83d4df82d7e52868bedaff06ebe6b6878,no,yes,0.7264052629470825,0,2
learned_hands_consumer,embed_base_logreg,0,3,332,2c4155ce67ad13aaa45fffc3554b95daf5261dd7f91fb8fd64dec003bfb9e74f,no,no,0.6647361318845709,0,2
learned_hands_consumer,embed_base_logreg,0,1,333,6ceaa70ea927c42a727227f3a30b6f624dcea1bc117cb238827bb15af9517c39,no,no,0.695858895778656,1,1
learned_hands_consumer,embed_base_logreg,0,0,334,7d6f93cb8182ac12b92485985653cd0fd562085122909d87b4336f6ee3e4666d,no,no,0.7446942329406738,1,1
learned_hands_consumer,embed_base_logreg,0,1,335,cf8776ba226b044303c6bd7ec8aa16cfacbe82cbb01b00fe365ab899a5adc5f8,no,no,0.6869236826896667,1,1
learned_hands_consumer,embed_base_logreg,0,1,336,63d2423f809c612df5098e911ca5ba908d510a563c38c6d97d504e390d18c390,no,no,0.7565116656866173,1,1
learned_hands_consumer,embed_base_logreg,0,2,337,52f14dd7aea76b56f013c46377c11006c81b564a73a8fa44e2a4843c3f9ff85e,no,no,0.5349253575481581,0,2
learned_hands_consumer,embed_base_logreg,0,3,338,cd0992eca3b3ebd4ffcc36e8430e138824f9b105e6764dedf74a8ce2d5549fe4,no,yes,0.6169164776802063,0,2
learned_hands_consumer,embed_base_logreg,0,2,339,5a8803fcccb50853b2c3856ee82785bd156f862dd26d34c99efdea4519a7e214,no,yes,0.5336172580718994,0,2
learned_hands_consumer,embed_base_logreg,0,4,340,617fea7762c73987c8e9da050c8cae25a1aefb6ea95ff5d081b8e51f028dbf2e,no,no,0.7551714294429337,1,1
learned_hands_consumer,embed_base_logreg,0,2,341,d4093169f98d05e7565a5542038529f1fab35b60cfe43127811daa861d935feb,no,yes,0.532441258430481,0,2
learned_hands_consumer,embed_base_logreg,0,3,342,e8a22694731ba2e5a7312f7d4a02b03f7e4bc081c76f7068d665ec82ab92f3c7,no,yes,0.6241036057472229,0,2
learned_hands_consumer,embed_base_logreg,0,1,343,7a0a05fc729a8f64cbb6ca9c295a3805e152b645fbd81571861db6a5918d5618,no,no,0.9450890527489303,1,1
learned_hands_consumer,embed_base_logreg,0,0,344,1de94b175a0dc3b16576ef02ea9b734786aa3bc35b5be8fbeb644479593c01bd,no,no,0.7900963425636292,1,1
learned_hands_consumer,embed_base_logreg,0,4,345,7eba9bd21b877177f0ea63bb88313953a4c47a8eea950c93500fbc398e54e665,no,no,0.668408215045929,1,1
learned_hands_consumer,embed_base_logreg,0,2,346,aa01251703c5de088b207ee1e21487e51f88caf08d8d578aef87fead3ecefced,no,no,0.5630659461021423,0,2
learned_hands_consumer,embed_base_logreg,0,2,347,e9f5e96f340dd75e497ed93a4a1e722cfce986d2cec52aaa027ca7778586ad19,no,no,0.5496494770050049,0,2
learned_hands_consumer,embed_base_logreg,0,0,348,4b9f93fed8e41a2a2c5f0994cdca3aca0eda1b96dbd2f74d5afcd2a43889c2e8,no,no,0.8786805141168756,1,1
learned_hands_consumer,embed_base_logreg,0,4,349,f05855943024f908afbb53b1527e164e7e5e5ad16ec0192747e08513f2bf77c0,no,no,0.6232119798660278,1,1
learned_hands_consumer,embed_base_logreg,0,0,350,1c49793aa9d1312bd32ea93d0d8c4aefe10836b786d8cadf7c97738717ce9d31,no,no,0.8533367641767378,1,1
learned_hands_consumer,embed_base_logreg,0,4,351,580b5ac0770fb1b9a6472f9a88911a26a88cc2d70c1aa230e26ba6905581d32b,no,no,0.6393449115948405,1,1
learned_hands_consumer,embed_base_logreg,0,4,352,d1a95b753ee546201b5cf71e8a8910ffb93f06b981363dd24190b9627693f2cb,no,no,0.6800562345998357,1,1
learned_hands_consumer,embed_base_logreg,0,0,353,f123cdff3722febd99751bb5a64770c85fc6707f63c07bae56510ead6672a690,no,yes,0.7580921649932861,1,1
learned_hands_consumer,embed_base_logreg,0,0,354,013a1816aae065dc4d8f6a910347c85c867197f1497645a47e5cb14cab38f57e,no,no,0.9111595425355298,1,1
learned_hands_consumer,embed_base_logreg,0,0,355,d27505c28fcef3d7434ea6bd8d7130e051f02503586c1526d71160be1310e40f,no,no,0.9086196950925909,1,1
learned_hands_consumer,embed_base_logreg,0,3,356,1130e23cb8e7f0a6fc9e659f4c94b732fa1953b7a98b3a9fcafb074532c54af8,no,no,0.9038341180061418,1,1
learned_hands_consumer,embed_base_logreg,0,0,357,9a69a9f0e0418372ec3def21b9ce927af42a49df1d185967290ada823319ad8e,no,no,0.8262313481236794,1,1
learned_hands_consumer,embed_base_logreg,0,1,358,d0b3728beaff318ee83ad916c45c5c6802c6634bab63d6de065eff3af6bb2839,no,no,0.855065107345581,1,1
learned_hands_consumer,embed_base_logreg,0,2,359,492cdbdcc254342378744c1f8b9dadd066628ace9a1a65a515633708701c9342,no,no,0.59079505773768,0,2
learned_hands_consumer,embed_base_logreg,0,4,360,7c272499aa6af5b9c7b2de749a65adfa813cdc4061012c6f9a62fda253e08104,no,no,0.6362803171956634,1,1
learned_hands_consumer,embed_base_logreg,0,1,361,e09a2160df994ff65eac81266e80dbb544860bb0bf9a7322caeeaddef40d8ffe,no,no,0.7555278539657593,1,1
learned_hands_consumer,embed_base_logreg,0,1,362,7c408b03bdd1535120a56621fe2fc9d7c4ef4b22699b623e4970ee45767ebba9,no,no,0.8529785402562997,1,1
learned_hands_consumer,embed_base_logreg,0,2,363,c41ad8c362d3233072dfc9f51c09010958870b25d095046a29cc7e47cafd392d,no,no,0.7008582353591919,1,1
learned_hands_consumer,embed_base_logreg,0,1,364,67f538667db398f86344c56348d00c791c1ec9ac0aff37d556bb99dd32897983,no,no,0.7779084328128631,1,1
learned_hands_consumer,embed_base_logreg,0,0,365,ddf035db365fff2212de2488a54adb763abc3e92a2dad325570e9d3251388841,no,no,0.6530735492706299,0,2
learned_hands_consumer,embed_base_logreg,0,1,366,aee3ace2d8ef27f3660fab84d93dad6ad86bf221676864042357c5e92059a85e,no,no,0.9527885913848877,1,1
learned_hands_consumer,embed_base_logreg,0,0,367,9913f5e62a1afcba67bee35c05d650381598f5b2c1380d1bb2a0f2ae1cc63e6f,no,no,0.8905801839424683,1,1
learned_hands_consumer,embed_base_logreg,0,2,368,00c018554b47c9496be37e1420e4483569efc3e3631c681205edc2ebb9c5b095,no,no,0.52660356382717,0,2
learned_hands_consumer,embed_base_logreg,0,0,369,2c68763833a784dd4f1a5569f0af102d4fcf6b344f917b9d6e68c91bf223385f,no,no,0.8434350490570068,1,1
learned_hands_consumer,embed_base_logreg,0,4,370,c585104773d1883d86927f2b034566efd206fde08fe7e1d63efcf06f6ecd9275,no,no,0.5278897881507874,0,2
learned_hands_consumer,embed_base_logreg,0,2,371,7387a5e5fad938d7e99b2c7c1f6e1158d97aec42e8d1218a21f1bfbd2e5ccac3,no,no,0.67427434546573,1,1
learned_hands_consumer,embed_base_logreg,0,0,372,8a778c2a7882c353ea19f4b4177b18f73596a4d0bdf7c066488b237259d5c92e,no,no,0.5794208222455032,0,2
learned_hands_consumer,embed_base_logreg,0,4,373,66c80303be317d1ece0aedd4cef8d908db80607ebada9bb9e122cc5c60b05acd,no,no,0.6921380162239075,1,1
learned_hands_consumer,embed_base_logreg,0,0,374,844bffeb2e27126213a382107f2bfbd2eeb29a0aa34b39db7c237d94aa21dc6c,no,no,0.9582256424889732,1,1
learned_hands_consumer,embed_base_logreg,0,3,375,ecc85367e5cf37586c263dedf5b348a050bbdf6b9249645651c148dca3f30d6a,no,no,0.8025404095271169,1,1
learned_hands_consumer,embed_base_logreg,0,3,376,2e572efe17abde9794ed1ca8e76aab48311dffe6e5f091aaf53a537351a6ec4b,no,yes,0.5417724251747131,0,2
learned_hands_consumer,embed_base_logreg,0,1,377,8339831d993a8f59979c34ab2a332854935bb45ade809ebc382fde5b95859c6d,no,no,0.719577887070838,1,1
learned_hands_consumer,embed_base_logreg,0,1,378,42142d842605f05b949df18cb8a99bb35cb5a3e606e1f59cff43626743752be7,no,yes,0.7176218032836914,1,1
learned_hands_consumer,embed_base_logreg,0,3,379,84f150b50421abc72aea1ff2b9e810ed64fba7c4f9d5ac41a9be6e901d2ee310,no,no,0.9673435760091511,1,1
learned_hands_consumer,embed_base_logreg,0,3,380,e87ddebafaf120552bd4e34cf6953ec369024fb7fc6e707e8c74058e178b1363,no,no,0.5934262275695801,0,2
learned_hands_consumer,embed_base_logreg,0,3,381,1338d4a9807f0d53047962b57d76cf583420487b44853e8aaab6f0d6d454688b,no,yes,0.6289868950843811,0,2
learned_hands_consumer,embed_base_logreg,0,2,382,ec007d3323dd2053bf052016919bc0af90796fa0ca1b0409c6082066ee97a50b,no,no,0.578935444355011,0,2
learned_hands_consumer,embed_base_logreg,0,3,383,d2cd0e5ee933d888b506be5632aed8062b91258070bea77b00cbf7a570a68547,no,no,0.8974937796592712,1,1
learned_hands_consumer,embed_base_logreg,0,4,384,b6426951bbccc28e0d00959ce601a50cfdbc42f0b030169fc40a2d195b99f4ce,no,no,0.5903370556335764,1,1
learned_hands_consumer,embed_base_logreg,0,1,385,a7f2631f19f997f8dde0f842d8a44c6be3a43a0e33208d7f010eeb998aedd90a,no,no,0.7444102985981196,1,1
learned_hands_consumer,embed_base_logreg,0,2,386,ee780d03a703ecf7ba9c48251e78cd4e9b7af05645ad48fff61fa919cf492135,no,no,0.5694633892018613,0,2
learned_hands_consumer,embed_base_logreg,0,1,387,2a45a35e29096acb668fa0ef232d5755b039d19bbf414f441fa03b6c6964e833,no,no,0.9474808993287217,1,1
learned_hands_consumer,embed_base_logreg,0,4,388,db01549ee1c2f8c8cddf1988e9091c11b9c05afae796574b4aa7e58eeebe1ec7,no,no,0.7409402132034302,1,1
learned_hands_consumer,embed_base_logreg,0,0,389,63faab04056ecaa75521d5f981daa271b06f41399397a77f5b18772f7982501b,no,no,0.7917592643463502,1,1
learned_hands_consumer,embed_base_logreg,0,1,390,ae83caf06a839c78cbe1c040b85f5774b377a68c7cd5ca4e2df1e6b808f5c1b1,no,no,0.9360324949629417,1,1
learned_hands_consumer,embed_base_logreg,0,4,391,9a3dd5e4246141a2e5cb3351f2f44bd41b29e28912043c8883ba1ee127ba989b,no,yes,0.5166133046150208,0,2
learned_hands_consumer,embed_base_logreg,0,4,392,df2ca5f08012ee422366badb625b7e85f8f8d13eeebbc8ec9a4e52cb9755e245,no,no,0.571794288509914,1,1
learned_hands_consumer,embed_base_logreg,0,0,393,77b2b7af3d2e7d92346d21688da079b282d2e31d80505b4c19a05b664ed10fb6,no,no,0.8668534159660339,1,1
learned_hands_consumer,embed_base_logreg,0,1,394,ce03177700db149631f5a0748437e3e8ce566671b3939640d10d100e63e3fd16,no,yes,0.7241019606590271,1,1
learned_hands_consumer,embed_base_logreg,0,1,395,a47f0ccc3396c563d1d54cfa509c381c6e8ffadc05e947351c2c88540f5992b2,no,yes,0.5711009502410889,0,2
learned_hands_consumer,embed_base_logreg,0,3,396,d28d9b72ec96132abafad4420752c4f56363e197e4763aacee93a17b42e571ae,no,no,0.667657156814848,0,2
learned_hands_consumer,embed_base_logreg,0,3,397,c6571efea3285b8369d41b3dd25ef48c253a0e321fcaeefa5d4e89023afe6cd5,no,no,0.8463244185947055,1,1
learned_hands_consumer,embed_base_logreg,0,4,398,3f37d027870da81cb661495002a1a7fc86a664b28df5b372c3384fa16ab115db,no,no,0.6387534141540527,1,1
learned_hands_consumer,embed_base_logreg,0,0,399,1195fd2a250615c2ef282030a1bd1f0805e2944f0343faea81ddf121d0ccc994,no,no,0.9453611549988604,1,1
learned_hands_consumer,embed_base_logreg,0,0,400,52755383856e91c2af9d9af2cb1b6b5e2474b17de3d5bc750e466a0cac60f774,no,no,0.9209906780424512,1,1
learned_hands_consumer,embed_base_logreg,0,1,401,79a5f35751c76695e1441ec78b28a225fca1c41ea9c82882b2fc5535aa52607f,no,yes,0.6603428721427917,0,2
learned_hands_consumer,embed_base_logreg,0,4,402,e8b28f4ace8f9d83a962e68403786fac2eb9f58c6f2f6f2fb4f640879cb943c8,no,no,0.7200904870006297,1,1
learned_hands_consumer,embed_base_logreg,0,3,403,49b50604e1e593b1474257b9770d20e0a60ddcf54a8b6890e153124f746b8275,no,no,0.8962418637329757,1,1
learned_hands_consumer,embed_base_logreg,0,1,404,9d7dcd2eae72e13950ca10701a907c961252af1dd61008203f0937eed002f2d9,no,no,0.8440352208023552,1,1
learned_hands_consumer,embed_base_logreg,0,2,405,3f5ca9261b2891516e2a5d24447411595d9562c1ff20862e0b1016f7ff1c32e4,no,no,0.59060491891518,0,2
learned_hands_consumer,embed_base_logreg,0,1,406,4e20b69b4d085a8af12bd1e5f9d7e6232d82ab680cfc25e9a64195c6513cabd3,no,yes,0.5313805937767029,0,2
learned_hands_consumer,embed_base_logreg,0,4,407,9000d55fade254c6ca05e4c143c5341da66479eca3cc7fcba053382ab0a06d2f,no,no,0.6718534231185913,1,1
learned_hands_consumer,embed_base_logreg,0,2,408,1d4a66a5ebbe0fede76d2d78db8f5fc9f6c99b17daeca5cfecf1d41b10cf80b1,no,yes,0.5008948445320129,0,2
learned_hands_consumer,embed_base_logreg,0,0,409,c6ab1cc27fcf3c46640e8614bb3cef65334f694f0dc7ebf7c14f0f95ff582cff,no,no,0.9032580852508545,1,1
learned_hands_consumer,embed_base_logreg,0,2,410,2808314a91f63cd0f210000ca0d99e536b41a5ef2a38b09b99706154ed097563,no,no,0.5725581049919128,0,2
learned_hands_consumer,embed_base_logreg,0,2,411,add411cc48fc3dd30ad7eef9eb447a04c306289987db61ee0f1a60eec669366a,no,no,0.6907974687456331,1,1
learned_hands_consumer,embed_base_logreg,0,2,412,c5e98cba61f5b7e99d394fd52e37b44f2fa2d4bd59a64a4fa6df5eb9c7d968ee,no,no,0.6445467279986522,1,1
learned_hands_consumer,embed_base_logreg,0,0,413,b065f229dea495ea981117badbe33bbb78f927032d079f6b45b57b9ff319ee3f,no,no,0.9044536621705789,1,1
learned_hands_consumer,embed_base_logreg,0,0,414,ba9af4f96d08829a0c9ec6aba9efeff3a00a2093dfdfbd72c8bd45f2bc9e6a69,no,no,0.5008362680922827,0,2
learned_hands_consumer,embed_base_logreg,0,4,415,5d18d68c26e2f66f512fe9593484b459f2bcea6aa210183c392cf7ad40ddb4f4,no,yes,0.5692921280860901,1,1
learned_hands_consumer,embed_base_logreg,0,2,416,e78402c565c5685cfe8d6f3023b3e7d2a6cacb870295e754ff3c7bd88851a1a7,no,no,0.5617467164993286,0,2
learned_hands_consumer,embed_base_logreg,0,4,417,83791c54b327f91dec027e1575b5e0d327a0464147f41406fc441098e5403ca6,no,no,0.7539704442024231,1,1
learned_hands_consumer,embed_base_logreg,0,1,418,2054be735fa66a7be473f7d8d284cc496f2873f3c0ac26935232ccd60f9de832,no,no,0.9416768410552019,1,1
learned_hands_consumer,embed_base_logreg,0,2,419,bab1e0749854088c9ef136c8cc309c034a76a764cfc21fc0ff53362e4861636d,no,no,0.6129014492034912,1,1
learned_hands_consumer,embed_base_logreg,0,4,420,27beb276d0fba5a8e870d21c77162c178327fc1ad4e1c391cbb90aa0b33604e5,no,yes,0.5275523066520691,0,2
learned_hands_consumer,embed_base_logreg,0,1,421,a1f504238378627ada42e6b4a5188dc174b5f75652a150163843892064abb22d,no,yes,0.5506423115730286,0,2
learned_hands_consumer,embed_base_logreg,0,0,422,a005428946110152b42b0ec6663ca35a25f83f6d59f5b03454dc6b5ded6ed03d,no,no,0.960835133769192,1,1
learned_hands_consumer,embed_base_logreg,0,1,423,9cbbae94185f89046b6054bb9bccf79344fd2aa88fe2a30fc15f75d34aacbef3,no,no,0.7698297019277469,1,1
learned_hands_consumer,embed_base_logreg,0,0,424,3be047961cac24031e53731a39990092e5be49c19c1bf50858f360635095935d,no,yes,0.8079628348350525,1,1
learned_hands_consumer,embed_base_logreg,0,4,425,ce81291a07edef587b6b3aadc6149395b531a8bc2ccd91e5c553fafdef0a6317,no,yes,0.537259042263031,0,2
learned_hands_consumer,embed_base_logreg,0,4,426,e39dbe75b89613b758ebfbe9bb10832f0a92b0a0f06161e751f68ee02db8bc9e,no,no,0.5384331781139022,0,2
learned_hands_consumer,embed_base_logreg,0,2,427,77f8b279f1b0c7568831f06897e485c63de90d157e9f5bdffc950d8b5339b76b,no,no,0.7360828895544145,1,1
learned_hands_consumer,embed_base_logreg,0,4,428,196d1c980028958aa696f055758fa3b2f6507b7e90205d1bb8c1232f9ed33879,no,no,0.5755614213812775,1,1
learned_hands_consumer,embed_base_logreg,0,1,429,867ba8abbec80d2ad80edb9dbea0eda8dc5dcbafdfbe36aef9c42b95537f0f61,no,yes,0.6750049591064453,0,2
learned_hands_consumer,embed_base_logreg,0,1,430,72af3f1cbcff79519e8d830ce39f1aaf8bc7b8e3c6a420f8e0cd0db3ab43e396,no,no,0.9255005328096568,1,1
learned_hands_consumer,embed_base_logreg,0,2,431,8ccfee9549ab36622cbef033779481a4709533ba1916a502e4daa4bee8356d6f,no,no,0.5191777348518372,0,2
learned_hands_consumer,embed_base_logreg,0,0,432,f86e733c4aa27750c91274e7c1d24ef7fdb6886dedd3cd183e02ae97b21b71a1,no,no,0.6343902160409028,0,2
learned_hands_consumer,embed_base_logreg,0,4,433,4e5a84a0e6bc8a79290a97622c2e27f93f35d3bc1d958a174621ce41587bc723,no,yes,0.5073495507240295,0,2
learned_hands_consumer,embed_base_logreg,0,2,434,60115ad7adfb7cd44dc9d3974fa6e91f75d4314b459afb6ad7cf046ec468f5d0,no,no,0.749664328982363,1,1
learned_hands_consumer,embed_base_logreg,0,0,435,c2f8f30d2f33de3ff6d230fe420907389008f3f32d850a0d46c02bed9d4d96a6,no,no,0.8905322618077118,1,1
learned_hands_consumer,embed_base_logreg,0,2,436,c260b7498f71fe45f1424fd2b9a9839f565e405a7d4dcec0225cc32b31aa3ddf,no,yes,0.5097399353981018,0,2
learned_hands_consumer,embed_base_logreg,0,3,437,946f42d7871538b510e3f3addcd2c214d51128c8b0d1497d15b7386ba0a1356b,no,no,0.6394838285292336,0,2
learned_hands_consumer,embed_base_logreg,0,3,438,2ccf77520a102a3a7f63b623e6874716be7a1cf26d8c0f666f6e7470e9e4c438,no,yes,0.5267084836959839,0,2
learned_hands_consumer,embed_base_logreg,0,3,439,a701c75cc7ffd4dd2d848114d88c55877c21ca6bc554b06f7a780af98fdede78,no,no,0.8007439374923706,1,1
learned_hands_consumer,embed_base_logreg,0,4,440,1512241f1c901913c1bcb63d7c6958e6e29007920502c9eb4c9eb5dfdc429779,no,no,0.6007911145922874,1,1
learned_hands_consumer,embed_base_logreg,0,0,441,8efb01893e2894f9a68dd4abe86e1aa3273c502cb488596dc29f5385ecaeb2c7,no,no,0.7314643263816833,0,2
learned_hands_consumer,embed_base_logreg,0,1,442,1d2a94502aece3443e17b2cb63dfe225b7a8aeebd081ddb65e6bb2f671212a17,no,yes,0.5099633932113647,0,2
learned_hands_consumer,embed_base_logreg,0,4,443,0163ad6ff34e85877a0adf35a59c1a346599711f69d7bf4891317aada189c78b,no,no,0.6268842220306396,1,1
learned_hands_consumer,embed_base_logreg,0,0,444,8bd8da3916ab6140c8983ae16bcdb2e8e857d786d5b0a809729486e67a0812d0,no,no,0.9577298378436976,1,1
learned_hands_consumer,embed_base_logreg,0,4,445,04302b33dfe27e60dab505555f6ba88813973ef1386f0c8b08205ee51891f0e6,no,no,0.6459231376647949,1,1
learned_hands_consumer,embed_base_logreg,0,4,446,1afd1fc0fa21504408f161026b0213f082b591b552e5a77213bf65d60bf4612b,no,no,0.7141336798667908,1,1
learned_hands_consumer,embed_base_logreg,0,4,447,d1d3852aceaedd7f13c819c848f14ecc6dc897da4bfa78ed063ef32ce2ac63d1,no,no,0.5408593416213989,0,2
learned_hands_consumer,embed_base_logreg,0,1,448,04a31af43a0322d4e234770268a71818baa3b9f7193dc123c6ce1e4fb24f3e72,no,no,0.8114056345401515,1,1
learned_hands_consumer,embed_base_logreg,0,0,449,a8e84a61c494345c5650ad8117693f333deabc9e041a3b4a22aa1d06393231ed,no,no,0.896201345437725,1,1
learned_hands_consumer,embed_base_logreg,0,1,450,0854abafaea9b69c2c49c5f64e9f3c95f596dea3588670571b1ed57b744f59a5,no,no,0.6879159808158875,1,1
learned_hands_consumer,embed_base_logreg,0,2,451,9f25eaeb6f65236347aee880ca9534bfc163ad085b06fa72eeb67b405f5f1d62,no,no,0.7161165262425981,1,1
learned_hands_consumer,embed_base_logreg,0,4,452,cbfecefec8a53e69aa8f367aea02a4727b7ee5554da9e45a38e31f065cc3c169,no,yes,0.7155025005340576,1,1
learned_hands_consumer,embed_base_logreg,0,0,453,bc4a406688a7b5efef17bfb1b4edbc67f35a63b3de8702b8068df824d666583b,no,no,0.6469610333442688,0,2
learned_hands_consumer,embed_base_logreg,0,1,454,1c6dd5d561b55e7031e5f2adc0da0e9723f06c4b23e08e8904fc1e27c13cd9c6,no,yes,0.6551243662834167,0,2
learned_hands_consumer,embed_base_logreg,0,3,455,932d945f027160e21bfd51184d91d8727cfdf60e72226309e7516cc368fdc515,no,no,0.9033954806878826,1,1
learned_hands_consumer,embed_base_logreg,0,2,456,27da743642e6fe9e9f70f9ff5b3c8febcdf419aed6c38e5e67fa09294c9d6ab9,no,no,0.6043263853885646,1,1
learned_hands_consumer,embed_base_logreg,0,1,457,74043fddd5dce444be8d653b1c6f225528ef532997c766cbce4e5c660ade622d,no,no,0.8203137516975403,1,1
learned_hands_consumer,embed_base_logreg,0,2,458,f417273fdbac343a73e3321b40e14d3eafed51eea5cb6c8b788b4ea1eb0afd8f,no,no,0.6623906493186951,1,1
learned_hands_consumer,embed_base_logreg,0,3,459,df68371ca953f13c782ca05591a597acc4b878650efb047c1d8da558f203219e,no,no,0.8418377386975963,1,1
learned_hands_consumer,embed_base_logreg,0,0,460,5a1f2ce82b72f9c1266df09ac2c4d257aa3bee8f5b3972e0fc839db712595ca9,no,no,0.9254515240002537,1,1
learned_hands_consumer,embed_base_logreg,0,0,461,0b54969a9e57430db4a328e94f100a2c17ce2ecd53896ee28aa064697a2b1d8d,no,no,0.8036798954558357,1,1
learned_hands_consumer,embed_base_logreg,0,4,462,0bab903026b7c3c9333fbe20f96dcdd314852e6516b76ab0c53d206790eefac6,no,no,0.7127610232603245,1,1
learned_hands_consumer,embed_base_logreg,0,3,463,41fa77f140f955deec510a2825da39c611b3256f06db66f38fab47e7b78d20da,no,no,0.9091636335291646,1,1
learned_hands_consumer,embed_base_logreg,0,3,464,2425edeaa0bb4c18efdb8f3cf3549bd1e238423ef48243512eb592127b04ee0e,no,no,0.6953694224357605,0,2
learned_hands_consumer,embed_base_logreg,0,3,465,987eae7153585e7a2a0d88ba16f6807b131129542c68eb9138781ebed69e8cc2,no,no,0.6843543648719788,0,2
learned_hands_consumer,embed_base_logreg,0,2,466,b24b2625eafa8e1b32b1e246012edbc8db39764b08f08c67c920f3b3350fe9ea,no,no,0.6401503682136536,1,1
learned_hands_consumer,embed_base_logreg,0,4,467,35b9bab2880db0b2d36d825afd233bf57bda9e5eef479a37b70a41a36c5a5879,no,no,0.6461830331737707,1,1
learned_hands_consumer,embed_base_logreg,0,3,468,6f958da8adbf8531a95cda9abd9c5210f97bffa964d37b7cb0442bcb31d14c37,no,no,0.6415655804146999,0,2
learned_hands_consumer,embed_base_logreg,0,3,469,9e30b352d1c79225ed762c8ded34d155a8f1a9acb805c8f881ea24631aafaca6,no,no,0.9764983221674056,1,1
learned_hands_consumer,embed_base_logreg,0,2,470,6b2d81f7309dbbad5fd9af0af6a0d5e5c76e6ba2b87feadee3468b273edf16ad,no,no,0.5201933228911959,0,2
learned_hands_consumer,embed_base_logreg,0,4,471,eaaf0b7320c280140ad331ea0601675c5fd7ff6a885286c80d46ea113a3cab17,no,no,0.690421462059021,1,1
learned_hands_consumer,embed_base_logreg,0,3,472,4e19f210464ca73a7f7a58cd3218cec482dee93c4f53abed18732ac581733e3c,no,no,0.714109480381012,0,2
learned_hands_consumer,embed_base_logreg,0,3,473,4115fad9f9b83db5ecb78a9be61669ad1018516abc1227f075d62f7563f98f22,no,no,0.9083747403081468,1,1
learned_hands_consumer,embed_base_logreg,0,2,474,f0cadb5492e0ec183a3a3ea7616ae472ae6eff8bbcd445c563fa7c23da261ca5,no,no,0.5977811217308044,0,2
learned_hands_consumer,embed_base_logreg,0,0,475,531a57b154dbd769d4108e15531d27140a960b9c18d233351c7d62f188b8f6f1,no,no,0.8869447443799751,1,1
learned_hands_consumer,embed_base_logreg,0,4,476,8fa4139dbe239bba25434909e55f2fa80c50269832bb68550d65299db5619836,no,no,0.6865003108978271,1,1
learned_hands_consumer,embed_base_logreg,0,4,477,9aec94ea158756c81b27ab95c8b331de3d51619d6ed22d22437d837182c56810,no,yes,0.5686527490615845,1,1
learned_hands_consumer,embed_base_logreg,0,3,478,dc31283a842264461700a1d07d553bc3be03295a75df6770fa6c06015b16fc4d,no,no,0.8761617345475763,1,1
learned_hands_consumer,embed_base_logreg,0,2,479,d8bcfed355b99213c89ac1a9ff427c6c4b1ed05f140ef324e243fdff43ed062e,no,no,0.5884459194077826,0,2
learned_hands_consumer,embed_base_logreg,0,2,480,01de597cf467f8e74cdcd5967327e64399908a15ce5348852dd9dd952a970715,no,yes,0.6071651577949524,1,1
learned_hands_consumer,embed_base_logreg,0,4,481,6d3f546cc7e65f909112f42a52f7c36c1144c6845909f5c0f68d093fbfcdd8fe,no,no,0.5390685200691223,0,2
learned_hands_consumer,embed_base_logreg,0,1,482,76ed3dfb2ec9e6a39f0bdd9bfc8057cdacba2af71015e9bdb02dc0313489169f,no,no,0.7805119040532127,1,1
learned_hands_consumer,embed_base_logreg,0,1,483,931e120b8c3a8979cf4a37513bfbbf87c5b064b350a60733e2408dda7477646e,no,no,0.9360620379447937,1,1
learned_hands_consumer,embed_base_logreg,0,4,484,cecaae8addd481078cd53a5a69e5d8da4b6a98a516613269f4137b01782983d7,no,no,0.597368597984314,1,1
learned_hands_consumer,embed_base_logreg,0,3,485,b07d2a4ff6a8dceaa18e35705a350c09b7e7f46cd67cf1e630b3cf325c46cc0f,no,no,0.7528296933421401,0,2
learned_hands_consumer,embed_base_logreg,0,1,486,012a4657825e2d7e50ec63501a9322690acfd4226e288797e79c2df8d26962ba,no,no,0.8390418416118897,1,1
learned_hands_consumer,embed_base_logreg,0,2,487,20b699538b4fb5aba69b8c97153f171766a2c4674e8e33eac9eebb1206529fe5,no,no,0.6731800041550399,1,1
learned_hands_consumer,embed_base_logreg,0,4,488,c837c365cb2af81ad03b9121ec3ef43ab40d330362b3b4a17acbdc6fe37d85d0,no,no,0.7049948187170869,1,1
learned_hands_consumer,embed_base_logreg,0,3,489,ed3eae30ccd079f9f129d55e81fae1839ca02ea3e96d61c56b1ccf55fe84687e,no,no,0.8865711424776571,1,1
learned_hands_consumer,embed_base_logreg,0,0,490,18d65e6e4ac267b954fab721a8d2cabcf4346e461537cf69de5e72f51a7c5a79,no,no,0.7011292189696199,0,2
learned_hands_consumer,embed_base_logreg,0,2,491,1de0c196d21d27621ca7c6e1b0386331881a85a41a05c700ff3c5d698d48eaae,no,no,0.6265260167874699,1,1
learned_hands_consumer,embed_base_logreg,0,2,492,daaaa7023a2b99c5064d440cbb801b79c0f04aca364a814e84dc1c4dfc3865d0,no,no,0.5251665115356445,0,2
learned_hands_consumer,embed_base_logreg,0,0,493,ba5d6e2c09e4d63bb1beb689879578b510654791dece0cda170619655fbe60bd,no,no,0.6931836009025574,0,2
learned_hands_consumer,embed_base_logreg,0,2,494,0769d7b7837170d8be575bfc0f6247cb8aa473af2eea89363f68c41a10d2c7e0,no,no,0.6598708826265002,1,1
learned_hands_consumer,embed_base_logreg,0,3,495,cc8b2d0978320bbe51dc5e4b1de74ef4b9b277de2e23e12d234df5eb07e460e7,no,no,0.8865525722503662,1,1
learned_hands_consumer,embed_base_logreg,0,2,496,e613741978772ff2af35a8e2703f6574aa51e0f59b958d0ac40bd784a691696c,no,yes,0.5134998559951782,0,2
learned_hands_consumer,embed_base_logreg,0,3,497,30fc1431cc1bd1aa3cf2160a194f94ab74b259ec3b1a245d9a44d4c7cd36702f,no,no,0.9182247060272799,1,1
learned_hands_consumer,embed_base_logreg,0,3,498,3e84f9a77980c8201610e1fcd383fac5825e27ba6d5747b53d07a15d820d1826,no,no,0.827020525932312,1,1
learned_hands_consumer,embed_base_logreg,0,0,499,45f440261959716e956eeb1411ef4686bed9e9775d8fda7f31816a338fa7aa25,no,no,0.8235966440499329,1,1
learned_hands_consumer,embed_base_logreg,0,4,500,3369d09eaa0b33274bebd84d0cf53afc9ebc6dd6dbc8f7ea6cdc98d71324c90b,no,yes,0.504643976688385,0,2
learned_hands_consumer,embed_base_logreg,0,4,501,310cdecdcb36d755a158b4b234f965e433bc5d653ce95ec34814c492542b6e9d,no,no,0.6216709017753601,1,1
learned_hands_consumer,embed_base_logreg,0,0,502,3f4cf00bdfec2adfe98cd9ed014b1bda2da6b65d534ee0ae60f5a1f4cc7d8bed,no,no,0.945408649335866,1,1
learned_hands_consumer,embed_base_logreg,0,4,503,bb5add493ea70afa2c752943a32010d534375afbf274f76364f5fd08c8551486,no,yes,0.5312856435775757,0,2
learned_hands_consumer,embed_base_logreg,0,1,504,04a671661b4a945504156fd0073b7bf79e85f7d32382c0d0180634ee46e850af,no,no,0.7940549613817047,1,1
learned_hands_consumer,embed_base_logreg,0,3,505,fd1fe8184fbcfa582a0b2176a6b8d3a33eb68e84c3e941c4565a70212f082b27,no,yes,0.7983694076538086,1,1
learned_hands_consumer,embed_base_logreg,0,3,506,231ee3f5f275519cba825473068fc96cf01d3913b5d14fb747b2bda5abc8ab6f,no,no,0.8441576017188311,1,1
learned_hands_consumer,embed_base_logreg,0,0,507,6739991faf5aa8fa1e6c64dd6d08390a1287fc09742cac2994b33432d5338df2,no,no,0.6442600296658268,0,2
learned_hands_consumer,embed_base_logreg,0,3,508,37ec98dd44986f754e0baa73863d4c9210b359d2ba344ae645cbc8abb39da92f,no,no,0.8514995828717823,1,1
learned_hands_consumer,embed_base_logreg,0,2,509,b49a2505659c683cb11a3df13847ac8045a46adfd8192d2c76391a8803a1f4c8,no,no,0.7001734375953674,1,1
learned_hands_consumer,embed_base_logreg,0,2,510,a8217fa585bcf051c42ce021792455104c0b30538cee9d1851b1d4287e25e0f1,no,no,0.6642735202393985,1,1
learned_hands_consumer,embed_base_logreg,0,4,511,e9985a996c1b2327f2216eff3e962fc84a378f193e0d95ba12e5529bf99d15a9,no,no,0.7174189304536263,1,1
learned_hands_consumer,embed_base_logreg,0,2,512,df1f494b116ab1943fdfa5b41fa750c836fe604c800651280911f0dc4580a3f8,no,no,0.6626575589179993,1,1
learned_hands_consumer,embed_base_logreg,0,0,513,be04d6d56aebd1e9f64044842226e835ae6154a25190109a1e2e0693bee8e9c3,no,yes,0.5526130199432373,0,2
learned_hands_consumer,embed_base_logreg,0,1,514,da3a06f0dd47af3a2b4ad51ae4de160a3f203e163224d6995c3218e0611096d0,no,no,0.7051660032619835,1,1
learned_hands_consumer,embed_base_logreg,0,2,515,5c56a2375937744f352e8a6ee8be863d82c01648dadf59d6e0540e4d4cd3aa63,no,no,0.7362337112426758,1,1
learned_hands_consumer,embed_base_logreg,0,3,516,77ff7a6cc1e79bc95cfd0df1cf2351b19e130cc482374a04d5967c1a85d54773,no,no,0.5894632935523987,0,2
learned_hands_consumer,embed_base_logreg,0,4,517,4a00c73ae7c6524fa4c17e987d72c3f6fa272236cacd79ed166db4d45eebb2aa,no,no,0.5220943844942565,0,2
learned_hands_consumer,embed_base_logreg,0,1,518,57d7010f1071da7d8e1852e639021c19ce4b58849818194549f19da7d793ed5c,no,yes,0.7170461416244507,1,1
learned_hands_consumer,embed_base_logreg,0,1,519,b0346537dd7db9e6927d457dddb797ca2160ccc494e76289b9cefcedf036ceb3,no,yes,0.7212713360786438,1,1
learned_hands_consumer,embed_base_logreg,0,0,520,c2be9f06745a8c52db0133bd1fd943903f7fbaa625b0d3d34c2fce9d0ae875e0,no,no,0.9396961717375478,1,1
learned_hands_consumer,embed_base_logreg,0,4,521,75d05aaa2c22410aa8b7fffcafce5468bcd99117194cefbea4e1ac86f5f351f4,no,no,0.5818630630333145,1,1
learned_hands_consumer,embed_base_logreg,0,2,522,db05d6507e5e3fa1d10142d3d8a1447182ad4bbba3e4a8370275f7fa482603f1,no,no,0.5084201249009408,0,2
learned_hands_consumer,embed_base_logreg,0,4,523,0cd164612e455d558e41fa9eeac7cdf9afda934ca9be5ff6ca58723a0d4f1a00,no,no,0.6051489114761353,1,1
learned_hands_consumer,embed_base_logreg,0,3,524,64748ff82f5a0b3935c4b036e55eaa3dedc4952ea2df451bb4489eeb560981ca,no,no,0.8847700755722059,1,1
learned_hands_consumer,embed_base_logreg,0,1,525,b84cafbdf8906d4952f89b6677c260f193b288cde9bd9a044da00429a5c1788c,no,no,0.911138156552505,1,1
learned_hands_consumer,embed_base_logreg,0,4,526,c2c2b5dbf3e12a911a20a8938927cbc7333ac84a79c8659cefb4366be01ff7c4,no,no,0.6558176279067993,1,1
learned_hands_consumer,embed_base_logreg,0,0,527,60c6f915b166a49f3d467e29663aefd916fdb4febc3aed6e9f86dc861d89cdb0,no,no,0.7953769205622947,1,1
learned_hands_consumer,embed_base_logreg,0,2,528,5b8d9992b62967320c49f0330151d6b9b87e86c8b4abbfb6622903ab97a5142b,no,no,0.6457877159118652,1,1
learned_hands_consumer,embed_base_logreg,0,4,529,57d3ccebff848e81befa244f69489b9a171ab42168f6bbc6325439c85b7b0df5,no,no,0.648383121240642,1,1
learned_hands_consumer,embed_base_logreg,0,4,530,dcc018d1aaf56509688079bc8783b9b23e0de1b677409b02d41284d2fca9040c,no,no,0.552635653238426,0,2
learned_hands_consumer,embed_base_logreg,0,0,531,4d5492ff6e79ebaf69bd06ebbeabe63809050a927815a156c8a8972229eba0ba,no,no,0.790884792804718,1,1
learned_hands_consumer,embed_base_logreg,0,1,532,ca3ecf1c1ef162d48d1f7e17896f1037dde115892608733e846ec86140631f89,no,no,0.6313346028327942,0,2
learned_hands_consumer,embed_base_logreg,0,2,533,0305a9b842d8022160096d7a46730fab12122cf58393b7bcfe6ad6852162bdcb,no,no,0.7264415242207505,1,1
learned_hands_consumer,embed_base_logreg,0,0,534,3d57a7bd684e91a426d743d44a7a8feae1ccc11b7320dc7c64cdfff7f5651caf,no,no,0.8530065075459036,1,1
learned_hands_consumer,embed_base_logreg,0,1,535,f5d5f15ce9ba190a7120001abc42f1cf21e20e7f2a019fd07a91090882dbd6f6,no,no,0.9124133194777366,1,1
learned_hands_consumer,embed_base_logreg,0,0,536,903fd0d792e220feea54ad37c84686d6e6b8e59535fa16d13bc36658f1fc28c8,no,yes,0.8019288778305054,1,1
learned_hands_consumer,embed_base_logreg,0,4,537,9d9b4526cbe24d2a6f2890adb86aace884014a95851e78352d3f4ff1cdcc50dc,no,no,0.5176290427931858,0,2
learned_hands_consumer,embed_base_logreg,0,2,538,30a2b5df9ae4ed2e010f7c2d068372ace7e2577350940484bb48430ae9ea7278,no,no,0.584658962945373,0,2
learned_hands_consumer,embed_base_logreg,0,3,539,14dd48f8f89acc71cb973a464b51478fbbeeac5361ae069ccdf18c010692573b,no,no,0.8811298144032034,1,1
learned_hands_consumer,embed_base_logreg,0,0,540,60cec153bbc5f214e7135f4d89ed8528e27743234f4739a1eb92e34f1ff44d86,no,no,0.5704206398254824,0,2
learned_hands_consumer,embed_base_logreg,0,0,541,5588471057013e09e22216f158d5fbdc584f612606d94687c13be4b2e55f5896,no,no,0.7300262668736657,0,2
learned_hands_consumer,embed_base_logreg,0,2,542,dc192552b483d0ac3a6d1651b8e21b40837a9426816d9e3f64498e131d76e734,no,no,0.5963605046272278,0,2
learned_hands_consumer,embed_base_logreg,0,1,543,f1f6e92601fdf06f7ca1a57e7556c20884dc45c096f396b9e825f5e32c0f7a59,no,yes,0.7076629400253296,1,1
learned_hands_consumer,embed_base_logreg,0,3,544,3c76189ba90d25579e258776ba63c3c30d8b7d53a978703cf331ee251b4e5890,no,no,0.8408287638302332,1,1
learned_hands_consumer,embed_base_logreg,0,3,545,43a6bc4480553f9b0a214f75f6d48c8e8ce7abc4b7be882e01a9e9df8108a1b0,no,no,0.9528582585656092,1,1
learned_hands_consumer,embed_base_logreg,0,3,546,3da37e63dffad75b2ee9a58d491a68e212af0b7d71ac858045a8657165bfadd2,no,yes,0.6968659162521362,0,2
learned_hands_consumer,embed_base_logreg,0,4,547,58137e64ac41ed8e7e81d207383d87b5226b5658728837915a21ffd225d0754b,no,yes,0.5190251469612122,0,2
learned_hands_consumer,embed_base_logreg,0,0,548,c9760c7df4fc3eb826bfb31e080137911ab35ae7f2295614373536be38ff7a63,no,no,0.750233184549707,1,1
learned_hands_consumer,embed_base_logreg,0,2,549,f68d2b36b0aa1fe05ff7cfefd1bef8b411b59bfd2547573231a9358ce4a847af,no,no,0.5784493684768677,0,2
learned_hands_consumer,embed_base_logreg,0,3,550,9d038dd0243eecf6b7473c2626d4e82af31cbb7798372022403db2c53aac85c4,no,no,0.7657373915392938,1,1
learned_hands_consumer,embed_base_logreg,0,1,551,1f966f4c818ddbda27cb669513c943ee46d73d5252c0de4770bae3e0b1407c6b,no,no,0.7672091722488403,1,1
learned_hands_consumer,embed_base_logreg,0,3,552,47f5ff1d7bfe7621611a502c23a7ceff9d308e2a1dabd5f29755fb341ed42da2,no,yes,0.6326447129249573,0,2
learned_hands_consumer,embed_base_logreg,0,4,553,d4edcad2012a13062a63322c80d9dda6748d539f3ccc68a8ca8515cbf779e532,no,no,0.6876205000990481,1,1
learned_hands_consumer,embed_base_logreg,0,3,554,ba2d5b4602e83fd349fad98b24b38a99bfe1443da99a67d27ba98c8d58a7b182,no,no,0.8978803620058244,1,1
learned_hands_consumer,embed_base_logreg,0,2,555,a6dd6a0f17139acfd501f939d766455a6f082f486b04d50843f5897c950f5a6b,no,yes,0.6193466782569885,1,1
learned_hands_consumer,embed_base_logreg,0,1,556,a1ec095ee15753680fa1dcc2cbce2e048c960c54a4c671af2b889ff01c2a78b1,no,no,0.5191385900717553,0,2
learned_hands_consumer,embed_base_logreg,0,3,557,f50ac2f7ee90df358f730bee0cc541912730af6dc27f334b51ce011788751780,no,no,0.5696560314195166,0,2
learned_hands_consumer,embed_base_logreg,0,2,558,6dbf7b018c755e5418a5bb8020c0e3e0b3b6c2802141270907880a6f7cf37e03,no,no,0.7408408147347216,1,1
learned_hands_consumer,embed_base_logreg,0,3,559,8028cfbd1a2e6305634a58811aaf0ab86462c0aba3c14fb71b4e2d5c466e76ed,no,no,0.9110797251257239,1,1
learned_hands_consumer,embed_base_logreg,0,2,560,9a51675376b7b3914122130018ee7839fc678cd936b6b9ab2de64d3095595d93,no,no,0.5729420014339089,0,2
learned_hands_consumer,embed_base_logreg,0,2,561,46db7874bb17bd0bfc4da9f20d511677c89d9d72e7616f5d2fea321d16a4d2c8,no,yes,0.547585129737854,0,2
learned_hands_consumer,embed_base_logreg,0,3,562,703e4efa32ffec639b9f5832aba111107a1d6a46aa78b9f0bcbf55786e115a58,no,no,0.9004366993904114,1,1
learned_hands_consumer,embed_base_logreg,0,3,563,7deec0af5174e4beb0d092237b7a51ba2fdd2750e9d0d6b70fc7c0a7dd3274b5,no,no,0.9346482544843497,1,1
learned_hands_consumer,embed_base_logreg,0,2,564,9f89ce31649f5aadaf8602b1ec128212bc82f53bdd4b070be2656d39389bfd3a,no,no,0.5203708565345662,0,2
learned_hands_consumer,embed_base_logreg,0,0,565,52c676261b9c0ec1700eb1af704f89bafe5d3cc2fcde6e3e53ec8d62cdd6d2a4,no,no,0.8318612103441538,1,1
learned_hands_consumer,embed_base_logreg,0,4,566,46c570bb238fa00c335738e90e9894fd264ea59da9a43983805ace67cda3babd,no,no,0.7140421654569458,1,1
learned_hands_consumer,embed_base_logreg,0,0,567,0cce10f57330f13a1fa4583d7fcbaea0ea54631244d26f8a6d66cacba2bc5e86,no,no,0.7733368873596191,1,1
learned_hands_consumer,embed_base_logreg,0,4,568,23d530283c7fa6d23eb17ed2448ff4204346f82e1ff6bba839e171c25a835f45,no,no,0.6986533611611534,1,1
learned_hands_consumer,embed_base_logreg,0,4,569,1c260489f250e26aa71f0f67af2d93564ae951b62570cc33391ef77909e9ff99,no,no,0.6261610798191702,1,1
learned_hands_consumer,embed_base_logreg,0,3,570,a069da037392da85deec01ab7ac053f17bb4d2f8fef4cefb41ffe8b522d078f9,no,no,0.9469646564545013,1,1
learned_hands_consumer,embed_base_logreg,0,2,571,524bb5bf6132a668b140a529e1e06fd9231839d3f515499d615f2e3cbc7aed03,no,no,0.6398861217532718,1,1
learned_hands_consumer,embed_base_logreg,0,1,572,698a24f5972ce2399e34b386818b23e9f4e394b92851cbbbd6edb8b88c1afd5b,no,yes,0.8270481824874878,1,1
learned_hands_consumer,embed_base_logreg,0,2,573,49f564d4ddfce6dfcee859f3e9357c9ab50ff9c0235c7f8261f86942a80bdb88,no,no,0.7349547743797302,1,1
learned_hands_consumer,embed_base_logreg,0,1,574,3ac0c82ca7beef115b86522a5f5f46bd39ba3538af171995361348eafd9b9e20,no,yes,0.7236764430999756,1,1
learned_hands_consumer,embed_base_logreg,0,2,575,867d8d7d603b8ba49fd2224d4e9a4e31af79cb37a9eadbd99a914e0587a6e215,no,no,0.5950440764427185,0,2
learned_hands_consumer,embed_base_logreg,0,3,576,85d2a625103432a6e270c523b2b82873753c1aadea3a856047d52d54f77d7fec,no,no,0.7835287568498963,1,1
learned_hands_consumer,embed_base_logreg,0,0,577,710dc3cc876b848944aa42d1a09e59b9090754a8d9bd4a8ec6a95c1d915c9b4a,no,no,0.6733450889587402,0,2
learned_hands_consumer,embed_base_logreg,0,3,578,085d8a8bf0abb16a3a525ab8ae49de081115d9b133ea5c0286dcc920fa1332ce,no,no,0.7729471325874329,1,1
learned_hands_consumer,embed_base_logreg,0,3,579,b22ac3b6da6efba6a1c054601441ac802d6282b2f6c93b97b3f41378a9f9df7c,no,no,0.9356672763824463,1,1
learned_hands_consumer,embed_base_logreg,0,1,580,a0a8970a8f7abab6606c6c0dc4e4ed89f48960d36710902cbf788bcae8d59835,no,no,0.9157715762921698,1,1
learned_hands_consumer,embed_base_logreg,0,0,581,c830685ae56b6f1b2910c6ab5de01bdcf3e93705d4ae3850481e9ae6a7ec59c8,no,no,0.9629303037574458,1,1
learned_hands_consumer,embed_base_logreg,0,1,582,a2b8614a6474da04bbec6a1b3421b6c93d315cc44e8958073d1b9652801f4710,no,no,0.9435958721697946,1,1
learned_hands_consumer,embed_base_logreg,0,3,583,2fd3a1b7a973326e591034aa7863f5b09e42e05bb1e3f9d6cc311428d449d4f4,no,no,0.8455315702329342,1,1
learned_hands_consumer,embed_base_logreg,0,1,584,f221ac70290bacf70893417c277b4fb7396aa9262713ef18f437e8c1e5da3bcf,no,yes,0.5717303156852722,0,2
learned_hands_consumer,embed_base_logreg,0,4,585,a1f95e95ed3bf1df04e2d7306db27c5cd135ef9ea77def78c12cf2c81619e8c3,no,no,0.597029942185579,1,1
learned_hands_consumer,embed_base_logreg,0,0,586,2ce709e73ee4451d404c5cdc00ea37833fee0b356b8f16d76ff2479b2cbd353b,no,yes,0.6294517517089844,0,2
learned_hands_consumer,embed_base_logreg,0,0,587,618c4d63aaf62f407f26f35d636080cc1e0a032d82f4d1e04c0fb1cf65048718,no,yes,0.5520339012145996,0,2
learned_hands_consumer,embed_base_logreg,0,1,588,4f6bc5578f8ddb17d988262058901424533577bd28369751a61118a761761e91,no,no,0.9130649702707674,1,1
learned_hands_consumer,embed_base_logreg,0,3,589,a9192bcdf65d01e592abf6f0b177a9853ed1c4a2b0ee8742dab11341eaee29d1,no,no,0.8041725754737854,1,1
learned_hands_consumer,embed_base_logreg,0,3,590,067cce98506849a73d82e859c38940708382620ea642806d23cbb8de5187231e,no,no,0.5520947144059751,0,2
learned_hands_consumer,embed_base_logreg,0,4,591,b576cd2ec8f9c40c2bb0abe987f064c2f9f1c25f94d4565ddd83377473d48859,no,no,0.6115076541900635,1,1
learned_hands_consumer,embed_base_logreg,0,1,592,5913bc49040be5c85504a852ac0a112f8e7e340d2c39fb67d7067ee3450e5e13,no,no,0.5222801125729117,0,2
learned_hands_consumer,embed_base_logreg,0,2,593,a25e7edfa72a41526ddc2db76023d27c2db12a24984d2e5a716da973b523f27e,no,no,0.779850650133928,1,1
learned_hands_consumer,embed_base_logreg,0,0,594,d10b6556e2004b51129b987f5c4531830e2b0822cf2d7017e10a5414707669d9,no,no,0.7092673778533936,0,2
learned_hands_consumer,embed_base_logreg,0,0,595,d6d5572c752218b14019ec07e189728c9b3ddb8d34c3d70488fe782cc31aa988,no,no,0.9423593703217922,1,1
learned_hands_consumer,embed_base_logreg,0,3,596,07573b273be6697368d57299de8abf31240b9402c15219c81c2ee8f9a7f2aa62,no,no,0.6453538940741451,0,2
learned_hands_consumer,embed_base_logreg,0,1,597,6dc6cf31b2c1894f7bcfb26a493a4e5756971e007f5e7be26036cf50c17d7eb4,no,no,0.8458419912182988,1,1
learned_hands_consumer,embed_base_logreg,0,1,598,7aa6dcf85749745744d1eb12d07f65d4b80960c401365645658ffdacc98c266a,no,no,0.7979688167269352,1,1
learned_hands_consumer,embed_base_logreg,0,4,599,5d91de0107b67446aed45672dcfdef4f58baf8f1c037cbe894d9bb1e9578101b,no,no,0.6322402358055115,1,1
learned_hands_consumer,embed_base_logreg,0,1,600,684294f8c7abfb0278d36770f016d23248fd859f28c36cd2400da167f3b2b1ee,no,no,0.9206429445551948,1,1
learned_hands_consumer,embed_base_logreg,0,1,601,241cef5b8e4490252fa54625f6d6db8138d2f2b6887914926c4714fe63225592,no,no,0.7187195038413854,1,1
learned_hands_consumer,embed_base_logreg,0,1,602,264bdc1770e2864da6160b2fb689ad40913ffdda9bc24da7cd4f73e375da64a9,no,no,0.9212962526276149,1,1
learned_hands_consumer,embed_base_logreg,0,0,603,8b25bda48a03414701e65d70dfe129b08d8a1fffbfd6d253c4f8eab80b8e7ef4,no,no,0.8154097673980927,1,1
learned_hands_consumer,embed_base_logreg,0,2,604,a98c95b8dc90508ce61bca07aac73b3000d782c3e8bdb2d8094fa8851213e843,no,yes,0.5765350461006165,0,2
learned_hands_consumer,embed_base_logreg,0,2,605,2e2dab0aa3f72da243e332c4316fe221543965532bf45ff04017e1820a01ffa5,no,no,0.6999418526905223,1,1
learned_hands_consumer,embed_base_logreg,0,0,606,f898c42315c66b3c1b4818313a33706910ac2498fef748ca5f12df32ed4ea670,no,no,0.7755861051205961,1,1
learned_hands_consumer,embed_base_logreg,0,1,607,edf5ecdbda4cb86f3f4fd1969bf42ba5a7eededc822406ff5bcdbad487d0ebc0,no,yes,0.773888885974884,1,1
learned_hands_consumer,embed_base_logreg,0,0,608,41d5caaade46df5dd642cfcc5a1c383a53ea033ab68bf9753d941c8fa472857d,no,no,0.9203055110642056,1,1
learned_hands_consumer,embed_base_logreg,0,4,609,20cf2204cfad79c36173c2020ce3d9d1d7bfe049a4659016961fb1f7d34524d8,no,no,0.625263709582797,1,1
learned_hands_consumer,embed_base_logreg,0,4,610,0970bb84fe7a7ae10755b3ff8e069375c894baa731baadab88c5b85d95df1cc1,no,no,0.6934814246451431,1,1
learned_hands_consumer,embed_base_logreg,0,1,611,53722369d56a509c380ff23472de54953b911d83728e74087c7864d9bf6c5d11,no,no,0.7969009638756226,1,1
learned_hands_consumer,embed_base_logreg,0,2,612,dc4a5fdc229e8eb8b4651e9829068c4a686c371d36c72e2ff9486195b6f27065,no,no,0.6302712967910976,1,1
learned_hands_consumer,embed_base_logreg,0,1,613,1b06f4f278599f2a5f0149ed64529530669a8a3934e0d4e09cf02e4eb40c20b2,no,no,0.9441284326286219,1,1
learned_hands_consumer,embed_base_logreg,1,4,0,a379a87ff3cdf868abd2168b8f7f1448c858c1c0293a0324128a1f9795c2495c,yes,yes,0.9102140069007874,1,1
learned_hands_consumer,embed_base_logreg,1,4,1,191f0937cb2c89fc2ee6de2cf962022796a21348bccce723e58dff5138f4aa85,yes,yes,0.9338280558586121,1,1
learned_hands_consumer,embed_base_logreg,1,4,2,23e415128308be018936edfbe782216c59135a5373afcc67391ab30b99e4fab4,yes,yes,0.7820416688919067,1,1
learned_hands_consumer,embed_base_logreg,1,4,3,d020ae25740133b72d326d57b58504372281f70e6def4d5a95655465a0e91468,yes,yes,0.9108166694641113,1,1
learned_hands_consumer,embed_base_logreg,1,0,4,7505269b5e689b850bf04d86c3aee556710bf7ed7473e80bb32cbf4ef909b78b,yes,yes,0.9679864048957825,1,1
learned_hands_consumer,embed_base_logreg,1,1,5,ebbf5dce638a03352aa5ce9e76ea526855fc19fe426785e9d74da0b972447b56,yes,yes,0.8589864373207092,0,2
learned_hands_consumer,embed_base_logreg,1,1,6,3682fd0cb52ef152a5e499e4441ac3d86a735973de9e3062a809fc58d80f083a,yes,yes,0.8152881860733032,0,2
learned_hands_consumer,embed_base_logreg,1,3,7,a1352482ea4516a24b594ccbf2ed311516cde0785a8edf4e41b8b20657074dd8,yes,yes,0.5310575366020203,1,1
learned_hands_consumer,embed_base_logreg,1,4,8,5655b74e200dc643bf62729b26c6760f786b1d110abd671cd8122c5d567f2846,yes,no,0.7394679564396156,1,1
learned_hands_consumer,embed_base_logreg,1,2,9,30f3878dfeeec4bffed1d8ed0fd2feaa3165fc8790712d0e6c993ba632a91571,yes,yes,0.8499451875686646,1,1
learned_hands_consumer,embed_base_logreg,1,4,10,ff770b8fb5998da87b58b103e84a37ec674949fd2d8708f87b7aa392185f98be,yes,yes,0.7707840204238892,1,1
learned_hands_consumer,embed_base_logreg,1,1,11,025030168186d6dca4ceeb0def0c282fcd27d1c293abe1a0d6f41c0ae9ae34dc,yes,yes,0.9600480198860168,1,1
learned_hands_consumer,embed_base_logreg,1,2,12,241960fe59164730ab7f2221e78ff75ddf5d07ef6b0c664c078d091bc787b69c,yes,yes,0.9421989321708679,1,1
learned_hands_consumer,embed_base_logreg,1,1,13,ce32ef1dbe79dfac3d0eec018d4e7404296ad6ab06b519aef7132243fecc9c2e,yes,yes,0.6970572471618652,0,2
learned_hands_consumer,embed_base_logreg,1,4,14,3a9f35dbcf5d11d5980a668dd0ac8a317654d4e4f8ee28518fa931a589f5ed3d,yes,yes,0.8261580467224121,1,1
learned_hands_consumer,embed_base_logreg,1,0,15,62ffb1bca214412111ca15a5cb79aed8c39b77ae8e4a9734a85ca66376cdf151,yes,yes,0.9278115034103394,1,1
learned_hands_consumer,embed_base_logreg,1,0,16,74157c44430c0b4b913dbef04b5bcc2e60d6786f1fce50cbd1fb74740cbfcbea,yes,yes,0.7875052094459534,1,1
learned_hands_consumer,embed_base_logreg,1,2,17,2dcefce119cd3d52ce0b2dd55dba49a2d705592c989511a60ca5ff2fa62bd783,yes,yes,0.9427250623703003,1,1
learned_hands_consumer,embed_base_logreg,1,2,18,e4b36f1dffe74a33bc589ff139dca6b75d8c5d7bd1414fcbe7ff483736a80e24,yes,yes,0.7040723562240601,0,2
learned_hands_consumer,embed_base_logreg,1,0,19,eaecc316a32deb54a2e35ad55d5930bded5cb828eee671ec1a4d6c298e93f0ea,yes,no,0.5302151441574097,0,2
learned_hands_consumer,embed_base_logreg,1,0,20,ed6f10e3e2d4af3a7f61f4ac8ca3c539ade9d2b7250defd67063ea3a59ec18c9,yes,yes,0.8910275101661682,1,1
learned_hands_consumer,embed_base_logreg,1,4,21,8770b696e9d75ce623853da32ab9c2fc409af163cb781c02986c01c726cb8581,yes,no,0.5257663570116056,0,2
learned_hands_consumer,embed_base_logreg,1,2,22,5f6fe96a0c85f05ef1bd1209d12d8a5da80ec0b8df76281b71b291bb0bfe1477,yes,yes,0.767910361289978,0,2
learned_hands_consumer,embed_base_logreg,1,4,23,db86e2ed5ca09bd43e5c1153206c84ac6670851f84c6f0c29b6ccd1eb0deb1e7,yes,yes,0.6697782278060913,0,2
learned_hands_consumer,embed_base_logreg,1,4,24,f544e710a36c5f8952ea27c89f4b8d456410ad33abcdeff8bb5ab956f30c76bc,yes,yes,0.8716627955436707,1,1
learned_hands_consumer,embed_base_logreg,1,4,25,ffe0635de5f1a7973b85a3b70ea8e03cb5b1567c2d2995c39b15468f910920d7,yes,yes,0.8819632530212402,1,1
learned_hands_consumer,embed_base_logreg,1,3,26,1c5d518541a4c3c72210f1d1640f265a1ed467b09e8fd9920e0ced3c2a2e237f,yes,yes,0.6019302010536194,1,1
learned_hands_consumer,embed_base_logreg,1,2,27,847d90720ffa65caeed18bca722c31a7e6ad6690535571373c7cf5484024b4f1,yes,yes,0.529694139957428,0,2
learned_hands_consumer,embed_base_logreg,1,3,28,826850ee19189639a241888830f2095a605677489c15835a9633e2a0b1ac6a64,yes,yes,0.5445767641067505,1,1
learned_hands_consumer,embed_base_logreg,1,0,29,8bf45813b8f64152745c4302a8fe3d28ad3a521ce8400337d150f52d7679c073,yes,yes,0.8979747295379639,1,1
learned_hands_consumer,embed_base_logreg,1,4,30,eab22a84a1d27762ebd956ab7c150792e31d45b69c081b1042ce94bb9f5db787,yes,yes,0.7992871999740601,1,1
learned_hands_consumer,embed_base_logreg,1,1,31,0d9289d67324c71b1a8459504ea7ea7d8593bc88c6baad910d98ae12b894b961,yes,yes,0.7459725737571716,0,2
learned_hands_consumer,embed_base_logreg,1,2,32,28de51fe26d760b562f7dd240c576dd29c1dcd24a3821f27045c03e1695ce0c4,yes,yes,0.6741342544555664,0,2
learned_hands_consumer,embed_base_logreg,1,4,33,6ce4033081e30de899b1011a4c082e82532b4c8f2afae23aed1a9b31dfb4eadb,yes,yes,0.8793990612030029,1,1
learned_hands_consumer,embed_base_logreg,1,2,34,fe949d0e8bb0a6f67a12ee28fec1d49ebc38d613057ddbd9e9742ce374e5a92a,yes,no,0.5612854790304458,0,2
learned_hands_consumer,embed_base_logreg,1,0,35,c207ce030682bc8ba0e7590a8ef0dd99c16b1b16665aebc82ab525877c2593a3,yes,no,0.53857421875,0,2
learned_hands_consumer,embed_base_logreg,1,2,36,8ee486f22362d8e55009981db61b71a034a94793fc615ef6c369c92e25d8621a,yes,yes,0.6405866146087646,0,2
learned_hands_consumer,embed_base_logreg,1,4,37,bf327cac5ea3a5c8ae4b1fa4c6aa053fb3e0494255dfad320226fae0a94b91af,yes,yes,0.6736230254173279,0,2
learned_hands_consumer,embed_base_logreg,1,0,38,d5599f345f2efcc9997c702cf325c78c55c774947409f903377c2d84a3c8bc07,yes,yes,0.904475748538971,1,1
learned_hands_consumer,embed_base_logreg,1,2,39,574fc09c7649af91d62597783fce341ddacfa64d9567f02c1c1d30d6a45410d3,yes,yes,0.6846464276313782,0,2
learned_hands_consumer,embed_base_logreg,1,2,40,46fe2b35c88c955d03ff315dfce3bb7c880b33d4409029f9ff6042df0194686a,yes,yes,0.9596144556999207,1,1
learned_hands_consumer,embed_base_logreg,1,3,41,f5d2007ecaaceed6f700b3e50cfa67215480af67ec2a87afea71cf1279ebec05,yes,yes,0.575603187084198,1,1
learned_hands_consumer,embed_base_logreg,1,0,42,01f1c668540d25f929d2e86cf0c94ebff90e0049c2f9c72bd85b0e900e0d7495,yes,yes,0.7968762516975403,1,1
learned_hands_consumer,embed_base_logreg,1,1,43,1d86013431ea866bb8f9c95e610c8a4080348f326588f325da4a18706ada5429,yes,yes,0.9302376508712769,1,1
learned_hands_consumer,embed_base_logreg,1,0,44,bb18ab83285db7bc8dcf60f8a3ce1cdf2bd7debb099b953f662ddb9f8b38c2a7,yes,yes,0.9290710091590881,1,1
learned_hands_consumer,embed_base_logreg,1,4,45,16a3215ae403198891fd8dc9a2a417f75f8728d8e7141fcfef231668fdb5ab3d,yes,yes,0.8476854562759399,1,1
learned_hands_consumer,embed_base_logreg,1,2,46,4439bed3fc41d7b9c8ab09ef918fda1428dd5d823121216ce107959cb0dd4294,yes,yes,0.9229706525802612,1,1
learned_hands_consumer,embed_base_logreg,1,3,47,0b3c04d83b29cbb3a2e22807f4dae94c87c8f2b395036f54911c5754a4c47017,yes,yes,0.573005199432373,1,1
learned_hands_consumer,embed_base_logreg,1,1,48,22a293b5746bac59ac00ea57d239b6ac359d9156a1ec0715abd762c84fede43d,yes,yes,0.929214358329773,1,1
learned_hands_consumer,embed_base_logreg,1,1,49,c4c2bad785e53ccb9b321d2c63b8faff89f92b5a2cdcf0736b057e7e8e719879,yes,yes,0.6417181491851807,0,2
learned_hands_consumer,embed_base_logreg,1,0,50,014d339ae8d5fa4f98805d09f90eeeceed4b7762a40914f0ab3d4313182186bc,yes,yes,0.9610051512718201,1,1
learned_hands_consumer,embed_base_logreg,1,1,51,e7c14e7458d8da99796ba9c88de59853c6a65ab37d90d24358671b503b06100a,yes,no,0.5591590571152882,0,2
learned_hands_consumer,embed_base_logreg,1,4,52,fc726439af49d4188b72ee0e9adc0c39a6dd739d7612fcaa8485f57a5706e876,yes,no,0.6149457097053528,0,2
learned_hands_consumer,embed_base_logreg,1,2,53,eec25d963cdf3c5408e24c25c1ec3ce4c8b7063821931ad7747c587b4dd8f3ed,yes,no,0.5867306168893164,0,2
learned_hands_consumer,embed_base_logreg,1,4,54,dcae1fbe99948ce3f328592769d0490ed52f89cb9a04fb61ed7eb8f822e0ef89,yes,yes,0.7918850183486938,1,1
learned_hands_consumer,embed_base_logreg,1,1,55,ec7dbe0d74d55de6c88312082e78da6a9a98966b97acf9fa7c9d9202b2fcbe6d,yes,yes,0.9823367595672607,1,1
learned_hands_consumer,embed_base_logreg,1,0,56,d8912fee3a18d2f57b6bb3a91a58414523442ec0294398e0adbd9fa8b241b33b,yes,yes,0.8241420388221741,1,1
learned_hands_consumer,embed_base_logreg,1,2,57,f87c51747534d2868b590819e8df1acd5dbdbe3015ba30f49aa700ccfaff8b97,yes,yes,0.8609076142311096,1,1
learned_hands_consumer,embed_base_logreg,1,3,58,aaf2efb2b98403731588f69a234f9628c7cf0a6e41dc5e4d493bf3cc98491abd,yes,no,0.5731874875184145,1,1
learned_hands_consumer,embed_base_logreg,1,1,59,8401deb1d2cdca16e4beb605dc74617b796161236d4fabf6b119671c60390e46,yes,yes,0.9434940218925476,1,1
learned_hands_consumer,embed_base_logreg,1,1,60,0141cccd8167fda3a53db3bc8a9c9de38ab73039aee125ca5d456f83efb3f060,yes,yes,0.9261497855186462,1,1
learned_hands_consumer,embed_base_logreg,1,1,61,9539303909111ff48458f893819b6c4d82471c51d35262c48791eb4281d5a6fc,yes,yes,0.8075805306434631,0,2
learned_hands_consumer,embed_base_logreg,1,3,62,0d9042d456d2e30348acf77b2105fef878d17d0c8ce75d13775d81f13023733b,yes,yes,0.5780682563781738,1,1
learned_hands_consumer,embed_base_logreg,1,4,63,d351e0b84bda59ef89f0bf473a631f614d498349dffaab3bb47d4611faad2257,yes,no,0.5941295027732849,0,2
learned_hands_consumer,embed_base_logreg,1,0,64,087225dc844ed506b918ed1ed8cb4919b62e15999a35bc72ef5f3e438535329d,yes,yes,0.9283015131950378,1,1
learned_hands_consumer,embed_base_logreg,1,1,65,8cc2e66174e528599835446e6f69bf213ec59da343e4da74a215a2d7e47df358,yes,yes,0.8445764780044556,0,2
learned_hands_consumer,embed_base_logreg,1,4,66,10c9dca4735480772f9fa371b9c9695f8d7449b8c64df6abd309125cc20b2e6a,yes,yes,0.9074942469596863,1,1
learned_hands_consumer,embed_base_logreg,1,2,67,4e9fb39ce82c9a0c8db9edda73b0a08dbe1fee6bde6735bb0599991149c9cceb,yes,yes,0.9876139163970947,1,1
learned_hands_consumer,embed_base_logreg,1,2,68,6a7e6c881869b757c8e7d36f73f227b987ce5b3ad9363a56d200edfa24ffcded,yes,yes,0.9723435640335083,1,1
learned_hands_consumer,embed_base_logreg,1,4,69,7599dea223674f198ca8bd7b449a8b363e958ee58ead42c5f7026c558eac1915,yes,yes,0.8554214239120483,1,1
learned_hands_consumer,embed_base_logreg,1,0,70,7f224054d39f18cdd6646ad519ae236db20d9acc51e2a2366bf146920bbd208f,yes,yes,0.9800319671630859,1,1
learned_hands_consumer,embed_base_logreg,1,0,71,96ea4d954d1b6446c71d74a769dd614b7dcf83261e50056d6e62e7ca102d5401,yes,yes,0.6063618659973145,0,2
learned_hands_consumer,embed_base_logreg,1,4,72,3defdb305691fca997369ad61eb4c2cc9ad5737f73633b9997bca6b3b68dbc70,yes,yes,0.9075161218643188,1,1
learned_hands_consumer,embed_base_logreg,1,0,73,ea88a64bd77d6c33327a9e3a56bdeab16edfcc94d3ad1f6c811e233e9cf1a4e6,yes,yes,0.915118932723999,1,1
learned_hands_consumer,embed_base_logreg,1,0,74,1cb2a54d0c572842c9666556b4f9d68ac569dacc5ff14c26a9deb40b00297490,yes,yes,0.8272444605827332,1,1
learned_hands_consumer,embed_base_logreg,1,4,75,3145ed790491a1b21c800dff9616114d2f77be8dbdbc044f4fcf7b15608d7aeb,yes,yes,0.9409307241439819,1,1
learned_hands_consumer,embed_base_logreg,1,4,76,bc58560238d37dd7bb637d6eed992896abc2e8646e56eb8dac0dd8bf4106576a,yes,no,0.6626709699630737,0,2
learned_hands_consumer,embed_base_logreg,1,4,77,9a5c75e417971c21fe00a89d52819a28a8d393fb332863c7f844a2f728e1aa47,yes,yes,0.866815447807312,1,1
learned_hands_consumer,embed_base_logreg,1,3,78,7effc09d90b5d4a003218cec4356f0109765847fec64e4393bdf14682528fc56,yes,yes,0.5746418833732605,1,1
learned_hands_consumer,embed_base_logreg,1,2,79,bf7fab3a472a85fba5cacc610acd4ae413064fb5929efe63047e35beca2837f6,yes,yes,0.711674690246582,0,2
learned_hands_consumer,embed_base_logreg,1,1,80,b9fec9f38f97749033ecb64442eb36f3ee2e3a80cd28ded964ba3b542608ed08,yes,yes,0.9837440848350525,1,1
learned_hands_consumer,embed_base_logreg,1,4,81,a86e6ca3f4d275c0420ca0ee4600f15f0b78e34c43b877bb58dfb44c56f07ad2,yes,yes,0.9124094843864441,1,1
learned_hands_consumer,embed_base_logreg,1,3,82,e2dda0a5ede9ada6a285c131669076df0764c2b88c1c2001ae078a17d88fc168,yes,no,0.580152690410614,1,1
learned_hands_consumer,embed_base_logreg,1,1,83,9d3a029d590c2c8aecbc4df458d911be15fcbef421678b9ef52d1281119ef933,yes,yes,0.7323812246322632,0,2
learned_hands_consumer,embed_base_logreg,1,1,84,0a86c2677e444a84373fb5de0aa2e100762432bf73d0ed3e92ef3f2f584504eb,yes,yes,0.9547702670097351,1,1
learned_hands_consumer,embed_base_logreg,1,1,85,edf4479c78e0f0664620607e8ab699c2cf70b3f949ebe5b6e2a5e65f56f24fa0,yes,yes,0.9230677485466003,1,1
learned_hands_consumer,embed_base_logreg,1,1,86,a446c13b6a95e774dc7f399a94c473901184d9172d42d8f4db7362cdb059e191,yes,no,0.6980253458023071,0,2
learned_hands_consumer,embed_base_logreg,1,3,87,90d67e6b76ef21ed8c1dc58bfbdcc24aab8e1dd728ebdafefc643a1e3c6bc74c,yes,yes,0.5390403866767883,1,1
learned_hands_consumer,embed_base_logreg,1,1,88,e0f88567e0733cdaf8c918330d9139891158680d5be3cc3fc4577a4e79c67cdb,yes,yes,0.564495325088501,0,2
learned_hands_consumer,embed_base_logreg,1,3,89,4c96db2e33b6cc4900b1f80e86334c0d0f97a10b76baf6a5fac96558a449fa07,yes,yes,0.5835608839988708,1,1
learned_hands_consumer,embed_base_logreg,1,2,90,08c27d740cbffbaf24d70ad9cc2f4538941c1e7ccba03ba15eacb0c43fe8f6a3,yes,yes,0.9529298543930054,1,1
learned_hands_consumer,embed_base_logreg,1,1,91,123e686fd8c78b602b0952ee8aacebb8f2a451c8d2c2f716072c6c0780e88a8c,yes,yes,0.8371763825416565,0,2
learned_hands_consumer,embed_base_logreg,1,0,92,61088df3abd8799b2cb0b2a50547fabab33f53e711b6bf0e51ad8eee1f9886f8,yes,yes,0.814479649066925,1,1
learned_hands_consumer,embed_base_logreg,1,1,93,245581fd1773d7336f3fbd519ea0ad635746b96c3ef3c64c77d8fe969f404345,yes,yes,0.8368535041809082,0,2
learned_hands_consumer,embed_base_logreg,1,4,94,0935c35b8f85a7acb661025d20f4077750c9420cbe5f2d6cb6c1f5e62a4cd9fc,yes,yes,0.6263350248336792,0,2
learned_hands_consumer,embed_base_logreg,1,0,95,8b2b428ed3082708aebc90d3e95493d6b01fab537f0107c5604932ba617141c5,yes,yes,0.8110219240188599,1,1
learned_hands_consumer,embed_base_logreg,1,0,96,46b3b836673160a90a211860286b914eda2a3ef85f0eb63bd10cacc7ea5f0f02,yes,yes,0.9685161709785461,1,1
learned_hands_consumer,embed_base_logreg,1,3,97,8c8ab92472440d5e8d77d4f562ff2df1e24f26dbf33e2f219ed51d9ffe2ed9e8,yes,no,0.5206469452573939,0,2
learned_hands_consumer,embed_base_logreg,1,3,98,f84ae3cfea6e268f60d53f2fc2105cabc35e7c1bc60594c254b8a5b9ebb95c52,yes,yes,0.6186143755912781,1,1
learned_hands_consumer,embed_base_logreg,1,0,99,5a061ea8f86d69941bb8f010a9102517e2e50e8a6e7f043b2a65a9beeb5b2a5a,yes,yes,0.9465076923370361,1,1
learned_hands_consumer,embed_base_logreg,1,2,100,a0b66eb40941e4afabf26cc61164bd17ae4b404900827ee613063156c3fcf1f6,yes,no,0.6857327018459826,0,2
learned_hands_consumer,embed_base_logreg,1,3,101,d69eab546563939e27e3b5c4bf71ed21aa8c08a685f2dc211a8611a8734cdaac,yes,yes,0.5152214765548706,0,2
learned_hands_consumer,embed_base_logreg,1,2,102,13c1947392729839a6ef7e019584b3baf576db1a026c6cc363f97f9be6b55b7d,yes,yes,0.665927529335022,0,2
learned_hands_consumer,embed_base_logreg,1,3,103,2db3f4de10f8e3c93f180c1cec9ec1036a8cfb696152a003910f4876349b5563,yes,yes,0.6076256632804871,1,1
learned_hands_consumer,embed_base_logreg,1,1,104,9d141e84a47e429ebf8c9be15a716519a789f6ecfe2635d6742bcc1589887b61,yes,no,0.6280266233690567,0,2
learned_hands_consumer,embed_base_logreg,1,4,105,f2b40bc0dd711fca9b42c004ced8b6a7f8400023cc7f44239caee4f44359dde4,yes,yes,0.5981724858283997,0,2
learned_hands_consumer,embed_base_logreg,1,0,106,d5dcc520e7691c72d4f4bcf6d67cfa74c856d631a5a6c4904f730332b192f920,yes,no,0.5984171032905579,0,2
learned_hands_consumer,embed_base_logreg,1,0,107,da0684c959dcca3dab601174a68db1954a8db19f75ad96cecdb7b9319c828539,yes,yes,0.7944851517677307,1,1
learned_hands_consumer,embed_base_logreg,1,1,108,0e7608581b6f65860575a915b9e6d3ea3ba463ac7392a783effab47b7c6ed2b6,yes,yes,0.5099490880966187,0,2
learned_hands_consumer,embed_base_logreg,1,2,109,3b14007f0368858c49628d89f7a4ac4e05912114c121069f929f093267da692c,yes,yes,0.9543775320053101,1,1
learned_hands_consumer,embed_base_logreg,1,3,110,83a75ee006bb31d8db282260e075860f781be2246f81074adfc047c6debba47d,yes,no,0.5165699566432846,0,2
learned_hands_consumer,embed_base_logreg,1,2,111,d140e8b5cef58e3c07015a3be1003d6d67dda0e1681f40a4b5b23a3a143236ea,yes,no,0.9394200199248637,1,1
learned_hands_consumer,embed_base_logreg,1,3,112,fb04a608b72b2b2e616ef5e9aa6ca1fda0b73c81a00bd51339a60f7ebb9349f5,yes,yes,0.5539215803146362,1,1
learned_hands_consumer,embed_base_logreg,1,3,113,5ebb5e29b015223682853139344a5e2422b009ed368ed22452f4ebe96b314797,yes,yes,0.5715187191963196,1,1
learned_hands_consumer,embed_base_logreg,1,2,114,7e315bac1e39325f317709b5955292bc75939640e3b8f10ba3c11050930647e1,yes,yes,0.9354797601699829,1,1
learned_hands_consumer,embed_base_logreg,1,4,115,0d7f2c826f6a0fc0a9404989d5d4b5cc6d7f2f516c1f069e5bf8d31ee7e817dc,yes,yes,0.9067689776420593,1,1
learned_hands_consumer,embed_base_logreg,1,3,116,7e75b01067a2ec4ca8c403b389118d896ccf66db535b144a3c54bc98c1c2e246,yes,yes,0.5043748021125793,0,2
learned_hands_consumer,embed_base_logreg,1,4,117,a3e66362096eb8059a216e47a87cdd7f3f944d1ccbc606f30cfbe1cc424e0594,yes,yes,0.8181643486022949,1,1
learned_hands_consumer,embed_base_logreg,1,1,118,d3308da62008ec5ef18494df94f73a4585ed31e1c8e69ccc9e25e76cb56d42a0,yes,yes,0.8650749325752258,0,2
learned_hands_consumer,embed_base_logreg,1,2,119,e07a44cb806545635aac341cc0946afd7d71c3619844a0ec08545160df03cbdc,yes,yes,0.8480743765830994,1,1
learned_hands_consumer,embed_base_logreg,1,1,120,aedceca2ca38055764eb4ff944a3a150057788281d1c3739f5e785db00a9e719,yes,yes,0.8885977268218994,1,1
learned_hands_consumer,embed_base_logreg,1,0,121,ca458586d811f25c02f1f39cf55f75b65071bd2ddc79fd97b0d5be9eb8e5312c,yes,yes,0.9423722624778748,1,1
learned_hands_consumer,embed_base_logreg,1,0,122,fce48e30fc0ea1058c42d4b4e3fc772fdd46a3060633bca5f371f122fc5aaef5,yes,yes,0.9203571081161499,1,1
learned_hands_consumer,embed_base_logreg,1,0,123,02bd80d2b643617360d685b497986a8637dc26275c2ea6a626b69de253d164e7,yes,yes,0.9092738628387451,1,1
learned_hands_consumer,embed_base_logreg,1,3,124,af3d9c10fbb3296fa6a040f3015c474aaa8ae09177f6fe2e775fee3e584f996d,yes,yes,0.5449492335319519,1,1
learned_hands_consumer,embed_base_logreg,1,0,125,73e4bc727ab5dd4600aa1647320d964c9a52dc7767744c8d074cebcd901f6c05,yes,yes,0.5171200037002563,0,2
learned_hands_consumer,embed_base_logreg,1,4,126,0bdb8221f4d44b38dc8782e0b56035bbdd3a7e6fc2df17d22f1a5c863bc46075,yes,yes,0.9035347104072571,1,1
learned_hands_consumer,embed_base_logreg,1,4,127,90fe4003a641d7cd2ed6a00150556d083b23fe1e24e75ebb94ecff4d843c77e2,yes,yes,0.8572099208831787,1,1
learned_hands_consumer,embed_base_logreg,1,4,128,155678c2832cdf4702db15b523f143f1ac784cffcaf58c1a1dfe33a97611eb8e,yes,yes,0.7503460049629211,1,1
learned_hands_consumer,embed_base_logreg,1,3,129,aec3c6407d02ce2d3b4abd591e08891c236a8a8989e7ad72020a4b7b777fea78,yes,yes,0.5227569341659546,0,2
learned_hands_consumer,embed_base_logreg,1,3,130,1f2af78776193434b3d71d59e47e0a24bc7439537dae7643126e174f05f8a690,yes,yes,0.5326367020606995,1,1
learned_hands_consumer,embed_base_logreg,1,1,131,ac3dcaa7b7faf827da8c14b3bfd03c0f8d36bbd129920232b5775c57ebee5322,yes,yes,0.8592307567596436,0,2
learned_hands_consumer,embed_base_logreg,1,3,132,8de39616285bfb13eac266c45a5691cad8963031bb495c5ffff384303ac2e317,yes,yes,0.5235913395881653,0,2
learned_hands_consumer,embed_base_logreg,1,0,133,df7cebc19279cc1176c76578d13d5634b4ee220d4093d6b4e048fd1f74811db9,yes,yes,0.9330880641937256,1,1
learned_hands_consumer,embed_base_logreg,1,3,134,b5412b723d0181549110fa8dd79485fa5238dbc7e264272da705dfe9c7f066a8,yes,yes,0.5961303114891052,1,1
learned_hands_consumer,embed_base_logreg,1,3,135,e802649c8e6be5fbdc4e7ec755757e95ba836ac949c022f0081c1fcb1cfa00b0,yes,yes,0.6331007480621338,1,1
learned_hands_consumer,embed_base_logreg,1,1,136,a039dbd9f0510ac6f66d44c60f9a5f5a5d5c76093f00e693801d2fc80d54f7a9,yes,yes,0.9769462943077087,1,1
learned_hands_consumer,embed_base_logreg,1,2,137,9cca62662bba01723eb2a9aa094821e1675b7ac525fe30fc042f3dcaac3e2727,yes,yes,0.7808254957199097,0,2
learned_hands_consumer,embed_base_logreg,1,1,138,dfbc47fb61799a0472fbf92d48b36eeb2584ccc63a3185c2d61a51c1537f7c92,yes,yes,0.954574704170227,1,1
learned_hands_consumer,embed_base_logreg,1,3,139,6cb9e80497686772c38151ef29f0b998c3911fa46f4ae26dcb0677863d1c3bcd,yes,yes,0.5533058643341064,1,1
learned_hands_consumer,embed_base_logreg,1,0,140,bfc4a30870f9292a454f9471c16d25b3199ec05b80dafc98a9d6c50897c1b47e,yes,yes,0.9429178237915039,1,1
learned_hands_consumer,embed_base_logreg,1,1,141,078b717fbab45038fcb94864d32f33fa6d71d9664570dfe04661869f23314833,yes,yes,0.9105457663536072,1,1
learned_hands_consumer,embed_base_logreg,1,2,142,0242758b0d09920c367a96d4d60f74cb970f86cfb3bbf7bc54aa2a69703b17c8,yes,yes,0.8636560440063477,1,1
learned_hands_consumer,embed_base_logreg,1,1,143,51eef95bf47218140683c3e1b4135ffc3d540ca426dbe552c2809dc445d5b483,yes,yes,0.6272199749946594,0,2
learned_hands_consumer,embed_base_logreg,1,2,144,af4b353687f267cf4811370b1167f39f3acb12a476ab7569d5711f61e7cc5c99,yes,yes,0.9497736692428589,1,1
learned_hands_consumer,embed_base_logreg,1,0,145,a5b77622968be2023f42d12cc8cdb98fdd05731d5ff1f331c0c61cddcdd016ac,yes,no,0.6583038372306872,0,2
learned_hands_consumer,embed_base_logreg,1,2,146,483af7a4cce5458979f9fde28f5d38cf96c6b318f56cf5b8bb7fef01baeda51d,yes,yes,0.9702258706092834,1,1
learned_hands_consumer,embed_base_logreg,1,3,147,5b013d7731839bf2ba2c52bac900167561f691d205c1198ffe872747858115ab,yes,yes,0.5501819849014282,1,1
learned_hands_consumer,embed_base_logreg,1,0,148,1403a0476f3fcec8b1a48e6f1fceb06a2aeabd9f5de4f53ac7e2f29a80fc3d02,yes,yes,0.6832168698310852,0,2
learned_hands_consumer,embed_base_logreg,1,2,149,7153d24972b2eb3c082ba9cc58a892af969f2d9524022190bec282710d252b55,yes,no,0.5869868397712708,0,2
learned_hands_consumer,embed_base_logreg,1,0,150,a6e1cfe1a1c58fdb1b4033bef127bdc12ad083d8029c91cf81e74fbc997b44c2,yes,yes,0.8789936304092407,1,1
learned_hands_consumer,embed_base_logreg,1,0,151,c48f7444249fe7386aac1fa49a56e450eebc70c640262a5fc2cb2864d62c7b62,yes,yes,0.8547133207321167,1,1
learned_hands_consumer,embed_base_logreg,1,4,152,7223ee95c7eb5aab471c9b1426c035d3d751646abf3a01dd2380366fa55c1fb2,yes,yes,0.8875672817230225,1,1
learned_hands_consumer,embed_base_logreg,1,0,153,8b857fa596fd194124387876667280b614e479625bc9d05d958f3b90514c2e9d,yes,yes,0.7041372656822205,0,2
learned_hands_consumer,embed_base_logreg,1,4,154,6f137236864a4da2299f6341085a62e5e2e0466add7aa8eca3ff5f315633bbdb,yes,yes,0.857405960559845,1,1
learned_hands_consumer,embed_base_logreg,1,0,155,038e3005ce9b5b1cabf2220d9f9b068ab3289de326b9c0466e84286f1cb69bf9,yes,yes,0.928259551525116,1,1
learned_hands_consumer,embed_base_logreg,1,2,156,7b67a7b2e80fc8b9473186823a7570203fc746e03e40493d174446237de3bcec,yes,yes,0.720910370349884,0,2
learned_hands_consumer,embed_base_logreg,1,3,157,9d82c554b4b00bd2ead020ff98bb6fcdee7432665a797346eb3d3aaf490d0d12,yes,yes,0.5630978941917419,1,1
learned_hands_consumer,embed_base_logreg,1,0,158,da85c2e88f91544acd0359c5ccd69c2b4f902d093ceb8cb12767a778944fbd7b,yes,yes,0.6823180913925171,0,2
learned_hands_consumer,embed_base_logreg,1,2,159,a34040f6644b50bc824adc566e6d6428d7b05ca16c8ee39f0af4b1b9f5601f2a,yes,yes,0.9871223568916321,1,1
learned_hands_consumer,embed_base_logreg,1,3,160,19c9ac6e1d4ea3c61c161624efc992b8cc52bf306f151391ba8529c19382e1ee,yes,yes,0.544446587562561,1,1
learned_hands_consumer,embed_base_logreg,1,1,161,650970637dd6a0ab8e97321c167c7bc4a9a3cdc8eba59da2a5c510bcbd5db45a,yes,no,0.6350245286516986,0,2
learned_hands_consumer,embed_base_logreg,1,4,162,c51f874153bc2cdaa57ad2c656a6af7ab24feabfb448922cab57ef416feee663,yes,no,0.6163073961826383,0,2
learned_hands_consumer,embed_base_logreg,1,2,163,13b1acd948c8e9c9a5739d8481ea213fa3cfdab8b80a82efd25be33e8f7b2902,yes,yes,0.9685425162315369,1,1
learned_hands_consumer,embed_base_logreg,1,2,164,9fde61742e0b3fc6fabbffa750b6283c72453cd0303a465ce66648d46676eb89,yes,no,0.5227864384651184,0,2
learned_hands_consumer,embed_base_logreg,1,4,165,4fd20a26aafa50907d098d746bcd899d7abfca4f42db1d5c149080652db43b60,yes,yes,0.8630502223968506,1,1
learned_hands_consumer,embed_base_logreg,1,0,166,38a9b6c4df60f95cae8cdf22954e4170c3a5feb64ebfb5162134d697b7e84381,yes,yes,0.9553998112678528,1,1
learned_hands_consumer,embed_base_logreg,1,2,167,8892704b2b2b6659f287178e3c29d5c9d21dc3ecb2ae17dd4b6ec86c6784cd0e,yes,yes,0.9701361060142517,1,1
learned_hands_consumer,embed_base_logreg,1,4,168,5953941222239eaa15e600b769f26c7173e96638173a25e19be42ff6b5b07d45,yes,yes,0.8658829927444458,1,1
learned_hands_consumer,embed_base_logreg,1,4,169,4f9eec5c23a5c213a1bc6fc916fdf2587227d14edcd43d78fccea8cd278cc2e0,yes,yes,0.8832271695137024,1,1
learned_hands_consumer,embed_base_logreg,1,3,170,51ec6ad487eff34fddaa34cf9a46b4a9a9e66e2ef37f1718f6c2c0a6b08bcc0e,yes,yes,0.6412781476974487,1,1
learned_hands_consumer,embed_base_logreg,1,3,171,4356eb8f7a087e4d6032661552935019173e052ab6031528ff64635a4f9c515d,yes,yes,0.5517941117286682,1,1
learned_hands_consumer,embed_base_logreg,1,0,172,6d7c28575a9e0747fc4cfaab5263e2daf0754ef5d1c996b9de353104dbfb5be1,yes,yes,0.8740012645721436,1,1
learned_hands_consumer,embed_base_logreg,1,1,173,6656d334c0150d50518a8e9e86ac484364dfc5da62604f792fa121392de57cd5,yes,yes,0.7017744779586792,0,2
learned_hands_consumer,embed_base_logreg,1,2,174,fa3b234c5866029eaafed3054fe7c1e9dd9d3e50389c45beedce0456e0a851a5,yes,yes,0.6186459064483643,0,2
learned_hands_consumer,embed_base_logreg,1,1,175,f5327013f798cdfff71ccd1ccbf934757fae9118c8fda0cfb29197ee8c9a2f92,yes,yes,0.969277560710907,1,1
learned_hands_consumer,embed_base_logreg,1,0,176,0c550425496483256cac2b164db69cc78311e995021bfcbd4a5c585bcdd9d9c6,yes,yes,0.8079013824462891,1,1
learned_hands_consumer,embed_base_logreg,1,4,177,e9a4a62f276d5c835085a02b2f4d92155f8f7ac6d396a52ad1cd37cab729b635,yes,yes,0.827201247215271,1,1
learned_hands_consumer,embed_base_logreg,1,2,178,f4fe68a7bc004d02c8ecf39777717f5e53269903d0c3c3181101c07cea5c6b0c,yes,yes,0.8486055731773376,1,1
learned_hands_consumer,embed_base_logreg,1,0,179,3d0de6dc3fb5d69b4483315a8f1b9a55f3da2fb8eb1df50a74386a480912447a,yes,yes,0.9107009172439575,1,1
learned_hands_consumer,embed_base_logreg,1,0,180,b66cb0340d554080664d72cdd106c5cdb17b38d1f74932ac0787b45754ce1a7c,yes,yes,0.9871723055839539,1,1
learned_hands_consumer,embed_base_logreg,1,1,181,a9af33b24aeb8f4fc3dd090cb6015fd72eb33e9bacf6b245b9efd00dd9991af3,yes,yes,0.9274259209632874,1,1
learned_hands_consumer,embed_base_logreg,1,2,182,9eefcb8b16890b9cc6c7e144d07beaa48841305e10614e94d470242a6b0e065f,yes,yes,0.9364153146743774,1,1
learned_hands_consumer,embed_base_logreg,1,1,183,cfde4f376e1a14d27549b00d4ddf32bfeb542cf05f08d1cbc266df888e1c3047,yes,yes,0.7624068260192871,0,2
learned_hands_consumer,embed_base_logreg,1,2,184,421033c1624e9a903b16ba39c1d61b1ecb07a1c62b4ffce4608c02c7a3e067e8,yes,yes,0.5839284658432007,0,2
learned_hands_consumer,embed_base_logreg,1,1,185,7a8050d0881441599707f60d9661cc876f27efc16656cd8526fe842e463a56ec,yes,yes,0.9432702660560608,1,1
learned_hands_consumer,embed_base_logreg,1,2,186,5f4e3e4860760d911ab21bd74b2611036627cda4c7c666615991f1d2314d6b35,yes,yes,0.9842306971549988,1,1
learned_hands_consumer,embed_base_logreg,1,0,187,057e4d5e06ed1236a9a35f3ea5c2cc42ae58bd3d82fb4981f56669b168d087e6,yes,no,0.888635085692479,1,1
learned_hands_consumer,embed_base_logreg,1,0,188,a5608444f7d99d3cd3109ac70b995bb38775ef1fa2c286f3779886ac598a5c9d,yes,yes,0.7887714505195618,1,1
learned_hands_consumer,embed_base_logreg,1,1,189,48a613b18969b56ad289f137a24f32ca5714dc722f1916be3cf41f3c98f577e0,yes,no,0.8291702023395836,0,2
learned_hands_consumer,embed_base_logreg,1,3,190,d5a7261352131be329b42958bda9d1cbf7adf2a5eb0c341d0fd5d6d07a9ae17e,yes,yes,0.5666449069976807,1,1
learned_hands_consumer,embed_base_logreg,1,2,191,e36f78681c2e77e1fe9fd7fc2f0b8fa917f14b6a2333a41863c17c766053033f,yes,no,0.7563647031784058,0,2
learned_hands_consumer,embed_base_logreg,1,3,192,1487b9bcecfa449f7f97f38810e17ed4e37ea80a32cd5170137bf134574ae112,yes,yes,0.5994956493377686,1,1
learned_hands_consumer,embed_base_logreg,1,4,193,a0956e6a9a6973551966fc776c76b773565a03efe1dd2f5b6e363e037cd68e98,yes,yes,0.8713453412055969,1,1
learned_hands_consumer,embed_base_logreg,1,2,194,113f455fcca39b28919c8669b561494bb48c8a7b1abb08182e38efba3ba3d49d,yes,yes,0.9781473278999329,1,1
learned_hands_consumer,embed_base_logreg,1,2,195,01467176da7f8beaabb7d2d981d4c2a5d270c4de1ee41090eb7fff34ad10f233,yes,yes,0.9656426310539246,1,1
learned_hands_consumer,embed_base_logreg,1,3,196,3917492faa9e47e7106ba122c3a1618a26df3dcdbcf5803ea5eff8caeb3a85b8,yes,yes,0.578292191028595,1,1
learned_hands_consumer,embed_base_logreg,1,4,197,cde8abafba1e7a412e01f15ea5b8b45f4e1c8f3f37c5ed8ecf8670617e0e3ddc,yes,no,0.607208251953125,0,2
learned_hands_consumer,embed_base_logreg,1,2,198,61ae855f1482eb8f9d691ed3f1d20ebbea6fc43c48a7559ddaf77710f2c27152,yes,yes,0.9512306451797485,1,1
learned_hands_consumer,embed_base_logreg,1,2,199,f35f9e77ffc5ac7a0d42e5a637d3ec3f6ef2830b8c178fdb6a5c951cfeaa3e88,yes,no,0.5475489497184753,0,2
learned_hands_consumer,embed_base_logreg,1,3,200,82f9efaddab72f81167b375aff7cc6c2537117b477e6064545d97be910ff945c,yes,yes,0.5516834855079651,1,1
learned_hands_consumer,embed_base_logreg,1,4,201,967afc85cb2c22088e649a1faac841a0d2609f7e11fe94eef9bd17a4daa54688,yes,yes,0.5635519027709961,0,2
learned_hands_consumer,embed_base_logreg,1,4,202,5648d782c24eb983d5cf18c59b05a1a47459a5dedd4e5335a0232c23f062944c,yes,yes,0.8561899065971375,1,1
learned_hands_consumer,embed_base_logreg,1,1,203,157bd549be3ab1bdd3e21c29805aafdc0d0b45c1aa52b0a397ab9236a4e5c944,yes,yes,0.951233983039856,1,1
learned_hands_consumer,embed_base_logreg,1,1,204,525f45b4239b35c4038470e08628f267e9887f1c30b0aa84a2d5d01464da39a3,yes,no,0.837031900882721,0,2
learned_hands_consumer,embed_base_logreg,1,1,205,0a0807c3257345430140d80f2b2b7210e572d13f47d5ac8a65174de1142590b0,yes,no,0.7241260789595223,0,2
learned_hands_consumer,embed_base_logreg,1,2,206,a2b92dbd2ee6fd008bb6aa904caa64641950c475cddad723b2644f23c751a0ee,yes,yes,0.9953633546829224,1,1
learned_hands_consumer,embed_base_logreg,1,1,207,a2ed73e250907017f6d7fd66c658c04c6a137575d6ad765f993661edda327577,yes,yes,0.7421862483024597,0,2
learned_hands_consumer,embed_base_logreg,1,1,208,1290d537ea8750e4e91f20b46eec10646ce12ab7d86dfc91eb09b608405fe90f,yes,yes,0.6903650760650635,0,2
learned_hands_consumer,embed_base_logreg,1,3,209,a0f7d16e25d9f13501287713351ca9111410082745756d6eff69a544a7ce0fab,yes,yes,0.5252442955970764,0,2
learned_hands_consumer,embed_base_logreg,1,3,210,adbfc9de80cf0100c04073d2c24a7a39ad794835be05b45cd9a54b30876e1bae,yes,yes,0.5933917164802551,1,1
learned_hands_consumer,embed_base_logreg,1,4,211,33d047d7bf09f05c00081ea7055f31cf8f5cfbb5f1ceb5b0376de52b5d66fca4,yes,yes,0.5218916535377502,0,2
learned_hands_consumer,embed_base_logreg,1,3,212,8747eec3bef3a1ac47c5e03b2a3185ec7be0382a48e8f07bc6b009f884106d3b,yes,no,0.5009437799453735,0,2
learned_hands_consumer,embed_base_logreg,1,2,213,49b127f44fd96be9d276f55d1669f94228b7535cb909c7f6b272eb55f8881a2c,yes,yes,0.9829482436180115,1,1
learned_hands_consumer,embed_base_logreg,1,3,214,dfb7f7c0e45b4a7671e7808a09335109e684ec1f7b896028808720b751c76290,yes,yes,0.5667967796325684,1,1
learned_hands_consumer,embed_base_logreg,1,4,215,db97720cca0e39dc598257024bac71c263aaf9886f335cf6cd722539c19eacca,yes,yes,0.8328354954719543,1,1
learned_hands_consumer,embed_base_logreg,1,3,216,64859a67c19bf56da59ad97eab9f8da73202e6a6dd9d3bbb9372afcb47b0408d,yes,yes,0.5784177184104919,1,1
learned_hands_consumer,embed_base_logreg,1,3,217,f449fe5d57975f0caf323ecddfcc9b9dccbabe88c5ff42bd31a1d65fc7a824b5,yes,yes,0.5672524571418762,1,1
learned_hands_consumer,embed_base_logreg,1,4,218,fa078ce3c2ae45c10df8aa0a800c47eade1e7510a46eb24bbe627b87d2938a68,yes,no,0.8142951726913452,1,1
learned_hands_consumer,embed_base_logreg,1,3,219,f2fae4fb37730a28c6c680ab68c6e0cbcb083e46d89296b52700b2b28ed2e203,yes,yes,0.5507320165634155,1,1
learned_hands_consumer,embed_base_logreg,1,2,220,ca57b26977335b108fd0d46872d220af17b298c5169ea6a338028e3fa941a5c0,yes,no,0.5451464490548834,0,2
learned_hands_consumer,embed_base_logreg,1,0,221,9f6359257abe0943f69a9a6786fccff089c30ae5f302d29d57c21ec0cc0fb8bb,yes,yes,0.8034101128578186,1,1
learned_hands_consumer,embed_base_logreg,1,0,222,da0db19cfa506b30e60a6cf05fa27f60113ec86ac8308c44eddc1cdeb6e6b707,yes,yes,0.8730009198188782,1,1
learned_hands_consumer,embed_base_logreg,1,0,223,013033315bef6946bef54c7e1e5131afe73897a10507585acff502cb07b082d1,yes,yes,0.9117895364761353,1,1
learned_hands_consumer,embed_base_logreg,1,4,224,01ca67ea223ea6f3f78966619c3d177754184bea73cb662ffc54be7eded55946,yes,yes,0.8382032513618469,1,1
learned_hands_consumer,embed_base_logreg,1,3,225,0972b858c77e9cd796c6bda370f1d6b2ea20798091434c33f49f1827e4a678cf,yes,yes,0.5692895650863647,1,1
learned_hands_consumer,embed_base_logreg,1,3,226,478e48024c876788e7ac0b2943d399c14bb997ab82a37ee11247a5b223d23f4f,yes,yes,0.5369116067886353,1,1
learned_hands_consumer,embed_base_logreg,1,2,227,dd602e9be0c77e5a1bf15d2c5db5302c6b6d2b8362f95c146de1f5d3ea45031b,yes,no,0.5531058146624024,0,2
learned_hands_consumer,embed_base_logreg,1,3,228,e86c4500724cd80b78a41c3de49d5f623baba6615be341878c3f40d1a666fa36,yes,yes,0.5684019327163696,1,1
learned_hands_consumer,embed_base_logreg,1,0,229,44f8bde89aa71070a44a090fe6553fe64a785e0148291429f98b65d8cc35537e,yes,yes,0.942062497138977,1,1
learned_hands_consumer,embed_base_logreg,1,1,230,f92a5c6258f5da9bffe36fc1a4498f1086f4d296b5c28109401777d767f46946,yes,yes,0.9425678849220276,1,1
learned_hands_consumer,embed_base_logreg,1,3,231,b8099af0f4a08d3625fefbbdf920208ab786e82be6d9e5ecd373c981c3bd90c4,yes,yes,0.5892640948295593,1,1
learned_hands_consumer,embed_base_logreg,1,1,232,dd6b7ca454c08a409f4171cb97167a8c91e862451ec1b92eaa7d9393934cf91c,yes,yes,0.9101738333702087,1,1
learned_hands_consumer,embed_base_logreg,1,0,233,fdb76c188296362ef951b02157cc4150c8d3a0750fe72942787d491e6ddc18e2,yes,yes,0.5924216508865356,0,2
learned_hands_consumer,embed_base_logreg,1,0,234,b78102f7318502d1b26dbcb12920cd58ed53891ef8b61bff2b15f5b432da91f0,yes,yes,0.9579442739486694,1,1
learned_hands_consumer,embed_base_logreg,1,2,235,5a37498c5c481cdd1e4bd5190333a14a0190aa3aede5364087479e33c293e1a9,yes,yes,0.9342595338821411,1,1
learned_hands_consumer,embed_base_logreg,1,0,236,eae4558b0617e7ebc54a6ebc59d2dde3f9df33d4ce6cb6404452671b374ff797,yes,yes,0.9797288775444031,1,1
learned_hands_consumer,embed_base_logreg,1,3,237,b25bbe0ef882d9b6ee6ca640d619e47af1ba4b4303c92a73e17071d2b63f6203,yes,no,0.5453124046325684,1,1
learned_hands_consumer,embed_base_logreg,1,0,238,3415dc4afd4d574b0da83ec6d205e580b78b683ce427d70cb6192aa1345ada00,yes,yes,0.6644359827041626,0,2
learned_hands_consumer,embed_base_logreg,1,3,239,e4190a6930b3800fcc812916fc24cd7666ec7ccade668b74793a25cf043ee8dc,yes,yes,0.5879778265953064,1,1
learned_hands_consumer,embed_base_logreg,1,3,240,2a1e5635eb53609c5660dd54ea549b8c7ca1d8ef3709e5692cce67005fde384f,yes,no,0.5289158821105957,1,1
learned_hands_consumer,embed_base_logreg,1,0,241,1587f650838e742b5adbc001e25e86b815c1c282f7e24b9a7f46e2c9c7e7663d,yes,yes,0.8566077351570129,1,1
learned_hands_consumer,embed_base_logreg,1,3,242,3aeb06e0988c30e7dd4b9857f1305ee50a9955e156a1e1a8bfb635878c936da6,yes,yes,0.5439428091049194,1,1
learned_hands_consumer,embed_base_logreg,1,3,243,0ba639fb1b8f0dcb2fe9cffb9b96ec4f2cc182c78d9a521ea1b367d5c28385d0,yes,yes,0.5320876836776733,1,1
learned_hands_consumer,embed_base_logreg,1,1,244,ebd5c1534b316d246d849144a17469ee09729233fad0f39a8a330fdfa15b9628,yes,no,0.8656314482445799,0,2
learned_hands_consumer,embed_base_logreg,1,1,245,401a36474fa40d2d999cd260f57ca66ab83fcb63de68f578a6d6ad7d4ec4bd2e,yes,yes,0.8771706819534302,1,1
learned_hands_consumer,embed_base_logreg,1,3,246,4176b37a2179c60a956b8746678c2a674aabbd9e086407904b2475af255d13bd,yes,yes,0.5777773857116699,1,1
learned_hands_consumer,embed_base_logreg,1,2,247,95933a28191a6e558a2911f9c54efc9e53d3ba70d036eac4f4fcf1044bbc9d88,yes,yes,0.9416245222091675,1,1
learned_hands_consumer,embed_base_logreg,1,0,248,0f4ecd29ccebf4ac6e235b28298c170a1c4939a57f8d2bae941d4292bb91c9e2,yes,yes,0.8010537624359131,1,1
learned_hands_consumer,embed_base_logreg,1,2,249,061be30da02e5927c05d4f6dcb0ebcaa8bda9da95f663afc3448b40f550c8dcc,yes,no,0.740186788434184,0,2
learned_hands_consumer,embed_base_logreg,1,3,250,6c7deef4168bfdd3eb4f65e34ff1a5b08e7d07a494276e6dbc72cf08dd1d9ea3,yes,yes,0.6046515703201294,1,1
learned_hands_consumer,embed_base_logreg,1,1,251,3fecd30afaf717ef4d633f041d6b64abc35956652a123bf652a024e051aecbd2,yes,no,0.6910553574562073,0,2
learned_hands_consumer,embed_base_logreg,1,1,252,618080a1456e3ee68a8c336bd1951f8be686d4b280ba12acc2afbc0afe6f5e6e,yes,yes,0.9565470814704895,1,1
learned_hands_consumer,embed_base_logreg,1,4,253,7d9553904434b833510ba4f74348cff64322921c601077d281c33b3d61d048ca,yes,yes,0.7487697005271912,1,1
learned_hands_consumer,embed_base_logreg,1,0,254,851524b83e3b815d2b8ad94407c2a48429aa45e82bd9c1b64ffd780d6c3a0de3,yes,yes,0.852455735206604,1,1
learned_hands_consumer,embed_base_logreg,1,1,255,cb21cc98accfbbfc1ab6fb040d28dc4a525dd125dcded30bbb6688922bc0bcf0,yes,no,0.5036603808403015,0,2
learned_hands_consumer,embed_base_logreg,1,4,256,77a1a7abf05f1aa064c4d1f51619137f7eb2bd94b8ddc362bc14f64be0bd2a01,yes,yes,0.8474529385566711,1,1
learned_hands_consumer,embed_base_logreg,1,2,257,3d22a52452442ace2422e3134c77857c8d5686fd9080d9f42bc9438a845f4c89,yes,yes,0.9349466562271118,1,1
learned_hands_consumer,embed_base_logreg,1,2,258,aaa2f84803feb0579309aaee905dbe769a0e41a5a6daf89677d4a8534aa9819f,yes,yes,0.8719344139099121,1,1
learned_hands_consumer,embed_base_logreg,1,3,259,cbf21ed32acc01ddeaa5380d184a96c3ca5b84614bc1f3a1a9583fa9b891c05d,yes,yes,0.5778146386146545,1,1
learned_hands_consumer,embed_base_logreg,1,0,260,370cc782f60a07b178ac3c0ec5c92e1d6072d6798ba29e27eb089d3af9d06cb5,yes,no,0.5723432131903406,0,2
learned_hands_consumer,embed_base_logreg,1,4,261,e2fa618a66bdb423b63a86d231a23868e8833853ed334799049daeac30367a88,yes,yes,0.7219906449317932,1,1
learned_hands_consumer,embed_base_logreg,1,4,262,6c81e7b6dabbb3574a09c499dc7a67ca24d31c6e646bab4ced51cd8c78f55ea7,yes,yes,0.8725744485855103,1,1
learned_hands_consumer,embed_base_logreg,1,2,263,1f341a6355c5c3b945e1a2b14b3434e8b3904eb4eca3e24c87941d86e705e57e,yes,no,0.7118979096412659,0,2
learned_hands_consumer,embed_base_logreg,1,3,264,6adfe2187f8557b8f6378f034717bdcd2f522a0df00806a04c1dfe98b3e997bd,yes,yes,0.596235990524292,1,1
learned_hands_consumer,embed_base_logreg,1,0,265,8bad5933bcb5967cc9bc4abe066d28b765494f7a0dffd407c47d6d8067553308,yes,yes,0.7558748722076416,1,1
learned_hands_consumer,embed_base_logreg,1,1,266,c55600e95d9b4eb897af3302c41acc84e2d54157f428bf1f8caec3b61e668da5,yes,yes,0.9790093302726746,1,1
learned_hands_consumer,embed_base_logreg,1,4,267,13c0dc364911dc9186a0c024e55f88be572c4deb5878fbd82d310ecaf5f45d13,yes,yes,0.9353647232055664,1,1
learned_hands_consumer,embed_base_logreg,1,0,268,3321004b9ab1144d0dfdcb61b18d746e047e1eca73ce7e0acb9fbd0e7c724816,yes,yes,0.8287242650985718,1,1
learned_hands_consumer,embed_base_logreg,1,4,269,19d396f6ee8676b8e14abd050a0d810589baf0188e806f72eac507d7a2c545a3,yes,yes,0.7542867064476013,1,1
learned_hands_consumer,embed_base_logreg,1,3,270,7eb4eb67f8d71b2387d20ed2f7c7421eab13eb8910aca82d69fdf9a9273ecb96,yes,yes,0.5063465237617493,0,2
learned_hands_consumer,embed_base_logreg,1,0,271,21f6bcc2b642898b25da24d91a08efc8029b34d97d979ac84183c75b0c07b9c0,yes,no,0.7924826145172119,1,1
learned_hands_consumer,embed_base_logreg,1,4,272,63a06c8bcc7dbff84f881459fdf825076cb5b36209132b00c9c84eeeba7b6eb8,yes,yes,0.8107511401176453,1,1
learned_hands_consumer,embed_base_logreg,1,0,273,94b8923b3eddcc3f61a255a8e42041ab7f8e96bdae7e23fa5dba20dd65b82fa6,yes,yes,0.9319261908531189,1,1
learned_hands_consumer,embed_base_logreg,1,0,274,c2ccc5ca47171285fb0298be4298f50882121913b48b7ac1e796a30c532811ba,yes,yes,0.958781898021698,1,1
learned_hands_consumer,embed_base_logreg,1,2,275,1f6071d3d10ecfa1b75476a7071af685e3ba15fcf7b2a774e39b20191e1fe074,yes,yes,0.9807921051979065,1,1
learned_hands_consumer,embed_base_logreg,1,1,276,11cabef5b7d7edbcc7de996da7ddc824772faa6248373f429b29567c5017f865,yes,no,0.5077232718467712,0,2
learned_hands_consumer,embed_base_logreg,1,2,277,9136c7f7286a3ee6b4af4f2c4bd396e5528e9e59d4a11138840961213324a902,yes,yes,0.8527896404266357,1,1
learned_hands_consumer,embed_base_logreg,1,1,278,45b8aa00e5100aa8e27c34109569ad374e89747c8859165962bd4b50a718dec3,yes,yes,0.9228363037109375,1,1
learned_hands_consumer,embed_base_logreg,1,4,279,93a67fe947a834ff1518acdef3d3503a43de70821df3f53bacca03fe73994e4e,yes,no,0.5444466905460748,0,2
learned_hands_consumer,embed_base_logreg,1,3,280,f9aa283cb36bd865eb6d0e00dec619c048e1b8f0e8830f12b5d02008a0b97ace,yes,yes,0.5589823722839355,1,1
learned_hands_consumer,embed_base_logreg,1,1,281,55de4e8dcda9a6328913ef54a1ed9351f1f426737486cdf8f668ad83b8388f73,yes,yes,0.7958717942237854,0,2
learned_hands_consumer,embed_base_logreg,1,4,282,6bcb70ea6c53d9d2735995ffa331f18d0e9d9cc24ba93acb53376ae8483ed8a1,yes,no,0.6920794248580933,0,2
learned_hands_consumer,embed_base_logreg,1,3,283,78da2dea499e7edb487d60fd31327140d7546b18febaf57879bbba65e8c1b04e,yes,yes,0.5063097476959229,0,2
learned_hands_consumer,embed_base_logreg,1,1,284,42fb96e3e3db8353adc2b84b435807f73584555187d03911234609ed6e85bfe6,yes,yes,0.9925064444541931,1,1
learned_hands_consumer,embed_base_logreg,1,3,285,ecfc65fba09f92e19dc001350da2ef8adc932c234c862d0db0f1879f2e7c8794,yes,yes,0.5145464539527893,0,2
learned_hands_consumer,embed_base_logreg,1,1,286,c191adb1d624b20f83068f7b5908de47c6c5209a753e4de83b528e1156b3c2b0,yes,yes,0.9506362080574036,1,1
learned_hands_consumer,embed_base_logreg,1,4,287,644bc0e92cf759be58ca6610fa275080515a65a91b581445be9cabf7ffea0e15,yes,yes,0.8924434781074524,1,1
learned_hands_consumer,embed_base_logreg,1,1,288,a79143144aa9b5670c2ef1346d67999dca1710bf76a38aefe7d8c7b71ae44b79,yes,yes,0.9609967470169067,1,1
learned_hands_consumer,embed_base_logreg,1,3,289,29d068c39f2e257adbe8beebd86189c3ef328bbf2028cdf5c6d3ede0e5ddc09b,yes,yes,0.58580482006073,1,1
learned_hands_consumer,embed_base_logreg,1,2,290,fe9822a59aebf2d41016c82deb1d427382b2666a1fe39079f87be07fb936b617,yes,yes,0.9710566401481628,1,1
learned_hands_consumer,embed_base_logreg,1,4,291,56bb42f2ccd6615785428ca0492a89e2c4c3ab2f9fa44ee197d3da8fab2c5842,yes,yes,0.7513545751571655,1,1
learned_hands_consumer,embed_base_logreg,1,1,292,5299348ae3f81c25293e952182bb6bea15382e9da7443711aa78acdaf4b6bcb8,yes,yes,0.9437143802642822,1,1
learned_hands_consumer,embed_base_logreg,1,3,293,73a78266e6561f4e4c9baa89057beda5a92213b2ef917e1272c2ece8cd9b7704,yes,no,0.505144491945043,0,2
learned_hands_consumer,embed_base_logreg,1,2,294,79cc9d9097ff95d4d5569540eb3711865f517ab1a2a0fc876da5c48598ee3cb4,yes,yes,0.9922075867652893,1,1
learned_hands_consumer,embed_base_logreg,1,4,295,3b85fae280cd98abcc7e78ae4627a4c94eee68cb0bdc5b31dc3b1cf2e53949ae,yes,no,0.5942076444625854,0,2
learned_hands_consumer,embed_base_logreg,1,2,296,32072d7df35d23c7cf165a1afeb9be63ebbdcf2c94cee75f9b5a90b78e19dd28,yes,no,0.6240645461063222,0,2
learned_hands_consumer,embed_base_logreg,1,1,297,16bed4a62e2738950d2587d30c25ed9c5d17ea5f0cc5e91f1148a4cb64162453,yes,yes,0.9659156203269958,1,1
learned_hands_consumer,embed_base_logreg,1,1,298,3473fc0f42c76ad19ef3ec2771d01d619478fb7fab7ea70d94e7fe0f1bd61128,yes,yes,0.9431814551353455,1,1
learned_hands_consumer,embed_base_logreg,1,0,299,251efc17ee26f8f9c544871f61f6fd54cf585d0f3210406eb3c48c825a10d526,yes,yes,0.966907799243927,1,1
learned_hands_consumer,embed_base_logreg,1,4,300,4b657305ddc7f357ec185bc9abec0fa67e2d4d4fb0afb00f8e83e73a4c712e8e,yes,yes,0.6568129658699036,0,2
learned_hands_consumer,embed_base_logreg,1,1,301,f85e7456c7160ff553b31db76a443f79214f6b2cd4542c3bb171595928ab6558,yes,yes,0.9655910730361938,1,1
learned_hands_consumer,embed_base_logreg,1,1,302,243386ffe9922a67ec10fee19cff0781c4d76b6a78a32ec20ae1b9ece92bf995,yes,yes,0.9014569520950317,1,1
learned_hands_consumer,embed_base_logreg,1,4,303,85d4e89725d489b9e3820f724acfc754d59767d51140be8d70af3bb2eb4198c3,yes,yes,0.8144958019256592,1,1
learned_hands_consumer,embed_base_logreg,1,0,304,f859129d9d2aa75e88d6602d1563b367b5d45a031c53939b17889bef5d0f147e,yes,yes,0.7906922698020935,1,1
learned_hands_consumer,embed_base_logreg,1,2,305,483ac3b333ee68b7196086031e6a08e2fdb91c52f28a3a861f23a2c8ec75478c,yes,no,0.7112299799919128,0,2
learned_hands_consumer,embed_base_logreg,1,2,306,6eef9bbaaa01f32394020b689930f9d2ae66836d280dfef0cac99935536b4a22,yes,yes,0.8661563992500305,1,1
learned_hands_consumer,embed_base_logreg,1,2,307,2bbdbbb31e0f69cbd29d755d0e4fb9a5a932b3b1effe5a664bc674ef725addc2,no,no,0.9424786497467856,1,1
learned_hands_consumer,embed_base_logreg,1,3,308,5779a2e66767851f78c4baf2c51d3e6be6d917949d5341b98c489bbf0f67f6f3,no,yes,0.5372681021690369,1,1
learned_hands_consumer,embed_base_logreg,1,0,309,24481de31a2b3036d71dc474adac585b922e4bdfb8287ce43a3ff34846620b73,no,no,0.9757967482231921,1,1
learned_hands_consumer,embed_base_logreg,1,0,310,13b626d60d254c4999ca862d60b0f13ec9378504e9fa2fa1c002db747518bc7b,no,no,0.9061638510339591,1,1
learned_hands_consumer,embed_base_logreg,1,0,311,97939ad30f5a35f45ccb7fcb190a65552ca404ca227456e1ecb4f5a57c3bed17,no,no,0.966075223571151,1,1
learned_hands_consumer,embed_base_logreg,1,4,312,8616d00b5609b9a12db9741cc2c276068fbfffd9d02b80e12bf3dc55ef37b07c,no,no,0.9529915764036305,1,1
learned_hands_consumer,embed_base_logreg,1,3,313,65e5a2fd7a388ba873ac967c48adb5664e74f76db3d95f15af7230c45aa27115,no,yes,0.5372528433799744,1,1
learned_hands_consumer,embed_base_logreg,1,2,314,0b5ab1b563bc3ef18c295476f388386fadc1cf299ab20f258f1dffee0f8157b4,no,no,0.9791268365602488,1,1
learned_hands_consumer,embed_base_logreg,1,4,315,c70617e5ad6a4b2e699841464467e2a1387594382a39a10f5f3aa0ba238dc8c6,no,no,0.6889115571975708,0,2
learned_hands_consumer,embed_base_logreg,1,4,316,bc9f773c51514a7ad309a672115c1b9f79304095ccabcd53343b945d6ce19ec8,no,no,0.5135414600372314,0,2
learned_hands_consumer,embed_base_logreg,1,4,317,0af96d52fa6c71f1943351f5d1a07e10d961983e0c4a66784a937ad8bbaf2f0e,no,yes,0.6710827946662903,0,2
learned_hands_consumer,embed_base_logreg,1,4,318,f4a7c81fbb4fe3b5a0cdb370b458074ab8fa6f11fe41ced9df994fd2f420f362,no,no,0.6736703910329821,0,2
learned_hands_consumer,embed_base_logreg,1,3,319,71d38fe12b75052be0651bda2d4f4efe697b07d365bf41cb14841da2688b94f5,no,yes,0.535755455493927,1,1
learned_hands_consumer,embed_base_logreg,1,1,320,60a86bc631bcf63cb1c4ced84c0f60928e57bb2abcf79c23baa53fea95cc1aa3,no,no,0.9932983877797529,1,1
learned_hands_consumer,embed_base_logreg,1,4,321,e06e690d6aad76f736293110bf1b57c294435c42a47933cd1acab74063fa7102,no,no,0.7037204713738106,1,1
learned_hands_consumer,embed_base_logreg,1,1,322,a90e11f52d0e31db828e5d845e5fc33cb9bbc6922bce8244891dbc15b22a7483,no,no,0.7212977624326278,0,2
learned_hands_consumer,embed_base_logreg,1,2,323,7f6a2fb0578a33bc0482677bbc588e70a785c7bea415b62486a564b37d2364a5,no,no,0.9686268008076653,1,1
learned_hands_consumer,embed_base_logreg,1,4,324,91f9aed41e41a457675d9814a53f7e293fdcc37d5ecd967c9a49b0e1b38c3587,no,no,0.789188671273162,1,1
learned_hands_consumer,embed_base_logreg,1,3,325,ca37e43e8db1c44dbbb19c01ee3aa67ed7d3e032717d029d12d8ecc1e8da9e24,no,no,0.5465899705886841,1,1
learned_hands_consumer,embed_base_logreg,1,0,326,2fb4fb6b593cdd7c3e2fd5c6e362a22a579395bb61b602c450cca3538b8e24ef,no,yes,0.5126202702522278,0,2
learned_hands_consumer,embed_base_logreg,1,0,327,c74e1031658129cec56f52de73b243a87d110480b7489b898798c788c64954c1,no,no,0.707827627658844,0,2
learned_hands_consumer,embed_base_logreg,1,2,328,12a1ea95bdc51debd507323d28586d8cd6725f1b2fb39a9a12ccea37dd723d96,no,no,0.6589844226837158,0,2
learned_hands_consumer,embed_base_logreg,1,1,329,985ec3dfb0c350854d7b1baac2c3332760dc5c321f1cafa4bfd44c6712e2ced1,no,no,0.6253777146339417,0,2
learned_hands_consumer,embed_base_logreg,1,4,330,335fb0b1b9fad31fa5c37ca3233826815b93d197d51ad6e25f3adb819181b8d5,no,no,0.9333591918146731,1,1
learned_hands_consumer,embed_base_logreg,1,1,331,c1a730a7b254e70e6ac0d37573a2caa83d4df82d7e52868bedaff06ebe6b6878,no,yes,0.8196800351142883,0,2
learned_hands_consumer,embed_base_logreg,1,3,332,2c4155ce67ad13aaa45fffc3554b95daf5261dd7f91fb8fd64dec003bfb9e74f,no,no,0.5301234126091003,1,1
learned_hands_consumer,embed_base_logreg,1,1,333,6ceaa70ea927c42a727227f3a30b6f624dcea1bc117cb238827bb15af9517c39,no,no,0.8586311808432463,0,2
learned_hands_consumer,embed_base_logreg,1,1,334,7d6f93cb8182ac12b92485985653cd0fd562085122909d87b4336f6ee3e4666d,no,no,0.8970415792698021,1,1
learned_hands_consumer,embed_base_logreg,1,0,335,cf8776ba226b044303c6bd7ec8aa16cfacbe82cbb01b00fe365ab899a5adc5f8,no,no,0.7203160739039205,0,2
learned_hands_consumer,embed_base_logreg,1,2,336,63d2423f809c612df5098e911ca5ba908d510a563c38c6d97d504e390d18c390,no,no,0.9117651581764221,1,1
learned_hands_consumer,embed_base_logreg,1,0,337,52f14dd7aea76b56f013c46377c11006c81b564a73a8fa44e2a4843c3f9ff85e,no,no,0.9458509436959155,1,1
learned_hands_consumer,embed_base_logreg,1,4,338,cd0992eca3b3ebd4ffcc36e8430e138824f9b105e6764dedf74a8ce2d5549fe4,no,yes,0.5402587056159973,0,2
learned_hands_consumer,embed_base_logreg,1,2,339,5a8803fcccb50853b2c3856ee82785bd156f862dd26d34c99efdea4519a7e214,no,no,0.5822215676307678,0,2
learned_hands_consumer,embed_base_logreg,1,4,340,617fea7762c73987c8e9da050c8cae25a1aefb6ea95ff5d081b8e51f028dbf2e,no,no,0.9681092572816405,1,1
learned_hands_consumer,embed_base_logreg,1,4,341,d4093169f98d05e7565a5542038529f1fab35b60cfe43127811daa861d935feb,no,no,0.5830637216567993,0,2
learned_hands_consumer,embed_base_logreg,1,3,342,e8a22694731ba2e5a7312f7d4a02b03f7e4bc081c76f7068d665ec82ab92f3c7,no,yes,0.5192689299583435,0,2
learned_hands_consumer,embed_base_logreg,1,0,343,7a0a05fc729a8f64cbb6ca9c295a3805e152b645fbd81571861db6a5918d5618,no,no,0.9762925614747319,1,1
learned_hands_consumer,embed_base_logreg,1,1,344,1de94b175a0dc3b16576ef02ea9b734786aa3bc35b5be8fbeb644479593c01bd,no,no,0.8764148223934349,1,1
learned_hands_consumer,embed_base_logreg,1,0,345,7eba9bd21b877177f0ea63bb88313953a4c47a8eea950c93500fbc398e54e665,no,no,0.9672886313365517,1,1
learned_hands_consumer,embed_base_logreg,1,3,346,aa01251703c5de088b207ee1e21487e51f88caf08d8d578aef87fead3ecefced,no,no,0.5053357927401128,0,2
learned_hands_consumer,embed_base_logreg,1,4,347,e9f5e96f340dd75e497ed93a4a1e722cfce986d2cec52aaa027ca7778586ad19,no,no,0.6550589995103776,0,2
learned_hands_consumer,embed_base_logreg,1,1,348,4b9f93fed8e41a2a2c5f0994cdca3aca0eda1b96dbd2f74d5afcd2a43889c2e8,no,no,0.9066897563137877,1,1
learned_hands_consumer,embed_base_logreg,1,1,349,f05855943024f908afbb53b1527e164e7e5e5ad16ec0192747e08513f2bf77c0,no,no,0.9088701212898669,1,1
learned_hands_consumer,embed_base_logreg,1,3,350,1c49793aa9d1312bd32ea93d0d8c4aefe10836b786d8cadf7c97738717ce9d31,no,no,0.5803544521331787,1,1
learned_hands_consumer,embed_base_logreg,1,2,351,580b5ac0770fb1b9a6472f9a88911a26a88cc2d70c1aa230e26ba6905581d32b,no,no,0.948916778729606,1,1
learned_hands_consumer,embed_base_logreg,1,2,352,d1a95b753ee546201b5cf71e8a8910ffb93f06b981363dd24190b9627693f2cb,no,no,0.9801051543645176,1,1
learned_hands_consumer,embed_base_logreg,1,3,353,f123cdff3722febd99751bb5a64770c85fc6707f63c07bae56510ead6672a690,no,yes,0.5300711393356323,1,1
learned_hands_consumer,embed_base_logreg,1,1,354,013a1816aae065dc4d8f6a910347c85c867197f1497645a47e5cb14cab38f57e,no,no,0.9536705924966755,1,1
learned_hands_consumer,embed_base_logreg,1,3,355,d27505c28fcef3d7434ea6bd8d7130e051f02503586c1526d71160be1310e40f,no,no,0.5772346430192782,1,1
learned_hands_consumer,embed_base_logreg,1,3,356,1130e23cb8e7f0a6fc9e659f4c94b732fa1953b7a98b3a9fcafb074532c54af8,no,no,0.5465663508604064,1,1
learned_hands_consumer,embed_base_logreg,1,2,357,9a69a9f0e0418372ec3def21b9ce927af42a49df1d185967290ada823319ad8e,no,no,0.912736746289231,1,1
learned_hands_consumer,embed_base_logreg,1,2,358,d0b3728beaff318ee83ad916c45c5c6802c6634bab63d6de065eff3af6bb2839,no,no,0.9382453139544523,1,1
learned_hands_consumer,embed_base_logreg,1,2,359,492cdbdcc254342378744c1f8b9dadd066628ace9a1a65a515633708701c9342,no,no,0.7900111792983291,0,2
learned_hands_consumer,embed_base_logreg,1,3,360,7c272499aa6af5b9c7b2de749a65adfa813cdc4061012c6f9a62fda253e08104,no,no,0.5645166467274235,1,1
learned_hands_consumer,embed_base_logreg,1,3,361,e09a2160df994ff65eac81266e80dbb544860bb0bf9a7322caeeaddef40d8ffe,no,no,0.5343345244427167,1,1
learned_hands_consumer,embed_base_logreg,1,4,362,7c408b03bdd1535120a56621fe2fc9d7c4ef4b22699b623e4970ee45767ebba9,no,no,0.8368592983016268,1,1
learned_hands_consumer,embed_base_logreg,1,3,363,c41ad8c362d3233072dfc9f51c09010958870b25d095046a29cc7e47cafd392d,no,no,0.6046092690410992,1,1
learned_hands_consumer,embed_base_logreg,1,4,364,67f538667db398f86344c56348d00c791c1ec9ac0aff37d556bb99dd32897983,no,no,0.8209791657182699,1,1
learned_hands_consumer,embed_base_logreg,1,3,365,ddf035db365fff2212de2488a54adb763abc3e92a2dad325570e9d3251388841,no,no,0.5117670893669128,0,2
learned_hands_consumer,embed_base_logreg,1,2,366,aee3ace2d8ef27f3660fab84d93dad6ad86bf221676864042357c5e92059a85e,no,no,0.9916142627374274,1,1
learned_hands_consumer,embed_base_logreg,1,1,367,9913f5e62a1afcba67bee35c05d650381598f5b2c1380d1bb2a0f2ae1cc63e6f,no,no,0.9260234763769546,1,1
learned_hands_consumer,embed_base_logreg,1,1,368,00c018554b47c9496be37e1420e4483569efc3e3631c681205edc2ebb9c5b095,no,no,0.7549479491271385,0,2
learned_hands_consumer,embed_base_logreg,1,0,369,2c68763833a784dd4f1a5569f0af102d4fcf6b344f917b9d6e68c91bf223385f,no,no,0.8501435391583512,1,1
learned_hands_consumer,embed_base_logreg,1,4,370,c585104773d1883d86927f2b034566efd206fde08fe7e1d63efcf06f6ecd9275,no,yes,0.5018408894538879,0,2
learned_hands_consumer,embed_base_logreg,1,1,371,7387a5e5fad938d7e99b2c7c1f6e1158d97aec42e8d1218a21f1bfbd2e5ccac3,no,no,0.9593608725237619,1,1
learned_hands_consumer,embed_base_logreg,1,3,372,8a778c2a7882c353ea19f4b4177b18f73596a4d0bdf7c066488b237259d5c92e,no,yes,0.5073070526123047,0,2
learned_hands_consumer,embed_base_logreg,1,2,373,66c80303be317d1ece0aedd4cef8d908db80607ebada9bb9e122cc5c60b05acd,no,no,0.8687422404995895,1,1
learned_hands_consumer,embed_base_logreg,1,4,374,844bffeb2e27126213a382107f2bfbd2eeb29a0aa34b39db7c237d94aa21dc6c,no,no,0.9691121867034491,1,1
learned_hands_consumer,embed_base_logreg,1,3,375,ecc85367e5cf37586c263dedf5b348a050bbdf6b9249645651c148dca3f30d6a,no,no,0.5281396946865411,1,1
learned_hands_consumer,embed_base_logreg,1,1,376,2e572efe17abde9794ed1ca8e76aab48311dffe6e5f091aaf53a537351a6ec4b,no,yes,0.560569167137146,0,2
learned_hands_consumer,embed_base_logreg,1,2,377,8339831d993a8f59979c34ab2a332854935bb45ade809ebc382fde5b95859c6d,no,no,0.9510710835456848,1,1
learned_hands_consumer,embed_base_logreg,1,0,378,42142d842605f05b949df18cb8a99bb35cb5a3e606e1f59cff43626743752be7,no,yes,0.8199389576911926,1,1
learned_hands_consumer,embed_base_logreg,1,2,379,84f150b50421abc72aea1ff2b9e810ed64fba7c4f9d5ac41a9be6e901d2ee310,no,no,0.98380377840411,1,1
learned_hands_consumer,embed_base_logreg,1,1,380,e87ddebafaf120552bd4e34cf6953ec369024fb7fc6e707e8c74058e178b1363,no,no,0.7547449357100586,0,2
learned_hands_consumer,embed_base_logreg,1,0,381,1338d4a9807f0d53047962b57d76cf583420487b44853e8aaab6f0d6d454688b,no,yes,0.7385032773017883,1,1
learned_hands_consumer,embed_base_logreg,1,0,382,ec007d3323dd2053bf052016919bc0af90796fa0ca1b0409c6082066ee97a50b,no,no,0.7451310157775879,1,1
learned_hands_consumer,embed_base_logreg,1,1,383,d2cd0e5ee933d888b506be5632aed8062b91258070bea77b00cbf7a570a68547,no,no,0.9601428365686113,1,1
learned_hands_consumer,embed_base_logreg,1,0,384,b6426951bbccc28e0d00959ce601a50cfdbc42f0b030169fc40a2d195b99f4ce,no,no,0.8506478197969172,1,1
learned_hands_consumer,embed_base_logreg,1,2,385,a7f2631f19f997f8dde0f842d8a44c6be3a43a0e33208d7f010eeb998aedd90a,no,no,0.7823296552202208,0,2
learned_hands_consumer,embed_base_logreg,1,3,386,ee780d03a703ecf7ba9c48251e78cd4e9b7af05645ad48fff61fa919cf492135,no,no,0.5167562365531921,0,2
learned_hands_consumer,embed_base_logreg,1,2,387,2a45a35e29096acb668fa0ef232d5755b039d19bbf414f441fa03b6c6964e833,no,no,0.9453335650910994,1,1
learned_hands_consumer,embed_base_logreg,1,1,388,db01549ee1c2f8c8cddf1988e9091c11b9c05afae796574b4aa7e58eeebe1ec7,no,no,0.9872673933816588,1,1
learned_hands_consumer,embed_base_logreg,1,1,389,63faab04056ecaa75521d5f981daa271b06f41399397a77f5b18772f7982501b,no,no,0.9073791110674838,1,1
learned_hands_consumer,embed_base_logreg,1,1,390,ae83caf06a839c78cbe1c040b85f5774b377a68c7cd5ca4e2df1e6b808f5c1b1,no,no,0.982678653640074,1,1
learned_hands_consumer,embed_base_logreg,1,2,391,9a3dd5e4246141a2e5cb3351f2f44bd41b29e28912043c8883ba1ee127ba989b,no,no,0.5488398671150208,0,2
learned_hands_consumer,embed_base_logreg,1,0,392,df2ca5f08012ee422366badb625b7e85f8f8d13eeebbc8ec9a4e52cb9755e245,no,no,0.9380214670595308,1,1
learned_hands_consumer,embed_base_logreg,1,3,393,77b2b7af3d2e7d92346d21688da079b282d2e31d80505b4c19a05b664ed10fb6,no,no,0.5710562297387055,1,1
learned_hands_consumer,embed_base_logreg,1,0,394,ce03177700db149631f5a0748437e3e8ce566671b3939640d10d100e63e3fd16,no,yes,0.6231428384780884,0,2
learned_hands_consumer,embed_base_logreg,1,1,395,a47f0ccc3396c563d1d54cfa509c381c6e8ffadc05e947351c2c88540f5992b2,no,yes,0.5528903007507324,0,2
learned_hands_consumer,embed_base_logreg,1,3,396,d28d9b72ec96132abafad4420752c4f56363e197e4763aacee93a17b42e571ae,no,no,0.5443670153617859,1,1
learned_hands_consumer,embed_base_logreg,1,4,397,c6571efea3285b8369d41b3dd25ef48c253a0e321fcaeefa5d4e89023afe6cd5,no,no,0.8316049327968081,1,1
learned_hands_consumer,embed_base_logreg,1,0,398,3f37d027870da81cb661495002a1a7fc86a664b28df5b372c3384fa16ab115db,no,no,0.9427479540659038,1,1
learned_hands_consumer,embed_base_logreg,1,1,399,1195fd2a250615c2ef282030a1bd1f0805e2944f0343faea81ddf121d0ccc994,no,no,0.978271598117771,1,1
learned_hands_consumer,embed_base_logreg,1,1,400,52755383856e91c2af9d9af2cb1b6b5e2474b17de3d5bc750e466a0cac60f774,no,no,0.9732232256960291,1,1
learned_hands_consumer,embed_base_logreg,1,4,401,79a5f35751c76695e1441ec78b28a225fca1c41ea9c82882b2fc5535aa52607f,no,yes,0.6482023000717163,0,2
learned_hands_consumer,embed_base_logreg,1,4,402,e8b28f4ace8f9d83a962e68403786fac2eb9f58c6f2f6f2fb4f640879cb943c8,no,no,0.9422267149554693,1,1
learned_hands_consumer,embed_base_logreg,1,4,403,49b50604e1e593b1474257b9770d20e0a60ddcf54a8b6890e153124f746b8275,no,no,0.8334114303168229,1,1
learned_hands_consumer,embed_base_logreg,1,3,404,9d7dcd2eae72e13950ca10701a907c961252af1dd61008203f0937eed002f2d9,no,no,0.5605475306510925,1,1
learned_hands_consumer,embed_base_logreg,1,2,405,3f5ca9261b2891516e2a5d24447411595d9562c1ff20862e0b1016f7ff1c32e4,no,no,0.8558031065522699,1,1
learned_hands_consumer,embed_base_logreg,1,0,406,4e20b69b4d085a8af12bd1e5f9d7e6232d82ab680cfc25e9a64195c6513cabd3,no,no,0.55754554271698,0,2
learned_hands_consumer,embed_base_logreg,1,2,407,9000d55fade254c6ca05e4c143c5341da66479eca3cc7fcba053382ab0a06d2f,no,no,0.8584810751223885,1,1
learned_hands_consumer,embed_base_logreg,1,0,408,1d4a66a5ebbe0fede76d2d78db8f5fc9f6c99b17daeca5cfecf1d41b10cf80b1,no,yes,0.5666913986206055,0,2
learned_hands_consumer,embed_base_logreg,1,3,409,c6ab1cc27fcf3c46640e8614bb3cef65334f694f0dc7ebf7c14f0f95ff582cff,no,no,0.5658811926841736,1,1
learned_hands_consumer,embed_base_logreg,1,1,410,2808314a91f63cd0f210000ca0d99e536b41a5ef2a38b09b99706154ed097563,no,no,0.5356916029545187,0,2
learned_hands_consumer,embed_base_logreg,1,1,411,add411cc48fc3dd30ad7eef9eb447a04c306289987db61ee0f1a60eec669366a,no,no,0.9560137880293974,1,1
learned_hands_consumer,embed_base_logreg,1,1,412,c5e98cba61f5b7e99d394fd52e37b44f2fa2d4bd59a64a4fa6df5eb9c7d968ee,no,no,0.9165067008397974,1,1
learned_hands_consumer,embed_base_logreg,1,2,413,b065f229dea495ea981117badbe33bbb78f927032d079f6b45b57b9ff319ee3f,no,no,0.9653661775189177,1,1
learned_hands_consumer,embed_base_logreg,1,1,414,ba9af4f96d08829a0c9ec6aba9efeff3a00a2093dfdfbd72c8bd45f2bc9e6a69,no,yes,0.5690776109695435,0,2
learned_hands_consumer,embed_base_logreg,1,2,415,5d18d68c26e2f66f512fe9593484b459f2bcea6aa210183c392cf7ad40ddb4f4,no,yes,0.6354531645774841,0,2
learned_hands_consumer,embed_base_logreg,1,0,416,e78402c565c5685cfe8d6f3023b3e7d2a6cacb870295e754ff3c7bd88851a1a7,no,no,0.5018936991691589,0,2
learned_hands_consumer,embed_base_logreg,1,1,417,83791c54b327f91dec027e1575b5e0d327a0464147f41406fc441098e5403ca6,no,no,0.9886485273758511,1,1
learned_hands_consumer,embed_base_logreg,1,2,418,2054be735fa66a7be473f7d8d284cc496f2873f3c0ac26935232ccd60f9de832,no,no,0.9546730731727124,1,1
learned_hands_consumer,embed_base_logreg,1,0,419,bab1e0749854088c9ef136c8cc309c034a76a764cfc21fc0ff53362e4861636d,no,no,0.8904938168115453,1,1
learned_hands_consumer,embed_base_logreg,1,0,420,27beb276d0fba5a8e870d21c77162c178327fc1ad4e1c391cbb90aa0b33604e5,no,yes,0.6101880669593811,0,2
learned_hands_consumer,embed_base_logreg,1,0,421,a1f504238378627ada42e6b4a5188dc174b5f75652a150163843892064abb22d,no,yes,0.7213061451911926,1,1
learned_hands_consumer,embed_base_logreg,1,0,422,a005428946110152b42b0ec6663ca35a25f83f6d59f5b03454dc6b5ded6ed03d,no,no,0.9881211767711414,1,1
learned_hands_consumer,embed_base_logreg,1,0,423,9cbbae94185f89046b6054bb9bccf79344fd2aa88fe2a30fc15f75d34aacbef3,no,no,0.8291305180023534,1,1
learned_hands_consumer,embed_base_logreg,1,0,424,3be047961cac24031e53731a39990092e5be49c19c1bf50858f360635095935d,no,yes,0.7731860876083374,1,1
learned_hands_consumer,embed_base_logreg,1,0,425,ce81291a07edef587b6b3aadc6149395b531a8bc2ccd91e5c553fafdef0a6317,no,no,0.5705093741416931,0,2
learned_hands_consumer,embed_base_logreg,1,1,426,e39dbe75b89613b758ebfbe9bb10832f0a92b0a0f06161e751f68ee02db8bc9e,no,yes,0.615746796131134,0,2
learned_hands_consumer,embed_base_logreg,1,4,427,77f8b279f1b0c7568831f06897e485c63de90d157e9f5bdffc950d8b5339b76b,no,no,0.9534085846929463,1,1
learned_hands_consumer,embed_base_logreg,1,1,428,196d1c980028958aa696f055758fa3b2f6507b7e90205d1bb8c1232f9ed33879,no,no,0.8625147938728333,0,2
learned_hands_consumer,embed_base_logreg,1,4,429,867ba8abbec80d2ad80edb9dbea0eda8dc5dcbafdfbe36aef9c42b95537f0f61,no,yes,0.7085492610931396,1,1
learned_hands_consumer,embed_base_logreg,1,0,430,72af3f1cbcff79519e8d830ce39f1aaf8bc7b8e3c6a420f8e0cd0db3ab43e396,no,no,0.9530832625466099,1,1
learned_hands_consumer,embed_base_logreg,1,3,431,8ccfee9549ab36622cbef033779481a4709533ba1916a502e4daa4bee8356d6f,no,yes,0.5008589029312134,0,2
learned_hands_consumer,embed_base_logreg,1,1,432,f86e733c4aa27750c91274e7c1d24ef7fdb6886dedd3cd183e02ae97b21b71a1,no,no,0.703850605969113,0,2
learned_hands_consumer,embed_base_logreg,1,0,433,4e5a84a0e6bc8a79290a97622c2e27f93f35d3bc1d958a174621ce41587bc723,no,yes,0.7241318225860596,1,1
learned_hands_consumer,embed_base_logreg,1,0,434,60115ad7adfb7cd44dc9d3974fa6e91f75d4314b459afb6ad7cf046ec468f5d0,no,no,0.9593309688617961,1,1
learned_hands_consumer,embed_base_logreg,1,3,435,c2f8f30d2f33de3ff6d230fe420907389008f3f32d850a0d46c02bed9d4d96a6,no,no,0.5847569108009338,1,1
learned_hands_consumer,embed_base_logreg,1,2,436,c260b7498f71fe45f1424fd2b9a9839f565e405a7d4dcec0225cc32b31aa3ddf,no,no,0.5433682799339294,0,2
learned_hands_consumer,embed_base_logreg,1,2,437,946f42d7871538b510e3f3addcd2c214d51128c8b0d1497d15b7386ba0a1356b,no,no,0.7470638974626034,0,2
learned_hands_consumer,embed_base_logreg,1,0,438,2ccf77520a102a3a7f63b623e6874716be7a1cf26d8c0f666f6e7470e9e4c438,no,no,0.7110843062400818,0,2
learned_hands_consumer,embed_base_logreg,1,0,439,a701c75cc7ffd4dd2d848114d88c55877c21ca6bc554b06f7a780af98fdede78,no,no,0.8892014026641846,1,1
learned_hands_consumer,embed_base_logreg,1,2,440,1512241f1c901913c1bcb63d7c6958e6e29007920502c9eb4c9eb5dfdc429779,no,no,0.8449461711927108,1,1
learned_hands_consumer,embed_base_logreg,1,0,441,8efb01893e2894f9a68dd4abe86e1aa3273c502cb488596dc29f5385ecaeb2c7,no,no,0.8812208241315247,1,1
learned_hands_consumer,embed_base_logreg,1,3,442,1d2a94502aece3443e17b2cb63dfe225b7a8aeebd081ddb65e6bb2f671212a17,no,no,0.5022820084607003,0,2
learned_hands_consumer,embed_base_logreg,1,4,443,0163ad6ff34e85877a0adf35a59c1a346599711f69d7bf4891317aada189c78b,no,no,0.7342621684074402,1,1
learned_hands_consumer,embed_base_logreg,1,0,444,8bd8da3916ab6140c8983ae16bcdb2e8e857d786d5b0a809729486e67a0812d0,no,no,0.9907649067159285,1,1
learned_hands_consumer,embed_base_logreg,1,1,445,04302b33dfe27e60dab505555f6ba88813973ef1386f0c8b08205ee51891f0e6,no,no,0.7339103440615637,0,2
learned_hands_consumer,embed_base_logreg,1,4,446,1afd1fc0fa21504408f161026b0213f082b591b552e5a77213bf65d60bf4612b,no,no,0.9234717098654444,1,1
learned_hands_consumer,embed_base_logreg,1,3,447,d1d3852aceaedd7f13c819c848f14ecc6dc897da4bfa78ed063ef32ce2ac63d1,no,no,0.5044251680374146,0,2
learned_hands_consumer,embed_base_logreg,1,4,448,04a31af43a0322d4e234770268a71818baa3b9f7193dc123c6ce1e4fb24f3e72,no,no,0.8630822768348116,1,1
learned_hands_consumer,embed_base_logreg,1,2,449,a8e84a61c494345c5650ad8117693f333deabc9e041a3b4a22aa1d06393231ed,no,no,0.9581494927406311,1,1
learned_hands_consumer,embed_base_logreg,1,1,450,0854abafaea9b69c2c49c5f64e9f3c95f596dea3588670571b1ed57b744f59a5,no,no,0.7182320570418852,0,2
learned_hands_consumer,embed_base_logreg,1,2,451,9f25eaeb6f65236347aee880ca9534bfc163ad085b06fa72eeb67b405f5f1d62,no,no,0.9657828591961519,1,1
learned_hands_consumer,embed_base_logreg,1,2,452,cbfecefec8a53e69aa8f367aea02a4727b7ee5554da9e45a38e31f065cc3c169,no,yes,0.9920669794082642,1,1
learned_hands_consumer,embed_base_logreg,1,0,453,bc4a406688a7b5efef17bfb1b4edbc67f35a63b3de8702b8068df824d666583b,no,no,0.8641123304383804,1,1
learned_hands_consumer,embed_base_logreg,1,0,454,1c6dd5d561b55e7031e5f2adc0da0e9723f06c4b23e08e8904fc1e27c13cd9c6,no,no,0.8077847241195333,1,1
learned_hands_consumer,embed_base_logreg,1,2,455,932d945f027160e21bfd51184d91d8727cfdf60e72226309e7516cc368fdc515,no,no,0.9649600242829319,1,1
learned_hands_consumer,embed_base_logreg,1,3,456,27da743642e6fe9e9f70f9ff5b3c8febcdf419aed6c38e5e67fa09294c9d6ab9,no,no,0.5406320095062256,1,1
learned_hands_consumer,embed_base_logreg,1,0,457,74043fddd5dce444be8d653b1c6f225528ef532997c766cbce4e5c660ade622d,no,no,0.877631293570529,1,1
learned_hands_consumer,embed_base_logreg,1,1,458,f417273fdbac343a73e3321b40e14d3eafed51eea5cb6c8b788b4ea1eb0afd8f,no,no,0.8570671677589417,0,2
learned_hands_consumer,embed_base_logreg,1,3,459,df68371ca953f13c782ca05591a597acc4b878650efb047c1d8da558f203219e,no,no,0.5544987916946411,1,1
learned_hands_consumer,embed_base_logreg,1,4,460,5a1f2ce82b72f9c1266df09ac2c4d257aa3bee8f5b3972e0fc839db712595ca9,no,no,0.9092848436427838,1,1
learned_hands_consumer,embed_base_logreg,1,1,461,0b54969a9e57430db4a328e94f100a2c17ce2ecd53896ee28aa064697a2b1d8d,no,no,0.9483470144058203,1,1
learned_hands_consumer,embed_base_logreg,1,2,462,0bab903026b7c3c9333fbe20f96dcdd314852e6516b76ab0c53d206790eefac6,no,no,0.9910174242923367,1,1
learned_hands_consumer,embed_base_logreg,1,0,463,41fa77f140f955deec510a2825da39c611b3256f06db66f38fab47e7b78d20da,no,no,0.9130403399467468,1,1
learned_hands_consumer,embed_base_logreg,1,0,464,2425edeaa0bb4c18efdb8f3cf3549bd1e238423ef48243512eb592127b04ee0e,no,no,0.5707907676696777,0,2
learned_hands_consumer,embed_base_logreg,1,3,465,987eae7153585e7a2a0d88ba16f6807b131129542c68eb9138781ebed69e8cc2,no,no,0.5333583950996399,1,1
learned_hands_consumer,embed_base_logreg,1,1,466,b24b2625eafa8e1b32b1e246012edbc8db39764b08f08c67c920f3b3350fe9ea,no,no,0.9107226133346558,1,1
learned_hands_consumer,embed_base_logreg,1,0,467,35b9bab2880db0b2d36d825afd233bf57bda9e5eef479a37b70a41a36c5a5879,no,no,0.8414037102251692,1,1
learned_hands_consumer,embed_base_logreg,1,3,468,6f958da8adbf8531a95cda9abd9c5210f97bffa964d37b7cb0442bcb31d14c37,no,no,0.5360860984351068,1,1
learned_hands_consumer,embed_base_logreg,1,3,469,9e30b352d1c79225ed762c8ded34d155a8f1a9acb805c8f881ea24631aafaca6,no,no,0.6209813541466401,1,1
learned_hands_consumer,embed_base_logreg,1,4,470,6b2d81f7309dbbad5fd9af0af6a0d5e5c76e6ba2b87feadee3468b273edf16ad,no,no,0.5214431285858154,0,2
learned_hands_consumer,embed_base_logreg,1,3,471,eaaf0b7320c280140ad331ea0601675c5fd7ff6a885286c80d46ea113a3cab17,no,no,0.5885775264673688,1,1
learned_hands_consumer,embed_base_logreg,1,4,472,4e19f210464ca73a7f7a58cd3218cec482dee93c4f53abed18732ac581733e3c,no,no,0.807111752139207,1,1
learned_hands_consumer,embed_base_logreg,1,1,473,4115fad9f9b83db5ecb78a9be61669ad1018516abc1227f075d62f7563f98f22,no,no,0.9732962141935205,1,1
learned_hands_consumer,embed_base_logreg,1,2,474,f0cadb5492e0ec183a3a3ea7616ae472ae6eff8bbcd445c563fa7c23da261ca5,no,no,0.6887112259864807,0,2
learned_hands_consumer,embed_base_logreg,1,0,475,531a57b154dbd769d4108e15531d27140a960b9c18d233351c7d62f188b8f6f1,no,no,0.9339907030166581,1,1
learned_hands_consumer,embed_base_logreg,1,0,476,8fa4139dbe239bba25434909e55f2fa80c50269832bb68550d65299db5619836,no,no,0.9502919351692942,1,1
learned_hands_consumer,embed_base_logreg,1,2,477,9aec94ea158756c81b27ab95c8b331de3d51619d6ed22d22437d837182c56810,no,yes,0.833449125289917,0,2
learned_hands_consumer,embed_base_logreg,1,1,478,dc31283a842264461700a1d07d553bc3be03295a75df6770fa6c06015b16fc4d,no,no,0.8764599561691284,1,1
learned_hands_consumer,embed_base_logreg,1,3,479,d8bcfed355b99213c89ac1a9ff427c6c4b1ed05f140ef324e243fdff43ed062e,no,no,0.551177756523423,1,1
learned_hands_consumer,embed_base_logreg,1,4,480,01de597cf467f8e74cdcd5967327e64399908a15ce5348852dd9dd952a970715,no,yes,0.7496147155761719,1,1
learned_hands_consumer,embed_base_logreg,1,3,481,6d3f546cc7e65f909112f42a52f7c36c1144c6845909f5c0f68d093fbfcdd8fe,no,no,0.510539785341614,0,2
learned_hands_consumer,embed_base_logreg,1,0,482,76ed3dfb2ec9e6a39f0bdd9bfc8057cdacba2af71015e9bdb02dc0313489169f,no,no,0.8489703409527192,1,1
learned_hands_consumer,embed_base_logreg,1,1,483,931e120b8c3a8979cf4a37513bfbbf87c5b064b350a60733e2408dda7477646e,no,no,0.9921270105254558,1,1
learned_hands_consumer,embed_base_logreg,1,2,484,cecaae8addd481078cd53a5a69e5d8da4b6a98a516613269f4137b01782983d7,no,no,0.9198527932167053,1,1
learned_hands_consumer,embed_base_logreg,1,4,485,b07d2a4ff6a8dceaa18e35705a350c09b7e7f46cd67cf1e630b3cf325c46cc0f,no,no,0.7323876401070464,1,1
learned_hands_consumer,embed_base_logreg,1,3,486,012a4657825e2d7e50ec63501a9322690acfd4226e288797e79c2df8d26962ba,no,no,0.5631233285926781,1,1
learned_hands_consumer,embed_base_logreg,1,4,487,20b699538b4fb5aba69b8c97153f171766a2c4674e8e33eac9eebb1206529fe5,no,no,0.8470924153057461,1,1
learned_hands_consumer,embed_base_logreg,1,1,488,c837c365cb2af81ad03b9121ec3ef43ab40d330362b3b4a17acbdc6fe37d85d0,no,no,0.9716024235926162,1,1
learned_hands_consumer,embed_base_logreg,1,1,489,ed3eae30ccd079f9f129d55e81fae1839ca02ea3e96d61c56b1ccf55fe84687e,no,no,0.9441842962489702,1,1
learned_hands_consumer,embed_base_logreg,1,4,490,18d65e6e4ac267b954fab721a8d2cabcf4346e461537cf69de5e72f51a7c5a79,no,no,0.7102735042572021,1,1
learned_hands_consumer,embed_base_logreg,1,2,491,1de0c196d21d27621ca7c6e1b0386331881a85a41a05c700ff3c5d698d48eaae,no,no,0.9834949896969274,1,1
learned_hands_consumer,embed_base_logreg,1,4,492,daaaa7023a2b99c5064d440cbb801b79c0f04aca364a814e84dc1c4dfc3865d0,no,yes,0.5497356653213501,0,2
learned_hands_consumer,embed_base_logreg,1,3,493,ba5d6e2c09e4d63bb1beb689879578b510654791dece0cda170619655fbe60bd,no,no,0.5356210310572078,1,1
learned_hands_consumer,embed_base_logreg,1,4,494,0769d7b7837170d8be575bfc0f6247cb8aa473af2eea89363f68c41a10d2c7e0,no,no,0.9110702411989904,1,1
learned_hands_consumer,embed_base_logreg,1,4,495,cc8b2d0978320bbe51dc5e4b1de74ef4b9b277de2e23e12d234df5eb07e460e7,no,no,0.7656767850268367,1,1
learned_hands_consumer,embed_base_logreg,1,0,496,e613741978772ff2af35a8e2703f6574aa51e0f59b958d0ac40bd784a691696c,no,yes,0.5177156925201416,0,2
learned_hands_consumer,embed_base_logreg,1,3,497,30fc1431cc1bd1aa3cf2160a194f94ab74b259ec3b1a245d9a44d4c7cd36702f,no,no,0.5925256190456635,1,1
learned_hands_consumer,embed_base_logreg,1,0,498,3e84f9a77980c8201610e1fcd383fac5825e27ba6d5747b53d07a15d820d1826,no,no,0.727118968963623,1,1
learned_hands_consumer,embed_base_logreg,1,3,499,45f440261959716e956eeb1411ef4686bed9e9775d8fda7f31816a338fa7aa25,no,no,0.5838740468025208,1,1
learned_hands_consumer,embed_base_logreg,1,2,500,3369d09eaa0b33274bebd84d0cf53afc9ebc6dd6dbc8f7ea6cdc98d71324c90b,no,yes,0.5326597690582275,0,2
learned_hands_consumer,embed_base_logreg,1,4,501,310cdecdcb36d755a158b4b234f965e433bc5d653ce95ec34814c492542b6e9d,no,no,0.810046911239624,1,1
learned_hands_consumer,embed_base_logreg,1,1,502,3f4cf00bdfec2adfe98cd9ed014b1bda2da6b65d534ee0ae60f5a1f4cc7d8bed,no,no,0.988597480261628,1,1
learned_hands_consumer,embed_base_logreg,1,0,503,bb5add493ea70afa2c752943a32010d534375afbf274f76364f5fd08c8551486,no,no,0.5106528401374817,0,2
learned_hands_consumer,embed_base_logreg,1,3,504,04a671661b4a945504156fd0073b7bf79e85f7d32382c0d0180634ee46e850af,no,no,0.5623950790645158,1,1
learned_hands_consumer,embed_base_logreg,1,3,505,fd1fe8184fbcfa582a0b2176a6b8d3a33eb68e84c3e941c4565a70212f082b27,no,yes,0.5644237399101257,1,1
learned_hands_consumer,embed_base_logreg,1,3,506,231ee3f5f275519cba825473068fc96cf01d3913b5d14fb747b2bda5abc8ab6f,no,no,0.5683134198188782,1,1
learned_hands_consumer,embed_base_logreg,1,2,507,6739991faf5aa8fa1e6c64dd6d08390a1287fc09742cac2994b33432d5338df2,no,no,0.7901717902694376,0,2
learned_hands_consumer,embed_base_logreg,1,0,508,37ec98dd44986f754e0baa73863d4c9210b359d2ba344ae645cbc8abb39da92f,no,no,0.9499437071391388,1,1
learned_hands_consumer,embed_base_logreg,1,0,509,b49a2505659c683cb11a3df13847ac8045a46adfd8192d2c76391a8803a1f4c8,no,no,0.967579498403959,1,1
learned_hands_consumer,embed_base_logreg,1,1,510,a8217fa585bcf051c42ce021792455104c0b30538cee9d1851b1d4287e25e0f1,no,no,0.9498970437802594,1,1
learned_hands_consumer,embed_base_logreg,1,2,511,e9985a996c1b2327f2216eff3e962fc84a378f193e0d95ba12e5529bf99d15a9,no,no,0.991086080537529,1,1
learned_hands_consumer,embed_base_logreg,1,0,512,df1f494b116ab1943fdfa5b41fa750c836fe604c800651280911f0dc4580a3f8,no,no,0.9510906970169049,1,1
learned_hands_consumer,embed_base_logreg,1,3,513,be04d6d56aebd1e9f64044842226e835ae6154a25190109a1e2e0693bee8e9c3,no,yes,0.5003749132156372,0,2
learned_hands_consumer,embed_base_logreg,1,4,514,da3a06f0dd47af3a2b4ad51ae4de160a3f203e163224d6995c3218e0611096d0,no,no,0.7058849334716797,1,1
learned_hands_consumer,embed_base_logreg,1,4,515,5c56a2375937744f352e8a6ee8be863d82c01648dadf59d6e0540e4d4cd3aa63,no,no,0.957555497821005,1,1
learned_hands_consumer,embed_base_logreg,1,1,516,77ff7a6cc1e79bc95cfd0df1cf2351b19e130cc482374a04d5967c1a85d54773,no,yes,0.5007506608963013,0,2
learned_hands_consumer,embed_base_logreg,1,3,517,4a00c73ae7c6524fa4c17e987d72c3f6fa272236cacd79ed166db4d45eebb2aa,no,yes,0.5030395984649658,0,2
learned_hands_consumer,embed_base_logreg,1,4,518,57d7010f1071da7d8e1852e639021c19ce4b58849818194549f19da7d793ed5c,no,yes,0.6989391446113586,0,2
learned_hands_consumer,embed_base_logreg,1,3,519,b0346537dd7db9e6927d457dddb797ca2160ccc494e76289b9cefcedf036ceb3,no,yes,0.5458884239196777,1,1
learned_hands_consumer,embed_base_logreg,1,4,520,c2be9f06745a8c52db0133bd1fd943903f7fbaa625b0d3d34c2fce9d0ae875e0,no,no,0.9492178700747769,1,1
learned_hands_consumer,embed_base_logreg,1,1,521,75d05aaa2c22410aa8b7fffcafce5468bcd99117194cefbea4e1ac86f5f351f4,no,no,0.8788949978186935,1,1
learned_hands_consumer,embed_base_logreg,1,0,522,db05d6507e5e3fa1d10142d3d8a1447182ad4bbba3e4a8370275f7fa482603f1,no,yes,0.6630669832229614,0,2
learned_hands_consumer,embed_base_logreg,1,3,523,0cd164612e455d558e41fa9eeac7cdf9afda934ca9be5ff6ca58723a0d4f1a00,no,no,0.5524299740791321,1,1
learned_hands_consumer,embed_base_logreg,1,0,524,64748ff82f5a0b3935c4b036e55eaa3dedc4952ea2df451bb4489eeb560981ca,no,no,0.9628641188678168,1,1
learned_hands_consumer,embed_base_logreg,1,0,525,b84cafbdf8906d4952f89b6677c260f193b288cde9bd9a044da00429a5c1788c,no,no,0.9767772969458756,1,1
learned_hands_consumer,embed_base_logreg,1,3,526,c2c2b5dbf3e12a911a20a8938927cbc7333ac84a79c8659cefb4366be01ff7c4,no,no,0.5695833990101994,1,1
learned_hands_consumer,embed_base_logreg,1,3,527,60c6f915b166a49f3d467e29663aefd916fdb4febc3aed6e9f86dc861d89cdb0,no,no,0.5742699928799274,1,1
learned_hands_consumer,embed_base_logreg,1,1,528,5b8d9992b62967320c49f0330151d6b9b87e86c8b4abbfb6622903ab97a5142b,no,no,0.8463941216468811,0,2
learned_hands_consumer,embed_base_logreg,1,4,529,57d3ccebff848e81befa244f69489b9a171ab42168f6bbc6325439c85b7b0df5,no,no,0.8202205651932787,1,1
learned_hands_consumer,embed_base_logreg,1,3,530,dcc018d1aaf56509688079bc8783b9b23e0de1b677409b02d41284d2fca9040c,no,no,0.5295839309692383,1,1
learned_hands_consumer,embed_base_logreg,1,1,531,4d5492ff6e79ebaf69bd06ebbeabe63809050a927815a156c8a8972229eba0ba,no,no,0.8633503317832947,0,2
learned_hands_consumer,embed_base_logreg,1,2,532,ca3ecf1c1ef162d48d1f7e17896f1037dde115892608733e846ec86140631f89,no,no,0.7054154662664096,0,2
learned_hands_consumer,embed_base_logreg,1,3,533,0305a9b842d8022160096d7a46730fab12122cf58393b7bcfe6ad6852162bdcb,no,no,0.6175817847251892,1,1
learned_hands_consumer,embed_base_logreg,1,4,534,3d57a7bd684e91a426d743d44a7a8feae1ccc11b7320dc7c64cdfff7f5651caf,no,no,0.8776906794137558,1,1
learned_hands_consumer,embed_base_logreg,1,4,535,f5d5f15ce9ba190a7120001abc42f1cf21e20e7f2a019fd07a91090882dbd6f6,no,no,0.9207294904968294,1,1
learned_hands_consumer,embed_base_logreg,1,4,536,903fd0d792e220feea54ad37c84686d6e6b8e59535fa16d13bc36658f1fc28c8,no,yes,0.8315461277961731,1,1
learned_hands_consumer,embed_base_logreg,1,0,537,9d9b4526cbe24d2a6f2890adb86aace884014a95851e78352d3f4ff1cdcc50dc,no,yes,0.6325895190238953,0,2
learned_hands_consumer,embed_base_logreg,1,2,538,30a2b5df9ae4ed2e010f7c2d068372ace7e2577350940484bb48430ae9ea7278,no,no,0.9145464096692262,1,1
learned_hands_consumer,embed_base_logreg,1,2,539,14dd48f8f89acc71cb973a464b51478fbbeeac5361ae069ccdf18c010692573b,no,no,0.9497931422704246,1,1
learned_hands_consumer,embed_base_logreg,1,3,540,60cec153bbc5f214e7135f4d89ed8528e27743234f4739a1eb92e34f1ff44d86,no,yes,0.502490222454071,0,2
learned_hands_consumer,embed_base_logreg,1,2,541,5588471057013e09e22216f158d5fbdc584f612606d94687c13be4b2e55f5896,no,no,0.6811923980712891,0,2
learned_hands_consumer,embed_base_logreg,1,4,542,dc192552b483d0ac3a6d1651b8e21b40837a9426816d9e3f64498e131d76e734,no,no,0.6967179179191589,0,2
learned_hands_consumer,embed_base_logreg,1,4,543,f1f6e92601fdf06f7ca1a57e7556c20884dc45c096f396b9e825f5e32c0f7a59,no,yes,0.6246457695960999,0,2
learned_hands_consumer,embed_base_logreg,1,2,544,3c76189ba90d25579e258776ba63c3c30d8b7d53a978703cf331ee251b4e5890,no,no,0.8703935612679488,1,1
learned_hands_consumer,embed_base_logreg,1,4,545,43a6bc4480553f9b0a214f75f6d48c8e8ce7abc4b7be882e01a9e9df8108a1b0,no,no,0.9199958443641663,1,1
learned_hands_consumer,embed_base_logreg,1,0,546,3da37e63dffad75b2ee9a58d491a68e212af0b7d71ac858045a8657165bfadd2,no,yes,0.8454628586769104,1,1
learned_hands_consumer,embed_base_logreg,1,3,547,58137e64ac41ed8e7e81d207383d87b5226b5658728837915a21ffd225d0754b,no,yes,0.5024348497390747,0,2
learned_hands_consumer,embed_base_logreg,1,1,548,c9760c7df4fc3eb826bfb31e080137911ab35ae7f2295614373536be38ff7a63,no,no,0.8531592361158247,0,2
learned_hands_consumer,embed_base_logreg,1,2,549,f68d2b36b0aa1fe05ff7cfefd1bef8b411b59bfd2547573231a9358ce4a847af,no,no,0.6841486692428589,0,2
learned_hands_consumer,embed_base_logreg,1,2,550,9d038dd0243eecf6b7473c2626d4e82af31cbb7798372022403db2c53aac85c4,no,no,0.718863308429718,0,2
learned_hands_consumer,embed_base_logreg,1,2,551,1f966f4c818ddbda27cb669513c943ee46d73d5252c0de4770bae3e0b1407c6b,no,no,0.8400078541041591,1,1
learned_hands_consumer,embed_base_logreg,1,1,552,47f5ff1d7bfe7621611a502c23a7ceff9d308e2a1dabd5f29755fb341ed42da2,no,yes,0.698498010635376,0,2
learned_hands_consumer,embed_base_logreg,1,2,553,d4edcad2012a13062a63322c80d9dda6748d539f3ccc68a8ca8515cbf779e532,no,no,0.9298901946122156,1,1
learned_hands_consumer,embed_base_logreg,1,0,554,ba2d5b4602e83fd349fad98b24b38a99bfe1443da99a67d27ba98c8d58a7b182,no,no,0.9544683979293227,1,1
learned_hands_consumer,embed_base_logreg,1,3,555,a6dd6a0f17139acfd501f939d766455a6f082f486b04d50843f5897c950f5a6b,no,yes,0.5538362264633179,1,1
learned_hands_consumer,embed_base_logreg,1,0,556,a1ec095ee15753680fa1dcc2cbce2e048c960c54a4c671af2b889ff01c2a78b1,no,no,0.7379596829414368,1,1
learned_hands_consumer,embed_base_logreg,1,3,557,f50ac2f7ee90df358f730bee0cc541912730af6dc27f334b51ce011788751780,no,yes,0.5039937496185303,0,2
learned_hands_consumer,embed_base_logreg,1,1,558,6dbf7b018c755e5418a5bb8020c0e3e0b3b6c2802141270907880a6f7cf37e03,no,no,0.9886651681208293,1,1
learned_hands_consumer,embed_base_logreg,1,2,559,8028cfbd1a2e6305634a58811aaf0ab86462c0aba3c14fb71b4e2d5c466e76ed,no,no,0.9523030306629159,1,1
learned_hands_consumer,embed_base_logreg,1,3,560,9a51675376b7b3914122130018ee7839fc678cd936b6b9ab2de64d3095595d93,no,no,0.5312559446318166,1,1
learned_hands_consumer,embed_base_logreg,1,3,561,46db7874bb17bd0bfc4da9f20d511677c89d9d72e7616f5d2fea321d16a4d2c8,no,yes,0.5150924324989319,0,2
learned_hands_consumer,embed_base_logreg,1,4,562,703e4efa32ffec639b9f5832aba111107a1d6a46aa78b9f0bcbf55786e115a58,no,no,0.9027453199438054,1,1
learned_hands_consumer,embed_base_logreg,1,2,563,7deec0af5174e4beb0d092237b7a51ba2fdd2750e9d0d6b70fc7c0a7dd3274b5,no,no,0.9686009107418189,1,1
learned_hands_consumer,embed_base_logreg,1,4,564,9f89ce31649f5aadaf8602b1ec128212bc82f53bdd4b070be2656d39389bfd3a,no,no,0.5630265474319458,0,2
learned_hands_consumer,embed_base_logreg,1,2,565,52c676261b9c0ec1700eb1af704f89bafe5d3cc2fcde6e3e53ec8d62cdd6d2a4,no,no,0.8808466392944747,1,1
learned_hands_consumer,embed_base_logreg,1,4,566,46c570bb238fa00c335738e90e9894fd264ea59da9a43983805ace67cda3babd,no,no,0.9152208362097851,1,1
learned_hands_consumer,embed_base_logreg,1,2,567,0cce10f57330f13a1fa4583d7fcbaea0ea54631244d26f8a6d66cacba2bc5e86,no,no,0.8378628617206643,0,2
learned_hands_consumer,embed_base_logreg,1,2,568,23d530283c7fa6d23eb17ed2448ff4204346f82e1ff6bba839e171c25a835f45,no,no,0.9748911116288437,1,1
learned_hands_consumer,embed_base_logreg,1,1,569,1c260489f250e26aa71f0f67af2d93564ae951b62570cc33391ef77909e9ff99,no,no,0.9703649571646737,1,1
learned_hands_consumer,embed_base_logreg,1,2,570,a069da037392da85deec01ab7ac053f17bb4d2f8fef4cefb41ffe8b522d078f9,no,no,0.9743722044886194,1,1
learned_hands_consumer,embed_base_logreg,1,1,571,524bb5bf6132a668b140a529e1e06fd9231839d3f515499d615f2e3cbc7aed03,no,no,0.9280184230798952,1,1
learned_hands_consumer,embed_base_logreg,1,2,572,698a24f5972ce2399e34b386818b23e9f4e394b92851cbbbd6edb8b88c1afd5b,no,yes,0.8872215747833252,1,1
learned_hands_consumer,embed_base_logreg,1,2,573,49f564d4ddfce6dfcee859f3e9357c9ab50ff9c0235c7f8261f86942a80bdb88,no,no,0.9818361511286663,1,1
learned_hands_consumer,embed_base_logreg,1,3,574,3ac0c82ca7beef115b86522a5f5f46bd39ba3538af171995361348eafd9b9e20,no,yes,0.5153828859329224,0,2
learned_hands_consumer,embed_base_logreg,1,4,575,867d8d7d603b8ba49fd2224d4e9a4e31af79cb37a9eadbd99a914e0587a6e215,no,no,0.7220855736110934,1,1
learned_hands_consumer,embed_base_logreg,1,2,576,85d2a625103432a6e270c523b2b82873753c1aadea3a856047d52d54f77d7fec,no,no,0.9233568517123949,1,1
learned_hands_consumer,embed_base_logreg,1,0,577,710dc3cc876b848944aa42d1a09e59b9090754a8d9bd4a8ec6a95c1d915c9b4a,no,no,0.6921000480651855,0,2
learned_hands_consumer,embed_base_logreg,1,3,578,085d8a8bf0abb16a3a525ab8ae49de081115d9b133ea5c0286dcc920fa1332ce,no,no,0.569210784709775,1,1
learned_hands_consumer,embed_base_logreg,1,2,579,b22ac3b6da6efba6a1c054601441ac802d6282b2f6c93b97b3f41378a9f9df7c,no,no,0.9820866906432428,1,1
learned_hands_consumer,embed_base_logreg,1,4,580,a0a8970a8f7abab6606c6c0dc4e4ed89f48960d36710902cbf788bcae8d59835,no,no,0.9392001418948142,1,1
learned_hands_consumer,embed_base_logreg,1,1,581,c830685ae56b6f1b2910c6ab5de01bdcf3e93705d4ae3850481e9ae6a7ec59c8,no,no,0.991125915430928,1,1
learned_hands_consumer,embed_base_logreg,1,1,582,a2b8614a6474da04bbec6a1b3421b6c93d315cc44e8958073d1b9652801f4710,no,no,0.9843470600895146,1,1
learned_hands_consumer,embed_base_logreg,1,1,583,2fd3a1b7a973326e591034aa7863f5b09e42e05bb1e3f9d6cc311428d449d4f4,no,no,0.9468520389517997,1,1
learned_hands_consumer,embed_base_logreg,1,0,584,f221ac70290bacf70893417c277b4fb7396aa9262713ef18f437e8c1e5da3bcf,no,no,0.5895050168037415,0,2
learned_hands_consumer,embed_base_logreg,1,4,585,a1f95e95ed3bf1df04e2d7306db27c5cd135ef9ea77def78c12cf2c81619e8c3,no,no,0.7201973795890808,1,1
learned_hands_consumer,embed_base_logreg,1,1,586,2ce709e73ee4451d404c5cdc00ea37833fee0b356b8f16d76ff2479b2cbd353b,no,yes,0.6429516077041626,0,2
learned_hands_consumer,embed_base_logreg,1,0,587,618c4d63aaf62f407f26f35d636080cc1e0a032d82f4d1e04c0fb1cf65048718,no,yes,0.7383561730384827,1,1
learned_hands_consumer,embed_base_logreg,1,1,588,4f6bc5578f8ddb17d988262058901424533577bd28369751a61118a761761e91,no,no,0.9514119412434412,1,1
learned_hands_consumer,embed_base_logreg,1,4,589,a9192bcdf65d01e592abf6f0b177a9853ed1c4a2b0ee8742dab11341eaee29d1,no,no,0.8473267807759876,1,1
learned_hands_consumer,embed_base_logreg,1,1,590,067cce98506849a73d82e859c38940708382620ea642806d23cbb8de5187231e,no,no,0.5885387063026428,0,2
learned_hands_consumer,embed_base_logreg,1,3,591,b576cd2ec8f9c40c2bb0abe987f064c2f9f1c25f94d4565ddd83377473d48859,no,no,0.554535286263683,1,1
learned_hands_consumer,embed_base_logreg,1,4,592,5913bc49040be5c85504a852ac0a112f8e7e340d2c39fb67d7067ee3450e5e13,no,no,0.5780973434448242,0,2
learned_hands_consumer,embed_base_logreg,1,0,593,a25e7edfa72a41526ddc2db76023d27c2db12a24984d2e5a716da973b523f27e,no,no,0.9970015897373691,1,1
learned_hands_consumer,embed_base_logreg,1,2,594,d10b6556e2004b51129b987f5c4531830e2b0822cf2d7017e10a5414707669d9,no,no,0.8536706097970994,1,1
learned_hands_consumer,embed_base_logreg,1,3,595,d6d5572c752218b14019ec07e189728c9b3ddb8d34c3d70488fe782cc31aa988,no,no,0.6126980781555176,1,1
learned_hands_consumer,embed_base_logreg,1,2,596,07573b273be6697368d57299de8abf31240b9402c15219c81c2ee8f9a7f2aa62,no,no,0.7238990068435669,0,2
learned_hands_consumer,embed_base_logreg,1,3,597,6dc6cf31b2c1894f7bcfb26a493a4e5756971e007f5e7be26036cf50c17d7eb4,no,no,0.5525017976760864,1,1
learned_hands_consumer,embed_base_logreg,1,3,598,7aa6dcf85749745744d1eb12d07f65d4b80960c401365645658ffdacc98c266a,no,no,0.5559920238254077,1,1
learned_hands_consumer,embed_base_logreg,1,4,599,5d91de0107b67446aed45672dcfdef4f58baf8f1c037cbe894d9bb1e9578101b,no,no,0.69884874519255,0,2
learned_hands_consumer,embed_base_logreg,1,0,600,684294f8c7abfb0278d36770f016d23248fd859f28c36cd2400da167f3b2b1ee,no,no,0.9127763237721823,1,1
learned_hands_consumer,embed_base_logreg,1,1,601,241cef5b8e4490252fa54625f6d6db8138d2f2b6887914926c4714fe63225592,no,no,0.9054837226867676,1,1
learned_hands_consumer,embed_base_logreg,1,2,602,264bdc1770e2864da6160b2fb689ad40913ffdda9bc24da7cd4f73e375da64a9,no,no,0.936386963793344,1,1
learned_hands_consumer,embed_base_logreg,1,1,603,8b25bda48a03414701e65d70dfe129b08d8a1fffbfd6d253c4f8eab80b8e7ef4,no,no,0.9416402052465096,1,1
learned_hands_consumer,embed_base_logreg,1,2,604,a98c95b8dc90508ce61bca07aac73b3000d782c3e8bdb2d8094fa8851213e843,no,yes,0.5100306272506714,0,2
learned_hands_consumer,embed_base_logreg,1,3,605,2e2dab0aa3f72da243e332c4316fe221543965532bf45ff04017e1820a01ffa5,no,no,0.6012699783226841,1,1
learned_hands_consumer,embed_base_logreg,1,2,606,f898c42315c66b3c1b4818313a33706910ac2498fef748ca5f12df32ed4ea670,no,no,0.8768400419229263,1,1
learned_hands_consumer,embed_base_logreg,1,4,607,edf5ecdbda4cb86f3f4fd1969bf42ba5a7eededc822406ff5bcdbad487d0ebc0,no,yes,0.6978244781494141,0,2
learned_hands_consumer,embed_base_logreg,1,4,608,41d5caaade46df5dd642cfcc5a1c383a53ea033ab68bf9753d941c8fa472857d,no,no,0.9092711413488792,1,1
learned_hands_consumer,embed_base_logreg,1,1,609,20cf2204cfad79c36173c2020ce3d9d1d7bfe049a4659016961fb1f7d34524d8,no,no,0.9152852688293471,1,1
learned_hands_consumer,embed_base_logreg,1,4,610,0970bb84fe7a7ae10755b3ff8e069375c894baa731baadab88c5b85d95df1cc1,no,no,0.930507263478054,1,1
learned_hands_consumer,embed_base_logreg,1,1,611,53722369d56a509c380ff23472de54953b911d83728e74087c7864d9bf6c5d11,no,no,0.9206678134103445,1,1
learned_hands_consumer,embed_base_logreg,1,4,612,dc4a5fdc229e8eb8b4651e9829068c4a686c371d36c72e2ff9486195b6f27065,no,no,0.7390257120132446,1,1
learned_hands_consumer,embed_base_logreg,1,4,613,1b06f4f278599f2a5f0149ed64529530669a8a3934e0d4e09cf02e4eb40c20b2,no,no,0.9512740621675493,1,1
learned_hands_consumer,embed_base_logreg,2,4,0,a379a87ff3cdf868abd2168b8f7f1448c858c1c0293a0324128a1f9795c2495c,yes,yes,0.9083886742591858,1,1
learned_hands_consumer,embed_base_logreg,2,2,1,191f0937cb2c89fc2ee6de2cf962022796a21348bccce723e58dff5138f4aa85,yes,yes,0.7089378833770752,1,1
learned_hands_consumer,embed_base_logreg,2,4,2,23e415128308be018936edfbe782216c59135a5373afcc67391ab30b99e4fab4,yes,yes,0.7989818453788757,1,1
learned_hands_consumer,embed_base_logreg,2,0,3,d020ae25740133b72d326d57b58504372281f70e6def4d5a95655465a0e91468,yes,yes,0.6718628406524658,1,1
learned_hands_consumer,embed_base_logreg,2,1,4,7505269b5e689b850bf04d86c3aee556710bf7ed7473e80bb32cbf4ef909b78b,yes,yes,0.8133713603019714,1,1
learned_hands_consumer,embed_base_logreg,2,1,5,ebbf5dce638a03352aa5ce9e76ea526855fc19fe426785e9d74da0b972447b56,yes,yes,0.6940649151802063,1,1
learned_hands_consumer,embed_base_logreg,2,4,6,3682fd0cb52ef152a5e499e4441ac3d86a735973de9e3062a809fc58d80f083a,yes,yes,0.8383351564407349,1,1
learned_hands_consumer,embed_base_logreg,2,1,7,a1352482ea4516a24b594ccbf2ed311516cde0785a8edf4e41b8b20657074dd8,yes,yes,0.6544317007064819,0,2
learned_hands_consumer,embed_base_logreg,2,0,8,5655b74e200dc643bf62729b26c6760f786b1d110abd671cd8122c5d567f2846,yes,no,0.5886181768363171,1,1
learned_hands_consumer,embed_base_logreg,2,4,9,30f3878dfeeec4bffed1d8ed0fd2feaa3165fc8790712d0e6c993ba632a91571,yes,yes,0.7824890613555908,1,1
learned_hands_consumer,embed_base_logreg,2,2,10,ff770b8fb5998da87b58b103e84a37ec674949fd2d8708f87b7aa392185f98be,yes,yes,0.6424387693405151,1,1
learned_hands_consumer,embed_base_logreg,2,3,11,025030168186d6dca4ceeb0def0c282fcd27d1c293abe1a0d6f41c0ae9ae34dc,yes,yes,0.584304928779602,1,1
learned_hands_consumer,embed_base_logreg,2,4,12,241960fe59164730ab7f2221e78ff75ddf5d07ef6b0c664c078d091bc787b69c,yes,yes,0.8671831488609314,1,1
learned_hands_consumer,embed_base_logreg,2,3,13,ce32ef1dbe79dfac3d0eec018d4e7404296ad6ab06b519aef7132243fecc9c2e,yes,yes,0.5068174004554749,0,2
learned_hands_consumer,embed_base_logreg,2,1,14,3a9f35dbcf5d11d5980a668dd0ac8a317654d4e4f8ee28518fa931a589f5ed3d,yes,yes,0.7765080332756042,1,1
learned_hands_consumer,embed_base_logreg,2,4,15,62ffb1bca214412111ca15a5cb79aed8c39b77ae8e4a9734a85ca66376cdf151,yes,yes,0.8968678116798401,1,1
learned_hands_consumer,embed_base_logreg,2,2,16,74157c44430c0b4b913dbef04b5bcc2e60d6786f1fce50cbd1fb74740cbfcbea,yes,yes,0.6174284815788269,1,1
learned_hands_consumer,embed_base_logreg,2,0,17,2dcefce119cd3d52ce0b2dd55dba49a2d705592c989511a60ca5ff2fa62bd783,yes,yes,0.6402151584625244,1,1
learned_hands_consumer,embed_base_logreg,2,0,18,e4b36f1dffe74a33bc589ff139dca6b75d8c5d7bd1414fcbe7ff483736a80e24,yes,yes,0.6182563304901123,1,1
learned_hands_consumer,embed_base_logreg,2,4,19,eaecc316a32deb54a2e35ad55d5930bded5cb828eee671ec1a4d6c298e93f0ea,yes,no,0.5412534475326538,0,2
learned_hands_consumer,embed_base_logreg,2,2,20,ed6f10e3e2d4af3a7f61f4ac8ca3c539ade9d2b7250defd67063ea3a59ec18c9,yes,yes,0.6806706786155701,1,1
learned_hands_consumer,embed_base_logreg,2,4,21,8770b696e9d75ce623853da32ab9c2fc409af163cb781c02986c01c726cb8581,yes,yes,0.5085203647613525,0,2
learned_hands_consumer,embed_base_logreg,2,1,22,5f6fe96a0c85f05ef1bd1209d12d8a5da80ec0b8df76281b71b291bb0bfe1477,yes,yes,0.5092132091522217,0,2
learned_hands_consumer,embed_base_logreg,2,2,23,db86e2ed5ca09bd43e5c1153206c84ac6670851f84c6f0c29b6ccd1eb0deb1e7,yes,yes,0.5956758260726929,1,1
learned_hands_consumer,embed_base_logreg,2,2,24,f544e710a36c5f8952ea27c89f4b8d456410ad33abcdeff8bb5ab956f30c76bc,yes,yes,0.6566696763038635,1,1
learned_hands_consumer,embed_base_logreg,2,3,25,ffe0635de5f1a7973b85a3b70ea8e03cb5b1567c2d2995c39b15468f910920d7,yes,yes,0.5899974703788757,1,1
learned_hands_consumer,embed_base_logreg,2,0,26,1c5d518541a4c3c72210f1d1640f265a1ed467b09e8fd9920e0ced3c2a2e237f,yes,yes,0.712617814540863,1,1
learned_hands_consumer,embed_base_logreg,2,2,27,847d90720ffa65caeed18bca722c31a7e6ad6690535571373c7cf5484024b4f1,yes,yes,0.5702171921730042,0,2
learned_hands_consumer,embed_base_logreg,2,3,28,826850ee19189639a241888830f2095a605677489c15835a9633e2a0b1ac6a64,yes,yes,0.5418773889541626,1,1
learned_hands_consumer,embed_base_logreg,2,3,29,8bf45813b8f64152745c4302a8fe3d28ad3a521ce8400337d150f52d7679c073,yes,yes,0.5498895049095154,1,1
learned_hands_consumer,embed_base_logreg,2,0,30,eab22a84a1d27762ebd956ab7c150792e31d45b69c081b1042ce94bb9f5db787,yes,yes,0.6309987902641296,1,1
learned_hands_consumer,embed_base_logreg,2,0,31,0d9289d67324c71b1a8459504ea7ea7d8593bc88c6baad910d98ae12b894b961,yes,yes,0.607240617275238,1,1
learned_hands_consumer,embed_base_logreg,2,3,32,28de51fe26d760b562f7dd240c576dd29c1dcd24a3821f27045c03e1695ce0c4,yes,yes,0.5268628597259521,1,1
learned_hands_consumer,embed_base_logreg,2,2,33,6ce4033081e30de899b1011a4c082e82532b4c8f2afae23aed1a9b31dfb4eadb,yes,yes,0.6872475743293762,1,1
learned_hands_consumer,embed_base_logreg,2,0,34,fe949d0e8bb0a6f67a12ee28fec1d49ebc38d613057ddbd9e9742ce374e5a92a,yes,no,0.5101252198219299,0,2
learned_hands_consumer,embed_base_logreg,2,3,35,c207ce030682bc8ba0e7590a8ef0dd99c16b1b16665aebc82ab525877c2593a3,yes,no,0.5148947834968567,0,2
learned_hands_consumer,embed_base_logreg,2,1,36,8ee486f22362d8e55009981db61b71a034a94793fc615ef6c369c92e25d8621a,yes,yes,0.583010196685791,0,2
learned_hands_consumer,embed_base_logreg,2,1,37,bf327cac5ea3a5c8ae4b1fa4c6aa053fb3e0494255dfad320226fae0a94b91af,yes,yes,0.5671286582946777,0,2
learned_hands_consumer,embed_base_logreg,2,3,38,d5599f345f2efcc9997c702cf325c78c55c774947409f903377c2d84a3c8bc07,yes,yes,0.5671482682228088,1,1
learned_hands_consumer,embed_base_logreg,2,0,39,574fc09c7649af91d62597783fce341ddacfa64d9567f02c1c1d30d6a45410d3,yes,yes,0.5319503545761108,0,2
learned_hands_consumer,embed_base_logreg,2,1,40,46fe2b35c88c955d03ff315dfce3bb7c880b33d4409029f9ff6042df0194686a,yes,yes,0.7608986496925354,1,1
learned_hands_consumer,embed_base_logreg,2,0,41,f5d2007ecaaceed6f700b3e50cfa67215480af67ec2a87afea71cf1279ebec05,yes,yes,0.6646026372909546,1,1
learned_hands_consumer,embed_base_logreg,2,0,42,01f1c668540d25f929d2e86cf0c94ebff90e0049c2f9c72bd85b0e900e0d7495,yes,yes,0.5502779483795166,1,1
learned_hands_consumer,embed_base_logreg,2,4,43,1d86013431ea866bb8f9c95e610c8a4080348f326588f325da4a18706ada5429,yes,yes,0.9055253267288208,1,1
learned_hands_consumer,embed_base_logreg,2,2,44,bb18ab83285db7bc8dcf60f8a3ce1cdf2bd7debb099b953f662ddb9f8b38c2a7,yes,yes,0.6304607391357422,1,1
learned_hands_consumer,embed_base_logreg,2,3,45,16a3215ae403198891fd8dc9a2a417f75f8728d8e7141fcfef231668fdb5ab3d,yes,yes,0.575954020023346,1,1
learned_hands_consumer,embed_base_logreg,2,4,46,4439bed3fc41d7b9c8ab09ef918fda1428dd5d823121216ce107959cb0dd4294,yes,yes,0.7704055905342102,1,1
learned_hands_consumer,embed_base_logreg,2,3,47,0b3c04d83b29cbb3a2e22807f4dae94c87c8f2b395036f54911c5754a4c47017,yes,yes,0.5683992505073547,1,1
learned_hands_consumer,embed_base_logreg,2,0,48,22a293b5746bac59ac00ea57d239b6ac359d9156a1ec0715abd762c84fede43d,yes,yes,0.6100023984909058,1,1
learned_hands_consumer,embed_base_logreg,2,0,49,c4c2bad785e53ccb9b321d2c63b8faff89f92b5a2cdcf0736b057e7e8e719879,yes,yes,0.6004377007484436,1,1
learned_hands_consumer,embed_base_logreg,2,2,50,014d339ae8d5fa4f98805d09f90eeeceed4b7762a40914f0ab3d4313182186bc,yes,yes,0.6624722480773926,1,1
learned_hands_consumer,embed_base_logreg,2,3,51,e7c14e7458d8da99796ba9c88de59853c6a65ab37d90d24358671b503b06100a,yes,no,0.536181628704071,1,1
learned_hands_consumer,embed_base_logreg,2,1,52,fc726439af49d4188b72ee0e9adc0c39a6dd739d7612fcaa8485f57a5706e876,yes,no,0.5884199142456055,0,2
learned_hands_consumer,embed_base_logreg,2,2,53,eec25d963cdf3c5408e24c25c1ec3ce4c8b7063821931ad7747c587b4dd8f3ed,yes,no,0.5005300194182998,0,2
learned_hands_consumer,embed_base_logreg,2,0,54,dcae1fbe99948ce3f328592769d0490ed52f89cb9a04fb61ed7eb8f822e0ef89,yes,yes,0.5790730118751526,1,1
learned_hands_consumer,embed_base_logreg,2,4,55,ec7dbe0d74d55de6c88312082e78da6a9a98966b97acf9fa7c9d9202b2fcbe6d,yes,yes,0.9459208846092224,1,1
learned_hands_consumer,embed_base_logreg,2,3,56,d8912fee3a18d2f57b6bb3a91a58414523442ec0294398e0adbd9fa8b241b33b,yes,yes,0.5388657450675964,1,1
learned_hands_consumer,embed_base_logreg,2,4,57,f87c51747534d2868b590819e8df1acd5dbdbe3015ba30f49aa700ccfaff8b97,yes,yes,0.7965103983879089,1,1
learned_hands_consumer,embed_base_logreg,2,4,58,aaf2efb2b98403731588f69a234f9628c7cf0a6e41dc5e4d493bf3cc98491abd,yes,no,0.7666322221348352,1,1
learned_hands_consumer,embed_base_logreg,2,1,59,8401deb1d2cdca16e4beb605dc74617b796161236d4fabf6b119671c60390e46,yes,yes,0.7992081046104431,1,1
learned_hands_consumer,embed_base_logreg,2,4,60,0141cccd8167fda3a53db3bc8a9c9de38ab73039aee125ca5d456f83efb3f060,yes,yes,0.867183268070221,1,1
learned_hands_consumer,embed_base_logreg,2,3,61,9539303909111ff48458f893819b6c4d82471c51d35262c48791eb4281d5a6fc,yes,yes,0.5275524258613586,1,1
learned_hands_consumer,embed_base_logreg,2,1,62,0d9042d456d2e30348acf77b2105fef878d17d0c8ce75d13775d81f13023733b,yes,yes,0.823590874671936,1,1
learned_hands_consumer,embed_base_logreg,2,2,63,d351e0b84bda59ef89f0bf473a631f614d498349dffaab3bb47d4611faad2257,yes,no,0.5340497334584673,0,2
learned_hands_consumer,embed_base_logreg,2,2,64,087225dc844ed506b918ed1ed8cb4919b62e15999a35bc72ef5f3e438535329d,yes,yes,0.6086386442184448,1,1
learned_hands_consumer,embed_base_logreg,2,3,65,8cc2e66174e528599835446e6f69bf213ec59da343e4da74a215a2d7e47df358,yes,yes,0.5646988153457642,1,1
learned_hands_consumer,embed_base_logreg,2,4,66,10c9dca4735480772f9fa371b9c9695f8d7449b8c64df6abd309125cc20b2e6a,yes,yes,0.9110969305038452,1,1
learned_hands_consumer,embed_base_logreg,2,0,67,4e9fb39ce82c9a0c8db9edda73b0a08dbe1fee6bde6735bb0599991149c9cceb,yes,yes,0.6785528659820557,1,1
learned_hands_consumer,embed_base_logreg,2,0,68,6a7e6c881869b757c8e7d36f73f227b987ce5b3ad9363a56d200edfa24ffcded,yes,yes,0.6818246841430664,1,1
learned_hands_consumer,embed_base_logreg,2,4,69,7599dea223674f198ca8bd7b449a8b363e958ee58ead42c5f7026c558eac1915,yes,yes,0.8366557359695435,1,1
learned_hands_consumer,embed_base_logreg,2,1,70,7f224054d39f18cdd6646ad519ae236db20d9acc51e2a2366bf146920bbd208f,yes,yes,0.870720624923706,1,1
learned_hands_consumer,embed_base_logreg,2,0,71,96ea4d954d1b6446c71d74a769dd614b7dcf83261e50056d6e62e7ca102d5401,yes,yes,0.5749873518943787,1,1
learned_hands_consumer,embed_base_logreg,2,3,72,3defdb305691fca997369ad61eb4c2cc9ad5737f73633b9997bca6b3b68dbc70,yes,yes,0.5992268323898315,1,1
learned_hands_consumer,embed_base_logreg,2,4,73,ea88a64bd77d6c33327a9e3a56bdeab16edfcc94d3ad1f6c811e233e9cf1a4e6,yes,yes,0.8170887231826782,1,1
learned_hands_consumer,embed_base_logreg,2,3,74,1cb2a54d0c572842c9666556b4f9d68ac569dacc5ff14c26a9deb40b00297490,yes,yes,0.5369085073471069,1,1
learned_hands_consumer,embed_base_logreg,2,3,75,3145ed790491a1b21c800dff9616114d2f77be8dbdbc044f4fcf7b15608d7aeb,yes,yes,0.5932157635688782,1,1
learned_hands_consumer,embed_base_logreg,2,0,76,bc58560238d37dd7bb637d6eed992896abc2e8646e56eb8dac0dd8bf4106576a,yes,no,0.5613129306230822,1,1
learned_hands_consumer,embed_base_logreg,2,0,77,9a5c75e417971c21fe00a89d52819a28a8d393fb332863c7f844a2f728e1aa47,yes,yes,0.6757996678352356,1,1
learned_hands_consumer,embed_base_logreg,2,1,78,7effc09d90b5d4a003218cec4356f0109765847fec64e4393bdf14682528fc56,yes,yes,0.7878991961479187,1,1
learned_hands_consumer,embed_base_logreg,2,1,79,bf7fab3a472a85fba5cacc610acd4ae413064fb5929efe63047e35beca2837f6,yes,yes,0.5890224575996399,0,2
learned_hands_consumer,embed_base_logreg,2,3,80,b9fec9f38f97749033ecb64442eb36f3ee2e3a80cd28ded964ba3b542608ed08,yes,yes,0.6031717658042908,1,1
learned_hands_consumer,embed_base_logreg,2,2,81,a86e6ca3f4d275c0420ca0ee4600f15f0b78e34c43b877bb58dfb44c56f07ad2,yes,yes,0.6490799188613892,1,1
learned_hands_consumer,embed_base_logreg,2,4,82,e2dda0a5ede9ada6a285c131669076df0764c2b88c1c2001ae078a17d88fc168,yes,no,0.9213873949957057,1,1
learned_hands_consumer,embed_base_logreg,2,0,83,9d3a029d590c2c8aecbc4df458d911be15fcbef421678b9ef52d1281119ef933,yes,yes,0.5231431126594543,0,2
learned_hands_consumer,embed_base_logreg,2,4,84,0a86c2677e444a84373fb5de0aa2e100762432bf73d0ed3e92ef3f2f584504eb,yes,yes,0.8566217422485352,1,1
learned_hands_consumer,embed_base_logreg,2,2,85,edf4479c78e0f0664620607e8ab699c2cf70b3f949ebe5b6e2a5e65f56f24fa0,yes,yes,0.6971266269683838,1,1
learned_hands_consumer,embed_base_logreg,2,1,86,a446c13b6a95e774dc7f399a94c473901184d9172d42d8f4db7362cdb059e191,yes,no,0.5588919520378113,0,2
learned_hands_consumer,embed_base_logreg,2,4,87,90d67e6b76ef21ed8c1dc58bfbdcc24aab8e1dd728ebdafefc643a1e3c6bc74c,yes,yes,0.6269181966781616,0,2
learned_hands_consumer,embed_base_logreg,2,4,88,e0f88567e0733cdaf8c918330d9139891158680d5be3cc3fc4577a4e79c67cdb,yes,no,0.5477485493496492,0,2
learned_hands_consumer,embed_base_logreg,2,1,89,4c96db2e33b6cc4900b1f80e86334c0d0f97a10b76baf6a5fac96558a449fa07,yes,yes,0.8272094130516052,1,1
learned_hands_consumer,embed_base_logreg,2,0,90,08c27d740cbffbaf24d70ad9cc2f4538941c1e7ccba03ba15eacb0c43fe8f6a3,yes,yes,0.6448206901550293,1,1
learned_hands_consumer,embed_base_logreg,2,3,91,123e686fd8c78b602b0952ee8aacebb8f2a451c8d2c2f716072c6c0780e88a8c,yes,yes,0.555424690246582,1,1
learned_hands_consumer,embed_base_logreg,2,4,92,61088df3abd8799b2cb0b2a50547fabab33f53e711b6bf0e51ad8eee1f9886f8,yes,yes,0.7898721694946289,1,1
learned_hands_consumer,embed_base_logreg,2,1,93,245581fd1773d7336f3fbd519ea0ad635746b96c3ef3c64c77d8fe969f404345,yes,yes,0.6868863105773926,0,2
learned_hands_consumer,embed_base_logreg,2,3,94,0935c35b8f85a7acb661025d20f4077750c9420cbe5f2d6cb6c1f5e62a4cd9fc,yes,yes,0.5293393731117249,1,1
learned_hands_consumer,embed_base_logreg,2,2,95,8b2b428ed3082708aebc90d3e95493d6b01fab537f0107c5604932ba617141c5,yes,yes,0.594545841217041,1,1
learned_hands_consumer,embed_base_logreg,2,0,96,46b3b836673160a90a211860286b914eda2a3ef85f0eb63bd10cacc7ea5f0f02,yes,yes,0.6975459456443787,1,1
learned_hands_consumer,embed_base_logreg,2,0,97,8c8ab92472440d5e8d77d4f562ff2df1e24f26dbf33e2f219ed51d9ffe2ed9e8,yes,no,0.5579126047465981,1,1
learned_hands_consumer,embed_base_logreg,2,0,98,f84ae3cfea6e268f60d53f2fc2105cabc35e7c1bc60594c254b8a5b9ebb95c52,yes,yes,0.7545713782310486,1,1
learned_hands_consumer,embed_base_logreg,2,1,99,5a061ea8f86d69941bb8f010a9102517e2e50e8a6e7f043b2a65a9beeb5b2a5a,yes,yes,0.7971277236938477,1,1
learned_hands_consumer,embed_base_logreg,2,2,100,a0b66eb40941e4afabf26cc61164bd17ae4b404900827ee613063156c3fcf1f6,yes,no,0.5364990074485836,0,2
learned_hands_consumer,embed_base_logreg,2,2,101,d69eab546563939e27e3b5c4bf71ed21aa8c08a685f2dc211a8611a8734cdaac,yes,yes,0.5462449789047241,0,2
learned_hands_consumer,embed_base_logreg,2,3,102,13c1947392729839a6ef7e019584b3baf576db1a026c6cc363f97f9be6b55b7d,yes,yes,0.5427764654159546,1,1
learned_hands_consumer,embed_base_logreg,2,1,103,2db3f4de10f8e3c93f180c1cec9ec1036a8cfb696152a003910f4876349b5563,yes,yes,0.8461387753486633,1,1
learned_hands_consumer,embed_base_logreg,2,4,104,9d141e84a47e429ebf8c9be15a716519a789f6ecfe2635d6742bcc1589887b61,yes,no,0.5624506641164619,0,2
learned_hands_consumer,embed_base_logreg,2,2,105,f2b40bc0dd711fca9b42c004ced8b6a7f8400023cc7f44239caee4f44359dde4,yes,yes,0.5084266066551208,0,2
learned_hands_consumer,embed_base_logreg,2,4,106,d5dcc520e7691c72d4f4bcf6d67cfa74c856d631a5a6c4904f730332b192f920,yes,no,0.5899836841230487,0,2
learned_hands_consumer,embed_base_logreg,2,4,107,da0684c959dcca3dab601174a68db1954a8db19f75ad96cecdb7b9319c828539,yes,yes,0.6685247421264648,0,2
learned_hands_consumer,embed_base_logreg,2,1,108,0e7608581b6f65860575a915b9e6d3ea3ba463ac7392a783effab47b7c6ed2b6,yes,yes,0.6348480582237244,0,2
learned_hands_consumer,embed_base_logreg,2,3,109,3b14007f0368858c49628d89f7a4ac4e05912114c121069f929f093267da692c,yes,yes,0.5561566352844238,1,1
learned_hands_consumer,embed_base_logreg,2,2,110,83a75ee006bb31d8db282260e075860f781be2246f81074adfc047c6debba47d,yes,no,0.5316559234755016,0,2
learned_hands_consumer,embed_base_logreg,2,2,111,d140e8b5cef58e3c07015a3be1003d6d67dda0e1681f40a4b5b23a3a143236ea,yes,no,0.6526171966607214,1,1
learned_hands_consumer,embed_base_logreg,2,3,112,fb04a608b72b2b2e616ef5e9aa6ca1fda0b73c81a00bd51339a60f7ebb9349f5,yes,yes,0.5425682067871094,1,1
learned_hands_consumer,embed_base_logreg,2,0,113,5ebb5e29b015223682853139344a5e2422b009ed368ed22452f4ebe96b314797,yes,yes,0.6479990482330322,1,1
learned_hands_consumer,embed_base_logreg,2,3,114,7e315bac1e39325f317709b5955292bc75939640e3b8f10ba3c11050930647e1,yes,yes,0.5858756303787231,1,1
learned_hands_consumer,embed_base_logreg,2,2,115,0d7f2c826f6a0fc0a9404989d5d4b5cc6d7f2f516c1f069e5bf8d31ee7e817dc,yes,yes,0.6779244542121887,1,1
learned_hands_consumer,embed_base_logreg,2,2,116,7e75b01067a2ec4ca8c403b389118d896ccf66db535b144a3c54bc98c1c2e246,yes,yes,0.5268257260322571,0,2
learned_hands_consumer,embed_base_logreg,2,2,117,a3e66362096eb8059a216e47a87cdd7f3f944d1ccbc606f30cfbe1cc424e0594,yes,yes,0.6424958109855652,1,1
learned_hands_consumer,embed_base_logreg,2,2,118,d3308da62008ec5ef18494df94f73a4585ed31e1c8e69ccc9e25e76cb56d42a0,yes,yes,0.5961359143257141,1,1
learned_hands_consumer,embed_base_logreg,2,1,119,e07a44cb806545635aac341cc0946afd7d71c3619844a0ec08545160df03cbdc,yes,yes,0.6977748870849609,1,1
learned_hands_consumer,embed_base_logreg,2,1,120,aedceca2ca38055764eb4ff944a3a150057788281d1c3739f5e785db00a9e719,yes,yes,0.6601042151451111,0,2
learned_hands_consumer,embed_base_logreg,2,2,121,ca458586d811f25c02f1f39cf55f75b65071bd2ddc79fd97b0d5be9eb8e5312c,yes,yes,0.7049811482429504,1,1
learned_hands_consumer,embed_base_logreg,2,2,122,fce48e30fc0ea1058c42d4b4e3fc772fdd46a3060633bca5f371f122fc5aaef5,yes,yes,0.6533385515213013,1,1
learned_hands_consumer,embed_base_logreg,2,0,123,02bd80d2b643617360d685b497986a8637dc26275c2ea6a626b69de253d164e7,yes,yes,0.5896387100219727,1,1
learned_hands_consumer,embed_base_logreg,2,2,124,af3d9c10fbb3296fa6a040f3015c474aaa8ae09177f6fe2e775fee3e584f996d,yes,yes,0.611447811126709,1,1
learned_hands_consumer,embed_base_logreg,2,0,125,73e4bc727ab5dd4600aa1647320d964c9a52dc7767744c8d074cebcd901f6c05,yes,no,0.5034769623435449,0,2
learned_hands_consumer,embed_base_logreg,2,0,126,0bdb8221f4d44b38dc8782e0b56035bbdd3a7e6fc2df17d22f1a5c863bc46075,yes,yes,0.6826003193855286,1,1
learned_hands_consumer,embed_base_logreg,2,3,127,90fe4003a641d7cd2ed6a00150556d083b23fe1e24e75ebb94ecff4d843c77e2,yes,yes,0.571698784828186,1,1
learned_hands_consumer,embed_base_logreg,2,0,128,155678c2832cdf4702db15b523f143f1ac784cffcaf58c1a1dfe33a97611eb8e,yes,yes,0.6167706847190857,1,1
learned_hands_consumer,embed_base_logreg,2,2,129,aec3c6407d02ce2d3b4abd591e08891c236a8a8989e7ad72020a4b7b777fea78,yes,yes,0.5501218438148499,0,2
learned_hands_consumer,embed_base_logreg,2,4,130,1f2af78776193434b3d71d59e47e0a24bc7439537dae7643126e174f05f8a690,yes,yes,0.7148666381835938,1,1
learned_hands_consumer,embed_base_logreg,2,2,131,ac3dcaa7b7faf827da8c14b3bfd03c0f8d36bbd129920232b5775c57ebee5322,yes,yes,0.5719929933547974,0,2
learned_hands_consumer,embed_base_logreg,2,2,132,8de39616285bfb13eac266c45a5691cad8963031bb495c5ffff384303ac2e317,yes,yes,0.5612860918045044,0,2
learned_hands_consumer,embed_base_logreg,2,2,133,df7cebc19279cc1176c76578d13d5634b4ee220d4093d6b4e048fd1f74811db9,yes,yes,0.6536370515823364,1,1
learned_hands_consumer,embed_base_logreg,2,3,134,b5412b723d0181549110fa8dd79485fa5238dbc7e264272da705dfe9c7f066a8,yes,yes,0.5865800380706787,1,1
learned_hands_consumer,embed_base_logreg,2,2,135,e802649c8e6be5fbdc4e7ec755757e95ba836ac949c022f0081c1fcb1cfa00b0,yes,yes,0.7635259032249451,1,1
learned_hands_consumer,embed_base_logreg,2,1,136,a039dbd9f0510ac6f66d44c60f9a5f5a5d5c76093f00e693801d2fc80d54f7a9,yes,yes,0.9018679857254028,1,1
learned_hands_consumer,embed_base_logreg,2,4,137,9cca62662bba01723eb2a9aa094821e1675b7ac525fe30fc042f3dcaac3e2727,yes,yes,0.7831341028213501,1,1
learned_hands_consumer,embed_base_logreg,2,1,138,dfbc47fb61799a0472fbf92d48b36eeb2584ccc63a3185c2d61a51c1537f7c92,yes,yes,0.7788205742835999,1,1
learned_hands_consumer,embed_base_logreg,2,2,139,6cb9e80497686772c38151ef29f0b998c3911fa46f4ae26dcb0677863d1c3bcd,yes,yes,0.6315628290176392,1,1
learned_hands_consumer,embed_base_logreg,2,0,140,bfc4a30870f9292a454f9471c16d25b3199ec05b80dafc98a9d6c50897c1b47e,yes,yes,0.6841237545013428,1,1
learned_hands_consumer,embed_base_logreg,2,1,141,078b717fbab45038fcb94864d32f33fa6d71d9664570dfe04661869f23314833,yes,yes,0.7404919862747192,1,1
learned_hands_consumer,embed_base_logreg,2,4,142,0242758b0d09920c367a96d4d60f74cb970f86cfb3bbf7bc54aa2a69703b17c8,yes,yes,0.8578861355781555,1,1
learned_hands_consumer,embed_base_logreg,2,4,143,51eef95bf47218140683c3e1b4135ffc3d540ca426dbe552c2809dc445d5b483,yes,yes,0.5170191526412964,0,2
learned_hands_consumer,embed_base_logreg,2,2,144,af4b353687f267cf4811370b1167f39f3acb12a476ab7569d5711f61e7cc5c99,yes,yes,0.6624078154563904,1,1
learned_hands_consumer,embed_base_logreg,2,4,145,a5b77622968be2023f42d12cc8cdb98fdd05731d5ff1f331c0c61cddcdd016ac,yes,no,0.6814725995063782,0,2
learned_hands_consumer,embed_base_logreg,2,3,146,483af7a4cce5458979f9fde28f5d38cf96c6b318f56cf5b8bb7fef01baeda51d,yes,yes,0.5899496078491211,1,1
learned_hands_consumer,embed_base_logreg,2,1,147,5b013d7731839bf2ba2c52bac900167561f691d205c1198ffe872747858115ab,yes,yes,0.6830255389213562,0,2
learned_hands_consumer,embed_base_logreg,2,3,148,1403a0476f3fcec8b1a48e6f1fceb06a2aeabd9f5de4f53ac7e2f29a80fc3d02,yes,yes,0.5362672805786133,1,1
learned_hands_consumer,embed_base_logreg,2,3,149,7153d24972b2eb3c082ba9cc58a892af969f2d9524022190bec282710d252b55,yes,no,0.5389238435350703,1,1
learned_hands_consumer,embed_base_logreg,2,3,150,a6e1cfe1a1c58fdb1b4033bef127bdc12ad083d8029c91cf81e74fbc997b44c2,yes,yes,0.5449730157852173,1,1
learned_hands_consumer,embed_base_logreg,2,3,151,c48f7444249fe7386aac1fa49a56e450eebc70c640262a5fc2cb2864d62c7b62,yes,yes,0.574786365032196,1,1
learned_hands_consumer,embed_base_logreg,2,3,152,7223ee95c7eb5aab471c9b1426c035d3d751646abf3a01dd2380366fa55c1fb2,yes,yes,0.5726098418235779,1,1
learned_hands_consumer,embed_base_logreg,2,1,153,8b857fa596fd194124387876667280b614e479625bc9d05d958f3b90514c2e9d,yes,yes,0.6249163150787354,0,2
learned_hands_consumer,embed_base_logreg,2,0,154,6f137236864a4da2299f6341085a62e5e2e0466add7aa8eca3ff5f315633bbdb,yes,yes,0.6503910422325134,1,1
learned_hands_consumer,embed_base_logreg,2,0,155,038e3005ce9b5b1cabf2220d9f9b068ab3289de326b9c0466e84286f1cb69bf9,yes,yes,0.6249838471412659,1,1
learned_hands_consumer,embed_base_logreg,2,2,156,7b67a7b2e80fc8b9473186823a7570203fc746e03e40493d174446237de3bcec,yes,yes,0.6047477126121521,1,1
learned_hands_consumer,embed_base_logreg,2,0,157,9d82c554b4b00bd2ead020ff98bb6fcdee7432665a797346eb3d3aaf490d0d12,yes,yes,0.6337004899978638,1,1
learned_hands_consumer,embed_base_logreg,2,1,158,da85c2e88f91544acd0359c5ccd69c2b4f902d093ceb8cb12767a778944fbd7b,yes,yes,0.5820205211639404,0,2
learned_hands_consumer,embed_base_logreg,2,2,159,a34040f6644b50bc824adc566e6d6428d7b05ca16c8ee39f0af4b1b9f5601f2a,yes,yes,0.7177408933639526,1,1
learned_hands_consumer,embed_base_logreg,2,0,160,19c9ac6e1d4ea3c61c161624efc992b8cc52bf306f151391ba8529c19382e1ee,yes,yes,0.5982168316841125,1,1
learned_hands_consumer,embed_base_logreg,2,4,161,650970637dd6a0ab8e97321c167c7bc4a9a3cdc8eba59da2a5c510bcbd5db45a,yes,no,0.6019737720489502,0,2
learned_hands_consumer,embed_base_logreg,2,0,162,c51f874153bc2cdaa57ad2c656a6af7ab24feabfb448922cab57ef416feee663,yes,no,0.5484371185302734,1,1
learned_hands_consumer,embed_base_logreg,2,2,163,13b1acd948c8e9c9a5739d8481ea213fa3cfdab8b80a82efd25be33e8f7b2902,yes,yes,0.6483295559883118,1,1
learned_hands_consumer,embed_base_logreg,2,2,164,9fde61742e0b3fc6fabbffa750b6283c72453cd0303a465ce66648d46676eb89,yes,yes,0.5001855492591858,0,2
learned_hands_consumer,embed_base_logreg,2,1,165,4fd20a26aafa50907d098d746bcd899d7abfca4f42db1d5c149080652db43b60,yes,yes,0.7297267317771912,1,1
learned_hands_consumer,embed_base_logreg,2,1,166,38a9b6c4df60f95cae8cdf22954e4170c3a5feb64ebfb5162134d697b7e84381,yes,yes,0.7805073857307434,1,1
learned_hands_consumer,embed_base_logreg,2,4,167,8892704b2b2b6659f287178e3c29d5c9d21dc3ecb2ae17dd4b6ec86c6784cd0e,yes,yes,0.9001840353012085,1,1
learned_hands_consumer,embed_base_logreg,2,3,168,5953941222239eaa15e600b769f26c7173e96638173a25e19be42ff6b5b07d45,yes,yes,0.5707146525382996,1,1
learned_hands_consumer,embed_base_logreg,2,1,169,4f9eec5c23a5c213a1bc6fc916fdf2587227d14edcd43d78fccea8cd278cc2e0,yes,yes,0.7601288557052612,1,1
learned_hands_consumer,embed_base_logreg,2,3,170,51ec6ad487eff34fddaa34cf9a46b4a9a9e66e2ef37f1718f6c2c0a6b08bcc0e,yes,yes,0.6398562788963318,1,1
learned_hands_consumer,embed_base_logreg,2,2,171,4356eb8f7a087e4d6032661552935019173e052ab6031528ff64635a4f9c515d,yes,yes,0.6076118350028992,1,1
learned_hands_consumer,embed_base_logreg,2,4,172,6d7c28575a9e0747fc4cfaab5263e2daf0754ef5d1c996b9de353104dbfb5be1,yes,yes,0.7600752115249634,1,1
learned_hands_consumer,embed_base_logreg,2,1,173,6656d334c0150d50518a8e9e86ac484364dfc5da62604f792fa121392de57cd5,yes,yes,0.6361843347549438,0,2
learned_hands_consumer,embed_base_logreg,2,2,174,fa3b234c5866029eaafed3054fe7c1e9dd9d3e50389c45beedce0456e0a851a5,yes,yes,0.5620461702346802,0,2
learned_hands_consumer,embed_base_logreg,2,3,175,f5327013f798cdfff71ccd1ccbf934757fae9118c8fda0cfb29197ee8c9a2f92,yes,yes,0.5479563474655151,1,1
learned_hands_consumer,embed_base_logreg,2,2,176,0c550425496483256cac2b164db69cc78311e995021bfcbd4a5c585bcdd9d9c6,yes,yes,0.5550528168678284,0,2
learned_hands_consumer,embed_base_logreg,2,4,177,e9a4a62f276d5c835085a02b2f4d92155f8f7ac6d396a52ad1cd37cab729b635,yes,yes,0.7136763334274292,1,1
learned_hands_consumer,embed_base_logreg,2,4,178,f4fe68a7bc004d02c8ecf39777717f5e53269903d0c3c3181101c07cea5c6b0c,yes,yes,0.7722692489624023,1,1
learned_hands_consumer,embed_base_logreg,2,2,179,3d0de6dc3fb5d69b4483315a8f1b9a55f3da2fb8eb1df50a74386a480912447a,yes,yes,0.6620827913284302,1,1
learned_hands_consumer,embed_base_logreg,2,4,180,b66cb0340d554080664d72cdd106c5cdb17b38d1f74932ac0787b45754ce1a7c,yes,yes,0.8972417116165161,1,1
learned_hands_consumer,embed_base_logreg,2,1,181,a9af33b24aeb8f4fc3dd090cb6015fd72eb33e9bacf6b245b9efd00dd9991af3,yes,yes,0.700319766998291,1,1
learned_hands_consumer,embed_base_logreg,2,1,182,9eefcb8b16890b9cc6c7e144d07beaa48841305e10614e94d470242a6b0e065f,yes,yes,0.7302864789962769,1,1
learned_hands_consumer,embed_base_logreg,2,3,183,cfde4f376e1a14d27549b00d4ddf32bfeb542cf05f08d1cbc266df888e1c3047,yes,yes,0.5409449934959412,1,1
learned_hands_consumer,embed_base_logreg,2,2,184,421033c1624e9a903b16ba39c1d61b1ecb07a1c62b4ffce4608c02c7a3e067e8,yes,yes,0.5441708564758301,0,2
learned_hands_consumer,embed_base_logreg,2,1,185,7a8050d0881441599707f60d9661cc876f27efc16656cd8526fe842e463a56ec,yes,yes,0.7978585958480835,1,1
learned_hands_consumer,embed_base_logreg,2,2,186,5f4e3e4860760d911ab21bd74b2611036627cda4c7c666615991f1d2314d6b35,yes,yes,0.6806583404541016,1,1
learned_hands_consumer,embed_base_logreg,2,1,187,057e4d5e06ed1236a9a35f3ea5c2cc42ae58bd3d82fb4981f56669b168d087e6,yes,no,0.7780374884605408,1,1
learned_hands_consumer,embed_base_logreg,2,1,188,a5608444f7d99d3cd3109ac70b995bb38775ef1fa2c286f3779886ac598a5c9d,yes,yes,0.6996940970420837,1,1
learned_hands_consumer,embed_base_logreg,2,0,189,48a613b18969b56ad289f137a24f32ca5714dc722f1916be3cf41f3c98f577e0,yes,no,0.5755503177642822,1,1
learned_hands_consumer,embed_base_logreg,2,1,190,d5a7261352131be329b42958bda9d1cbf7adf2a5eb0c341d0fd5d6d07a9ae17e,yes,yes,0.7619520425796509,1,1
learned_hands_consumer,embed_base_logreg,2,1,191,e36f78681c2e77e1fe9fd7fc2f0b8fa917f14b6a2333a41863c17c766053033f,yes,no,0.6822321618268538,0,2
learned_hands_consumer,embed_base_logreg,2,1,192,1487b9bcecfa449f7f97f38810e17ed4e37ea80a32cd5170137bf134574ae112,yes,yes,0.8424749970436096,1,1
learned_hands_consumer,embed_base_logreg,2,4,193,a0956e6a9a6973551966fc776c76b773565a03efe1dd2f5b6e363e037cd68e98,yes,yes,0.8839991092681885,1,1
learned_hands_consumer,embed_base_logreg,2,0,194,113f455fcca39b28919c8669b561494bb48c8a7b1abb08182e38efba3ba3d49d,yes,yes,0.6511108875274658,1,1
learned_hands_consumer,embed_base_logreg,2,2,195,01467176da7f8beaabb7d2d981d4c2a5d270c4de1ee41090eb7fff34ad10f233,yes,yes,0.7270833253860474,1,1
learned_hands_consumer,embed_base_logreg,2,4,196,3917492faa9e47e7106ba122c3a1618a26df3dcdbcf5803ea5eff8caeb3a85b8,yes,yes,0.8544660806655884,1,1
learned_hands_consumer,embed_base_logreg,2,3,197,cde8abafba1e7a412e01f15ea5b8b45f4e1c8f3f37c5ed8ecf8670617e0e3ddc,yes,no,0.51497882604599,0,2
learned_hands_consumer,embed_base_logreg,2,3,198,61ae855f1482eb8f9d691ed3f1d20ebbea6fc43c48a7559ddaf77710f2c27152,yes,yes,0.5717192888259888,1,1
learned_hands_consumer,embed_base_logreg,2,0,199,f35f9e77ffc5ac7a0d42e5a637d3ec3f6ef2830b8c178fdb6a5c951cfeaa3e88,yes,no,0.5092794895172119,0,2
learned_hands_consumer,embed_base_logreg,2,0,200,82f9efaddab72f81167b375aff7cc6c2537117b477e6064545d97be910ff945c,yes,yes,0.6066082119941711,1,1
learned_hands_consumer,embed_base_logreg,2,0,201,967afc85cb2c22088e649a1faac841a0d2609f7e11fe94eef9bd17a4daa54688,yes,yes,0.516627848148346,0,2
learned_hands_consumer,embed_base_logreg,2,1,202,5648d782c24eb983d5cf18c59b05a1a47459a5dedd4e5335a0232c23f062944c,yes,yes,0.7263659238815308,1,1
learned_hands_consumer,embed_base_logreg,2,3,203,157bd549be3ab1bdd3e21c29805aafdc0d0b45c1aa52b0a397ab9236a4e5c944,yes,yes,0.5736922025680542,1,1
learned_hands_consumer,embed_base_logreg,2,1,204,525f45b4239b35c4038470e08628f267e9887f1c30b0aa84a2d5d01464da39a3,yes,no,0.6685068011283875,0,2
learned_hands_consumer,embed_base_logreg,2,3,205,0a0807c3257345430140d80f2b2b7210e572d13f47d5ac8a65174de1142590b0,yes,no,0.5184878265407034,0,2
learned_hands_consumer,embed_base_logreg,2,1,206,a2b92dbd2ee6fd008bb6aa904caa64641950c475cddad723b2644f23c751a0ee,yes,yes,0.8807969689369202,1,1
learned_hands_consumer,embed_base_logreg,2,2,207,a2ed73e250907017f6d7fd66c658c04c6a137575d6ad765f993661edda327577,yes,yes,0.5144744515419006,0,2
learned_hands_consumer,embed_base_logreg,2,0,208,1290d537ea8750e4e91f20b46eec10646ce12ab7d86dfc91eb09b608405fe90f,yes,yes,0.6108831167221069,1,1
learned_hands_consumer,embed_base_logreg,2,4,209,a0f7d16e25d9f13501287713351ca9111410082745756d6eff69a544a7ce0fab,yes,yes,0.6640712022781372,0,2
learned_hands_consumer,embed_base_logreg,2,3,210,adbfc9de80cf0100c04073d2c24a7a39ad794835be05b45cd9a54b30876e1bae,yes,yes,0.5963109731674194,1,1
learned_hands_consumer,embed_base_logreg,2,1,211,33d047d7bf09f05c00081ea7055f31cf8f5cfbb5f1ceb5b0376de52b5d66fca4,yes,yes,0.5433691143989563,0,2
learned_hands_consumer,embed_base_logreg,2,4,212,8747eec3bef3a1ac47c5e03b2a3185ec7be0382a48e8f07bc6b009f884106d3b,yes,no,0.6731218099594116,0,2
learned_hands_consumer,embed_base_logreg,2,0,213,49b127f44fd96be9d276f55d1669f94228b7535cb909c7f6b272eb55f8881a2c,yes,yes,0.689483106136322,1,1
learned_hands_consumer,embed_base_logreg,2,4,214,dfb7f7c0e45b4a7671e7808a09335109e684ec1f7b896028808720b751c76290,yes,yes,0.8829958438873291,1,1
learned_hands_consumer,embed_base_logreg,2,2,215,db97720cca0e39dc598257024bac71c263aaf9886f335cf6cd722539c19eacca,yes,yes,0.6558347940444946,1,1
learned_hands_consumer,embed_base_logreg,2,3,216,64859a67c19bf56da59ad97eab9f8da73202e6a6dd9d3bbb9372afcb47b0408d,yes,yes,0.5681968927383423,1,1
learned_hands_consumer,embed_base_logreg,2,4,217,f449fe5d57975f0caf323ecddfcc9b9dccbabe88c5ff42bd31a1d65fc7a824b5,yes,yes,0.8200611472129822,1,1
learned_hands_consumer,embed_base_logreg,2,2,218,fa078ce3c2ae45c10df8aa0a800c47eade1e7510a46eb24bbe627b87d2938a68,yes,no,0.608349901188913,1,1
learned_hands_consumer,embed_base_logreg,2,0,219,f2fae4fb37730a28c6c680ab68c6e0cbcb083e46d89296b52700b2b28ed2e203,yes,yes,0.5999687314033508,1,1
learned_hands_consumer,embed_base_logreg,2,3,220,ca57b26977335b108fd0d46872d220af17b298c5169ea6a338028e3fa941a5c0,yes,yes,0.5086848139762878,0,2
learned_hands_consumer,embed_base_logreg,2,3,221,9f6359257abe0943f69a9a6786fccff089c30ae5f302d29d57c21ec0cc0fb8bb,yes,yes,0.5187491774559021,0,2
learned_hands_consumer,embed_base_logreg,2,1,222,da0db19cfa506b30e60a6cf05fa27f60113ec86ac8308c44eddc1cdeb6e6b707,yes,yes,0.6954041719436646,1,1
learned_hands_consumer,embed_base_logreg,2,4,223,013033315bef6946bef54c7e1e5131afe73897a10507585acff502cb07b082d1,yes,yes,0.8839161396026611,1,1
learned_hands_consumer,embed_base_logreg,2,4,224,01ca67ea223ea6f3f78966619c3d177754184bea73cb662ffc54be7eded55946,yes,yes,0.823175847530365,1,1
learned_hands_consumer,embed_base_logreg,2,4,225,0972b858c77e9cd796c6bda370f1d6b2ea20798091434c33f49f1827e4a678cf,yes,yes,0.8553595542907715,1,1
learned_hands_consumer,embed_base_logreg,2,1,226,478e48024c876788e7ac0b2943d399c14bb997ab82a37ee11247a5b223d23f4f,yes,yes,0.6172281503677368,0,2
learned_hands_consumer,embed_base_logreg,2,1,227,dd602e9be0c77e5a1bf15d2c5db5302c6b6d2b8362f95c146de1f5d3ea45031b,yes,no,0.6158735156059265,0,2
learned_hands_consumer,embed_base_logreg,2,0,228,e86c4500724cd80b78a41c3de49d5f623baba6615be341878c3f40d1a666fa36,yes,yes,0.615562915802002,1,1
learned_hands_consumer,embed_base_logreg,2,1,229,44f8bde89aa71070a44a090fe6553fe64a785e0148291429f98b65d8cc35537e,yes,yes,0.820438802242279,1,1
learned_hands_consumer,embed_base_logreg,2,0,230,f92a5c6258f5da9bffe36fc1a4498f1086f4d296b5c28109401777d767f46946,yes,yes,0.6589021682739258,1,1
learned_hands_consumer,embed_base_logreg,2,1,231,b8099af0f4a08d3625fefbbdf920208ab786e82be6d9e5ecd373c981c3bd90c4,yes,yes,0.808131754398346,1,1
learned_hands_consumer,embed_base_logreg,2,1,232,dd6b7ca454c08a409f4171cb97167a8c91e862451ec1b92eaa7d9393934cf91c,yes,yes,0.7011651396751404,1,1
learned_hands_consumer,embed_base_logreg,2,0,233,fdb76c188296362ef951b02157cc4150c8d3a0750fe72942787d491e6ddc18e2,yes,yes,0.5013152956962585,0,2
learned_hands_consumer,embed_base_logreg,2,3,234,b78102f7318502d1b26dbcb12920cd58ed53891ef8b61bff2b15f5b432da91f0,yes,yes,0.6055761575698853,1,1
learned_hands_consumer,embed_base_logreg,2,0,235,5a37498c5c481cdd1e4bd5190333a14a0190aa3aede5364087479e33c293e1a9,yes,yes,0.6397083401679993,1,1
learned_hands_consumer,embed_base_logreg,2,0,236,eae4558b0617e7ebc54a6ebc59d2dde3f9df33d4ce6cb6404452671b374ff797,yes,yes,0.6834861040115356,1,1
learned_hands_consumer,embed_base_logreg,2,0,237,b25bbe0ef882d9b6ee6ca640d619e47af1ba4b4303c92a73e17071d2b63f6203,yes,no,0.60513836145401,1,1
learned_hands_consumer,embed_base_logreg,2,3,238,3415dc4afd4d574b0da83ec6d205e580b78b683ce427d70cb6192aa1345ada00,yes,yes,0.5126891732215881,0,2
learned_hands_consumer,embed_base_logreg,2,1,239,e4190a6930b3800fcc812916fc24cd7666ec7ccade668b74793a25cf043ee8dc,yes,yes,0.8121606111526489,1,1
learned_hands_consumer,embed_base_logreg,2,2,240,2a1e5635eb53609c5660dd54ea549b8c7ca1d8ef3709e5692cce67005fde384f,yes,no,0.575176136945967,1,1
learned_hands_consumer,embed_base_logreg,2,2,241,1587f650838e742b5adbc001e25e86b815c1c282f7e24b9a7f46e2c9c7e7663d,yes,yes,0.6055163741111755,1,1
learned_hands_consumer,embed_base_logreg,2,3,242,3aeb06e0988c30e7dd4b9857f1305ee50a9955e156a1e1a8bfb635878c936da6,yes,yes,0.5448673367500305,1,1
learned_hands_consumer,embed_base_logreg,2,2,243,0ba639fb1b8f0dcb2fe9cffb9b96ec4f2cc182c78d9a521ea1b367d5c28385d0,yes,yes,0.5823401808738708,1,1
learned_hands_consumer,embed_base_logreg,2,4,244,ebd5c1534b316d246d849144a17469ee09729233fad0f39a8a330fdfa15b9628,yes,no,0.6836250424385071,0,2
learned_hands_consumer,embed_base_logreg,2,4,245,401a36474fa40d2d999cd260f57ca66ab83fcb63de68f578a6d6ad7d4ec4bd2e,yes,yes,0.8629325032234192,1,1
learned_hands_consumer,embed_base_logreg,2,4,246,4176b37a2179c60a956b8746678c2a674aabbd9e086407904b2475af255d13bd,yes,yes,0.9051786065101624,1,1
learned_hands_consumer,embed_base_logreg,2,0,247,95933a28191a6e558a2911f9c54efc9e53d3ba70d036eac4f4fcf1044bbc9d88,yes,yes,0.6377105712890625,1,1
learned_hands_consumer,embed_base_logreg,2,1,248,0f4ecd29ccebf4ac6e235b28298c170a1c4939a57f8d2bae941d4292bb91c9e2,yes,yes,0.542492151260376,0,2
learned_hands_consumer,embed_base_logreg,2,2,249,061be30da02e5927c05d4f6dcb0ebcaa8bda9da95f663afc3448b40f550c8dcc,yes,no,0.5117544088290455,0,2
learned_hands_consumer,embed_base_logreg,2,4,250,6c7deef4168bfdd3eb4f65e34ff1a5b08e7d07a494276e6dbc72cf08dd1d9ea3,yes,yes,0.9478857517242432,1,1
learned_hands_consumer,embed_base_logreg,2,4,251,3fecd30afaf717ef4d633f041d6b64abc35956652a123bf652a024e051aecbd2,yes,no,0.5804554051025091,0,2
learned_hands_consumer,embed_base_logreg,2,3,252,618080a1456e3ee68a8c336bd1951f8be686d4b280ba12acc2afbc0afe6f5e6e,yes,yes,0.5796645283699036,1,1
learned_hands_consumer,embed_base_logreg,2,1,253,7d9553904434b833510ba4f74348cff64322921c601077d281c33b3d61d048ca,yes,yes,0.6536413431167603,0,2
learned_hands_consumer,embed_base_logreg,2,4,254,851524b83e3b815d2b8ad94407c2a48429aa45e82bd9c1b64ffd780d6c3a0de3,yes,yes,0.7366874814033508,1,1
learned_hands_consumer,embed_base_logreg,2,3,255,cb21cc98accfbbfc1ab6fb040d28dc4a525dd125dcded30bbb6688922bc0bcf0,yes,yes,0.5344290733337402,1,1
learned_hands_consumer,embed_base_logreg,2,3,256,77a1a7abf05f1aa064c4d1f51619137f7eb2bd94b8ddc362bc14f64be0bd2a01,yes,yes,0.5582324862480164,1,1
learned_hands_consumer,embed_base_logreg,2,1,257,3d22a52452442ace2422e3134c77857c8d5686fd9080d9f42bc9438a845f4c89,yes,yes,0.724422812461853,1,1
learned_hands_consumer,embed_base_logreg,2,2,258,aaa2f84803feb0579309aaee905dbe769a0e41a5a6daf89677d4a8534aa9819f,yes,yes,0.5558916330337524,0,2
learned_hands_consumer,embed_base_logreg,2,1,259,cbf21ed32acc01ddeaa5380d184a96c3ca5b84614bc1f3a1a9583fa9b891c05d,yes,yes,0.7709236145019531,1,1
learned_hands_consumer,embed_base_logreg,2,4,260,370cc782f60a07b178ac3c0ec5c92e1d6072d6798ba29e27eb089d3af9d06cb5,yes,yes,0.610144853591919,0,2
learned_hands_consumer,embed_base_logreg,2,1,261,e2fa618a66bdb423b63a86d231a23868e8833853ed334799049daeac30367a88,yes,yes,0.6710936427116394,0,2
learned_hands_consumer,embed_base_logreg,2,2,262,6c81e7b6dabbb3574a09c499dc7a67ca24d31c6e646bab4ced51cd8c78f55ea7,yes,yes,0.6416502594947815,1,1
learned_hands_consumer,embed_base_logreg,2,3,263,1f341a6355c5c3b945e1a2b14b3434e8b3904eb4eca3e24c87941d86e705e57e,yes,no,0.5019078105119523,0,2
learned_hands_consumer,embed_base_logreg,2,3,264,6adfe2187f8557b8f6378f034717bdcd2f522a0df00806a04c1dfe98b3e997bd,yes,yes,0.5979154706001282,1,1
learned_hands_consumer,embed_base_logreg,2,3,265,8bad5933bcb5967cc9bc4abe066d28b765494f7a0dffd407c47d6d8067553308,yes,yes,0.5383020043373108,1,1
learned_hands_consumer,embed_base_logreg,2,3,266,c55600e95d9b4eb897af3302c41acc84e2d54157f428bf1f8caec3b61e668da5,yes,yes,0.6014258861541748,1,1
learned_hands_consumer,embed_base_logreg,2,0,267,13c0dc364911dc9186a0c024e55f88be572c4deb5878fbd82d310ecaf5f45d13,yes,yes,0.6921979188919067,1,1
learned_hands_consumer,embed_base_logreg,2,1,268,3321004b9ab1144d0dfdcb61b18d746e047e1eca73ce7e0acb9fbd0e7c724816,yes,yes,0.7350792288780212,1,1
learned_hands_consumer,embed_base_logreg,2,4,269,19d396f6ee8676b8e14abd050a0d810589baf0188e806f72eac507d7a2c545a3,yes,yes,0.7754438519477844,1,1
learned_hands_consumer,embed_base_logreg,2,3,270,7eb4eb67f8d71b2387d20ed2f7c7421eab13eb8910aca82d69fdf9a9273ecb96,yes,yes,0.5126614570617676,0,2
learned_hands_consumer,embed_base_logreg,2,3,271,21f6bcc2b642898b25da24d91a08efc8029b34d97d979ac84183c75b0c07b9c0,yes,yes,0.5001306533813477,0,2
learned_hands_consumer,embed_base_logreg,2,0,272,63a06c8bcc7dbff84f881459fdf825076cb5b36209132b00c9c84eeeba7b6eb8,yes,yes,0.5993326306343079,1,1
learned_hands_consumer,embed_base_logreg,2,2,273,94b8923b3eddcc3f61a255a8e42041ab7f8e96bdae7e23fa5dba20dd65b82fa6,yes,yes,0.6748113036155701,1,1
learned_hands_consumer,embed_base_logreg,2,0,274,c2ccc5ca47171285fb0298be4298f50882121913b48b7ac1e796a30c532811ba,yes,yes,0.6225755214691162,1,1
learned_hands_consumer,embed_base_logreg,2,0,275,1f6071d3d10ecfa1b75476a7071af685e3ba15fcf7b2a774e39b20191e1fe074,yes,yes,0.6977294683456421,1,1
learned_hands_consumer,embed_base_logreg,2,4,276,11cabef5b7d7edbcc7de996da7ddc824772faa6248373f429b29567c5017f865,yes,yes,0.5522563457489014,0,2
learned_hands_consumer,embed_base_logreg,2,4,277,9136c7f7286a3ee6b4af4f2c4bd396e5528e9e59d4a11138840961213324a902,yes,yes,0.8594109416007996,1,1
learned_hands_consumer,embed_base_logreg,2,4,278,45b8aa00e5100aa8e27c34109569ad374e89747c8859165962bd4b50a718dec3,yes,yes,0.8809466361999512,1,1
learned_hands_consumer,embed_base_logreg,2,1,279,93a67fe947a834ff1518acdef3d3503a43de70821df3f53bacca03fe73994e4e,yes,no,0.573468804359436,0,2
learned_hands_consumer,embed_base_logreg,2,0,280,f9aa283cb36bd865eb6d0e00dec619c048e1b8f0e8830f12b5d02008a0b97ace,yes,yes,0.6344791054725647,1,1
learned_hands_consumer,embed_base_logreg,2,2,281,55de4e8dcda9a6328913ef54a1ed9351f1f426737486cdf8f668ad83b8388f73,yes,yes,0.62506502866745,1,1
learned_hands_consumer,embed_base_logreg,2,2,282,6bcb70ea6c53d9d2735995ffa331f18d0e9d9cc24ba93acb53376ae8483ed8a1,yes,no,0.5705410412115169,0,2
learned_hands_consumer,embed_base_logreg,2,2,283,78da2dea499e7edb487d60fd31327140d7546b18febaf57879bbba65e8c1b04e,yes,yes,0.5111058354377747,0,2
learned_hands_consumer,embed_base_logreg,2,3,284,42fb96e3e3db8353adc2b84b435807f73584555187d03911234609ed6e85bfe6,yes,yes,0.6026248335838318,1,1
learned_hands_consumer,embed_base_logreg,2,0,285,ecfc65fba09f92e19dc001350da2ef8adc932c234c862d0db0f1879f2e7c8794,yes,yes,0.5226194262504578,0,2
learned_hands_consumer,embed_base_logreg,2,0,286,c191adb1d624b20f83068f7b5908de47c6c5209a753e4de83b528e1156b3c2b0,yes,yes,0.7082326412200928,1,1
learned_hands_consumer,embed_base_logreg,2,2,287,644bc0e92cf759be58ca6610fa275080515a65a91b581445be9cabf7ffea0e15,yes,yes,0.6939647197723389,1,1
learned_hands_consumer,embed_base_logreg,2,3,288,a79143144aa9b5670c2ef1346d67999dca1710bf76a38aefe7d8c7b71ae44b79,yes,yes,0.588997483253479,1,1
learned_hands_consumer,embed_base_logreg,2,3,289,29d068c39f2e257adbe8beebd86189c3ef328bbf2028cdf5c6d3ede0e5ddc09b,yes,yes,0.5789241194725037,1,1
learned_hands_consumer,embed_base_logreg,2,4,290,fe9822a59aebf2d41016c82deb1d427382b2666a1fe39079f87be07fb936b617,yes,yes,0.8980724215507507,1,1
learned_hands_consumer,embed_base_logreg,2,1,291,56bb42f2ccd6615785428ca0492a89e2c4c3ab2f9fa44ee197d3da8fab2c5842,yes,yes,0.6484059691429138,0,2
learned_hands_consumer,embed_base_logreg,2,0,292,5299348ae3f81c25293e952182bb6bea15382e9da7443711aa78acdaf4b6bcb8,yes,yes,0.6601521968841553,1,1
learned_hands_consumer,embed_base_logreg,2,0,293,73a78266e6561f4e4c9baa89057beda5a92213b2ef917e1272c2ece8cd9b7704,yes,no,0.5056393297207156,0,2
learned_hands_consumer,embed_base_logreg,2,3,294,79cc9d9097ff95d4d5569540eb3711865f517ab1a2a0fc876da5c48598ee3cb4,yes,yes,0.6203732490539551,1,1
learned_hands_consumer,embed_base_logreg,2,3,295,3b85fae280cd98abcc7e78ae4627a4c94eee68cb0bdc5b31dc3b1cf2e53949ae,yes,no,0.5241745710372925,0,2
learned_hands_consumer,embed_base_logreg,2,4,296,32072d7df35d23c7cf165a1afeb9be63ebbdcf2c94cee75f9b5a90b78e19dd28,yes,no,0.6478454873607907,0,2
learned_hands_consumer,embed_base_logreg,2,4,297,16bed4a62e2738950d2587d30c25ed9c5d17ea5f0cc5e91f1148a4cb64162453,yes,yes,0.8827378153800964,1,1
learned_hands_consumer,embed_base_logreg,2,0,298,3473fc0f42c76ad19ef3ec2771d01d619478fb7fab7ea70d94e7fe0f1bd61128,yes,yes,0.6670015454292297,1,1
learned_hands_consumer,embed_base_logreg,2,1,299,251efc17ee26f8f9c544871f61f6fd54cf585d0f3210406eb3c48c825a10d526,yes,yes,0.8644114136695862,1,1
learned_hands_consumer,embed_base_logreg,2,4,300,4b657305ddc7f357ec185bc9abec0fa67e2d4d4fb0afb00f8e83e73a4c712e8e,yes,yes,0.5387688279151917,0,2
learned_hands_consumer,embed_base_logreg,2,2,301,f85e7456c7160ff553b31db76a443f79214f6b2cd4542c3bb171595928ab6558,yes,yes,0.700222909450531,1,1
learned_hands_consumer,embed_base_logreg,2,0,302,243386ffe9922a67ec10fee19cff0781c4d76b6a78a32ec20ae1b9ece92bf995,yes,yes,0.6178906559944153,1,1
learned_hands_consumer,embed_base_logreg,2,0,303,85d4e89725d489b9e3820f724acfc754d59767d51140be8d70af3bb2eb4198c3,yes,yes,0.6202138662338257,1,1
learned_hands_consumer,embed_base_logreg,2,1,304,f859129d9d2aa75e88d6602d1563b367b5d45a031c53939b17889bef5d0f147e,yes,yes,0.626646101474762,0,2
learned_hands_consumer,embed_base_logreg,2,4,305,483ac3b333ee68b7196086031e6a08e2fdb91c52f28a3a861f23a2c8ec75478c,yes,no,0.5502992868423462,0,2
learned_hands_consumer,embed_base_logreg,2,1,306,6eef9bbaaa01f32394020b689930f9d2ae66836d280dfef0cac99935536b4a22,yes,yes,0.7845991849899292,1,1
learned_hands_consumer,embed_base_logreg,2,3,307,2bbdbbb31e0f69cbd29d755d0e4fb9a5a932b3b1effe5a664bc674ef725addc2,no,no,0.5895424905555698,1,1
learned_hands_consumer,embed_base_logreg,2,1,308,5779a2e66767851f78c4baf2c51d3e6be6d917949d5341b98c489bbf0f67f6f3,no,yes,0.5277875661849976,0,2
learned_hands_consumer,embed_base_logreg,2,3,309,24481de31a2b3036d71dc474adac585b922e4bdfb8287ce43a3ff34846620b73,no,no,0.5933303236961365,1,1
learned_hands_consumer,embed_base_logreg,2,1,310,13b626d60d254c4999ca862d60b0f13ec9378504e9fa2fa1c002db747518bc7b,no,no,0.7884612561991624,1,1
learned_hands_consumer,embed_base_logreg,2,0,311,97939ad30f5a35f45ccb7fcb190a65552ca404ca227456e1ecb4f5a57c3bed17,no,no,0.6354933977127075,1,1
learned_hands_consumer,embed_base_logreg,2,3,312,8616d00b5609b9a12db9741cc2c276068fbfffd9d02b80e12bf3dc55ef37b07c,no,no,0.6242479085922241,1,1
learned_hands_consumer,embed_base_logreg,2,4,313,65e5a2fd7a388ba873ac967c48adb5664e74f76db3d95f15af7230c45aa27115,no,yes,0.7239285111427307,1,1
learned_hands_consumer,embed_base_logreg,2,4,314,0b5ab1b563bc3ef18c295476f388386fadc1cf299ab20f258f1dffee0f8157b4,no,no,0.9623046100568885,1,1
learned_hands_consumer,embed_base_logreg,2,0,315,c70617e5ad6a4b2e699841464467e2a1387594382a39a10f5f3aa0ba238dc8c6,no,no,0.5933476509646282,1,1
learned_hands_consumer,embed_base_logreg,2,2,316,bc9f773c51514a7ad309a672115c1b9f79304095ccabcd53343b945d6ce19ec8,no,no,0.5271197557449341,0,2
learned_hands_consumer,embed_base_logreg,2,3,317,0af96d52fa6c71f1943351f5d1a07e10d961983e0c4a66784a937ad8bbaf2f0e,no,yes,0.5280745029449463,1,1
learned_hands_consumer,embed_base_logreg,2,2,318,f4a7c81fbb4fe3b5a0cdb370b458074ab8fa6f11fe41ced9df994fd2f420f362,no,no,0.5860450093136725,1,1
learned_hands_consumer,embed_base_logreg,2,2,319,71d38fe12b75052be0651bda2d4f4efe697b07d365bf41cb14841da2688b94f5,no,yes,0.5643300414085388,0,2
learned_hands_consumer,embed_base_logreg,2,2,320,60a86bc631bcf63cb1c4ced84c0f60928e57bb2abcf79c23baa53fea95cc1aa3,no,no,0.7644162405853343,1,1
learned_hands_consumer,embed_base_logreg,2,3,321,e06e690d6aad76f736293110bf1b57c294435c42a47933cd1acab74063fa7102,no,no,0.5253297090530396,0,2
learned_hands_consumer,embed_base_logreg,2,3,322,a90e11f52d0e31db828e5d845e5fc33cb9bbc6922bce8244891dbc15b22a7483,no,yes,0.5027613639831543,0,2
learned_hands_consumer,embed_base_logreg,2,4,323,7f6a2fb0578a33bc0482677bbc588e70a785c7bea415b62486a564b37d2364a5,no,no,0.9181560805577331,1,1
learned_hands_consumer,embed_base_logreg,2,4,324,91f9aed41e41a457675d9814a53f7e293fdcc37d5ecd967c9a49b0e1b38c3587,no,no,0.8982630834242242,1,1
learned_hands_consumer,embed_base_logreg,2,1,325,ca37e43e8db1c44dbbb19c01ee3aa67ed7d3e032717d029d12d8ecc1e8da9e24,no,no,0.7332877894256178,1,1
learned_hands_consumer,embed_base_logreg,2,3,326,2fb4fb6b593cdd7c3e2fd5c6e362a22a579395bb61b602c450cca3538b8e24ef,no,yes,0.5411104559898376,1,1
learned_hands_consumer,embed_base_logreg,2,1,327,c74e1031658129cec56f52de73b243a87d110480b7489b898798c788c64954c1,no,no,0.5428099794033163,0,2
learned_hands_consumer,embed_base_logreg,2,1,328,12a1ea95bdc51debd507323d28586d8cd6725f1b2fb39a9a12ccea37dd723d96,no,yes,0.556984543800354,0,2
learned_hands_consumer,embed_base_logreg,2,3,329,985ec3dfb0c350854d7b1baac2c3332760dc5c321f1cafa4bfd44c6712e2ced1,no,no,0.5195541536675141,0,2
learned_hands_consumer,embed_base_logreg,2,4,330,335fb0b1b9fad31fa5c37ca3233826815b93d197d51ad6e25f3adb819181b8d5,no,no,0.9379036882832097,1,1
learned_hands_consumer,embed_base_logreg,2,4,331,c1a730a7b254e70e6ac0d37573a2caa83d4df82d7e52868bedaff06ebe6b6878,no,yes,0.6131565570831299,0,2
learned_hands_consumer,embed_base_logreg,2,1,332,2c4155ce67ad13aaa45fffc3554b95daf5261dd7f91fb8fd64dec003bfb9e74f,no,no,0.6688196063041687,0,2
learned_hands_consumer,embed_base_logreg,2,0,333,6ceaa70ea927c42a727227f3a30b6f624dcea1bc117cb238827bb15af9517c39,no,no,0.5752227902412415,1,1
learned_hands_consumer,embed_base_logreg,2,2,334,7d6f93cb8182ac12b92485985653cd0fd562085122909d87b4336f6ee3e4666d,no,no,0.6119307279586792,1,1
learned_hands_consumer,embed_base_logreg,2,2,335,cf8776ba226b044303c6bd7ec8aa16cfacbe82cbb01b00fe365ab899a5adc5f8,no,no,0.5451898412349867,0,2
learned_hands_consumer,embed_base_logreg,2,0,336,63d2423f809c612df5098e911ca5ba908d510a563c38c6d97d504e390d18c390,no,no,0.611682433238102,1,1
learned_hands_consumer,embed_base_logreg,2,4,337,52f14dd7aea76b56f013c46377c11006c81b564a73a8fa44e2a4843c3f9ff85e,no,no,0.7731584906578064,1,1
learned_hands_consumer,embed_base_logreg,2,3,338,cd0992eca3b3ebd4ffcc36e8430e138824f9b105e6764dedf74a8ce2d5549fe4,no,no,0.5034700036048889,0,2
learned_hands_consumer,embed_base_logreg,2,4,339,5a8803fcccb50853b2c3856ee82785bd156f862dd26d34c99efdea4519a7e214,no,no,0.5726115703582764,0,2
learned_hands_consumer,embed_base_logreg,2,1,340,617fea7762c73987c8e9da050c8cae25a1aefb6ea95ff5d081b8e51f028dbf2e,no,no,0.9071521365751058,1,1
learned_hands_consumer,embed_base_logreg,2,4,341,d4093169f98d05e7565a5542038529f1fab35b60cfe43127811daa861d935feb,no,no,0.563835620880127,0,2
learned_hands_consumer,embed_base_logreg,2,3,342,e8a22694731ba2e5a7312f7d4a02b03f7e4bc081c76f7068d665ec82ab92f3c7,no,yes,0.5248079299926758,0,2
learned_hands_consumer,embed_base_logreg,2,4,343,7a0a05fc729a8f64cbb6ca9c295a3805e152b645fbd81571861db6a5918d5618,no,no,0.9533496605606712,1,1
learned_hands_consumer,embed_base_logreg,2,0,344,1de94b175a0dc3b16576ef02ea9b734786aa3bc35b5be8fbeb644479593c01bd,no,no,0.6334697008132935,1,1
learned_hands_consumer,embed_base_logreg,2,0,345,7eba9bd21b877177f0ea63bb88313953a4c47a8eea950c93500fbc398e54e665,no,no,0.6610448163436408,1,1
learned_hands_consumer,embed_base_logreg,2,1,346,aa01251703c5de088b207ee1e21487e51f88caf08d8d578aef87fead3ecefced,no,no,0.6035007238388062,0,2
learned_hands_consumer,embed_base_logreg,2,3,347,e9f5e96f340dd75e497ed93a4a1e722cfce986d2cec52aaa027ca7778586ad19,no,no,0.5243596874368284,0,2
learned_hands_consumer,embed_base_logreg,2,0,348,4b9f93fed8e41a2a2c5f0994cdca3aca0eda1b96dbd2f74d5afcd2a43889c2e8,no,no,0.6581250429153442,1,1
learned_hands_consumer,embed_base_logreg,2,3,349,f05855943024f908afbb53b1527e164e7e5e5ad16ec0192747e08513f2bf77c0,no,no,0.5628158021812381,1,1
learned_hands_consumer,embed_base_logreg,2,4,350,1c49793aa9d1312bd32ea93d0d8c4aefe10836b786d8cadf7c97738717ce9d31,no,no,0.8964633212020499,1,1
learned_hands_consumer,embed_base_logreg,2,2,351,580b5ac0770fb1b9a6472f9a88911a26a88cc2d70c1aa230e26ba6905581d32b,no,no,0.6439204216003418,1,1
learned_hands_consumer,embed_base_logreg,2,3,352,d1a95b753ee546201b5cf71e8a8910ffb93f06b981363dd24190b9627693f2cb,no,no,0.5714309385845345,1,1
learned_hands_consumer,embed_base_logreg,2,1,353,f123cdff3722febd99751bb5a64770c85fc6707f63c07bae56510ead6672a690,no,yes,0.624946117401123,0,2
learned_hands_consumer,embed_base_logreg,2,1,354,013a1816aae065dc4d8f6a910347c85c867197f1497645a47e5cb14cab38f57e,no,no,0.841937780380249,1,1
learned_hands_consumer,embed_base_logreg,2,1,355,d27505c28fcef3d7434ea6bd8d7130e051f02503586c1526d71160be1310e40f,no,no,0.8064943076147781,1,1
learned_hands_consumer,embed_base_logreg,2,1,356,1130e23cb8e7f0a6fc9e659f4c94b732fa1953b7a98b3a9fcafb074532c54af8,no,no,0.7616939431176493,1,1
learned_hands_consumer,embed_base_logreg,2,1,357,9a69a9f0e0418372ec3def21b9ce927af42a49df1d185967290ada823319ad8e,no,no,0.779160213159922,1,1
learned_hands_consumer,embed_base_logreg,2,0,358,d0b3728beaff318ee83ad916c45c5c6802c6634bab63d6de065eff3af6bb2839,no,no,0.6593521237373352,1,1
learned_hands_consumer,embed_base_logreg,2,3,359,492cdbdcc254342378744c1f8b9dadd066628ace9a1a65a515633708701c9342,no,no,0.5370577573776245,1,1
learned_hands_consumer,embed_base_logreg,2,4,360,7c272499aa6af5b9c7b2de749a65adfa813cdc4061012c6f9a62fda253e08104,no,no,0.8397179841995239,1,1
learned_hands_consumer,embed_base_logreg,2,0,361,e09a2160df994ff65eac81266e80dbb544860bb0bf9a7322caeeaddef40d8ffe,no,no,0.5950296102473024,1,1
learned_hands_consumer,embed_base_logreg,2,4,362,7c408b03bdd1535120a56621fe2fc9d7c4ef4b22699b623e4970ee45767ebba9,no,no,0.8276919722557068,1,1
learned_hands_consumer,embed_base_logreg,2,1,363,c41ad8c362d3233072dfc9f51c09010958870b25d095046a29cc7e47cafd392d,no,no,0.8598113784165886,1,1
learned_hands_consumer,embed_base_logreg,2,1,364,67f538667db398f86344c56348d00c791c1ec9ac0aff37d556bb99dd32897983,no,no,0.7515111453606018,1,1
learned_hands_consumer,embed_base_logreg,2,4,365,ddf035db365fff2212de2488a54adb763abc3e92a2dad325570e9d3251388841,no,no,0.748489499092102,1,1
learned_hands_consumer,embed_base_logreg,2,0,366,aee3ace2d8ef27f3660fab84d93dad6ad86bf221676864042357c5e92059a85e,no,no,0.7563365585157789,1,1
learned_hands_consumer,embed_base_logreg,2,2,367,9913f5e62a1afcba67bee35c05d650381598f5b2c1380d1bb2a0f2ae1cc63e6f,no,no,0.6974515707060227,1,1
learned_hands_consumer,embed_base_logreg,2,3,368,00c018554b47c9496be37e1420e4483569efc3e3631c681205edc2ebb9c5b095,no,yes,0.5076355934143066,0,2
learned_hands_consumer,embed_base_logreg,2,2,369,2c68763833a784dd4f1a5569f0af102d4fcf6b344f917b9d6e68c91bf223385f,no,no,0.6870471835136414,1,1
learned_hands_consumer,embed_base_logreg,2,4,370,c585104773d1883d86927f2b034566efd206fde08fe7e1d63efcf06f6ecd9275,no,no,0.5415924787521362,0,2
learned_hands_consumer,embed_base_logreg,2,0,371,7387a5e5fad938d7e99b2c7c1f6e1158d97aec42e8d1218a21f1bfbd2e5ccac3,no,no,0.6594579023284345,1,1
learned_hands_consumer,embed_base_logreg,2,4,372,8a778c2a7882c353ea19f4b4177b18f73596a4d0bdf7c066488b237259d5c92e,no,no,0.6641281645259808,0,2
learned_hands_consumer,embed_base_logreg,2,4,373,66c80303be317d1ece0aedd4cef8d908db80607ebada9bb9e122cc5c60b05acd,no,no,0.8646711368760805,1,1
learned_hands_consumer,embed_base_logreg,2,0,374,844bffeb2e27126213a382107f2bfbd2eeb29a0aa34b39db7c237d94aa21dc6c,no,no,0.7615958565711358,1,1
learned_hands_consumer,embed_base_logreg,2,2,375,ecc85367e5cf37586c263dedf5b348a050bbdf6b9249645651c148dca3f30d6a,no,no,0.5686572959618955,0,2
learned_hands_consumer,embed_base_logreg,2,0,376,2e572efe17abde9794ed1ca8e76aab48311dffe6e5f091aaf53a537351a6ec4b,no,no,0.5188366174697876,0,2
learned_hands_consumer,embed_base_logreg,2,3,377,8339831d993a8f59979c34ab2a332854935bb45ade809ebc382fde5b95859c6d,no,no,0.5290868282318115,1,1
learned_hands_consumer,embed_base_logreg,2,2,378,42142d842605f05b949df18cb8a99bb35cb5a3e606e1f59cff43626743752be7,no,yes,0.5350309014320374,0,2
learned_hands_consumer,embed_base_logreg,2,3,379,84f150b50421abc72aea1ff2b9e810ed64fba7c4f9d5ac41a9be6e901d2ee310,no,no,0.6296589562195228,1,1
learned_hands_consumer,embed_base_logreg,2,0,380,e87ddebafaf120552bd4e34cf6953ec369024fb7fc6e707e8c74058e178b1363,no,no,0.5063477905496296,0,2
learned_hands_consumer,embed_base_logreg,2,4,381,1338d4a9807f0d53047962b57d76cf583420487b44853e8aaab6f0d6d454688b,no,yes,0.6641831994056702,0,2
learned_hands_consumer,embed_base_logreg,2,4,382,ec007d3323dd2053bf052016919bc0af90796fa0ca1b0409c6082066ee97a50b,no,no,0.7958498715735953,1,1
learned_hands_consumer,embed_base_logreg,2,0,383,d2cd0e5ee933d888b506be5632aed8062b91258070bea77b00cbf7a570a68547,no,no,0.7101509782716924,1,1
learned_hands_consumer,embed_base_logreg,2,3,384,b6426951bbccc28e0d00959ce601a50cfdbc42f0b030169fc40a2d195b99f4ce,no,no,0.5320110479596569,1,1
learned_hands_consumer,embed_base_logreg,2,1,385,a7f2631f19f997f8dde0f842d8a44c6be3a43a0e33208d7f010eeb998aedd90a,no,no,0.6164111907359603,0,2
learned_hands_consumer,embed_base_logreg,2,0,386,ee780d03a703ecf7ba9c48251e78cd4e9b7af05645ad48fff61fa919cf492135,no,no,0.5627851486206055,1,1
learned_hands_consumer,embed_base_logreg,2,1,387,2a45a35e29096acb668fa0ef232d5755b039d19bbf414f441fa03b6c6964e833,no,no,0.8487973466157123,1,1
learned_hands_consumer,embed_base_logreg,2,1,388,db01549ee1c2f8c8cddf1988e9091c11b9c05afae796574b4aa7e58eeebe1ec7,no,no,0.9008710846175092,1,1
learned_hands_consumer,embed_base_logreg,2,0,389,63faab04056ecaa75521d5f981daa271b06f41399397a77f5b18772f7982501b,no,no,0.5913705825805664,1,1
learned_hands_consumer,embed_base_logreg,2,0,390,ae83caf06a839c78cbe1c040b85f5774b377a68c7cd5ca4e2df1e6b808f5c1b1,no,no,0.7324329396357256,1,1
learned_hands_consumer,embed_base_logreg,2,2,391,9a3dd5e4246141a2e5cb3351f2f44bd41b29e28912043c8883ba1ee127ba989b,no,yes,0.5062304139137268,0,2
learned_hands_consumer,embed_base_logreg,2,2,392,df2ca5f08012ee422366badb625b7e85f8f8d13eeebbc8ec9a4e52cb9755e245,no,no,0.5670303702354431,0,2
learned_hands_consumer,embed_base_logreg,2,3,393,77b2b7af3d2e7d92346d21688da079b282d2e31d80505b4c19a05b664ed10fb6,no,no,0.5802842205678159,1,1
learned_hands_consumer,embed_base_logreg,2,4,394,ce03177700db149631f5a0748437e3e8ce566671b3939640d10d100e63e3fd16,no,yes,0.6092393398284912,0,2
learned_hands_consumer,embed_base_logreg,2,2,395,a47f0ccc3396c563d1d54cfa509c381c6e8ffadc05e947351c2c88540f5992b2,no,yes,0.5055622458457947,0,2
learned_hands_consumer,embed_base_logreg,2,2,396,d28d9b72ec96132abafad4420752c4f56363e197e4763aacee93a17b42e571ae,no,no,0.5819792574054224,1,1
learned_hands_consumer,embed_base_logreg,2,0,397,c6571efea3285b8369d41b3dd25ef48c253a0e321fcaeefa5d4e89023afe6cd5,no,no,0.6682935357093811,1,1
learned_hands_consumer,embed_base_logreg,2,1,398,3f37d027870da81cb661495002a1a7fc86a664b28df5b372c3384fa16ab115db,no,no,0.7328839520479427,1,1
learned_hands_consumer,embed_base_logreg,2,3,399,1195fd2a250615c2ef282030a1bd1f0805e2944f0343faea81ddf121d0ccc994,no,no,0.603456038339616,1,1
learned_hands_consumer,embed_base_logreg,2,1,400,52755383856e91c2af9d9af2cb1b6b5e2474b17de3d5bc750e466a0cac60f774,no,no,0.840045154094696,1,1
learned_hands_consumer,embed_base_logreg,2,3,401,79a5f35751c76695e1441ec78b28a225fca1c41ea9c82882b2fc5535aa52607f,no,yes,0.5214119553565979,0,2
learned_hands_consumer,embed_base_logreg,2,2,402,e8b28f4ace8f9d83a962e68403786fac2eb9f58c6f2f6f2fb4f640879cb943c8,no,no,0.7252705313345948,1,1
learned_hands_consumer,embed_base_logreg,2,0,403,49b50604e1e593b1474257b9770d20e0a60ddcf54a8b6890e153124f746b8275,no,no,0.6494002535760478,1,1
learned_hands_consumer,embed_base_logreg,2,2,404,9d7dcd2eae72e13950ca10701a907c961252af1dd61008203f0937eed002f2d9,no,no,0.6387256574250954,1,1
learned_hands_consumer,embed_base_logreg,2,3,405,3f5ca9261b2891516e2a5d24447411595d9562c1ff20862e0b1016f7ff1c32e4,no,no,0.5485590859818186,1,1
learned_hands_consumer,embed_base_logreg,2,0,406,4e20b69b4d085a8af12bd1e5f9d7e6232d82ab680cfc25e9a64195c6513cabd3,no,no,0.533142789210594,0,2
learned_hands_consumer,embed_base_logreg,2,1,407,9000d55fade254c6ca05e4c143c5341da66479eca3cc7fcba053382ab0a06d2f,no,no,0.7999307394038031,1,1
learned_hands_consumer,embed_base_logreg,2,2,408,1d4a66a5ebbe0fede76d2d78db8f5fc9f6c99b17daeca5cfecf1d41b10cf80b1,no,yes,0.527745246887207,0,2
learned_hands_consumer,embed_base_logreg,2,2,409,c6ab1cc27fcf3c46640e8614bb3cef65334f694f0dc7ebf7c14f0f95ff582cff,no,no,0.6564299464225769,1,1
learned_hands_consumer,embed_base_logreg,2,1,410,2808314a91f63cd0f210000ca0d99e536b41a5ef2a38b09b99706154ed097563,no,no,0.6259120106697083,0,2
learned_hands_consumer,embed_base_logreg,2,4,411,add411cc48fc3dd30ad7eef9eb447a04c306289987db61ee0f1a60eec669366a,no,no,0.9197781819072095,1,1
learned_hands_consumer,embed_base_logreg,2,1,412,c5e98cba61f5b7e99d394fd52e37b44f2fa2d4bd59a64a4fa6df5eb9c7d968ee,no,no,0.7866681218147278,1,1
learned_hands_consumer,embed_base_logreg,2,0,413,b065f229dea495ea981117badbe33bbb78f927032d079f6b45b57b9ff319ee3f,no,no,0.6641526024296104,1,1
learned_hands_consumer,embed_base_logreg,2,3,414,ba9af4f96d08829a0c9ec6aba9efeff3a00a2093dfdfbd72c8bd45f2bc9e6a69,no,yes,0.5075405836105347,0,2
learned_hands_consumer,embed_base_logreg,2,3,415,5d18d68c26e2f66f512fe9593484b459f2bcea6aa210183c392cf7ad40ddb4f4,no,yes,0.5318177342414856,1,1
learned_hands_consumer,embed_base_logreg,2,3,416,e78402c565c5685cfe8d6f3023b3e7d2a6cacb870295e754ff3c7bd88851a1a7,no,no,0.5164323006997198,0,2
learned_hands_consumer,embed_base_logreg,2,4,417,83791c54b327f91dec027e1575b5e0d327a0464147f41406fc441098e5403ca6,no,no,0.9567507255924677,1,1
learned_hands_consumer,embed_base_logreg,2,1,418,2054be735fa66a7be473f7d8d284cc496f2873f3c0ac26935232ccd60f9de832,no,no,0.8754919236562544,1,1
learned_hands_consumer,embed_base_logreg,2,0,419,bab1e0749854088c9ef136c8cc309c034a76a764cfc21fc0ff53362e4861636d,no,no,0.6025119840350156,1,1
learned_hands_consumer,embed_base_logreg,2,2,420,27beb276d0fba5a8e870d21c77162c178327fc1ad4e1c391cbb90aa0b33604e5,no,yes,0.5267179608345032,0,2
learned_hands_consumer,embed_base_logreg,2,4,421,a1f504238378627ada42e6b4a5188dc174b5f75652a150163843892064abb22d,no,yes,0.5308465957641602,0,2
learned_hands_consumer,embed_base_logreg,2,2,422,a005428946110152b42b0ec6663ca35a25f83f6d59f5b03454dc6b5ded6ed03d,no,no,0.7290879705276481,1,1
learned_hands_consumer,embed_base_logreg,2,0,423,9cbbae94185f89046b6054bb9bccf79344fd2aa88fe2a30fc15f75d34aacbef3,no,no,0.6380475759506226,1,1
learned_hands_consumer,embed_base_logreg,2,0,424,3be047961cac24031e53731a39990092e5be49c19c1bf50858f360635095935d,no,yes,0.5981642603874207,1,1
learned_hands_consumer,embed_base_logreg,2,3,425,ce81291a07edef587b6b3aadc6149395b531a8bc2ccd91e5c553fafdef0a6317,no,yes,0.515518069267273,0,2
learned_hands_consumer,embed_base_logreg,2,2,426,e39dbe75b89613b758ebfbe9bb10832f0a92b0a0f06161e751f68ee02db8bc9e,no,no,0.5423771142959595,0,2
learned_hands_consumer,embed_base_logreg,2,2,427,77f8b279f1b0c7568831f06897e485c63de90d157e9f5bdffc950d8b5339b76b,no,no,0.7293941757263489,1,1
learned_hands_consumer,embed_base_logreg,2,2,428,196d1c980028958aa696f055758fa3b2f6507b7e90205d1bb8c1232f9ed33879,no,no,0.5831533844218667,1,1
learned_hands_consumer,embed_base_logreg,2,1,429,867ba8abbec80d2ad80edb9dbea0eda8dc5dcbafdfbe36aef9c42b95537f0f61,no,yes,0.5886444449424744,0,2
learned_hands_consumer,embed_base_logreg,2,0,430,72af3f1cbcff79519e8d830ce39f1aaf8bc7b8e3c6a420f8e0cd0db3ab43e396,no,no,0.7068294497379497,1,1
learned_hands_consumer,embed_base_logreg,2,0,431,8ccfee9549ab36622cbef033779481a4709533ba1916a502e4daa4bee8356d6f,no,no,0.5082377791404724,0,2
learned_hands_consumer,embed_base_logreg,2,1,432,f86e733c4aa27750c91274e7c1d24ef7fdb6886dedd3cd183e02ae97b21b71a1,no,no,0.6376326274166294,0,2
learned_hands_consumer,embed_base_logreg,2,4,433,4e5a84a0e6bc8a79290a97622c2e27f93f35d3bc1d958a174621ce41587bc723,no,yes,0.617001473903656,0,2
learned_hands_consumer,embed_base_logreg,2,1,434,60115ad7adfb7cd44dc9d3974fa6e91f75d4314b459afb6ad7cf046ec468f5d0,no,no,0.856230352633287,1,1
learned_hands_consumer,embed_base_logreg,2,1,435,c2f8f30d2f33de3ff6d230fe420907389008f3f32d850a0d46c02bed9d4d96a6,no,no,0.8214399692201619,1,1
learned_hands_consumer,embed_base_logreg,2,2,436,c260b7498f71fe45f1424fd2b9a9839f565e405a7d4dcec0225cc32b31aa3ddf,no,yes,0.5278826951980591,0,2
learned_hands_consumer,embed_base_logreg,2,1,437,946f42d7871538b510e3f3addcd2c214d51128c8b0d1497d15b7386ba0a1356b,no,no,0.6407198714995422,0,2
learned_hands_consumer,embed_base_logreg,2,3,438,2ccf77520a102a3a7f63b623e6874716be7a1cf26d8c0f666f6e7470e9e4c438,no,no,0.5096346139907837,0,2
learned_hands_consumer,embed_base_logreg,2,3,439,a701c75cc7ffd4dd2d848114d88c55877c21ca6bc554b06f7a780af98fdede78,no,no,0.5736774206161499,1,1
learned_hands_consumer,embed_base_logreg,2,3,440,1512241f1c901913c1bcb63d7c6958e6e29007920502c9eb4c9eb5dfdc429779,no,no,0.5365749757461242,1,1
learned_hands_consumer,embed_base_logreg,2,2,441,8efb01893e2894f9a68dd4abe86e1aa3273c502cb488596dc29f5385ecaeb2c7,no,no,0.5963079333305359,1,1
learned_hands_consumer,embed_base_logreg,2,4,442,1d2a94502aece3443e17b2cb63dfe225b7a8aeebd081ddb65e6bb2f671212a17,no,no,0.637724757194519,0,2
learned_hands_consumer,embed_base_logreg,2,1,443,0163ad6ff34e85877a0adf35a59c1a346599711f69d7bf4891317aada189c78b,no,no,0.74628084897995,1,1
learned_hands_consumer,embed_base_logreg,2,4,444,8bd8da3916ab6140c8983ae16bcdb2e8e857d786d5b0a809729486e67a0812d0,no,no,0.954221038646133,1,1
learned_hands_consumer,embed_base_logreg,2,4,445,04302b33dfe27e60dab505555f6ba88813973ef1386f0c8b08205ee51891f0e6,no,no,0.8571839588041293,1,1
learned_hands_consumer,embed_base_logreg,2,4,446,1afd1fc0fa21504408f161026b0213f082b591b552e5a77213bf65d60bf4612b,no,no,0.9539663444376156,1,1
learned_hands_consumer,embed_base_logreg,2,0,447,d1d3852aceaedd7f13c819c848f14ecc6dc897da4bfa78ed063ef32ce2ac63d1,no,no,0.539010763168335,0,2
learned_hands_consumer,embed_base_logreg,2,0,448,04a31af43a0322d4e234770268a71818baa3b9f7193dc123c6ce1e4fb24f3e72,no,no,0.6508892774581909,1,1
learned_hands_consumer,embed_base_logreg,2,3,449,a8e84a61c494345c5650ad8117693f333deabc9e041a3b4a22aa1d06393231ed,no,no,0.5753249526023865,1,1
learned_hands_consumer,embed_base_logreg,2,1,450,0854abafaea9b69c2c49c5f64e9f3c95f596dea3588670571b1ed57b744f59a5,no,no,0.6059275269508362,0,2
learned_hands_consumer,embed_base_logreg,2,2,451,9f25eaeb6f65236347aee880ca9534bfc163ad085b06fa72eeb67b405f5f1d62,no,no,0.7099412083625793,1,1
learned_hands_consumer,embed_base_logreg,2,0,452,cbfecefec8a53e69aa8f367aea02a4727b7ee5554da9e45a38e31f065cc3c169,no,yes,0.723353922367096,1,1
learned_hands_consumer,embed_base_logreg,2,4,453,bc4a406688a7b5efef17bfb1b4edbc67f35a63b3de8702b8068df824d666583b,no,no,0.7122829172695553,1,1
learned_hands_consumer,embed_base_logreg,2,1,454,1c6dd5d561b55e7031e5f2adc0da0e9723f06c4b23e08e8904fc1e27c13cd9c6,no,no,0.500406995427817,0,2
learned_hands_consumer,embed_base_logreg,2,3,455,932d945f027160e21bfd51184d91d8727cfdf60e72226309e7516cc368fdc515,no,no,0.564855081890372,1,1
learned_hands_consumer,embed_base_logreg,2,0,456,27da743642e6fe9e9f70f9ff5b3c8febcdf419aed6c38e5e67fa09294c9d6ab9,no,no,0.5988110899925232,1,1
learned_hands_consumer,embed_base_logreg,2,4,457,74043fddd5dce444be8d653b1c6f225528ef532997c766cbce4e5c660ade622d,no,no,0.864495204918158,1,1
learned_hands_consumer,embed_base_logreg,2,0,458,f417273fdbac343a73e3321b40e14d3eafed51eea5cb6c8b788b4ea1eb0afd8f,no,no,0.6282752752304077,1,1
learned_hands_consumer,embed_base_logreg,2,1,459,df68371ca953f13c782ca05591a597acc4b878650efb047c1d8da558f203219e,no,no,0.7687655687332153,1,1
learned_hands_consumer,embed_base_logreg,2,2,460,5a1f2ce82b72f9c1266df09ac2c4d257aa3bee8f5b3972e0fc839db712595ca9,no,no,0.6988170146942139,1,1
learned_hands_consumer,embed_base_logreg,2,1,461,0b54969a9e57430db4a328e94f100a2c17ce2ecd53896ee28aa064697a2b1d8d,no,no,0.6696456670761108,0,2
learned_hands_consumer,embed_base_logreg,2,4,462,0bab903026b7c3c9333fbe20f96dcdd314852e6516b76ab0c53d206790eefac6,no,no,0.9527978790611266,1,1
learned_hands_consumer,embed_base_logreg,2,2,463,41fa77f140f955deec510a2825da39c611b3256f06db66f38fab47e7b78d20da,no,no,0.6934223175048828,1,1
learned_hands_consumer,embed_base_logreg,2,0,464,2425edeaa0bb4c18efdb8f3cf3549bd1e238423ef48243512eb592127b04ee0e,no,no,0.5995779633522034,1,1
learned_hands_consumer,embed_base_logreg,2,1,465,987eae7153585e7a2a0d88ba16f6807b131129542c68eb9138781ebed69e8cc2,no,no,0.6765870057519378,0,2
learned_hands_consumer,embed_base_logreg,2,1,466,b24b2625eafa8e1b32b1e246012edbc8db39764b08f08c67c920f3b3350fe9ea,no,no,0.7880042556523008,1,1
learned_hands_consumer,embed_base_logreg,2,2,467,35b9bab2880db0b2d36d825afd233bf57bda9e5eef479a37b70a41a36c5a5879,no,no,0.6516217991226375,1,1
learned_hands_consumer,embed_base_logreg,2,2,468,6f958da8adbf8531a95cda9abd9c5210f97bffa964d37b7cb0442bcb31d14c37,no,no,0.5878263887115237,1,1
learned_hands_consumer,embed_base_logreg,2,3,469,9e30b352d1c79225ed762c8ded34d155a8f1a9acb805c8f881ea24631aafaca6,no,no,0.6214950680732727,1,1
learned_hands_consumer,embed_base_logreg,2,1,470,6b2d81f7309dbbad5fd9af0af6a0d5e5c76e6ba2b87feadee3468b273edf16ad,no,yes,0.5272764563560486,0,2
learned_hands_consumer,embed_base_logreg,2,3,471,eaaf0b7320c280140ad331ea0601675c5fd7ff6a885286c80d46ea113a3cab17,no,no,0.5803910320880702,1,1
learned_hands_consumer,embed_base_logreg,2,0,472,4e19f210464ca73a7f7a58cd3218cec482dee93c4f53abed18732ac581733e3c,no,no,0.5961934328079224,1,1
learned_hands_consumer,embed_base_logreg,2,0,473,4115fad9f9b83db5ecb78a9be61669ad1018516abc1227f075d62f7563f98f22,no,no,0.7258687235673882,1,1
learned_hands_consumer,embed_base_logreg,2,1,474,f0cadb5492e0ec183a3a3ea7616ae472ae6eff8bbcd445c563fa7c23da261ca5,no,no,0.6506732702255249,0,2
learned_hands_consumer,embed_base_logreg,2,3,475,531a57b154dbd769d4108e15531d27140a960b9c18d233351c7d62f188b8f6f1,no,no,0.5814970135688782,1,1
learned_hands_consumer,embed_base_logreg,2,2,476,8fa4139dbe239bba25434909e55f2fa80c50269832bb68550d65299db5619836,no,no,0.6993115931954506,1,1
learned_hands_consumer,embed_base_logreg,2,2,477,9aec94ea158756c81b27ab95c8b331de3d51619d6ed22d22437d837182c56810,no,yes,0.5631117224693298,0,2
learned_hands_consumer,embed_base_logreg,2,2,478,dc31283a842264461700a1d07d553bc3be03295a75df6770fa6c06015b16fc4d,no,no,0.6720084152224187,1,1
learned_hands_consumer,embed_base_logreg,2,3,479,d8bcfed355b99213c89ac1a9ff427c6c4b1ed05f140ef324e243fdff43ed062e,no,no,0.5437730712822995,1,1
learned_hands_consumer,embed_base_logreg,2,3,480,01de597cf467f8e74cdcd5967327e64399908a15ce5348852dd9dd952a970715,no,yes,0.5568343997001648,1,1
learned_hands_consumer,embed_base_logreg,2,1,481,6d3f546cc7e65f909112f42a52f7c36c1144c6845909f5c0f68d093fbfcdd8fe,no,no,0.5780622363090515,0,2
learned_hands_consumer,embed_base_logreg,2,3,482,76ed3dfb2ec9e6a39f0bdd9bfc8057cdacba2af71015e9bdb02dc0313489169f,no,no,0.5729932955799489,1,1
learned_hands_consumer,embed_base_logreg,2,3,483,931e120b8c3a8979cf4a37513bfbbf87c5b064b350a60733e2408dda7477646e,no,no,0.5961403250694275,1,1
learned_hands_consumer,embed_base_logreg,2,3,484,cecaae8addd481078cd53a5a69e5d8da4b6a98a516613269f4137b01782983d7,no,no,0.5452030301094055,1,1
learned_hands_consumer,embed_base_logreg,2,3,485,b07d2a4ff6a8dceaa18e35705a350c09b7e7f46cd67cf1e630b3cf325c46cc0f,no,no,0.5460537834779555,1,1
learned_hands_consumer,embed_base_logreg,2,2,486,012a4657825e2d7e50ec63501a9322690acfd4226e288797e79c2df8d26962ba,no,no,0.6421612309765449,1,1
learned_hands_consumer,embed_base_logreg,2,2,487,20b699538b4fb5aba69b8c97153f171766a2c4674e8e33eac9eebb1206529fe5,no,no,0.6733616590499878,1,1
learned_hands_consumer,embed_base_logreg,2,2,488,c837c365cb2af81ad03b9121ec3ef43ab40d330362b3b4a17acbdc6fe37d85d0,no,no,0.7182492017745972,1,1
learned_hands_consumer,embed_base_logreg,2,0,489,ed3eae30ccd079f9f129d55e81fae1839ca02ea3e96d61c56b1ccf55fe84687e,no,no,0.6440452337265015,1,1
learned_hands_consumer,embed_base_logreg,2,3,490,18d65e6e4ac267b954fab721a8d2cabcf4346e461537cf69de5e72f51a7c5a79,no,no,0.5231100916862488,0,2
learned_hands_consumer,embed_base_logreg,2,1,491,1de0c196d21d27621ca7c6e1b0386331881a85a41a05c700ff3c5d698d48eaae,no,no,0.7962045669555664,1,1
learned_hands_consumer,embed_base_logreg,2,3,492,daaaa7023a2b99c5064d440cbb801b79c0f04aca364a814e84dc1c4dfc3865d0,no,no,0.5092897263380967,0,2
learned_hands_consumer,embed_base_logreg,2,0,493,ba5d6e2c09e4d63bb1beb689879578b510654791dece0cda170619655fbe60bd,no,no,0.6129321455955505,1,1
learned_hands_consumer,embed_base_logreg,2,0,494,0769d7b7837170d8be575bfc0f6247cb8aa473af2eea89363f68c41a10d2c7e0,no,no,0.669349193572998,1,1
learned_hands_consumer,embed_base_logreg,2,0,495,cc8b2d0978320bbe51dc5e4b1de74ef4b9b277de2e23e12d234df5eb07e460e7,no,no,0.6039333523492024,1,1
learned_hands_consumer,embed_base_logreg,2,4,496,e613741978772ff2af35a8e2703f6574aa51e0f59b958d0ac40bd784a691696c,no,yes,0.5829005241394043,0,2
learned_hands_consumer,embed_base_logreg,2,0,497,30fc1431cc1bd1aa3cf2160a194f94ab74b259ec3b1a245d9a44d4c7cd36702f,no,no,0.700025895237151,1,1
learned_hands_consumer,embed_base_logreg,2,2,498,3e84f9a77980c8201610e1fcd383fac5825e27ba6d5747b53d07a15d820d1826,no,no,0.6005052149145241,1,1
learned_hands_consumer,embed_base_logreg,2,2,499,45f440261959716e956eeb1411ef4686bed9e9775d8fda7f31816a338fa7aa25,no,no,0.657761812210083,1,1
learned_hands_consumer,embed_base_logreg,2,2,500,3369d09eaa0b33274bebd84d0cf53afc9ebc6dd6dbc8f7ea6cdc98d71324c90b,no,yes,0.517143964767456,0,2
learned_hands_consumer,embed_base_logreg,2,1,501,310cdecdcb36d755a158b4b234f965e433bc5d653ce95ec34814c492542b6e9d,no,no,0.724273681640625,1,1
learned_hands_consumer,embed_base_logreg,2,0,502,3f4cf00bdfec2adfe98cd9ed014b1bda2da6b65d534ee0ae60f5a1f4cc7d8bed,no,no,0.7330563068389893,1,1
learned_hands_consumer,embed_base_logreg,2,1,503,bb5add493ea70afa2c752943a32010d534375afbf274f76364f5fd08c8551486,no,yes,0.5181168913841248,0,2
learned_hands_consumer,embed_base_logreg,2,4,504,04a671661b4a945504156fd0073b7bf79e85f7d32382c0d0180634ee46e850af,no,no,0.8698381444763584,1,1
learned_hands_consumer,embed_base_logreg,2,2,505,fd1fe8184fbcfa582a0b2176a6b8d3a33eb68e84c3e941c4565a70212f082b27,no,yes,0.6205658316612244,1,1
learned_hands_consumer,embed_base_logreg,2,2,506,231ee3f5f275519cba825473068fc96cf01d3913b5d14fb747b2bda5abc8ab6f,no,no,0.6347807834977145,1,1
learned_hands_consumer,embed_base_logreg,2,1,507,6739991faf5aa8fa1e6c64dd6d08390a1287fc09742cac2994b33432d5338df2,no,no,0.5490920707312843,0,2
learned_hands_consumer,embed_base_logreg,2,4,508,37ec98dd44986f754e0baa73863d4c9210b359d2ba344ae645cbc8abb39da92f,no,no,0.86330027674586,1,1
learned_hands_consumer,embed_base_logreg,2,2,509,b49a2505659c683cb11a3df13847ac8045a46adfd8192d2c76391a8803a1f4c8,no,no,0.7012977809100682,1,1
learned_hands_consumer,embed_base_logreg,2,4,510,a8217fa585bcf051c42ce021792455104c0b30538cee9d1851b1d4287e25e0f1,no,no,0.8482627615850341,1,1
learned_hands_consumer,embed_base_logreg,2,1,511,e9985a996c1b2327f2216eff3e962fc84a378f193e0d95ba12e5529bf99d15a9,no,no,0.869820773601532,1,1
learned_hands_consumer,embed_base_logreg,2,1,512,df1f494b116ab1943fdfa5b41fa750c836fe604c800651280911f0dc4580a3f8,no,no,0.81439970710278,1,1
learned_hands_consumer,embed_base_logreg,2,4,513,be04d6d56aebd1e9f64044842226e835ae6154a25190109a1e2e0693bee8e9c3,no,no,0.520796910548118,0,2
learned_hands_consumer,embed_base_logreg,2,2,514,da3a06f0dd47af3a2b4ad51ae4de160a3f203e163224d6995c3218e0611096d0,no,no,0.5943963527679443,1,1
learned_hands_consumer,embed_base_logreg,2,2,515,5c56a2375937744f352e8a6ee8be863d82c01648dadf59d6e0540e4d4cd3aa63,no,no,0.74534716443262,1,1
learned_hands_consumer,embed_base_logreg,2,3,516,77ff7a6cc1e79bc95cfd0df1cf2351b19e130cc482374a04d5967c1a85d54773,no,no,0.5227416597979766,0,2
learned_hands_consumer,embed_base_logreg,2,4,517,4a00c73ae7c6524fa4c17e987d72c3f6fa272236cacd79ed166db4d45eebb2aa,no,no,0.610575258731842,0,2
learned_hands_consumer,embed_base_logreg,2,0,518,57d7010f1071da7d8e1852e639021c19ce4b58849818194549f19da7d793ed5c,no,yes,0.5421764254570007,0,2
learned_hands_consumer,embed_base_logreg,2,0,519,b0346537dd7db9e6927d457dddb797ca2160ccc494e76289b9cefcedf036ceb3,no,yes,0.5818527340888977,1,1
learned_hands_consumer,embed_base_logreg,2,4,520,c2be9f06745a8c52db0133bd1fd943903f7fbaa625b0d3d34c2fce9d0ae875e0,no,no,0.944762180873329,1,1
learned_hands_consumer,embed_base_logreg,2,4,521,75d05aaa2c22410aa8b7fffcafce5468bcd99117194cefbea4e1ac86f5f351f4,no,no,0.8283676505088806,1,1
learned_hands_consumer,embed_base_logreg,2,1,522,db05d6507e5e3fa1d10142d3d8a1447182ad4bbba3e4a8370275f7fa482603f1,no,yes,0.524537980556488,0,2
learned_hands_consumer,embed_base_logreg,2,4,523,0cd164612e455d558e41fa9eeac7cdf9afda934ca9be5ff6ca58723a0d4f1a00,no,no,0.7927263260971558,1,1
learned_hands_consumer,embed_base_logreg,2,2,524,64748ff82f5a0b3935c4b036e55eaa3dedc4952ea2df451bb4489eeb560981ca,no,no,0.7081373333930969,1,1
learned_hands_consumer,embed_base_logreg,2,2,525,b84cafbdf8906d4952f89b6677c260f193b288cde9bd9a044da00429a5c1788c,no,no,0.7202153205871582,1,1
learned_hands_consumer,embed_base_logreg,2,3,526,c2c2b5dbf3e12a911a20a8938927cbc7333ac84a79c8659cefb4366be01ff7c4,no,no,0.5665391852420326,1,1
learned_hands_consumer,embed_base_logreg,2,1,527,60c6f915b166a49f3d467e29663aefd916fdb4febc3aed6e9f86dc861d89cdb0,no,no,0.7501159310340881,1,1
learned_hands_consumer,embed_base_logreg,2,4,528,5b8d9992b62967320c49f0330151d6b9b87e86c8b4abbfb6622903ab97a5142b,no,no,0.8490914702415466,1,1
learned_hands_consumer,embed_base_logreg,2,0,529,57d3ccebff848e81befa244f69489b9a171ab42168f6bbc6325439c85b7b0df5,no,no,0.6256563849942799,1,1
learned_hands_consumer,embed_base_logreg,2,4,530,dcc018d1aaf56509688079bc8783b9b23e0de1b677409b02d41284d2fca9040c,no,no,0.6603982251763872,0,2
learned_hands_consumer,embed_base_logreg,2,3,531,4d5492ff6e79ebaf69bd06ebbeabe63809050a927815a156c8a8972229eba0ba,no,no,0.560726420901013,1,1
learned_hands_consumer,embed_base_logreg,2,1,532,ca3ecf1c1ef162d48d1f7e17896f1037dde115892608733e846ec86140631f89,no,no,0.6197831815416569,0,2
learned_hands_consumer,embed_base_logreg,2,0,533,0305a9b842d8022160096d7a46730fab12122cf58393b7bcfe6ad6852162bdcb,no,no,0.7064239768259533,1,1
learned_hands_consumer,embed_base_logreg,2,1,534,3d57a7bd684e91a426d743d44a7a8feae1ccc11b7320dc7c64cdfff7f5651caf,no,no,0.7978367924367904,1,1
learned_hands_consumer,embed_base_logreg,2,1,535,f5d5f15ce9ba190a7120001abc42f1cf21e20e7f2a019fd07a91090882dbd6f6,no,no,0.82824342208738,1,1
learned_hands_consumer,embed_base_logreg,2,4,536,903fd0d792e220feea54ad37c84686d6e6b8e59535fa16d13bc36658f1fc28c8,no,yes,0.8355397582054138,1,1
learned_hands_consumer,embed_base_logreg,2,4,537,9d9b4526cbe24d2a6f2890adb86aace884014a95851e78352d3f4ff1cdcc50dc,no,no,0.5756583385365707,0,2
learned_hands_consumer,embed_base_logreg,2,3,538,30a2b5df9ae4ed2e010f7c2d068372ace7e2577350940484bb48430ae9ea7278,no,no,0.5440843105316162,1,1
learned_hands_consumer,embed_base_logreg,2,2,539,14dd48f8f89acc71cb973a464b51478fbbeeac5361ae069ccdf18c010692573b,no,no,0.7030764222145081,1,1
learned_hands_consumer,embed_base_logreg,2,4,540,60cec153bbc5f214e7135f4d89ed8528e27743234f4739a1eb92e34f1ff44d86,no,no,0.6202563643455505,0,2
learned_hands_consumer,embed_base_logreg,2,3,541,5588471057013e09e22216f158d5fbdc584f612606d94687c13be4b2e55f5896,no,no,0.5105918645858765,0,2
learned_hands_consumer,embed_base_logreg,2,2,542,dc192552b483d0ac3a6d1651b8e21b40837a9426816d9e3f64498e131d76e734,no,no,0.5889509740784474,1,1
learned_hands_consumer,embed_base_logreg,2,3,543,f1f6e92601fdf06f7ca1a57e7556c20884dc45c096f396b9e825f5e32c0f7a59,no,yes,0.5253357291221619,0,2
learned_hands_consumer,embed_base_logreg,2,0,544,3c76189ba90d25579e258776ba63c3c30d8b7d53a978703cf331ee251b4e5890,no,no,0.6004424274099597,1,1
learned_hands_consumer,embed_base_logreg,2,3,545,43a6bc4480553f9b0a214f75f6d48c8e8ce7abc4b7be882e01a9e9df8108a1b0,no,no,0.6108438372612,1,1
learned_hands_consumer,embed_base_logreg,2,4,546,3da37e63dffad75b2ee9a58d491a68e212af0b7d71ac858045a8657165bfadd2,no,yes,0.7463212013244629,1,1
learned_hands_consumer,embed_base_logreg,2,4,547,58137e64ac41ed8e7e81d207383d87b5226b5658728837915a21ffd225d0754b,no,yes,0.6456516981124878,0,2
learned_hands_consumer,embed_base_logreg,2,1,548,c9760c7df4fc3eb826bfb31e080137911ab35ae7f2295614373536be38ff7a63,no,no,0.6682302355766296,0,2
learned_hands_consumer,embed_base_logreg,2,3,549,f68d2b36b0aa1fe05ff7cfefd1bef8b411b59bfd2547573231a9358ce4a847af,no,no,0.5139557719230652,0,2
learned_hands_consumer,embed_base_logreg,2,4,550,9d038dd0243eecf6b7473c2626d4e82af31cbb7798372022403db2c53aac85c4,no,no,0.7338095684704313,1,1
learned_hands_consumer,embed_base_logreg,2,3,551,1f966f4c818ddbda27cb669513c943ee46d73d5252c0de4770bae3e0b1407c6b,no,no,0.5362295072147103,1,1
learned_hands_consumer,embed_base_logreg,2,3,552,47f5ff1d7bfe7621611a502c23a7ceff9d308e2a1dabd5f29755fb341ed42da2,no,yes,0.5280085206031799,1,1
learned_hands_consumer,embed_base_logreg,2,1,553,d4edcad2012a13062a63322c80d9dda6748d539f3ccc68a8ca8515cbf779e532,no,no,0.8286517858505249,1,1
learned_hands_consumer,embed_base_logreg,2,4,554,ba2d5b4602e83fd349fad98b24b38a99bfe1443da99a67d27ba98c8d58a7b182,no,no,0.9120030539036252,1,1
learned_hands_consumer,embed_base_logreg,2,2,555,a6dd6a0f17139acfd501f939d766455a6f082f486b04d50843f5897c950f5a6b,no,yes,0.6070658564567566,1,1
learned_hands_consumer,embed_base_logreg,2,1,556,a1ec095ee15753680fa1dcc2cbce2e048c960c54a4c671af2b889ff01c2a78b1,no,no,0.5750797986984253,0,2
learned_hands_consumer,embed_base_logreg,2,0,557,f50ac2f7ee90df358f730bee0cc541912730af6dc27f334b51ce011788751780,no,no,0.5265733599662781,0,2
learned_hands_consumer,embed_base_logreg,2,2,558,6dbf7b018c755e5418a5bb8020c0e3e0b3b6c2802141270907880a6f7cf37e03,no,no,0.7366722822189331,1,1
learned_hands_consumer,embed_base_logreg,2,0,559,8028cfbd1a2e6305634a58811aaf0ab86462c0aba3c14fb71b4e2d5c466e76ed,no,no,0.6916978359222412,1,1
learned_hands_consumer,embed_base_logreg,2,4,560,9a51675376b7b3914122130018ee7839fc678cd936b6b9ab2de64d3095595d93,no,no,0.6574103832244873,0,2
learned_hands_consumer,embed_base_logreg,2,0,561,46db7874bb17bd0bfc4da9f20d511677c89d9d72e7616f5d2fea321d16a4d2c8,no,yes,0.5494530200958252,1,1
learned_hands_consumer,embed_base_logreg,2,4,562,703e4efa32ffec639b9f5832aba111107a1d6a46aa78b9f0bcbf55786e115a58,no,no,0.9168866140114276,1,1
learned_hands_consumer,embed_base_logreg,2,0,563,7deec0af5174e4beb0d092237b7a51ba2fdd2750e9d0d6b70fc7c0a7dd3274b5,no,no,0.6875995993614197,1,1
learned_hands_consumer,embed_base_logreg,2,4,564,9f89ce31649f5aadaf8602b1ec128212bc82f53bdd4b070be2656d39389bfd3a,no,no,0.5887030538530068,0,2
learned_hands_consumer,embed_base_logreg,2,2,565,52c676261b9c0ec1700eb1af704f89bafe5d3cc2fcde6e3e53ec8d62cdd6d2a4,no,no,0.6583963632583618,1,1
learned_hands_consumer,embed_base_logreg,2,0,566,46c570bb238fa00c335738e90e9894fd264ea59da9a43983805ace67cda3babd,no,no,0.7140622735023499,1,1
learned_hands_consumer,embed_base_logreg,2,3,567,0cce10f57330f13a1fa4583d7fcbaea0ea54631244d26f8a6d66cacba2bc5e86,no,no,0.5384071469306946,1,1
learned_hands_consumer,embed_base_logreg,2,3,568,23d530283c7fa6d23eb17ed2448ff4204346f82e1ff6bba839e171c25a835f45,no,no,0.5830127596855164,1,1
learned_hands_consumer,embed_base_logreg,2,3,569,1c260489f250e26aa71f0f67af2d93564ae951b62570cc33391ef77909e9ff99,no,no,0.5532038807868958,1,1
learned_hands_consumer,embed_base_logreg,2,1,570,a069da037392da85deec01ab7ac053f17bb4d2f8fef4cefb41ffe8b522d078f9,no,no,0.8237857818603516,1,1
learned_hands_consumer,embed_base_logreg,2,1,571,524bb5bf6132a668b140a529e1e06fd9231839d3f515499d615f2e3cbc7aed03,no,no,0.7294163107872009,1,1
learned_hands_consumer,embed_base_logreg,2,3,572,698a24f5972ce2399e34b386818b23e9f4e394b92851cbbbd6edb8b88c1afd5b,no,yes,0.5522786378860474,1,1
learned_hands_consumer,embed_base_logreg,2,3,573,49f564d4ddfce6dfcee859f3e9357c9ab50ff9c0235c7f8261f86942a80bdb88,no,no,0.5996918499561593,1,1
learned_hands_consumer,embed_base_logreg,2,3,574,3ac0c82ca7beef115b86522a5f5f46bd39ba3538af171995361348eafd9b9e20,no,yes,0.5177071690559387,0,2
learned_hands_consumer,embed_base_logreg,2,2,575,867d8d7d603b8ba49fd2224d4e9a4e31af79cb37a9eadbd99a914e0587a6e215,no,no,0.5886729955673218,1,1
learned_hands_consumer,embed_base_logreg,2,0,576,85d2a625103432a6e270c523b2b82873753c1aadea3a856047d52d54f77d7fec,no,no,0.592861992333472,1,1
learned_hands_consumer,embed_base_logreg,2,3,577,710dc3cc876b848944aa42d1a09e59b9090754a8d9bd4a8ec6a95c1d915c9b4a,no,no,0.5161584769534611,0,2
learned_hands_consumer,embed_base_logreg,2,1,578,085d8a8bf0abb16a3a525ab8ae49de081115d9b133ea5c0286dcc920fa1332ce,no,no,0.7084223031997681,1,1
learned_hands_consumer,embed_base_logreg,2,2,579,b22ac3b6da6efba6a1c054601441ac802d6282b2f6c93b97b3f41378a9f9df7c,no,no,0.67875041600318,1,1
learned_hands_consumer,embed_base_logreg,2,4,580,a0a8970a8f7abab6606c6c0dc4e4ed89f48960d36710902cbf788bcae8d59835,no,no,0.9067668712116732,1,1
learned_hands_consumer,embed_base_logreg,2,0,581,c830685ae56b6f1b2910c6ab5de01bdcf3e93705d4ae3850481e9ae6a7ec59c8,no,no,0.7579445951870769,1,1
learned_hands_consumer,embed_base_logreg,2,3,582,a2b8614a6474da04bbec6a1b3421b6c93d315cc44e8958073d1b9652801f4710,no,no,0.5949076591404575,1,1
learned_hands_consumer,embed_base_logreg,2,1,583,2fd3a1b7a973326e591034aa7863f5b09e42e05bb1e3f9d6cc311428d449d4f4,no,no,0.6973667352606874,1,1
learned_hands_consumer,embed_base_logreg,2,4,584,f221ac70290bacf70893417c277b4fb7396aa9262713ef18f437e8c1e5da3bcf,no,no,0.581083280411861,0,2
learned_hands_consumer,embed_base_logreg,2,4,585,a1f95e95ed3bf1df04e2d7306db27c5cd135ef9ea77def78c12cf2c81619e8c3,no,no,0.7739272117614746,1,1
learned_hands_consumer,embed_base_logreg,2,3,586,2ce709e73ee4451d404c5cdc00ea37833fee0b356b8f16d76ff2479b2cbd353b,no,yes,0.5104044079780579,0,2
learned_hands_consumer,embed_base_logreg,2,2,587,618c4d63aaf62f407f26f35d636080cc1e0a032d82f4d1e04c0fb1cf65048718,no,yes,0.5742673277854919,1,1
learned_hands_consumer,embed_base_logreg,2,2,588,4f6bc5578f8ddb17d988262058901424533577bd28369751a61118a761761e91,no,no,0.7124254703521729,1,1
learned_hands_consumer,embed_base_logreg,2,4,589,a9192bcdf65d01e592abf6f0b177a9853ed1c4a2b0ee8742dab11341eaee29d1,no,no,0.7948647141456604,1,1
learned_hands_consumer,embed_base_logreg,2,4,590,067cce98506849a73d82e859c38940708382620ea642806d23cbb8de5187231e,no,no,0.6322564075069549,0,2
learned_hands_consumer,embed_base_logreg,2,0,591,b576cd2ec8f9c40c2bb0abe987f064c2f9f1c25f94d4565ddd83377473d48859,no,no,0.6109353303909302,1,1
learned_hands_consumer,embed_base_logreg,2,1,592,5913bc49040be5c85504a852ac0a112f8e7e340d2c39fb67d7067ee3450e5e13,no,no,0.5194275533982382,0,2
learned_hands_consumer,embed_base_logreg,2,2,593,a25e7edfa72a41526ddc2db76023d27c2db12a24984d2e5a716da973b523f27e,no,no,0.7838062527208589,1,1
learned_hands_consumer,embed_base_logreg,2,1,594,d10b6556e2004b51129b987f5c4531830e2b0822cf2d7017e10a5414707669d9,no,no,0.5965312897125271,0,2
learned_hands_consumer,embed_base_logreg,2,0,595,d6d5572c752218b14019ec07e189728c9b3ddb8d34c3d70488fe782cc31aa988,no,no,0.7143165852333133,1,1
learned_hands_consumer,embed_base_logreg,2,4,596,07573b273be6697368d57299de8abf31240b9402c15219c81c2ee8f9a7f2aa62,no,no,0.6390371918678284,0,2
learned_hands_consumer,embed_base_logreg,2,2,597,6dc6cf31b2c1894f7bcfb26a493a4e5756971e007f5e7be26036cf50c17d7eb4,no,no,0.6277898737129531,1,1
learned_hands_consumer,embed_base_logreg,2,4,598,7aa6dcf85749745744d1eb12d07f65d4b80960c401365645658ffdacc98c266a,no,no,0.8307545781135559,1,1
learned_hands_consumer,embed_base_logreg,2,1,599,5d91de0107b67446aed45672dcfdef4f58baf8f1c037cbe894d9bb1e9578101b,no,no,0.7032098979714483,1,1
learned_hands_consumer,embed_base_logreg,2,0,600,684294f8c7abfb0278d36770f016d23248fd859f28c36cd2400da167f3b2b1ee,no,no,0.6858499646186829,1,1
learned_hands_consumer,embed_base_logreg,2,1,601,241cef5b8e4490252fa54625f6d6db8138d2f2b6887914926c4714fe63225592,no,no,0.6420956254005432,0,2
learned_hands_consumer,embed_base_logreg,2,2,602,264bdc1770e2864da6160b2fb689ad40913ffdda9bc24da7cd4f73e375da64a9,no,no,0.7105306386947632,1,1
learned_hands_consumer,embed_base_logreg,2,0,603,8b25bda48a03414701e65d70dfe129b08d8a1fffbfd6d253c4f8eab80b8e7ef4,no,no,0.6580971283287665,1,1
learned_hands_consumer,embed_base_logreg,2,0,604,a98c95b8dc90508ce61bca07aac73b3000d782c3e8bdb2d8094fa8851213e843,no,yes,0.535505473613739,0,2
learned_hands_consumer,embed_base_logreg,2,0,605,2e2dab0aa3f72da243e332c4316fe221543965532bf45ff04017e1820a01ffa5,no,no,0.699090838432312,1,1
learned_hands_consumer,embed_base_logreg,2,2,606,f898c42315c66b3c1b4818313a33706910ac2498fef748ca5f12df32ed4ea670,no,no,0.5979117333266656,1,1
learned_hands_consumer,embed_base_logreg,2,4,607,edf5ecdbda4cb86f3f4fd1969bf42ba5a7eededc822406ff5bcdbad487d0ebc0,no,yes,0.7452787160873413,1,1
learned_hands_consumer,embed_base_logreg,2,4,608,41d5caaade46df5dd642cfcc5a1c383a53ea033ab68bf9753d941c8fa472857d,no,no,0.9079122408045495,1,1
learned_hands_consumer,embed_base_logreg,2,2,609,20cf2204cfad79c36173c2020ce3d9d1d7bfe049a4659016961fb1f7d34524d8,no,no,0.6385450959205627,1,1
learned_hands_consumer,embed_base_logreg,2,0,610,0970bb84fe7a7ae10755b3ff8e069375c894baa731baadab88c5b85d95df1cc1,no,no,0.7039705514907837,1,1
learned_hands_consumer,embed_base_logreg,2,0,611,53722369d56a509c380ff23472de54953b911d83728e74087c7864d9bf6c5d11,no,no,0.6308103203773499,1,1
learned_hands_consumer,embed_base_logreg,2,2,612,dc4a5fdc229e8eb8b4651e9829068c4a686c371d36c72e2ff9486195b6f27065,no,no,0.6198355555534363,1,1
learned_hands_consumer,embed_base_logreg,2,3,613,1b06f4f278599f2a5f0149ed64529530669a8a3934e0d4e09cf02e4eb40c20b2,no,no,0.6107134637023967,1,1
