task,candidate,repeat,fold,item_idx,text_sha256,gold,pred,p_pred,kept,set_size
opp115_data_retention,tfidf_logreg,0,4,0,e783d6e5426c4d132ca1198992b63a2b77013808d63e267b499744a4c5d1b11b,yes,yes,0.5013524192505061,0,2
opp115_data_retention,tfidf_logreg,0,0,1,ca069ace0fea7074fac7e44b33121935734dd94f589cc9069a738b5884a0f116,no,yes,0.5083467391289471,1,1
opp115_data_retention,tfidf_logreg,0,0,2,94284e1d7b10fa6117e24745885f4a5c871d995ca98a16179c63cacb7e9c8618,no,yes,0.5076607002925348,1,1
opp115_data_retention,tfidf_logreg,0,3,3,ee7f763b4da0bbf780148ff43363b2a907297b4f98c76d7c1e1d2869878a70f8,yes,no,0.6510969949538361,1,1
opp115_data_retention,tfidf_logreg,0,0,4,be54e70c44eb94e44c82413eb316abd303bc0920653e459cc81b65dc610c2c47,yes,yes,0.5006629235862073,0,2
opp115_data_retention,tfidf_logreg,0,2,5,bae4eb887d877f453aee88d3761b630e4bc7ff917be76cb60950cca3ae6c909d,yes,yes,0.7776948096002486,1,1
opp115_data_retention,tfidf_logreg,0,1,6,ffcbe512035ce904259b64a9212131a8ddb5ef6916eb7f217c64a5658bd672fd,yes,yes,0.5645979855853683,1,1
opp115_data_retention,tfidf_logreg,0,1,7,9e061b3940805235e0301ddc59cdad769cb39c4672fdac340725b065cca9eb76,no,yes,0.5388081319180404,1,1
opp115_data_retention,tfidf_logreg,0,0,8,11dbaf4848acf49d21fffc81b9b0ac39e736808cb102bd24ec485e1c9793ead1,no,no,0.5057461108493618,0,2
opp115_data_retention,tfidf_logreg,0,0,9,b35466aaf2aa88600ce3febc4691f6c33a5a185d118a53da03fd134b474427c7,yes,yes,0.5042567316536308,0,2
opp115_data_retention,tfidf_logreg,0,3,10,8c3c2305b0edd2dfbd80ae024d68bf853a2ba001d7e139e796ceed9ab18138b0,yes,yes,0.5738883897930691,0,2
opp115_data_retention,tfidf_logreg,0,0,11,b7123b7c303c69d4e87a4030ed741d9f0ca824b638aab5f65596e20ab0d8c4dd,yes,no,0.5203261382206323,1,1
opp115_data_retention,tfidf_logreg,0,3,12,3a03588f9a14326961809e8f32642ea962dc8708b9b78b365afdda60e89ef739,yes,yes,0.507683324424347,0,2
opp115_data_retention,tfidf_logreg,0,3,13,31bf37f8261b9238c62d1bc86ac8e76cca50a7903aa58122cc6fda4e44cded97,yes,yes,0.632125897364582,1,1
opp115_data_retention,tfidf_logreg,0,1,14,83aee36651f00dedd70cbd9dcad609997907b62cd9bf83a6c3ff2ec5e8d4da27,yes,yes,0.5435419208755041,1,1
opp115_data_retention,tfidf_logreg,0,4,15,0ec789dd289a49bedd0b0b3266a7cffd2be138f7eab28a474b082a4e010735a2,yes,no,0.5059933638857542,0,2
opp115_data_retention,tfidf_logreg,0,2,16,393eae997b97caa2cf9a1da91b63d15664dcaddb694220702d9a143ce913b7a8,no,no,0.6090291066231925,0,2
opp115_data_retention,tfidf_logreg,0,1,17,54c18021f0b5bdd5418fb5f0ae5fa39e1a0754b3d7cf800324e8103487e5cf23,no,no,0.5391165334684752,1,1
opp115_data_retention,tfidf_logreg,0,3,18,03f51ff145336e8b0b3740f93f96fe8af81eb409dffb118976a1aacf863ec171,no,yes,0.5563728232246081,0,2
opp115_data_retention,tfidf_logreg,0,1,19,c89c69b4178c8e62694dbbec4c5ed66aeb0fe5c55e301599ef066e3c3b4385f9,no,no,0.5508993523030175,1,1
opp115_data_retention,tfidf_logreg,0,0,20,8c3716bcecd879ddf0f8827a6cbc7a3abc6d6a93b2089dd3ff73b38ddf0001e1,yes,no,0.5029867332775521,0,2
opp115_data_retention,tfidf_logreg,0,3,21,f15bd4dacb8cb1b84e653d23e7fe124f64a891cc8707ea67a161980021a3b418,no,no,0.7275196894968842,1,1
opp115_data_retention,tfidf_logreg,0,3,22,8f4f45d8a36971e3c0f25e096cde795561185b99b9e955438faba7a4d9fef7ca,yes,yes,0.6837122570841142,1,1
opp115_data_retention,tfidf_logreg,0,4,23,21eac8a720e29bc551d3c8df3375045370305435e24faa05b1d987ac9375d91e,yes,yes,0.5262587399022669,1,1
opp115_data_retention,tfidf_logreg,0,3,24,0dd0744922c1b1301ec97c32fe0ad034feab74cddd8fbda70c8f9ef34b1984cd,yes,no,0.50786966780414,0,2
opp115_data_retention,tfidf_logreg,0,2,25,3fca71487f4cb96371c3aa5abdec8e2b540353f8e48d378f45873ae178857cc7,yes,no,0.809198625235719,1,1
opp115_data_retention,tfidf_logreg,0,1,26,dfe28276bb0dea301638082a29d464d5b991277d523df29efae965421e87545a,yes,yes,0.5171027785680934,0,2
opp115_data_retention,tfidf_logreg,0,3,27,8659994e0d17820ba141784fed4d0c18349ac65ec3723701527ef343db9ba2c1,yes,yes,0.5256463983908138,0,2
opp115_data_retention,tfidf_logreg,0,3,28,ac53d5dac4ea34e954ef4a4c00be85ca1da5b5fc8eb4c64c48283a7577095425,no,no,0.5485147029333902,0,2
opp115_data_retention,tfidf_logreg,0,1,29,357a57196be8d969cfaf00bc58e3c97de8f72e1069c26ab0f58307d2cb1f9d5e,yes,yes,0.6093036717863247,1,1
opp115_data_retention,tfidf_logreg,0,1,30,7049bf1374796642411a05defe57eb86765db47de62248e00e4d77bcac1aee04,yes,yes,0.5522043071276703,1,1
opp115_data_retention,tfidf_logreg,0,0,31,222418114ae837c0bd206440228b438f96014c6de64bdf072ca3006ccff9edef,yes,yes,0.5225656888037575,1,1
opp115_data_retention,tfidf_logreg,0,2,32,f757ac860de8bac9799d7d27ab9656bc254e26812f083c16a02936aa88791bbc,no,no,0.848074235407181,1,1
opp115_data_retention,tfidf_logreg,0,0,33,abc7c023b269931d630379941d539c55e5fa3c28b820a815a5c982c2631c347a,no,no,0.5305366117306195,1,1
opp115_data_retention,tfidf_logreg,0,4,34,7b32204f54e8ce396150ac1e8e02190e1403dc0cabd8a34f0561d5d7e93d436b,yes,yes,0.5124397690971494,0,2
opp115_data_retention,tfidf_logreg,0,1,35,fb2d529b248aa927f32f4656bd77156f68757ecc4f2c5fb3629b8a526b66b9b5,no,no,0.5013800908205929,0,2
opp115_data_retention,tfidf_logreg,0,3,36,7d2ec8df6e3c214c2a93de17d8a3bf0d6d26027cd9d0044c301dc63237fa3945,no,yes,0.5770108339466474,0,2
opp115_data_retention,tfidf_logreg,0,2,37,9ea4ee0eb3d9d04cc9a8af0091829dfe1ab1eadb8752a5a3717462508654ec04,yes,yes,0.907812759634689,1,1
opp115_data_retention,tfidf_logreg,0,0,38,d77daaa5f063858c2906c7034002c097b5b47e32324c222526a7f3d8f02c5e83,no,yes,0.5165688683315178,1,1
opp115_data_retention,tfidf_logreg,0,2,39,ec4a7bd8ad197241c5da09accfc4e31ec5b38e08bef387e0f4331c37a83ba409,no,yes,0.5293095030517498,0,2
opp115_data_retention,tfidf_logreg,0,0,40,169f0b5e0d2932c82322740d6cd06b3021df2a4275d101bbed5152a0caec46f5,no,no,0.506881482834092,1,1
opp115_data_retention,tfidf_logreg,0,2,41,3612cd825f0a2590279962431747097d0fbd3401192a8a62417ab05d87ff7cdc,no,no,0.6035568867976575,0,2
opp115_data_retention,tfidf_logreg,0,0,42,1c8146f855bf4280a45bbd60a4dd1aaf1d2462f0046648c27e23dc401581ad05,no,no,0.5166646399182464,1,1
opp115_data_retention,tfidf_logreg,0,2,43,60b00c02942a44883178b9d27e7722712a65e657f9aa8d7c70f8ed058831df55,no,yes,0.5143815882981292,0,2
opp115_data_retention,tfidf_logreg,0,3,44,1b43600d724d025fee73e8dd3c3f6f6f83b2f2254ac3d807d4267fe457da1367,no,yes,0.5188863791036404,0,2
opp115_data_retention,tfidf_logreg,0,1,45,1b425bddb73825802ebd5efb1770c952a4e9a9ade9939504b3214de4adbb127e,no,no,0.5750783234839114,1,1
opp115_data_retention,tfidf_logreg,0,2,46,14adf82ee0e3d6b6dfdd51d4d9647c2e6deb7e4569137c2c64156837745e8760,no,no,0.7659333066832659,1,1
opp115_data_retention,tfidf_logreg,0,3,47,943b0ad7763955e029b57dcfe7332b1e2eaf864f2607e3e69ac29c6ce7a999b7,no,no,0.5274473033622533,0,2
opp115_data_retention,tfidf_logreg,0,1,48,8f8364b2d3da12fe4295b94efb41660701eff5ff3ccd0f8330dbfff526bc2897,no,no,0.5245445509474143,0,2
opp115_data_retention,tfidf_logreg,0,4,49,6890c79c65173038a805d631a4323d13802b1a084e9e43845b520355afab971c,yes,no,0.5014514526498122,0,2
opp115_data_retention,tfidf_logreg,0,2,50,30f86ee9ab5fc9b4faf8f83a1adc03eb5e79e7209a5d1555158c62b5d07db921,no,no,0.5737144887817145,0,2
opp115_data_retention,tfidf_logreg,0,4,51,f90c0ab836f55a0533b7c63c67a680a19e6febf6f64c800cb0e2330b3842b9e9,no,no,0.5130505046901213,1,1
opp115_data_retention,tfidf_logreg,0,1,52,f11f4e51a1a75b9616635de4a16c46b939966efe3ff9f57c2a10946ae6db0a24,yes,yes,0.5458564741967891,1,1
opp115_data_retention,tfidf_logreg,0,3,53,551d327f8c9be82c0678a13e918c66a1e4261f956d2c31921b9793392dc0fb96,no,no,0.6108279266843467,0,2
opp115_data_retention,tfidf_logreg,0,0,54,7639ec8effacba52f92d78e35873af81a3c909d1bcb7991c3dee8eb8cd155eb0,no,no,0.5102386634195857,1,1
opp115_data_retention,tfidf_logreg,0,1,55,3673e6ea57ecd4f466018707e593a4bdb9b7aef1644bff252a6f08d923f63e94,no,no,0.5583129968706249,1,1
opp115_data_retention,tfidf_logreg,0,4,56,6926dd609cf92d236cc7e7fa5da23576df2d87bc04d7e5abddc73b579061544b,yes,yes,0.5423942068941459,1,1
opp115_data_retention,tfidf_logreg,0,4,57,87174a10546e056f1c501b38df6beb64eb9d06a2e2a4b5ff08d40e522ecc8ca6,no,no,0.532684023371951,1,1
opp115_data_retention,tfidf_logreg,0,1,58,3ba755901c58d9df7c1ba20b53e5b32b53ab34a6e9c50dbaa693d1f7b0488595,no,no,0.5352967103974822,0,2
opp115_data_retention,tfidf_logreg,0,1,59,057e0cd21f3f2d6f8ac7cc0f61244c4a688038e64aa3927b4911c6e6da385581,no,no,0.5101739857225449,0,2
opp115_data_retention,tfidf_logreg,0,0,60,f37843199faf0f23449b8c3794d5f872aa99c2b209afd10d0a95e32d3b24e389,yes,yes,0.5004454937955732,0,2
opp115_data_retention,tfidf_logreg,0,4,61,6ee61c9e44191e66fe010bd3648455dc5265a72fb87b3d7c5a8a93946094afbd,yes,yes,0.5204896487984884,1,1
opp115_data_retention,tfidf_logreg,0,3,62,ca1bb8ae943ee9c0661e965007a76f4432974abc8477582c8c6ccde3c5753505,yes,yes,0.8003108097233513,1,1
opp115_data_retention,tfidf_logreg,0,1,63,acb73fd801c1e421dd498e8b4bf3b9b54243d6505f12ba6260ac82bc8f768f2d,yes,yes,0.5759699435730041,1,1
opp115_data_retention,tfidf_logreg,0,1,64,89b1f9976201dc2173e0bbdc34631faae2a8c790ba6da107d46e02ca87a08617,no,no,0.556372604079405,1,1
opp115_data_retention,tfidf_logreg,0,4,65,2d7f91113988eaa8a6fc7bf434caf085a3ff857c610fdd7a70ad274b22cd61fe,yes,yes,0.5093563223513603,0,2
opp115_data_retention,tfidf_logreg,0,3,66,830329efa7f832e44e99f30030f4a9c15846e8b46fc521879633a9968097829d,yes,yes,0.6563980294674698,1,1
opp115_data_retention,tfidf_logreg,0,1,67,7ce9c26fb6b50a60fd9b2a6ef38fcde34bc68b2d1444bbe9f8ed3fea77f0b59e,no,no,0.5563237321304528,1,1
opp115_data_retention,tfidf_logreg,0,0,68,52f1898017e8ea0e0f71a60eee63f1dc2e5ef17b2456e445f969c030bb48f940,yes,yes,0.5361436088416918,1,1
opp115_data_retention,tfidf_logreg,0,1,69,c67a4e4eaddb86e263afd6a612649b9485c97dae99f189639f96656b9087a012,no,no,0.5086925153546309,0,2
opp115_data_retention,tfidf_logreg,0,1,70,4a68c4a3020aafbdb9c4c6c7c31d71b98e713e853b9cff1de6b14c1c38bc9f24,no,yes,0.5097668955464841,0,2
opp115_data_retention,tfidf_logreg,0,0,71,eedaad9d24addceb170d0b20737c42cbbb718262f7b7f5613310ef3ea6e84a41,yes,yes,0.5179746986851996,1,1
opp115_data_retention,tfidf_logreg,0,1,72,c97186e083514b27770a49119fddd31b1ea91626f7cc343d194e4939cc504c62,yes,yes,0.5011689215261066,0,2
opp115_data_retention,tfidf_logreg,0,0,73,188d814cc1989645ed98960c18733a0b3819b7a5e68c6e14a2678017b393be96,no,yes,0.5059406360437558,0,2
opp115_data_retention,tfidf_logreg,0,3,74,87e15e4c3d53fbff03afef09d99be298396f7f93a460514045fb7cde9649fd1e,no,no,0.559413556192712,0,2
opp115_data_retention,tfidf_logreg,0,1,75,18b1b534d366629f782db652c4bd4bb90f86a28a60fd65718523967f4f0524c6,no,no,0.5024141743635333,0,2
opp115_data_retention,tfidf_logreg,0,2,76,fa803d00ce6546e8478457a6d52ab9b6d8c7630ac8851e1fc52d67f7fb53fed7,yes,no,0.5717088089718866,0,2
opp115_data_retention,tfidf_logreg,0,3,77,08a0b4c02c02ae6cdb3a9a27b5f233c6f7b885749d7ce00159fa175639f6dcaf,yes,yes,0.5492069945575184,0,2
opp115_data_retention,tfidf_logreg,0,4,78,f06dd627e030196b06ee963e24c2dc68097362ee8edf0e1b8f06345c991920c8,no,no,0.5034381062830393,0,2
opp115_data_retention,tfidf_logreg,0,3,79,093e1aa7c495478f254786dbe3a579997e7d3d1e60f1a95f37825c5fb42a3587,yes,yes,0.5311147015037369,0,2
opp115_data_retention,tfidf_logreg,0,2,80,a9ce0f5db9dcfc9b61e4765e319b2b23ad2e83dad1801837b8f01cf5396bd079,yes,yes,0.7488884120071433,1,1
opp115_data_retention,tfidf_logreg,0,4,81,fe853791e43affc0b554bc15ac732e62d21598be47daeff71cff7c70fb3ace66,yes,yes,0.5165048104308468,1,1
opp115_data_retention,tfidf_logreg,0,2,82,8865d6dc769090f70b58a55fda31bb852e5f08b1c77b001d459bf988b50d86b9,yes,yes,0.7543043149277872,1,1
opp115_data_retention,tfidf_logreg,0,1,83,426332d37643f726b27481408434abcfc44dc8851f6c33cd5dd5632af590b1e7,no,yes,0.5039229592419717,0,2
opp115_data_retention,tfidf_logreg,0,4,84,a79935042d83fdf73a42c16202193b860ad3d5911ae723be591572b747a6b7e1,no,yes,0.5106168176898797,0,2
opp115_data_retention,tfidf_logreg,0,4,85,7ff692472ae904d4710c1f7bd076cb8c695d0f94fb75da5726e98b4fc6f4745e,yes,no,0.5014705738188736,0,2
opp115_data_retention,tfidf_logreg,0,3,86,3923241ca81aae32e7fcdbef21d829ba2e206096e796fb081b28142af7f5dc37,no,yes,0.6352640934695167,1,1
opp115_data_retention,tfidf_logreg,0,4,87,34bf5b6a41eaa2411a0ffe792091dd421bc56965d2270c7f03641ba1296ed2ea,no,no,0.5204084186436682,1,1
opp115_data_retention,tfidf_logreg,0,1,88,3e9d2c06dca818e7895dc62865bd1f351c76a6a9a2576ebd72d3c3d723933bec,yes,no,0.5002631262901667,0,2
opp115_data_retention,tfidf_logreg,0,3,89,90935d6dee8a77ca52d1b41a4960016c1f84e12aad956e07b67c47067fe621c0,no,no,0.7335831926116383,1,1
opp115_data_retention,tfidf_logreg,0,0,90,6103e00dfc5b9fc89a1bbc7bca32c60908d3af246a737c3cb6ca752a3b8e4273,yes,yes,0.5255982311158528,1,1
opp115_data_retention,tfidf_logreg,0,2,91,10fd70c10966d05dfbdb4bd28d72e4d99e5b68a81e8201f2ed78f069887174bd,no,no,0.7065115755644826,1,1
opp115_data_retention,tfidf_logreg,0,1,92,8d527e2efc6a8cba2a09b999917ff3f57012ccb85c76b628e3986a189d0f806a,yes,yes,0.670524520692732,1,1
opp115_data_retention,tfidf_logreg,0,1,93,8e7672199331041a2ffbadb8967b89b9584533bbefc1a8b1bdb06df30507a723,yes,no,0.5035783465913706,0,2
opp115_data_retention,tfidf_logreg,0,4,94,60271a38ebd73a503d4d63a7d24736a191329fa4c2ceb064478b0385b89e3531,no,no,0.5141555450250899,1,1
opp115_data_retention,tfidf_logreg,0,3,95,a2f433b20215694a24eb8879748021883ff1a49cef93caad0f629fd8f089f68e,yes,yes,0.6356477097203831,1,1
opp115_data_retention,tfidf_logreg,0,3,96,00c26499d96234846a991a8b3863d4bf82feae4d04b77fc0410d3c5284e88e93,no,yes,0.6402324534782682,1,1
opp115_data_retention,tfidf_logreg,0,0,97,ae95ebca76c16e99e7d1de2c967de0ff8c61305f33f7896c0a229dbe7469bd22,yes,yes,0.5071567034109087,1,1
opp115_data_retention,tfidf_logreg,0,3,98,0e20e01a4fb7381675b2416a2e0129fd586a59aef87aa297fde7e7b33ba79b50,yes,yes,0.6500349140614452,1,1
opp115_data_retention,tfidf_logreg,0,4,99,d65f8be5d2d371519044d7daa6308a21fab28110dfa9283d6c6fc2a24d727b75,yes,yes,0.5218160003759242,1,1
opp115_data_retention,tfidf_logreg,0,0,100,a6826c796e514e13c24f3cd62fdaeb329b4e6a7a7c0fb49333ad9c42077d004e,no,yes,0.5045016049879967,0,2
opp115_data_retention,tfidf_logreg,0,0,101,ae273fb46b67ef555b02f6b977a7bd0ef24425d26b9b57628cedbde78fe0f8e9,no,no,0.523290507941812,1,1
opp115_data_retention,tfidf_logreg,0,3,102,01e3acbc33bf15313b5880a87df86cbbf898f221efc438d21065a2487d90caa5,yes,yes,0.6566135923749458,1,1
opp115_data_retention,tfidf_logreg,0,4,103,a0794a8831efac02f0c596d7fdd4ccd5cc97370cddba1ad6ddea24575530fa1c,no,no,0.5201042237625078,1,1
opp115_data_retention,tfidf_logreg,0,1,104,61b9dffd6a6c84dfcb4ffa8e49c1c0ced89c2c586fd2c56b2197c65619d78b95,yes,yes,0.6070837417541763,1,1
opp115_data_retention,tfidf_logreg,0,0,105,24a215c96bf2875876591826ca6946592923950ca249a411067b3addcbe5ed53,no,yes,0.50086739913213,0,2
opp115_data_retention,tfidf_logreg,0,2,106,1a3457d784d82e13afbc9c92f5bf3cf8647142888d4ae6d381aa825881b2657d,yes,yes,0.7074834627944941,1,1
opp115_data_retention,tfidf_logreg,0,1,107,12e2a92314750078e8927c6895d3e605483c3df2def7e09b9ab8bbc1854455b4,yes,yes,0.5025159466444169,0,2
opp115_data_retention,tfidf_logreg,0,0,108,89d4afba01413f4f026c08de5ab9c1a752ec1fa7bd7ad2ef5f1e405f15a07e83,yes,no,0.5053707493942172,0,2
opp115_data_retention,tfidf_logreg,0,0,109,1f839862705946b52e2163244afbaa70e2426147512f91860dc5601c5c2389bb,yes,yes,0.5271105891265384,1,1
opp115_data_retention,tfidf_logreg,0,4,110,935a7b863897a0ba0c8ad7901ed54fb2f12d631281676d3b3e3bf8aff853ade5,yes,no,0.5169787049542479,1,1
opp115_data_retention,tfidf_logreg,0,4,111,59c16506290887c7b0cddffcf2aa2e5f87747ee6e4f18ed8ee74e52fa2c008dc,yes,yes,0.5396109989386023,1,1
opp115_data_retention,tfidf_logreg,0,0,112,f64096926fb9c78f401fc0854671a223614422af71ed3a0685489963d966ac09,yes,yes,0.5029746451974108,0,2
opp115_data_retention,tfidf_logreg,0,3,113,2bc01bdcffae3876a8c7f082fd32fd529e78059380437c09551033b584275815,yes,yes,0.773635401759272,1,1
opp115_data_retention,tfidf_logreg,0,1,114,4065a65416309e59bf310015b8b8efcc430db139973fb86d117f93e768031bc3,no,yes,0.5307231078938067,0,2
opp115_data_retention,tfidf_logreg,0,3,115,48d314a42dbe9fa058aca1dfb87bcf56f418fe9874699c1489237577f246b045,yes,yes,0.5982519628654421,0,2
opp115_data_retention,tfidf_logreg,0,2,116,2ca25fd3736fd80ab90b2254eb3d425b036dcd4e9e62e4360386e416c9deab76,yes,yes,0.8452619730385913,1,1
opp115_data_retention,tfidf_logreg,0,2,117,1161be58ea49ebc7fce1b9054d77589bb5307b3d56d34a516c160490929e414d,no,no,0.5039237947823956,0,2
opp115_data_retention,tfidf_logreg,0,4,118,414440c3a3ddf73ddf10106fd36a5cacfce9fd199ec8a7b46ee44844418507b6,yes,yes,0.5307138719959212,1,1
opp115_data_retention,tfidf_logreg,0,3,119,0570fb4811b2e51a3e0641efb5a520396a092d396550cdaaafa76fd1dac4a726,no,yes,0.5238147543316757,0,2
opp115_data_retention,tfidf_logreg,0,4,120,021c61c2b34b795a0959f5f7b9354579eaecfcf1f64d296e334113a271188ae6,no,no,0.5125435319074096,0,2
opp115_data_retention,tfidf_logreg,0,4,121,57bc9e8962d8c99f668d7b81efe244628bddf539fcf66d74483a90c984c2c5c6,no,no,0.5301136399094966,1,1
opp115_data_retention,tfidf_logreg,0,2,122,447ae551bbd401748cb52fffaa7c3f115ce1dffe28c99efe5dc9dc0d38122e4f,no,no,0.7167602066991131,1,1
opp115_data_retention,tfidf_logreg,0,1,123,085b13c1eb4bd3144c896064ba632a965391017f9345f3085f1b98209c91afdf,yes,yes,0.5527287986473517,1,1
opp115_data_retention,tfidf_logreg,0,0,124,e4482c06dbe65a91bf1c1f134d6c0e1558da84dd5b5e12594c08686b3eddc8a3,yes,yes,0.5839510575217259,1,1
opp115_data_retention,tfidf_logreg,0,3,125,a9782bc9bc1c192c7edcab363fd4afb1b36914cdf9dafc5b0a12a0823a025886,no,no,0.5973897110784108,0,2
opp115_data_retention,tfidf_logreg,0,1,126,b2a84f40bc79374e0543efa4424fae4d57188002eda7fd63f02dc333becbea83,no,no,0.5548906797261746,1,1
opp115_data_retention,tfidf_logreg,0,1,127,088f49e7378b28bce726054b67e2fabf46daf9e8d352e2a1228c22cf0fac683f,yes,yes,0.6238776510095767,1,1
opp115_data_retention,tfidf_logreg,0,2,128,93bf89a1de994e270413193fcbbcddc3491dcce4054e367a7c1d74c169ad4b14,no,no,0.8238844691378416,1,1
opp115_data_retention,tfidf_logreg,0,3,129,b6bad323bdb4a1398adcba0b0c816828e25650472c3a77d2d6b19f655dab819b,no,no,0.770807188957589,1,1
opp115_data_retention,tfidf_logreg,0,2,130,d5ecccdb1813c7c945c958ccb2c108cfcb2a7bd8707476f5f1365e825a0ad246,yes,yes,0.6741503173620353,0,2
opp115_data_retention,tfidf_logreg,0,1,131,7df5b7ffb7936618b90ec589b9e3fbc2842e1ff8869ad45b308533577fd77d86,yes,yes,0.5449447841724868,1,1
opp115_data_retention,tfidf_logreg,0,2,132,7ebb25afa192ba9160052426ef3b16f9c49812cb556a72816da619716925449f,yes,yes,0.8580457182704136,1,1
opp115_data_retention,tfidf_logreg,0,0,133,d267bda3f7daabde7131ec43fd663b7f38ebcd905b34ddcac52e23248e63f754,no,no,0.5155239586556064,1,1
opp115_data_retention,tfidf_logreg,0,4,134,8ebe484f8aa9fbd1ab3ffff75a73d134e929f509b531bf7d550cd2fbafb24fdf,yes,yes,0.5373447382815146,1,1
opp115_data_retention,tfidf_logreg,0,0,135,9d6da06849780c6cf3a06b96df57fcbef807a25b5373dd15334941d35b8f6a78,yes,no,0.5033422881649168,0,2
opp115_data_retention,tfidf_logreg,0,3,136,9256ff8336f43973ac32483cf4a485168f7281caab039c91aa5ec45e7042acd1,yes,yes,0.7365801645547004,1,1
opp115_data_retention,tfidf_logreg,0,4,137,e08e585482b8d3906c0fcf66a5da160b9e819f25aac0e92c2086f5bd74b9f58c,yes,yes,0.551128318362326,1,1
opp115_data_retention,tfidf_logreg,0,4,138,6fcf71b27d46f55ce193efc7f9afc04455f73116a9db84833f80e06f9ca50565,yes,yes,0.5059582699256294,0,2
opp115_data_retention,tfidf_logreg,0,0,139,c4b6d77aeaa5302389ac8f3608bfb27c4df1b76118cc8f54d2313c0a264133d5,yes,yes,0.5464114807779126,1,1
opp115_data_retention,tfidf_logreg,0,4,140,275a4d4239c413d2e99aedb43348f0606ad8850f1db7dc4e3118c3b47065f91a,no,no,0.5113082050908775,0,2
opp115_data_retention,tfidf_logreg,0,1,141,8a20b838887a4c084a09c1abf0e23b8c9ca43c382e2bbfe5e69c3dfe3fa607cc,no,yes,0.533077369540964,0,2
opp115_data_retention,tfidf_logreg,0,1,142,d59761f593cdeec8646bc296f9d941e7e44cc354579e86fdca852baf273fc357,yes,yes,0.5490323985007611,1,1
opp115_data_retention,tfidf_logreg,0,2,143,e88625cea1e9848ab0c422dd31cb03bb37e230c04824f11aedb42e6256d88861,yes,yes,0.8562419135816921,1,1
opp115_data_retention,tfidf_logreg,0,0,144,472ac5ccf3636aa466c509158d54b8605d606563706d77f86728caf86b56828e,yes,yes,0.5002610627365977,0,2
opp115_data_retention,tfidf_logreg,0,4,145,8b3ae3f08e20d45d17f031fd4b86caaca9a1df9e99e24770119d51d8f0ac3045,no,no,0.514202498249615,1,1
opp115_data_retention,tfidf_logreg,0,1,146,a47590671f0c8a96c36f7d6c9a24adea2693fe733ebba1c9966755e8a4662599,yes,yes,0.5472095238391704,1,1
opp115_data_retention,tfidf_logreg,0,1,147,f499e421475ec682cadb46341e6d310462e81d20c890a16c9b4ad060534ed6d0,no,no,0.5776731690612593,1,1
opp115_data_retention,tfidf_logreg,0,0,148,f0cadbba69345266de6559680ae988e0fed4878bed5c0c92243e9d6d5d9f7bf6,no,no,0.5242973384442214,1,1
opp115_data_retention,tfidf_logreg,0,4,149,f321c837be3d158ef7ff42e4a5c07de189845d4d7b643c668200b64b5c207e56,no,no,0.5116045333307956,0,2
opp115_data_retention,tfidf_logreg,0,2,150,1676246f4b932466894e0b3d528e741e4f90b6762f68e0ababf10e220767ab49,yes,no,0.763455086878063,1,1
opp115_data_retention,tfidf_logreg,0,0,151,619d8a38ba5513f1cec70851f3865bfadc53827c6747264023f10a362373d101,no,no,0.5127094919503157,1,1
opp115_data_retention,tfidf_logreg,0,4,152,1b974e8954f0d9b48a91a29c0214076ca646d79b431e0a4492d19f30afef870c,no,no,0.5004606331780161,0,2
opp115_data_retention,tfidf_logreg,0,4,153,1b5aa100191a7360936d3578d1b9c3564918a79175346bc1ff23b914d46d70e8,no,no,0.5171233922579248,1,1
opp115_data_retention,tfidf_logreg,0,2,154,1fc468ce0666d80d3a1c8e28b4d8988e6f57eb4ba403b9f180c648047c14fcb7,no,no,0.7996082243897489,1,1
opp115_data_retention,tfidf_logreg,0,0,155,2630c3c03b6464991051cceb40eb38f315ce523c5773801b2a3351439cc0170c,yes,yes,0.5059316691982688,0,2
opp115_data_retention,tfidf_logreg,0,2,156,a31f38cb747b69b44e923e5768a51ba824e616032b10029b3afa678eecd6732d,no,no,0.7503684682841751,1,1
opp115_data_retention,tfidf_logreg,0,4,157,ff1baeee0f8055c9e395e216bd36541aa63ad084b6059cee873347c1db25ddc0,yes,yes,0.5091744429970417,0,2
opp115_data_retention,tfidf_logreg,0,4,158,28546a833bc592ba4da981179283a48d9b8e32faed0b19dc3fbd8c7a7dd50f37,yes,yes,0.5354294788688083,1,1
opp115_data_retention,tfidf_logreg,0,4,159,d410d20de93ec6d821438156036e88e141275e0728cbd81aa73889aeaaaaa0a5,no,no,0.5429730845852552,1,1
opp115_data_retention,tfidf_logreg,0,3,160,76c5c816c44786f5d8278d5c4344bd435d73b1ebc675162fd420b7577c9b34cb,no,no,0.7752174667522259,1,1
opp115_data_retention,tfidf_logreg,0,4,161,799451ec0744a90f7eb75457279c0ce6f460b9e3ce9926e51d1dbaf241d6ca78,yes,no,0.5070181175984989,0,2
opp115_data_retention,tfidf_logreg,0,3,162,551af7abca70932f3a0ef1229da16859dacbb33fcc413d4cd74833abb950ad33,yes,no,0.6110625205786133,0,2
opp115_data_retention,tfidf_logreg,0,0,163,a6c7b7ef0cfcf9699e3078342794813b33930d6d73ef7b82d649e0cd79b1f9a6,yes,yes,0.5214327442235989,1,1
opp115_data_retention,tfidf_logreg,0,4,164,5a9e7a696d6ef019dd40f5984dd0ba98efccf5593166eaa0c496b20fa2746a76,yes,yes,0.5278954075428963,1,1
opp115_data_retention,tfidf_logreg,0,2,165,fb5bb7c3433b9471663a47edd44e1cdd1c25ed74aa2c172c37dd997d1e6c1852,no,no,0.5545414368287009,0,2
opp115_data_retention,tfidf_logreg,0,3,166,78bb11f1743e056742c00c3df7250817a755dce1dd5835869a2fb8b84e3bc2a4,no,no,0.6345075666875081,1,1
opp115_data_retention,tfidf_logreg,0,3,167,1abf35a14e7951c638a92c72eb3e662003b16ef0ddd618560be900d5e64f25a6,no,yes,0.5301059884963972,0,2
opp115_data_retention,tfidf_logreg,0,4,168,82f45f405a5e1d0c32c0aa4104f22d7551bc3a67281e641a11ac83effe659f98,no,no,0.5271918558883072,1,1
opp115_data_retention,tfidf_logreg,0,0,169,5e45c583666bd2b302d372c46c671eef771afaf9528578e9829b226172636768,yes,no,0.508019721634894,1,1
opp115_data_retention,tfidf_logreg,0,3,170,a9542e9239ad9fa5fe798e6e26246771ac82a8b7005dad2341ca2ee512a27e28,no,yes,0.666830785505214,1,1
opp115_data_retention,tfidf_logreg,0,3,171,771b749f5c9ba209d78db7f0ac0f63caa7967c12a2872244c725be1a6170e4bf,no,no,0.8138177331591997,1,1
opp115_data_retention,tfidf_logreg,0,2,172,6429e704b1b7bc0c3244e81a91fde9ed92188025964f1d2d310b93923729cfe4,no,no,0.6713800810936408,0,2
opp115_data_retention,tfidf_logreg,0,0,173,2199e3232e265ca67a9644ec81e95b1cb53aa0ad77d8e5f28f54888d985eb153,no,yes,0.5057984716321381,0,2
opp115_data_retention,tfidf_logreg,0,2,174,168c1f8fe9461bd4e50ddb2ced4e38f5b32927ec525c32ef3ef9caf4aac4f36c,yes,no,0.6187071831744977,0,2
opp115_data_retention,tfidf_logreg,0,1,175,7fbc3e8d046e40175885a2131dbd1d61a930c28a1180efc3a9547e585536f7f6,no,no,0.5365662848741843,0,2
opp115_data_retention,tfidf_logreg,0,0,176,501249f20fe324cd55375fb36b14e360a23882582f1ac569eeff4584126cfd87,yes,yes,0.5079048398632585,1,1
opp115_data_retention,tfidf_logreg,0,2,177,12bcae560154d423083c35b272770f335f9553357e5869fb43154ccdf33846db,yes,yes,0.8484693458236114,1,1
opp115_data_retention,tfidf_logreg,0,0,178,d36e9685d44e56c9f78953fa6aaf57669c968b49cd0fe0a1745152927c8d4130,no,yes,0.502542150623449,0,2
opp115_data_retention,tfidf_logreg,0,3,179,65714301dfdbca9f00d701048d1fbf28fce86f25343fcdbcdbf0d9d1b38ccaed,yes,yes,0.7268565764864932,1,1
opp115_data_retention,tfidf_logreg,0,3,180,56b4f2662bf4174e7b8c2938a99ec052b918ce8e1e887eb5cfa74512d3e8093f,yes,no,0.5542489421309084,0,2
opp115_data_retention,tfidf_logreg,0,1,181,786c88cca6c8382022ca97c03b2d0527fed556aefda3e38cac2bab6ffe58dc7e,no,no,0.5023321557753935,0,2
opp115_data_retention,tfidf_logreg,0,3,182,4ecbddf240d7a5766bcfe8d2590717e74dac0e70abd05993cd0430fc1d16186d,no,yes,0.5558188242550589,0,2
opp115_data_retention,tfidf_logreg,0,1,183,1bf325cb55644bf9f3fae7c85dbe467894de54012da4fa9b66d6a3a22673b41d,yes,yes,0.5837237799897593,1,1
opp115_data_retention,tfidf_logreg,0,0,184,1ea805b1eea1cacd586e1eee0f3cfe197a35d7e32fb03708c3c497f723298775,no,no,0.5013291675730935,0,2
opp115_data_retention,tfidf_logreg,0,0,185,19a13f3eb97a89ca1ef1b119b1c9367a382e7060b09a82f69b1e4e35a3c13204,no,no,0.5084110017236588,1,1
opp115_data_retention,tfidf_logreg,0,2,186,425e3ff0ff4eca4cfa77f598fe216971b57633e8ef911f861dc04886f4c049e2,no,yes,0.5231042119454333,0,2
opp115_data_retention,tfidf_logreg,0,3,187,243100889954d3e9c45757d0a63cf23a39a1b2cf49a14ee10f84c234f5996315,no,no,0.5000807534595415,0,2
opp115_data_retention,tfidf_logreg,0,4,188,a062207fb7a531517ea76930d66bb278f5f2ef789cb4451458d1cf34cce4ab36,no,no,0.5170787066578166,1,1
opp115_data_retention,tfidf_logreg,0,2,189,f98e4b656bc0472164c8d54bfdea68ac9091e88ce8b774ed0038896f2cf18427,yes,yes,0.8830898360379013,1,1
opp115_data_retention,tfidf_logreg,0,3,190,ef7a61507dbd56bbdd5333070f23449cc1050797c8e0ea36826e0dc081f6e86c,no,no,0.6159969123108793,0,2
opp115_data_retention,tfidf_logreg,0,0,191,c64822a69e008ced686015ff70e24a6247ef6b472ebe88d75d02e646aabca2cd,yes,yes,0.5387735623850226,1,1
opp115_data_retention,tfidf_logreg,0,0,192,c1502e008f774444d032c5dc418fa6dd1bb36626176c5bdd47028e51f7d5470d,no,no,0.5063097396437901,1,1
opp115_data_retention,tfidf_logreg,0,3,193,494df37378cf8f74264182865f738cc77f8aaf4fdcc9814a86f99a17f131b2c9,yes,yes,0.5860638993537683,0,2
opp115_data_retention,tfidf_logreg,0,4,194,e7bc4ee0cfffa4fec28bcc2e49a2f7152ccfd743b63cad48404579f5346c9a69,no,no,0.528540149523129,1,1
opp115_data_retention,tfidf_logreg,0,3,195,9df22399a60ca5da1e856dcb80c9e8e91c896e4712694be92ec80dae5d669dc7,yes,yes,0.7827455107564729,1,1
opp115_data_retention,tfidf_logreg,0,3,196,484cce2ad834362e2ccb3d4894efcae1dfdf44224b918aece53c17203e3dbff2,yes,no,0.5323433776984903,0,2
opp115_data_retention,tfidf_logreg,0,0,197,e822d4f401a34b07af4ed5395f92f976cdc7b0ce397e1c2ffced1c937c81d2ec,yes,no,0.5104022426725154,1,1
opp115_data_retention,tfidf_logreg,0,3,198,57a74ccfcfe7608c6f4350d2552457ccbdd2eb9ba720641c524fd09bc5598fe2,yes,yes,0.7692616376805431,1,1
opp115_data_retention,tfidf_logreg,0,2,199,1fab31543ccbbb32cdadd46142e45a56f35e1d1e3450b5b59654008ee2c58452,no,no,0.6948381888561079,1,1
opp115_data_retention,tfidf_logreg,0,3,200,2e8ae1b53bbd23b3cdf5e510ad01501a6c3c77c83c76edc9d6220387694b3146,yes,yes,0.5701475236400634,0,2
opp115_data_retention,tfidf_logreg,0,1,201,3004082ff910b7c447da1693b12bc592c912baba20a3f7fa3d8856806981f07d,yes,yes,0.5707774353422499,1,1
opp115_data_retention,tfidf_logreg,0,3,202,b3cb815b0e314945f81b1e51e706918ed3fa4180164a7815cb8d50075cf7dd77,no,no,0.5431537123910437,0,2
opp115_data_retention,tfidf_logreg,0,1,203,afe6b4fcda20339effa6c437b8dddb0737ca5774f21b675e10cee4edcb0b2ba6,no,yes,0.5257810626852697,0,2
opp115_data_retention,tfidf_logreg,0,2,204,425e6f8fb17f0976e13e4561a405d2be1bf2feaa4d817ac2d139387146f3bd31,no,yes,0.5586638858122703,0,2
opp115_data_retention,tfidf_logreg,0,0,205,9e4ba9ac193a5b11eed78ae6cf09f456a4bf6cbeb6b7ecc8edbdc4eb64b40ee6,yes,yes,0.5287587128994242,1,1
opp115_data_retention,tfidf_logreg,0,1,206,01aedd6fb8f591d73f87602fc32e2eb3f589628586199ae0a08ea28cc0095f28,yes,no,0.5137162920183169,0,2
opp115_data_retention,tfidf_logreg,0,0,207,cfa624403984bc99aecc9847407eddcedb97c357900a09f4b366afb61186bb7e,yes,yes,0.5031377595326656,0,2
opp115_data_retention,tfidf_logreg,0,0,208,deb1609f9680931ac921c3f39ec34329f8267411177d3d90aa9ef55f56a7b498,no,no,0.5218347696329682,1,1
opp115_data_retention,tfidf_logreg,0,3,209,268317cace58fd35238bcdc0b1215a3d8e099f45eeff329dd80dde5b2353fc8d,yes,yes,0.789936246837341,1,1
opp115_data_retention,tfidf_logreg,0,1,210,fcf9351be7dab9559af1a3b9c986fe2cf37456ba80908e462dac832ba398700c,no,no,0.539044233864364,1,1
opp115_data_retention,tfidf_logreg,0,1,211,f678cfdd7e9c0f3928c9f066039490ad2fa404de918d07e36115bdf6c4949d41,no,yes,0.5092392739238406,0,2
opp115_data_retention,tfidf_logreg,0,1,212,32a41e20f9d847ef04f07df2b8622a480d1dece63261191cda3bb3996acd72d3,yes,yes,0.5185423517878457,0,2
opp115_data_retention,tfidf_logreg,0,3,213,8ec9dc8ff6db732637848bb964f217566251e05b5c258dbbbd97c7eca79c0825,no,no,0.6734302013643465,1,1
opp115_data_retention,tfidf_logreg,0,0,214,c6627196674562989315bccb36804bae1115c2df68464968e8556abba6ca6fa1,no,no,0.5100184166784524,1,1
opp115_data_retention,tfidf_logreg,0,4,215,8f6572c828f9d34a2984a9e493510acace0a0962806968f2338456db9b64f909,yes,yes,0.5151147216389687,1,1
opp115_data_retention,tfidf_logreg,0,0,216,79705eaf61441ff37f6d5f11fa8666e9ff5564b4ee175daebaf8f1c6dabb226b,no,no,0.5047759505828331,0,2
opp115_data_retention,tfidf_logreg,0,3,217,579c64913914b83e0bfb518994954c4f9689ff6263b5fdda7696a61482e31b27,no,no,0.5315833606191291,0,2
opp115_data_retention,tfidf_logreg,0,1,218,52c3657ff1bfb928a7a3fa625c19d563556e3925b75890eb6b0b602df7ac91f3,yes,yes,0.508258703020733,0,2
opp115_data_retention,tfidf_logreg,0,2,219,32fe73db251df3aa92db6a1a1c681bcd91e061358c14841e50814e1b413f3f19,no,no,0.603163049882008,0,2
opp115_data_retention,tfidf_logreg,0,3,220,b1ccd2bb7370a2a763dad092f888f4e2a97f2f2935ba8fc5305bad5a7da03e91,no,yes,0.5002722513851205,0,2
opp115_data_retention,tfidf_logreg,0,2,221,286dd9f430087d20ac2b2d1e5b2ffb027e6a3c17c8c712179d567e3f74262574,yes,yes,0.7572714584178969,1,1
opp115_data_retention,tfidf_logreg,0,1,222,7ae91b4e09b70faf3863bcdf2881b4370a1bdee1421be7b09a07b40ea31bbddd,yes,yes,0.5380955829524582,1,1
opp115_data_retention,tfidf_logreg,0,4,223,46ab7b708623a654c3f4754e7de54d0f7f5262c25a56a9089ec4b0a06321e5ce,yes,yes,0.5029877018999581,0,2
opp115_data_retention,tfidf_logreg,0,2,224,9ccbd99d243f6fccfdb5ade9893285b113a60399c981dd39f15468a92272b280,yes,yes,0.5095772324624498,0,2
opp115_data_retention,tfidf_logreg,0,4,225,dc2bcbcc57f6752c67ab7f8f29e23d38c5ab5f2b5853eceb626946f7fef43e63,yes,no,0.5053702579895047,0,2
opp115_data_retention,tfidf_logreg,0,2,226,ebd6ff5a40784887fd22e2a782aa8e6c5172416cd89da968f0a8ca8a1c587032,yes,no,0.5110357785209915,0,2
opp115_data_retention,tfidf_logreg,0,4,227,d19696c556b2338e90c8b6ffeca489622dce2a164aafca75bb4404c204b35f14,no,yes,0.503393771624765,0,2
opp115_data_retention,tfidf_logreg,0,0,228,231bd657c2964de6c6ea8a1d9437fd6afd87001f261f26031a982be996c8cdb2,no,no,0.5160493965974922,1,1
opp115_data_retention,tfidf_logreg,0,3,229,07695545e4b0ac85eb721da8201b6633989f41219d0813c611a3b4b94e43300b,no,no,0.5441191945516968,0,2
opp115_data_retention,tfidf_logreg,0,2,230,07c588e0587dec8248cc485ba9c6576750efed45b3a5b316f1070256eab6fad1,no,no,0.627140958002333,0,2
opp115_data_retention,tfidf_logreg,0,4,231,7ff692472ae904d4710c1f7bd076cb8c695d0f94fb75da5726e98b4fc6f4745e,yes,no,0.5014705738188736,0,2
opp115_data_retention,tfidf_logreg,0,4,232,6976f37f3945036a2d6a03e8d1fda2d187b08666dcde5d5fb041ceeb3fad051d,no,yes,0.5017724237600012,0,2
opp115_data_retention,tfidf_logreg,0,1,233,24329a0a8cf39a8b9c64fb2e1a20cb53a03b54d4ec040ae95fdef41c0fe61c48,no,no,0.5484386836175479,1,1
opp115_data_retention,tfidf_logreg,0,1,234,f84077447e66f9200b7a8102f0008b329629b65cd75e9c18d9a70e14f0e12b6d,yes,yes,0.5615610904535159,1,1
opp115_data_retention,tfidf_logreg,0,1,235,1e59f4141dad643b5759ddec3cf94ac691b5377cc52812cd4a13c121cc31d379,yes,yes,0.5025420099022475,0,2
opp115_data_retention,tfidf_logreg,0,3,236,e278f2edce8b4e0802417192f137cf31f4d4f91e3b80757695952d1b52e2340a,yes,yes,0.5703005182119945,0,2
opp115_data_retention,tfidf_logreg,0,4,237,01828d6aebf17dbb1ad67764d82b586f69e1acccc913ebb33a8dd70e22e17a55,no,no,0.5083599368346101,0,2
opp115_data_retention,tfidf_logreg,0,2,238,a655398af474837f8aea04a211d471f032e92a6dd95cde5aa013b3742aa07e2d,yes,yes,0.8590336037146903,1,1
opp115_data_retention,tfidf_logreg,0,1,239,804847995735f8dfa9797e268facbb80a5b434604065fdf81cb85fa16a925e3f,yes,yes,0.5076657308018693,0,2
opp115_data_retention,tfidf_logreg,0,1,240,50b52ff785cc7ba25950a1e06086d5e1acf219d84091ca95765ec22900044578,yes,yes,0.5993691635400802,1,1
opp115_data_retention,tfidf_logreg,0,2,241,3f34b14ee060ce604c8fa33a42f0adbc49a3eef1ae996f5a64eba6b33e55d486,no,no,0.7518201627999795,1,1
opp115_data_retention,tfidf_logreg,0,3,242,ac38c4e75d9ead7df72ab064029c60831b86c70cc9cc2ef142ccc77103916c5a,no,yes,0.6939451511747772,1,1
opp115_data_retention,tfidf_logreg,0,4,243,ad34a91ff28db78f3828eee27f65dfc77194d18529b5c5a72f714c550a1bfee8,yes,yes,0.5028546948028159,0,2
opp115_data_retention,tfidf_logreg,0,1,244,7f58b2111392f889922217ef5d4a11f5cede6eb86408b0140fbb832204f39c63,yes,yes,0.5337856973390835,0,2
opp115_data_retention,tfidf_logreg,0,2,245,0f685ea5f05b7bd2894de89b143ea229c2ffa042482785574cb759d9a54bc06f,yes,yes,0.9419498618107378,1,1
opp115_data_retention,tfidf_logreg,0,2,246,ae9063afaaf895e06d6bc6fd779839bc111acb3ed9913ab2199c848f1581980d,yes,yes,0.7755622248657904,1,1
opp115_data_retention,tfidf_logreg,0,2,247,50a0e0ba2aca555b3c28b225f87b1942031bdabcf9d04f89dda1b39b96bd9b42,no,no,0.5301935707800827,0,2
opp115_data_retention,tfidf_logreg,0,2,248,e70de619913753bc42a24b74c19fa0f6d78b4f2065dd29cbdd1d094d8a1c4958,yes,yes,0.7852328158874493,1,1
opp115_data_retention,tfidf_logreg,0,2,249,38525a384cff0762f804e1a21a7b89ac657c8eab1c3a09f8da7f97a684ed8cbb,no,no,0.8600446797188902,1,1
opp115_data_retention,tfidf_logreg,0,1,250,a608d369acb8b39938b51bc67b06b14e46f4e7b30af9060ec12d40ec76a02693,no,no,0.5218960539432718,0,2
opp115_data_retention,tfidf_logreg,0,3,251,b6849c5e7505d5ea81a96d7302dc64625027f1333fdd1ad5acdc5674a1356024,yes,yes,0.785173090654024,1,1
opp115_data_retention,tfidf_logreg,0,0,252,2f62c54cbda8addbe6232f8471c0c55c65ddf75bd4f4201f20095a468a6d4a3f,yes,yes,0.5038395374700146,0,2
opp115_data_retention,tfidf_logreg,0,1,253,a7f9911c6c83b3445ee6ccbf2a64537355af6eda468b91834e1f28a39870328a,no,yes,0.5490934733195386,1,1
opp115_data_retention,tfidf_logreg,0,3,254,331b1f34bbf6a523faaf139562c3206a26f73f76a0af24ccb8b7d410c5809648,yes,yes,0.8219064315528037,1,1
opp115_data_retention,tfidf_logreg,0,2,255,1e9d5bebd73b6b03196102c13d6398e9684f640319406b8cfd2182f5efec90e8,no,no,0.8332045981872594,1,1
opp115_data_retention,tfidf_logreg,0,4,256,c385be8e4dc911b9d1100018a19156fd997244226e0ad228c94cdf495b72c9c9,no,no,0.5235201045372166,1,1
opp115_data_retention,tfidf_logreg,0,2,257,f316ea31b0b9f52d7e58dea2321f7f1367c3b9713783bc8e8a54df26122cb53c,yes,yes,0.7688616553998947,1,1
opp115_data_retention,tfidf_logreg,0,2,258,f869eb75e9a1654c2216095771718fd988f6460ba8e79d76d0dda31b878d4a0f,yes,yes,0.5822381671530098,0,2
opp115_data_retention,tfidf_logreg,0,0,259,9a18bf5bedcef58fb061941815a1dc4f26be41d24545b1dedc4a4cd9c3882dba,no,no,0.5259138937477152,1,1
opp115_data_retention,tfidf_logreg,0,0,260,7787497942b66196747d386679fb92dd42ec1ca9c3e6b38147ab015d42b529f9,yes,no,0.5053971588255721,0,2
opp115_data_retention,tfidf_logreg,0,3,261,00ac89c540730a3531332c3398cff49e8db87a948ea4434b63039bcb165b2c66,no,no,0.5851909880035842,0,2
opp115_data_retention,tfidf_logreg,0,4,262,b3eaec0a573a24dbb3b21c0d97605c822ad645c92272d7e319ba9f7a8dd0a73d,yes,yes,0.5138952411765374,1,1
opp115_data_retention,tfidf_logreg,0,4,263,83055255358a99afb2a4d5dfa1be49e9d6fd08fb4cf38447b4bedcb96fbaca8d,no,no,0.519278738654289,1,1
opp115_data_retention,tfidf_logreg,0,1,264,6c7d9bce9289e4f305f3bc9a7102fc099f5e7104e35642b6ab9464a465815dde,no,no,0.5889365646362098,1,1
opp115_data_retention,tfidf_logreg,0,4,265,f0790f05da1a430476726fb1d935f7e771506db7ce34ebd7f8865c7b3ce9deaf,no,no,0.5075567202305002,0,2
opp115_data_retention,tfidf_logreg,0,2,266,6b6d1b46091d740d9c3bf0588df61c7c5df56a0200635bc1d29ea0280f4fb3c9,yes,no,0.5054334128618321,0,2
opp115_data_retention,tfidf_logreg,0,2,267,5c6dba33e1a2705163733543bfde75d0e215a2360c17dbc9cf06ae0c153b6014,yes,yes,0.9716509072274607,1,1
opp115_data_retention,tfidf_logreg,0,0,268,097d257865b8010cfae87562ae3acd3cfdd11d628daf6eb19ef0fb02f8aa5cfd,no,no,0.5307732984301388,1,1
opp115_data_retention,tfidf_logreg,0,3,269,a7d0e7229ee813df0da48f22c8b9f7164d3d78eb630fe2d9c12c0b817523b0bd,yes,yes,0.6239264922522525,0,2
opp115_data_retention,tfidf_logreg,0,0,270,0585dd317c2fd60618e5b686ab9f9d98a1498248e25825af326df46675c317bb,no,no,0.5197851799219992,1,1
opp115_data_retention,tfidf_logreg,0,3,271,944fc9978a2a6b5e1ca37acc5b4274abb44dd61ceeb497332d87e0966bd5b850,no,yes,0.6752082241765041,1,1
opp115_data_retention,tfidf_logreg,0,4,272,6882433d496d02569b5744fb8aa186a9982b24c294237298ad5e876598182f8e,yes,yes,0.5012181588420909,0,2
opp115_data_retention,tfidf_logreg,0,2,273,77d837bdb3945e037c6bc1e1ceffccf5972537d088e53139f85cd61a40ba32bb,no,yes,0.7769262564233066,1,1
opp115_data_retention,tfidf_logreg,0,2,274,ac03c789e91d566843ad44eee24526ca26c89d6e49ae164d8987eecfbffec7e0,no,no,0.6026046624760453,0,2
opp115_data_retention,tfidf_logreg,0,0,275,631509edaa82bfb9fe669ef2c49aab37a6a8b5ded6d502ee11e0982aa874f854,yes,yes,0.5216437809990087,1,1
opp115_data_retention,tfidf_logreg,0,0,276,a943897a4f2d7fe76699b0f268dd2dfd57ada734ac5a21bae2739666abe7d190,no,no,0.5425127399242317,1,1
opp115_data_retention,tfidf_logreg,0,0,277,e397b9fb3a1c4f92db03685edaf800fbcd4fc51e0b0121c1f0eebb6a868e6afe,no,no,0.5142807150171889,1,1
opp115_data_retention,tfidf_logreg,0,3,278,8c3bafbb5ff5851b2762dd74740a9378d5b1a8ee8e05b0195f923bdc8ecd18c8,no,no,0.6357177348087573,1,1
opp115_data_retention,tfidf_logreg,0,0,279,dff95303893a2a3012f5c89bd306f5e5ecdf1f4aeded9761df3aa3a04cc3e317,yes,yes,0.5051888067616068,0,2
opp115_data_retention,tfidf_logreg,0,2,280,7e39a80962a7f4e89e48e00fa790fd0fe9a679346f05446bc5648239a5551aa0,no,no,0.5000141624754892,0,2
opp115_data_retention,tfidf_logreg,0,1,281,37026006daaf329041e125901210e0ed07673977b50ab75247530d80efcab30b,yes,no,0.5234228519592651,0,2
opp115_data_retention,tfidf_logreg,0,2,282,5a91dd4bf9e4d39f9bb845b50ecec4b500fa2c0314aab3146eb267953b009191,yes,yes,0.7273181572438742,1,1
opp115_data_retention,tfidf_logreg,0,4,283,eee0077d4ac9d0305983ae7802727bf2185a52bc5a0ed3f9248da5977fb9122a,no,no,0.529613139652076,1,1
opp115_data_retention,tfidf_logreg,0,1,284,e4a77beb5442f26027cc4c8e99456c5e2f3a51e71efb7986820a6eaa41688a2d,yes,yes,0.5977633074263269,1,1
opp115_data_retention,tfidf_logreg,0,4,285,5fb1ee934e23642de0a5dbffa00ae79d14f0668f5bfd41272c0f7608f3e65093,yes,yes,0.5121694507996242,0,2
opp115_data_retention,tfidf_logreg,0,1,286,0099b44663fb6e62c7e0e721a23c1a9d02a508dabfb9b2578697a893040f6288,no,no,0.5028229814889589,0,2
opp115_data_retention,tfidf_logreg,0,2,287,20fff12dbb9c94a47ff332d13ed9d2e47a8a20112eed351497b59496f4c96ebd,yes,yes,0.868600635524173,1,1
opp115_data_retention,tfidf_logreg,0,2,288,a4050cf1e40640de6f219bf7c86291057a6cbee66710f4cd042edb07054c5be6,yes,yes,0.6906237120602144,1,1
opp115_data_retention,tfidf_logreg,0,4,289,320dcdb13784b37639fdafd0af9f079b25a6aa37dde118d245f2bc0104d6b690,no,no,0.5263807755366636,1,1
opp115_data_retention,tfidf_logreg,0,4,290,f5be7fd433b991df2123b66c275591e49ff85cb116360f92ee76067c29dbd12c,yes,yes,0.5442069352763361,1,1
opp115_data_retention,tfidf_logreg,0,2,291,e69d683bf0662b37561b1eb6e1eadbe3dbf2c0fc148cccd4119fa231a1917b46,no,no,0.7034268637544033,1,1
opp115_data_retention,tfidf_logreg,0,4,292,e71d0801d3af067794624eb24a6a7950f40c6f4d4085ac685a9a21cce1a77b6e,no,no,0.5167827637625688,1,1
opp115_data_retention,tfidf_logreg,0,1,293,1acb0285d3cfc413a7c38dc1ccf0f2c5a261adee395934e6349f4ff2c667ffc0,no,no,0.5754830652440988,1,1
opp115_data_retention,tfidf_logreg,0,2,294,444c17be4227f834a15ee572c9dafe389dcf10a58c327e9fd52cdeb52180525b,no,yes,0.5596161428335267,0,2
opp115_data_retention,tfidf_logreg,0,4,295,5471e9917d6773e7cca7dfe6c1af9f17cab56f9e46c9fe79a2cb9f3b5aa78979,no,no,0.5039280383158335,0,2
opp115_data_retention,tfidf_logreg,0,0,296,5989c62c021f0138063006ce222bbf64c49993ca3cc330a85b7de6251fd55d4a,no,no,0.5061878701646747,0,2
opp115_data_retention,tfidf_logreg,0,4,297,14bf42e067c5794d14a9be06281a809438d1eb4db47d247e3d427c04e7c7b7d8,no,no,0.5080766322539201,0,2
opp115_data_retention,tfidf_logreg,0,2,298,b15dc5db6c11da7e9e28ac8b682ecf14ea64add66b77475cc6a51d7ad4b6251f,no,yes,0.5093058728172427,0,2
opp115_data_retention,tfidf_logreg,0,4,299,11ee9a0aa806f739c5dd8e99fdbcfd8cfb6d3432051f7807ebbce9705af60d4f,no,no,0.5004872655937513,0,2
opp115_data_retention,tfidf_logreg,0,0,300,78ea85a7c27cb91431dc8fe4ef5ca476168da0bfb1c2555b615c16afe4307bd1,yes,no,0.5147909354530449,1,1
opp115_data_retention,tfidf_logreg,0,0,301,b69f6562a892fcf7ce6acd9e1ed4adf2cd4690cd068b2c75954e8b8cfe2b5d31,yes,yes,0.5173684615998345,1,1
opp115_data_retention,tfidf_logreg,0,2,302,07e78088b1f4bf413cb549c9e9b38ba43b6f611aa69c382daa758e1f0961be13,no,no,0.8344046094701024,1,1
opp115_data_retention,tfidf_logreg,0,2,303,77402fd1b3ae2f41ccc476fa26f6f353a8f2c28874c13d0d780f12c0ab3dbda7,yes,yes,0.832344500985187,1,1
opp115_data_retention,tfidf_logreg,1,2,0,e783d6e5426c4d132ca1198992b63a2b77013808d63e267b499744a4c5d1b11b,yes,yes,0.6216954708969169,0,2
opp115_data_retention,tfidf_logreg,1,3,1,ca069ace0fea7074fac7e44b33121935734dd94f589cc9069a738b5884a0f116,no,yes,0.7483721357255708,1,1
opp115_data_retention,tfidf_logreg,1,3,2,94284e1d7b10fa6117e24745885f4a5c871d995ca98a16179c63cacb7e9c8618,no,no,0.6215352645688221,0,2
opp115_data_retention,tfidf_logreg,1,1,3,ee7f763b4da0bbf780148ff43363b2a907297b4f98c76d7c1e1d2869878a70f8,yes,no,0.5103220190724097,0,2
opp115_data_retention,tfidf_logreg,1,0,4,be54e70c44eb94e44c82413eb316abd303bc0920653e459cc81b65dc610c2c47,yes,no,0.5014414722724381,0,2
opp115_data_retention,tfidf_logreg,1,0,5,bae4eb887d877f453aee88d3761b630e4bc7ff917be76cb60950cca3ae6c909d,yes,yes,0.5144257533223418,1,1
opp115_data_retention,tfidf_logreg,1,2,6,ffcbe512035ce904259b64a9212131a8ddb5ef6916eb7f217c64a5658bd672fd,yes,yes,0.6654812316989511,1,1
opp115_data_retention,tfidf_logreg,1,4,7,9e061b3940805235e0301ddc59cdad769cb39c4672fdac340725b065cca9eb76,no,yes,0.5763764529980427,0,2
opp115_data_retention,tfidf_logreg,1,2,8,11dbaf4848acf49d21fffc81b9b0ac39e736808cb102bd24ec485e1c9793ead1,no,no,0.553376466729043,0,2
opp115_data_retention,tfidf_logreg,1,0,9,b35466aaf2aa88600ce3febc4691f6c33a5a185d118a53da03fd134b474427c7,yes,yes,0.516521936714723,1,1
opp115_data_retention,tfidf_logreg,1,3,10,8c3c2305b0edd2dfbd80ae024d68bf853a2ba001d7e139e796ceed9ab18138b0,yes,yes,0.5750034692933833,0,2
opp115_data_retention,tfidf_logreg,1,3,11,b7123b7c303c69d4e87a4030ed741d9f0ca824b638aab5f65596e20ab0d8c4dd,yes,no,0.7815708511449587,1,1
opp115_data_retention,tfidf_logreg,1,4,12,3a03588f9a14326961809e8f32642ea962dc8708b9b78b365afdda60e89ef739,yes,yes,0.5182625993063112,0,2
opp115_data_retention,tfidf_logreg,1,4,13,31bf37f8261b9238c62d1bc86ac8e76cca50a7903aa58122cc6fda4e44cded97,yes,yes,0.6046864440154665,1,1
opp115_data_retention,tfidf_logreg,1,3,14,83aee36651f00dedd70cbd9dcad609997907b62cd9bf83a6c3ff2ec5e8d4da27,yes,yes,0.8463230164285072,1,1
opp115_data_retention,tfidf_logreg,1,4,15,0ec789dd289a49bedd0b0b3266a7cffd2be138f7eab28a474b082a4e010735a2,yes,no,0.5220980474820491,0,2
opp115_data_retention,tfidf_logreg,1,1,16,393eae997b97caa2cf9a1da91b63d15664dcaddb694220702d9a143ce913b7a8,no,no,0.5233340755235141,1,1
opp115_data_retention,tfidf_logreg,1,3,17,54c18021f0b5bdd5418fb5f0ae5fa39e1a0754b3d7cf800324e8103487e5cf23,no,no,0.5774481615000983,0,2
opp115_data_retention,tfidf_logreg,1,4,18,03f51ff145336e8b0b3740f93f96fe8af81eb409dffb118976a1aacf863ec171,no,yes,0.530619589675417,0,2
opp115_data_retention,tfidf_logreg,1,1,19,c89c69b4178c8e62694dbbec4c5ed66aeb0fe5c55e301599ef066e3c3b4385f9,no,no,0.5195595504178749,1,1
opp115_data_retention,tfidf_logreg,1,2,20,8c3716bcecd879ddf0f8827a6cbc7a3abc6d6a93b2089dd3ff73b38ddf0001e1,yes,no,0.533920278799868,0,2
opp115_data_retention,tfidf_logreg,1,0,21,f15bd4dacb8cb1b84e653d23e7fe124f64a891cc8707ea67a161980021a3b418,no,no,0.5267555966102347,1,1
opp115_data_retention,tfidf_logreg,1,2,22,8f4f45d8a36971e3c0f25e096cde795561185b99b9e955438faba7a4d9fef7ca,yes,yes,0.7579811160528914,1,1
opp115_data_retention,tfidf_logreg,1,4,23,21eac8a720e29bc551d3c8df3375045370305435e24faa05b1d987ac9375d91e,yes,yes,0.7454778850702772,1,1
opp115_data_retention,tfidf_logreg,1,4,24,0dd0744922c1b1301ec97c32fe0ad034feab74cddd8fbda70c8f9ef34b1984cd,yes,yes,0.535693511813456,0,2
opp115_data_retention,tfidf_logreg,1,2,25,3fca71487f4cb96371c3aa5abdec8e2b540353f8e48d378f45873ae178857cc7,yes,no,0.6321587507268858,0,2
opp115_data_retention,tfidf_logreg,1,1,26,dfe28276bb0dea301638082a29d464d5b991277d523df29efae965421e87545a,yes,yes,0.5036084097274015,0,2
opp115_data_retention,tfidf_logreg,1,3,27,8659994e0d17820ba141784fed4d0c18349ac65ec3723701527ef343db9ba2c1,yes,yes,0.6272441070083463,0,2
opp115_data_retention,tfidf_logreg,1,3,28,ac53d5dac4ea34e954ef4a4c00be85ca1da5b5fc8eb4c64c48283a7577095425,no,no,0.5947069233101836,0,2
opp115_data_retention,tfidf_logreg,1,4,29,357a57196be8d969cfaf00bc58e3c97de8f72e1069c26ab0f58307d2cb1f9d5e,yes,yes,0.8324651139885907,1,1
opp115_data_retention,tfidf_logreg,1,2,30,7049bf1374796642411a05defe57eb86765db47de62248e00e4d77bcac1aee04,yes,yes,0.5726858238312897,0,2
opp115_data_retention,tfidf_logreg,1,3,31,222418114ae837c0bd206440228b438f96014c6de64bdf072ca3006ccff9edef,yes,yes,0.8038880401148945,1,1
opp115_data_retention,tfidf_logreg,1,0,32,f757ac860de8bac9799d7d27ab9656bc254e26812f083c16a02936aa88791bbc,no,no,0.5316915240813058,1,1
opp115_data_retention,tfidf_logreg,1,1,33,abc7c023b269931d630379941d539c55e5fa3c28b820a815a5c982c2631c347a,no,no,0.5391094171375939,1,1
opp115_data_retention,tfidf_logreg,1,3,34,7b32204f54e8ce396150ac1e8e02190e1403dc0cabd8a34f0561d5d7e93d436b,yes,yes,0.7449987618122844,0,2
opp115_data_retention,tfidf_logreg,1,2,35,fb2d529b248aa927f32f4656bd77156f68757ecc4f2c5fb3629b8a526b66b9b5,no,no,0.5339953249781522,0,2
opp115_data_retention,tfidf_logreg,1,0,36,7d2ec8df6e3c214c2a93de17d8a3bf0d6d26027cd9d0044c301dc63237fa3945,no,yes,0.5043024209543419,0,2
opp115_data_retention,tfidf_logreg,1,1,37,9ea4ee0eb3d9d04cc9a8af0091829dfe1ab1eadb8752a5a3717462508654ec04,yes,yes,0.5367769517621003,1,1
opp115_data_retention,tfidf_logreg,1,2,38,d77daaa5f063858c2906c7034002c097b5b47e32324c222526a7f3d8f02c5e83,no,yes,0.5507038678233867,0,2
opp115_data_retention,tfidf_logreg,1,0,39,ec4a7bd8ad197241c5da09accfc4e31ec5b38e08bef387e0f4331c37a83ba409,no,no,0.5027451986790212,0,2
opp115_data_retention,tfidf_logreg,1,1,40,169f0b5e0d2932c82322740d6cd06b3021df2a4275d101bbed5152a0caec46f5,no,no,0.5117172921092059,0,2
opp115_data_retention,tfidf_logreg,1,0,41,3612cd825f0a2590279962431747097d0fbd3401192a8a62417ab05d87ff7cdc,no,no,0.5112120039116946,0,2
opp115_data_retention,tfidf_logreg,1,2,42,1c8146f855bf4280a45bbd60a4dd1aaf1d2462f0046648c27e23dc401581ad05,no,no,0.6725670097118922,1,1
opp115_data_retention,tfidf_logreg,1,0,43,60b00c02942a44883178b9d27e7722712a65e657f9aa8d7c70f8ed058831df55,no,yes,0.5113431360107673,0,2
opp115_data_retention,tfidf_logreg,1,4,44,1b43600d724d025fee73e8dd3c3f6f6f83b2f2254ac3d807d4267fe457da1367,no,no,0.5906828794834491,0,2
opp115_data_retention,tfidf_logreg,1,2,45,1b425bddb73825802ebd5efb1770c952a4e9a9ade9939504b3214de4adbb127e,no,no,0.734715046540375,1,1
opp115_data_retention,tfidf_logreg,1,3,46,14adf82ee0e3d6b6dfdd51d4d9647c2e6deb7e4569137c2c64156837745e8760,no,no,0.655779878204315,0,2
opp115_data_retention,tfidf_logreg,1,4,47,943b0ad7763955e029b57dcfe7332b1e2eaf864f2607e3e69ac29c6ce7a999b7,no,yes,0.5178529355629087,0,2
opp115_data_retention,tfidf_logreg,1,4,48,8f8364b2d3da12fe4295b94efb41660701eff5ff3ccd0f8330dbfff526bc2897,no,no,0.6218205988042054,1,1
opp115_data_retention,tfidf_logreg,1,0,49,6890c79c65173038a805d631a4323d13802b1a084e9e43845b520355afab971c,yes,no,0.515952835930787,1,1
opp115_data_retention,tfidf_logreg,1,2,50,30f86ee9ab5fc9b4faf8f83a1adc03eb5e79e7209a5d1555158c62b5d07db921,no,yes,0.5124451848551465,0,2
opp115_data_retention,tfidf_logreg,1,2,51,f90c0ab836f55a0533b7c63c67a680a19e6febf6f64c800cb0e2330b3842b9e9,no,no,0.6612641866978024,1,1
opp115_data_retention,tfidf_logreg,1,4,52,f11f4e51a1a75b9616635de4a16c46b939966efe3ff9f57c2a10946ae6db0a24,yes,yes,0.5974380800860175,1,1
opp115_data_retention,tfidf_logreg,1,2,53,551d327f8c9be82c0678a13e918c66a1e4261f956d2c31921b9793392dc0fb96,no,no,0.8032392005385804,1,1
opp115_data_retention,tfidf_logreg,1,2,54,7639ec8effacba52f92d78e35873af81a3c909d1bcb7991c3dee8eb8cd155eb0,no,no,0.6831476569127923,1,1
opp115_data_retention,tfidf_logreg,1,2,55,3673e6ea57ecd4f466018707e593a4bdb9b7aef1644bff252a6f08d923f63e94,no,no,0.6922656817345221,1,1
opp115_data_retention,tfidf_logreg,1,3,56,6926dd609cf92d236cc7e7fa5da23576df2d87bc04d7e5abddc73b579061544b,yes,yes,0.9083103112116935,1,1
opp115_data_retention,tfidf_logreg,1,0,57,87174a10546e056f1c501b38df6beb64eb9d06a2e2a4b5ff08d40e522ecc8ca6,no,no,0.5242426241155091,1,1
opp115_data_retention,tfidf_logreg,1,4,58,3ba755901c58d9df7c1ba20b53e5b32b53ab34a6e9c50dbaa693d1f7b0488595,no,no,0.5789156350766615,0,2
opp115_data_retention,tfidf_logreg,1,2,59,057e0cd21f3f2d6f8ac7cc0f61244c4a688038e64aa3927b4911c6e6da385581,no,no,0.5532812120697788,0,2
opp115_data_retention,tfidf_logreg,1,4,60,f37843199faf0f23449b8c3794d5f872aa99c2b209afd10d0a95e32d3b24e389,yes,yes,0.5748597735512362,0,2
opp115_data_retention,tfidf_logreg,1,1,61,6ee61c9e44191e66fe010bd3648455dc5265a72fb87b3d7c5a8a93946094afbd,yes,yes,0.5271669555850594,1,1
opp115_data_retention,tfidf_logreg,1,1,62,ca1bb8ae943ee9c0661e965007a76f4432974abc8477582c8c6ccde3c5753505,yes,yes,0.5331431703057601,1,1
opp115_data_retention,tfidf_logreg,1,4,63,acb73fd801c1e421dd498e8b4bf3b9b54243d6505f12ba6260ac82bc8f768f2d,yes,yes,0.7707513238200275,1,1
opp115_data_retention,tfidf_logreg,1,2,64,89b1f9976201dc2173e0bbdc34631faae2a8c790ba6da107d46e02ca87a08617,no,no,0.6595167368717831,1,1
opp115_data_retention,tfidf_logreg,1,1,65,2d7f91113988eaa8a6fc7bf434caf085a3ff857c610fdd7a70ad274b22cd61fe,yes,yes,0.5128305377715096,0,2
opp115_data_retention,tfidf_logreg,1,4,66,830329efa7f832e44e99f30030f4a9c15846e8b46fc521879633a9968097829d,yes,yes,0.665064021934434,1,1
opp115_data_retention,tfidf_logreg,1,2,67,7ce9c26fb6b50a60fd9b2a6ef38fcde34bc68b2d1444bbe9f8ed3fea77f0b59e,no,no,0.6855818105675853,1,1
opp115_data_retention,tfidf_logreg,1,2,68,52f1898017e8ea0e0f71a60eee63f1dc2e5ef17b2456e445f969c030bb48f940,yes,yes,0.7134891549931376,1,1
opp115_data_retention,tfidf_logreg,1,3,69,c67a4e4eaddb86e263afd6a612649b9485c97dae99f189639f96656b9087a012,no,no,0.6794152878908386,0,2
opp115_data_retention,tfidf_logreg,1,2,70,4a68c4a3020aafbdb9c4c6c7c31d71b98e713e853b9cff1de6b14c1c38bc9f24,no,yes,0.6486068455801556,1,1
opp115_data_retention,tfidf_logreg,1,4,71,eedaad9d24addceb170d0b20737c42cbbb718262f7b7f5613310ef3ea6e84a41,yes,yes,0.6316391802717104,1,1
opp115_data_retention,tfidf_logreg,1,3,72,c97186e083514b27770a49119fddd31b1ea91626f7cc343d194e4939cc504c62,yes,yes,0.7230860127740036,0,2
opp115_data_retention,tfidf_logreg,1,0,73,188d814cc1989645ed98960c18733a0b3819b7a5e68c6e14a2678017b393be96,no,yes,0.5084145148371544,0,2
opp115_data_retention,tfidf_logreg,1,0,74,87e15e4c3d53fbff03afef09d99be298396f7f93a460514045fb7cde9649fd1e,no,no,0.5095402329312915,0,2
opp115_data_retention,tfidf_logreg,1,4,75,18b1b534d366629f782db652c4bd4bb90f86a28a60fd65718523967f4f0524c6,no,no,0.5273359727526925,0,2
opp115_data_retention,tfidf_logreg,1,3,76,fa803d00ce6546e8478457a6d52ab9b6d8c7630ac8851e1fc52d67f7fb53fed7,yes,no,0.6454629344971616,0,2
opp115_data_retention,tfidf_logreg,1,1,77,08a0b4c02c02ae6cdb3a9a27b5f233c6f7b885749d7ce00159fa175639f6dcaf,yes,no,0.503778507745694,0,2
opp115_data_retention,tfidf_logreg,1,2,78,f06dd627e030196b06ee963e24c2dc68097362ee8edf0e1b8f06345c991920c8,no,yes,0.5345244668130448,0,2
opp115_data_retention,tfidf_logreg,1,0,79,093e1aa7c495478f254786dbe3a579997e7d3d1e60f1a95f37825c5fb42a3587,yes,yes,0.5053371391752702,0,2
opp115_data_retention,tfidf_logreg,1,3,80,a9ce0f5db9dcfc9b61e4765e319b2b23ad2e83dad1801837b8f01cf5396bd079,yes,yes,0.9142282409799375,1,1
opp115_data_retention,tfidf_logreg,1,4,81,fe853791e43affc0b554bc15ac732e62d21598be47daeff71cff7c70fb3ace66,yes,yes,0.7572789230738531,1,1
opp115_data_retention,tfidf_logreg,1,2,82,8865d6dc769090f70b58a55fda31bb852e5f08b1c77b001d459bf988b50d86b9,yes,yes,0.6750974940747683,1,1
opp115_data_retention,tfidf_logreg,1,3,83,426332d37643f726b27481408434abcfc44dc8851f6c33cd5dd5632af590b1e7,no,yes,0.6543880213758081,0,2
opp115_data_retention,tfidf_logreg,1,4,84,a79935042d83fdf73a42c16202193b860ad3d5911ae723be591572b747a6b7e1,no,yes,0.6721008664541755,1,1
opp115_data_retention,tfidf_logreg,1,2,85,7ff692472ae904d4710c1f7bd076cb8c695d0f94fb75da5726e98b4fc6f4745e,yes,yes,0.7939048772209909,1,1
opp115_data_retention,tfidf_logreg,1,4,86,3923241ca81aae32e7fcdbef21d829ba2e206096e796fb081b28142af7f5dc37,no,no,0.5466609002488365,0,2
opp115_data_retention,tfidf_logreg,1,0,87,34bf5b6a41eaa2411a0ffe792091dd421bc56965d2270c7f03641ba1296ed2ea,no,no,0.5125618931159145,1,1
opp115_data_retention,tfidf_logreg,1,0,88,3e9d2c06dca818e7895dc62865bd1f351c76a6a9a2576ebd72d3c3d723933bec,yes,no,0.5021321142965794,0,2
opp115_data_retention,tfidf_logreg,1,4,89,90935d6dee8a77ca52d1b41a4960016c1f84e12aad956e07b67c47067fe621c0,no,no,0.6693137899218013,1,1
opp115_data_retention,tfidf_logreg,1,1,90,6103e00dfc5b9fc89a1bbc7bca32c60908d3af246a737c3cb6ca752a3b8e4273,yes,yes,0.5293750789414247,1,1
opp115_data_retention,tfidf_logreg,1,0,91,10fd70c10966d05dfbdb4bd28d72e4d99e5b68a81e8201f2ed78f069887174bd,no,no,0.5055345656782279,0,2
opp115_data_retention,tfidf_logreg,1,3,92,8d527e2efc6a8cba2a09b999917ff3f57012ccb85c76b628e3986a189d0f806a,yes,yes,0.9600037843553663,1,1
opp115_data_retention,tfidf_logreg,1,1,93,8e7672199331041a2ffbadb8967b89b9584533bbefc1a8b1bdb06df30507a723,yes,yes,0.5017557243252885,0,2
opp115_data_retention,tfidf_logreg,1,1,94,60271a38ebd73a503d4d63a7d24736a191329fa4c2ceb064478b0385b89e3531,no,no,0.5129394038475594,0,2
opp115_data_retention,tfidf_logreg,1,1,95,a2f433b20215694a24eb8879748021883ff1a49cef93caad0f629fd8f089f68e,yes,yes,0.5158192036942082,0,2
opp115_data_retention,tfidf_logreg,1,1,96,00c26499d96234846a991a8b3863d4bf82feae4d04b77fc0410d3c5284e88e93,no,yes,0.5237162514223256,1,1
opp115_data_retention,tfidf_logreg,1,4,97,ae95ebca76c16e99e7d1de2c967de0ff8c61305f33f7896c0a229dbe7469bd22,yes,yes,0.633662538743927,1,1
opp115_data_retention,tfidf_logreg,1,1,98,0e20e01a4fb7381675b2416a2e0129fd586a59aef87aa297fde7e7b33ba79b50,yes,yes,0.5157507574719852,0,2
opp115_data_retention,tfidf_logreg,1,1,99,d65f8be5d2d371519044d7daa6308a21fab28110dfa9283d6c6fc2a24d727b75,yes,yes,0.539404226847519,1,1
opp115_data_retention,tfidf_logreg,1,1,100,a6826c796e514e13c24f3cd62fdaeb329b4e6a7a7c0fb49333ad9c42077d004e,no,yes,0.5006793787478988,0,2
opp115_data_retention,tfidf_logreg,1,1,101,ae273fb46b67ef555b02f6b977a7bd0ef24425d26b9b57628cedbde78fe0f8e9,no,no,0.5233068997571487,1,1
opp115_data_retention,tfidf_logreg,1,1,102,01e3acbc33bf15313b5880a87df86cbbf898f221efc438d21065a2487d90caa5,yes,yes,0.5198092537207663,1,1
opp115_data_retention,tfidf_logreg,1,1,103,a0794a8831efac02f0c596d7fdd4ccd5cc97370cddba1ad6ddea24575530fa1c,no,no,0.5050942648968907,0,2
opp115_data_retention,tfidf_logreg,1,3,104,61b9dffd6a6c84dfcb4ffa8e49c1c0ced89c2c586fd2c56b2197c65619d78b95,yes,yes,0.8679797389862429,1,1
opp115_data_retention,tfidf_logreg,1,0,105,24a215c96bf2875876591826ca6946592923950ca249a411067b3addcbe5ed53,no,no,0.5024910197864645,0,2
opp115_data_retention,tfidf_logreg,1,1,106,1a3457d784d82e13afbc9c92f5bf3cf8647142888d4ae6d381aa825881b2657d,yes,yes,0.5008960076934369,0,2
opp115_data_retention,tfidf_logreg,1,4,107,12e2a92314750078e8927c6895d3e605483c3df2def7e09b9ab8bbc1854455b4,yes,yes,0.5275972433227797,0,2
opp115_data_retention,tfidf_logreg,1,3,108,89d4afba01413f4f026c08de5ab9c1a752ec1fa7bd7ad2ef5f1e405f15a07e83,yes,yes,0.6116989809101314,0,2
opp115_data_retention,tfidf_logreg,1,4,109,1f839862705946b52e2163244afbaa70e2426147512f91860dc5601c5c2389bb,yes,yes,0.8064340273943609,1,1
opp115_data_retention,tfidf_logreg,1,2,110,935a7b863897a0ba0c8ad7901ed54fb2f12d631281676d3b3e3bf8aff853ade5,yes,no,0.6313638571899716,0,2
opp115_data_retention,tfidf_logreg,1,3,111,59c16506290887c7b0cddffcf2aa2e5f87747ee6e4f18ed8ee74e52fa2c008dc,yes,yes,0.9558437611683372,1,1
opp115_data_retention,tfidf_logreg,1,3,112,f64096926fb9c78f401fc0854671a223614422af71ed3a0685489963d966ac09,yes,yes,0.8700646825898869,1,1
opp115_data_retention,tfidf_logreg,1,4,113,2bc01bdcffae3876a8c7f082fd32fd529e78059380437c09551033b584275815,yes,yes,0.7503705618739889,1,1
opp115_data_retention,tfidf_logreg,1,2,114,4065a65416309e59bf310015b8b8efcc430db139973fb86d117f93e768031bc3,no,yes,0.5340267319319355,0,2
opp115_data_retention,tfidf_logreg,1,3,115,48d314a42dbe9fa058aca1dfb87bcf56f418fe9874699c1489237577f246b045,yes,yes,0.6897470482379945,0,2
opp115_data_retention,tfidf_logreg,1,0,116,2ca25fd3736fd80ab90b2254eb3d425b036dcd4e9e62e4360386e416c9deab76,yes,yes,0.5356366083753739,1,1
opp115_data_retention,tfidf_logreg,1,4,117,1161be58ea49ebc7fce1b9054d77589bb5307b3d56d34a516c160490929e414d,no,yes,0.5478136772050486,0,2
opp115_data_retention,tfidf_logreg,1,3,118,414440c3a3ddf73ddf10106fd36a5cacfce9fd199ec8a7b46ee44844418507b6,yes,yes,0.8680242349837793,1,1
opp115_data_retention,tfidf_logreg,1,0,119,0570fb4811b2e51a3e0641efb5a520396a092d396550cdaaafa76fd1dac4a726,no,no,0.5061051732226352,0,2
opp115_data_retention,tfidf_logreg,1,1,120,021c61c2b34b795a0959f5f7b9354579eaecfcf1f64d296e334113a271188ae6,no,no,0.5149280647315139,0,2
opp115_data_retention,tfidf_logreg,1,1,121,57bc9e8962d8c99f668d7b81efe244628bddf539fcf66d74483a90c984c2c5c6,no,no,0.5172893696630851,0,2
opp115_data_retention,tfidf_logreg,1,0,122,447ae551bbd401748cb52fffaa7c3f115ce1dffe28c99efe5dc9dc0d38122e4f,no,no,0.5020270818694688,0,2
opp115_data_retention,tfidf_logreg,1,0,123,085b13c1eb4bd3144c896064ba632a965391017f9345f3085f1b98209c91afdf,yes,yes,0.5291769824613025,1,1
opp115_data_retention,tfidf_logreg,1,4,124,e4482c06dbe65a91bf1c1f134d6c0e1558da84dd5b5e12594c08686b3eddc8a3,yes,yes,0.8914099190822509,1,1
opp115_data_retention,tfidf_logreg,1,3,125,a9782bc9bc1c192c7edcab363fd4afb1b36914cdf9dafc5b0a12a0823a025886,no,no,0.7204044573571852,0,2
opp115_data_retention,tfidf_logreg,1,1,126,b2a84f40bc79374e0543efa4424fae4d57188002eda7fd63f02dc333becbea83,no,no,0.5153873853599238,0,2
opp115_data_retention,tfidf_logreg,1,3,127,088f49e7378b28bce726054b67e2fabf46daf9e8d352e2a1228c22cf0fac683f,yes,yes,0.9634470713955913,1,1
opp115_data_retention,tfidf_logreg,1,0,128,93bf89a1de994e270413193fcbbcddc3491dcce4054e367a7c1d74c169ad4b14,no,no,0.5172393758207074,1,1
opp115_data_retention,tfidf_logreg,1,4,129,b6bad323bdb4a1398adcba0b0c816828e25650472c3a77d2d6b19f655dab819b,no,no,0.7510873514646419,1,1
opp115_data_retention,tfidf_logreg,1,2,130,d5ecccdb1813c7c945c958ccb2c108cfcb2a7bd8707476f5f1365e825a0ad246,yes,yes,0.6637844441493191,1,1
opp115_data_retention,tfidf_logreg,1,2,131,7df5b7ffb7936618b90ec589b9e3fbc2842e1ff8869ad45b308533577fd77d86,yes,yes,0.6836547385079351,1,1
opp115_data_retention,tfidf_logreg,1,3,132,7ebb25afa192ba9160052426ef3b16f9c49812cb556a72816da619716925449f,yes,yes,0.9519260013664319,1,1
opp115_data_retention,tfidf_logreg,1,3,133,d267bda3f7daabde7131ec43fd663b7f38ebcd905b34ddcac52e23248e63f754,no,no,0.7432332466670557,0,2
opp115_data_retention,tfidf_logreg,1,0,134,8ebe484f8aa9fbd1ab3ffff75a73d134e929f509b531bf7d550cd2fbafb24fdf,yes,yes,0.5383729354883634,1,1
opp115_data_retention,tfidf_logreg,1,4,135,9d6da06849780c6cf3a06b96df57fcbef807a25b5373dd15334941d35b8f6a78,yes,no,0.5491181375049992,0,2
opp115_data_retention,tfidf_logreg,1,3,136,9256ff8336f43973ac32483cf4a485168f7281caab039c91aa5ec45e7042acd1,yes,yes,0.8039645732284859,1,1
opp115_data_retention,tfidf_logreg,1,0,137,e08e585482b8d3906c0fcf66a5da160b9e819f25aac0e92c2086f5bd74b9f58c,yes,yes,0.5441516558159352,1,1
opp115_data_retention,tfidf_logreg,1,2,138,6fcf71b27d46f55ce193efc7f9afc04455f73116a9db84833f80e06f9ca50565,yes,yes,0.5731445540961885,0,2
opp115_data_retention,tfidf_logreg,1,0,139,c4b6d77aeaa5302389ac8f3608bfb27c4df1b76118cc8f54d2313c0a264133d5,yes,yes,0.5354501500634459,1,1
opp115_data_retention,tfidf_logreg,1,2,140,275a4d4239c413d2e99aedb43348f0606ad8850f1db7dc4e3118c3b47065f91a,no,no,0.7252538132646662,1,1
opp115_data_retention,tfidf_logreg,1,4,141,8a20b838887a4c084a09c1abf0e23b8c9ca43c382e2bbfe5e69c3dfe3fa607cc,no,yes,0.6484748155486474,1,1
opp115_data_retention,tfidf_logreg,1,0,142,d59761f593cdeec8646bc296f9d941e7e44cc354579e86fdca852baf273fc357,yes,yes,0.5126354662416543,1,1
opp115_data_retention,tfidf_logreg,1,1,143,e88625cea1e9848ab0c422dd31cb03bb37e230c04824f11aedb42e6256d88861,yes,yes,0.5429742954483997,1,1
opp115_data_retention,tfidf_logreg,1,2,144,472ac5ccf3636aa466c509158d54b8605d606563706d77f86728caf86b56828e,yes,yes,0.5568580737579663,0,2
opp115_data_retention,tfidf_logreg,1,3,145,8b3ae3f08e20d45d17f031fd4b86caaca9a1df9e99e24770119d51d8f0ac3045,no,no,0.8183570797936666,1,1
opp115_data_retention,tfidf_logreg,1,0,146,a47590671f0c8a96c36f7d6c9a24adea2693fe733ebba1c9966755e8a4662599,yes,yes,0.5189465517355005,1,1
opp115_data_retention,tfidf_logreg,1,3,147,f499e421475ec682cadb46341e6d310462e81d20c890a16c9b4ad060534ed6d0,no,no,0.8038434813717614,1,1
opp115_data_retention,tfidf_logreg,1,3,148,f0cadbba69345266de6559680ae988e0fed4878bed5c0c92243e9d6d5d9f7bf6,no,no,0.7934959436503772,1,1
opp115_data_retention,tfidf_logreg,1,1,149,f321c837be3d158ef7ff42e4a5c07de189845d4d7b643c668200b64b5c207e56,no,no,0.501574197764511,0,2
opp115_data_retention,tfidf_logreg,1,1,150,1676246f4b932466894e0b3d528e741e4f90b6762f68e0ababf10e220767ab49,yes,no,0.5329389374033662,1,1
opp115_data_retention,tfidf_logreg,1,2,151,619d8a38ba5513f1cec70851f3865bfadc53827c6747264023f10a362373d101,no,no,0.6381341626931492,1,1
opp115_data_retention,tfidf_logreg,1,3,152,1b974e8954f0d9b48a91a29c0214076ca646d79b431e0a4492d19f30afef870c,no,yes,0.5290554451262515,0,2
opp115_data_retention,tfidf_logreg,1,3,153,1b5aa100191a7360936d3578d1b9c3564918a79175346bc1ff23b914d46d70e8,no,no,0.7856312643851227,1,1
opp115_data_retention,tfidf_logreg,1,2,154,1fc468ce0666d80d3a1c8e28b4d8988e6f57eb4ba403b9f180c648047c14fcb7,no,no,0.7092496240703721,1,1
opp115_data_retention,tfidf_logreg,1,1,155,2630c3c03b6464991051cceb40eb38f315ce523c5773801b2a3351439cc0170c,yes,yes,0.513791416181079,0,2
opp115_data_retention,tfidf_logreg,1,0,156,a31f38cb747b69b44e923e5768a51ba824e616032b10029b3afa678eecd6732d,no,no,0.5164082252852292,1,1
opp115_data_retention,tfidf_logreg,1,0,157,ff1baeee0f8055c9e395e216bd36541aa63ad084b6059cee873347c1db25ddc0,yes,yes,0.5105696050856577,0,2
opp115_data_retention,tfidf_logreg,1,0,158,28546a833bc592ba4da981179283a48d9b8e32faed0b19dc3fbd8c7a7dd50f37,yes,yes,0.5347660267813774,1,1
opp115_data_retention,tfidf_logreg,1,0,159,d410d20de93ec6d821438156036e88e141275e0728cbd81aa73889aeaaaaa0a5,no,no,0.532473021762057,1,1
opp115_data_retention,tfidf_logreg,1,3,160,76c5c816c44786f5d8278d5c4344bd435d73b1ebc675162fd420b7577c9b34cb,no,no,0.9082854123729709,1,1
opp115_data_retention,tfidf_logreg,1,2,161,799451ec0744a90f7eb75457279c0ce6f460b9e3ce9926e51d1dbaf241d6ca78,yes,no,0.5864417306584586,0,2
opp115_data_retention,tfidf_logreg,1,2,162,551af7abca70932f3a0ef1229da16859dacbb33fcc413d4cd74833abb950ad33,yes,no,0.5014718427793801,0,2
opp115_data_retention,tfidf_logreg,1,0,163,a6c7b7ef0cfcf9699e3078342794813b33930d6d73ef7b82d649e0cd79b1f9a6,yes,yes,0.5259360577163166,1,1
opp115_data_retention,tfidf_logreg,1,1,164,5a9e7a696d6ef019dd40f5984dd0ba98efccf5593166eaa0c496b20fa2746a76,yes,yes,0.5443424834941022,1,1
opp115_data_retention,tfidf_logreg,1,4,165,fb5bb7c3433b9471663a47edd44e1cdd1c25ed74aa2c172c37dd997d1e6c1852,no,no,0.5371305938007112,0,2
opp115_data_retention,tfidf_logreg,1,1,166,78bb11f1743e056742c00c3df7250817a755dce1dd5835869a2fb8b84e3bc2a4,no,no,0.5247866001064371,1,1
opp115_data_retention,tfidf_logreg,1,4,167,1abf35a14e7951c638a92c72eb3e662003b16ef0ddd618560be900d5e64f25a6,no,no,0.5335886824890945,0,2
opp115_data_retention,tfidf_logreg,1,3,168,82f45f405a5e1d0c32c0aa4104f22d7551bc3a67281e641a11ac83effe659f98,no,no,0.8626988816037171,1,1
opp115_data_retention,tfidf_logreg,1,2,169,5e45c583666bd2b302d372c46c671eef771afaf9528578e9829b226172636768,yes,no,0.5154998853184891,0,2
opp115_data_retention,tfidf_logreg,1,2,170,a9542e9239ad9fa5fe798e6e26246771ac82a8b7005dad2341ca2ee512a27e28,no,no,0.5533520430498183,0,2
opp115_data_retention,tfidf_logreg,1,4,171,771b749f5c9ba209d78db7f0ac0f63caa7967c12a2872244c725be1a6170e4bf,no,no,0.699235491241454,1,1
opp115_data_retention,tfidf_logreg,1,0,172,6429e704b1b7bc0c3244e81a91fde9ed92188025964f1d2d310b93923729cfe4,no,no,0.5066917246289436,0,2
opp115_data_retention,tfidf_logreg,1,0,173,2199e3232e265ca67a9644ec81e95b1cb53aa0ad77d8e5f28f54888d985eb153,no,yes,0.5111779211495562,0,2
opp115_data_retention,tfidf_logreg,1,4,174,168c1f8fe9461bd4e50ddb2ced4e38f5b32927ec525c32ef3ef9caf4aac4f36c,yes,no,0.5896814723615298,0,2
opp115_data_retention,tfidf_logreg,1,4,175,7fbc3e8d046e40175885a2131dbd1d61a930c28a1180efc3a9547e585536f7f6,no,no,0.6236215910407217,1,1
opp115_data_retention,tfidf_logreg,1,3,176,501249f20fe324cd55375fb36b14e360a23882582f1ac569eeff4584126cfd87,yes,yes,0.7710830609756556,1,1
opp115_data_retention,tfidf_logreg,1,3,177,12bcae560154d423083c35b272770f335f9553357e5869fb43154ccdf33846db,yes,yes,0.896312695889788,1,1
opp115_data_retention,tfidf_logreg,1,0,178,d36e9685d44e56c9f78953fa6aaf57669c968b49cd0fe0a1745152927c8d4130,no,yes,0.5030447576608184,0,2
opp115_data_retention,tfidf_logreg,1,0,179,65714301dfdbca9f00d701048d1fbf28fce86f25343fcdbcdbf0d9d1b38ccaed,yes,yes,0.5192191641717758,1,1
opp115_data_retention,tfidf_logreg,1,0,180,56b4f2662bf4174e7b8c2938a99ec052b918ce8e1e887eb5cfa74512d3e8093f,yes,yes,0.5025549397055284,0,2
opp115_data_retention,tfidf_logreg,1,3,181,786c88cca6c8382022ca97c03b2d0527fed556aefda3e38cac2bab6ffe58dc7e,no,yes,0.7031750577986549,0,2
opp115_data_retention,tfidf_logreg,1,4,182,4ecbddf240d7a5766bcfe8d2590717e74dac0e70abd05993cd0430fc1d16186d,no,no,0.5156539420293768,0,2
opp115_data_retention,tfidf_logreg,1,4,183,1bf325cb55644bf9f3fae7c85dbe467894de54012da4fa9b66d6a3a22673b41d,yes,yes,0.8097942024872861,1,1
opp115_data_retention,tfidf_logreg,1,3,184,1ea805b1eea1cacd586e1eee0f3cfe197a35d7e32fb03708c3c497f723298775,no,yes,0.5324547695559246,0,2
opp115_data_retention,tfidf_logreg,1,0,185,19a13f3eb97a89ca1ef1b119b1c9367a382e7060b09a82f69b1e4e35a3c13204,no,no,0.5066156049551611,0,2
opp115_data_retention,tfidf_logreg,1,1,186,425e3ff0ff4eca4cfa77f598fe216971b57633e8ef911f861dc04886f4c049e2,no,no,0.5031982842637062,0,2
opp115_data_retention,tfidf_logreg,1,3,187,243100889954d3e9c45757d0a63cf23a39a1b2cf49a14ee10f84c234f5996315,no,no,0.5002041279125418,0,2
opp115_data_retention,tfidf_logreg,1,2,188,a062207fb7a531517ea76930d66bb278f5f2ef789cb4451458d1cf34cce4ab36,no,no,0.5811390216119687,0,2
opp115_data_retention,tfidf_logreg,1,2,189,f98e4b656bc0472164c8d54bfdea68ac9091e88ce8b774ed0038896f2cf18427,yes,yes,0.7498002698874142,1,1
opp115_data_retention,tfidf_logreg,1,1,190,ef7a61507dbd56bbdd5333070f23449cc1050797c8e0ea36826e0dc081f6e86c,no,no,0.5069327697599231,0,2
opp115_data_retention,tfidf_logreg,1,2,191,c64822a69e008ced686015ff70e24a6247ef6b472ebe88d75d02e646aabca2cd,yes,yes,0.7884805358835708,1,1
opp115_data_retention,tfidf_logreg,1,1,192,c1502e008f774444d032c5dc418fa6dd1bb36626176c5bdd47028e51f7d5470d,no,no,0.508536989385477,0,2
opp115_data_retention,tfidf_logreg,1,2,193,494df37378cf8f74264182865f738cc77f8aaf4fdcc9814a86f99a17f131b2c9,yes,yes,0.6119004597005097,0,2
opp115_data_retention,tfidf_logreg,1,2,194,e7bc4ee0cfffa4fec28bcc2e49a2f7152ccfd743b63cad48404579f5346c9a69,no,no,0.7106413170937771,1,1
opp115_data_retention,tfidf_logreg,1,4,195,9df22399a60ca5da1e856dcb80c9e8e91c896e4712694be92ec80dae5d669dc7,yes,yes,0.6219027083542334,1,1
opp115_data_retention,tfidf_logreg,1,2,196,484cce2ad834362e2ccb3d4894efcae1dfdf44224b918aece53c17203e3dbff2,yes,yes,0.5870141725348136,0,2
opp115_data_retention,tfidf_logreg,1,3,197,e822d4f401a34b07af4ed5395f92f976cdc7b0ce397e1c2ffced1c937c81d2ec,yes,no,0.6502438508419217,0,2
opp115_data_retention,tfidf_logreg,1,2,198,57a74ccfcfe7608c6f4350d2552457ccbdd2eb9ba720641c524fd09bc5598fe2,yes,yes,0.7763703525828505,1,1
opp115_data_retention,tfidf_logreg,1,2,199,1fab31543ccbbb32cdadd46142e45a56f35e1d1e3450b5b59654008ee2c58452,no,no,0.6565449538583455,1,1
opp115_data_retention,tfidf_logreg,1,3,200,2e8ae1b53bbd23b3cdf5e510ad01501a6c3c77c83c76edc9d6220387694b3146,yes,yes,0.7758002379038321,1,1
opp115_data_retention,tfidf_logreg,1,1,201,3004082ff910b7c447da1693b12bc592c912baba20a3f7fa3d8856806981f07d,yes,yes,0.5284419558334337,1,1
opp115_data_retention,tfidf_logreg,1,3,202,b3cb815b0e314945f81b1e51e706918ed3fa4180164a7815cb8d50075cf7dd77,no,yes,0.5196551624638087,0,2
opp115_data_retention,tfidf_logreg,1,4,203,afe6b4fcda20339effa6c437b8dddb0737ca5774f21b675e10cee4edcb0b2ba6,no,yes,0.530131403090045,0,2
opp115_data_retention,tfidf_logreg,1,3,204,425e6f8fb17f0976e13e4561a405d2be1bf2feaa4d817ac2d139387146f3bd31,no,no,0.6308466800464583,0,2
opp115_data_retention,tfidf_logreg,1,2,205,9e4ba9ac193a5b11eed78ae6cf09f456a4bf6cbeb6b7ecc8edbdc4eb64b40ee6,yes,yes,0.7824381488573915,1,1
opp115_data_retention,tfidf_logreg,1,4,206,01aedd6fb8f591d73f87602fc32e2eb3f589628586199ae0a08ea28cc0095f28,yes,no,0.5621294685394328,0,2
opp115_data_retention,tfidf_logreg,1,4,207,cfa624403984bc99aecc9847407eddcedb97c357900a09f4b366afb61186bb7e,yes,yes,0.590350403055632,0,2
opp115_data_retention,tfidf_logreg,1,3,208,deb1609f9680931ac921c3f39ec34329f8267411177d3d90aa9ef55f56a7b498,no,no,0.7196296238157562,0,2
opp115_data_retention,tfidf_logreg,1,2,209,268317cace58fd35238bcdc0b1215a3d8e099f45eeff329dd80dde5b2353fc8d,yes,yes,0.7737372121725272,1,1
opp115_data_retention,tfidf_logreg,1,4,210,fcf9351be7dab9559af1a3b9c986fe2cf37456ba80908e462dac832ba398700c,no,no,0.6348567863403319,1,1
opp115_data_retention,tfidf_logreg,1,3,211,f678cfdd7e9c0f3928c9f066039490ad2fa404de918d07e36115bdf6c4949d41,no,yes,0.8520049457485794,1,1
opp115_data_retention,tfidf_logreg,1,3,212,32a41e20f9d847ef04f07df2b8622a480d1dece63261191cda3bb3996acd72d3,yes,yes,0.6761703070513142,0,2
opp115_data_retention,tfidf_logreg,1,2,213,8ec9dc8ff6db732637848bb964f217566251e05b5c258dbbbd97c7eca79c0825,no,no,0.6887879796512538,1,1
opp115_data_retention,tfidf_logreg,1,3,214,c6627196674562989315bccb36804bae1115c2df68464968e8556abba6ca6fa1,no,no,0.5379928527569265,0,2
opp115_data_retention,tfidf_logreg,1,0,215,8f6572c828f9d34a2984a9e493510acace0a0962806968f2338456db9b64f909,yes,yes,0.5012179134605194,0,2
opp115_data_retention,tfidf_logreg,1,4,216,79705eaf61441ff37f6d5f11fa8666e9ff5564b4ee175daebaf8f1c6dabb226b,no,no,0.5530405999029455,0,2
opp115_data_retention,tfidf_logreg,1,2,217,579c64913914b83e0bfb518994954c4f9689ff6263b5fdda7696a61482e31b27,no,no,0.5833828210411534,0,2
opp115_data_retention,tfidf_logreg,1,3,218,52c3657ff1bfb928a7a3fa625c19d563556e3925b75890eb6b0b602df7ac91f3,yes,yes,0.6512862683543068,0,2
opp115_data_retention,tfidf_logreg,1,1,219,32fe73db251df3aa92db6a1a1c681bcd91e061358c14841e50814e1b413f3f19,no,no,0.5032009222629962,0,2
opp115_data_retention,tfidf_logreg,1,4,220,b1ccd2bb7370a2a763dad092f888f4e2a97f2f2935ba8fc5305bad5a7da03e91,no,no,0.6775244312419477,1,1
opp115_data_retention,tfidf_logreg,1,4,221,286dd9f430087d20ac2b2d1e5b2ffb027e6a3c17c8c712179d567e3f74262574,yes,yes,0.6872434954034766,1,1
opp115_data_retention,tfidf_logreg,1,4,222,7ae91b4e09b70faf3863bcdf2881b4370a1bdee1421be7b09a07b40ea31bbddd,yes,yes,0.7140368895538293,1,1
opp115_data_retention,tfidf_logreg,1,1,223,46ab7b708623a654c3f4754e7de54d0f7f5262c25a56a9089ec4b0a06321e5ce,yes,yes,0.5155737410732197,0,2
opp115_data_retention,tfidf_logreg,1,0,224,9ccbd99d243f6fccfdb5ade9893285b113a60399c981dd39f15468a92272b280,yes,yes,0.5070821549712076,0,2
opp115_data_retention,tfidf_logreg,1,1,225,dc2bcbcc57f6752c67ab7f8f29e23d38c5ab5f2b5853eceb626946f7fef43e63,yes,no,0.5157641359826508,0,2
opp115_data_retention,tfidf_logreg,1,0,226,ebd6ff5a40784887fd22e2a782aa8e6c5172416cd89da968f0a8ca8a1c587032,yes,yes,0.5116266679124852,0,2
opp115_data_retention,tfidf_logreg,1,3,227,d19696c556b2338e90c8b6ffeca489622dce2a164aafca75bb4404c204b35f14,no,yes,0.515736479602856,0,2
opp115_data_retention,tfidf_logreg,1,3,228,231bd657c2964de6c6ea8a1d9437fd6afd87001f261f26031a982be996c8cdb2,no,no,0.7593127127178263,1,1
opp115_data_retention,tfidf_logreg,1,0,229,07695545e4b0ac85eb721da8201b6633989f41219d0813c611a3b4b94e43300b,no,no,0.5098394726124633,0,2
opp115_data_retention,tfidf_logreg,1,1,230,07c588e0587dec8248cc485ba9c6576750efed45b3a5b316f1070256eab6fad1,no,no,0.5184705378498133,1,1
opp115_data_retention,tfidf_logreg,1,3,231,7ff692472ae904d4710c1f7bd076cb8c695d0f94fb75da5726e98b4fc6f4745e,yes,yes,0.5225764177969248,0,2
opp115_data_retention,tfidf_logreg,1,2,232,6976f37f3945036a2d6a03e8d1fda2d187b08666dcde5d5fb041ceeb3fad051d,no,no,0.5170428491996226,0,2
opp115_data_retention,tfidf_logreg,1,0,233,24329a0a8cf39a8b9c64fb2e1a20cb53a03b54d4ec040ae95fdef41c0fe61c48,no,no,0.523054003724702,1,1
opp115_data_retention,tfidf_logreg,1,1,234,f84077447e66f9200b7a8102f0008b329629b65cd75e9c18d9a70e14f0e12b6d,yes,yes,0.5244098008450534,1,1
opp115_data_retention,tfidf_logreg,1,0,235,1e59f4141dad643b5759ddec3cf94ac691b5377cc52812cd4a13c121cc31d379,yes,yes,0.5011427229884475,0,2
opp115_data_retention,tfidf_logreg,1,2,236,e278f2edce8b4e0802417192f137cf31f4d4f91e3b80757695952d1b52e2340a,yes,no,0.5316854906752861,0,2
opp115_data_retention,tfidf_logreg,1,0,237,01828d6aebf17dbb1ad67764d82b586f69e1acccc913ebb33a8dd70e22e17a55,no,no,0.5096329936346528,0,2
opp115_data_retention,tfidf_logreg,1,4,238,a655398af474837f8aea04a211d471f032e92a6dd95cde5aa013b3742aa07e2d,yes,yes,0.8750224857086748,1,1
opp115_data_retention,tfidf_logreg,1,0,239,804847995735f8dfa9797e268facbb80a5b434604065fdf81cb85fa16a925e3f,yes,yes,0.5024022746165795,0,2
opp115_data_retention,tfidf_logreg,1,3,240,50b52ff785cc7ba25950a1e06086d5e1acf219d84091ca95765ec22900044578,yes,yes,0.9127890670702272,1,1
opp115_data_retention,tfidf_logreg,1,2,241,3f34b14ee060ce604c8fa33a42f0adbc49a3eef1ae996f5a64eba6b33e55d486,no,no,0.6920954589719236,1,1
opp115_data_retention,tfidf_logreg,1,1,242,ac38c4e75d9ead7df72ab064029c60831b86c70cc9cc2ef142ccc77103916c5a,no,yes,0.5293020822956932,1,1
opp115_data_retention,tfidf_logreg,1,4,243,ad34a91ff28db78f3828eee27f65dfc77194d18529b5c5a72f714c550a1bfee8,yes,yes,0.5371866680288001,0,2
opp115_data_retention,tfidf_logreg,1,1,244,7f58b2111392f889922217ef5d4a11f5cede6eb86408b0140fbb832204f39c63,yes,yes,0.5107350783503644,0,2
opp115_data_retention,tfidf_logreg,1,4,245,0f685ea5f05b7bd2894de89b143ea229c2ffa042482785574cb759d9a54bc06f,yes,yes,0.8654917102423878,1,1
opp115_data_retention,tfidf_logreg,1,0,246,ae9063afaaf895e06d6bc6fd779839bc111acb3ed9913ab2199c848f1581980d,yes,yes,0.5261750175006346,1,1
opp115_data_retention,tfidf_logreg,1,2,247,50a0e0ba2aca555b3c28b225f87b1942031bdabcf9d04f89dda1b39b96bd9b42,no,no,0.5299834979505631,0,2
opp115_data_retention,tfidf_logreg,1,4,248,e70de619913753bc42a24b74c19fa0f6d78b4f2065dd29cbdd1d094d8a1c4958,yes,yes,0.6274069161652174,1,1
opp115_data_retention,tfidf_logreg,1,2,249,38525a384cff0762f804e1a21a7b89ac657c8eab1c3a09f8da7f97a684ed8cbb,no,no,0.7857243209709267,1,1
opp115_data_retention,tfidf_logreg,1,0,250,a608d369acb8b39938b51bc67b06b14e46f4e7b30af9060ec12d40ec76a02693,no,no,0.5146872013566046,1,1
opp115_data_retention,tfidf_logreg,1,4,251,b6849c5e7505d5ea81a96d7302dc64625027f1333fdd1ad5acdc5674a1356024,yes,yes,0.7144519764299119,1,1
opp115_data_retention,tfidf_logreg,1,0,252,2f62c54cbda8addbe6232f8471c0c55c65ddf75bd4f4201f20095a468a6d4a3f,yes,yes,0.510420334961624,0,2
opp115_data_retention,tfidf_logreg,1,4,253,a7f9911c6c83b3445ee6ccbf2a64537355af6eda468b91834e1f28a39870328a,no,yes,0.6619376767315307,1,1
opp115_data_retention,tfidf_logreg,1,0,254,331b1f34bbf6a523faaf139562c3206a26f73f76a0af24ccb8b7d410c5809648,yes,yes,0.5168279834700271,1,1
opp115_data_retention,tfidf_logreg,1,3,255,1e9d5bebd73b6b03196102c13d6398e9684f640319406b8cfd2182f5efec90e8,no,no,0.8390297566254233,1,1
opp115_data_retention,tfidf_logreg,1,4,256,c385be8e4dc911b9d1100018a19156fd997244226e0ad228c94cdf495b72c9c9,no,no,0.6933568332787092,1,1
opp115_data_retention,tfidf_logreg,1,0,257,f316ea31b0b9f52d7e58dea2321f7f1367c3b9713783bc8e8a54df26122cb53c,yes,yes,0.5343818850098573,1,1
opp115_data_retention,tfidf_logreg,1,2,258,f869eb75e9a1654c2216095771718fd988f6460ba8e79d76d0dda31b878d4a0f,yes,no,0.5654587612798008,0,2
opp115_data_retention,tfidf_logreg,1,4,259,9a18bf5bedcef58fb061941815a1dc4f26be41d24545b1dedc4a4cd9c3882dba,no,no,0.7258912002343809,1,1
opp115_data_retention,tfidf_logreg,1,1,260,7787497942b66196747d386679fb92dd42ec1ca9c3e6b38147ab015d42b529f9,yes,no,0.5017263732998367,0,2
opp115_data_retention,tfidf_logreg,1,1,261,00ac89c540730a3531332c3398cff49e8db87a948ea4434b63039bcb165b2c66,no,no,0.5140152957963404,0,2
opp115_data_retention,tfidf_logreg,1,3,262,b3eaec0a573a24dbb3b21c0d97605c822ad645c92272d7e319ba9f7a8dd0a73d,yes,yes,0.8020124717435057,1,1
opp115_data_retention,tfidf_logreg,1,3,263,83055255358a99afb2a4d5dfa1be49e9d6fd08fb4cf38447b4bedcb96fbaca8d,no,no,0.8148962032127117,1,1
opp115_data_retention,tfidf_logreg,1,1,264,6c7d9bce9289e4f305f3bc9a7102fc099f5e7104e35642b6ab9464a465815dde,no,no,0.528706473936235,1,1
opp115_data_retention,tfidf_logreg,1,4,265,f0790f05da1a430476726fb1d935f7e771506db7ce34ebd7f8865c7b3ce9deaf,no,no,0.528621112657845,0,2
opp115_data_retention,tfidf_logreg,1,1,266,6b6d1b46091d740d9c3bf0588df61c7c5df56a0200635bc1d29ea0280f4fb3c9,yes,no,0.5172245297438174,0,2
opp115_data_retention,tfidf_logreg,1,2,267,5c6dba33e1a2705163733543bfde75d0e215a2360c17dbc9cf06ae0c153b6014,yes,yes,0.872060967263921,1,1
opp115_data_retention,tfidf_logreg,1,4,268,097d257865b8010cfae87562ae3acd3cfdd11d628daf6eb19ef0fb02f8aa5cfd,no,no,0.7774428776349662,1,1
opp115_data_retention,tfidf_logreg,1,1,269,a7d0e7229ee813df0da48f22c8b9f7164d3d78eb630fe2d9c12c0b817523b0bd,yes,yes,0.5225249139512363,1,1
opp115_data_retention,tfidf_logreg,1,1,270,0585dd317c2fd60618e5b686ab9f9d98a1498248e25825af326df46675c317bb,no,no,0.524450433376176,1,1
opp115_data_retention,tfidf_logreg,1,1,271,944fc9978a2a6b5e1ca37acc5b4274abb44dd61ceeb497332d87e0966bd5b850,no,yes,0.5131247285916892,0,2
opp115_data_retention,tfidf_logreg,1,1,272,6882433d496d02569b5744fb8aa186a9982b24c294237298ad5e876598182f8e,yes,yes,0.5018237315549386,0,2
opp115_data_retention,tfidf_logreg,1,2,273,77d837bdb3945e037c6bc1e1ceffccf5972537d088e53139f85cd61a40ba32bb,no,yes,0.8307299327004599,1,1
opp115_data_retention,tfidf_logreg,1,1,274,ac03c789e91d566843ad44eee24526ca26c89d6e49ae164d8987eecfbffec7e0,no,no,0.5128645421495521,0,2
opp115_data_retention,tfidf_logreg,1,1,275,631509edaa82bfb9fe669ef2c49aab37a6a8b5ded6d502ee11e0982aa874f854,yes,yes,0.5036588439395365,0,2
opp115_data_retention,tfidf_logreg,1,1,276,a943897a4f2d7fe76699b0f268dd2dfd57ada734ac5a21bae2739666abe7d190,no,no,0.5359248615661789,1,1
opp115_data_retention,tfidf_logreg,1,3,277,e397b9fb3a1c4f92db03685edaf800fbcd4fc51e0b0121c1f0eebb6a868e6afe,no,no,0.7914974081820072,1,1
opp115_data_retention,tfidf_logreg,1,0,278,8c3bafbb5ff5851b2762dd74740a9378d5b1a8ee8e05b0195f923bdc8ecd18c8,no,no,0.5179330979068475,1,1
opp115_data_retention,tfidf_logreg,1,1,279,dff95303893a2a3012f5c89bd306f5e5ecdf1f4aeded9761df3aa3a04cc3e317,yes,yes,0.5003549093914195,0,2
opp115_data_retention,tfidf_logreg,1,4,280,7e39a80962a7f4e89e48e00fa790fd0fe9a679346f05446bc5648239a5551aa0,no,no,0.5434856689535558,0,2
opp115_data_retention,tfidf_logreg,1,0,281,37026006daaf329041e125901210e0ed07673977b50ab75247530d80efcab30b,yes,no,0.5011679778277385,0,2
opp115_data_retention,tfidf_logreg,1,2,282,5a91dd4bf9e4d39f9bb845b50ecec4b500fa2c0314aab3146eb267953b009191,yes,yes,0.6038802829897023,0,2
opp115_data_retention,tfidf_logreg,1,3,283,eee0077d4ac9d0305983ae7802727bf2185a52bc5a0ed3f9248da5977fb9122a,no,no,0.8754806870757712,1,1
opp115_data_retention,tfidf_logreg,1,2,284,e4a77beb5442f26027cc4c8e99456c5e2f3a51e71efb7986820a6eaa41688a2d,yes,yes,0.8595273727274014,1,1
opp115_data_retention,tfidf_logreg,1,3,285,5fb1ee934e23642de0a5dbffa00ae79d14f0668f5bfd41272c0f7608f3e65093,yes,yes,0.8594257738726763,1,1
opp115_data_retention,tfidf_logreg,1,2,286,0099b44663fb6e62c7e0e721a23c1a9d02a508dabfb9b2578697a893040f6288,no,no,0.591913197156589,0,2
opp115_data_retention,tfidf_logreg,1,1,287,20fff12dbb9c94a47ff332d13ed9d2e47a8a20112eed351497b59496f4c96ebd,yes,yes,0.5234082349984392,1,1
opp115_data_retention,tfidf_logreg,1,0,288,a4050cf1e40640de6f219bf7c86291057a6cbee66710f4cd042edb07054c5be6,yes,yes,0.5176874116678171,1,1
opp115_data_retention,tfidf_logreg,1,0,289,320dcdb13784b37639fdafd0af9f079b25a6aa37dde118d245f2bc0104d6b690,no,no,0.5192586703182671,1,1
opp115_data_retention,tfidf_logreg,1,2,290,f5be7fd433b991df2123b66c275591e49ff85cb116360f92ee76067c29dbd12c,yes,yes,0.9149433486425649,1,1
opp115_data_retention,tfidf_logreg,1,4,291,e69d683bf0662b37561b1eb6e1eadbe3dbf2c0fc148cccd4119fa231a1917b46,no,no,0.6376068275529372,1,1
opp115_data_retention,tfidf_logreg,1,4,292,e71d0801d3af067794624eb24a6a7950f40c6f4d4085ac685a9a21cce1a77b6e,no,no,0.6863974686893591,1,1
opp115_data_retention,tfidf_logreg,1,0,293,1acb0285d3cfc413a7c38dc1ccf0f2c5a261adee395934e6349f4ff2c667ffc0,no,no,0.51190245795355,1,1
opp115_data_retention,tfidf_logreg,1,0,294,444c17be4227f834a15ee572c9dafe389dcf10a58c327e9fd52cdeb52180525b,no,no,0.5103356037512283,0,2
opp115_data_retention,tfidf_logreg,1,1,295,5471e9917d6773e7cca7dfe6c1af9f17cab56f9e46c9fe79a2cb9f3b5aa78979,no,yes,0.5054953694877462,0,2
opp115_data_retention,tfidf_logreg,1,3,296,5989c62c021f0138063006ce222bbf64c49993ca3cc330a85b7de6251fd55d4a,no,no,0.5623774377523258,0,2
opp115_data_retention,tfidf_logreg,1,1,297,14bf42e067c5794d14a9be06281a809438d1eb4db47d247e3d427c04e7c7b7d8,no,no,0.5085623024906483,0,2
opp115_data_retention,tfidf_logreg,1,1,298,b15dc5db6c11da7e9e28ac8b682ecf14ea64add66b77475cc6a51d7ad4b6251f,no,no,0.5104956096902863,0,2
opp115_data_retention,tfidf_logreg,1,1,299,11ee9a0aa806f739c5dd8e99fdbcfd8cfb6d3432051f7807ebbce9705af60d4f,no,no,0.5028904681641937,0,2
opp115_data_retention,tfidf_logreg,1,0,300,78ea85a7c27cb91431dc8fe4ef5ca476168da0bfb1c2555b615c16afe4307bd1,yes,no,0.5151083119688393,1,1
opp115_data_retention,tfidf_logreg,1,0,301,b69f6562a892fcf7ce6acd9e1ed4adf2cd4690cd068b2c75954e8b8cfe2b5d31,yes,yes,0.5199582088170852,1,1
opp115_data_retention,tfidf_logreg,1,0,302,07e78088b1f4bf413cb549c9e9b38ba43b6f611aa69c382daa758e1f0961be13,no,no,0.5245606438835402,1,1
opp115_data_retention,tfidf_logreg,1,1,303,77402fd1b3ae2f41ccc476fa26f6f353a8f2c28874c13d0d780f12c0ab3dbda7,yes,yes,0.5243595556108953,1,1
opp115_data_retention,tfidf_logreg,2,2,0,e783d6e5426c4d132ca1198992b63a2b77013808d63e267b499744a4c5d1b11b,yes,yes,0.5361647838241541,0,2
opp115_data_retention,tfidf_logreg,2,2,1,ca069ace0fea7074fac7e44b33121935734dd94f589cc9069a738b5884a0f116,no,yes,0.5635034428447911,0,2
opp115_data_retention,tfidf_logreg,2,2,2,94284e1d7b10fa6117e24745885f4a5c871d995ca98a16179c63cacb7e9c8618,no,no,0.5889725578062159,0,2
opp115_data_retention,tfidf_logreg,2,2,3,ee7f763b4da0bbf780148ff43363b2a907297b4f98c76d7c1e1d2869878a70f8,yes,no,0.6268105648858201,0,2
opp115_data_retention,tfidf_logreg,2,2,4,be54e70c44eb94e44c82413eb316abd303bc0920653e459cc81b65dc610c2c47,yes,no,0.6135349664803362,0,2
opp115_data_retention,tfidf_logreg,2,3,5,bae4eb887d877f453aee88d3761b630e4bc7ff917be76cb60950cca3ae6c909d,yes,yes,0.7023787525876175,0,2
opp115_data_retention,tfidf_logreg,2,3,6,ffcbe512035ce904259b64a9212131a8ddb5ef6916eb7f217c64a5658bd672fd,yes,yes,0.8140353583565956,1,1
opp115_data_retention,tfidf_logreg,2,4,7,9e061b3940805235e0301ddc59cdad769cb39c4672fdac340725b065cca9eb76,no,yes,0.5517821538159029,0,2
opp115_data_retention,tfidf_logreg,2,1,8,11dbaf4848acf49d21fffc81b9b0ac39e736808cb102bd24ec485e1c9793ead1,no,no,0.5134600565061755,0,2
opp115_data_retention,tfidf_logreg,2,1,9,b35466aaf2aa88600ce3febc4691f6c33a5a185d118a53da03fd134b474427c7,yes,yes,0.8301988263170812,1,1
opp115_data_retention,tfidf_logreg,2,2,10,8c3c2305b0edd2dfbd80ae024d68bf853a2ba001d7e139e796ceed9ab18138b0,yes,no,0.5387735210333968,0,2
opp115_data_retention,tfidf_logreg,2,4,11,b7123b7c303c69d4e87a4030ed741d9f0ca824b638aab5f65596e20ab0d8c4dd,yes,no,0.5867920054402236,0,2
opp115_data_retention,tfidf_logreg,2,0,12,3a03588f9a14326961809e8f32642ea962dc8708b9b78b365afdda60e89ef739,yes,yes,0.546624814213526,0,2
opp115_data_retention,tfidf_logreg,2,0,13,31bf37f8261b9238c62d1bc86ac8e76cca50a7903aa58122cc6fda4e44cded97,yes,yes,0.6093478153759744,0,2
opp115_data_retention,tfidf_logreg,2,1,14,83aee36651f00dedd70cbd9dcad609997907b62cd9bf83a6c3ff2ec5e8d4da27,yes,yes,0.7535451320603499,1,1
opp115_data_retention,tfidf_logreg,2,1,15,0ec789dd289a49bedd0b0b3266a7cffd2be138f7eab28a474b082a4e010735a2,yes,no,0.6504898099808379,0,2
opp115_data_retention,tfidf_logreg,2,1,16,393eae997b97caa2cf9a1da91b63d15664dcaddb694220702d9a143ce913b7a8,no,no,0.6938341354779143,1,1
opp115_data_retention,tfidf_logreg,2,0,17,54c18021f0b5bdd5418fb5f0ae5fa39e1a0754b3d7cf800324e8103487e5cf23,no,no,0.6691595223566913,0,2
opp115_data_retention,tfidf_logreg,2,2,18,03f51ff145336e8b0b3740f93f96fe8af81eb409dffb118976a1aacf863ec171,no,yes,0.591028810753527,0,2
opp115_data_retention,tfidf_logreg,2,4,19,c89c69b4178c8e62694dbbec4c5ed66aeb0fe5c55e301599ef066e3c3b4385f9,no,no,0.5778408022908428,0,2
opp115_data_retention,tfidf_logreg,2,2,20,8c3716bcecd879ddf0f8827a6cbc7a3abc6d6a93b2089dd3ff73b38ddf0001e1,yes,no,0.6104543254084889,0,2
opp115_data_retention,tfidf_logreg,2,1,21,f15bd4dacb8cb1b84e653d23e7fe124f64a891cc8707ea67a161980021a3b418,no,no,0.7916298560392477,1,1
opp115_data_retention,tfidf_logreg,2,4,22,8f4f45d8a36971e3c0f25e096cde795561185b99b9e955438faba7a4d9fef7ca,yes,yes,0.6227919669355062,1,1
opp115_data_retention,tfidf_logreg,2,3,23,21eac8a720e29bc551d3c8df3375045370305435e24faa05b1d987ac9375d91e,yes,yes,0.8192644728542569,1,1
opp115_data_retention,tfidf_logreg,2,3,24,0dd0744922c1b1301ec97c32fe0ad034feab74cddd8fbda70c8f9ef34b1984cd,yes,no,0.5418861052012656,0,2
opp115_data_retention,tfidf_logreg,2,3,25,3fca71487f4cb96371c3aa5abdec8e2b540353f8e48d378f45873ae178857cc7,yes,no,0.6193992564998957,0,2
opp115_data_retention,tfidf_logreg,2,2,26,dfe28276bb0dea301638082a29d464d5b991277d523df29efae965421e87545a,yes,yes,0.5875787073342035,0,2
opp115_data_retention,tfidf_logreg,2,1,27,8659994e0d17820ba141784fed4d0c18349ac65ec3723701527ef343db9ba2c1,yes,yes,0.6422776737882797,0,2
opp115_data_retention,tfidf_logreg,2,4,28,ac53d5dac4ea34e954ef4a4c00be85ca1da5b5fc8eb4c64c48283a7577095425,no,no,0.5005372260136095,0,2
opp115_data_retention,tfidf_logreg,2,2,29,357a57196be8d969cfaf00bc58e3c97de8f72e1069c26ab0f58307d2cb1f9d5e,yes,yes,0.8665878036373929,1,1
opp115_data_retention,tfidf_logreg,2,3,30,7049bf1374796642411a05defe57eb86765db47de62248e00e4d77bcac1aee04,yes,yes,0.5539015672967953,0,2
opp115_data_retention,tfidf_logreg,2,0,31,222418114ae837c0bd206440228b438f96014c6de64bdf072ca3006ccff9edef,yes,yes,0.6795237076875718,0,2
opp115_data_retention,tfidf_logreg,2,3,32,f757ac860de8bac9799d7d27ab9656bc254e26812f083c16a02936aa88791bbc,no,no,0.8302302842365183,1,1
opp115_data_retention,tfidf_logreg,2,3,33,abc7c023b269931d630379941d539c55e5fa3c28b820a815a5c982c2631c347a,no,no,0.8095369104760164,1,1
opp115_data_retention,tfidf_logreg,2,3,34,7b32204f54e8ce396150ac1e8e02190e1403dc0cabd8a34f0561d5d7e93d436b,yes,yes,0.6790698950790027,0,2
opp115_data_retention,tfidf_logreg,2,1,35,fb2d529b248aa927f32f4656bd77156f68757ecc4f2c5fb3629b8a526b66b9b5,no,no,0.5269765663637606,0,2
opp115_data_retention,tfidf_logreg,2,0,36,7d2ec8df6e3c214c2a93de17d8a3bf0d6d26027cd9d0044c301dc63237fa3945,no,yes,0.5348247541293637,0,2
opp115_data_retention,tfidf_logreg,2,1,37,9ea4ee0eb3d9d04cc9a8af0091829dfe1ab1eadb8752a5a3717462508654ec04,yes,yes,0.8921667666610144,1,1
opp115_data_retention,tfidf_logreg,2,0,38,d77daaa5f063858c2906c7034002c097b5b47e32324c222526a7f3d8f02c5e83,no,yes,0.5825887206901631,0,2
opp115_data_retention,tfidf_logreg,2,3,39,ec4a7bd8ad197241c5da09accfc4e31ec5b38e08bef387e0f4331c37a83ba409,no,no,0.600370177945571,0,2
opp115_data_retention,tfidf_logreg,2,2,40,169f0b5e0d2932c82322740d6cd06b3021df2a4275d101bbed5152a0caec46f5,no,no,0.540215780475712,0,2
opp115_data_retention,tfidf_logreg,2,4,41,3612cd825f0a2590279962431747097d0fbd3401192a8a62417ab05d87ff7cdc,no,no,0.5244050606958444,0,2
opp115_data_retention,tfidf_logreg,2,4,42,1c8146f855bf4280a45bbd60a4dd1aaf1d2462f0046648c27e23dc401581ad05,no,no,0.6494396889981726,1,1
opp115_data_retention,tfidf_logreg,2,0,43,60b00c02942a44883178b9d27e7722712a65e657f9aa8d7c70f8ed058831df55,no,yes,0.5153487532680368,0,2
opp115_data_retention,tfidf_logreg,2,4,44,1b43600d724d025fee73e8dd3c3f6f6f83b2f2254ac3d807d4267fe457da1367,no,no,0.5236534428515305,0,2
opp115_data_retention,tfidf_logreg,2,1,45,1b425bddb73825802ebd5efb1770c952a4e9a9ade9939504b3214de4adbb127e,no,no,0.8283444808011962,1,1
opp115_data_retention,tfidf_logreg,2,2,46,14adf82ee0e3d6b6dfdd51d4d9647c2e6deb7e4569137c2c64156837745e8760,no,no,0.7052652079016166,1,1
opp115_data_retention,tfidf_logreg,2,2,47,943b0ad7763955e029b57dcfe7332b1e2eaf864f2607e3e69ac29c6ce7a999b7,no,no,0.6074058541287909,0,2
opp115_data_retention,tfidf_logreg,2,2,48,8f8364b2d3da12fe4295b94efb41660701eff5ff3ccd0f8330dbfff526bc2897,no,no,0.6785395494323136,1,1
opp115_data_retention,tfidf_logreg,2,4,49,6890c79c65173038a805d631a4323d13802b1a084e9e43845b520355afab971c,yes,no,0.5428844626737932,0,2
opp115_data_retention,tfidf_logreg,2,0,50,30f86ee9ab5fc9b4faf8f83a1adc03eb5e79e7209a5d1555158c62b5d07db921,no,no,0.5830904630222917,0,2
opp115_data_retention,tfidf_logreg,2,1,51,f90c0ab836f55a0533b7c63c67a680a19e6febf6f64c800cb0e2330b3842b9e9,no,no,0.6329848917683476,0,2
opp115_data_retention,tfidf_logreg,2,2,52,f11f4e51a1a75b9616635de4a16c46b939966efe3ff9f57c2a10946ae6db0a24,yes,yes,0.6368183389940154,0,2
opp115_data_retention,tfidf_logreg,2,1,53,551d327f8c9be82c0678a13e918c66a1e4261f956d2c31921b9793392dc0fb96,no,no,0.8330533933773276,1,1
opp115_data_retention,tfidf_logreg,2,3,54,7639ec8effacba52f92d78e35873af81a3c909d1bcb7991c3dee8eb8cd155eb0,no,no,0.6885215430671192,0,2
opp115_data_retention,tfidf_logreg,2,2,55,3673e6ea57ecd4f466018707e593a4bdb9b7aef1644bff252a6f08d923f63e94,no,no,0.7168130233246546,1,1
opp115_data_retention,tfidf_logreg,2,1,56,6926dd609cf92d236cc7e7fa5da23576df2d87bc04d7e5abddc73b579061544b,yes,yes,0.8503938431773392,1,1
opp115_data_retention,tfidf_logreg,2,3,57,87174a10546e056f1c501b38df6beb64eb9d06a2e2a4b5ff08d40e522ecc8ca6,no,no,0.9038434949114142,1,1
opp115_data_retention,tfidf_logreg,2,2,58,3ba755901c58d9df7c1ba20b53e5b32b53ab34a6e9c50dbaa693d1f7b0488595,no,no,0.6232056700992679,0,2
opp115_data_retention,tfidf_logreg,2,0,59,057e0cd21f3f2d6f8ac7cc0f61244c4a688038e64aa3927b4911c6e6da385581,no,no,0.5469284713918818,0,2
opp115_data_retention,tfidf_logreg,2,2,60,f37843199faf0f23449b8c3794d5f872aa99c2b209afd10d0a95e32d3b24e389,yes,no,0.5864002800503056,0,2
opp115_data_retention,tfidf_logreg,2,1,61,6ee61c9e44191e66fe010bd3648455dc5265a72fb87b3d7c5a8a93946094afbd,yes,yes,0.7316813390273897,1,1
opp115_data_retention,tfidf_logreg,2,1,62,ca1bb8ae943ee9c0661e965007a76f4432974abc8477582c8c6ccde3c5753505,yes,yes,0.796055483236149,1,1
opp115_data_retention,tfidf_logreg,2,4,63,acb73fd801c1e421dd498e8b4bf3b9b54243d6505f12ba6260ac82bc8f768f2d,yes,yes,0.7113835946079876,1,1
opp115_data_retention,tfidf_logreg,2,0,64,89b1f9976201dc2173e0bbdc34631faae2a8c790ba6da107d46e02ca87a08617,no,no,0.680332506396609,0,2
opp115_data_retention,tfidf_logreg,2,4,65,2d7f91113988eaa8a6fc7bf434caf085a3ff857c610fdd7a70ad274b22cd61fe,yes,yes,0.5933928766413527,0,2
opp115_data_retention,tfidf_logreg,2,0,66,830329efa7f832e44e99f30030f4a9c15846e8b46fc521879633a9968097829d,yes,yes,0.7348345001965014,1,1
opp115_data_retention,tfidf_logreg,2,4,67,7ce9c26fb6b50a60fd9b2a6ef38fcde34bc68b2d1444bbe9f8ed3fea77f0b59e,no,no,0.5543319774035509,0,2
opp115_data_retention,tfidf_logreg,2,2,68,52f1898017e8ea0e0f71a60eee63f1dc2e5ef17b2456e445f969c030bb48f940,yes,yes,0.7532415067769198,1,1
opp115_data_retention,tfidf_logreg,2,0,69,c67a4e4eaddb86e263afd6a612649b9485c97dae99f189639f96656b9087a012,no,yes,0.5470135345400369,0,2
opp115_data_retention,tfidf_logreg,2,4,70,4a68c4a3020aafbdb9c4c6c7c31d71b98e713e853b9cff1de6b14c1c38bc9f24,no,yes,0.5555602884206942,0,2
opp115_data_retention,tfidf_logreg,2,2,71,eedaad9d24addceb170d0b20737c42cbbb718262f7b7f5613310ef3ea6e84a41,yes,yes,0.5662618681621696,0,2
opp115_data_retention,tfidf_logreg,2,2,72,c97186e083514b27770a49119fddd31b1ea91626f7cc343d194e4939cc504c62,yes,yes,0.600834380145251,0,2
opp115_data_retention,tfidf_logreg,2,3,73,188d814cc1989645ed98960c18733a0b3819b7a5e68c6e14a2678017b393be96,no,yes,0.7152116926833395,0,2
opp115_data_retention,tfidf_logreg,2,1,74,87e15e4c3d53fbff03afef09d99be298396f7f93a460514045fb7cde9649fd1e,no,no,0.6346862315104973,0,2
opp115_data_retention,tfidf_logreg,2,4,75,18b1b534d366629f782db652c4bd4bb90f86a28a60fd65718523967f4f0524c6,no,no,0.5294594262273539,0,2
opp115_data_retention,tfidf_logreg,2,0,76,fa803d00ce6546e8478457a6d52ab9b6d8c7630ac8851e1fc52d67f7fb53fed7,yes,no,0.6379019743841384,0,2
opp115_data_retention,tfidf_logreg,2,0,77,08a0b4c02c02ae6cdb3a9a27b5f233c6f7b885749d7ce00159fa175639f6dcaf,yes,yes,0.5788768566380903,0,2
opp115_data_retention,tfidf_logreg,2,0,78,f06dd627e030196b06ee963e24c2dc68097362ee8edf0e1b8f06345c991920c8,no,no,0.5249408832914322,0,2
opp115_data_retention,tfidf_logreg,2,0,79,093e1aa7c495478f254786dbe3a579997e7d3d1e60f1a95f37825c5fb42a3587,yes,yes,0.5581772200783145,0,2
opp115_data_retention,tfidf_logreg,2,2,80,a9ce0f5db9dcfc9b61e4765e319b2b23ad2e83dad1801837b8f01cf5396bd079,yes,yes,0.7554734353203917,1,1
opp115_data_retention,tfidf_logreg,2,2,81,fe853791e43affc0b554bc15ac732e62d21598be47daeff71cff7c70fb3ace66,yes,yes,0.7254660264471248,1,1
opp115_data_retention,tfidf_logreg,2,2,82,8865d6dc769090f70b58a55fda31bb852e5f08b1c77b001d459bf988b50d86b9,yes,yes,0.6195324833438812,0,2
opp115_data_retention,tfidf_logreg,2,1,83,426332d37643f726b27481408434abcfc44dc8851f6c33cd5dd5632af590b1e7,no,yes,0.607801359433831,0,2
opp115_data_retention,tfidf_logreg,2,3,84,a79935042d83fdf73a42c16202193b860ad3d5911ae723be591572b747a6b7e1,no,yes,0.8340303988145015,1,1
opp115_data_retention,tfidf_logreg,2,4,85,7ff692472ae904d4710c1f7bd076cb8c695d0f94fb75da5726e98b4fc6f4745e,yes,yes,0.6807930745432182,1,1
opp115_data_retention,tfidf_logreg,2,1,86,3923241ca81aae32e7fcdbef21d829ba2e206096e796fb081b28142af7f5dc37,no,yes,0.5040974662329413,0,2
opp115_data_retention,tfidf_logreg,2,1,87,34bf5b6a41eaa2411a0ffe792091dd421bc56965d2270c7f03641ba1296ed2ea,no,no,0.7526388908432226,1,1
opp115_data_retention,tfidf_logreg,2,2,88,3e9d2c06dca818e7895dc62865bd1f351c76a6a9a2576ebd72d3c3d723933bec,yes,no,0.5033137756404896,0,2
opp115_data_retention,tfidf_logreg,2,4,89,90935d6dee8a77ca52d1b41a4960016c1f84e12aad956e07b67c47067fe621c0,no,no,0.6140024911004628,0,2
opp115_data_retention,tfidf_logreg,2,1,90,6103e00dfc5b9fc89a1bbc7bca32c60908d3af246a737c3cb6ca752a3b8e4273,yes,yes,0.8387904204727354,1,1
opp115_data_retention,tfidf_logreg,2,3,91,10fd70c10966d05dfbdb4bd28d72e4d99e5b68a81e8201f2ed78f069887174bd,no,no,0.6113599874320961,0,2
opp115_data_retention,tfidf_logreg,2,2,92,8d527e2efc6a8cba2a09b999917ff3f57012ccb85c76b628e3986a189d0f806a,yes,yes,0.9048033095317372,1,1
opp115_data_retention,tfidf_logreg,2,0,93,8e7672199331041a2ffbadb8967b89b9584533bbefc1a8b1bdb06df30507a723,yes,yes,0.5887670955872036,0,2
opp115_data_retention,tfidf_logreg,2,0,94,60271a38ebd73a503d4d63a7d24736a191329fa4c2ceb064478b0385b89e3531,no,no,0.698516740883949,0,2
opp115_data_retention,tfidf_logreg,2,1,95,a2f433b20215694a24eb8879748021883ff1a49cef93caad0f629fd8f089f68e,yes,yes,0.6809362347957933,1,1
opp115_data_retention,tfidf_logreg,2,1,96,00c26499d96234846a991a8b3863d4bf82feae4d04b77fc0410d3c5284e88e93,no,yes,0.7254643887474795,1,1
opp115_data_retention,tfidf_logreg,2,4,97,ae95ebca76c16e99e7d1de2c967de0ff8c61305f33f7896c0a229dbe7469bd22,yes,yes,0.5835038603227768,0,2
opp115_data_retention,tfidf_logreg,2,3,98,0e20e01a4fb7381675b2416a2e0129fd586a59aef87aa297fde7e7b33ba79b50,yes,yes,0.6563818841368653,0,2
opp115_data_retention,tfidf_logreg,2,1,99,d65f8be5d2d371519044d7daa6308a21fab28110dfa9283d6c6fc2a24d727b75,yes,yes,0.9058965527328066,1,1
opp115_data_retention,tfidf_logreg,2,2,100,a6826c796e514e13c24f3cd62fdaeb329b4e6a7a7c0fb49333ad9c42077d004e,no,yes,0.5028330795712377,0,2
opp115_data_retention,tfidf_logreg,2,0,101,ae273fb46b67ef555b02f6b977a7bd0ef24425d26b9b57628cedbde78fe0f8e9,no,no,0.6501724848253503,0,2
opp115_data_retention,tfidf_logreg,2,3,102,01e3acbc33bf15313b5880a87df86cbbf898f221efc438d21065a2487d90caa5,yes,yes,0.7654720910403696,1,1
opp115_data_retention,tfidf_logreg,2,3,103,a0794a8831efac02f0c596d7fdd4ccd5cc97370cddba1ad6ddea24575530fa1c,no,no,0.7490283501390999,0,2
opp115_data_retention,tfidf_logreg,2,3,104,61b9dffd6a6c84dfcb4ffa8e49c1c0ced89c2c586fd2c56b2197c65619d78b95,yes,yes,0.8703483132746708,1,1
opp115_data_retention,tfidf_logreg,2,1,105,24a215c96bf2875876591826ca6946592923950ca249a411067b3addcbe5ed53,no,no,0.6043193103013563,0,2
opp115_data_retention,tfidf_logreg,2,0,106,1a3457d784d82e13afbc9c92f5bf3cf8647142888d4ae6d381aa825881b2657d,yes,no,0.508734653479512,0,2
opp115_data_retention,tfidf_logreg,2,1,107,12e2a92314750078e8927c6895d3e605483c3df2def7e09b9ab8bbc1854455b4,yes,yes,0.6184497604910721,0,2
opp115_data_retention,tfidf_logreg,2,3,108,89d4afba01413f4f026c08de5ab9c1a752ec1fa7bd7ad2ef5f1e405f15a07e83,yes,yes,0.579137013880179,0,2
opp115_data_retention,tfidf_logreg,2,2,109,1f839862705946b52e2163244afbaa70e2426147512f91860dc5601c5c2389bb,yes,yes,0.7971934726150692,1,1
opp115_data_retention,tfidf_logreg,2,2,110,935a7b863897a0ba0c8ad7901ed54fb2f12d631281676d3b3e3bf8aff853ade5,yes,no,0.6711085524628437,0,2
opp115_data_retention,tfidf_logreg,2,2,111,59c16506290887c7b0cddffcf2aa2e5f87747ee6e4f18ed8ee74e52fa2c008dc,yes,yes,0.8423100466341211,1,1
opp115_data_retention,tfidf_logreg,2,4,112,f64096926fb9c78f401fc0854671a223614422af71ed3a0685489963d966ac09,yes,yes,0.620316797351134,0,2
opp115_data_retention,tfidf_logreg,2,1,113,2bc01bdcffae3876a8c7f082fd32fd529e78059380437c09551033b584275815,yes,yes,0.8766396233110545,1,1
opp115_data_retention,tfidf_logreg,2,3,114,4065a65416309e59bf310015b8b8efcc430db139973fb86d117f93e768031bc3,no,no,0.5771273968542402,0,2
opp115_data_retention,tfidf_logreg,2,3,115,48d314a42dbe9fa058aca1dfb87bcf56f418fe9874699c1489237577f246b045,yes,yes,0.5713535377068657,0,2
opp115_data_retention,tfidf_logreg,2,3,116,2ca25fd3736fd80ab90b2254eb3d425b036dcd4e9e62e4360386e416c9deab76,yes,yes,0.9016440230326515,1,1
opp115_data_retention,tfidf_logreg,2,0,117,1161be58ea49ebc7fce1b9054d77589bb5307b3d56d34a516c160490929e414d,no,no,0.5992785137736945,0,2
opp115_data_retention,tfidf_logreg,2,3,118,414440c3a3ddf73ddf10106fd36a5cacfce9fd199ec8a7b46ee44844418507b6,yes,yes,0.8588963744387554,1,1
opp115_data_retention,tfidf_logreg,2,0,119,0570fb4811b2e51a3e0641efb5a520396a092d396550cdaaafa76fd1dac4a726,no,yes,0.6559616522065667,0,2
opp115_data_retention,tfidf_logreg,2,3,120,021c61c2b34b795a0959f5f7b9354579eaecfcf1f64d296e334113a271188ae6,no,no,0.6976224767263244,0,2
opp115_data_retention,tfidf_logreg,2,2,121,57bc9e8962d8c99f668d7b81efe244628bddf539fcf66d74483a90c984c2c5c6,no,no,0.7855581349063686,1,1
opp115_data_retention,tfidf_logreg,2,3,122,447ae551bbd401748cb52fffaa7c3f115ce1dffe28c99efe5dc9dc0d38122e4f,no,no,0.6989527780011384,0,2
opp115_data_retention,tfidf_logreg,2,2,123,085b13c1eb4bd3144c896064ba632a965391017f9345f3085f1b98209c91afdf,yes,yes,0.7175825232940078,1,1
opp115_data_retention,tfidf_logreg,2,4,124,e4482c06dbe65a91bf1c1f134d6c0e1558da84dd5b5e12594c08686b3eddc8a3,yes,yes,0.8295857547836247,1,1
opp115_data_retention,tfidf_logreg,2,1,125,a9782bc9bc1c192c7edcab363fd4afb1b36914cdf9dafc5b0a12a0823a025886,no,no,0.7000473950199735,1,1
opp115_data_retention,tfidf_logreg,2,0,126,b2a84f40bc79374e0543efa4424fae4d57188002eda7fd63f02dc333becbea83,no,no,0.755680979568343,1,1
opp115_data_retention,tfidf_logreg,2,1,127,088f49e7378b28bce726054b67e2fabf46daf9e8d352e2a1228c22cf0fac683f,yes,yes,0.9492194180583269,1,1
opp115_data_retention,tfidf_logreg,2,2,128,93bf89a1de994e270413193fcbbcddc3491dcce4054e367a7c1d74c169ad4b14,no,no,0.7191128835242472,1,1
opp115_data_retention,tfidf_logreg,2,2,129,b6bad323bdb4a1398adcba0b0c816828e25650472c3a77d2d6b19f655dab819b,no,no,0.8106894723336008,1,1
opp115_data_retention,tfidf_logreg,2,0,130,d5ecccdb1813c7c945c958ccb2c108cfcb2a7bd8707476f5f1365e825a0ad246,yes,yes,0.660639513762548,0,2
opp115_data_retention,tfidf_logreg,2,0,131,7df5b7ffb7936618b90ec589b9e3fbc2842e1ff8869ad45b308533577fd77d86,yes,yes,0.6855549316358556,0,2
opp115_data_retention,tfidf_logreg,2,4,132,7ebb25afa192ba9160052426ef3b16f9c49812cb556a72816da619716925449f,yes,yes,0.7756389015902682,1,1
opp115_data_retention,tfidf_logreg,2,1,133,d267bda3f7daabde7131ec43fd663b7f38ebcd905b34ddcac52e23248e63f754,no,no,0.7875536191916659,1,1
opp115_data_retention,tfidf_logreg,2,1,134,8ebe484f8aa9fbd1ab3ffff75a73d134e929f509b531bf7d550cd2fbafb24fdf,yes,yes,0.906111441966144,1,1
opp115_data_retention,tfidf_logreg,2,1,135,9d6da06849780c6cf3a06b96df57fcbef807a25b5373dd15334941d35b8f6a78,yes,no,0.6186036975829552,0,2
opp115_data_retention,tfidf_logreg,2,3,136,9256ff8336f43973ac32483cf4a485168f7281caab039c91aa5ec45e7042acd1,yes,yes,0.8694338770453891,1,1
opp115_data_retention,tfidf_logreg,2,1,137,e08e585482b8d3906c0fcf66a5da160b9e819f25aac0e92c2086f5bd74b9f58c,yes,yes,0.9438524629867644,1,1
opp115_data_retention,tfidf_logreg,2,0,138,6fcf71b27d46f55ce193efc7f9afc04455f73116a9db84833f80e06f9ca50565,yes,yes,0.6081908089394044,0,2
opp115_data_retention,tfidf_logreg,2,4,139,c4b6d77aeaa5302389ac8f3608bfb27c4df1b76118cc8f54d2313c0a264133d5,yes,yes,0.6491857404797174,1,1
opp115_data_retention,tfidf_logreg,2,4,140,275a4d4239c413d2e99aedb43348f0606ad8850f1db7dc4e3118c3b47065f91a,no,no,0.6081200405989102,0,2
opp115_data_retention,tfidf_logreg,2,0,141,8a20b838887a4c084a09c1abf0e23b8c9ca43c382e2bbfe5e69c3dfe3fa607cc,no,yes,0.6227751719104689,0,2
opp115_data_retention,tfidf_logreg,2,3,142,d59761f593cdeec8646bc296f9d941e7e44cc354579e86fdca852baf273fc357,yes,yes,0.8351506945562959,1,1
opp115_data_retention,tfidf_logreg,2,1,143,e88625cea1e9848ab0c422dd31cb03bb37e230c04824f11aedb42e6256d88861,yes,yes,0.8747270025015869,1,1
opp115_data_retention,tfidf_logreg,2,2,144,472ac5ccf3636aa466c509158d54b8605d606563706d77f86728caf86b56828e,yes,no,0.5497507940767686,0,2
opp115_data_retention,tfidf_logreg,2,2,145,8b3ae3f08e20d45d17f031fd4b86caaca9a1df9e99e24770119d51d8f0ac3045,no,no,0.7008986837172501,1,1
opp115_data_retention,tfidf_logreg,2,4,146,a47590671f0c8a96c36f7d6c9a24adea2693fe733ebba1c9966755e8a4662599,yes,yes,0.6099872563043803,0,2
opp115_data_retention,tfidf_logreg,2,1,147,f499e421475ec682cadb46341e6d310462e81d20c890a16c9b4ad060534ed6d0,no,no,0.8887345279555752,1,1
opp115_data_retention,tfidf_logreg,2,2,148,f0cadbba69345266de6559680ae988e0fed4878bed5c0c92243e9d6d5d9f7bf6,no,no,0.7352966713656608,1,1
opp115_data_retention,tfidf_logreg,2,1,149,f321c837be3d158ef7ff42e4a5c07de189845d4d7b643c668200b64b5c207e56,no,yes,0.5587497202085419,0,2
opp115_data_retention,tfidf_logreg,2,0,150,1676246f4b932466894e0b3d528e741e4f90b6762f68e0ababf10e220767ab49,yes,no,0.7216412015049285,1,1
opp115_data_retention,tfidf_logreg,2,3,151,619d8a38ba5513f1cec70851f3865bfadc53827c6747264023f10a362373d101,no,no,0.7571931700780618,1,1
opp115_data_retention,tfidf_logreg,2,1,152,1b974e8954f0d9b48a91a29c0214076ca646d79b431e0a4492d19f30afef870c,no,yes,0.529895253741134,0,2
opp115_data_retention,tfidf_logreg,2,4,153,1b5aa100191a7360936d3578d1b9c3564918a79175346bc1ff23b914d46d70e8,no,no,0.5819100972310325,0,2
opp115_data_retention,tfidf_logreg,2,1,154,1fc468ce0666d80d3a1c8e28b4d8988e6f57eb4ba403b9f180c648047c14fcb7,no,no,0.8031770295541363,1,1
opp115_data_retention,tfidf_logreg,2,3,155,2630c3c03b6464991051cceb40eb38f315ce523c5773801b2a3351439cc0170c,yes,yes,0.765990686194405,1,1
opp115_data_retention,tfidf_logreg,2,0,156,a31f38cb747b69b44e923e5768a51ba824e616032b10029b3afa678eecd6732d,no,no,0.620602446031522,0,2
opp115_data_retention,tfidf_logreg,2,1,157,ff1baeee0f8055c9e395e216bd36541aa63ad084b6059cee873347c1db25ddc0,yes,yes,0.7678431753910718,1,1
opp115_data_retention,tfidf_logreg,2,1,158,28546a833bc592ba4da981179283a48d9b8e32faed0b19dc3fbd8c7a7dd50f37,yes,yes,0.8688592681245897,1,1
opp115_data_retention,tfidf_logreg,2,4,159,d410d20de93ec6d821438156036e88e141275e0728cbd81aa73889aeaaaaa0a5,no,no,0.6788380635375316,1,1
opp115_data_retention,tfidf_logreg,2,4,160,76c5c816c44786f5d8278d5c4344bd435d73b1ebc675162fd420b7577c9b34cb,no,no,0.6770546756066018,1,1
opp115_data_retention,tfidf_logreg,2,0,161,799451ec0744a90f7eb75457279c0ce6f460b9e3ce9926e51d1dbaf241d6ca78,yes,no,0.5846259440800474,0,2
opp115_data_retention,tfidf_logreg,2,0,162,551af7abca70932f3a0ef1229da16859dacbb33fcc413d4cd74833abb950ad33,yes,yes,0.6193571225032434,0,2
opp115_data_retention,tfidf_logreg,2,4,163,a6c7b7ef0cfcf9699e3078342794813b33930d6d73ef7b82d649e0cd79b1f9a6,yes,yes,0.6227284535063183,1,1
opp115_data_retention,tfidf_logreg,2,4,164,5a9e7a696d6ef019dd40f5984dd0ba98efccf5593166eaa0c496b20fa2746a76,yes,yes,0.6219416123559637,0,2
opp115_data_retention,tfidf_logreg,2,4,165,fb5bb7c3433b9471663a47edd44e1cdd1c25ed74aa2c172c37dd997d1e6c1852,no,no,0.5180185384318042,0,2
opp115_data_retention,tfidf_logreg,2,1,166,78bb11f1743e056742c00c3df7250817a755dce1dd5835869a2fb8b84e3bc2a4,no,no,0.7787645496163145,1,1
opp115_data_retention,tfidf_logreg,2,0,167,1abf35a14e7951c638a92c72eb3e662003b16ef0ddd618560be900d5e64f25a6,no,no,0.5273106413573883,0,2
opp115_data_retention,tfidf_logreg,2,2,168,82f45f405a5e1d0c32c0aa4104f22d7551bc3a67281e641a11ac83effe659f98,no,no,0.6920817615288686,1,1
opp115_data_retention,tfidf_logreg,2,0,169,5e45c583666bd2b302d372c46c671eef771afaf9528578e9829b226172636768,yes,no,0.5067347971292234,0,2
opp115_data_retention,tfidf_logreg,2,3,170,a9542e9239ad9fa5fe798e6e26246771ac82a8b7005dad2341ca2ee512a27e28,no,yes,0.5704243702981381,0,2
opp115_data_retention,tfidf_logreg,2,3,171,771b749f5c9ba209d78db7f0ac0f63caa7967c12a2872244c725be1a6170e4bf,no,no,0.8449876758131089,1,1
opp115_data_retention,tfidf_logreg,2,3,172,6429e704b1b7bc0c3244e81a91fde9ed92188025964f1d2d310b93923729cfe4,no,no,0.634390320141201,0,2
opp115_data_retention,tfidf_logreg,2,4,173,2199e3232e265ca67a9644ec81e95b1cb53aa0ad77d8e5f28f54888d985eb153,no,yes,0.5625426856050071,0,2
opp115_data_retention,tfidf_logreg,2,4,174,168c1f8fe9461bd4e50ddb2ced4e38f5b32927ec525c32ef3ef9caf4aac4f36c,yes,yes,0.5220717077097284,0,2
opp115_data_retention,tfidf_logreg,2,3,175,7fbc3e8d046e40175885a2131dbd1d61a930c28a1180efc3a9547e585536f7f6,no,no,0.7089426811078965,0,2
opp115_data_retention,tfidf_logreg,2,4,176,501249f20fe324cd55375fb36b14e360a23882582f1ac569eeff4584126cfd87,yes,yes,0.6089211012808056,0,2
opp115_data_retention,tfidf_logreg,2,0,177,12bcae560154d423083c35b272770f335f9553357e5869fb43154ccdf33846db,yes,yes,0.7883753821131254,1,1
opp115_data_retention,tfidf_logreg,2,2,178,d36e9685d44e56c9f78953fa6aaf57669c968b49cd0fe0a1745152927c8d4130,no,no,0.5514455444735653,0,2
opp115_data_retention,tfidf_logreg,2,0,179,65714301dfdbca9f00d701048d1fbf28fce86f25343fcdbcdbf0d9d1b38ccaed,yes,yes,0.7140221049489289,1,1
opp115_data_retention,tfidf_logreg,2,1,180,56b4f2662bf4174e7b8c2938a99ec052b918ce8e1e887eb5cfa74512d3e8093f,yes,yes,0.6425653142771903,0,2
opp115_data_retention,tfidf_logreg,2,0,181,786c88cca6c8382022ca97c03b2d0527fed556aefda3e38cac2bab6ffe58dc7e,no,yes,0.5222469495708997,0,2
opp115_data_retention,tfidf_logreg,2,0,182,4ecbddf240d7a5766bcfe8d2590717e74dac0e70abd05993cd0430fc1d16186d,no,no,0.5098746650466995,0,2
opp115_data_retention,tfidf_logreg,2,3,183,1bf325cb55644bf9f3fae7c85dbe467894de54012da4fa9b66d6a3a22673b41d,yes,yes,0.9265710580480813,1,1
opp115_data_retention,tfidf_logreg,2,2,184,1ea805b1eea1cacd586e1eee0f3cfe197a35d7e32fb03708c3c497f723298775,no,no,0.5324148474717314,0,2
opp115_data_retention,tfidf_logreg,2,3,185,19a13f3eb97a89ca1ef1b119b1c9367a382e7060b09a82f69b1e4e35a3c13204,no,yes,0.520237150326471,0,2
opp115_data_retention,tfidf_logreg,2,4,186,425e3ff0ff4eca4cfa77f598fe216971b57633e8ef911f861dc04886f4c049e2,no,no,0.5686632708016051,0,2
opp115_data_retention,tfidf_logreg,2,4,187,243100889954d3e9c45757d0a63cf23a39a1b2cf49a14ee10f84c234f5996315,no,yes,0.5393524549812255,0,2
opp115_data_retention,tfidf_logreg,2,2,188,a062207fb7a531517ea76930d66bb278f5f2ef789cb4451458d1cf34cce4ab36,no,no,0.5386364229176004,0,2
opp115_data_retention,tfidf_logreg,2,0,189,f98e4b656bc0472164c8d54bfdea68ac9091e88ce8b774ed0038896f2cf18427,yes,yes,0.765072574498381,1,1
opp115_data_retention,tfidf_logreg,2,4,190,ef7a61507dbd56bbdd5333070f23449cc1050797c8e0ea36826e0dc081f6e86c,no,no,0.5219809664006029,0,2
opp115_data_retention,tfidf_logreg,2,0,191,c64822a69e008ced686015ff70e24a6247ef6b472ebe88d75d02e646aabca2cd,yes,yes,0.8526449487956905,1,1
opp115_data_retention,tfidf_logreg,2,3,192,c1502e008f774444d032c5dc418fa6dd1bb36626176c5bdd47028e51f7d5470d,no,no,0.583369340802429,0,2
opp115_data_retention,tfidf_logreg,2,0,193,494df37378cf8f74264182865f738cc77f8aaf4fdcc9814a86f99a17f131b2c9,yes,yes,0.7694637358339169,1,1
opp115_data_retention,tfidf_logreg,2,4,194,e7bc4ee0cfffa4fec28bcc2e49a2f7152ccfd743b63cad48404579f5346c9a69,no,no,0.6498967487902354,1,1
opp115_data_retention,tfidf_logreg,2,3,195,9df22399a60ca5da1e856dcb80c9e8e91c896e4712694be92ec80dae5d669dc7,yes,yes,0.8531036091867198,1,1
opp115_data_retention,tfidf_logreg,2,3,196,484cce2ad834362e2ccb3d4894efcae1dfdf44224b918aece53c17203e3dbff2,yes,no,0.6236702213209842,0,2
opp115_data_retention,tfidf_logreg,2,3,197,e822d4f401a34b07af4ed5395f92f976cdc7b0ce397e1c2ffced1c937c81d2ec,yes,no,0.7628285103326722,1,1
opp115_data_retention,tfidf_logreg,2,3,198,57a74ccfcfe7608c6f4350d2552457ccbdd2eb9ba720641c524fd09bc5598fe2,yes,yes,0.8523559021947016,1,1
opp115_data_retention,tfidf_logreg,2,2,199,1fab31543ccbbb32cdadd46142e45a56f35e1d1e3450b5b59654008ee2c58452,no,no,0.6314751742484397,0,2
opp115_data_retention,tfidf_logreg,2,2,200,2e8ae1b53bbd23b3cdf5e510ad01501a6c3c77c83c76edc9d6220387694b3146,yes,yes,0.6214884202405441,0,2
opp115_data_retention,tfidf_logreg,2,3,201,3004082ff910b7c447da1693b12bc592c912baba20a3f7fa3d8856806981f07d,yes,yes,0.7453377357434351,0,2
opp115_data_retention,tfidf_logreg,2,1,202,b3cb815b0e314945f81b1e51e706918ed3fa4180164a7815cb8d50075cf7dd77,no,yes,0.618131876976084,0,2
opp115_data_retention,tfidf_logreg,2,3,203,afe6b4fcda20339effa6c437b8dddb0737ca5774f21b675e10cee4edcb0b2ba6,no,yes,0.5989795358801941,0,2
opp115_data_retention,tfidf_logreg,2,2,204,425e6f8fb17f0976e13e4561a405d2be1bf2feaa4d817ac2d139387146f3bd31,no,no,0.530151990624609,0,2
opp115_data_retention,tfidf_logreg,2,4,205,9e4ba9ac193a5b11eed78ae6cf09f456a4bf6cbeb6b7ecc8edbdc4eb64b40ee6,yes,yes,0.6835351899019566,1,1
opp115_data_retention,tfidf_logreg,2,3,206,01aedd6fb8f591d73f87602fc32e2eb3f589628586199ae0a08ea28cc0095f28,yes,no,0.6013236495985654,0,2
opp115_data_retention,tfidf_logreg,2,2,207,cfa624403984bc99aecc9847407eddcedb97c357900a09f4b366afb61186bb7e,yes,no,0.5110351074439574,0,2
opp115_data_retention,tfidf_logreg,2,2,208,deb1609f9680931ac921c3f39ec34329f8267411177d3d90aa9ef55f56a7b498,no,no,0.7044661608838036,1,1
opp115_data_retention,tfidf_logreg,2,2,209,268317cace58fd35238bcdc0b1215a3d8e099f45eeff329dd80dde5b2353fc8d,yes,yes,0.6937281542748029,1,1
opp115_data_retention,tfidf_logreg,2,2,210,fcf9351be7dab9559af1a3b9c986fe2cf37456ba80908e462dac832ba398700c,no,no,0.7022156354866128,1,1
opp115_data_retention,tfidf_logreg,2,1,211,f678cfdd7e9c0f3928c9f066039490ad2fa404de918d07e36115bdf6c4949d41,no,yes,0.7319829819572791,1,1
opp115_data_retention,tfidf_logreg,2,0,212,32a41e20f9d847ef04f07df2b8622a480d1dece63261191cda3bb3996acd72d3,yes,yes,0.6762825220158136,0,2
opp115_data_retention,tfidf_logreg,2,4,213,8ec9dc8ff6db732637848bb964f217566251e05b5c258dbbbd97c7eca79c0825,no,no,0.6304424706329665,1,1
opp115_data_retention,tfidf_logreg,2,3,214,c6627196674562989315bccb36804bae1115c2df68464968e8556abba6ca6fa1,no,no,0.6107687886859676,0,2
opp115_data_retention,tfidf_logreg,2,4,215,8f6572c828f9d34a2984a9e493510acace0a0962806968f2338456db9b64f909,yes,yes,0.5776811153590116,0,2
opp115_data_retention,tfidf_logreg,2,0,216,79705eaf61441ff37f6d5f11fa8666e9ff5564b4ee175daebaf8f1c6dabb226b,no,no,0.5023543457587178,0,2
opp115_data_retention,tfidf_logreg,2,1,217,579c64913914b83e0bfb518994954c4f9689ff6263b5fdda7696a61482e31b27,no,yes,0.5141482063322502,0,2
opp115_data_retention,tfidf_logreg,2,1,218,52c3657ff1bfb928a7a3fa625c19d563556e3925b75890eb6b0b602df7ac91f3,yes,yes,0.6033927322414406,0,2
opp115_data_retention,tfidf_logreg,2,2,219,32fe73db251df3aa92db6a1a1c681bcd91e061358c14841e50814e1b413f3f19,no,no,0.6498205065576237,0,2
opp115_data_retention,tfidf_logreg,2,1,220,b1ccd2bb7370a2a763dad092f888f4e2a97f2f2935ba8fc5305bad5a7da03e91,no,no,0.771018724084536,1,1
opp115_data_retention,tfidf_logreg,2,3,221,286dd9f430087d20ac2b2d1e5b2ffb027e6a3c17c8c712179d567e3f74262574,yes,yes,0.9093884105247363,1,1
opp115_data_retention,tfidf_logreg,2,0,222,7ae91b4e09b70faf3863bcdf2881b4370a1bdee1421be7b09a07b40ea31bbddd,yes,yes,0.7651097442805326,1,1
opp115_data_retention,tfidf_logreg,2,2,223,46ab7b708623a654c3f4754e7de54d0f7f5262c25a56a9089ec4b0a06321e5ce,yes,yes,0.5414802117875986,0,2
opp115_data_retention,tfidf_logreg,2,0,224,9ccbd99d243f6fccfdb5ade9893285b113a60399c981dd39f15468a92272b280,yes,yes,0.6002295788353239,0,2
opp115_data_retention,tfidf_logreg,2,1,225,dc2bcbcc57f6752c67ab7f8f29e23d38c5ab5f2b5853eceb626946f7fef43e63,yes,yes,0.5761095797053648,0,2
opp115_data_retention,tfidf_logreg,2,4,226,ebd6ff5a40784887fd22e2a782aa8e6c5172416cd89da968f0a8ca8a1c587032,yes,yes,0.5490345122691408,0,2
opp115_data_retention,tfidf_logreg,2,3,227,d19696c556b2338e90c8b6ffeca489622dce2a164aafca75bb4404c204b35f14,no,no,0.5381735729107436,0,2
opp115_data_retention,tfidf_logreg,2,4,228,231bd657c2964de6c6ea8a1d9437fd6afd87001f261f26031a982be996c8cdb2,no,no,0.5786226986887409,0,2
opp115_data_retention,tfidf_logreg,2,2,229,07695545e4b0ac85eb721da8201b6633989f41219d0813c611a3b4b94e43300b,no,no,0.5317016086788311,0,2
opp115_data_retention,tfidf_logreg,2,0,230,07c588e0587dec8248cc485ba9c6576750efed45b3a5b316f1070256eab6fad1,no,no,0.6720891303180837,0,2
opp115_data_retention,tfidf_logreg,2,1,231,7ff692472ae904d4710c1f7bd076cb8c695d0f94fb75da5726e98b4fc6f4745e,yes,yes,0.8993712736812404,1,1
opp115_data_retention,tfidf_logreg,2,4,232,6976f37f3945036a2d6a03e8d1fda2d187b08666dcde5d5fb041ceeb3fad051d,no,no,0.510687138544355,0,2
opp115_data_retention,tfidf_logreg,2,4,233,24329a0a8cf39a8b9c64fb2e1a20cb53a03b54d4ec040ae95fdef41c0fe61c48,no,no,0.6004230699008068,0,2
opp115_data_retention,tfidf_logreg,2,4,234,f84077447e66f9200b7a8102f0008b329629b65cd75e9c18d9a70e14f0e12b6d,yes,yes,0.6426627866589684,1,1
opp115_data_retention,tfidf_logreg,2,4,235,1e59f4141dad643b5759ddec3cf94ac691b5377cc52812cd4a13c121cc31d379,yes,yes,0.5364517553957822,0,2
opp115_data_retention,tfidf_logreg,2,1,236,e278f2edce8b4e0802417192f137cf31f4d4f91e3b80757695952d1b52e2340a,yes,yes,0.5145148082164565,0,2
opp115_data_retention,tfidf_logreg,2,3,237,01828d6aebf17dbb1ad67764d82b586f69e1acccc913ebb33a8dd70e22e17a55,no,no,0.7450703167896223,0,2
opp115_data_retention,tfidf_logreg,2,2,238,a655398af474837f8aea04a211d471f032e92a6dd95cde5aa013b3742aa07e2d,yes,yes,0.8560081818041605,1,1
opp115_data_retention,tfidf_logreg,2,0,239,804847995735f8dfa9797e268facbb80a5b434604065fdf81cb85fa16a925e3f,yes,yes,0.577804353011542,0,2
opp115_data_retention,tfidf_logreg,2,4,240,50b52ff785cc7ba25950a1e06086d5e1acf219d84091ca95765ec22900044578,yes,yes,0.7665249456522252,1,1
opp115_data_retention,tfidf_logreg,2,0,241,3f34b14ee060ce604c8fa33a42f0adbc49a3eef1ae996f5a64eba6b33e55d486,no,no,0.5750028088390053,0,2
opp115_data_retention,tfidf_logreg,2,2,242,ac38c4e75d9ead7df72ab064029c60831b86c70cc9cc2ef142ccc77103916c5a,no,yes,0.7481254043536203,1,1
opp115_data_retention,tfidf_logreg,2,1,243,ad34a91ff28db78f3828eee27f65dfc77194d18529b5c5a72f714c550a1bfee8,yes,yes,0.6162279275023723,0,2
opp115_data_retention,tfidf_logreg,2,4,244,7f58b2111392f889922217ef5d4a11f5cede6eb86408b0140fbb832204f39c63,yes,yes,0.5405426214109232,0,2
opp115_data_retention,tfidf_logreg,2,4,245,0f685ea5f05b7bd2894de89b143ea229c2ffa042482785574cb759d9a54bc06f,yes,yes,0.7524903824459982,1,1
opp115_data_retention,tfidf_logreg,2,2,246,ae9063afaaf895e06d6bc6fd779839bc111acb3ed9913ab2199c848f1581980d,yes,yes,0.731082735865026,1,1
opp115_data_retention,tfidf_logreg,2,1,247,50a0e0ba2aca555b3c28b225f87b1942031bdabcf9d04f89dda1b39b96bd9b42,no,no,0.6631361238962873,0,2
opp115_data_retention,tfidf_logreg,2,3,248,e70de619913753bc42a24b74c19fa0f6d78b4f2065dd29cbdd1d094d8a1c4958,yes,yes,0.8363229262883837,1,1
opp115_data_retention,tfidf_logreg,2,3,249,38525a384cff0762f804e1a21a7b89ac657c8eab1c3a09f8da7f97a684ed8cbb,no,no,0.8558764858941822,1,1
opp115_data_retention,tfidf_logreg,2,3,250,a608d369acb8b39938b51bc67b06b14e46f4e7b30af9060ec12d40ec76a02693,no,no,0.7044052755496829,0,2
opp115_data_retention,tfidf_logreg,2,1,251,b6849c5e7505d5ea81a96d7302dc64625027f1333fdd1ad5acdc5674a1356024,yes,yes,0.8858323196289826,1,1
opp115_data_retention,tfidf_logreg,2,3,252,2f62c54cbda8addbe6232f8471c0c55c65ddf75bd4f4201f20095a468a6d4a3f,yes,yes,0.7499612732539804,0,2
opp115_data_retention,tfidf_logreg,2,2,253,a7f9911c6c83b3445ee6ccbf2a64537355af6eda468b91834e1f28a39870328a,no,yes,0.7006761119076823,1,1
opp115_data_retention,tfidf_logreg,2,2,254,331b1f34bbf6a523faaf139562c3206a26f73f76a0af24ccb8b7d410c5809648,yes,yes,0.7835254598449155,1,1
opp115_data_retention,tfidf_logreg,2,3,255,1e9d5bebd73b6b03196102c13d6398e9684f640319406b8cfd2182f5efec90e8,no,no,0.8251559287906929,1,1
opp115_data_retention,tfidf_logreg,2,3,256,c385be8e4dc911b9d1100018a19156fd997244226e0ad228c94cdf495b72c9c9,no,no,0.64998517869321,0,2
opp115_data_retention,tfidf_logreg,2,4,257,f316ea31b0b9f52d7e58dea2321f7f1367c3b9713783bc8e8a54df26122cb53c,yes,yes,0.662486013049278,1,1
opp115_data_retention,tfidf_logreg,2,1,258,f869eb75e9a1654c2216095771718fd988f6460ba8e79d76d0dda31b878d4a0f,yes,yes,0.6961002890249134,1,1
opp115_data_retention,tfidf_logreg,2,0,259,9a18bf5bedcef58fb061941815a1dc4f26be41d24545b1dedc4a4cd9c3882dba,no,no,0.763680447944738,1,1
opp115_data_retention,tfidf_logreg,2,4,260,7787497942b66196747d386679fb92dd42ec1ca9c3e6b38147ab015d42b529f9,yes,no,0.5567470532339621,0,2
opp115_data_retention,tfidf_logreg,2,1,261,00ac89c540730a3531332c3398cff49e8db87a948ea4434b63039bcb165b2c66,no,no,0.6642734767325997,0,2
opp115_data_retention,tfidf_logreg,2,1,262,b3eaec0a573a24dbb3b21c0d97605c822ad645c92272d7e319ba9f7a8dd0a73d,yes,yes,0.7671578616205014,1,1
opp115_data_retention,tfidf_logreg,2,4,263,83055255358a99afb2a4d5dfa1be49e9d6fd08fb4cf38447b4bedcb96fbaca8d,no,no,0.6691053928240542,1,1
opp115_data_retention,tfidf_logreg,2,4,264,6c7d9bce9289e4f305f3bc9a7102fc099f5e7104e35642b6ab9464a465815dde,no,no,0.6447497206444779,1,1
opp115_data_retention,tfidf_logreg,2,2,265,f0790f05da1a430476726fb1d935f7e771506db7ce34ebd7f8865c7b3ce9deaf,no,no,0.5677736344658076,0,2
opp115_data_retention,tfidf_logreg,2,0,266,6b6d1b46091d740d9c3bf0588df61c7c5df56a0200635bc1d29ea0280f4fb3c9,yes,no,0.5231480850387856,0,2
opp115_data_retention,tfidf_logreg,2,0,267,5c6dba33e1a2705163733543bfde75d0e215a2360c17dbc9cf06ae0c153b6014,yes,yes,0.8014068501395106,1,1
opp115_data_retention,tfidf_logreg,2,0,268,097d257865b8010cfae87562ae3acd3cfdd11d628daf6eb19ef0fb02f8aa5cfd,no,no,0.7736498763668797,1,1
opp115_data_retention,tfidf_logreg,2,3,269,a7d0e7229ee813df0da48f22c8b9f7164d3d78eb630fe2d9c12c0b817523b0bd,yes,yes,0.8338095127473237,1,1
opp115_data_retention,tfidf_logreg,2,4,270,0585dd317c2fd60618e5b686ab9f9d98a1498248e25825af326df46675c317bb,no,no,0.629087694179775,1,1
opp115_data_retention,tfidf_logreg,2,4,271,944fc9978a2a6b5e1ca37acc5b4274abb44dd61ceeb497332d87e0966bd5b850,no,yes,0.6652271586384285,1,1
opp115_data_retention,tfidf_logreg,2,2,272,6882433d496d02569b5744fb8aa186a9982b24c294237298ad5e876598182f8e,yes,no,0.503322430382732,0,2
opp115_data_retention,tfidf_logreg,2,1,273,77d837bdb3945e037c6bc1e1ceffccf5972537d088e53139f85cd61a40ba32bb,no,yes,0.9105594840883926,1,1
opp115_data_retention,tfidf_logreg,2,1,274,ac03c789e91d566843ad44eee24526ca26c89d6e49ae164d8987eecfbffec7e0,no,no,0.5028513644023404,0,2
opp115_data_retention,tfidf_logreg,2,0,275,631509edaa82bfb9fe669ef2c49aab37a6a8b5ded6d502ee11e0982aa874f854,yes,yes,0.6156760749587132,0,2
opp115_data_retention,tfidf_logreg,2,2,276,a943897a4f2d7fe76699b0f268dd2dfd57ada734ac5a21bae2739666abe7d190,no,no,0.7382695442059342,1,1
opp115_data_retention,tfidf_logreg,2,3,277,e397b9fb3a1c4f92db03685edaf800fbcd4fc51e0b0121c1f0eebb6a868e6afe,no,no,0.8153523774400013,1,1
opp115_data_retention,tfidf_logreg,2,0,278,8c3bafbb5ff5851b2762dd74740a9378d5b1a8ee8e05b0195f923bdc8ecd18c8,no,no,0.6593838590807348,0,2
opp115_data_retention,tfidf_logreg,2,4,279,dff95303893a2a3012f5c89bd306f5e5ecdf1f4aeded9761df3aa3a04cc3e317,yes,yes,0.5058670436327269,0,2
opp115_data_retention,tfidf_logreg,2,1,280,7e39a80962a7f4e89e48e00fa790fd0fe9a679346f05446bc5648239a5551aa0,no,yes,0.5264500130263895,0,2
opp115_data_retention,tfidf_logreg,2,3,281,37026006daaf329041e125901210e0ed07673977b50ab75247530d80efcab30b,yes,yes,0.5055215891996429,0,2
opp115_data_retention,tfidf_logreg,2,3,282,5a91dd4bf9e4d39f9bb845b50ecec4b500fa2c0314aab3146eb267953b009191,yes,yes,0.7948802975381929,1,1
opp115_data_retention,tfidf_logreg,2,0,283,eee0077d4ac9d0305983ae7802727bf2185a52bc5a0ed3f9248da5977fb9122a,no,no,0.6583559794164067,0,2
opp115_data_retention,tfidf_logreg,2,0,284,e4a77beb5442f26027cc4c8e99456c5e2f3a51e71efb7986820a6eaa41688a2d,yes,yes,0.8608315623956375,1,1
opp115_data_retention,tfidf_logreg,2,4,285,5fb1ee934e23642de0a5dbffa00ae79d14f0668f5bfd41272c0f7608f3e65093,yes,yes,0.6759687356356093,1,1
opp115_data_retention,tfidf_logreg,2,0,286,0099b44663fb6e62c7e0e721a23c1a9d02a508dabfb9b2578697a893040f6288,no,no,0.5629037938066384,0,2
opp115_data_retention,tfidf_logreg,2,4,287,20fff12dbb9c94a47ff332d13ed9d2e47a8a20112eed351497b59496f4c96ebd,yes,yes,0.699790188218072,1,1
opp115_data_retention,tfidf_logreg,2,1,288,a4050cf1e40640de6f219bf7c86291057a6cbee66710f4cd042edb07054c5be6,yes,yes,0.8013778927308567,1,1
opp115_data_retention,tfidf_logreg,2,3,289,320dcdb13784b37639fdafd0af9f079b25a6aa37dde118d245f2bc0104d6b690,no,no,0.6944140515494596,0,2
opp115_data_retention,tfidf_logreg,2,0,290,f5be7fd433b991df2123b66c275591e49ff85cb116360f92ee76067c29dbd12c,yes,yes,0.9175818438913842,1,1
opp115_data_retention,tfidf_logreg,2,0,291,e69d683bf0662b37561b1eb6e1eadbe3dbf2c0fc148cccd4119fa231a1917b46,no,no,0.6714324513916947,0,2
opp115_data_retention,tfidf_logreg,2,4,292,e71d0801d3af067794624eb24a6a7950f40c6f4d4085ac685a9a21cce1a77b6e,no,no,0.6096119003446583,0,2
opp115_data_retention,tfidf_logreg,2,3,293,1acb0285d3cfc413a7c38dc1ccf0f2c5a261adee395934e6349f4ff2c667ffc0,no,no,0.7146302225759683,0,2
opp115_data_retention,tfidf_logreg,2,3,294,444c17be4227f834a15ee572c9dafe389dcf10a58c327e9fd52cdeb52180525b,no,no,0.7951720819979341,1,1
opp115_data_retention,tfidf_logreg,2,0,295,5471e9917d6773e7cca7dfe6c1af9f17cab56f9e46c9fe79a2cb9f3b5aa78979,no,no,0.5181225366157874,0,2
opp115_data_retention,tfidf_logreg,2,2,296,5989c62c021f0138063006ce222bbf64c49993ca3cc330a85b7de6251fd55d4a,no,no,0.590599465077176,0,2
opp115_data_retention,tfidf_logreg,2,4,297,14bf42e067c5794d14a9be06281a809438d1eb4db47d247e3d427c04e7c7b7d8,no,no,0.5177747195592786,0,2
opp115_data_retention,tfidf_logreg,2,0,298,b15dc5db6c11da7e9e28ac8b682ecf14ea64add66b77475cc6a51d7ad4b6251f,no,no,0.578386126873393,0,2
opp115_data_retention,tfidf_logreg,2,1,299,11ee9a0aa806f739c5dd8e99fdbcfd8cfb6d3432051f7807ebbce9705af60d4f,no,no,0.6152065464082475,0,2
opp115_data_retention,tfidf_logreg,2,0,300,78ea85a7c27cb91431dc8fe4ef5ca476168da0bfb1c2555b615c16afe4307bd1,yes,no,0.7302602688864115,1,1
opp115_data_retention,tfidf_logreg,2,4,301,b69f6562a892fcf7ce6acd9e1ed4adf2cd4690cd068b2c75954e8b8cfe2b5d31,yes,yes,0.6318265469026414,1,1
opp115_data_retention,tfidf_logreg,2,2,302,07e78088b1f4bf413cb549c9e9b38ba43b6f611aa69c382daa758e1f0961be13,no,no,0.7908272121159875,1,1
opp115_data_retention,tfidf_logreg,2,1,303,77402fd1b3ae2f41ccc476fa26f6f353a8f2c28874c13d0d780f12c0ab3dbda7,yes,yes,0.9107217903400323,1,1
