task,candidate,repeat,fold,item_idx,text_sha256,gold,pred,p_pred,kept,set_size
opp115_data_retention,embed_small_logreg,0,4,0,e783d6e5426c4d132ca1198992b63a2b77013808d63e267b499744a4c5d1b11b,yes,no,0.5206179773991697,0,2
opp115_data_retention,embed_small_logreg,0,3,1,ca069ace0fea7074fac7e44b33121935734dd94f589cc9069a738b5884a0f116,no,yes,0.5809163451194763,0,2
opp115_data_retention,embed_small_logreg,0,1,2,94284e1d7b10fa6117e24745885f4a5c871d995ca98a16179c63cacb7e9c8618,no,yes,0.5870126485824585,0,2
opp115_data_retention,embed_small_logreg,0,2,3,ee7f763b4da0bbf780148ff43363b2a907297b4f98c76d7c1e1d2869878a70f8,yes,no,0.5589610504794433,0,2
opp115_data_retention,embed_small_logreg,0,0,4,be54e70c44eb94e44c82413eb316abd303bc0920653e459cc81b65dc610c2c47,yes,no,0.8959877028463439,1,1
opp115_data_retention,embed_small_logreg,0,1,5,bae4eb887d877f453aee88d3761b630e4bc7ff917be76cb60950cca3ae6c909d,yes,yes,0.5562670230865479,0,2
opp115_data_retention,embed_small_logreg,0,4,6,ffcbe512035ce904259b64a9212131a8ddb5ef6916eb7f217c64a5658bd672fd,yes,yes,0.6459101438522339,0,2
opp115_data_retention,embed_small_logreg,0,3,7,9e061b3940805235e0301ddc59cdad769cb39c4672fdac340725b065cca9eb76,no,no,0.8095554354654382,1,1
opp115_data_retention,embed_small_logreg,0,2,8,11dbaf4848acf49d21fffc81b9b0ac39e736808cb102bd24ec485e1c9793ead1,no,no,0.809589100026922,1,1
opp115_data_retention,embed_small_logreg,0,2,9,b35466aaf2aa88600ce3febc4691f6c33a5a185d118a53da03fd134b474427c7,yes,yes,0.6971941590309143,0,2
opp115_data_retention,embed_small_logreg,0,3,10,8c3c2305b0edd2dfbd80ae024d68bf853a2ba001d7e139e796ceed9ab18138b0,yes,yes,0.5763772130012512,0,2
opp115_data_retention,embed_small_logreg,0,4,11,b7123b7c303c69d4e87a4030ed741d9f0ca824b638aab5f65596e20ab0d8c4dd,yes,no,0.6133834306413958,0,2
opp115_data_retention,embed_small_logreg,0,4,12,3a03588f9a14326961809e8f32642ea962dc8708b9b78b365afdda60e89ef739,yes,yes,0.5409508943557739,0,2
opp115_data_retention,embed_small_logreg,0,2,13,31bf37f8261b9238c62d1bc86ac8e76cca50a7903aa58122cc6fda4e44cded97,yes,yes,0.5575665831565857,0,2
opp115_data_retention,embed_small_logreg,0,1,14,83aee36651f00dedd70cbd9dcad609997907b62cd9bf83a6c3ff2ec5e8d4da27,yes,yes,0.9227151274681091,1,1
opp115_data_retention,embed_small_logreg,0,3,15,0ec789dd289a49bedd0b0b3266a7cffd2be138f7eab28a474b082a4e010735a2,yes,yes,0.8542785048484802,1,1
opp115_data_retention,embed_small_logreg,0,3,16,393eae997b97caa2cf9a1da91b63d15664dcaddb694220702d9a143ce913b7a8,no,no,0.8228319760735039,1,1
opp115_data_retention,embed_small_logreg,0,2,17,54c18021f0b5bdd5418fb5f0ae5fa39e1a0754b3d7cf800324e8103487e5cf23,no,yes,0.5119550228118896,0,2
opp115_data_retention,embed_small_logreg,0,2,18,03f51ff145336e8b0b3740f93f96fe8af81eb409dffb118976a1aacf863ec171,no,yes,0.7147434949874878,1,1
opp115_data_retention,embed_small_logreg,0,4,19,c89c69b4178c8e62694dbbec4c5ed66aeb0fe5c55e301599ef066e3c3b4385f9,no,yes,0.5528863072395325,0,2
opp115_data_retention,embed_small_logreg,0,2,20,8c3716bcecd879ddf0f8827a6cbc7a3abc6d6a93b2089dd3ff73b38ddf0001e1,yes,yes,0.6061468720436096,0,2
opp115_data_retention,embed_small_logreg,0,3,21,f15bd4dacb8cb1b84e653d23e7fe124f64a891cc8707ea67a161980021a3b418,no,no,0.9494133803862344,1,1
opp115_data_retention,embed_small_logreg,0,4,22,8f4f45d8a36971e3c0f25e096cde795561185b99b9e955438faba7a4d9fef7ca,yes,no,0.5514252350159059,0,2
opp115_data_retention,embed_small_logreg,0,2,23,21eac8a720e29bc551d3c8df3375045370305435e24faa05b1d987ac9375d91e,yes,no,0.6160223484039307,0,2
opp115_data_retention,embed_small_logreg,0,0,24,0dd0744922c1b1301ec97c32fe0ad034feab74cddd8fbda70c8f9ef34b1984cd,yes,no,0.5328435897827148,0,2
opp115_data_retention,embed_small_logreg,0,0,25,3fca71487f4cb96371c3aa5abdec8e2b540353f8e48d378f45873ae178857cc7,yes,yes,0.5867586135864258,0,2
opp115_data_retention,embed_small_logreg,0,0,26,dfe28276bb0dea301638082a29d464d5b991277d523df29efae965421e87545a,yes,yes,0.8625533580780029,1,1
opp115_data_retention,embed_small_logreg,0,4,27,8659994e0d17820ba141784fed4d0c18349ac65ec3723701527ef343db9ba2c1,yes,yes,0.6242567896842957,0,2
opp115_data_retention,embed_small_logreg,0,0,28,ac53d5dac4ea34e954ef4a4c00be85ca1da5b5fc8eb4c64c48283a7577095425,no,no,0.6688446998596191,0,2
opp115_data_retention,embed_small_logreg,0,1,29,357a57196be8d969cfaf00bc58e3c97de8f72e1069c26ab0f58307d2cb1f9d5e,yes,yes,0.6992999911308289,1,1
opp115_data_retention,embed_small_logreg,0,1,30,7049bf1374796642411a05defe57eb86765db47de62248e00e4d77bcac1aee04,yes,yes,0.6313429474830627,0,2
opp115_data_retention,embed_small_logreg,0,1,31,222418114ae837c0bd206440228b438f96014c6de64bdf072ca3006ccff9edef,yes,yes,0.8513363003730774,1,1
opp115_data_retention,embed_small_logreg,0,4,32,f757ac860de8bac9799d7d27ab9656bc254e26812f083c16a02936aa88791bbc,no,no,0.6430367231369019,0,2
opp115_data_retention,embed_small_logreg,0,4,33,abc7c023b269931d630379941d539c55e5fa3c28b820a815a5c982c2631c347a,no,no,0.8895333939080432,1,1
opp115_data_retention,embed_small_logreg,0,0,34,7b32204f54e8ce396150ac1e8e02190e1403dc0cabd8a34f0561d5d7e93d436b,yes,yes,0.6804721355438232,0,2
opp115_data_retention,embed_small_logreg,0,2,35,fb2d529b248aa927f32f4656bd77156f68757ecc4f2c5fb3629b8a526b66b9b5,no,no,0.636683464050293,0,2
opp115_data_retention,embed_small_logreg,0,0,36,7d2ec8df6e3c214c2a93de17d8a3bf0d6d26027cd9d0044c301dc63237fa3945,no,no,0.5337631543349279,0,2
opp115_data_retention,embed_small_logreg,0,4,37,9ea4ee0eb3d9d04cc9a8af0091829dfe1ab1eadb8752a5a3717462508654ec04,yes,yes,0.7933352589607239,1,1
opp115_data_retention,embed_small_logreg,0,1,38,d77daaa5f063858c2906c7034002c097b5b47e32324c222526a7f3d8f02c5e83,no,no,0.5608798098301944,0,2
opp115_data_retention,embed_small_logreg,0,2,39,ec4a7bd8ad197241c5da09accfc4e31ec5b38e08bef387e0f4331c37a83ba409,no,no,0.9132901566220843,1,1
opp115_data_retention,embed_small_logreg,0,4,40,169f0b5e0d2932c82322740d6cd06b3021df2a4275d101bbed5152a0caec46f5,no,no,0.6426483988761902,0,2
opp115_data_retention,embed_small_logreg,0,2,41,3612cd825f0a2590279962431747097d0fbd3401192a8a62417ab05d87ff7cdc,no,no,0.5458556250972859,0,2
opp115_data_retention,embed_small_logreg,0,1,42,1c8146f855bf4280a45bbd60a4dd1aaf1d2462f0046648c27e23dc401581ad05,no,no,0.6183652693520406,0,2
opp115_data_retention,embed_small_logreg,0,1,43,60b00c02942a44883178b9d27e7722712a65e657f9aa8d7c70f8ed058831df55,no,yes,0.6094545722007751,0,2
opp115_data_retention,embed_small_logreg,0,3,44,1b43600d724d025fee73e8dd3c3f6f6f83b2f2254ac3d807d4267fe457da1367,no,no,0.7946157573851311,1,1
opp115_data_retention,embed_small_logreg,0,0,45,1b425bddb73825802ebd5efb1770c952a4e9a9ade9939504b3214de4adbb127e,no,no,0.8920983871541557,1,1
opp115_data_retention,embed_small_logreg,0,4,46,14adf82ee0e3d6b6dfdd51d4d9647c2e6deb7e4569137c2c64156837745e8760,no,no,0.6711320677062252,0,2
opp115_data_retention,embed_small_logreg,0,2,47,943b0ad7763955e029b57dcfe7332b1e2eaf864f2607e3e69ac29c6ce7a999b7,no,no,0.7406014800071716,1,1
opp115_data_retention,embed_small_logreg,0,3,48,8f8364b2d3da12fe4295b94efb41660701eff5ff3ccd0f8330dbfff526bc2897,no,yes,0.6012488007545471,0,2
opp115_data_retention,embed_small_logreg,0,0,49,6890c79c65173038a805d631a4323d13802b1a084e9e43845b520355afab971c,yes,no,0.8121967911720276,1,1
opp115_data_retention,embed_small_logreg,0,1,50,30f86ee9ab5fc9b4faf8f83a1adc03eb5e79e7209a5d1555158c62b5d07db921,no,no,0.662143349647522,0,2
opp115_data_retention,embed_small_logreg,0,1,51,f90c0ab836f55a0533b7c63c67a680a19e6febf6f64c800cb0e2330b3842b9e9,no,yes,0.5987905859947205,0,2
opp115_data_retention,embed_small_logreg,0,2,52,f11f4e51a1a75b9616635de4a16c46b939966efe3ff9f57c2a10946ae6db0a24,yes,yes,0.7414737343788147,1,1
opp115_data_retention,embed_small_logreg,0,3,53,551d327f8c9be82c0678a13e918c66a1e4261f956d2c31921b9793392dc0fb96,no,no,0.8084009289741516,1,1
opp115_data_retention,embed_small_logreg,0,2,54,7639ec8effacba52f92d78e35873af81a3c909d1bcb7991c3dee8eb8cd155eb0,no,no,0.7127264738082886,1,1
opp115_data_retention,embed_small_logreg,0,3,55,3673e6ea57ecd4f466018707e593a4bdb9b7aef1644bff252a6f08d923f63e94,no,no,0.5943616032600403,0,2
opp115_data_retention,embed_small_logreg,0,1,56,6926dd609cf92d236cc7e7fa5da23576df2d87bc04d7e5abddc73b579061544b,yes,yes,0.708745002746582,1,1
opp115_data_retention,embed_small_logreg,0,0,57,87174a10546e056f1c501b38df6beb64eb9d06a2e2a4b5ff08d40e522ecc8ca6,no,no,0.8823930222330918,1,1
opp115_data_retention,embed_small_logreg,0,4,58,3ba755901c58d9df7c1ba20b53e5b32b53ab34a6e9c50dbaa693d1f7b0488595,no,no,0.7624246846906935,1,1
opp115_data_retention,embed_small_logreg,0,1,59,057e0cd21f3f2d6f8ac7cc0f61244c4a688038e64aa3927b4911c6e6da385581,no,no,0.6180030107498169,0,2
opp115_data_retention,embed_small_logreg,0,3,60,f37843199faf0f23449b8c3794d5f872aa99c2b209afd10d0a95e32d3b24e389,yes,yes,0.6125098466873169,0,2
opp115_data_retention,embed_small_logreg,0,4,61,6ee61c9e44191e66fe010bd3648455dc5265a72fb87b3d7c5a8a93946094afbd,yes,yes,0.5350629687309265,0,2
opp115_data_retention,embed_small_logreg,0,4,62,ca1bb8ae943ee9c0661e965007a76f4432974abc8477582c8c6ccde3c5753505,yes,no,0.6008967161178589,0,2
opp115_data_retention,embed_small_logreg,0,0,63,acb73fd801c1e421dd498e8b4bf3b9b54243d6505f12ba6260ac82bc8f768f2d,yes,yes,0.6490250825881958,0,2
opp115_data_retention,embed_small_logreg,0,4,64,89b1f9976201dc2173e0bbdc34631faae2a8c790ba6da107d46e02ca87a08617,no,no,0.6578903198242188,0,2
opp115_data_retention,embed_small_logreg,0,3,65,2d7f91113988eaa8a6fc7bf434caf085a3ff857c610fdd7a70ad274b22cd61fe,yes,no,0.5767318182209676,0,2
opp115_data_retention,embed_small_logreg,0,2,66,830329efa7f832e44e99f30030f4a9c15846e8b46fc521879633a9968097829d,yes,yes,0.7358052134513855,1,1
opp115_data_retention,embed_small_logreg,0,3,67,7ce9c26fb6b50a60fd9b2a6ef38fcde34bc68b2d1444bbe9f8ed3fea77f0b59e,no,no,0.5658842921257019,0,2
opp115_data_retention,embed_small_logreg,0,2,68,52f1898017e8ea0e0f71a60eee63f1dc2e5ef17b2456e445f969c030bb48f940,yes,no,0.7057231664657593,1,1
opp115_data_retention,embed_small_logreg,0,1,69,c67a4e4eaddb86e263afd6a612649b9485c97dae99f189639f96656b9087a012,no,no,0.5633871387425918,0,2
opp115_data_retention,embed_small_logreg,0,2,70,4a68c4a3020aafbdb9c4c6c7c31d71b98e713e853b9cff1de6b14c1c38bc9f24,no,no,0.827850317125013,1,1
opp115_data_retention,embed_small_logreg,0,0,71,eedaad9d24addceb170d0b20737c42cbbb718262f7b7f5613310ef3ea6e84a41,yes,yes,0.9310427904129028,1,1
opp115_data_retention,embed_small_logreg,0,4,72,c97186e083514b27770a49119fddd31b1ea91626f7cc343d194e4939cc504c62,yes,yes,0.7297367453575134,1,1
opp115_data_retention,embed_small_logreg,0,1,73,188d814cc1989645ed98960c18733a0b3819b7a5e68c6e14a2678017b393be96,no,yes,0.6129429936408997,0,2
opp115_data_retention,embed_small_logreg,0,2,74,87e15e4c3d53fbff03afef09d99be298396f7f93a460514045fb7cde9649fd1e,no,no,0.7058630971353324,1,1
opp115_data_retention,embed_small_logreg,0,1,75,18b1b534d366629f782db652c4bd4bb90f86a28a60fd65718523967f4f0524c6,no,yes,0.5056273341178894,0,2
opp115_data_retention,embed_small_logreg,0,0,76,fa803d00ce6546e8478457a6d52ab9b6d8c7630ac8851e1fc52d67f7fb53fed7,yes,yes,0.5015046000480652,0,2
opp115_data_retention,embed_small_logreg,0,1,77,08a0b4c02c02ae6cdb3a9a27b5f233c6f7b885749d7ce00159fa175639f6dcaf,yes,yes,0.7402803301811218,1,1
opp115_data_retention,embed_small_logreg,0,2,78,f06dd627e030196b06ee963e24c2dc68097362ee8edf0e1b8f06345c991920c8,no,yes,0.593511700630188,0,2
opp115_data_retention,embed_small_logreg,0,1,79,093e1aa7c495478f254786dbe3a579997e7d3d1e60f1a95f37825c5fb42a3587,yes,yes,0.663625180721283,0,2
opp115_data_retention,embed_small_logreg,0,1,80,a9ce0f5db9dcfc9b61e4765e319b2b23ad2e83dad1801837b8f01cf5396bd079,yes,yes,0.9037438035011292,1,1
opp115_data_retention,embed_small_logreg,0,0,81,fe853791e43affc0b554bc15ac732e62d21598be47daeff71cff7c70fb3ace66,yes,yes,0.6382591724395752,0,2
opp115_data_retention,embed_small_logreg,0,0,82,8865d6dc769090f70b58a55fda31bb852e5f08b1c77b001d459bf988b50d86b9,yes,yes,0.8673516511917114,1,1
opp115_data_retention,embed_small_logreg,0,0,83,426332d37643f726b27481408434abcfc44dc8851f6c33cd5dd5632af590b1e7,no,no,0.662390212345415,0,2
opp115_data_retention,embed_small_logreg,0,2,84,a79935042d83fdf73a42c16202193b860ad3d5911ae723be591572b747a6b7e1,no,yes,0.9031413197517395,1,1
opp115_data_retention,embed_small_logreg,0,4,85,7ff692472ae904d4710c1f7bd076cb8c695d0f94fb75da5726e98b4fc6f4745e,yes,no,0.5483496785163879,0,2
opp115_data_retention,embed_small_logreg,0,1,86,3923241ca81aae32e7fcdbef21d829ba2e206096e796fb081b28142af7f5dc37,no,yes,0.6265300512313843,0,2
opp115_data_retention,embed_small_logreg,0,3,87,34bf5b6a41eaa2411a0ffe792091dd421bc56965d2270c7f03641ba1296ed2ea,no,no,0.8494532234885279,1,1
opp115_data_retention,embed_small_logreg,0,1,88,3e9d2c06dca818e7895dc62865bd1f351c76a6a9a2576ebd72d3c3d723933bec,yes,no,0.6277880855735566,0,2
opp115_data_retention,embed_small_logreg,0,2,89,90935d6dee8a77ca52d1b41a4960016c1f84e12aad956e07b67c47067fe621c0,no,no,0.7072809723829934,1,1
opp115_data_retention,embed_small_logreg,0,4,90,6103e00dfc5b9fc89a1bbc7bca32c60908d3af246a737c3cb6ca752a3b8e4273,yes,yes,0.7622306942939758,1,1
opp115_data_retention,embed_small_logreg,0,4,91,10fd70c10966d05dfbdb4bd28d72e4d99e5b68a81e8201f2ed78f069887174bd,no,no,0.7066580267744669,1,1
opp115_data_retention,embed_small_logreg,0,3,92,8d527e2efc6a8cba2a09b999917ff3f57012ccb85c76b628e3986a189d0f806a,yes,yes,0.9522503018379211,1,1
opp115_data_retention,embed_small_logreg,0,1,93,8e7672199331041a2ffbadb8967b89b9584533bbefc1a8b1bdb06df30507a723,yes,no,0.530493974685669,0,2
opp115_data_retention,embed_small_logreg,0,1,94,60271a38ebd73a503d4d63a7d24736a191329fa4c2ceb064478b0385b89e3531,no,no,0.5177096724510193,0,2
opp115_data_retention,embed_small_logreg,0,2,95,a2f433b20215694a24eb8879748021883ff1a49cef93caad0f629fd8f089f68e,yes,yes,0.7202366590499878,1,1
opp115_data_retention,embed_small_logreg,0,3,96,00c26499d96234846a991a8b3863d4bf82feae4d04b77fc0410d3c5284e88e93,no,yes,0.5582084655761719,0,2
opp115_data_retention,embed_small_logreg,0,1,97,ae95ebca76c16e99e7d1de2c967de0ff8c61305f33f7896c0a229dbe7469bd22,yes,yes,0.6718843579292297,1,1
opp115_data_retention,embed_small_logreg,0,3,98,0e20e01a4fb7381675b2416a2e0129fd586a59aef87aa297fde7e7b33ba79b50,yes,yes,0.8117967247962952,1,1
opp115_data_retention,embed_small_logreg,0,2,99,d65f8be5d2d371519044d7daa6308a21fab28110dfa9283d6c6fc2a24d727b75,yes,yes,0.6423717737197876,0,2
opp115_data_retention,embed_small_logreg,0,1,100,a6826c796e514e13c24f3cd62fdaeb329b4e6a7a7c0fb49333ad9c42077d004e,no,no,0.5506918594447332,0,2
opp115_data_retention,embed_small_logreg,0,1,101,ae273fb46b67ef555b02f6b977a7bd0ef24425d26b9b57628cedbde78fe0f8e9,no,no,0.8810221355925023,1,1
opp115_data_retention,embed_small_logreg,0,3,102,01e3acbc33bf15313b5880a87df86cbbf898f221efc438d21065a2487d90caa5,yes,yes,0.6948047280311584,0,2
opp115_data_retention,embed_small_logreg,0,4,103,a0794a8831efac02f0c596d7fdd4ccd5cc97370cddba1ad6ddea24575530fa1c,no,no,0.6842221225566304,1,1
opp115_data_retention,embed_small_logreg,0,0,104,61b9dffd6a6c84dfcb4ffa8e49c1c0ced89c2c586fd2c56b2197c65619d78b95,yes,yes,0.9544256329536438,1,1
opp115_data_retention,embed_small_logreg,0,4,105,24a215c96bf2875876591826ca6946592923950ca249a411067b3addcbe5ed53,no,no,0.5058773756027222,0,2
opp115_data_retention,embed_small_logreg,0,0,106,1a3457d784d82e13afbc9c92f5bf3cf8647142888d4ae6d381aa825881b2657d,yes,no,0.7189126014709473,1,1
opp115_data_retention,embed_small_logreg,0,0,107,12e2a92314750078e8927c6895d3e605483c3df2def7e09b9ab8bbc1854455b4,yes,yes,0.8328770995140076,1,1
opp115_data_retention,embed_small_logreg,0,4,108,89d4afba01413f4f026c08de5ab9c1a752ec1fa7bd7ad2ef5f1e405f15a07e83,yes,yes,0.732765793800354,1,1
opp115_data_retention,embed_small_logreg,0,1,109,1f839862705946b52e2163244afbaa70e2426147512f91860dc5601c5c2389bb,yes,yes,0.6849184632301331,1,1
opp115_data_retention,embed_small_logreg,0,1,110,935a7b863897a0ba0c8ad7901ed54fb2f12d631281676d3b3e3bf8aff853ade5,yes,yes,0.7104548811912537,1,1
opp115_data_retention,embed_small_logreg,0,4,111,59c16506290887c7b0cddffcf2aa2e5f87747ee6e4f18ed8ee74e52fa2c008dc,yes,yes,0.7689138650894165,1,1
opp115_data_retention,embed_small_logreg,0,3,112,f64096926fb9c78f401fc0854671a223614422af71ed3a0685489963d966ac09,yes,yes,0.6690382361412048,0,2
opp115_data_retention,embed_small_logreg,0,0,113,2bc01bdcffae3876a8c7f082fd32fd529e78059380437c09551033b584275815,yes,yes,0.862594485282898,1,1
opp115_data_retention,embed_small_logreg,0,0,114,4065a65416309e59bf310015b8b8efcc430db139973fb86d117f93e768031bc3,no,no,0.7882018206745658,1,1
opp115_data_retention,embed_small_logreg,0,2,115,48d314a42dbe9fa058aca1dfb87bcf56f418fe9874699c1489237577f246b045,yes,no,0.627880871295929,0,2
opp115_data_retention,embed_small_logreg,0,4,116,2ca25fd3736fd80ab90b2254eb3d425b036dcd4e9e62e4360386e416c9deab76,yes,yes,0.8858354091644287,1,1
opp115_data_retention,embed_small_logreg,0,3,117,1161be58ea49ebc7fce1b9054d77589bb5307b3d56d34a516c160490929e414d,no,no,0.7284234762191772,0,2
opp115_data_retention,embed_small_logreg,0,2,118,414440c3a3ddf73ddf10106fd36a5cacfce9fd199ec8a7b46ee44844418507b6,yes,yes,0.8016076683998108,1,1
opp115_data_retention,embed_small_logreg,0,3,119,0570fb4811b2e51a3e0641efb5a520396a092d396550cdaaafa76fd1dac4a726,no,no,0.7716327424590699,1,1
opp115_data_retention,embed_small_logreg,0,4,120,021c61c2b34b795a0959f5f7b9354579eaecfcf1f64d296e334113a271188ae6,no,yes,0.527170717716217,0,2
opp115_data_retention,embed_small_logreg,0,1,121,57bc9e8962d8c99f668d7b81efe244628bddf539fcf66d74483a90c984c2c5c6,no,no,0.838051582516777,1,1
opp115_data_retention,embed_small_logreg,0,1,122,447ae551bbd401748cb52fffaa7c3f115ce1dffe28c99efe5dc9dc0d38122e4f,no,no,0.7081951113997433,1,1
opp115_data_retention,embed_small_logreg,0,3,123,085b13c1eb4bd3144c896064ba632a965391017f9345f3085f1b98209c91afdf,yes,yes,0.9550662040710449,1,1
opp115_data_retention,embed_small_logreg,0,3,124,e4482c06dbe65a91bf1c1f134d6c0e1558da84dd5b5e12594c08686b3eddc8a3,yes,yes,0.9816686511039734,1,1
opp115_data_retention,embed_small_logreg,0,4,125,a9782bc9bc1c192c7edcab363fd4afb1b36914cdf9dafc5b0a12a0823a025886,no,no,0.5249937772750854,0,2
opp115_data_retention,embed_small_logreg,0,1,126,b2a84f40bc79374e0543efa4424fae4d57188002eda7fd63f02dc333becbea83,no,no,0.5823898141863998,0,2
opp115_data_retention,embed_small_logreg,0,3,127,088f49e7378b28bce726054b67e2fabf46daf9e8d352e2a1228c22cf0fac683f,yes,yes,0.9506057500839233,1,1
opp115_data_retention,embed_small_logreg,0,4,128,93bf89a1de994e270413193fcbbcddc3491dcce4054e367a7c1d74c169ad4b14,no,no,0.8580304384231567,1,1
opp115_data_retention,embed_small_logreg,0,4,129,b6bad323bdb4a1398adcba0b0c816828e25650472c3a77d2d6b19f655dab819b,no,no,0.7491164803504944,1,1
opp115_data_retention,embed_small_logreg,0,0,130,d5ecccdb1813c7c945c958ccb2c108cfcb2a7bd8707476f5f1365e825a0ad246,yes,yes,0.768650233745575,1,1
opp115_data_retention,embed_small_logreg,0,1,131,7df5b7ffb7936618b90ec589b9e3fbc2842e1ff8869ad45b308533577fd77d86,yes,yes,0.6546567678451538,0,2
opp115_data_retention,embed_small_logreg,0,2,132,7ebb25afa192ba9160052426ef3b16f9c49812cb556a72816da619716925449f,yes,yes,0.9777271747589111,1,1
opp115_data_retention,embed_small_logreg,0,4,133,d267bda3f7daabde7131ec43fd663b7f38ebcd905b34ddcac52e23248e63f754,no,no,0.5008935332298279,0,2
opp115_data_retention,embed_small_logreg,0,2,134,8ebe484f8aa9fbd1ab3ffff75a73d134e929f509b531bf7d550cd2fbafb24fdf,yes,yes,0.9340600371360779,1,1
opp115_data_retention,embed_small_logreg,0,4,135,9d6da06849780c6cf3a06b96df57fcbef807a25b5373dd15334941d35b8f6a78,yes,yes,0.6341484189033508,0,2
opp115_data_retention,embed_small_logreg,0,1,136,9256ff8336f43973ac32483cf4a485168f7281caab039c91aa5ec45e7042acd1,yes,yes,0.8191190361976624,1,1
opp115_data_retention,embed_small_logreg,0,4,137,e08e585482b8d3906c0fcf66a5da160b9e819f25aac0e92c2086f5bd74b9f58c,yes,yes,0.9376826882362366,1,1
opp115_data_retention,embed_small_logreg,0,3,138,6fcf71b27d46f55ce193efc7f9afc04455f73116a9db84833f80e06f9ca50565,yes,yes,0.7754092812538147,1,1
opp115_data_retention,embed_small_logreg,0,4,139,c4b6d77aeaa5302389ac8f3608bfb27c4df1b76118cc8f54d2313c0a264133d5,yes,yes,0.7549211382865906,1,1
opp115_data_retention,embed_small_logreg,0,4,140,275a4d4239c413d2e99aedb43348f0606ad8850f1db7dc4e3118c3b47065f91a,no,no,0.6171842629556578,0,2
opp115_data_retention,embed_small_logreg,0,0,141,8a20b838887a4c084a09c1abf0e23b8c9ca43c382e2bbfe5e69c3dfe3fa607cc,no,no,0.6709352531750424,0,2
opp115_data_retention,embed_small_logreg,0,3,142,d59761f593cdeec8646bc296f9d941e7e44cc354579e86fdca852baf273fc357,yes,yes,0.5728774070739746,0,2
opp115_data_retention,embed_small_logreg,0,3,143,e88625cea1e9848ab0c422dd31cb03bb37e230c04824f11aedb42e6256d88861,yes,yes,0.8300571441650391,1,1
opp115_data_retention,embed_small_logreg,0,1,144,472ac5ccf3636aa466c509158d54b8605d606563706d77f86728caf86b56828e,yes,no,0.5206849419866519,0,2
opp115_data_retention,embed_small_logreg,0,4,145,8b3ae3f08e20d45d17f031fd4b86caaca9a1df9e99e24770119d51d8f0ac3045,no,no,0.5668459961758258,0,2
opp115_data_retention,embed_small_logreg,0,0,146,a47590671f0c8a96c36f7d6c9a24adea2693fe733ebba1c9966755e8a4662599,yes,yes,0.6283215284347534,0,2
opp115_data_retention,embed_small_logreg,0,4,147,f499e421475ec682cadb46341e6d310462e81d20c890a16c9b4ad060534ed6d0,no,no,0.687454104423523,1,1
opp115_data_retention,embed_small_logreg,0,0,148,f0cadbba69345266de6559680ae988e0fed4878bed5c0c92243e9d6d5d9f7bf6,no,no,0.871596740609456,1,1
opp115_data_retention,embed_small_logreg,0,3,149,f321c837be3d158ef7ff42e4a5c07de189845d4d7b643c668200b64b5c207e56,no,no,0.6843264102935791,0,2
opp115_data_retention,embed_small_logreg,0,4,150,1676246f4b932466894e0b3d528e741e4f90b6762f68e0ababf10e220767ab49,yes,no,0.5926142930984497,0,2
opp115_data_retention,embed_small_logreg,0,4,151,619d8a38ba5513f1cec70851f3865bfadc53827c6747264023f10a362373d101,no,no,0.6507415965420483,0,2
opp115_data_retention,embed_small_logreg,0,1,152,1b974e8954f0d9b48a91a29c0214076ca646d79b431e0a4492d19f30afef870c,no,no,0.538966178894043,0,2
opp115_data_retention,embed_small_logreg,0,0,153,1b5aa100191a7360936d3578d1b9c3564918a79175346bc1ff23b914d46d70e8,no,yes,0.5627955794334412,0,2
opp115_data_retention,embed_small_logreg,0,0,154,1fc468ce0666d80d3a1c8e28b4d8988e6f57eb4ba403b9f180c648047c14fcb7,no,no,0.9536031831978922,1,1
opp115_data_retention,embed_small_logreg,0,4,155,2630c3c03b6464991051cceb40eb38f315ce523c5773801b2a3351439cc0170c,yes,yes,0.745649516582489,1,1
opp115_data_retention,embed_small_logreg,0,3,156,a31f38cb747b69b44e923e5768a51ba824e616032b10029b3afa678eecd6732d,no,no,0.9015118345392967,1,1
opp115_data_retention,embed_small_logreg,0,3,157,ff1baeee0f8055c9e395e216bd36541aa63ad084b6059cee873347c1db25ddc0,yes,yes,0.9362242817878723,1,1
opp115_data_retention,embed_small_logreg,0,3,158,28546a833bc592ba4da981179283a48d9b8e32faed0b19dc3fbd8c7a7dd50f37,yes,yes,0.8369124531745911,1,1
opp115_data_retention,embed_small_logreg,0,1,159,d410d20de93ec6d821438156036e88e141275e0728cbd81aa73889aeaaaaa0a5,no,no,0.7618702763597709,1,1
opp115_data_retention,embed_small_logreg,0,4,160,76c5c816c44786f5d8278d5c4344bd435d73b1ebc675162fd420b7577c9b34cb,no,no,0.7907304167747498,1,1
opp115_data_retention,embed_small_logreg,0,4,161,799451ec0744a90f7eb75457279c0ce6f460b9e3ce9926e51d1dbaf241d6ca78,yes,no,0.5267731108299825,0,2
opp115_data_retention,embed_small_logreg,0,2,162,551af7abca70932f3a0ef1229da16859dacbb33fcc413d4cd74833abb950ad33,yes,yes,0.6059322953224182,0,2
opp115_data_retention,embed_small_logreg,0,2,163,a6c7b7ef0cfcf9699e3078342794813b33930d6d73ef7b82d649e0cd79b1f9a6,yes,no,0.5466167330741882,0,2
opp115_data_retention,embed_small_logreg,0,1,164,5a9e7a696d6ef019dd40f5984dd0ba98efccf5593166eaa0c496b20fa2746a76,yes,yes,0.8062009811401367,1,1
opp115_data_retention,embed_small_logreg,0,4,165,fb5bb7c3433b9471663a47edd44e1cdd1c25ed74aa2c172c37dd997d1e6c1852,no,no,0.5388673543930054,0,2
opp115_data_retention,embed_small_logreg,0,2,166,78bb11f1743e056742c00c3df7250817a755dce1dd5835869a2fb8b84e3bc2a4,no,no,0.9100958041094556,1,1
opp115_data_retention,embed_small_logreg,0,1,167,1abf35a14e7951c638a92c72eb3e662003b16ef0ddd618560be900d5e64f25a6,no,no,0.5000876039240478,0,2
opp115_data_retention,embed_small_logreg,0,0,168,82f45f405a5e1d0c32c0aa4104f22d7551bc3a67281e641a11ac83effe659f98,no,no,0.886391573500696,1,1
opp115_data_retention,embed_small_logreg,0,1,169,5e45c583666bd2b302d372c46c671eef771afaf9528578e9829b226172636768,yes,yes,0.641577422618866,0,2
opp115_data_retention,embed_small_logreg,0,1,170,a9542e9239ad9fa5fe798e6e26246771ac82a8b7005dad2341ca2ee512a27e28,no,no,0.6390699338635782,0,2
opp115_data_retention,embed_small_logreg,0,1,171,771b749f5c9ba209d78db7f0ac0f63caa7967c12a2872244c725be1a6170e4bf,no,no,0.8733833302053313,1,1
opp115_data_retention,embed_small_logreg,0,4,172,6429e704b1b7bc0c3244e81a91fde9ed92188025964f1d2d310b93923729cfe4,no,no,0.6141207218170166,0,2
opp115_data_retention,embed_small_logreg,0,0,173,2199e3232e265ca67a9644ec81e95b1cb53aa0ad77d8e5f28f54888d985eb153,no,no,0.8592298158888492,1,1
opp115_data_retention,embed_small_logreg,0,2,174,168c1f8fe9461bd4e50ddb2ced4e38f5b32927ec525c32ef3ef9caf4aac4f36c,yes,yes,0.8467346429824829,1,1
opp115_data_retention,embed_small_logreg,0,3,175,7fbc3e8d046e40175885a2131dbd1d61a930c28a1180efc3a9547e585536f7f6,no,no,0.7339228610373396,0,2
opp115_data_retention,embed_small_logreg,0,1,176,501249f20fe324cd55375fb36b14e360a23882582f1ac569eeff4584126cfd87,yes,no,0.6638750035725535,0,2
opp115_data_retention,embed_small_logreg,0,3,177,12bcae560154d423083c35b272770f335f9553357e5869fb43154ccdf33846db,yes,yes,0.9527233242988586,1,1
opp115_data_retention,embed_small_logreg,0,0,178,d36e9685d44e56c9f78953fa6aaf57669c968b49cd0fe0a1745152927c8d4130,no,no,0.654597818851471,0,2
opp115_data_retention,embed_small_logreg,0,1,179,65714301dfdbca9f00d701048d1fbf28fce86f25343fcdbcdbf0d9d1b38ccaed,yes,yes,0.8205811977386475,1,1
opp115_data_retention,embed_small_logreg,0,1,180,56b4f2662bf4174e7b8c2938a99ec052b918ce8e1e887eb5cfa74512d3e8093f,yes,yes,0.693712055683136,1,1
opp115_data_retention,embed_small_logreg,0,0,181,786c88cca6c8382022ca97c03b2d0527fed556aefda3e38cac2bab6ffe58dc7e,no,no,0.9457600677543876,1,1
opp115_data_retention,embed_small_logreg,0,1,182,4ecbddf240d7a5766bcfe8d2590717e74dac0e70abd05993cd0430fc1d16186d,no,no,0.5470650033037363,0,2
opp115_data_retention,embed_small_logreg,0,2,183,1bf325cb55644bf9f3fae7c85dbe467894de54012da4fa9b66d6a3a22673b41d,yes,yes,0.6895631551742554,0,2
opp115_data_retention,embed_small_logreg,0,0,184,1ea805b1eea1cacd586e1eee0f3cfe197a35d7e32fb03708c3c497f723298775,no,no,0.8220196717375615,1,1
opp115_data_retention,embed_small_logreg,0,3,185,19a13f3eb97a89ca1ef1b119b1c9367a382e7060b09a82f69b1e4e35a3c13204,no,no,0.7530899756117162,0,2
opp115_data_retention,embed_small_logreg,0,1,186,425e3ff0ff4eca4cfa77f598fe216971b57633e8ef911f861dc04886f4c049e2,no,no,0.6839074492454529,1,1
opp115_data_retention,embed_small_logreg,0,0,187,243100889954d3e9c45757d0a63cf23a39a1b2cf49a14ee10f84c234f5996315,no,no,0.6511292651632209,0,2
opp115_data_retention,embed_small_logreg,0,2,188,a062207fb7a531517ea76930d66bb278f5f2ef789cb4451458d1cf34cce4ab36,no,no,0.6239082999202102,0,2
opp115_data_retention,embed_small_logreg,0,4,189,f98e4b656bc0472164c8d54bfdea68ac9091e88ce8b774ed0038896f2cf18427,yes,yes,0.7245054244995117,1,1
opp115_data_retention,embed_small_logreg,0,0,190,ef7a61507dbd56bbdd5333070f23449cc1050797c8e0ea36826e0dc081f6e86c,no,no,0.9024206861492889,1,1
opp115_data_retention,embed_small_logreg,0,1,191,c64822a69e008ced686015ff70e24a6247ef6b472ebe88d75d02e646aabca2cd,yes,yes,0.89067143201828,1,1
opp115_data_retention,embed_small_logreg,0,0,192,c1502e008f774444d032c5dc418fa6dd1bb36626176c5bdd47028e51f7d5470d,no,no,0.6483249857522543,0,2
opp115_data_retention,embed_small_logreg,0,4,193,494df37378cf8f74264182865f738cc77f8aaf4fdcc9814a86f99a17f131b2c9,yes,yes,0.7413371801376343,1,1
opp115_data_retention,embed_small_logreg,0,1,194,e7bc4ee0cfffa4fec28bcc2e49a2f7152ccfd743b63cad48404579f5346c9a69,no,no,0.7845541121877118,1,1
opp115_data_retention,embed_small_logreg,0,1,195,9df22399a60ca5da1e856dcb80c9e8e91c896e4712694be92ec80dae5d669dc7,yes,yes,0.8717557191848755,1,1
opp115_data_retention,embed_small_logreg,0,4,196,484cce2ad834362e2ccb3d4894efcae1dfdf44224b918aece53c17203e3dbff2,yes,no,0.5263288021087646,0,2
opp115_data_retention,embed_small_logreg,0,0,197,e822d4f401a34b07af4ed5395f92f976cdc7b0ce397e1c2ffced1c937c81d2ec,yes,no,0.550770103931427,0,2
opp115_data_retention,embed_small_logreg,0,3,198,57a74ccfcfe7608c6f4350d2552457ccbdd2eb9ba720641c524fd09bc5598fe2,yes,yes,0.831471860408783,1,1
opp115_data_retention,embed_small_logreg,0,4,199,1fab31543ccbbb32cdadd46142e45a56f35e1d1e3450b5b59654008ee2c58452,no,yes,0.5920559167861938,0,2
opp115_data_retention,embed_small_logreg,0,2,200,2e8ae1b53bbd23b3cdf5e510ad01501a6c3c77c83c76edc9d6220387694b3146,yes,yes,0.7180061340332031,1,1
opp115_data_retention,embed_small_logreg,0,2,201,3004082ff910b7c447da1693b12bc592c912baba20a3f7fa3d8856806981f07d,yes,no,0.5685706734657288,0,2
opp115_data_retention,embed_small_logreg,0,1,202,b3cb815b0e314945f81b1e51e706918ed3fa4180164a7815cb8d50075cf7dd77,no,yes,0.5493460297584534,0,2
opp115_data_retention,embed_small_logreg,0,3,203,afe6b4fcda20339effa6c437b8dddb0737ca5774f21b675e10cee4edcb0b2ba6,no,no,0.5263492904201361,0,2
opp115_data_retention,embed_small_logreg,0,4,204,425e6f8fb17f0976e13e4561a405d2be1bf2feaa4d817ac2d139387146f3bd31,no,no,0.8198671585281837,1,1
opp115_data_retention,embed_small_logreg,0,1,205,9e4ba9ac193a5b11eed78ae6cf09f456a4bf6cbeb6b7ecc8edbdc4eb64b40ee6,yes,yes,0.8449699282646179,1,1
opp115_data_retention,embed_small_logreg,0,3,206,01aedd6fb8f591d73f87602fc32e2eb3f589628586199ae0a08ea28cc0095f28,yes,yes,0.8019795417785645,1,1
opp115_data_retention,embed_small_logreg,0,2,207,cfa624403984bc99aecc9847407eddcedb97c357900a09f4b366afb61186bb7e,yes,yes,0.5541968941688538,0,2
opp115_data_retention,embed_small_logreg,0,4,208,deb1609f9680931ac921c3f39ec34329f8267411177d3d90aa9ef55f56a7b498,no,no,0.7566312776992106,1,1
opp115_data_retention,embed_small_logreg,0,2,209,268317cace58fd35238bcdc0b1215a3d8e099f45eeff329dd80dde5b2353fc8d,yes,yes,0.7491777539253235,1,1
opp115_data_retention,embed_small_logreg,0,2,210,fcf9351be7dab9559af1a3b9c986fe2cf37456ba80908e462dac832ba398700c,no,no,0.8288294672966003,1,1
opp115_data_retention,embed_small_logreg,0,0,211,f678cfdd7e9c0f3928c9f066039490ad2fa404de918d07e36115bdf6c4949d41,no,yes,0.710553765296936,0,2
opp115_data_retention,embed_small_logreg,0,2,212,32a41e20f9d847ef04f07df2b8622a480d1dece63261191cda3bb3996acd72d3,yes,yes,0.5335739850997925,0,2
opp115_data_retention,embed_small_logreg,0,2,213,8ec9dc8ff6db732637848bb964f217566251e05b5c258dbbbd97c7eca79c0825,no,no,0.8086992502212524,1,1
opp115_data_retention,embed_small_logreg,0,3,214,c6627196674562989315bccb36804bae1115c2df68464968e8556abba6ca6fa1,no,no,0.8710378538226762,1,1
opp115_data_retention,embed_small_logreg,0,2,215,8f6572c828f9d34a2984a9e493510acace0a0962806968f2338456db9b64f909,yes,no,0.5044079422950745,0,2
opp115_data_retention,embed_small_logreg,0,0,216,79705eaf61441ff37f6d5f11fa8666e9ff5564b4ee175daebaf8f1c6dabb226b,no,no,0.806027889251709,1,1
opp115_data_retention,embed_small_logreg,0,0,217,579c64913914b83e0bfb518994954c4f9689ff6263b5fdda7696a61482e31b27,no,yes,0.6793168783187866,0,2
opp115_data_retention,embed_small_logreg,0,1,218,52c3657ff1bfb928a7a3fa625c19d563556e3925b75890eb6b0b602df7ac91f3,yes,yes,0.572242796421051,0,2
opp115_data_retention,embed_small_logreg,0,3,219,32fe73db251df3aa92db6a1a1c681bcd91e061358c14841e50814e1b413f3f19,no,no,0.6470136449630962,0,2
opp115_data_retention,embed_small_logreg,0,2,220,b1ccd2bb7370a2a763dad092f888f4e2a97f2f2935ba8fc5305bad5a7da03e91,no,no,0.8260895136906135,1,1
opp115_data_retention,embed_small_logreg,0,3,221,286dd9f430087d20ac2b2d1e5b2ffb027e6a3c17c8c712179d567e3f74262574,yes,yes,0.8999687433242798,1,1
opp115_data_retention,embed_small_logreg,0,4,222,7ae91b4e09b70faf3863bcdf2881b4370a1bdee1421be7b09a07b40ea31bbddd,yes,yes,0.8363296389579773,1,1
opp115_data_retention,embed_small_logreg,0,2,223,46ab7b708623a654c3f4754e7de54d0f7f5262c25a56a9089ec4b0a06321e5ce,yes,no,0.5109415650367737,0,2
opp115_data_retention,embed_small_logreg,0,4,224,9ccbd99d243f6fccfdb5ade9893285b113a60399c981dd39f15468a92272b280,yes,yes,0.7342413067817688,1,1
opp115_data_retention,embed_small_logreg,0,3,225,dc2bcbcc57f6752c67ab7f8f29e23d38c5ab5f2b5853eceb626946f7fef43e63,yes,yes,0.6360527873039246,0,2
opp115_data_retention,embed_small_logreg,0,0,226,ebd6ff5a40784887fd22e2a782aa8e6c5172416cd89da968f0a8ca8a1c587032,yes,yes,0.5356014966964722,0,2
opp115_data_retention,embed_small_logreg,0,2,227,d19696c556b2338e90c8b6ffeca489622dce2a164aafca75bb4404c204b35f14,no,no,0.8282079449830072,1,1
opp115_data_retention,embed_small_logreg,0,2,228,231bd657c2964de6c6ea8a1d9437fd6afd87001f261f26031a982be996c8cdb2,no,no,0.9744781092362422,1,1
opp115_data_retention,embed_small_logreg,0,2,229,07695545e4b0ac85eb721da8201b6633989f41219d0813c611a3b4b94e43300b,no,no,0.8182166218757629,1,1
opp115_data_retention,embed_small_logreg,0,3,230,07c588e0587dec8248cc485ba9c6576750efed45b3a5b316f1070256eab6fad1,no,yes,0.5654823184013367,0,2
opp115_data_retention,embed_small_logreg,0,0,231,7ff692472ae904d4710c1f7bd076cb8c695d0f94fb75da5726e98b4fc6f4745e,yes,yes,0.6072483658790588,0,2
opp115_data_retention,embed_small_logreg,0,2,232,6976f37f3945036a2d6a03e8d1fda2d187b08666dcde5d5fb041ceeb3fad051d,no,no,0.9253117442131042,1,1
opp115_data_retention,embed_small_logreg,0,4,233,24329a0a8cf39a8b9c64fb2e1a20cb53a03b54d4ec040ae95fdef41c0fe61c48,no,no,0.6351272057034733,0,2
opp115_data_retention,embed_small_logreg,0,0,234,f84077447e66f9200b7a8102f0008b329629b65cd75e9c18d9a70e14f0e12b6d,yes,yes,0.9323995113372803,1,1
opp115_data_retention,embed_small_logreg,0,1,235,1e59f4141dad643b5759ddec3cf94ac691b5377cc52812cd4a13c121cc31d379,yes,no,0.5737980433166611,0,2
opp115_data_retention,embed_small_logreg,0,1,236,e278f2edce8b4e0802417192f137cf31f4d4f91e3b80757695952d1b52e2340a,yes,no,0.6188163572902573,0,2
opp115_data_retention,embed_small_logreg,0,0,237,01828d6aebf17dbb1ad67764d82b586f69e1acccc913ebb33a8dd70e22e17a55,no,no,0.6163947765944832,0,2
opp115_data_retention,embed_small_logreg,0,2,238,a655398af474837f8aea04a211d471f032e92a6dd95cde5aa013b3742aa07e2d,yes,yes,0.9777271747589111,1,1
opp115_data_retention,embed_small_logreg,0,3,239,804847995735f8dfa9797e268facbb80a5b434604065fdf81cb85fa16a925e3f,yes,yes,0.5106006264686584,0,2
opp115_data_retention,embed_small_logreg,0,2,240,50b52ff785cc7ba25950a1e06086d5e1acf219d84091ca95765ec22900044578,yes,yes,0.7090697288513184,1,1
opp115_data_retention,embed_small_logreg,0,0,241,3f34b14ee060ce604c8fa33a42f0adbc49a3eef1ae996f5a64eba6b33e55d486,no,no,0.7912838576925376,1,1
opp115_data_retention,embed_small_logreg,0,1,242,ac38c4e75d9ead7df72ab064029c60831b86c70cc9cc2ef142ccc77103916c5a,no,yes,0.5784458518028259,0,2
opp115_data_retention,embed_small_logreg,0,0,243,ad34a91ff28db78f3828eee27f65dfc77194d18529b5c5a72f714c550a1bfee8,yes,no,0.5267336525539652,0,2
opp115_data_retention,embed_small_logreg,0,3,244,7f58b2111392f889922217ef5d4a11f5cede6eb86408b0140fbb832204f39c63,yes,no,0.6291516014680744,0,2
opp115_data_retention,embed_small_logreg,0,3,245,0f685ea5f05b7bd2894de89b143ea229c2ffa042482785574cb759d9a54bc06f,yes,yes,0.8290694952011108,1,1
opp115_data_retention,embed_small_logreg,0,4,246,ae9063afaaf895e06d6bc6fd779839bc111acb3ed9913ab2199c848f1581980d,yes,yes,0.5715197324752808,0,2
opp115_data_retention,embed_small_logreg,0,2,247,50a0e0ba2aca555b3c28b225f87b1942031bdabcf9d04f89dda1b39b96bd9b42,no,no,0.6507656768192552,0,2
opp115_data_retention,embed_small_logreg,0,3,248,e70de619913753bc42a24b74c19fa0f6d78b4f2065dd29cbdd1d094d8a1c4958,yes,yes,0.7184657454490662,0,2
opp115_data_retention,embed_small_logreg,0,1,249,38525a384cff0762f804e1a21a7b89ac657c8eab1c3a09f8da7f97a684ed8cbb,no,no,0.8333775997161865,1,1
opp115_data_retention,embed_small_logreg,0,4,250,a608d369acb8b39938b51bc67b06b14e46f4e7b30af9060ec12d40ec76a02693,no,yes,0.5437610149383545,0,2
opp115_data_retention,embed_small_logreg,0,1,251,b6849c5e7505d5ea81a96d7302dc64625027f1333fdd1ad5acdc5674a1356024,yes,yes,0.6487401127815247,0,2
opp115_data_retention,embed_small_logreg,0,0,252,2f62c54cbda8addbe6232f8471c0c55c65ddf75bd4f4201f20095a468a6d4a3f,yes,no,0.5366665284832277,0,2
opp115_data_retention,embed_small_logreg,0,0,253,a7f9911c6c83b3445ee6ccbf2a64537355af6eda468b91834e1f28a39870328a,no,no,0.6799640452872501,0,2
opp115_data_retention,embed_small_logreg,0,0,254,331b1f34bbf6a523faaf139562c3206a26f73f76a0af24ccb8b7d410c5809648,yes,yes,0.8024498224258423,1,1
opp115_data_retention,embed_small_logreg,0,0,255,1e9d5bebd73b6b03196102c13d6398e9684f640319406b8cfd2182f5efec90e8,no,no,0.8982201747728871,1,1
opp115_data_retention,embed_small_logreg,0,2,256,c385be8e4dc911b9d1100018a19156fd997244226e0ad228c94cdf495b72c9c9,no,no,0.8786910903258784,1,1
opp115_data_retention,embed_small_logreg,0,1,257,f316ea31b0b9f52d7e58dea2321f7f1367c3b9713783bc8e8a54df26122cb53c,yes,yes,0.7776310443878174,1,1
opp115_data_retention,embed_small_logreg,0,3,258,f869eb75e9a1654c2216095771718fd988f6460ba8e79d76d0dda31b878d4a0f,yes,no,0.6963908879873422,0,2
opp115_data_retention,embed_small_logreg,0,0,259,9a18bf5bedcef58fb061941815a1dc4f26be41d24545b1dedc4a4cd9c3882dba,no,no,0.6849357485771179,0,2
opp115_data_retention,embed_small_logreg,0,0,260,7787497942b66196747d386679fb92dd42ec1ca9c3e6b38147ab015d42b529f9,yes,no,0.7007551402078611,0,2
opp115_data_retention,embed_small_logreg,0,1,261,00ac89c540730a3531332c3398cff49e8db87a948ea4434b63039bcb165b2c66,no,no,0.5697587558699025,0,2
opp115_data_retention,embed_small_logreg,0,3,262,b3eaec0a573a24dbb3b21c0d97605c822ad645c92272d7e319ba9f7a8dd0a73d,yes,yes,0.8319172859191895,1,1
opp115_data_retention,embed_small_logreg,0,3,263,83055255358a99afb2a4d5dfa1be49e9d6fd08fb4cf38447b4bedcb96fbaca8d,no,no,0.895225352758358,1,1
opp115_data_retention,embed_small_logreg,0,0,264,6c7d9bce9289e4f305f3bc9a7102fc099f5e7104e35642b6ab9464a465815dde,no,no,0.9528562178090456,1,1
opp115_data_retention,embed_small_logreg,0,0,265,f0790f05da1a430476726fb1d935f7e771506db7ce34ebd7f8865c7b3ce9deaf,no,no,0.5172091876628753,0,2
opp115_data_retention,embed_small_logreg,0,2,266,6b6d1b46091d740d9c3bf0588df61c7c5df56a0200635bc1d29ea0280f4fb3c9,yes,yes,0.6125679016113281,0,2
opp115_data_retention,embed_small_logreg,0,0,267,5c6dba33e1a2705163733543bfde75d0e215a2360c17dbc9cf06ae0c153b6014,yes,yes,0.9553394317626953,1,1
opp115_data_retention,embed_small_logreg,0,4,268,097d257865b8010cfae87562ae3acd3cfdd11d628daf6eb19ef0fb02f8aa5cfd,no,no,0.7140664075036767,1,1
opp115_data_retention,embed_small_logreg,0,2,269,a7d0e7229ee813df0da48f22c8b9f7164d3d78eb630fe2d9c12c0b817523b0bd,yes,yes,0.6484797596931458,0,2
opp115_data_retention,embed_small_logreg,0,0,270,0585dd317c2fd60618e5b686ab9f9d98a1498248e25825af326df46675c317bb,no,no,0.9004292219749325,1,1
opp115_data_retention,embed_small_logreg,0,3,271,944fc9978a2a6b5e1ca37acc5b4274abb44dd61ceeb497332d87e0966bd5b850,no,yes,0.6455384492874146,0,2
opp115_data_retention,embed_small_logreg,0,4,272,6882433d496d02569b5744fb8aa186a9982b24c294237298ad5e876598182f8e,yes,yes,0.584635317325592,0,2
opp115_data_retention,embed_small_logreg,0,3,273,77d837bdb3945e037c6bc1e1ceffccf5972537d088e53139f85cd61a40ba32bb,no,yes,0.9664015769958496,1,1
opp115_data_retention,embed_small_logreg,0,2,274,ac03c789e91d566843ad44eee24526ca26c89d6e49ae164d8987eecfbffec7e0,no,no,0.9311598816859686,1,1
opp115_data_retention,embed_small_logreg,0,3,275,631509edaa82bfb9fe669ef2c49aab37a6a8b5ded6d502ee11e0982aa874f854,yes,yes,0.9576437473297119,1,1
opp115_data_retention,embed_small_logreg,0,3,276,a943897a4f2d7fe76699b0f268dd2dfd57ada734ac5a21bae2739666abe7d190,no,no,0.6556243896484375,0,2
opp115_data_retention,embed_small_logreg,0,2,277,e397b9fb3a1c4f92db03685edaf800fbcd4fc51e0b0121c1f0eebb6a868e6afe,no,no,0.6180007273554585,0,2
opp115_data_retention,embed_small_logreg,0,4,278,8c3bafbb5ff5851b2762dd74740a9378d5b1a8ee8e05b0195f923bdc8ecd18c8,no,no,0.72932741852619,1,1
opp115_data_retention,embed_small_logreg,0,0,279,dff95303893a2a3012f5c89bd306f5e5ecdf1f4aeded9761df3aa3a04cc3e317,yes,yes,0.5208120346069336,0,2
opp115_data_retention,embed_small_logreg,0,3,280,7e39a80962a7f4e89e48e00fa790fd0fe9a679346f05446bc5648239a5551aa0,no,yes,0.6160116791725159,0,2
opp115_data_retention,embed_small_logreg,0,0,281,37026006daaf329041e125901210e0ed07673977b50ab75247530d80efcab30b,yes,no,0.7365376729804971,1,1
opp115_data_retention,embed_small_logreg,0,0,282,5a91dd4bf9e4d39f9bb845b50ecec4b500fa2c0314aab3146eb267953b009191,yes,yes,0.6444700956344604,0,2
opp115_data_retention,embed_small_logreg,0,3,283,eee0077d4ac9d0305983ae7802727bf2185a52bc5a0ed3f9248da5977fb9122a,no,no,0.8906915982967227,1,1
opp115_data_retention,embed_small_logreg,0,4,284,e4a77beb5442f26027cc4c8e99456c5e2f3a51e71efb7986820a6eaa41688a2d,yes,yes,0.5845798850059509,0,2
opp115_data_retention,embed_small_logreg,0,0,285,5fb1ee934e23642de0a5dbffa00ae79d14f0668f5bfd41272c0f7608f3e65093,yes,yes,0.7185927033424377,1,1
opp115_data_retention,embed_small_logreg,0,2,286,0099b44663fb6e62c7e0e721a23c1a9d02a508dabfb9b2578697a893040f6288,no,no,0.5386834305132457,0,2
opp115_data_retention,embed_small_logreg,0,3,287,20fff12dbb9c94a47ff332d13ed9d2e47a8a20112eed351497b59496f4c96ebd,yes,yes,0.8710788488388062,1,1
opp115_data_retention,embed_small_logreg,0,2,288,a4050cf1e40640de6f219bf7c86291057a6cbee66710f4cd042edb07054c5be6,yes,yes,0.6858994960784912,0,2
opp115_data_retention,embed_small_logreg,0,2,289,320dcdb13784b37639fdafd0af9f079b25a6aa37dde118d245f2bc0104d6b690,no,no,0.9324815064859053,1,1
opp115_data_retention,embed_small_logreg,0,0,290,f5be7fd433b991df2123b66c275591e49ff85cb116360f92ee76067c29dbd12c,yes,yes,0.9664391875267029,1,1
opp115_data_retention,embed_small_logreg,0,4,291,e69d683bf0662b37561b1eb6e1eadbe3dbf2c0fc148cccd4119fa231a1917b46,no,no,0.7373481016560823,1,1
opp115_data_retention,embed_small_logreg,0,3,292,e71d0801d3af067794624eb24a6a7950f40c6f4d4085ac685a9a21cce1a77b6e,no,no,0.9291044404424396,1,1
opp115_data_retention,embed_small_logreg,0,2,293,1acb0285d3cfc413a7c38dc1ccf0f2c5a261adee395934e6349f4ff2c667ffc0,no,no,0.968411694859099,1,1
opp115_data_retention,embed_small_logreg,0,3,294,444c17be4227f834a15ee572c9dafe389dcf10a58c327e9fd52cdeb52180525b,no,no,0.794343924690964,1,1
opp115_data_retention,embed_small_logreg,0,3,295,5471e9917d6773e7cca7dfe6c1af9f17cab56f9e46c9fe79a2cb9f3b5aa78979,no,no,0.5778812170028687,0,2
opp115_data_retention,embed_small_logreg,0,0,296,5989c62c021f0138063006ce222bbf64c49993ca3cc330a85b7de6251fd55d4a,no,no,0.9006875619189805,1,1
opp115_data_retention,embed_small_logreg,0,2,297,14bf42e067c5794d14a9be06281a809438d1eb4db47d247e3d427c04e7c7b7d8,no,no,0.6071603894233704,0,2
opp115_data_retention,embed_small_logreg,0,3,298,b15dc5db6c11da7e9e28ac8b682ecf14ea64add66b77475cc6a51d7ad4b6251f,no,yes,0.7743121385574341,1,1
opp115_data_retention,embed_small_logreg,0,1,299,11ee9a0aa806f739c5dd8e99fdbcfd8cfb6d3432051f7807ebbce9705af60d4f,no,no,0.543444140450831,0,2
opp115_data_retention,embed_small_logreg,0,4,300,78ea85a7c27cb91431dc8fe4ef5ca476168da0bfb1c2555b615c16afe4307bd1,yes,yes,0.7245548367500305,1,1
opp115_data_retention,embed_small_logreg,0,3,301,b69f6562a892fcf7ce6acd9e1ed4adf2cd4690cd068b2c75954e8b8cfe2b5d31,yes,yes,0.81772381067276,1,1
opp115_data_retention,embed_small_logreg,0,2,302,07e78088b1f4bf413cb549c9e9b38ba43b6f611aa69c382daa758e1f0961be13,no,no,0.5247003875762108,0,2
opp115_data_retention,embed_small_logreg,0,1,303,77402fd1b3ae2f41ccc476fa26f6f353a8f2c28874c13d0d780f12c0ab3dbda7,yes,yes,0.8848856687545776,1,1
opp115_data_retention,embed_small_logreg,1,1,0,e783d6e5426c4d132ca1198992b63a2b77013808d63e267b499744a4c5d1b11b,yes,yes,0.5153170228004456,0,2
opp115_data_retention,embed_small_logreg,1,2,1,ca069ace0fea7074fac7e44b33121935734dd94f589cc9069a738b5884a0f116,no,yes,0.5709095597267151,0,2
opp115_data_retention,embed_small_logreg,1,0,2,94284e1d7b10fa6117e24745885f4a5c871d995ca98a16179c63cacb7e9c8618,no,yes,0.5725629329681396,0,2
opp115_data_retention,embed_small_logreg,1,0,3,ee7f763b4da0bbf780148ff43363b2a907297b4f98c76d7c1e1d2869878a70f8,yes,yes,0.51584392786026,0,2
opp115_data_retention,embed_small_logreg,1,0,4,be54e70c44eb94e44c82413eb316abd303bc0920653e459cc81b65dc610c2c47,yes,no,0.9257777722378573,1,1
opp115_data_retention,embed_small_logreg,1,0,5,bae4eb887d877f453aee88d3761b630e4bc7ff917be76cb60950cca3ae6c909d,yes,yes,0.6509408950805664,0,2
opp115_data_retention,embed_small_logreg,1,4,6,ffcbe512035ce904259b64a9212131a8ddb5ef6916eb7f217c64a5658bd672fd,yes,yes,0.7233818173408508,1,1
opp115_data_retention,embed_small_logreg,1,1,7,9e061b3940805235e0301ddc59cdad769cb39c4672fdac340725b065cca9eb76,no,no,0.7936384677886963,0,2
opp115_data_retention,embed_small_logreg,1,2,8,11dbaf4848acf49d21fffc81b9b0ac39e736808cb102bd24ec485e1c9793ead1,no,no,0.8317778582606039,1,1
opp115_data_retention,embed_small_logreg,1,4,9,b35466aaf2aa88600ce3febc4691f6c33a5a185d118a53da03fd134b474427c7,yes,yes,0.567823052406311,0,2
opp115_data_retention,embed_small_logreg,1,2,10,8c3c2305b0edd2dfbd80ae024d68bf853a2ba001d7e139e796ceed9ab18138b0,yes,no,0.5866407330823163,0,2
opp115_data_retention,embed_small_logreg,1,3,11,b7123b7c303c69d4e87a4030ed741d9f0ca824b638aab5f65596e20ab0d8c4dd,yes,no,0.6476608514785767,0,2
opp115_data_retention,embed_small_logreg,1,0,12,3a03588f9a14326961809e8f32642ea962dc8708b9b78b365afdda60e89ef739,yes,yes,0.6832839846611023,0,2
opp115_data_retention,embed_small_logreg,1,2,13,31bf37f8261b9238c62d1bc86ac8e76cca50a7903aa58122cc6fda4e44cded97,yes,no,0.7215774059295654,0,2
opp115_data_retention,embed_small_logreg,1,1,14,83aee36651f00dedd70cbd9dcad609997907b62cd9bf83a6c3ff2ec5e8d4da27,yes,yes,0.9795015454292297,1,1
opp115_data_retention,embed_small_logreg,1,4,15,0ec789dd289a49bedd0b0b3266a7cffd2be138f7eab28a474b082a4e010735a2,yes,yes,0.6242343783378601,0,2
opp115_data_retention,embed_small_logreg,1,1,16,393eae997b97caa2cf9a1da91b63d15664dcaddb694220702d9a143ce913b7a8,no,no,0.777575671672821,0,2
opp115_data_retention,embed_small_logreg,1,4,17,54c18021f0b5bdd5418fb5f0ae5fa39e1a0754b3d7cf800324e8103487e5cf23,no,yes,0.5309423208236694,0,2
opp115_data_retention,embed_small_logreg,1,4,18,03f51ff145336e8b0b3740f93f96fe8af81eb409dffb118976a1aacf863ec171,no,yes,0.5408951044082642,0,2
opp115_data_retention,embed_small_logreg,1,0,19,c89c69b4178c8e62694dbbec4c5ed66aeb0fe5c55e301599ef066e3c3b4385f9,no,yes,0.6403697729110718,0,2
opp115_data_retention,embed_small_logreg,1,3,20,8c3716bcecd879ddf0f8827a6cbc7a3abc6d6a93b2089dd3ff73b38ddf0001e1,yes,yes,0.5931008458137512,0,2
opp115_data_retention,embed_small_logreg,1,2,21,f15bd4dacb8cb1b84e653d23e7fe124f64a891cc8707ea67a161980021a3b418,no,no,0.9341130643908739,1,1
opp115_data_retention,embed_small_logreg,1,4,22,8f4f45d8a36971e3c0f25e096cde795561185b99b9e955438faba7a4d9fef7ca,yes,yes,0.5902613401412964,0,2
opp115_data_retention,embed_small_logreg,1,1,23,21eac8a720e29bc551d3c8df3375045370305435e24faa05b1d987ac9375d91e,yes,yes,0.6445794701576233,0,2
opp115_data_retention,embed_small_logreg,1,1,24,0dd0744922c1b1301ec97c32fe0ad034feab74cddd8fbda70c8f9ef34b1984cd,yes,yes,0.5012356042861938,0,2
opp115_data_retention,embed_small_logreg,1,4,25,3fca71487f4cb96371c3aa5abdec8e2b540353f8e48d378f45873ae178857cc7,yes,yes,0.6511281132698059,0,2
opp115_data_retention,embed_small_logreg,1,1,26,dfe28276bb0dea301638082a29d464d5b991277d523df29efae965421e87545a,yes,yes,0.9129613041877747,1,1
opp115_data_retention,embed_small_logreg,1,0,27,8659994e0d17820ba141784fed4d0c18349ac65ec3723701527ef343db9ba2c1,yes,yes,0.5650996565818787,0,2
opp115_data_retention,embed_small_logreg,1,2,28,ac53d5dac4ea34e954ef4a4c00be85ca1da5b5fc8eb4c64c48283a7577095425,no,no,0.7103612634647269,0,2
opp115_data_retention,embed_small_logreg,1,3,29,357a57196be8d969cfaf00bc58e3c97de8f72e1069c26ab0f58307d2cb1f9d5e,yes,yes,0.8034294843673706,1,1
opp115_data_retention,embed_small_logreg,1,0,30,7049bf1374796642411a05defe57eb86765db47de62248e00e4d77bcac1aee04,yes,yes,0.8068935871124268,1,1
opp115_data_retention,embed_small_logreg,1,4,31,222418114ae837c0bd206440228b438f96014c6de64bdf072ca3006ccff9edef,yes,yes,0.8074361085891724,1,1
opp115_data_retention,embed_small_logreg,1,0,32,f757ac860de8bac9799d7d27ab9656bc254e26812f083c16a02936aa88791bbc,no,no,0.6518615484237671,0,2
opp115_data_retention,embed_small_logreg,1,1,33,abc7c023b269931d630379941d539c55e5fa3c28b820a815a5c982c2631c347a,no,no,0.9685428359033801,1,1
opp115_data_retention,embed_small_logreg,1,4,34,7b32204f54e8ce396150ac1e8e02190e1403dc0cabd8a34f0561d5d7e93d436b,yes,yes,0.6240640878677368,0,2
opp115_data_retention,embed_small_logreg,1,1,35,fb2d529b248aa927f32f4656bd77156f68757ecc4f2c5fb3629b8a526b66b9b5,no,no,0.5724993773549981,0,2
opp115_data_retention,embed_small_logreg,1,1,36,7d2ec8df6e3c214c2a93de17d8a3bf0d6d26027cd9d0044c301dc63237fa3945,no,no,0.8316017389297485,0,2
opp115_data_retention,embed_small_logreg,1,3,37,9ea4ee0eb3d9d04cc9a8af0091829dfe1ab1eadb8752a5a3717462508654ec04,yes,yes,0.928039014339447,1,1
opp115_data_retention,embed_small_logreg,1,2,38,d77daaa5f063858c2906c7034002c097b5b47e32324c222526a7f3d8f02c5e83,no,no,0.5938707413115877,0,2
opp115_data_retention,embed_small_logreg,1,2,39,ec4a7bd8ad197241c5da09accfc4e31ec5b38e08bef387e0f4331c37a83ba409,no,no,0.7987680316154953,1,1
opp115_data_retention,embed_small_logreg,1,1,40,169f0b5e0d2932c82322740d6cd06b3021df2a4275d101bbed5152a0caec46f5,no,no,0.8758292263435514,0,2
opp115_data_retention,embed_small_logreg,1,2,41,3612cd825f0a2590279962431747097d0fbd3401192a8a62417ab05d87ff7cdc,no,no,0.6453710198402405,0,2
opp115_data_retention,embed_small_logreg,1,4,42,1c8146f855bf4280a45bbd60a4dd1aaf1d2462f0046648c27e23dc401581ad05,no,no,0.6912763714790344,1,1
opp115_data_retention,embed_small_logreg,1,0,43,60b00c02942a44883178b9d27e7722712a65e657f9aa8d7c70f8ed058831df55,no,yes,0.6577807068824768,0,2
opp115_data_retention,embed_small_logreg,1,4,44,1b43600d724d025fee73e8dd3c3f6f6f83b2f2254ac3d807d4267fe457da1367,no,no,0.709524014308333,1,1
opp115_data_retention,embed_small_logreg,1,2,45,1b425bddb73825802ebd5efb1770c952a4e9a9ade9939504b3214de4adbb127e,no,no,0.9330263415880901,1,1
opp115_data_retention,embed_small_logreg,1,0,46,14adf82ee0e3d6b6dfdd51d4d9647c2e6deb7e4569137c2c64156837745e8760,no,yes,0.5205121040344238,0,2
opp115_data_retention,embed_small_logreg,1,1,47,943b0ad7763955e029b57dcfe7332b1e2eaf864f2607e3e69ac29c6ce7a999b7,no,no,0.7909190890466895,0,2
opp115_data_retention,embed_small_logreg,1,2,48,8f8364b2d3da12fe4295b94efb41660701eff5ff3ccd0f8330dbfff526bc2897,no,yes,0.5199083685874939,0,2
opp115_data_retention,embed_small_logreg,1,0,49,6890c79c65173038a805d631a4323d13802b1a084e9e43845b520355afab971c,yes,no,0.8566602340838279,1,1
opp115_data_retention,embed_small_logreg,1,2,50,30f86ee9ab5fc9b4faf8f83a1adc03eb5e79e7209a5d1555158c62b5d07db921,no,no,0.7534920201746231,1,1
opp115_data_retention,embed_small_logreg,1,2,51,f90c0ab836f55a0533b7c63c67a680a19e6febf6f64c800cb0e2330b3842b9e9,no,no,0.6149168610572815,0,2
opp115_data_retention,embed_small_logreg,1,0,52,f11f4e51a1a75b9616635de4a16c46b939966efe3ff9f57c2a10946ae6db0a24,yes,yes,0.7197427749633789,0,2
opp115_data_retention,embed_small_logreg,1,1,53,551d327f8c9be82c0678a13e918c66a1e4261f956d2c31921b9793392dc0fb96,no,no,0.8154475567423172,0,2
opp115_data_retention,embed_small_logreg,1,3,54,7639ec8effacba52f92d78e35873af81a3c909d1bcb7991c3dee8eb8cd155eb0,no,no,0.7379183173179626,0,2
opp115_data_retention,embed_small_logreg,1,2,55,3673e6ea57ecd4f466018707e593a4bdb9b7aef1644bff252a6f08d923f63e94,no,yes,0.5304765105247498,0,2
opp115_data_retention,embed_small_logreg,1,4,56,6926dd609cf92d236cc7e7fa5da23576df2d87bc04d7e5abddc73b579061544b,yes,yes,0.5830219984054565,0,2
opp115_data_retention,embed_small_logreg,1,4,57,87174a10546e056f1c501b38df6beb64eb9d06a2e2a4b5ff08d40e522ecc8ca6,no,no,0.7456862330436707,1,1
opp115_data_retention,embed_small_logreg,1,4,58,3ba755901c58d9df7c1ba20b53e5b32b53ab34a6e9c50dbaa693d1f7b0488595,no,no,0.7720035429597429,1,1
opp115_data_retention,embed_small_logreg,1,3,59,057e0cd21f3f2d6f8ac7cc0f61244c4a688038e64aa3927b4911c6e6da385581,no,no,0.676360388885748,0,2
opp115_data_retention,embed_small_logreg,1,0,60,f37843199faf0f23449b8c3794d5f872aa99c2b209afd10d0a95e32d3b24e389,yes,yes,0.5233415961265564,0,2
opp115_data_retention,embed_small_logreg,1,1,61,6ee61c9e44191e66fe010bd3648455dc5265a72fb87b3d7c5a8a93946094afbd,yes,yes,0.6210293769836426,0,2
opp115_data_retention,embed_small_logreg,1,0,62,ca1bb8ae943ee9c0661e965007a76f4432974abc8477582c8c6ccde3c5753505,yes,yes,0.6867209672927856,0,2
opp115_data_retention,embed_small_logreg,1,2,63,acb73fd801c1e421dd498e8b4bf3b9b54243d6505f12ba6260ac82bc8f768f2d,yes,yes,0.6967429518699646,0,2
opp115_data_retention,embed_small_logreg,1,4,64,89b1f9976201dc2173e0bbdc34631faae2a8c790ba6da107d46e02ca87a08617,no,no,0.6511957049369812,0,2
opp115_data_retention,embed_small_logreg,1,1,65,2d7f91113988eaa8a6fc7bf434caf085a3ff857c610fdd7a70ad274b22cd61fe,yes,yes,0.6909537315368652,0,2
opp115_data_retention,embed_small_logreg,1,0,66,830329efa7f832e44e99f30030f4a9c15846e8b46fc521879633a9968097829d,yes,yes,0.6796766519546509,0,2
opp115_data_retention,embed_small_logreg,1,1,67,7ce9c26fb6b50a60fd9b2a6ef38fcde34bc68b2d1444bbe9f8ed3fea77f0b59e,no,no,0.7560301793804711,0,2
opp115_data_retention,embed_small_logreg,1,2,68,52f1898017e8ea0e0f71a60eee63f1dc2e5ef17b2456e445f969c030bb48f940,yes,yes,0.5433176755905151,0,2
opp115_data_retention,embed_small_logreg,1,3,69,c67a4e4eaddb86e263afd6a612649b9485c97dae99f189639f96656b9087a012,no,no,0.5101462602615356,0,2
opp115_data_retention,embed_small_logreg,1,0,70,4a68c4a3020aafbdb9c4c6c7c31d71b98e713e853b9cff1de6b14c1c38bc9f24,no,no,0.69240403175354,0,2
opp115_data_retention,embed_small_logreg,1,0,71,eedaad9d24addceb170d0b20737c42cbbb718262f7b7f5613310ef3ea6e84a41,yes,yes,0.8986977338790894,1,1
opp115_data_retention,embed_small_logreg,1,0,72,c97186e083514b27770a49119fddd31b1ea91626f7cc343d194e4939cc504c62,yes,yes,0.7433527708053589,0,2
opp115_data_retention,embed_small_logreg,1,1,73,188d814cc1989645ed98960c18733a0b3819b7a5e68c6e14a2678017b393be96,no,yes,0.7568830847740173,0,2
opp115_data_retention,embed_small_logreg,1,2,74,87e15e4c3d53fbff03afef09d99be298396f7f93a460514045fb7cde9649fd1e,no,no,0.5311738094337639,0,2
opp115_data_retention,embed_small_logreg,1,0,75,18b1b534d366629f782db652c4bd4bb90f86a28a60fd65718523967f4f0524c6,no,yes,0.6817361116409302,0,2
opp115_data_retention,embed_small_logreg,1,3,76,fa803d00ce6546e8478457a6d52ab9b6d8c7630ac8851e1fc52d67f7fb53fed7,yes,yes,0.5734388828277588,0,2
opp115_data_retention,embed_small_logreg,1,3,77,08a0b4c02c02ae6cdb3a9a27b5f233c6f7b885749d7ce00159fa175639f6dcaf,yes,yes,0.8375184535980225,1,1
opp115_data_retention,embed_small_logreg,1,2,78,f06dd627e030196b06ee963e24c2dc68097362ee8edf0e1b8f06345c991920c8,no,yes,0.5840485692024231,0,2
opp115_data_retention,embed_small_logreg,1,2,79,093e1aa7c495478f254786dbe3a579997e7d3d1e60f1a95f37825c5fb42a3587,yes,yes,0.7630786895751953,1,1
opp115_data_retention,embed_small_logreg,1,3,80,a9ce0f5db9dcfc9b61e4765e319b2b23ad2e83dad1801837b8f01cf5396bd079,yes,yes,0.9706814885139465,1,1
opp115_data_retention,embed_small_logreg,1,4,81,fe853791e43affc0b554bc15ac732e62d21598be47daeff71cff7c70fb3ace66,yes,yes,0.6122031211853027,0,2
opp115_data_retention,embed_small_logreg,1,3,82,8865d6dc769090f70b58a55fda31bb852e5f08b1c77b001d459bf988b50d86b9,yes,yes,0.9333392977714539,1,1
opp115_data_retention,embed_small_logreg,1,3,83,426332d37643f726b27481408434abcfc44dc8851f6c33cd5dd5632af590b1e7,no,yes,0.5391300916671753,0,2
opp115_data_retention,embed_small_logreg,1,3,84,a79935042d83fdf73a42c16202193b860ad3d5911ae723be591572b747a6b7e1,no,yes,0.9101791381835938,1,1
opp115_data_retention,embed_small_logreg,1,0,85,7ff692472ae904d4710c1f7bd076cb8c695d0f94fb75da5726e98b4fc6f4745e,yes,yes,0.6635704040527344,0,2
opp115_data_retention,embed_small_logreg,1,2,86,3923241ca81aae32e7fcdbef21d829ba2e206096e796fb081b28142af7f5dc37,no,yes,0.680132269859314,0,2
opp115_data_retention,embed_small_logreg,1,0,87,34bf5b6a41eaa2411a0ffe792091dd421bc56965d2270c7f03641ba1296ed2ea,no,no,0.8422167175677908,1,1
opp115_data_retention,embed_small_logreg,1,3,88,3e9d2c06dca818e7895dc62865bd1f351c76a6a9a2576ebd72d3c3d723933bec,yes,no,0.7560435050136374,0,2
opp115_data_retention,embed_small_logreg,1,2,89,90935d6dee8a77ca52d1b41a4960016c1f84e12aad956e07b67c47067fe621c0,no,no,0.5220507383346558,0,2
opp115_data_retention,embed_small_logreg,1,2,90,6103e00dfc5b9fc89a1bbc7bca32c60908d3af246a737c3cb6ca752a3b8e4273,yes,yes,0.8981993794441223,1,1
opp115_data_retention,embed_small_logreg,1,4,91,10fd70c10966d05dfbdb4bd28d72e4d99e5b68a81e8201f2ed78f069887174bd,no,no,0.6592886447906494,0,2
opp115_data_retention,embed_small_logreg,1,2,92,8d527e2efc6a8cba2a09b999917ff3f57012ccb85c76b628e3986a189d0f806a,yes,yes,0.9505631923675537,1,1
opp115_data_retention,embed_small_logreg,1,2,93,8e7672199331041a2ffbadb8967b89b9584533bbefc1a8b1bdb06df30507a723,yes,no,0.5675522258148261,0,2
opp115_data_retention,embed_small_logreg,1,3,94,60271a38ebd73a503d4d63a7d24736a191329fa4c2ceb064478b0385b89e3531,no,no,0.8019609331792454,1,1
opp115_data_retention,embed_small_logreg,1,0,95,a2f433b20215694a24eb8879748021883ff1a49cef93caad0f629fd8f089f68e,yes,yes,0.8143264651298523,1,1
opp115_data_retention,embed_small_logreg,1,0,96,00c26499d96234846a991a8b3863d4bf82feae4d04b77fc0410d3c5284e88e93,no,yes,0.7906358242034912,1,1
opp115_data_retention,embed_small_logreg,1,2,97,ae95ebca76c16e99e7d1de2c967de0ff8c61305f33f7896c0a229dbe7469bd22,yes,yes,0.6544241905212402,0,2
opp115_data_retention,embed_small_logreg,1,4,98,0e20e01a4fb7381675b2416a2e0129fd586a59aef87aa297fde7e7b33ba79b50,yes,yes,0.5528113842010498,0,2
opp115_data_retention,embed_small_logreg,1,1,99,d65f8be5d2d371519044d7daa6308a21fab28110dfa9283d6c6fc2a24d727b75,yes,yes,0.8396880030632019,0,2
opp115_data_retention,embed_small_logreg,1,4,100,a6826c796e514e13c24f3cd62fdaeb329b4e6a7a7c0fb49333ad9c42077d004e,no,no,0.5836271047592163,0,2
opp115_data_retention,embed_small_logreg,1,4,101,ae273fb46b67ef555b02f6b977a7bd0ef24425d26b9b57628cedbde78fe0f8e9,no,no,0.8029217004340634,1,1
opp115_data_retention,embed_small_logreg,1,1,102,01e3acbc33bf15313b5880a87df86cbbf898f221efc438d21065a2487d90caa5,yes,yes,0.6357083916664124,0,2
opp115_data_retention,embed_small_logreg,1,1,103,a0794a8831efac02f0c596d7fdd4ccd5cc97370cddba1ad6ddea24575530fa1c,no,no,0.8610237965140313,0,2
opp115_data_retention,embed_small_logreg,1,1,104,61b9dffd6a6c84dfcb4ffa8e49c1c0ced89c2c586fd2c56b2197c65619d78b95,yes,yes,0.980401337146759,1,1
opp115_data_retention,embed_small_logreg,1,0,105,24a215c96bf2875876591826ca6946592923950ca249a411067b3addcbe5ed53,no,yes,0.6727038025856018,0,2
opp115_data_retention,embed_small_logreg,1,3,106,1a3457d784d82e13afbc9c92f5bf3cf8647142888d4ae6d381aa825881b2657d,yes,no,0.6677018602997619,0,2
opp115_data_retention,embed_small_logreg,1,4,107,12e2a92314750078e8927c6895d3e605483c3df2def7e09b9ab8bbc1854455b4,yes,yes,0.7361401915550232,1,1
opp115_data_retention,embed_small_logreg,1,1,108,89d4afba01413f4f026c08de5ab9c1a752ec1fa7bd7ad2ef5f1e405f15a07e83,yes,yes,0.842228889465332,0,2
opp115_data_retention,embed_small_logreg,1,0,109,1f839862705946b52e2163244afbaa70e2426147512f91860dc5601c5c2389bb,yes,yes,0.8356281518936157,1,1
opp115_data_retention,embed_small_logreg,1,4,110,935a7b863897a0ba0c8ad7901ed54fb2f12d631281676d3b3e3bf8aff853ade5,yes,yes,0.756208062171936,1,1
opp115_data_retention,embed_small_logreg,1,0,111,59c16506290887c7b0cddffcf2aa2e5f87747ee6e4f18ed8ee74e52fa2c008dc,yes,yes,0.9468566179275513,1,1
opp115_data_retention,embed_small_logreg,1,4,112,f64096926fb9c78f401fc0854671a223614422af71ed3a0685489963d966ac09,yes,yes,0.6071215271949768,0,2
opp115_data_retention,embed_small_logreg,1,3,113,2bc01bdcffae3876a8c7f082fd32fd529e78059380437c09551033b584275815,yes,yes,0.863853394985199,1,1
opp115_data_retention,embed_small_logreg,1,3,114,4065a65416309e59bf310015b8b8efcc430db139973fb86d117f93e768031bc3,no,no,0.786369335448285,1,1
opp115_data_retention,embed_small_logreg,1,4,115,48d314a42dbe9fa058aca1dfb87bcf56f418fe9874699c1489237577f246b045,yes,no,0.640609841328566,0,2
opp115_data_retention,embed_small_logreg,1,2,116,2ca25fd3736fd80ab90b2254eb3d425b036dcd4e9e62e4360386e416c9deab76,yes,yes,0.9817970991134644,1,1
opp115_data_retention,embed_small_logreg,1,4,117,1161be58ea49ebc7fce1b9054d77589bb5307b3d56d34a516c160490929e414d,no,no,0.5673056244850159,0,2
opp115_data_retention,embed_small_logreg,1,2,118,414440c3a3ddf73ddf10106fd36a5cacfce9fd199ec8a7b46ee44844418507b6,yes,yes,0.76894211769104,1,1
opp115_data_retention,embed_small_logreg,1,1,119,0570fb4811b2e51a3e0641efb5a520396a092d396550cdaaafa76fd1dac4a726,no,no,0.7737360231201655,0,2
opp115_data_retention,embed_small_logreg,1,4,120,021c61c2b34b795a0959f5f7b9354579eaecfcf1f64d296e334113a271188ae6,no,no,0.6035945595382023,0,2
opp115_data_retention,embed_small_logreg,1,1,121,57bc9e8962d8c99f668d7b81efe244628bddf539fcf66d74483a90c984c2c5c6,no,no,0.9571235358179274,1,1
opp115_data_retention,embed_small_logreg,1,0,122,447ae551bbd401748cb52fffaa7c3f115ce1dffe28c99efe5dc9dc0d38122e4f,no,no,0.8268811702728271,1,1
opp115_data_retention,embed_small_logreg,1,3,123,085b13c1eb4bd3144c896064ba632a965391017f9345f3085f1b98209c91afdf,yes,yes,0.953623354434967,1,1
opp115_data_retention,embed_small_logreg,1,1,124,e4482c06dbe65a91bf1c1f134d6c0e1558da84dd5b5e12594c08686b3eddc8a3,yes,yes,0.9754835367202759,1,1
opp115_data_retention,embed_small_logreg,1,1,125,a9782bc9bc1c192c7edcab363fd4afb1b36914cdf9dafc5b0a12a0823a025886,no,no,0.5303726196289062,0,2
opp115_data_retention,embed_small_logreg,1,3,126,b2a84f40bc79374e0543efa4424fae4d57188002eda7fd63f02dc333becbea83,no,no,0.5649147033691406,0,2
opp115_data_retention,embed_small_logreg,1,4,127,088f49e7378b28bce726054b67e2fabf46daf9e8d352e2a1228c22cf0fac683f,yes,yes,0.8526275753974915,1,1
opp115_data_retention,embed_small_logreg,1,4,128,93bf89a1de994e270413193fcbbcddc3491dcce4054e367a7c1d74c169ad4b14,no,no,0.7376504916652891,1,1
opp115_data_retention,embed_small_logreg,1,3,129,b6bad323bdb4a1398adcba0b0c816828e25650472c3a77d2d6b19f655dab819b,no,no,0.6426091002640396,0,2
opp115_data_retention,embed_small_logreg,1,1,130,d5ecccdb1813c7c945c958ccb2c108cfcb2a7bd8707476f5f1365e825a0ad246,yes,yes,0.8218895792961121,0,2
opp115_data_retention,embed_small_logreg,1,3,131,7df5b7ffb7936618b90ec589b9e3fbc2842e1ff8869ad45b308533577fd77d86,yes,yes,0.8360815048217773,1,1
opp115_data_retention,embed_small_logreg,1,3,132,7ebb25afa192ba9160052426ef3b16f9c49812cb556a72816da619716925449f,yes,yes,0.975629985332489,1,1
opp115_data_retention,embed_small_logreg,1,0,133,d267bda3f7daabde7131ec43fd663b7f38ebcd905b34ddcac52e23248e63f754,no,no,0.6768096887114551,0,2
opp115_data_retention,embed_small_logreg,1,1,134,8ebe484f8aa9fbd1ab3ffff75a73d134e929f509b531bf7d550cd2fbafb24fdf,yes,yes,0.9140536189079285,1,1
opp115_data_retention,embed_small_logreg,1,0,135,9d6da06849780c6cf3a06b96df57fcbef807a25b5373dd15334941d35b8f6a78,yes,yes,0.5122532844543457,0,2
opp115_data_retention,embed_small_logreg,1,0,136,9256ff8336f43973ac32483cf4a485168f7281caab039c91aa5ec45e7042acd1,yes,yes,0.8578642010688782,1,1
opp115_data_retention,embed_small_logreg,1,0,137,e08e585482b8d3906c0fcf66a5da160b9e819f25aac0e92c2086f5bd74b9f58c,yes,yes,0.9871984124183655,1,1
opp115_data_retention,embed_small_logreg,1,1,138,6fcf71b27d46f55ce193efc7f9afc04455f73116a9db84833f80e06f9ca50565,yes,yes,0.7721247673034668,0,2
opp115_data_retention,embed_small_logreg,1,3,139,c4b6d77aeaa5302389ac8f3608bfb27c4df1b76118cc8f54d2313c0a264133d5,yes,yes,0.8700387477874756,1,1
opp115_data_retention,embed_small_logreg,1,3,140,275a4d4239c413d2e99aedb43348f0606ad8850f1db7dc4e3118c3b47065f91a,no,no,0.6524331569671631,0,2
opp115_data_retention,embed_small_logreg,1,0,141,8a20b838887a4c084a09c1abf0e23b8c9ca43c382e2bbfe5e69c3dfe3fa607cc,no,yes,0.5153404474258423,0,2
opp115_data_retention,embed_small_logreg,1,2,142,d59761f593cdeec8646bc296f9d941e7e44cc354579e86fdca852baf273fc357,yes,yes,0.7023952603340149,0,2
opp115_data_retention,embed_small_logreg,1,0,143,e88625cea1e9848ab0c422dd31cb03bb37e230c04824f11aedb42e6256d88861,yes,yes,0.8384720683097839,1,1
opp115_data_retention,embed_small_logreg,1,4,144,472ac5ccf3636aa466c509158d54b8605d606563706d77f86728caf86b56828e,yes,no,0.6036842465400696,0,2
opp115_data_retention,embed_small_logreg,1,4,145,8b3ae3f08e20d45d17f031fd4b86caaca9a1df9e99e24770119d51d8f0ac3045,no,no,0.5008790493011475,0,2
opp115_data_retention,embed_small_logreg,1,3,146,a47590671f0c8a96c36f7d6c9a24adea2693fe733ebba1c9966755e8a4662599,yes,yes,0.7255111336708069,0,2
opp115_data_retention,embed_small_logreg,1,0,147,f499e421475ec682cadb46341e6d310462e81d20c890a16c9b4ad060534ed6d0,no,no,0.8954685001214892,1,1
opp115_data_retention,embed_small_logreg,1,3,148,f0cadbba69345266de6559680ae988e0fed4878bed5c0c92243e9d6d5d9f7bf6,no,no,0.7239458560943604,0,2
opp115_data_retention,embed_small_logreg,1,4,149,f321c837be3d158ef7ff42e4a5c07de189845d4d7b643c668200b64b5c207e56,no,no,0.6422616434771312,0,2
opp115_data_retention,embed_small_logreg,1,2,150,1676246f4b932466894e0b3d528e741e4f90b6762f68e0ababf10e220767ab49,yes,no,0.7278305509039924,0,2
opp115_data_retention,embed_small_logreg,1,4,151,619d8a38ba5513f1cec70851f3865bfadc53827c6747264023f10a362373d101,no,no,0.6628621816635132,1,1
opp115_data_retention,embed_small_logreg,1,1,152,1b974e8954f0d9b48a91a29c0214076ca646d79b431e0a4492d19f30afef870c,no,no,0.8084830762219888,0,2
opp115_data_retention,embed_small_logreg,1,0,153,1b5aa100191a7360936d3578d1b9c3564918a79175346bc1ff23b914d46d70e8,no,yes,0.6472193002700806,0,2
opp115_data_retention,embed_small_logreg,1,3,154,1fc468ce0666d80d3a1c8e28b4d8988e6f57eb4ba403b9f180c648047c14fcb7,no,no,0.924760215544997,1,1
opp115_data_retention,embed_small_logreg,1,3,155,2630c3c03b6464991051cceb40eb38f315ce523c5773801b2a3351439cc0170c,yes,yes,0.8316613435745239,1,1
opp115_data_retention,embed_small_logreg,1,1,156,a31f38cb747b69b44e923e5768a51ba824e616032b10029b3afa678eecd6732d,no,no,0.8652497787848049,0,2
opp115_data_retention,embed_small_logreg,1,4,157,ff1baeee0f8055c9e395e216bd36541aa63ad084b6059cee873347c1db25ddc0,yes,yes,0.7671408653259277,1,1
opp115_data_retention,embed_small_logreg,1,1,158,28546a833bc592ba4da981179283a48d9b8e32faed0b19dc3fbd8c7a7dd50f37,yes,yes,0.6974257826805115,0,2
opp115_data_retention,embed_small_logreg,1,2,159,d410d20de93ec6d821438156036e88e141275e0728cbd81aa73889aeaaaaa0a5,no,no,0.9230473958537758,1,1
opp115_data_retention,embed_small_logreg,1,3,160,76c5c816c44786f5d8278d5c4344bd435d73b1ebc675162fd420b7577c9b34cb,no,no,0.8938653469085693,1,1
opp115_data_retention,embed_small_logreg,1,2,161,799451ec0744a90f7eb75457279c0ce6f460b9e3ce9926e51d1dbaf241d6ca78,yes,no,0.6788245237223945,0,2
opp115_data_retention,embed_small_logreg,1,0,162,551af7abca70932f3a0ef1229da16859dacbb33fcc413d4cd74833abb950ad33,yes,yes,0.6549001336097717,0,2
opp115_data_retention,embed_small_logreg,1,3,163,a6c7b7ef0cfcf9699e3078342794813b33930d6d73ef7b82d649e0cd79b1f9a6,yes,yes,0.5294520854949951,0,2
opp115_data_retention,embed_small_logreg,1,2,164,5a9e7a696d6ef019dd40f5984dd0ba98efccf5593166eaa0c496b20fa2746a76,yes,yes,0.8843276500701904,1,1
opp115_data_retention,embed_small_logreg,1,1,165,fb5bb7c3433b9471663a47edd44e1cdd1c25ed74aa2c172c37dd997d1e6c1852,no,no,0.7087748050689697,0,2
opp115_data_retention,embed_small_logreg,1,3,166,78bb11f1743e056742c00c3df7250817a755dce1dd5835869a2fb8b84e3bc2a4,no,no,0.9607061362424374,1,1
opp115_data_retention,embed_small_logreg,1,1,167,1abf35a14e7951c638a92c72eb3e662003b16ef0ddd618560be900d5e64f25a6,no,no,0.6435832785492158,0,2
opp115_data_retention,embed_small_logreg,1,3,168,82f45f405a5e1d0c32c0aa4104f22d7551bc3a67281e641a11ac83effe659f98,no,no,0.8334354758262634,1,1
opp115_data_retention,embed_small_logreg,1,3,169,5e45c583666bd2b302d372c46c671eef771afaf9528578e9829b226172636768,yes,yes,0.8776481747627258,1,1
opp115_data_retention,embed_small_logreg,1,3,170,a9542e9239ad9fa5fe798e6e26246771ac82a8b7005dad2341ca2ee512a27e28,no,no,0.5662195682525635,0,2
opp115_data_retention,embed_small_logreg,1,4,171,771b749f5c9ba209d78db7f0ac0f63caa7967c12a2872244c725be1a6170e4bf,no,no,0.8748798631095845,1,1
opp115_data_retention,embed_small_logreg,1,2,172,6429e704b1b7bc0c3244e81a91fde9ed92188025964f1d2d310b93923729cfe4,no,no,0.8534927837030175,1,1
opp115_data_retention,embed_small_logreg,1,2,173,2199e3232e265ca67a9644ec81e95b1cb53aa0ad77d8e5f28f54888d985eb153,no,no,0.7509835250529122,1,1
opp115_data_retention,embed_small_logreg,1,3,174,168c1f8fe9461bd4e50ddb2ced4e38f5b32927ec525c32ef3ef9caf4aac4f36c,yes,yes,0.8904557824134827,1,1
opp115_data_retention,embed_small_logreg,1,1,175,7fbc3e8d046e40175885a2131dbd1d61a930c28a1180efc3a9547e585536f7f6,no,no,0.8687023520469666,0,2
opp115_data_retention,embed_small_logreg,1,0,176,501249f20fe324cd55375fb36b14e360a23882582f1ac569eeff4584126cfd87,yes,no,0.6213822364807129,0,2
opp115_data_retention,embed_small_logreg,1,4,177,12bcae560154d423083c35b272770f335f9553357e5869fb43154ccdf33846db,yes,yes,0.8801882863044739,1,1
opp115_data_retention,embed_small_logreg,1,1,178,d36e9685d44e56c9f78953fa6aaf57669c968b49cd0fe0a1745152927c8d4130,no,no,0.7246156714971164,0,2
opp115_data_retention,embed_small_logreg,1,4,179,65714301dfdbca9f00d701048d1fbf28fce86f25343fcdbcdbf0d9d1b38ccaed,yes,yes,0.805059552192688,1,1
opp115_data_retention,embed_small_logreg,1,3,180,56b4f2662bf4174e7b8c2938a99ec052b918ce8e1e887eb5cfa74512d3e8093f,yes,yes,0.7419474124908447,0,2
opp115_data_retention,embed_small_logreg,1,3,181,786c88cca6c8382022ca97c03b2d0527fed556aefda3e38cac2bab6ffe58dc7e,no,no,0.9382936814681637,1,1
opp115_data_retention,embed_small_logreg,1,1,182,4ecbddf240d7a5766bcfe8d2590717e74dac0e70abd05993cd0430fc1d16186d,no,no,0.6931954026222229,0,2
opp115_data_retention,embed_small_logreg,1,1,183,1bf325cb55644bf9f3fae7c85dbe467894de54012da4fa9b66d6a3a22673b41d,yes,no,0.5563791394233704,0,2
opp115_data_retention,embed_small_logreg,1,2,184,1ea805b1eea1cacd586e1eee0f3cfe197a35d7e32fb03708c3c497f723298775,no,no,0.9172822510386184,1,1
opp115_data_retention,embed_small_logreg,1,0,185,19a13f3eb97a89ca1ef1b119b1c9367a382e7060b09a82f69b1e4e35a3c13204,no,no,0.7477366328239441,0,2
opp115_data_retention,embed_small_logreg,1,4,186,425e3ff0ff4eca4cfa77f598fe216971b57633e8ef911f861dc04886f4c049e2,no,no,0.5874014917790445,0,2
opp115_data_retention,embed_small_logreg,1,0,187,243100889954d3e9c45757d0a63cf23a39a1b2cf49a14ee10f84c234f5996315,no,no,0.6793506741523743,0,2
opp115_data_retention,embed_small_logreg,1,0,188,a062207fb7a531517ea76930d66bb278f5f2ef789cb4451458d1cf34cce4ab36,no,yes,0.5726657509803772,0,2
opp115_data_retention,embed_small_logreg,1,4,189,f98e4b656bc0472164c8d54bfdea68ac9091e88ce8b774ed0038896f2cf18427,yes,yes,0.7336875796318054,1,1
opp115_data_retention,embed_small_logreg,1,1,190,ef7a61507dbd56bbdd5333070f23449cc1050797c8e0ea36826e0dc081f6e86c,no,no,0.8464466081128535,0,2
opp115_data_retention,embed_small_logreg,1,3,191,c64822a69e008ced686015ff70e24a6247ef6b472ebe88d75d02e646aabca2cd,yes,yes,0.9780949950218201,1,1
opp115_data_retention,embed_small_logreg,1,4,192,c1502e008f774444d032c5dc418fa6dd1bb36626176c5bdd47028e51f7d5470d,no,no,0.6992222666740417,1,1
opp115_data_retention,embed_small_logreg,1,0,193,494df37378cf8f74264182865f738cc77f8aaf4fdcc9814a86f99a17f131b2c9,yes,yes,0.825197696685791,1,1
opp115_data_retention,embed_small_logreg,1,4,194,e7bc4ee0cfffa4fec28bcc2e49a2f7152ccfd743b63cad48404579f5346c9a69,no,no,0.7498761638962079,1,1
opp115_data_retention,embed_small_logreg,1,4,195,9df22399a60ca5da1e856dcb80c9e8e91c896e4712694be92ec80dae5d669dc7,yes,yes,0.7591648697853088,1,1
opp115_data_retention,embed_small_logreg,1,3,196,484cce2ad834362e2ccb3d4894efcae1dfdf44224b918aece53c17203e3dbff2,yes,no,0.6349209547042847,0,2
opp115_data_retention,embed_small_logreg,1,2,197,e822d4f401a34b07af4ed5395f92f976cdc7b0ce397e1c2ffced1c937c81d2ec,yes,no,0.7111590888750825,0,2
opp115_data_retention,embed_small_logreg,1,4,198,57a74ccfcfe7608c6f4350d2552457ccbdd2eb9ba720641c524fd09bc5598fe2,yes,yes,0.7606031894683838,1,1
opp115_data_retention,embed_small_logreg,1,1,199,1fab31543ccbbb32cdadd46142e45a56f35e1d1e3450b5b59654008ee2c58452,no,yes,0.8070467710494995,0,2
opp115_data_retention,embed_small_logreg,1,3,200,2e8ae1b53bbd23b3cdf5e510ad01501a6c3c77c83c76edc9d6220387694b3146,yes,yes,0.7571062445640564,0,2
opp115_data_retention,embed_small_logreg,1,3,201,3004082ff910b7c447da1693b12bc592c912baba20a3f7fa3d8856806981f07d,yes,no,0.6263284496567115,0,2
opp115_data_retention,embed_small_logreg,1,3,202,b3cb815b0e314945f81b1e51e706918ed3fa4180164a7815cb8d50075cf7dd77,no,yes,0.6460756659507751,0,2
opp115_data_retention,embed_small_logreg,1,2,203,afe6b4fcda20339effa6c437b8dddb0737ca5774f21b675e10cee4edcb0b2ba6,no,no,0.546970009803772,0,2
opp115_data_retention,embed_small_logreg,1,1,204,425e6f8fb17f0976e13e4561a405d2be1bf2feaa4d817ac2d139387146f3bd31,no,no,0.9384225537000406,1,1
opp115_data_retention,embed_small_logreg,1,1,205,9e4ba9ac193a5b11eed78ae6cf09f456a4bf6cbeb6b7ecc8edbdc4eb64b40ee6,yes,yes,0.9522094130516052,1,1
opp115_data_retention,embed_small_logreg,1,2,206,01aedd6fb8f591d73f87602fc32e2eb3f589628586199ae0a08ea28cc0095f28,yes,yes,0.7602363228797913,1,1
opp115_data_retention,embed_small_logreg,1,3,207,cfa624403984bc99aecc9847407eddcedb97c357900a09f4b366afb61186bb7e,yes,no,0.5049517750740051,0,2
opp115_data_retention,embed_small_logreg,1,0,208,deb1609f9680931ac921c3f39ec34329f8267411177d3d90aa9ef55f56a7b498,no,no,0.7926541803078109,1,1
opp115_data_retention,embed_small_logreg,1,0,209,268317cace58fd35238bcdc0b1215a3d8e099f45eeff329dd80dde5b2353fc8d,yes,yes,0.7562991976737976,1,1
opp115_data_retention,embed_small_logreg,1,1,210,fcf9351be7dab9559af1a3b9c986fe2cf37456ba80908e462dac832ba398700c,no,no,0.7710685133934021,0,2
opp115_data_retention,embed_small_logreg,1,4,211,f678cfdd7e9c0f3928c9f066039490ad2fa404de918d07e36115bdf6c4949d41,no,yes,0.6485999822616577,0,2
opp115_data_retention,embed_small_logreg,1,0,212,32a41e20f9d847ef04f07df2b8622a480d1dece63261191cda3bb3996acd72d3,yes,yes,0.5486443042755127,0,2
opp115_data_retention,embed_small_logreg,1,4,213,8ec9dc8ff6db732637848bb964f217566251e05b5c258dbbbd97c7eca79c0825,no,no,0.6632038354873657,1,1
opp115_data_retention,embed_small_logreg,1,3,214,c6627196674562989315bccb36804bae1115c2df68464968e8556abba6ca6fa1,no,no,0.9033620818948436,1,1
opp115_data_retention,embed_small_logreg,1,0,215,8f6572c828f9d34a2984a9e493510acace0a0962806968f2338456db9b64f909,yes,yes,0.6040782928466797,0,2
opp115_data_retention,embed_small_logreg,1,2,216,79705eaf61441ff37f6d5f11fa8666e9ff5564b4ee175daebaf8f1c6dabb226b,no,no,0.9038991466745607,1,1
opp115_data_retention,embed_small_logreg,1,2,217,579c64913914b83e0bfb518994954c4f9689ff6263b5fdda7696a61482e31b27,no,no,0.5190878069128932,0,2
opp115_data_retention,embed_small_logreg,1,3,218,52c3657ff1bfb928a7a3fa625c19d563556e3925b75890eb6b0b602df7ac91f3,yes,yes,0.6100195050239563,0,2
opp115_data_retention,embed_small_logreg,1,2,219,32fe73db251df3aa92db6a1a1c681bcd91e061358c14841e50814e1b413f3f19,no,yes,0.5187856554985046,0,2
opp115_data_retention,embed_small_logreg,1,4,220,b1ccd2bb7370a2a763dad092f888f4e2a97f2f2935ba8fc5305bad5a7da03e91,no,no,0.6884227395057678,1,1
opp115_data_retention,embed_small_logreg,1,4,221,286dd9f430087d20ac2b2d1e5b2ffb027e6a3c17c8c712179d567e3f74262574,yes,yes,0.7732343077659607,1,1
opp115_data_retention,embed_small_logreg,1,3,222,7ae91b4e09b70faf3863bcdf2881b4370a1bdee1421be7b09a07b40ea31bbddd,yes,yes,0.8403313159942627,1,1
opp115_data_retention,embed_small_logreg,1,2,223,46ab7b708623a654c3f4754e7de54d0f7f5262c25a56a9089ec4b0a06321e5ce,yes,yes,0.6147183775901794,0,2
opp115_data_retention,embed_small_logreg,1,2,224,9ccbd99d243f6fccfdb5ade9893285b113a60399c981dd39f15468a92272b280,yes,yes,0.8971723318099976,1,1
opp115_data_retention,embed_small_logreg,1,0,225,dc2bcbcc57f6752c67ab7f8f29e23d38c5ab5f2b5853eceb626946f7fef43e63,yes,yes,0.5381829142570496,0,2
opp115_data_retention,embed_small_logreg,1,4,226,ebd6ff5a40784887fd22e2a782aa8e6c5172416cd89da968f0a8ca8a1c587032,yes,yes,0.5201488733291626,0,2
opp115_data_retention,embed_small_logreg,1,2,227,d19696c556b2338e90c8b6ffeca489622dce2a164aafca75bb4404c204b35f14,no,no,0.7587629782784873,1,1
opp115_data_retention,embed_small_logreg,1,0,228,231bd657c2964de6c6ea8a1d9437fd6afd87001f261f26031a982be996c8cdb2,no,no,0.9266262512411736,1,1
opp115_data_retention,embed_small_logreg,1,3,229,07695545e4b0ac85eb721da8201b6633989f41219d0813c611a3b4b94e43300b,no,no,0.8082475662231445,1,1
opp115_data_retention,embed_small_logreg,1,0,230,07c588e0587dec8248cc485ba9c6576750efed45b3a5b316f1070256eab6fad1,no,no,0.6421632958103208,0,2
opp115_data_retention,embed_small_logreg,1,2,231,7ff692472ae904d4710c1f7bd076cb8c695d0f94fb75da5726e98b4fc6f4745e,yes,no,0.5207720839747165,0,2
opp115_data_retention,embed_small_logreg,1,2,232,6976f37f3945036a2d6a03e8d1fda2d187b08666dcde5d5fb041ceeb3fad051d,no,no,0.881580405819562,1,1
opp115_data_retention,embed_small_logreg,1,3,233,24329a0a8cf39a8b9c64fb2e1a20cb53a03b54d4ec040ae95fdef41c0fe61c48,no,no,0.7367555875553016,0,2
opp115_data_retention,embed_small_logreg,1,1,234,f84077447e66f9200b7a8102f0008b329629b65cd75e9c18d9a70e14f0e12b6d,yes,yes,0.9547829031944275,1,1
opp115_data_retention,embed_small_logreg,1,1,235,1e59f4141dad643b5759ddec3cf94ac691b5377cc52812cd4a13c121cc31d379,yes,no,0.5456782416797208,0,2
opp115_data_retention,embed_small_logreg,1,2,236,e278f2edce8b4e0802417192f137cf31f4d4f91e3b80757695952d1b52e2340a,yes,no,0.8115876913070679,1,1
opp115_data_retention,embed_small_logreg,1,3,237,01828d6aebf17dbb1ad67764d82b586f69e1acccc913ebb33a8dd70e22e17a55,no,no,0.7716606374332404,0,2
opp115_data_retention,embed_small_logreg,1,0,238,a655398af474837f8aea04a211d471f032e92a6dd95cde5aa013b3742aa07e2d,yes,yes,0.9705397486686707,1,1
opp115_data_retention,embed_small_logreg,1,2,239,804847995735f8dfa9797e268facbb80a5b434604065fdf81cb85fa16a925e3f,yes,no,0.6089932737054445,0,2
opp115_data_retention,embed_small_logreg,1,3,240,50b52ff785cc7ba25950a1e06086d5e1acf219d84091ca95765ec22900044578,yes,yes,0.772204577922821,0,2
opp115_data_retention,embed_small_logreg,1,2,241,3f34b14ee060ce604c8fa33a42f0adbc49a3eef1ae996f5a64eba6b33e55d486,no,no,0.7892796758031941,1,1
opp115_data_retention,embed_small_logreg,1,1,242,ac38c4e75d9ead7df72ab064029c60831b86c70cc9cc2ef142ccc77103916c5a,no,yes,0.6646996736526489,0,2
opp115_data_retention,embed_small_logreg,1,4,243,ad34a91ff28db78f3828eee27f65dfc77194d18529b5c5a72f714c550a1bfee8,yes,no,0.548088550567627,0,2
opp115_data_retention,embed_small_logreg,1,2,244,7f58b2111392f889922217ef5d4a11f5cede6eb86408b0140fbb832204f39c63,yes,no,0.602103054523468,0,2
opp115_data_retention,embed_small_logreg,1,2,245,0f685ea5f05b7bd2894de89b143ea229c2ffa042482785574cb759d9a54bc06f,yes,yes,0.9339878559112549,1,1
opp115_data_retention,embed_small_logreg,1,1,246,ae9063afaaf895e06d6bc6fd779839bc111acb3ed9913ab2199c848f1581980d,yes,yes,0.5561776757240295,0,2
opp115_data_retention,embed_small_logreg,1,3,247,50a0e0ba2aca555b3c28b225f87b1942031bdabcf9d04f89dda1b39b96bd9b42,no,no,0.8673936853914512,1,1
opp115_data_retention,embed_small_logreg,1,1,248,e70de619913753bc42a24b74c19fa0f6d78b4f2065dd29cbdd1d094d8a1c4958,yes,yes,0.6323227882385254,0,2
opp115_data_retention,embed_small_logreg,1,1,249,38525a384cff0762f804e1a21a7b89ac657c8eab1c3a09f8da7f97a684ed8cbb,no,no,0.9679041089099666,1,1
opp115_data_retention,embed_small_logreg,1,2,250,a608d369acb8b39938b51bc67b06b14e46f4e7b30af9060ec12d40ec76a02693,no,yes,0.7270891070365906,0,2
opp115_data_retention,embed_small_logreg,1,0,251,b6849c5e7505d5ea81a96d7302dc64625027f1333fdd1ad5acdc5674a1356024,yes,yes,0.7778035402297974,1,1
opp115_data_retention,embed_small_logreg,1,2,252,2f62c54cbda8addbe6232f8471c0c55c65ddf75bd4f4201f20095a468a6d4a3f,yes,no,0.5354008834183479,0,2
opp115_data_retention,embed_small_logreg,1,0,253,a7f9911c6c83b3445ee6ccbf2a64537355af6eda468b91834e1f28a39870328a,no,no,0.7069509240076222,0,2
opp115_data_retention,embed_small_logreg,1,1,254,331b1f34bbf6a523faaf139562c3206a26f73f76a0af24ccb8b7d410c5809648,yes,yes,0.7754022479057312,0,2
opp115_data_retention,embed_small_logreg,1,4,255,1e9d5bebd73b6b03196102c13d6398e9684f640319406b8cfd2182f5efec90e8,no,no,0.7543347590317542,1,1
opp115_data_retention,embed_small_logreg,1,2,256,c385be8e4dc911b9d1100018a19156fd997244226e0ad228c94cdf495b72c9c9,no,no,0.741831801588291,0,2
opp115_data_retention,embed_small_logreg,1,1,257,f316ea31b0b9f52d7e58dea2321f7f1367c3b9713783bc8e8a54df26122cb53c,yes,yes,0.9259613752365112,1,1
opp115_data_retention,embed_small_logreg,1,4,258,f869eb75e9a1654c2216095771718fd988f6460ba8e79d76d0dda31b878d4a0f,yes,yes,0.5103623270988464,0,2
opp115_data_retention,embed_small_logreg,1,3,259,9a18bf5bedcef58fb061941815a1dc4f26be41d24545b1dedc4a4cd9c3882dba,no,no,0.822461724281311,1,1
opp115_data_retention,embed_small_logreg,1,1,260,7787497942b66196747d386679fb92dd42ec1ca9c3e6b38147ab015d42b529f9,yes,no,0.5953891277313232,0,2
opp115_data_retention,embed_small_logreg,1,3,261,00ac89c540730a3531332c3398cff49e8db87a948ea4434b63039bcb165b2c66,no,no,0.6761537194252014,0,2
opp115_data_retention,embed_small_logreg,1,1,262,b3eaec0a573a24dbb3b21c0d97605c822ad645c92272d7e319ba9f7a8dd0a73d,yes,no,0.5757553749011569,0,2
opp115_data_retention,embed_small_logreg,1,0,263,83055255358a99afb2a4d5dfa1be49e9d6fd08fb4cf38447b4bedcb96fbaca8d,no,no,0.9591170931059771,1,1
opp115_data_retention,embed_small_logreg,1,4,264,6c7d9bce9289e4f305f3bc9a7102fc099f5e7104e35642b6ab9464a465815dde,no,no,0.8098212955918715,1,1
opp115_data_retention,embed_small_logreg,1,3,265,f0790f05da1a430476726fb1d935f7e771506db7ce34ebd7f8865c7b3ce9deaf,no,no,0.5506751373209018,0,2
opp115_data_retention,embed_small_logreg,1,1,266,6b6d1b46091d740d9c3bf0588df61c7c5df56a0200635bc1d29ea0280f4fb3c9,yes,yes,0.5336979627609253,0,2
opp115_data_retention,embed_small_logreg,1,1,267,5c6dba33e1a2705163733543bfde75d0e215a2360c17dbc9cf06ae0c153b6014,yes,yes,0.9567168354988098,1,1
opp115_data_retention,embed_small_logreg,1,3,268,097d257865b8010cfae87562ae3acd3cfdd11d628daf6eb19ef0fb02f8aa5cfd,no,no,0.8780041271596839,1,1
opp115_data_retention,embed_small_logreg,1,1,269,a7d0e7229ee813df0da48f22c8b9f7164d3d78eb630fe2d9c12c0b817523b0bd,yes,yes,0.7756762504577637,0,2
opp115_data_retention,embed_small_logreg,1,2,270,0585dd317c2fd60618e5b686ab9f9d98a1498248e25825af326df46675c317bb,no,no,0.9039420350798661,1,1
opp115_data_retention,embed_small_logreg,1,3,271,944fc9978a2a6b5e1ca37acc5b4274abb44dd61ceeb497332d87e0966bd5b850,no,yes,0.8091801404953003,1,1
opp115_data_retention,embed_small_logreg,1,2,272,6882433d496d02569b5744fb8aa186a9982b24c294237298ad5e876598182f8e,yes,yes,0.5308207869529724,0,2
opp115_data_retention,embed_small_logreg,1,1,273,77d837bdb3945e037c6bc1e1ceffccf5972537d088e53139f85cd61a40ba32bb,no,yes,0.953964114189148,1,1
opp115_data_retention,embed_small_logreg,1,3,274,ac03c789e91d566843ad44eee24526ca26c89d6e49ae164d8987eecfbffec7e0,no,no,0.9852359560987378,1,1
opp115_data_retention,embed_small_logreg,1,3,275,631509edaa82bfb9fe669ef2c49aab37a6a8b5ded6d502ee11e0982aa874f854,yes,yes,0.9077408909797668,1,1
opp115_data_retention,embed_small_logreg,1,0,276,a943897a4f2d7fe76699b0f268dd2dfd57ada734ac5a21bae2739666abe7d190,no,no,0.7922049878866224,1,1
opp115_data_retention,embed_small_logreg,1,0,277,e397b9fb3a1c4f92db03685edaf800fbcd4fc51e0b0121c1f0eebb6a868e6afe,no,no,0.8816596865653992,1,1
opp115_data_retention,embed_small_logreg,1,3,278,8c3bafbb5ff5851b2762dd74740a9378d5b1a8ee8e05b0195f923bdc8ecd18c8,no,no,0.7898435114300775,1,1
opp115_data_retention,embed_small_logreg,1,1,279,dff95303893a2a3012f5c89bd306f5e5ecdf1f4aeded9761df3aa3a04cc3e317,yes,no,0.6160410826218451,0,2
opp115_data_retention,embed_small_logreg,1,0,280,7e39a80962a7f4e89e48e00fa790fd0fe9a679346f05446bc5648239a5551aa0,no,no,0.5960890054702759,0,2
opp115_data_retention,embed_small_logreg,1,2,281,37026006daaf329041e125901210e0ed07673977b50ab75247530d80efcab30b,yes,no,0.7388737421892209,0,2
opp115_data_retention,embed_small_logreg,1,2,282,5a91dd4bf9e4d39f9bb845b50ecec4b500fa2c0314aab3146eb267953b009191,yes,yes,0.7731333374977112,1,1
opp115_data_retention,embed_small_logreg,1,4,283,eee0077d4ac9d0305983ae7802727bf2185a52bc5a0ed3f9248da5977fb9122a,no,no,0.7546764387286771,1,1
opp115_data_retention,embed_small_logreg,1,2,284,e4a77beb5442f26027cc4c8e99456c5e2f3a51e71efb7986820a6eaa41688a2d,yes,yes,0.6380372643470764,0,2
opp115_data_retention,embed_small_logreg,1,4,285,5fb1ee934e23642de0a5dbffa00ae79d14f0668f5bfd41272c0f7608f3e65093,yes,yes,0.5498680472373962,0,2
opp115_data_retention,embed_small_logreg,1,0,286,0099b44663fb6e62c7e0e721a23c1a9d02a508dabfb9b2578697a893040f6288,no,no,0.5426399111747742,0,2
opp115_data_retention,embed_small_logreg,1,1,287,20fff12dbb9c94a47ff332d13ed9d2e47a8a20112eed351497b59496f4c96ebd,yes,yes,0.9100571274757385,1,1
opp115_data_retention,embed_small_logreg,1,4,288,a4050cf1e40640de6f219bf7c86291057a6cbee66710f4cd042edb07054c5be6,yes,yes,0.5870577692985535,0,2
opp115_data_retention,embed_small_logreg,1,3,289,320dcdb13784b37639fdafd0af9f079b25a6aa37dde118d245f2bc0104d6b690,no,no,0.8183175203454864,1,1
opp115_data_retention,embed_small_logreg,1,2,290,f5be7fd433b991df2123b66c275591e49ff85cb116360f92ee76067c29dbd12c,yes,yes,0.9746277332305908,1,1
opp115_data_retention,embed_small_logreg,1,0,291,e69d683bf0662b37561b1eb6e1eadbe3dbf2c0fc148cccd4119fa231a1917b46,no,no,0.9046554036785319,1,1
opp115_data_retention,embed_small_logreg,1,4,292,e71d0801d3af067794624eb24a6a7950f40c6f4d4085ac685a9a21cce1a77b6e,no,no,0.7723730206489563,1,1
opp115_data_retention,embed_small_logreg,1,1,293,1acb0285d3cfc413a7c38dc1ccf0f2c5a261adee395934e6349f4ff2c667ffc0,no,no,0.9827138598502826,1,1
opp115_data_retention,embed_small_logreg,1,4,294,444c17be4227f834a15ee572c9dafe389dcf10a58c327e9fd52cdeb52180525b,no,no,0.6949337124824524,1,1
opp115_data_retention,embed_small_logreg,1,0,295,5471e9917d6773e7cca7dfe6c1af9f17cab56f9e46c9fe79a2cb9f3b5aa78979,no,yes,0.5204979181289673,0,2
opp115_data_retention,embed_small_logreg,1,2,296,5989c62c021f0138063006ce222bbf64c49993ca3cc330a85b7de6251fd55d4a,no,no,0.854371930789111,1,1
opp115_data_retention,embed_small_logreg,1,0,297,14bf42e067c5794d14a9be06281a809438d1eb4db47d247e3d427c04e7c7b7d8,no,yes,0.6203576326370239,0,2
opp115_data_retention,embed_small_logreg,1,4,298,b15dc5db6c11da7e9e28ac8b682ecf14ea64add66b77475cc6a51d7ad4b6251f,no,yes,0.5497890114784241,0,2
opp115_data_retention,embed_small_logreg,1,4,299,11ee9a0aa806f739c5dd8e99fdbcfd8cfb6d3432051f7807ebbce9705af60d4f,no,no,0.555976927280426,0,2
opp115_data_retention,embed_small_logreg,1,4,300,78ea85a7c27cb91431dc8fe4ef5ca476168da0bfb1c2555b615c16afe4307bd1,yes,yes,0.7956588268280029,1,1
opp115_data_retention,embed_small_logreg,1,0,301,b69f6562a892fcf7ce6acd9e1ed4adf2cd4690cd068b2c75954e8b8cfe2b5d31,yes,yes,0.8906323909759521,1,1
opp115_data_retention,embed_small_logreg,1,1,302,07e78088b1f4bf413cb549c9e9b38ba43b6f611aa69c382daa758e1f0961be13,no,yes,0.6018962860107422,0,2
opp115_data_retention,embed_small_logreg,1,4,303,77402fd1b3ae2f41ccc476fa26f6f353a8f2c28874c13d0d780f12c0ab3dbda7,yes,yes,0.8216773271560669,1,1
opp115_data_retention,embed_small_logreg,2,2,0,e783d6e5426c4d132ca1198992b63a2b77013808d63e267b499744a4c5d1b11b,yes,yes,0.6670341491699219,0,2
opp115_data_retention,embed_small_logreg,2,4,1,ca069ace0fea7074fac7e44b33121935734dd94f589cc9069a738b5884a0f116,no,no,0.5928768934942218,0,2
opp115_data_retention,embed_small_logreg,2,0,2,94284e1d7b10fa6117e24745885f4a5c871d995ca98a16179c63cacb7e9c8618,no,yes,0.569257915019989,0,2
opp115_data_retention,embed_small_logreg,2,4,3,ee7f763b4da0bbf780148ff43363b2a907297b4f98c76d7c1e1d2869878a70f8,yes,yes,0.6488943696022034,0,2
opp115_data_retention,embed_small_logreg,2,1,4,be54e70c44eb94e44c82413eb316abd303bc0920653e459cc81b65dc610c2c47,yes,no,0.7145918820676769,1,1
opp115_data_retention,embed_small_logreg,2,2,5,bae4eb887d877f453aee88d3761b630e4bc7ff917be76cb60950cca3ae6c909d,yes,yes,0.7484845519065857,0,2
opp115_data_retention,embed_small_logreg,2,0,6,ffcbe512035ce904259b64a9212131a8ddb5ef6916eb7f217c64a5658bd672fd,yes,yes,0.7433075904846191,0,2
opp115_data_retention,embed_small_logreg,2,4,7,9e061b3940805235e0301ddc59cdad769cb39c4672fdac340725b065cca9eb76,no,no,0.7280729792096323,0,2
opp115_data_retention,embed_small_logreg,2,1,8,11dbaf4848acf49d21fffc81b9b0ac39e736808cb102bd24ec485e1c9793ead1,no,no,0.7368658781051636,1,1
opp115_data_retention,embed_small_logreg,2,3,9,b35466aaf2aa88600ce3febc4691f6c33a5a185d118a53da03fd134b474427c7,yes,yes,0.5198245644569397,0,2
opp115_data_retention,embed_small_logreg,2,0,10,8c3c2305b0edd2dfbd80ae024d68bf853a2ba001d7e139e796ceed9ab18138b0,yes,no,0.5349670648574829,0,2
opp115_data_retention,embed_small_logreg,2,1,11,b7123b7c303c69d4e87a4030ed741d9f0ca824b638aab5f65596e20ab0d8c4dd,yes,no,0.5903230309486389,0,2
opp115_data_retention,embed_small_logreg,2,2,12,3a03588f9a14326961809e8f32642ea962dc8708b9b78b365afdda60e89ef739,yes,yes,0.5702031850814819,0,2
opp115_data_retention,embed_small_logreg,2,2,13,31bf37f8261b9238c62d1bc86ac8e76cca50a7903aa58122cc6fda4e44cded97,yes,no,0.6939694881439209,0,2
opp115_data_retention,embed_small_logreg,2,3,14,83aee36651f00dedd70cbd9dcad609997907b62cd9bf83a6c3ff2ec5e8d4da27,yes,yes,0.7898128628730774,1,1
opp115_data_retention,embed_small_logreg,2,0,15,0ec789dd289a49bedd0b0b3266a7cffd2be138f7eab28a474b082a4e010735a2,yes,yes,0.817197322845459,1,1
opp115_data_retention,embed_small_logreg,2,2,16,393eae997b97caa2cf9a1da91b63d15664dcaddb694220702d9a143ce913b7a8,no,no,0.6170871441688283,0,2
opp115_data_retention,embed_small_logreg,2,3,17,54c18021f0b5bdd5418fb5f0ae5fa39e1a0754b3d7cf800324e8103487e5cf23,no,yes,0.5395793318748474,0,2
opp115_data_retention,embed_small_logreg,2,1,18,03f51ff145336e8b0b3740f93f96fe8af81eb409dffb118976a1aacf863ec171,no,yes,0.5254855155944824,0,2
opp115_data_retention,embed_small_logreg,2,4,19,c89c69b4178c8e62694dbbec4c5ed66aeb0fe5c55e301599ef066e3c3b4385f9,no,yes,0.5027458667755127,0,2
opp115_data_retention,embed_small_logreg,2,1,20,8c3716bcecd879ddf0f8827a6cbc7a3abc6d6a93b2089dd3ff73b38ddf0001e1,yes,yes,0.5478131771087646,0,2
opp115_data_retention,embed_small_logreg,2,4,21,f15bd4dacb8cb1b84e653d23e7fe124f64a891cc8707ea67a161980021a3b418,no,no,0.9256425706813314,1,1
opp115_data_retention,embed_small_logreg,2,4,22,8f4f45d8a36971e3c0f25e096cde795561185b99b9e955438faba7a4d9fef7ca,yes,no,0.560725748538971,0,2
opp115_data_retention,embed_small_logreg,2,4,23,21eac8a720e29bc551d3c8df3375045370305435e24faa05b1d987ac9375d91e,yes,no,0.5653729438781738,0,2
opp115_data_retention,embed_small_logreg,2,2,24,0dd0744922c1b1301ec97c32fe0ad034feab74cddd8fbda70c8f9ef34b1984cd,yes,yes,0.5571455359458923,0,2
opp115_data_retention,embed_small_logreg,2,0,25,3fca71487f4cb96371c3aa5abdec8e2b540353f8e48d378f45873ae178857cc7,yes,yes,0.6462773084640503,0,2
opp115_data_retention,embed_small_logreg,2,4,26,dfe28276bb0dea301638082a29d464d5b991277d523df29efae965421e87545a,yes,yes,0.914821445941925,1,1
opp115_data_retention,embed_small_logreg,2,2,27,8659994e0d17820ba141784fed4d0c18349ac65ec3723701527ef343db9ba2c1,yes,yes,0.6457282304763794,0,2
opp115_data_retention,embed_small_logreg,2,2,28,ac53d5dac4ea34e954ef4a4c00be85ca1da5b5fc8eb4c64c48283a7577095425,no,no,0.707303524017334,0,2
opp115_data_retention,embed_small_logreg,2,2,29,357a57196be8d969cfaf00bc58e3c97de8f72e1069c26ab0f58307d2cb1f9d5e,yes,yes,0.7823503613471985,0,2
opp115_data_retention,embed_small_logreg,2,1,30,7049bf1374796642411a05defe57eb86765db47de62248e00e4d77bcac1aee04,yes,yes,0.6342103481292725,1,1
opp115_data_retention,embed_small_logreg,2,4,31,222418114ae837c0bd206440228b438f96014c6de64bdf072ca3006ccff9edef,yes,yes,0.9305558204650879,1,1
opp115_data_retention,embed_small_logreg,2,4,32,f757ac860de8bac9799d7d27ab9656bc254e26812f083c16a02936aa88791bbc,no,no,0.6900638341903687,0,2
opp115_data_retention,embed_small_logreg,2,1,33,abc7c023b269931d630379941d539c55e5fa3c28b820a815a5c982c2631c347a,no,no,0.910662313789032,1,1
opp115_data_retention,embed_small_logreg,2,0,34,7b32204f54e8ce396150ac1e8e02190e1403dc0cabd8a34f0561d5d7e93d436b,yes,yes,0.7606695890426636,0,2
opp115_data_retention,embed_small_logreg,2,3,35,fb2d529b248aa927f32f4656bd77156f68757ecc4f2c5fb3629b8a526b66b9b5,no,no,0.5935564041137695,0,2
opp115_data_retention,embed_small_logreg,2,0,36,7d2ec8df6e3c214c2a93de17d8a3bf0d6d26027cd9d0044c301dc63237fa3945,no,no,0.7040351839076038,0,2
opp115_data_retention,embed_small_logreg,2,0,37,9ea4ee0eb3d9d04cc9a8af0091829dfe1ab1eadb8752a5a3717462508654ec04,yes,yes,0.9219709634780884,1,1
opp115_data_retention,embed_small_logreg,2,2,38,d77daaa5f063858c2906c7034002c097b5b47e32324c222526a7f3d8f02c5e83,no,no,0.7680111045839058,0,2
opp115_data_retention,embed_small_logreg,2,0,39,ec4a7bd8ad197241c5da09accfc4e31ec5b38e08bef387e0f4331c37a83ba409,no,no,0.7796071651636487,1,1
opp115_data_retention,embed_small_logreg,2,1,40,169f0b5e0d2932c82322740d6cd06b3021df2a4275d101bbed5152a0caec46f5,no,no,0.6232092566254513,1,1
opp115_data_retention,embed_small_logreg,2,2,41,3612cd825f0a2590279962431747097d0fbd3401192a8a62417ab05d87ff7cdc,no,no,0.6111281514167786,0,2
opp115_data_retention,embed_small_logreg,2,4,42,1c8146f855bf4280a45bbd60a4dd1aaf1d2462f0046648c27e23dc401581ad05,no,no,0.7941927909851074,1,1
opp115_data_retention,embed_small_logreg,2,3,43,60b00c02942a44883178b9d27e7722712a65e657f9aa8d7c70f8ed058831df55,no,no,0.5031854956392796,0,2
opp115_data_retention,embed_small_logreg,2,1,44,1b43600d724d025fee73e8dd3c3f6f6f83b2f2254ac3d807d4267fe457da1367,no,no,0.7941956997782633,1,1
opp115_data_retention,embed_small_logreg,2,1,45,1b425bddb73825802ebd5efb1770c952a4e9a9ade9939504b3214de4adbb127e,no,no,0.8303897504566573,1,1
opp115_data_retention,embed_small_logreg,2,4,46,14adf82ee0e3d6b6dfdd51d4d9647c2e6deb7e4569137c2c64156837745e8760,no,no,0.6455474495887756,0,2
opp115_data_retention,embed_small_logreg,2,2,47,943b0ad7763955e029b57dcfe7332b1e2eaf864f2607e3e69ac29c6ce7a999b7,no,no,0.6813384294509888,0,2
opp115_data_retention,embed_small_logreg,2,1,48,8f8364b2d3da12fe4295b94efb41660701eff5ff3ccd0f8330dbfff526bc2897,no,no,0.5499490335598876,0,2
opp115_data_retention,embed_small_logreg,2,4,49,6890c79c65173038a805d631a4323d13802b1a084e9e43845b520355afab971c,yes,no,0.8898290792890844,1,1
opp115_data_retention,embed_small_logreg,2,2,50,30f86ee9ab5fc9b4faf8f83a1adc03eb5e79e7209a5d1555158c62b5d07db921,no,no,0.6343712210655212,0,2
opp115_data_retention,embed_small_logreg,2,3,51,f90c0ab836f55a0533b7c63c67a680a19e6febf6f64c800cb0e2330b3842b9e9,no,yes,0.5548845529556274,0,2
opp115_data_retention,embed_small_logreg,2,1,52,f11f4e51a1a75b9616635de4a16c46b939966efe3ff9f57c2a10946ae6db0a24,yes,yes,0.693702757358551,1,1
opp115_data_retention,embed_small_logreg,2,3,53,551d327f8c9be82c0678a13e918c66a1e4261f956d2c31921b9793392dc0fb96,no,no,0.592675549010171,0,2
opp115_data_retention,embed_small_logreg,2,3,54,7639ec8effacba52f92d78e35873af81a3c909d1bcb7991c3dee8eb8cd155eb0,no,no,0.5084803700447083,0,2
opp115_data_retention,embed_small_logreg,2,1,55,3673e6ea57ecd4f466018707e593a4bdb9b7aef1644bff252a6f08d923f63e94,no,no,0.6685813665390015,1,1
opp115_data_retention,embed_small_logreg,2,0,56,6926dd609cf92d236cc7e7fa5da23576df2d87bc04d7e5abddc73b579061544b,yes,yes,0.8468907475471497,1,1
opp115_data_retention,embed_small_logreg,2,1,57,87174a10546e056f1c501b38df6beb64eb9d06a2e2a4b5ff08d40e522ecc8ca6,no,no,0.6555742621421814,1,1
opp115_data_retention,embed_small_logreg,2,2,58,3ba755901c58d9df7c1ba20b53e5b32b53ab34a6e9c50dbaa693d1f7b0488595,no,no,0.8532457097397533,1,1
opp115_data_retention,embed_small_logreg,2,3,59,057e0cd21f3f2d6f8ac7cc0f61244c4a688038e64aa3927b4911c6e6da385581,no,no,0.5804721290013829,0,2
opp115_data_retention,embed_small_logreg,2,4,60,f37843199faf0f23449b8c3794d5f872aa99c2b209afd10d0a95e32d3b24e389,yes,yes,0.7575474977493286,0,2
opp115_data_retention,embed_small_logreg,2,0,61,6ee61c9e44191e66fe010bd3648455dc5265a72fb87b3d7c5a8a93946094afbd,yes,yes,0.7163773775100708,0,2
opp115_data_retention,embed_small_logreg,2,1,62,ca1bb8ae943ee9c0661e965007a76f4432974abc8477582c8c6ccde3c5753505,yes,no,0.5216797590255737,0,2
opp115_data_retention,embed_small_logreg,2,2,63,acb73fd801c1e421dd498e8b4bf3b9b54243d6505f12ba6260ac82bc8f768f2d,yes,yes,0.6606177687644958,0,2
opp115_data_retention,embed_small_logreg,2,2,64,89b1f9976201dc2173e0bbdc34631faae2a8c790ba6da107d46e02ca87a08617,no,no,0.662061333656311,0,2
opp115_data_retention,embed_small_logreg,2,0,65,2d7f91113988eaa8a6fc7bf434caf085a3ff857c610fdd7a70ad274b22cd61fe,yes,yes,0.536693811416626,0,2
opp115_data_retention,embed_small_logreg,2,2,66,830329efa7f832e44e99f30030f4a9c15846e8b46fc521879633a9968097829d,yes,yes,0.7685233354568481,0,2
opp115_data_retention,embed_small_logreg,2,2,67,7ce9c26fb6b50a60fd9b2a6ef38fcde34bc68b2d1444bbe9f8ed3fea77f0b59e,no,no,0.7378620881479356,0,2
opp115_data_retention,embed_small_logreg,2,4,68,52f1898017e8ea0e0f71a60eee63f1dc2e5ef17b2456e445f969c030bb48f940,yes,yes,0.5346028208732605,0,2
opp115_data_retention,embed_small_logreg,2,3,69,c67a4e4eaddb86e263afd6a612649b9485c97dae99f189639f96656b9087a012,no,no,0.5072625279426575,0,2
opp115_data_retention,embed_small_logreg,2,3,70,4a68c4a3020aafbdb9c4c6c7c31d71b98e713e853b9cff1de6b14c1c38bc9f24,no,no,0.635060172228212,1,1
opp115_data_retention,embed_small_logreg,2,2,71,eedaad9d24addceb170d0b20737c42cbbb718262f7b7f5613310ef3ea6e84a41,yes,yes,0.9214535355567932,1,1
opp115_data_retention,embed_small_logreg,2,4,72,c97186e083514b27770a49119fddd31b1ea91626f7cc343d194e4939cc504c62,yes,yes,0.732445478439331,0,2
opp115_data_retention,embed_small_logreg,2,1,73,188d814cc1989645ed98960c18733a0b3819b7a5e68c6e14a2678017b393be96,no,yes,0.6914247274398804,1,1
opp115_data_retention,embed_small_logreg,2,4,74,87e15e4c3d53fbff03afef09d99be298396f7f93a460514045fb7cde9649fd1e,no,no,0.582097428503556,0,2
opp115_data_retention,embed_small_logreg,2,0,75,18b1b534d366629f782db652c4bd4bb90f86a28a60fd65718523967f4f0524c6,no,yes,0.6766138076782227,0,2
opp115_data_retention,embed_small_logreg,2,1,76,fa803d00ce6546e8478457a6d52ab9b6d8c7630ac8851e1fc52d67f7fb53fed7,yes,yes,0.5795307755470276,0,2
opp115_data_retention,embed_small_logreg,2,1,77,08a0b4c02c02ae6cdb3a9a27b5f233c6f7b885749d7ce00159fa175639f6dcaf,yes,yes,0.7628888487815857,1,1
opp115_data_retention,embed_small_logreg,2,0,78,f06dd627e030196b06ee963e24c2dc68097362ee8edf0e1b8f06345c991920c8,no,yes,0.5903293490409851,0,2
opp115_data_retention,embed_small_logreg,2,2,79,093e1aa7c495478f254786dbe3a579997e7d3d1e60f1a95f37825c5fb42a3587,yes,yes,0.7601442933082581,0,2
opp115_data_retention,embed_small_logreg,2,3,80,a9ce0f5db9dcfc9b61e4765e319b2b23ad2e83dad1801837b8f01cf5396bd079,yes,yes,0.7601621150970459,1,1
opp115_data_retention,embed_small_logreg,2,2,81,fe853791e43affc0b554bc15ac732e62d21598be47daeff71cff7c70fb3ace66,yes,yes,0.6900802850723267,0,2
opp115_data_retention,embed_small_logreg,2,0,82,8865d6dc769090f70b58a55fda31bb852e5f08b1c77b001d459bf988b50d86b9,yes,yes,0.8962757587432861,1,1
opp115_data_retention,embed_small_logreg,2,0,83,426332d37643f726b27481408434abcfc44dc8851f6c33cd5dd5632af590b1e7,no,yes,0.5585692524909973,0,2
opp115_data_retention,embed_small_logreg,2,3,84,a79935042d83fdf73a42c16202193b860ad3d5911ae723be591572b747a6b7e1,no,yes,0.5949413776397705,0,2
opp115_data_retention,embed_small_logreg,2,1,85,7ff692472ae904d4710c1f7bd076cb8c695d0f94fb75da5726e98b4fc6f4745e,yes,no,0.5873567040966959,0,2
opp115_data_retention,embed_small_logreg,2,4,86,3923241ca81aae32e7fcdbef21d829ba2e206096e796fb081b28142af7f5dc37,no,yes,0.6376097202301025,0,2
opp115_data_retention,embed_small_logreg,2,0,87,34bf5b6a41eaa2411a0ffe792091dd421bc56965d2270c7f03641ba1296ed2ea,no,no,0.8831002050407215,1,1
opp115_data_retention,embed_small_logreg,2,0,88,3e9d2c06dca818e7895dc62865bd1f351c76a6a9a2576ebd72d3c3d723933bec,yes,no,0.612386244904585,0,2
opp115_data_retention,embed_small_logreg,2,1,89,90935d6dee8a77ca52d1b41a4960016c1f84e12aad956e07b67c47067fe621c0,no,no,0.6569471163467432,1,1
opp115_data_retention,embed_small_logreg,2,0,90,6103e00dfc5b9fc89a1bbc7bca32c60908d3af246a737c3cb6ca752a3b8e4273,yes,yes,0.8354090452194214,1,1
opp115_data_retention,embed_small_logreg,2,3,91,10fd70c10966d05dfbdb4bd28d72e4d99e5b68a81e8201f2ed78f069887174bd,no,no,0.6213398575782776,1,1
opp115_data_retention,embed_small_logreg,2,1,92,8d527e2efc6a8cba2a09b999917ff3f57012ccb85c76b628e3986a189d0f806a,yes,yes,0.8222993612289429,1,1
opp115_data_retention,embed_small_logreg,2,2,93,8e7672199331041a2ffbadb8967b89b9584533bbefc1a8b1bdb06df30507a723,yes,yes,0.5037018060684204,0,2
opp115_data_retention,embed_small_logreg,2,4,94,60271a38ebd73a503d4d63a7d24736a191329fa4c2ceb064478b0385b89e3531,no,no,0.7112284686795334,0,2
opp115_data_retention,embed_small_logreg,2,4,95,a2f433b20215694a24eb8879748021883ff1a49cef93caad0f629fd8f089f68e,yes,yes,0.7196155786514282,0,2
opp115_data_retention,embed_small_logreg,2,1,96,00c26499d96234846a991a8b3863d4bf82feae4d04b77fc0410d3c5284e88e93,no,yes,0.5497573614120483,0,2
opp115_data_retention,embed_small_logreg,2,0,97,ae95ebca76c16e99e7d1de2c967de0ff8c61305f33f7896c0a229dbe7469bd22,yes,yes,0.7337722182273865,0,2
opp115_data_retention,embed_small_logreg,2,4,98,0e20e01a4fb7381675b2416a2e0129fd586a59aef87aa297fde7e7b33ba79b50,yes,yes,0.7332645058631897,0,2
opp115_data_retention,embed_small_logreg,2,1,99,d65f8be5d2d371519044d7daa6308a21fab28110dfa9283d6c6fc2a24d727b75,yes,yes,0.7100356221199036,1,1
opp115_data_retention,embed_small_logreg,2,3,100,a6826c796e514e13c24f3cd62fdaeb329b4e6a7a7c0fb49333ad9c42077d004e,no,no,0.5150658488273621,0,2
opp115_data_retention,embed_small_logreg,2,1,101,ae273fb46b67ef555b02f6b977a7bd0ef24425d26b9b57628cedbde78fe0f8e9,no,no,0.8299948573112488,1,1
opp115_data_retention,embed_small_logreg,2,3,102,01e3acbc33bf15313b5880a87df86cbbf898f221efc438d21065a2487d90caa5,yes,yes,0.5596436262130737,0,2
opp115_data_retention,embed_small_logreg,2,3,103,a0794a8831efac02f0c596d7fdd4ccd5cc97370cddba1ad6ddea24575530fa1c,no,no,0.5350301861763,0,2
opp115_data_retention,embed_small_logreg,2,0,104,61b9dffd6a6c84dfcb4ffa8e49c1c0ced89c2c586fd2c56b2197c65619d78b95,yes,yes,0.9664825201034546,1,1
opp115_data_retention,embed_small_logreg,2,0,105,24a215c96bf2875876591826ca6946592923950ca249a411067b3addcbe5ed53,no,no,0.5427403288262984,0,2
opp115_data_retention,embed_small_logreg,2,1,106,1a3457d784d82e13afbc9c92f5bf3cf8647142888d4ae6d381aa825881b2657d,yes,no,0.5860946353106092,0,2
opp115_data_retention,embed_small_logreg,2,3,107,12e2a92314750078e8927c6895d3e605483c3df2def7e09b9ab8bbc1854455b4,yes,yes,0.6787768602371216,1,1
opp115_data_retention,embed_small_logreg,2,4,108,89d4afba01413f4f026c08de5ab9c1a752ec1fa7bd7ad2ef5f1e405f15a07e83,yes,yes,0.872721791267395,1,1
opp115_data_retention,embed_small_logreg,2,1,109,1f839862705946b52e2163244afbaa70e2426147512f91860dc5601c5c2389bb,yes,yes,0.6503607630729675,1,1
opp115_data_retention,embed_small_logreg,2,3,110,935a7b863897a0ba0c8ad7901ed54fb2f12d631281676d3b3e3bf8aff853ade5,yes,yes,0.6529771685600281,1,1
opp115_data_retention,embed_small_logreg,2,4,111,59c16506290887c7b0cddffcf2aa2e5f87747ee6e4f18ed8ee74e52fa2c008dc,yes,yes,0.9540370106697083,1,1
opp115_data_retention,embed_small_logreg,2,3,112,f64096926fb9c78f401fc0854671a223614422af71ed3a0685489963d966ac09,yes,yes,0.5453455448150635,0,2
opp115_data_retention,embed_small_logreg,2,4,113,2bc01bdcffae3876a8c7f082fd32fd529e78059380437c09551033b584275815,yes,yes,0.8274262547492981,1,1
opp115_data_retention,embed_small_logreg,2,3,114,4065a65416309e59bf310015b8b8efcc430db139973fb86d117f93e768031bc3,no,no,0.6342135071754456,1,1
opp115_data_retention,embed_small_logreg,2,3,115,48d314a42dbe9fa058aca1dfb87bcf56f418fe9874699c1489237577f246b045,yes,no,0.5146641884644088,0,2
opp115_data_retention,embed_small_logreg,2,0,116,2ca25fd3736fd80ab90b2254eb3d425b036dcd4e9e62e4360386e416c9deab76,yes,yes,0.9685672521591187,1,1
opp115_data_retention,embed_small_logreg,2,3,117,1161be58ea49ebc7fce1b9054d77589bb5307b3d56d34a516c160490929e414d,no,no,0.6160787160373117,1,1
opp115_data_retention,embed_small_logreg,2,4,118,414440c3a3ddf73ddf10106fd36a5cacfce9fd199ec8a7b46ee44844418507b6,yes,yes,0.8097452521324158,1,1
opp115_data_retention,embed_small_logreg,2,4,119,0570fb4811b2e51a3e0641efb5a520396a092d396550cdaaafa76fd1dac4a726,no,no,0.8218062397568489,1,1
opp115_data_retention,embed_small_logreg,2,0,120,021c61c2b34b795a0959f5f7b9354579eaecfcf1f64d296e334113a271188ae6,no,yes,0.5149682760238647,0,2
opp115_data_retention,embed_small_logreg,2,4,121,57bc9e8962d8c99f668d7b81efe244628bddf539fcf66d74483a90c984c2c5c6,no,no,0.9274316957039259,1,1
opp115_data_retention,embed_small_logreg,2,2,122,447ae551bbd401748cb52fffaa7c3f115ce1dffe28c99efe5dc9dc0d38122e4f,no,no,0.8761973250478905,1,1
opp115_data_retention,embed_small_logreg,2,0,123,085b13c1eb4bd3144c896064ba632a965391017f9345f3085f1b98209c91afdf,yes,yes,0.9454373121261597,1,1
opp115_data_retention,embed_small_logreg,2,3,124,e4482c06dbe65a91bf1c1f134d6c0e1558da84dd5b5e12594c08686b3eddc8a3,yes,yes,0.8159741759300232,1,1
opp115_data_retention,embed_small_logreg,2,0,125,a9782bc9bc1c192c7edcab363fd4afb1b36914cdf9dafc5b0a12a0823a025886,no,yes,0.6099442839622498,0,2
opp115_data_retention,embed_small_logreg,2,2,126,b2a84f40bc79374e0543efa4424fae4d57188002eda7fd63f02dc333becbea83,no,no,0.7299227714538574,0,2
opp115_data_retention,embed_small_logreg,2,3,127,088f49e7378b28bce726054b67e2fabf46daf9e8d352e2a1228c22cf0fac683f,yes,yes,0.7520159482955933,1,1
opp115_data_retention,embed_small_logreg,2,1,128,93bf89a1de994e270413193fcbbcddc3491dcce4054e367a7c1d74c169ad4b14,no,no,0.7931858419356621,1,1
opp115_data_retention,embed_small_logreg,2,0,129,b6bad323bdb4a1398adcba0b0c816828e25650472c3a77d2d6b19f655dab819b,no,no,0.8260453939437866,1,1
opp115_data_retention,embed_small_logreg,2,1,130,d5ecccdb1813c7c945c958ccb2c108cfcb2a7bd8707476f5f1365e825a0ad246,yes,yes,0.6447161436080933,1,1
opp115_data_retention,embed_small_logreg,2,1,131,7df5b7ffb7936618b90ec589b9e3fbc2842e1ff8869ad45b308533577fd77d86,yes,yes,0.7061988115310669,1,1
opp115_data_retention,embed_small_logreg,2,1,132,7ebb25afa192ba9160052426ef3b16f9c49812cb556a72816da619716925449f,yes,yes,0.917022168636322,1,1
opp115_data_retention,embed_small_logreg,2,3,133,d267bda3f7daabde7131ec43fd663b7f38ebcd905b34ddcac52e23248e63f754,no,no,0.5655772686004639,0,2
opp115_data_retention,embed_small_logreg,2,1,134,8ebe484f8aa9fbd1ab3ffff75a73d134e929f509b531bf7d550cd2fbafb24fdf,yes,yes,0.8023648858070374,1,1
opp115_data_retention,embed_small_logreg,2,1,135,9d6da06849780c6cf3a06b96df57fcbef807a25b5373dd15334941d35b8f6a78,yes,yes,0.5357892513275146,0,2
opp115_data_retention,embed_small_logreg,2,3,136,9256ff8336f43973ac32483cf4a485168f7281caab039c91aa5ec45e7042acd1,yes,yes,0.6808904409408569,1,1
opp115_data_retention,embed_small_logreg,2,0,137,e08e585482b8d3906c0fcf66a5da160b9e819f25aac0e92c2086f5bd74b9f58c,yes,yes,0.9887505173683167,1,1
opp115_data_retention,embed_small_logreg,2,4,138,6fcf71b27d46f55ce193efc7f9afc04455f73116a9db84833f80e06f9ca50565,yes,yes,0.7210347652435303,0,2
opp115_data_retention,embed_small_logreg,2,0,139,c4b6d77aeaa5302389ac8f3608bfb27c4df1b76118cc8f54d2313c0a264133d5,yes,yes,0.893352746963501,1,1
opp115_data_retention,embed_small_logreg,2,2,140,275a4d4239c413d2e99aedb43348f0606ad8850f1db7dc4e3118c3b47065f91a,no,no,0.5962715744972229,0,2
opp115_data_retention,embed_small_logreg,2,0,141,8a20b838887a4c084a09c1abf0e23b8c9ca43c382e2bbfe5e69c3dfe3fa607cc,no,yes,0.5049313306808472,0,2
opp115_data_retention,embed_small_logreg,2,3,142,d59761f593cdeec8646bc296f9d941e7e44cc354579e86fdca852baf273fc357,yes,yes,0.6135766506195068,1,1
opp115_data_retention,embed_small_logreg,2,4,143,e88625cea1e9848ab0c422dd31cb03bb37e230c04824f11aedb42e6256d88861,yes,yes,0.7577773332595825,0,2
opp115_data_retention,embed_small_logreg,2,4,144,472ac5ccf3636aa466c509158d54b8605d606563706d77f86728caf86b56828e,yes,no,0.5495991543054832,0,2
opp115_data_retention,embed_small_logreg,2,2,145,8b3ae3f08e20d45d17f031fd4b86caaca9a1df9e99e24770119d51d8f0ac3045,no,no,0.5411941409111023,0,2
opp115_data_retention,embed_small_logreg,2,2,146,a47590671f0c8a96c36f7d6c9a24adea2693fe733ebba1c9966755e8a4662599,yes,yes,0.6204497814178467,0,2
opp115_data_retention,embed_small_logreg,2,2,147,f499e421475ec682cadb46341e6d310462e81d20c890a16c9b4ad060534ed6d0,no,no,0.7776968363270635,0,2
opp115_data_retention,embed_small_logreg,2,1,148,f0cadbba69345266de6559680ae988e0fed4878bed5c0c92243e9d6d5d9f7bf6,no,no,0.7141096591949463,1,1
opp115_data_retention,embed_small_logreg,2,1,149,f321c837be3d158ef7ff42e4a5c07de189845d4d7b643c668200b64b5c207e56,no,no,0.6657033165008818,1,1
opp115_data_retention,embed_small_logreg,2,0,150,1676246f4b932466894e0b3d528e741e4f90b6762f68e0ababf10e220767ab49,yes,no,0.6624963086099532,0,2
opp115_data_retention,embed_small_logreg,2,0,151,619d8a38ba5513f1cec70851f3865bfadc53827c6747264023f10a362373d101,no,no,0.7275250933311852,0,2
opp115_data_retention,embed_small_logreg,2,4,152,1b974e8954f0d9b48a91a29c0214076ca646d79b431e0a4492d19f30afef870c,no,no,0.8254965297729812,1,1
opp115_data_retention,embed_small_logreg,2,0,153,1b5aa100191a7360936d3578d1b9c3564918a79175346bc1ff23b914d46d70e8,no,no,0.5388714075088501,0,2
opp115_data_retention,embed_small_logreg,2,3,154,1fc468ce0666d80d3a1c8e28b4d8988e6f57eb4ba403b9f180c648047c14fcb7,no,no,0.6414359211921692,1,1
opp115_data_retention,embed_small_logreg,2,3,155,2630c3c03b6464991051cceb40eb38f315ce523c5773801b2a3351439cc0170c,yes,yes,0.6393980979919434,1,1
opp115_data_retention,embed_small_logreg,2,1,156,a31f38cb747b69b44e923e5768a51ba824e616032b10029b3afa678eecd6732d,no,no,0.7747449990323931,1,1
opp115_data_retention,embed_small_logreg,2,2,157,ff1baeee0f8055c9e395e216bd36541aa63ad084b6059cee873347c1db25ddc0,yes,yes,0.8254784941673279,0,2
opp115_data_retention,embed_small_logreg,2,2,158,28546a833bc592ba4da981179283a48d9b8e32faed0b19dc3fbd8c7a7dd50f37,yes,yes,0.7664989233016968,0,2
opp115_data_retention,embed_small_logreg,2,2,159,d410d20de93ec6d821438156036e88e141275e0728cbd81aa73889aeaaaaa0a5,no,no,0.8021065712289002,0,2
opp115_data_retention,embed_small_logreg,2,2,160,76c5c816c44786f5d8278d5c4344bd435d73b1ebc675162fd420b7577c9b34cb,no,no,0.8312105188134468,0,2
opp115_data_retention,embed_small_logreg,2,1,161,799451ec0744a90f7eb75457279c0ce6f460b9e3ce9926e51d1dbaf241d6ca78,yes,no,0.5274880967292757,0,2
opp115_data_retention,embed_small_logreg,2,0,162,551af7abca70932f3a0ef1229da16859dacbb33fcc413d4cd74833abb950ad33,yes,yes,0.5629163980484009,0,2
opp115_data_retention,embed_small_logreg,2,3,163,a6c7b7ef0cfcf9699e3078342794813b33930d6d73ef7b82d649e0cd79b1f9a6,yes,no,0.5069672465324402,0,2
opp115_data_retention,embed_small_logreg,2,1,164,5a9e7a696d6ef019dd40f5984dd0ba98efccf5593166eaa0c496b20fa2746a76,yes,yes,0.7958765625953674,1,1
opp115_data_retention,embed_small_logreg,2,0,165,fb5bb7c3433b9471663a47edd44e1cdd1c25ed74aa2c172c37dd997d1e6c1852,no,no,0.5627718996175558,0,2
opp115_data_retention,embed_small_logreg,2,1,166,78bb11f1743e056742c00c3df7250817a755dce1dd5835869a2fb8b84e3bc2a4,no,no,0.8205151557922363,1,1
opp115_data_retention,embed_small_logreg,2,4,167,1abf35a14e7951c638a92c72eb3e662003b16ef0ddd618560be900d5e64f25a6,no,yes,0.6544196605682373,0,2
opp115_data_retention,embed_small_logreg,2,1,168,82f45f405a5e1d0c32c0aa4104f22d7551bc3a67281e641a11ac83effe659f98,no,no,0.6821687424829227,1,1
opp115_data_retention,embed_small_logreg,2,3,169,5e45c583666bd2b302d372c46c671eef771afaf9528578e9829b226172636768,yes,yes,0.62875896692276,1,1
opp115_data_retention,embed_small_logreg,2,4,170,a9542e9239ad9fa5fe798e6e26246771ac82a8b7005dad2341ca2ee512a27e28,no,no,0.8256077766418457,1,1
opp115_data_retention,embed_small_logreg,2,4,171,771b749f5c9ba209d78db7f0ac0f63caa7967c12a2872244c725be1a6170e4bf,no,no,0.9597794759331035,1,1
opp115_data_retention,embed_small_logreg,2,4,172,6429e704b1b7bc0c3244e81a91fde9ed92188025964f1d2d310b93923729cfe4,no,no,0.764611232808065,0,2
opp115_data_retention,embed_small_logreg,2,1,173,2199e3232e265ca67a9644ec81e95b1cb53aa0ad77d8e5f28f54888d985eb153,no,no,0.6003365516662598,1,1
opp115_data_retention,embed_small_logreg,2,1,174,168c1f8fe9461bd4e50ddb2ced4e38f5b32927ec525c32ef3ef9caf4aac4f36c,yes,yes,0.6178010702133179,1,1
opp115_data_retention,embed_small_logreg,2,1,175,7fbc3e8d046e40175885a2131dbd1d61a930c28a1180efc3a9547e585536f7f6,no,no,0.6861189399326163,1,1
opp115_data_retention,embed_small_logreg,2,4,176,501249f20fe324cd55375fb36b14e360a23882582f1ac569eeff4584126cfd87,yes,no,0.6190451383590698,0,2
opp115_data_retention,embed_small_logreg,2,2,177,12bcae560154d423083c35b272770f335f9553357e5869fb43154ccdf33846db,yes,yes,0.9544981718063354,1,1
opp115_data_retention,embed_small_logreg,2,4,178,d36e9685d44e56c9f78953fa6aaf57669c968b49cd0fe0a1745152927c8d4130,no,no,0.7260571934597848,0,2
opp115_data_retention,embed_small_logreg,2,2,179,65714301dfdbca9f00d701048d1fbf28fce86f25343fcdbcdbf0d9d1b38ccaed,yes,yes,0.9480863213539124,1,1
opp115_data_retention,embed_small_logreg,2,4,180,56b4f2662bf4174e7b8c2938a99ec052b918ce8e1e887eb5cfa74512d3e8093f,yes,yes,0.8271902799606323,1,1
opp115_data_retention,embed_small_logreg,2,3,181,786c88cca6c8382022ca97c03b2d0527fed556aefda3e38cac2bab6ffe58dc7e,no,no,0.7033591270446777,1,1
opp115_data_retention,embed_small_logreg,2,1,182,4ecbddf240d7a5766bcfe8d2590717e74dac0e70abd05993cd0430fc1d16186d,no,no,0.5202616453170776,0,2
opp115_data_retention,embed_small_logreg,2,3,183,1bf325cb55644bf9f3fae7c85dbe467894de54012da4fa9b66d6a3a22673b41d,yes,no,0.5311881462093635,0,2
opp115_data_retention,embed_small_logreg,2,1,184,1ea805b1eea1cacd586e1eee0f3cfe197a35d7e32fb03708c3c497f723298775,no,no,0.7620307689602559,1,1
opp115_data_retention,embed_small_logreg,2,3,185,19a13f3eb97a89ca1ef1b119b1c9367a382e7060b09a82f69b1e4e35a3c13204,no,no,0.629708666494747,1,1
opp115_data_retention,embed_small_logreg,2,4,186,425e3ff0ff4eca4cfa77f598fe216971b57633e8ef911f861dc04886f4c049e2,no,no,0.7563926577568054,0,2
opp115_data_retention,embed_small_logreg,2,2,187,243100889954d3e9c45757d0a63cf23a39a1b2cf49a14ee10f84c234f5996315,no,no,0.5938268722943404,0,2
opp115_data_retention,embed_small_logreg,2,2,188,a062207fb7a531517ea76930d66bb278f5f2ef789cb4451458d1cf34cce4ab36,no,no,0.5908462405204773,0,2
opp115_data_retention,embed_small_logreg,2,2,189,f98e4b656bc0472164c8d54bfdea68ac9091e88ce8b774ed0038896f2cf18427,yes,yes,0.8600399494171143,1,1
opp115_data_retention,embed_small_logreg,2,0,190,ef7a61507dbd56bbdd5333070f23449cc1050797c8e0ea36826e0dc081f6e86c,no,no,0.7924742934845177,1,1
opp115_data_retention,embed_small_logreg,2,3,191,c64822a69e008ced686015ff70e24a6247ef6b472ebe88d75d02e646aabca2cd,yes,yes,0.7612893581390381,1,1
opp115_data_retention,embed_small_logreg,2,4,192,c1502e008f774444d032c5dc418fa6dd1bb36626176c5bdd47028e51f7d5470d,no,no,0.7540640943357959,0,2
opp115_data_retention,embed_small_logreg,2,3,193,494df37378cf8f74264182865f738cc77f8aaf4fdcc9814a86f99a17f131b2c9,yes,yes,0.667873203754425,1,1
opp115_data_retention,embed_small_logreg,2,0,194,e7bc4ee0cfffa4fec28bcc2e49a2f7152ccfd743b63cad48404579f5346c9a69,no,no,0.7474944591522217,0,2
opp115_data_retention,embed_small_logreg,2,3,195,9df22399a60ca5da1e856dcb80c9e8e91c896e4712694be92ec80dae5d669dc7,yes,yes,0.7436453700065613,1,1
opp115_data_retention,embed_small_logreg,2,2,196,484cce2ad834362e2ccb3d4894efcae1dfdf44224b918aece53c17203e3dbff2,yes,no,0.5366034347831179,0,2
opp115_data_retention,embed_small_logreg,2,1,197,e822d4f401a34b07af4ed5395f92f976cdc7b0ce397e1c2ffced1c937c81d2ec,yes,no,0.5601474213644093,0,2
opp115_data_retention,embed_small_logreg,2,2,198,57a74ccfcfe7608c6f4350d2552457ccbdd2eb9ba720641c524fd09bc5598fe2,yes,yes,0.8733516335487366,1,1
opp115_data_retention,embed_small_logreg,2,3,199,1fab31543ccbbb32cdadd46142e45a56f35e1d1e3450b5b59654008ee2c58452,no,yes,0.6040101051330566,0,2
opp115_data_retention,embed_small_logreg,2,4,200,2e8ae1b53bbd23b3cdf5e510ad01501a6c3c77c83c76edc9d6220387694b3146,yes,yes,0.7909572720527649,1,1
opp115_data_retention,embed_small_logreg,2,3,201,3004082ff910b7c447da1693b12bc592c912baba20a3f7fa3d8856806981f07d,yes,no,0.5191905343773802,0,2
opp115_data_retention,embed_small_logreg,2,1,202,b3cb815b0e314945f81b1e51e706918ed3fa4180164a7815cb8d50075cf7dd77,no,no,0.5304569602012634,0,2
opp115_data_retention,embed_small_logreg,2,1,203,afe6b4fcda20339effa6c437b8dddb0737ca5774f21b675e10cee4edcb0b2ba6,no,no,0.5000491142272949,0,2
opp115_data_retention,embed_small_logreg,2,0,204,425e6f8fb17f0976e13e4561a405d2be1bf2feaa4d817ac2d139387146f3bd31,no,no,0.9142055443360988,1,1
opp115_data_retention,embed_small_logreg,2,0,205,9e4ba9ac193a5b11eed78ae6cf09f456a4bf6cbeb6b7ecc8edbdc4eb64b40ee6,yes,yes,0.9272620677947998,1,1
opp115_data_retention,embed_small_logreg,2,0,206,01aedd6fb8f591d73f87602fc32e2eb3f589628586199ae0a08ea28cc0095f28,yes,yes,0.8637380003929138,1,1
opp115_data_retention,embed_small_logreg,2,4,207,cfa624403984bc99aecc9847407eddcedb97c357900a09f4b366afb61186bb7e,yes,yes,0.6002830862998962,0,2
opp115_data_retention,embed_small_logreg,2,0,208,deb1609f9680931ac921c3f39ec34329f8267411177d3d90aa9ef55f56a7b498,no,no,0.7525223381441484,0,2
opp115_data_retention,embed_small_logreg,2,1,209,268317cace58fd35238bcdc0b1215a3d8e099f45eeff329dd80dde5b2353fc8d,yes,yes,0.5974010229110718,0,2
opp115_data_retention,embed_small_logreg,2,3,210,fcf9351be7dab9559af1a3b9c986fe2cf37456ba80908e462dac832ba398700c,no,no,0.541348679621557,0,2
opp115_data_retention,embed_small_logreg,2,4,211,f678cfdd7e9c0f3928c9f066039490ad2fa404de918d07e36115bdf6c4949d41,no,no,0.6000992655754089,0,2
opp115_data_retention,embed_small_logreg,2,4,212,32a41e20f9d847ef04f07df2b8622a480d1dece63261191cda3bb3996acd72d3,yes,yes,0.7135218381881714,0,2
opp115_data_retention,embed_small_logreg,2,2,213,8ec9dc8ff6db732637848bb964f217566251e05b5c258dbbbd97c7eca79c0825,no,no,0.7283917665481567,0,2
opp115_data_retention,embed_small_logreg,2,2,214,c6627196674562989315bccb36804bae1115c2df68464968e8556abba6ca6fa1,no,no,0.7877126814765829,0,2
opp115_data_retention,embed_small_logreg,2,2,215,8f6572c828f9d34a2984a9e493510acace0a0962806968f2338456db9b64f909,yes,yes,0.5806697010993958,0,2
opp115_data_retention,embed_small_logreg,2,0,216,79705eaf61441ff37f6d5f11fa8666e9ff5564b4ee175daebaf8f1c6dabb226b,no,no,0.6497162386859584,0,2
opp115_data_retention,embed_small_logreg,2,2,217,579c64913914b83e0bfb518994954c4f9689ff6263b5fdda7696a61482e31b27,no,no,0.5137172341346741,0,2
opp115_data_retention,embed_small_logreg,2,2,218,52c3657ff1bfb928a7a3fa625c19d563556e3925b75890eb6b0b602df7ac91f3,yes,yes,0.5476207733154297,0,2
opp115_data_retention,embed_small_logreg,2,0,219,32fe73db251df3aa92db6a1a1c681bcd91e061358c14841e50814e1b413f3f19,no,no,0.6477125883102417,0,2
opp115_data_retention,embed_small_logreg,2,3,220,b1ccd2bb7370a2a763dad092f888f4e2a97f2f2935ba8fc5305bad5a7da03e91,no,no,0.6567735867730852,1,1
opp115_data_retention,embed_small_logreg,2,4,221,286dd9f430087d20ac2b2d1e5b2ffb027e6a3c17c8c712179d567e3f74262574,yes,yes,0.9259524345397949,1,1
opp115_data_retention,embed_small_logreg,2,2,222,7ae91b4e09b70faf3863bcdf2881b4370a1bdee1421be7b09a07b40ea31bbddd,yes,yes,0.7970311045646667,0,2
opp115_data_retention,embed_small_logreg,2,3,223,46ab7b708623a654c3f4754e7de54d0f7f5262c25a56a9089ec4b0a06321e5ce,yes,no,0.5229746103286743,0,2
opp115_data_retention,embed_small_logreg,2,3,224,9ccbd99d243f6fccfdb5ade9893285b113a60399c981dd39f15468a92272b280,yes,yes,0.6234942078590393,1,1
opp115_data_retention,embed_small_logreg,2,1,225,dc2bcbcc57f6752c67ab7f8f29e23d38c5ab5f2b5853eceb626946f7fef43e63,yes,no,0.5390868782997131,0,2
opp115_data_retention,embed_small_logreg,2,0,226,ebd6ff5a40784887fd22e2a782aa8e6c5172416cd89da968f0a8ca8a1c587032,yes,yes,0.7588930726051331,0,2
opp115_data_retention,embed_small_logreg,2,2,227,d19696c556b2338e90c8b6ffeca489622dce2a164aafca75bb4404c204b35f14,no,no,0.7454078793525696,0,2
opp115_data_retention,embed_small_logreg,2,4,228,231bd657c2964de6c6ea8a1d9437fd6afd87001f261f26031a982be996c8cdb2,no,no,0.9732574496397036,1,1
opp115_data_retention,embed_small_logreg,2,4,229,07695545e4b0ac85eb721da8201b6633989f41219d0813c611a3b4b94e43300b,no,no,0.7877684596845966,1,1
opp115_data_retention,embed_small_logreg,2,2,230,07c588e0587dec8248cc485ba9c6576750efed45b3a5b316f1070256eab6fad1,no,no,0.6756302118301392,0,2
opp115_data_retention,embed_small_logreg,2,4,231,7ff692472ae904d4710c1f7bd076cb8c695d0f94fb75da5726e98b4fc6f4745e,yes,yes,0.6104816794395447,0,2
opp115_data_retention,embed_small_logreg,2,3,232,6976f37f3945036a2d6a03e8d1fda2d187b08666dcde5d5fb041ceeb3fad051d,no,no,0.5836647152900696,0,2
opp115_data_retention,embed_small_logreg,2,2,233,24329a0a8cf39a8b9c64fb2e1a20cb53a03b54d4ec040ae95fdef41c0fe61c48,no,no,0.6422058535279588,0,2
opp115_data_retention,embed_small_logreg,2,2,234,f84077447e66f9200b7a8102f0008b329629b65cd75e9c18d9a70e14f0e12b6d,yes,yes,0.9480547308921814,1,1
opp115_data_retention,embed_small_logreg,2,1,235,1e59f4141dad643b5759ddec3cf94ac691b5377cc52812cd4a13c121cc31d379,yes,no,0.5192517042160034,0,2
opp115_data_retention,embed_small_logreg,2,3,236,e278f2edce8b4e0802417192f137cf31f4d4f91e3b80757695952d1b52e2340a,yes,no,0.5506691336631775,0,2
opp115_data_retention,embed_small_logreg,2,3,237,01828d6aebf17dbb1ad67764d82b586f69e1acccc913ebb33a8dd70e22e17a55,no,no,0.6000615954399109,0,2
opp115_data_retention,embed_small_logreg,2,2,238,a655398af474837f8aea04a211d471f032e92a6dd95cde5aa013b3742aa07e2d,yes,yes,0.9662598371505737,1,1
opp115_data_retention,embed_small_logreg,2,0,239,804847995735f8dfa9797e268facbb80a5b434604065fdf81cb85fa16a925e3f,yes,yes,0.5771507620811462,0,2
opp115_data_retention,embed_small_logreg,2,1,240,50b52ff785cc7ba25950a1e06086d5e1acf219d84091ca95765ec22900044578,yes,yes,0.5774106979370117,0,2
opp115_data_retention,embed_small_logreg,2,2,241,3f34b14ee060ce604c8fa33a42f0adbc49a3eef1ae996f5a64eba6b33e55d486,no,no,0.7759797457459607,0,2
opp115_data_retention,embed_small_logreg,2,0,242,ac38c4e75d9ead7df72ab064029c60831b86c70cc9cc2ef142ccc77103916c5a,no,yes,0.7216373085975647,0,2
opp115_data_retention,embed_small_logreg,2,3,243,ad34a91ff28db78f3828eee27f65dfc77194d18529b5c5a72f714c550a1bfee8,yes,yes,0.520673394203186,0,2
opp115_data_retention,embed_small_logreg,2,3,244,7f58b2111392f889922217ef5d4a11f5cede6eb86408b0140fbb832204f39c63,yes,no,0.5403162837028503,0,2
opp115_data_retention,embed_small_logreg,2,1,245,0f685ea5f05b7bd2894de89b143ea229c2ffa042482785574cb759d9a54bc06f,yes,yes,0.8037627935409546,1,1
opp115_data_retention,embed_small_logreg,2,3,246,ae9063afaaf895e06d6bc6fd779839bc111acb3ed9913ab2199c848f1581980d,yes,yes,0.5694035291671753,0,2
opp115_data_retention,embed_small_logreg,2,2,247,50a0e0ba2aca555b3c28b225f87b1942031bdabcf9d04f89dda1b39b96bd9b42,no,no,0.6139181852340698,0,2
opp115_data_retention,embed_small_logreg,2,0,248,e70de619913753bc42a24b74c19fa0f6d78b4f2065dd29cbdd1d094d8a1c4958,yes,yes,0.7440906167030334,0,2
opp115_data_retention,embed_small_logreg,2,4,249,38525a384cff0762f804e1a21a7b89ac657c8eab1c3a09f8da7f97a684ed8cbb,no,no,0.9228784831714969,1,1
opp115_data_retention,embed_small_logreg,2,1,250,a608d369acb8b39938b51bc67b06b14e46f4e7b30af9060ec12d40ec76a02693,no,yes,0.5823341012001038,0,2
opp115_data_retention,embed_small_logreg,2,4,251,b6849c5e7505d5ea81a96d7302dc64625027f1333fdd1ad5acdc5674a1356024,yes,yes,0.6489389538764954,0,2
opp115_data_retention,embed_small_logreg,2,1,252,2f62c54cbda8addbe6232f8471c0c55c65ddf75bd4f4201f20095a468a6d4a3f,yes,yes,0.5172361135482788,0,2
opp115_data_retention,embed_small_logreg,2,1,253,a7f9911c6c83b3445ee6ccbf2a64537355af6eda468b91834e1f28a39870328a,no,no,0.5519481897354126,0,2
opp115_data_retention,embed_small_logreg,2,4,254,331b1f34bbf6a523faaf139562c3206a26f73f76a0af24ccb8b7d410c5809648,yes,yes,0.7724534273147583,0,2
opp115_data_retention,embed_small_logreg,2,1,255,1e9d5bebd73b6b03196102c13d6398e9684f640319406b8cfd2182f5efec90e8,no,no,0.8026331782733378,1,1
opp115_data_retention,embed_small_logreg,2,3,256,c385be8e4dc911b9d1100018a19156fd997244226e0ad228c94cdf495b72c9c9,no,no,0.6471019387245178,1,1
opp115_data_retention,embed_small_logreg,2,4,257,f316ea31b0b9f52d7e58dea2321f7f1367c3b9713783bc8e8a54df26122cb53c,yes,yes,0.8708260655403137,1,1
opp115_data_retention,embed_small_logreg,2,2,258,f869eb75e9a1654c2216095771718fd988f6460ba8e79d76d0dda31b878d4a0f,yes,no,0.6206247806549072,0,2
opp115_data_retention,embed_small_logreg,2,3,259,9a18bf5bedcef58fb061941815a1dc4f26be41d24545b1dedc4a4cd9c3882dba,no,no,0.5725605658459832,0,2
opp115_data_retention,embed_small_logreg,2,2,260,7787497942b66196747d386679fb92dd42ec1ca9c3e6b38147ab015d42b529f9,yes,no,0.5617380142211914,0,2
opp115_data_retention,embed_small_logreg,2,3,261,00ac89c540730a3531332c3398cff49e8db87a948ea4434b63039bcb165b2c66,no,no,0.5164249097235474,0,2
opp115_data_retention,embed_small_logreg,2,0,262,b3eaec0a573a24dbb3b21c0d97605c822ad645c92272d7e319ba9f7a8dd0a73d,yes,yes,0.7090654373168945,0,2
opp115_data_retention,embed_small_logreg,2,0,263,83055255358a99afb2a4d5dfa1be49e9d6fd08fb4cf38447b4bedcb96fbaca8d,no,no,0.8920758962631226,1,1
opp115_data_retention,embed_small_logreg,2,3,264,6c7d9bce9289e4f305f3bc9a7102fc099f5e7104e35642b6ab9464a465815dde,no,no,0.6669278343596409,1,1
opp115_data_retention,embed_small_logreg,2,0,265,f0790f05da1a430476726fb1d935f7e771506db7ce34ebd7f8865c7b3ce9deaf,no,no,0.5434799032366304,0,2
opp115_data_retention,embed_small_logreg,2,4,266,6b6d1b46091d740d9c3bf0588df61c7c5df56a0200635bc1d29ea0280f4fb3c9,yes,yes,0.5671296715736389,0,2
opp115_data_retention,embed_small_logreg,2,0,267,5c6dba33e1a2705163733543bfde75d0e215a2360c17dbc9cf06ae0c153b6014,yes,yes,0.9648952484130859,1,1
opp115_data_retention,embed_small_logreg,2,0,268,097d257865b8010cfae87562ae3acd3cfdd11d628daf6eb19ef0fb02f8aa5cfd,no,no,0.8085491536773868,1,1
opp115_data_retention,embed_small_logreg,2,3,269,a7d0e7229ee813df0da48f22c8b9f7164d3d78eb630fe2d9c12c0b817523b0bd,yes,yes,0.6503273844718933,1,1
opp115_data_retention,embed_small_logreg,2,3,270,0585dd317c2fd60618e5b686ab9f9d98a1498248e25825af326df46675c317bb,no,no,0.6330488324165344,1,1
opp115_data_retention,embed_small_logreg,2,2,271,944fc9978a2a6b5e1ca37acc5b4274abb44dd61ceeb497332d87e0966bd5b850,no,yes,0.6136649250984192,0,2
opp115_data_retention,embed_small_logreg,2,1,272,6882433d496d02569b5744fb8aa186a9982b24c294237298ad5e876598182f8e,yes,no,0.519593358039856,0,2
opp115_data_retention,embed_small_logreg,2,2,273,77d837bdb3945e037c6bc1e1ceffccf5972537d088e53139f85cd61a40ba32bb,no,yes,0.9286590814590454,1,1
opp115_data_retention,embed_small_logreg,2,0,274,ac03c789e91d566843ad44eee24526ca26c89d6e49ae164d8987eecfbffec7e0,no,no,0.9712756998817061,1,1
opp115_data_retention,embed_small_logreg,2,0,275,631509edaa82bfb9fe669ef2c49aab37a6a8b5ded6d502ee11e0982aa874f854,yes,yes,0.9201518893241882,1,1
opp115_data_retention,embed_small_logreg,2,2,276,a943897a4f2d7fe76699b0f268dd2dfd57ada734ac5a21bae2739666abe7d190,no,no,0.6919170618057251,0,2
opp115_data_retention,embed_small_logreg,2,1,277,e397b9fb3a1c4f92db03685edaf800fbcd4fc51e0b0121c1f0eebb6a868e6afe,no,no,0.6478692486247196,1,1
opp115_data_retention,embed_small_logreg,2,0,278,8c3bafbb5ff5851b2762dd74740a9378d5b1a8ee8e05b0195f923bdc8ecd18c8,no,no,0.6991630792617798,0,2
opp115_data_retention,embed_small_logreg,2,0,279,dff95303893a2a3012f5c89bd306f5e5ecdf1f4aeded9761df3aa3a04cc3e317,yes,no,0.6643962264060974,0,2
opp115_data_retention,embed_small_logreg,2,3,280,7e39a80962a7f4e89e48e00fa790fd0fe9a679346f05446bc5648239a5551aa0,no,yes,0.5902610421180725,0,2
opp115_data_retention,embed_small_logreg,2,3,281,37026006daaf329041e125901210e0ed07673977b50ab75247530d80efcab30b,yes,no,0.6372658610343933,1,1
opp115_data_retention,embed_small_logreg,2,0,282,5a91dd4bf9e4d39f9bb845b50ecec4b500fa2c0314aab3146eb267953b009191,yes,yes,0.7718191742897034,1,1
opp115_data_retention,embed_small_logreg,2,4,283,eee0077d4ac9d0305983ae7802727bf2185a52bc5a0ed3f9248da5977fb9122a,no,no,0.8735050559043884,1,1
opp115_data_retention,embed_small_logreg,2,4,284,e4a77beb5442f26027cc4c8e99456c5e2f3a51e71efb7986820a6eaa41688a2d,yes,yes,0.7948609590530396,1,1
opp115_data_retention,embed_small_logreg,2,2,285,5fb1ee934e23642de0a5dbffa00ae79d14f0668f5bfd41272c0f7608f3e65093,yes,yes,0.7211915254592896,0,2
opp115_data_retention,embed_small_logreg,2,4,286,0099b44663fb6e62c7e0e721a23c1a9d02a508dabfb9b2578697a893040f6288,no,no,0.5815828865294789,0,2
opp115_data_retention,embed_small_logreg,2,3,287,20fff12dbb9c94a47ff332d13ed9d2e47a8a20112eed351497b59496f4c96ebd,yes,yes,0.6873385906219482,1,1
opp115_data_retention,embed_small_logreg,2,2,288,a4050cf1e40640de6f219bf7c86291057a6cbee66710f4cd042edb07054c5be6,yes,yes,0.6865713596343994,0,2
opp115_data_retention,embed_small_logreg,2,4,289,320dcdb13784b37639fdafd0af9f079b25a6aa37dde118d245f2bc0104d6b690,no,no,0.8930945662586262,1,1
opp115_data_retention,embed_small_logreg,2,3,290,f5be7fd433b991df2123b66c275591e49ff85cb116360f92ee76067c29dbd12c,yes,yes,0.7772660255432129,1,1
opp115_data_retention,embed_small_logreg,2,2,291,e69d683bf0662b37561b1eb6e1eadbe3dbf2c0fc148cccd4119fa231a1917b46,no,no,0.8594825395864627,1,1
opp115_data_retention,embed_small_logreg,2,0,292,e71d0801d3af067794624eb24a6a7950f40c6f4d4085ac685a9a21cce1a77b6e,no,no,0.923768408028546,1,1
opp115_data_retention,embed_small_logreg,2,4,293,1acb0285d3cfc413a7c38dc1ccf0f2c5a261adee395934e6349f4ff2c667ffc0,no,no,0.9660311865357221,1,1
opp115_data_retention,embed_small_logreg,2,2,294,444c17be4227f834a15ee572c9dafe389dcf10a58c327e9fd52cdeb52180525b,no,no,0.7362192869186401,0,2
opp115_data_retention,embed_small_logreg,2,3,295,5471e9917d6773e7cca7dfe6c1af9f17cab56f9e46c9fe79a2cb9f3b5aa78979,no,yes,0.5212447047233582,0,2
opp115_data_retention,embed_small_logreg,2,0,296,5989c62c021f0138063006ce222bbf64c49993ca3cc330a85b7de6251fd55d4a,no,no,0.8772730892693481,1,1
opp115_data_retention,embed_small_logreg,2,1,297,14bf42e067c5794d14a9be06281a809438d1eb4db47d247e3d427c04e7c7b7d8,no,yes,0.5499081015586853,0,2
opp115_data_retention,embed_small_logreg,2,4,298,b15dc5db6c11da7e9e28ac8b682ecf14ea64add66b77475cc6a51d7ad4b6251f,no,yes,0.709594190120697,0,2
opp115_data_retention,embed_small_logreg,2,4,299,11ee9a0aa806f739c5dd8e99fdbcfd8cfb6d3432051f7807ebbce9705af60d4f,no,yes,0.601948618888855,0,2
opp115_data_retention,embed_small_logreg,2,1,300,78ea85a7c27cb91431dc8fe4ef5ca476168da0bfb1c2555b615c16afe4307bd1,yes,yes,0.7054457664489746,1,1
opp115_data_retention,embed_small_logreg,2,1,301,b69f6562a892fcf7ce6acd9e1ed4adf2cd4690cd068b2c75954e8b8cfe2b5d31,yes,yes,0.7716841697692871,1,1
opp115_data_retention,embed_small_logreg,2,0,302,07e78088b1f4bf413cb549c9e9b38ba43b6f611aa69c382daa758e1f0961be13,no,yes,0.587027370929718,0,2
opp115_data_retention,embed_small_logreg,2,0,303,77402fd1b3ae2f41ccc476fa26f6f353a8f2c28874c13d0d780f12c0ab3dbda7,yes,yes,0.9743010997772217,1,1
