task,candidate,repeat,fold,item_idx,text_sha256,gold,pred,p_pred,kept,set_size
opp115_data_retention,embed_base_logreg,0,3,0,e783d6e5426c4d132ca1198992b63a2b77013808d63e267b499744a4c5d1b11b,yes,no,0.5257766090102014,0,2
opp115_data_retention,embed_base_logreg,0,3,1,ca069ace0fea7074fac7e44b33121935734dd94f589cc9069a738b5884a0f116,no,no,0.5849772691726685,0,2
opp115_data_retention,embed_base_logreg,0,0,2,94284e1d7b10fa6117e24745885f4a5c871d995ca98a16179c63cacb7e9c8618,no,no,0.6006795763969421,0,2
opp115_data_retention,embed_base_logreg,0,1,3,ee7f763b4da0bbf780148ff43363b2a907297b4f98c76d7c1e1d2869878a70f8,yes,yes,0.6042948961257935,1,1
opp115_data_retention,embed_base_logreg,0,3,4,be54e70c44eb94e44c82413eb316abd303bc0920653e459cc81b65dc610c2c47,yes,no,0.7390837889636692,1,1
opp115_data_retention,embed_base_logreg,0,3,5,bae4eb887d877f453aee88d3761b630e4bc7ff917be76cb60950cca3ae6c909d,yes,yes,0.6638257503509521,0,2
opp115_data_retention,embed_base_logreg,0,1,6,ffcbe512035ce904259b64a9212131a8ddb5ef6916eb7f217c64a5658bd672fd,yes,yes,0.6126059293746948,1,1
opp115_data_retention,embed_base_logreg,0,2,7,9e061b3940805235e0301ddc59cdad769cb39c4672fdac340725b065cca9eb76,no,no,0.5116857137773718,0,2
opp115_data_retention,embed_base_logreg,0,1,8,11dbaf4848acf49d21fffc81b9b0ac39e736808cb102bd24ec485e1c9793ead1,no,yes,0.5080770254135132,0,2
opp115_data_retention,embed_base_logreg,0,2,9,b35466aaf2aa88600ce3febc4691f6c33a5a185d118a53da03fd134b474427c7,yes,yes,0.5049726963043213,0,2
opp115_data_retention,embed_base_logreg,0,3,10,8c3c2305b0edd2dfbd80ae024d68bf853a2ba001d7e139e796ceed9ab18138b0,yes,no,0.6402333974838257,0,2
opp115_data_retention,embed_base_logreg,0,0,11,b7123b7c303c69d4e87a4030ed741d9f0ca824b638aab5f65596e20ab0d8c4dd,yes,no,0.5816007852554321,0,2
opp115_data_retention,embed_base_logreg,0,1,12,3a03588f9a14326961809e8f32642ea962dc8708b9b78b365afdda60e89ef739,yes,no,0.5747566819190979,0,2
opp115_data_retention,embed_base_logreg,0,0,13,31bf37f8261b9238c62d1bc86ac8e76cca50a7903aa58122cc6fda4e44cded97,yes,no,0.5262096524238586,0,2
opp115_data_retention,embed_base_logreg,0,1,14,83aee36651f00dedd70cbd9dcad609997907b62cd9bf83a6c3ff2ec5e8d4da27,yes,yes,0.7760694026947021,1,1
opp115_data_retention,embed_base_logreg,0,4,15,0ec789dd289a49bedd0b0b3266a7cffd2be138f7eab28a474b082a4e010735a2,yes,yes,0.7693976759910583,1,1
opp115_data_retention,embed_base_logreg,0,1,16,393eae997b97caa2cf9a1da91b63d15664dcaddb694220702d9a143ce913b7a8,no,no,0.6246281266212463,1,1
opp115_data_retention,embed_base_logreg,0,4,17,54c18021f0b5bdd5418fb5f0ae5fa39e1a0754b3d7cf800324e8103487e5cf23,no,no,0.7996787548017317,1,1
opp115_data_retention,embed_base_logreg,0,0,18,03f51ff145336e8b0b3740f93f96fe8af81eb409dffb118976a1aacf863ec171,no,yes,0.5871477723121643,0,2
opp115_data_retention,embed_base_logreg,0,3,19,c89c69b4178c8e62694dbbec4c5ed66aeb0fe5c55e301599ef066e3c3b4385f9,no,yes,0.5252151489257812,0,2
opp115_data_retention,embed_base_logreg,0,4,20,8c3716bcecd879ddf0f8827a6cbc7a3abc6d6a93b2089dd3ff73b38ddf0001e1,yes,no,0.7366477031514733,1,1
opp115_data_retention,embed_base_logreg,0,3,21,f15bd4dacb8cb1b84e653d23e7fe124f64a891cc8707ea67a161980021a3b418,no,no,0.9023161732178071,1,1
opp115_data_retention,embed_base_logreg,0,1,22,8f4f45d8a36971e3c0f25e096cde795561185b99b9e955438faba7a4d9fef7ca,yes,yes,0.5237973928451538,0,2
opp115_data_retention,embed_base_logreg,0,3,23,21eac8a720e29bc551d3c8df3375045370305435e24faa05b1d987ac9375d91e,yes,yes,0.7078191041946411,1,1
opp115_data_retention,embed_base_logreg,0,2,24,0dd0744922c1b1301ec97c32fe0ad034feab74cddd8fbda70c8f9ef34b1984cd,yes,no,0.5329722166061401,1,1
opp115_data_retention,embed_base_logreg,0,3,25,3fca71487f4cb96371c3aa5abdec8e2b540353f8e48d378f45873ae178857cc7,yes,yes,0.5182263851165771,0,2
opp115_data_retention,embed_base_logreg,0,0,26,dfe28276bb0dea301638082a29d464d5b991277d523df29efae965421e87545a,yes,yes,0.7622736692428589,1,1
opp115_data_retention,embed_base_logreg,0,3,27,8659994e0d17820ba141784fed4d0c18349ac65ec3723701527ef343db9ba2c1,yes,yes,0.7231037020683289,1,1
opp115_data_retention,embed_base_logreg,0,2,28,ac53d5dac4ea34e954ef4a4c00be85ca1da5b5fc8eb4c64c48283a7577095425,no,yes,0.5041245818138123,0,2
opp115_data_retention,embed_base_logreg,0,3,29,357a57196be8d969cfaf00bc58e3c97de8f72e1069c26ab0f58307d2cb1f9d5e,yes,yes,0.6901073455810547,1,1
opp115_data_retention,embed_base_logreg,0,2,30,7049bf1374796642411a05defe57eb86765db47de62248e00e4d77bcac1aee04,yes,no,0.5089567303657532,0,2
opp115_data_retention,embed_base_logreg,0,0,31,222418114ae837c0bd206440228b438f96014c6de64bdf072ca3006ccff9edef,yes,yes,0.8775125741958618,1,1
opp115_data_retention,embed_base_logreg,0,4,32,f757ac860de8bac9799d7d27ab9656bc254e26812f083c16a02936aa88791bbc,no,no,0.646843414102691,0,2
opp115_data_retention,embed_base_logreg,0,3,33,abc7c023b269931d630379941d539c55e5fa3c28b820a815a5c982c2631c347a,no,no,0.9151647618773224,1,1
opp115_data_retention,embed_base_logreg,0,3,34,7b32204f54e8ce396150ac1e8e02190e1403dc0cabd8a34f0561d5d7e93d436b,yes,yes,0.7378646731376648,1,1
opp115_data_retention,embed_base_logreg,0,1,35,fb2d529b248aa927f32f4656bd77156f68757ecc4f2c5fb3629b8a526b66b9b5,no,yes,0.5368344783782959,0,2
opp115_data_retention,embed_base_logreg,0,4,36,7d2ec8df6e3c214c2a93de17d8a3bf0d6d26027cd9d0044c301dc63237fa3945,no,no,0.5016672760745071,0,2
opp115_data_retention,embed_base_logreg,0,3,37,9ea4ee0eb3d9d04cc9a8af0091829dfe1ab1eadb8752a5a3717462508654ec04,yes,yes,0.8573837876319885,1,1
opp115_data_retention,embed_base_logreg,0,0,38,d77daaa5f063858c2906c7034002c097b5b47e32324c222526a7f3d8f02c5e83,no,no,0.5434080362319946,0,2
opp115_data_retention,embed_base_logreg,0,2,39,ec4a7bd8ad197241c5da09accfc4e31ec5b38e08bef387e0f4331c37a83ba409,no,no,0.5400888758871294,1,1
opp115_data_retention,embed_base_logreg,0,3,40,169f0b5e0d2932c82322740d6cd06b3021df2a4275d101bbed5152a0caec46f5,no,no,0.6272175125116851,0,2
opp115_data_retention,embed_base_logreg,0,2,41,3612cd825f0a2590279962431747097d0fbd3401192a8a62417ab05d87ff7cdc,no,no,0.5051510484561637,0,2
opp115_data_retention,embed_base_logreg,0,1,42,1c8146f855bf4280a45bbd60a4dd1aaf1d2462f0046648c27e23dc401581ad05,no,no,0.5940646948199065,1,1
opp115_data_retention,embed_base_logreg,0,4,43,60b00c02942a44883178b9d27e7722712a65e657f9aa8d7c70f8ed058831df55,no,no,0.6617294352731277,0,2
opp115_data_retention,embed_base_logreg,0,4,44,1b43600d724d025fee73e8dd3c3f6f6f83b2f2254ac3d807d4267fe457da1367,no,no,0.9333940148353577,1,1
opp115_data_retention,embed_base_logreg,0,3,45,1b425bddb73825802ebd5efb1770c952a4e9a9ade9939504b3214de4adbb127e,no,no,0.6808813214302063,1,1
opp115_data_retention,embed_base_logreg,0,3,46,14adf82ee0e3d6b6dfdd51d4d9647c2e6deb7e4569137c2c64156837745e8760,no,no,0.5531433820724487,0,2
opp115_data_retention,embed_base_logreg,0,3,47,943b0ad7763955e029b57dcfe7332b1e2eaf864f2607e3e69ac29c6ce7a999b7,no,no,0.7229684806754733,1,1
opp115_data_retention,embed_base_logreg,0,1,48,8f8364b2d3da12fe4295b94efb41660701eff5ff3ccd0f8330dbfff526bc2897,no,no,0.5976931870671157,1,1
opp115_data_retention,embed_base_logreg,0,0,49,6890c79c65173038a805d631a4323d13802b1a084e9e43845b520355afab971c,yes,no,0.7360232472419739,1,1
opp115_data_retention,embed_base_logreg,0,4,50,30f86ee9ab5fc9b4faf8f83a1adc03eb5e79e7209a5d1555158c62b5d07db921,no,no,0.6848199571615444,0,2
opp115_data_retention,embed_base_logreg,0,3,51,f90c0ab836f55a0533b7c63c67a680a19e6febf6f64c800cb0e2330b3842b9e9,no,no,0.6638021666944672,0,2
opp115_data_retention,embed_base_logreg,0,1,52,f11f4e51a1a75b9616635de4a16c46b939966efe3ff9f57c2a10946ae6db0a24,yes,yes,0.5549371242523193,0,2
opp115_data_retention,embed_base_logreg,0,2,53,551d327f8c9be82c0678a13e918c66a1e4261f956d2c31921b9793392dc0fb96,no,no,0.5755459241731741,1,1
opp115_data_retention,embed_base_logreg,0,2,54,7639ec8effacba52f92d78e35873af81a3c909d1bcb7991c3dee8eb8cd155eb0,no,no,0.502454400062561,0,2
opp115_data_retention,embed_base_logreg,0,4,55,3673e6ea57ecd4f466018707e593a4bdb9b7aef1644bff252a6f08d923f63e94,no,no,0.7120439026368828,1,1
opp115_data_retention,embed_base_logreg,0,0,56,6926dd609cf92d236cc7e7fa5da23576df2d87bc04d7e5abddc73b579061544b,yes,yes,0.7937407493591309,1,1
opp115_data_retention,embed_base_logreg,0,0,57,87174a10546e056f1c501b38df6beb64eb9d06a2e2a4b5ff08d40e522ecc8ca6,no,no,0.750022292137146,1,1
opp115_data_retention,embed_base_logreg,0,3,58,3ba755901c58d9df7c1ba20b53e5b32b53ab34a6e9c50dbaa693d1f7b0488595,no,no,0.842151403427124,1,1
opp115_data_retention,embed_base_logreg,0,2,59,057e0cd21f3f2d6f8ac7cc0f61244c4a688038e64aa3927b4911c6e6da385581,no,no,0.5058228969573975,0,2
opp115_data_retention,embed_base_logreg,0,1,60,f37843199faf0f23449b8c3794d5f872aa99c2b209afd10d0a95e32d3b24e389,yes,yes,0.5426494479179382,0,2
opp115_data_retention,embed_base_logreg,0,0,61,6ee61c9e44191e66fe010bd3648455dc5265a72fb87b3d7c5a8a93946094afbd,yes,yes,0.530150830745697,0,2
opp115_data_retention,embed_base_logreg,0,4,62,ca1bb8ae943ee9c0661e965007a76f4432974abc8477582c8c6ccde3c5753505,yes,yes,0.8319768309593201,1,1
opp115_data_retention,embed_base_logreg,0,3,63,acb73fd801c1e421dd498e8b4bf3b9b54243d6505f12ba6260ac82bc8f768f2d,yes,yes,0.5236124396324158,0,2
opp115_data_retention,embed_base_logreg,0,0,64,89b1f9976201dc2173e0bbdc34631faae2a8c790ba6da107d46e02ca87a08617,no,no,0.7917518615722656,1,1
opp115_data_retention,embed_base_logreg,0,3,65,2d7f91113988eaa8a6fc7bf434caf085a3ff857c610fdd7a70ad274b22cd61fe,yes,yes,0.6062319278717041,0,2
opp115_data_retention,embed_base_logreg,0,0,66,830329efa7f832e44e99f30030f4a9c15846e8b46fc521879633a9968097829d,yes,yes,0.6245312094688416,0,2
opp115_data_retention,embed_base_logreg,0,2,67,7ce9c26fb6b50a60fd9b2a6ef38fcde34bc68b2d1444bbe9f8ed3fea77f0b59e,no,no,0.5361049771308899,1,1
opp115_data_retention,embed_base_logreg,0,2,68,52f1898017e8ea0e0f71a60eee63f1dc2e5ef17b2456e445f969c030bb48f940,yes,yes,0.524577796459198,1,1
opp115_data_retention,embed_base_logreg,0,0,69,c67a4e4eaddb86e263afd6a612649b9485c97dae99f189639f96656b9087a012,no,no,0.6289865970611572,0,2
opp115_data_retention,embed_base_logreg,0,1,70,4a68c4a3020aafbdb9c4c6c7c31d71b98e713e853b9cff1de6b14c1c38bc9f24,no,no,0.6507915258407593,1,1
opp115_data_retention,embed_base_logreg,0,2,71,eedaad9d24addceb170d0b20737c42cbbb718262f7b7f5613310ef3ea6e84a41,yes,yes,0.5457640290260315,1,1
opp115_data_retention,embed_base_logreg,0,0,72,c97186e083514b27770a49119fddd31b1ea91626f7cc343d194e4939cc504c62,yes,yes,0.5836614370346069,0,2
opp115_data_retention,embed_base_logreg,0,3,73,188d814cc1989645ed98960c18733a0b3819b7a5e68c6e14a2678017b393be96,no,yes,0.5629842877388,0,2
opp115_data_retention,embed_base_logreg,0,1,74,87e15e4c3d53fbff03afef09d99be298396f7f93a460514045fb7cde9649fd1e,no,no,0.5155656933784485,0,2
opp115_data_retention,embed_base_logreg,0,4,75,18b1b534d366629f782db652c4bd4bb90f86a28a60fd65718523967f4f0524c6,no,yes,0.577090322971344,0,2
opp115_data_retention,embed_base_logreg,0,4,76,fa803d00ce6546e8478457a6d52ab9b6d8c7630ac8851e1fc52d67f7fb53fed7,yes,no,0.5119480934158536,0,2
opp115_data_retention,embed_base_logreg,0,2,77,08a0b4c02c02ae6cdb3a9a27b5f233c6f7b885749d7ce00159fa175639f6dcaf,yes,yes,0.6080795526504517,1,1
opp115_data_retention,embed_base_logreg,0,2,78,f06dd627e030196b06ee963e24c2dc68097362ee8edf0e1b8f06345c991920c8,no,yes,0.5274059176445007,1,1
opp115_data_retention,embed_base_logreg,0,0,79,093e1aa7c495478f254786dbe3a579997e7d3d1e60f1a95f37825c5fb42a3587,yes,yes,0.703077495098114,1,1
opp115_data_retention,embed_base_logreg,0,3,80,a9ce0f5db9dcfc9b61e4765e319b2b23ad2e83dad1801837b8f01cf5396bd079,yes,yes,0.9339002966880798,1,1
opp115_data_retention,embed_base_logreg,0,4,81,fe853791e43affc0b554bc15ac732e62d21598be47daeff71cff7c70fb3ace66,yes,yes,0.9253743290901184,1,1
opp115_data_retention,embed_base_logreg,0,0,82,8865d6dc769090f70b58a55fda31bb852e5f08b1c77b001d459bf988b50d86b9,yes,yes,0.8552073836326599,1,1
opp115_data_retention,embed_base_logreg,0,1,83,426332d37643f726b27481408434abcfc44dc8851f6c33cd5dd5632af590b1e7,no,yes,0.5614786744117737,0,2
opp115_data_retention,embed_base_logreg,0,0,84,a79935042d83fdf73a42c16202193b860ad3d5911ae723be591572b747a6b7e1,no,yes,0.7531399726867676,1,1
opp115_data_retention,embed_base_logreg,0,2,85,7ff692472ae904d4710c1f7bd076cb8c695d0f94fb75da5726e98b4fc6f4745e,yes,no,0.5298294425010681,1,1
opp115_data_retention,embed_base_logreg,0,2,86,3923241ca81aae32e7fcdbef21d829ba2e206096e796fb081b28142af7f5dc37,no,no,0.5252249836921692,1,1
opp115_data_retention,embed_base_logreg,0,0,87,34bf5b6a41eaa2411a0ffe792091dd421bc56965d2270c7f03641ba1296ed2ea,no,no,0.7492356077064393,1,1
opp115_data_retention,embed_base_logreg,0,1,88,3e9d2c06dca818e7895dc62865bd1f351c76a6a9a2576ebd72d3c3d723933bec,yes,yes,0.5021975040435791,0,2
opp115_data_retention,embed_base_logreg,0,4,89,90935d6dee8a77ca52d1b41a4960016c1f84e12aad956e07b67c47067fe621c0,no,no,0.7201154232025146,1,1
opp115_data_retention,embed_base_logreg,0,1,90,6103e00dfc5b9fc89a1bbc7bca32c60908d3af246a737c3cb6ca752a3b8e4273,yes,yes,0.599280059337616,1,1
opp115_data_retention,embed_base_logreg,0,3,91,10fd70c10966d05dfbdb4bd28d72e4d99e5b68a81e8201f2ed78f069887174bd,no,no,0.6664539376958031,1,1
opp115_data_retention,embed_base_logreg,0,4,92,8d527e2efc6a8cba2a09b999917ff3f57012ccb85c76b628e3986a189d0f806a,yes,yes,0.9756060242652893,1,1
opp115_data_retention,embed_base_logreg,0,0,93,8e7672199331041a2ffbadb8967b89b9584533bbefc1a8b1bdb06df30507a723,yes,no,0.5431881112810406,0,2
opp115_data_retention,embed_base_logreg,0,0,94,60271a38ebd73a503d4d63a7d24736a191329fa4c2ceb064478b0385b89e3531,no,no,0.6568568749172427,0,2
opp115_data_retention,embed_base_logreg,0,3,95,a2f433b20215694a24eb8879748021883ff1a49cef93caad0f629fd8f089f68e,yes,yes,0.6665992736816406,1,1
opp115_data_retention,embed_base_logreg,0,3,96,00c26499d96234846a991a8b3863d4bf82feae4d04b77fc0410d3c5284e88e93,no,yes,0.6746659278869629,1,1
opp115_data_retention,embed_base_logreg,0,2,97,ae95ebca76c16e99e7d1de2c967de0ff8c61305f33f7896c0a229dbe7469bd22,yes,yes,0.56181401014328,1,1
opp115_data_retention,embed_base_logreg,0,1,98,0e20e01a4fb7381675b2416a2e0129fd586a59aef87aa297fde7e7b33ba79b50,yes,yes,0.5129534602165222,0,2
opp115_data_retention,embed_base_logreg,0,0,99,d65f8be5d2d371519044d7daa6308a21fab28110dfa9283d6c6fc2a24d727b75,yes,yes,0.8690803647041321,1,1
opp115_data_retention,embed_base_logreg,0,4,100,a6826c796e514e13c24f3cd62fdaeb329b4e6a7a7c0fb49333ad9c42077d004e,no,no,0.5644442866908227,0,2
opp115_data_retention,embed_base_logreg,0,4,101,ae273fb46b67ef555b02f6b977a7bd0ef24425d26b9b57628cedbde78fe0f8e9,no,no,0.9315909812717957,1,1
opp115_data_retention,embed_base_logreg,0,0,102,01e3acbc33bf15313b5880a87df86cbbf898f221efc438d21065a2487d90caa5,yes,yes,0.6866534352302551,0,2
opp115_data_retention,embed_base_logreg,0,0,103,a0794a8831efac02f0c596d7fdd4ccd5cc97370cddba1ad6ddea24575530fa1c,no,no,0.7422887086868286,1,1
opp115_data_retention,embed_base_logreg,0,4,104,61b9dffd6a6c84dfcb4ffa8e49c1c0ced89c2c586fd2c56b2197c65619d78b95,yes,yes,0.978941798210144,1,1
opp115_data_retention,embed_base_logreg,0,1,105,24a215c96bf2875876591826ca6946592923950ca249a411067b3addcbe5ed53,no,no,0.5051597206246936,0,2
opp115_data_retention,embed_base_logreg,0,2,106,1a3457d784d82e13afbc9c92f5bf3cf8647142888d4ae6d381aa825881b2657d,yes,yes,0.5308133363723755,1,1
opp115_data_retention,embed_base_logreg,0,1,107,12e2a92314750078e8927c6895d3e605483c3df2def7e09b9ab8bbc1854455b4,yes,yes,0.5387187004089355,0,2
opp115_data_retention,embed_base_logreg,0,3,108,89d4afba01413f4f026c08de5ab9c1a752ec1fa7bd7ad2ef5f1e405f15a07e83,yes,yes,0.7594183683395386,1,1
opp115_data_retention,embed_base_logreg,0,2,109,1f839862705946b52e2163244afbaa70e2426147512f91860dc5601c5c2389bb,yes,yes,0.5365979671478271,1,1
opp115_data_retention,embed_base_logreg,0,0,110,935a7b863897a0ba0c8ad7901ed54fb2f12d631281676d3b3e3bf8aff853ade5,yes,no,0.6047818480497048,0,2
opp115_data_retention,embed_base_logreg,0,3,111,59c16506290887c7b0cddffcf2aa2e5f87747ee6e4f18ed8ee74e52fa2c008dc,yes,yes,0.7411283254623413,1,1
opp115_data_retention,embed_base_logreg,0,3,112,f64096926fb9c78f401fc0854671a223614422af71ed3a0685489963d966ac09,yes,yes,0.7514296174049377,1,1
opp115_data_retention,embed_base_logreg,0,4,113,2bc01bdcffae3876a8c7f082fd32fd529e78059380437c09551033b584275815,yes,yes,0.8281207084655762,1,1
opp115_data_retention,embed_base_logreg,0,1,114,4065a65416309e59bf310015b8b8efcc430db139973fb86d117f93e768031bc3,no,yes,0.5108407735824585,0,2
opp115_data_retention,embed_base_logreg,0,0,115,48d314a42dbe9fa058aca1dfb87bcf56f418fe9874699c1489237577f246b045,yes,no,0.6712740859769012,0,2
opp115_data_retention,embed_base_logreg,0,2,116,2ca25fd3736fd80ab90b2254eb3d425b036dcd4e9e62e4360386e416c9deab76,yes,yes,0.609957754611969,1,1
opp115_data_retention,embed_base_logreg,0,2,117,1161be58ea49ebc7fce1b9054d77589bb5307b3d56d34a516c160490929e414d,no,no,0.5423779325968643,1,1
opp115_data_retention,embed_base_logreg,0,2,118,414440c3a3ddf73ddf10106fd36a5cacfce9fd199ec8a7b46ee44844418507b6,yes,yes,0.538377583026886,1,1
opp115_data_retention,embed_base_logreg,0,0,119,0570fb4811b2e51a3e0641efb5a520396a092d396550cdaaafa76fd1dac4a726,no,no,0.6245981454849243,0,2
opp115_data_retention,embed_base_logreg,0,1,120,021c61c2b34b795a0959f5f7b9354579eaecfcf1f64d296e334113a271188ae6,no,no,0.5305908760252334,0,2
opp115_data_retention,embed_base_logreg,0,2,121,57bc9e8962d8c99f668d7b81efe244628bddf539fcf66d74483a90c984c2c5c6,no,no,0.6195361614227295,1,1
opp115_data_retention,embed_base_logreg,0,2,122,447ae551bbd401748cb52fffaa7c3f115ce1dffe28c99efe5dc9dc0d38122e4f,no,no,0.6030888557434082,1,1
opp115_data_retention,embed_base_logreg,0,1,123,085b13c1eb4bd3144c896064ba632a965391017f9345f3085f1b98209c91afdf,yes,yes,0.708858072757721,1,1
opp115_data_retention,embed_base_logreg,0,1,124,e4482c06dbe65a91bf1c1f134d6c0e1558da84dd5b5e12594c08686b3eddc8a3,yes,yes,0.8094242811203003,1,1
opp115_data_retention,embed_base_logreg,0,0,125,a9782bc9bc1c192c7edcab363fd4afb1b36914cdf9dafc5b0a12a0823a025886,no,no,0.5325366417329502,0,2
opp115_data_retention,embed_base_logreg,0,1,126,b2a84f40bc79374e0543efa4424fae4d57188002eda7fd63f02dc333becbea83,no,no,0.5974946200100965,1,1
opp115_data_retention,embed_base_logreg,0,4,127,088f49e7378b28bce726054b67e2fabf46daf9e8d352e2a1228c22cf0fac683f,yes,yes,0.9733731746673584,1,1
opp115_data_retention,embed_base_logreg,0,4,128,93bf89a1de994e270413193fcbbcddc3491dcce4054e367a7c1d74c169ad4b14,no,no,0.9475294947624207,1,1
opp115_data_retention,embed_base_logreg,0,2,129,b6bad323bdb4a1398adcba0b0c816828e25650472c3a77d2d6b19f655dab819b,no,no,0.5334917902946472,1,1
opp115_data_retention,embed_base_logreg,0,0,130,d5ecccdb1813c7c945c958ccb2c108cfcb2a7bd8707476f5f1365e825a0ad246,yes,yes,0.5523002743721008,0,2
opp115_data_retention,embed_base_logreg,0,1,131,7df5b7ffb7936618b90ec589b9e3fbc2842e1ff8869ad45b308533577fd77d86,yes,yes,0.5744391083717346,0,2
opp115_data_retention,embed_base_logreg,0,4,132,7ebb25afa192ba9160052426ef3b16f9c49812cb556a72816da619716925449f,yes,yes,0.976241946220398,1,1
opp115_data_retention,embed_base_logreg,0,1,133,d267bda3f7daabde7131ec43fd663b7f38ebcd905b34ddcac52e23248e63f754,no,no,0.6206344366073608,1,1
opp115_data_retention,embed_base_logreg,0,4,134,8ebe484f8aa9fbd1ab3ffff75a73d134e929f509b531bf7d550cd2fbafb24fdf,yes,yes,0.9089272618293762,1,1
opp115_data_retention,embed_base_logreg,0,1,135,9d6da06849780c6cf3a06b96df57fcbef807a25b5373dd15334941d35b8f6a78,yes,yes,0.5624355673789978,0,2
opp115_data_retention,embed_base_logreg,0,1,136,9256ff8336f43973ac32483cf4a485168f7281caab039c91aa5ec45e7042acd1,yes,yes,0.6740922927856445,1,1
opp115_data_retention,embed_base_logreg,0,2,137,e08e585482b8d3906c0fcf66a5da160b9e819f25aac0e92c2086f5bd74b9f58c,yes,yes,0.6763854622840881,1,1
opp115_data_retention,embed_base_logreg,0,2,138,6fcf71b27d46f55ce193efc7f9afc04455f73116a9db84833f80e06f9ca50565,yes,yes,0.5196099281311035,0,2
opp115_data_retention,embed_base_logreg,0,0,139,c4b6d77aeaa5302389ac8f3608bfb27c4df1b76118cc8f54d2313c0a264133d5,yes,yes,0.8425257205963135,1,1
opp115_data_retention,embed_base_logreg,0,2,140,275a4d4239c413d2e99aedb43348f0606ad8850f1db7dc4e3118c3b47065f91a,no,no,0.5104289054870605,0,2
opp115_data_retention,embed_base_logreg,0,1,141,8a20b838887a4c084a09c1abf0e23b8c9ca43c382e2bbfe5e69c3dfe3fa607cc,no,no,0.5002711862244849,0,2
opp115_data_retention,embed_base_logreg,0,2,142,d59761f593cdeec8646bc296f9d941e7e44cc354579e86fdca852baf273fc357,yes,yes,0.5646938681602478,1,1
opp115_data_retention,embed_base_logreg,0,1,143,e88625cea1e9848ab0c422dd31cb03bb37e230c04824f11aedb42e6256d88861,yes,yes,0.6150907874107361,1,1
opp115_data_retention,embed_base_logreg,0,1,144,472ac5ccf3636aa466c509158d54b8605d606563706d77f86728caf86b56828e,yes,no,0.5056684167882328,0,2
opp115_data_retention,embed_base_logreg,0,3,145,8b3ae3f08e20d45d17f031fd4b86caaca9a1df9e99e24770119d51d8f0ac3045,no,no,0.5682966113090515,0,2
opp115_data_retention,embed_base_logreg,0,0,146,a47590671f0c8a96c36f7d6c9a24adea2693fe733ebba1c9966755e8a4662599,yes,no,0.5476762652397156,0,2
opp115_data_retention,embed_base_logreg,0,0,147,f499e421475ec682cadb46341e6d310462e81d20c890a16c9b4ad060534ed6d0,no,no,0.7294369718600222,1,1
opp115_data_retention,embed_base_logreg,0,3,148,f0cadbba69345266de6559680ae988e0fed4878bed5c0c92243e9d6d5d9f7bf6,no,no,0.682023286819458,1,1
opp115_data_retention,embed_base_logreg,0,0,149,f321c837be3d158ef7ff42e4a5c07de189845d4d7b643c668200b64b5c207e56,no,no,0.6204802989959717,0,2
opp115_data_retention,embed_base_logreg,0,4,150,1676246f4b932466894e0b3d528e741e4f90b6762f68e0ababf10e220767ab49,yes,no,0.8267246957611338,1,1
opp115_data_retention,embed_base_logreg,0,3,151,619d8a38ba5513f1cec70851f3865bfadc53827c6747264023f10a362373d101,no,no,0.6059611439704895,0,2
opp115_data_retention,embed_base_logreg,0,0,152,1b974e8954f0d9b48a91a29c0214076ca646d79b431e0a4492d19f30afef870c,no,no,0.5808355981360555,0,2
opp115_data_retention,embed_base_logreg,0,3,153,1b5aa100191a7360936d3578d1b9c3564918a79175346bc1ff23b914d46d70e8,no,yes,0.6032031178474426,0,2
opp115_data_retention,embed_base_logreg,0,2,154,1fc468ce0666d80d3a1c8e28b4d8988e6f57eb4ba403b9f180c648047c14fcb7,no,no,0.570803778493517,1,1
opp115_data_retention,embed_base_logreg,0,2,155,2630c3c03b6464991051cceb40eb38f315ce523c5773801b2a3351439cc0170c,yes,yes,0.5217081904411316,0,2
opp115_data_retention,embed_base_logreg,0,1,156,a31f38cb747b69b44e923e5768a51ba824e616032b10029b3afa678eecd6732d,no,no,0.7063836840872859,1,1
opp115_data_retention,embed_base_logreg,0,4,157,ff1baeee0f8055c9e395e216bd36541aa63ad084b6059cee873347c1db25ddc0,yes,yes,0.8067513704299927,1,1
opp115_data_retention,embed_base_logreg,0,2,158,28546a833bc592ba4da981179283a48d9b8e32faed0b19dc3fbd8c7a7dd50f37,yes,yes,0.5497068762779236,1,1
opp115_data_retention,embed_base_logreg,0,0,159,d410d20de93ec6d821438156036e88e141275e0728cbd81aa73889aeaaaaa0a5,no,no,0.6876938343048096,0,2
opp115_data_retention,embed_base_logreg,0,1,160,76c5c816c44786f5d8278d5c4344bd435d73b1ebc675162fd420b7577c9b34cb,no,no,0.6342757751263447,1,1
opp115_data_retention,embed_base_logreg,0,4,161,799451ec0744a90f7eb75457279c0ce6f460b9e3ce9926e51d1dbaf241d6ca78,yes,no,0.6955565810203552,1,1
opp115_data_retention,embed_base_logreg,0,2,162,551af7abca70932f3a0ef1229da16859dacbb33fcc413d4cd74833abb950ad33,yes,yes,0.5136609077453613,0,2
opp115_data_retention,embed_base_logreg,0,3,163,a6c7b7ef0cfcf9699e3078342794813b33930d6d73ef7b82d649e0cd79b1f9a6,yes,yes,0.6806004047393799,1,1
opp115_data_retention,embed_base_logreg,0,4,164,5a9e7a696d6ef019dd40f5984dd0ba98efccf5593166eaa0c496b20fa2746a76,yes,yes,0.934136688709259,1,1
opp115_data_retention,embed_base_logreg,0,0,165,fb5bb7c3433b9471663a47edd44e1cdd1c25ed74aa2c172c37dd997d1e6c1852,no,yes,0.5199721455574036,0,2
opp115_data_retention,embed_base_logreg,0,2,166,78bb11f1743e056742c00c3df7250817a755dce1dd5835869a2fb8b84e3bc2a4,no,no,0.5801942175568874,1,1
opp115_data_retention,embed_base_logreg,0,2,167,1abf35a14e7951c638a92c72eb3e662003b16ef0ddd618560be900d5e64f25a6,no,no,0.5133370161056519,0,2
opp115_data_retention,embed_base_logreg,0,3,168,82f45f405a5e1d0c32c0aa4104f22d7551bc3a67281e641a11ac83effe659f98,no,no,0.7507631666844612,1,1
opp115_data_retention,embed_base_logreg,0,0,169,5e45c583666bd2b302d372c46c671eef771afaf9528578e9829b226172636768,yes,yes,0.7125079035758972,1,1
opp115_data_retention,embed_base_logreg,0,1,170,a9542e9239ad9fa5fe798e6e26246771ac82a8b7005dad2341ca2ee512a27e28,no,no,0.6358027458190918,1,1
opp115_data_retention,embed_base_logreg,0,2,171,771b749f5c9ba209d78db7f0ac0f63caa7967c12a2872244c725be1a6170e4bf,no,no,0.6468877985145985,1,1
opp115_data_retention,embed_base_logreg,0,2,172,6429e704b1b7bc0c3244e81a91fde9ed92188025964f1d2d310b93923729cfe4,no,no,0.5503615304935434,1,1
opp115_data_retention,embed_base_logreg,0,3,173,2199e3232e265ca67a9644ec81e95b1cb53aa0ad77d8e5f28f54888d985eb153,no,no,0.5865405201911926,0,2
opp115_data_retention,embed_base_logreg,0,4,174,168c1f8fe9461bd4e50ddb2ced4e38f5b32927ec525c32ef3ef9caf4aac4f36c,yes,yes,0.7640535235404968,1,1
opp115_data_retention,embed_base_logreg,0,0,175,7fbc3e8d046e40175885a2131dbd1d61a930c28a1180efc3a9547e585536f7f6,no,no,0.7726980562910148,1,1
opp115_data_retention,embed_base_logreg,0,4,176,501249f20fe324cd55375fb36b14e360a23882582f1ac569eeff4584126cfd87,yes,yes,0.7175402641296387,1,1
opp115_data_retention,embed_base_logreg,0,3,177,12bcae560154d423083c35b272770f335f9553357e5869fb43154ccdf33846db,yes,yes,0.8356906175613403,1,1
opp115_data_retention,embed_base_logreg,0,1,178,d36e9685d44e56c9f78953fa6aaf57669c968b49cd0fe0a1745152927c8d4130,no,no,0.627816915512085,1,1
opp115_data_retention,embed_base_logreg,0,2,179,65714301dfdbca9f00d701048d1fbf28fce86f25343fcdbcdbf0d9d1b38ccaed,yes,yes,0.5938761234283447,1,1
opp115_data_retention,embed_base_logreg,0,1,180,56b4f2662bf4174e7b8c2938a99ec052b918ce8e1e887eb5cfa74512d3e8093f,yes,yes,0.6446410417556763,1,1
opp115_data_retention,embed_base_logreg,0,3,181,786c88cca6c8382022ca97c03b2d0527fed556aefda3e38cac2bab6ffe58dc7e,no,no,0.7640911340713501,1,1
opp115_data_retention,embed_base_logreg,0,0,182,4ecbddf240d7a5766bcfe8d2590717e74dac0e70abd05993cd0430fc1d16186d,no,yes,0.502837061882019,0,2
opp115_data_retention,embed_base_logreg,0,2,183,1bf325cb55644bf9f3fae7c85dbe467894de54012da4fa9b66d6a3a22673b41d,yes,no,0.527406438368367,1,1
opp115_data_retention,embed_base_logreg,0,4,184,1ea805b1eea1cacd586e1eee0f3cfe197a35d7e32fb03708c3c497f723298775,no,no,0.9095280630956879,1,1
opp115_data_retention,embed_base_logreg,0,4,185,19a13f3eb97a89ca1ef1b119b1c9367a382e7060b09a82f69b1e4e35a3c13204,no,no,0.5918259024620056,0,2
opp115_data_retention,embed_base_logreg,0,4,186,425e3ff0ff4eca4cfa77f598fe216971b57633e8ef911f861dc04886f4c049e2,no,no,0.6002837598408389,0,2
opp115_data_retention,embed_base_logreg,0,4,187,243100889954d3e9c45757d0a63cf23a39a1b2cf49a14ee10f84c234f5996315,no,no,0.6826300824472332,0,2
opp115_data_retention,embed_base_logreg,0,0,188,a062207fb7a531517ea76930d66bb278f5f2ef789cb4451458d1cf34cce4ab36,no,no,0.5357029278366885,0,2
opp115_data_retention,embed_base_logreg,0,3,189,f98e4b656bc0472164c8d54bfdea68ac9091e88ce8b774ed0038896f2cf18427,yes,yes,0.6102208495140076,0,2
opp115_data_retention,embed_base_logreg,0,1,190,ef7a61507dbd56bbdd5333070f23449cc1050797c8e0ea36826e0dc081f6e86c,no,no,0.569915039243846,0,2
opp115_data_retention,embed_base_logreg,0,1,191,c64822a69e008ced686015ff70e24a6247ef6b472ebe88d75d02e646aabca2cd,yes,yes,0.7513622641563416,1,1
opp115_data_retention,embed_base_logreg,0,4,192,c1502e008f774444d032c5dc418fa6dd1bb36626176c5bdd47028e51f7d5470d,no,no,0.7069909783301049,1,1
opp115_data_retention,embed_base_logreg,0,0,193,494df37378cf8f74264182865f738cc77f8aaf4fdcc9814a86f99a17f131b2c9,yes,yes,0.8042653799057007,1,1
opp115_data_retention,embed_base_logreg,0,4,194,e7bc4ee0cfffa4fec28bcc2e49a2f7152ccfd743b63cad48404579f5346c9a69,no,no,0.8920476237226809,1,1
opp115_data_retention,embed_base_logreg,0,2,195,9df22399a60ca5da1e856dcb80c9e8e91c896e4712694be92ec80dae5d669dc7,yes,yes,0.6394224166870117,1,1
opp115_data_retention,embed_base_logreg,0,1,196,484cce2ad834362e2ccb3d4894efcae1dfdf44224b918aece53c17203e3dbff2,yes,no,0.5596211981886268,0,2
opp115_data_retention,embed_base_logreg,0,1,197,e822d4f401a34b07af4ed5395f92f976cdc7b0ce397e1c2ffced1c937c81d2ec,yes,no,0.5329612493515015,0,2
opp115_data_retention,embed_base_logreg,0,3,198,57a74ccfcfe7608c6f4350d2552457ccbdd2eb9ba720641c524fd09bc5598fe2,yes,yes,0.8787152171134949,1,1
opp115_data_retention,embed_base_logreg,0,0,199,1fab31543ccbbb32cdadd46142e45a56f35e1d1e3450b5b59654008ee2c58452,no,yes,0.5139709115028381,0,2
opp115_data_retention,embed_base_logreg,0,2,200,2e8ae1b53bbd23b3cdf5e510ad01501a6c3c77c83c76edc9d6220387694b3146,yes,yes,0.5510464906692505,1,1
opp115_data_retention,embed_base_logreg,0,3,201,3004082ff910b7c447da1693b12bc592c912baba20a3f7fa3d8856806981f07d,yes,yes,0.5415484309196472,0,2
opp115_data_retention,embed_base_logreg,0,2,202,b3cb815b0e314945f81b1e51e706918ed3fa4180164a7815cb8d50075cf7dd77,no,yes,0.506742537021637,0,2
opp115_data_retention,embed_base_logreg,0,1,203,afe6b4fcda20339effa6c437b8dddb0737ca5774f21b675e10cee4edcb0b2ba6,no,yes,0.5265265703201294,0,2
opp115_data_retention,embed_base_logreg,0,2,204,425e6f8fb17f0976e13e4561a405d2be1bf2feaa4d817ac2d139387146f3bd31,no,no,0.5105736103482958,0,2
opp115_data_retention,embed_base_logreg,0,0,205,9e4ba9ac193a5b11eed78ae6cf09f456a4bf6cbeb6b7ecc8edbdc4eb64b40ee6,yes,yes,0.8208575248718262,1,1
opp115_data_retention,embed_base_logreg,0,3,206,01aedd6fb8f591d73f87602fc32e2eb3f589628586199ae0a08ea28cc0095f28,yes,yes,0.6515204310417175,0,2
opp115_data_retention,embed_base_logreg,0,4,207,cfa624403984bc99aecc9847407eddcedb97c357900a09f4b366afb61186bb7e,yes,yes,0.5992074012756348,0,2
opp115_data_retention,embed_base_logreg,0,2,208,deb1609f9680931ac921c3f39ec34329f8267411177d3d90aa9ef55f56a7b498,no,no,0.5566408038139343,1,1
opp115_data_retention,embed_base_logreg,0,0,209,268317cace58fd35238bcdc0b1215a3d8e099f45eeff329dd80dde5b2353fc8d,yes,yes,0.5977073907852173,0,2
opp115_data_retention,embed_base_logreg,0,0,210,fcf9351be7dab9559af1a3b9c986fe2cf37456ba80908e462dac832ba398700c,no,no,0.671299397945404,0,2
opp115_data_retention,embed_base_logreg,0,2,211,f678cfdd7e9c0f3928c9f066039490ad2fa404de918d07e36115bdf6c4949d41,no,yes,0.5044249892234802,0,2
opp115_data_retention,embed_base_logreg,0,1,212,32a41e20f9d847ef04f07df2b8622a480d1dece63261191cda3bb3996acd72d3,yes,yes,0.6461766958236694,1,1
opp115_data_retention,embed_base_logreg,0,2,213,8ec9dc8ff6db732637848bb964f217566251e05b5c258dbbbd97c7eca79c0825,no,yes,0.5165985822677612,0,2
opp115_data_retention,embed_base_logreg,0,4,214,c6627196674562989315bccb36804bae1115c2df68464968e8556abba6ca6fa1,no,no,0.8094186541611357,1,1
opp115_data_retention,embed_base_logreg,0,4,215,8f6572c828f9d34a2984a9e493510acace0a0962806968f2338456db9b64f909,yes,yes,0.6413906216621399,0,2
opp115_data_retention,embed_base_logreg,0,1,216,79705eaf61441ff37f6d5f11fa8666e9ff5564b4ee175daebaf8f1c6dabb226b,no,no,0.6812524199485779,1,1
opp115_data_retention,embed_base_logreg,0,2,217,579c64913914b83e0bfb518994954c4f9689ff6263b5fdda7696a61482e31b27,no,yes,0.5040345788002014,0,2
opp115_data_retention,embed_base_logreg,0,3,218,52c3657ff1bfb928a7a3fa625c19d563556e3925b75890eb6b0b602df7ac91f3,yes,yes,0.7170001268386841,1,1
opp115_data_retention,embed_base_logreg,0,3,219,32fe73db251df3aa92db6a1a1c681bcd91e061358c14841e50814e1b413f3f19,no,no,0.5571610927581787,0,2
opp115_data_retention,embed_base_logreg,0,4,220,b1ccd2bb7370a2a763dad092f888f4e2a97f2f2935ba8fc5305bad5a7da03e91,no,no,0.7271451950073242,1,1
opp115_data_retention,embed_base_logreg,0,1,221,286dd9f430087d20ac2b2d1e5b2ffb027e6a3c17c8c712179d567e3f74262574,yes,yes,0.7505682110786438,1,1
opp115_data_retention,embed_base_logreg,0,3,222,7ae91b4e09b70faf3863bcdf2881b4370a1bdee1421be7b09a07b40ea31bbddd,yes,yes,0.8548147082328796,1,1
opp115_data_retention,embed_base_logreg,0,0,223,46ab7b708623a654c3f4754e7de54d0f7f5262c25a56a9089ec4b0a06321e5ce,yes,no,0.5129294395446777,0,2
opp115_data_retention,embed_base_logreg,0,4,224,9ccbd99d243f6fccfdb5ade9893285b113a60399c981dd39f15468a92272b280,yes,yes,0.8546604514122009,1,1
opp115_data_retention,embed_base_logreg,0,0,225,dc2bcbcc57f6752c67ab7f8f29e23d38c5ab5f2b5853eceb626946f7fef43e63,yes,no,0.5309414267539978,0,2
opp115_data_retention,embed_base_logreg,0,2,226,ebd6ff5a40784887fd22e2a782aa8e6c5172416cd89da968f0a8ca8a1c587032,yes,no,0.5193786025047302,0,2
opp115_data_retention,embed_base_logreg,0,4,227,d19696c556b2338e90c8b6ffeca489622dce2a164aafca75bb4404c204b35f14,no,yes,0.5861356258392334,0,2
opp115_data_retention,embed_base_logreg,0,1,228,231bd657c2964de6c6ea8a1d9437fd6afd87001f261f26031a982be996c8cdb2,no,no,0.750200401994592,1,1
opp115_data_retention,embed_base_logreg,0,3,229,07695545e4b0ac85eb721da8201b6633989f41219d0813c611a3b4b94e43300b,no,no,0.6142798479116008,0,2
opp115_data_retention,embed_base_logreg,0,0,230,07c588e0587dec8248cc485ba9c6576750efed45b3a5b316f1070256eab6fad1,no,no,0.7700196275109163,1,1
opp115_data_retention,embed_base_logreg,0,2,231,7ff692472ae904d4710c1f7bd076cb8c695d0f94fb75da5726e98b4fc6f4745e,yes,no,0.5298294425010681,1,1
opp115_data_retention,embed_base_logreg,0,4,232,6976f37f3945036a2d6a03e8d1fda2d187b08666dcde5d5fb041ceeb3fad051d,no,no,0.8313460102276203,1,1
opp115_data_retention,embed_base_logreg,0,2,233,24329a0a8cf39a8b9c64fb2e1a20cb53a03b54d4ec040ae95fdef41c0fe61c48,no,no,0.5281054973602295,1,1
opp115_data_retention,embed_base_logreg,0,3,234,f84077447e66f9200b7a8102f0008b329629b65cd75e9c18d9a70e14f0e12b6d,yes,yes,0.7599083781242371,1,1
opp115_data_retention,embed_base_logreg,0,1,235,1e59f4141dad643b5759ddec3cf94ac691b5377cc52812cd4a13c121cc31d379,yes,yes,0.5037397146224976,0,2
opp115_data_retention,embed_base_logreg,0,4,236,e278f2edce8b4e0802417192f137cf31f4d4f91e3b80757695952d1b52e2340a,yes,yes,0.5782012343406677,0,2
opp115_data_retention,embed_base_logreg,0,3,237,01828d6aebf17dbb1ad67764d82b586f69e1acccc913ebb33a8dd70e22e17a55,no,no,0.6442973805754596,0,2
opp115_data_retention,embed_base_logreg,0,2,238,a655398af474837f8aea04a211d471f032e92a6dd95cde5aa013b3742aa07e2d,yes,yes,0.6633760929107666,1,1
opp115_data_retention,embed_base_logreg,0,4,239,804847995735f8dfa9797e268facbb80a5b434604065fdf81cb85fa16a925e3f,yes,no,0.7442577481269836,1,1
opp115_data_retention,embed_base_logreg,0,1,240,50b52ff785cc7ba25950a1e06086d5e1acf219d84091ca95765ec22900044578,yes,yes,0.5892046689987183,1,1
opp115_data_retention,embed_base_logreg,0,4,241,3f34b14ee060ce604c8fa33a42f0adbc49a3eef1ae996f5a64eba6b33e55d486,no,no,0.8159303190697778,1,1
opp115_data_retention,embed_base_logreg,0,3,242,ac38c4e75d9ead7df72ab064029c60831b86c70cc9cc2ef142ccc77103916c5a,no,yes,0.5621257424354553,0,2
opp115_data_retention,embed_base_logreg,0,3,243,ad34a91ff28db78f3828eee27f65dfc77194d18529b5c5a72f714c550a1bfee8,yes,no,0.537030680864135,0,2
opp115_data_retention,embed_base_logreg,0,4,244,7f58b2111392f889922217ef5d4a11f5cede6eb86408b0140fbb832204f39c63,yes,yes,0.5908626914024353,0,2
opp115_data_retention,embed_base_logreg,0,2,245,0f685ea5f05b7bd2894de89b143ea229c2ffa042482785574cb759d9a54bc06f,yes,yes,0.5908729434013367,1,1
opp115_data_retention,embed_base_logreg,0,4,246,ae9063afaaf895e06d6bc6fd779839bc111acb3ed9913ab2199c848f1581980d,yes,yes,0.5711765289306641,0,2
opp115_data_retention,embed_base_logreg,0,3,247,50a0e0ba2aca555b3c28b225f87b1942031bdabcf9d04f89dda1b39b96bd9b42,no,no,0.6965985894203186,1,1
opp115_data_retention,embed_base_logreg,0,1,248,e70de619913753bc42a24b74c19fa0f6d78b4f2065dd29cbdd1d094d8a1c4958,yes,yes,0.5674543380737305,0,2
opp115_data_retention,embed_base_logreg,0,4,249,38525a384cff0762f804e1a21a7b89ac657c8eab1c3a09f8da7f97a684ed8cbb,no,no,0.9712033596484915,1,1
opp115_data_retention,embed_base_logreg,0,1,250,a608d369acb8b39938b51bc67b06b14e46f4e7b30af9060ec12d40ec76a02693,no,no,0.549479603767395,0,2
opp115_data_retention,embed_base_logreg,0,4,251,b6849c5e7505d5ea81a96d7302dc64625027f1333fdd1ad5acdc5674a1356024,yes,yes,0.7340889573097229,1,1
opp115_data_retention,embed_base_logreg,0,4,252,2f62c54cbda8addbe6232f8471c0c55c65ddf75bd4f4201f20095a468a6d4a3f,yes,yes,0.7794068455696106,1,1
opp115_data_retention,embed_base_logreg,0,0,253,a7f9911c6c83b3445ee6ccbf2a64537355af6eda468b91834e1f28a39870328a,no,yes,0.5612192153930664,0,2
opp115_data_retention,embed_base_logreg,0,0,254,331b1f34bbf6a523faaf139562c3206a26f73f76a0af24ccb8b7d410c5809648,yes,yes,0.7250058650970459,1,1
opp115_data_retention,embed_base_logreg,0,4,255,1e9d5bebd73b6b03196102c13d6398e9684f640319406b8cfd2182f5efec90e8,no,no,0.9307548861093091,1,1
opp115_data_retention,embed_base_logreg,0,4,256,c385be8e4dc911b9d1100018a19156fd997244226e0ad228c94cdf495b72c9c9,no,no,0.9367316504825898,1,1
opp115_data_retention,embed_base_logreg,0,1,257,f316ea31b0b9f52d7e58dea2321f7f1367c3b9713783bc8e8a54df26122cb53c,yes,yes,0.6475086808204651,1,1
opp115_data_retention,embed_base_logreg,0,0,258,f869eb75e9a1654c2216095771718fd988f6460ba8e79d76d0dda31b878d4a0f,yes,no,0.6118778586387634,0,2
opp115_data_retention,embed_base_logreg,0,1,259,9a18bf5bedcef58fb061941815a1dc4f26be41d24545b1dedc4a4cd9c3882dba,no,no,0.5543100833892822,0,2
opp115_data_retention,embed_base_logreg,0,0,260,7787497942b66196747d386679fb92dd42ec1ca9c3e6b38147ab015d42b529f9,yes,no,0.5266189732139996,0,2
opp115_data_retention,embed_base_logreg,0,3,261,00ac89c540730a3531332c3398cff49e8db87a948ea4434b63039bcb165b2c66,no,yes,0.5644262433052063,0,2
opp115_data_retention,embed_base_logreg,0,2,262,b3eaec0a573a24dbb3b21c0d97605c822ad645c92272d7e319ba9f7a8dd0a73d,yes,yes,0.5197113752365112,0,2
opp115_data_retention,embed_base_logreg,0,4,263,83055255358a99afb2a4d5dfa1be49e9d6fd08fb4cf38447b4bedcb96fbaca8d,no,no,0.919569208019513,1,1
opp115_data_retention,embed_base_logreg,0,0,264,6c7d9bce9289e4f305f3bc9a7102fc099f5e7104e35642b6ab9464a465815dde,no,no,0.8427767031971112,1,1
opp115_data_retention,embed_base_logreg,0,0,265,f0790f05da1a430476726fb1d935f7e771506db7ce34ebd7f8865c7b3ce9deaf,no,no,0.6503715321310898,0,2
opp115_data_retention,embed_base_logreg,0,0,266,6b6d1b46091d740d9c3bf0588df61c7c5df56a0200635bc1d29ea0280f4fb3c9,yes,no,0.5437726812430417,0,2
opp115_data_retention,embed_base_logreg,0,3,267,5c6dba33e1a2705163733543bfde75d0e215a2360c17dbc9cf06ae0c153b6014,yes,yes,0.8577847480773926,1,1
opp115_data_retention,embed_base_logreg,0,3,268,097d257865b8010cfae87562ae3acd3cfdd11d628daf6eb19ef0fb02f8aa5cfd,no,no,0.7678719048519149,1,1
opp115_data_retention,embed_base_logreg,0,2,269,a7d0e7229ee813df0da48f22c8b9f7164d3d78eb630fe2d9c12c0b817523b0bd,yes,yes,0.5446863174438477,1,1
opp115_data_retention,embed_base_logreg,0,2,270,0585dd317c2fd60618e5b686ab9f9d98a1498248e25825af326df46675c317bb,no,no,0.561460597471577,1,1
opp115_data_retention,embed_base_logreg,0,3,271,944fc9978a2a6b5e1ca37acc5b4274abb44dd61ceeb497332d87e0966bd5b850,no,yes,0.7736611366271973,1,1
opp115_data_retention,embed_base_logreg,0,0,272,6882433d496d02569b5744fb8aa186a9982b24c294237298ad5e876598182f8e,yes,no,0.5709373950958252,0,2
opp115_data_retention,embed_base_logreg,0,2,273,77d837bdb3945e037c6bc1e1ceffccf5972537d088e53139f85cd61a40ba32bb,no,yes,0.5708751082420349,1,1
opp115_data_retention,embed_base_logreg,0,4,274,ac03c789e91d566843ad44eee24526ca26c89d6e49ae164d8987eecfbffec7e0,no,no,0.9402273928382523,1,1
opp115_data_retention,embed_base_logreg,0,4,275,631509edaa82bfb9fe669ef2c49aab37a6a8b5ded6d502ee11e0982aa874f854,yes,yes,0.8838704228401184,1,1
opp115_data_retention,embed_base_logreg,0,4,276,a943897a4f2d7fe76699b0f268dd2dfd57ada734ac5a21bae2739666abe7d190,no,no,0.7569224608861667,1,1
opp115_data_retention,embed_base_logreg,0,0,277,e397b9fb3a1c4f92db03685edaf800fbcd4fc51e0b0121c1f0eebb6a868e6afe,no,no,0.6800606048089085,0,2
opp115_data_retention,embed_base_logreg,0,1,278,8c3bafbb5ff5851b2762dd74740a9378d5b1a8ee8e05b0195f923bdc8ecd18c8,no,no,0.640343565951096,1,1
opp115_data_retention,embed_base_logreg,0,4,279,dff95303893a2a3012f5c89bd306f5e5ecdf1f4aeded9761df3aa3a04cc3e317,yes,no,0.6833505630493164,0,2
opp115_data_retention,embed_base_logreg,0,1,280,7e39a80962a7f4e89e48e00fa790fd0fe9a679346f05446bc5648239a5551aa0,no,yes,0.538313090801239,0,2
opp115_data_retention,embed_base_logreg,0,0,281,37026006daaf329041e125901210e0ed07673977b50ab75247530d80efcab30b,yes,no,0.67987459897995,0,2
opp115_data_retention,embed_base_logreg,0,3,282,5a91dd4bf9e4d39f9bb845b50ecec4b500fa2c0314aab3146eb267953b009191,yes,yes,0.6306961178779602,0,2
opp115_data_retention,embed_base_logreg,0,1,283,eee0077d4ac9d0305983ae7802727bf2185a52bc5a0ed3f9248da5977fb9122a,no,no,0.5678837130104389,0,2
opp115_data_retention,embed_base_logreg,0,2,284,e4a77beb5442f26027cc4c8e99456c5e2f3a51e71efb7986820a6eaa41688a2d,yes,yes,0.5080888867378235,0,2
opp115_data_retention,embed_base_logreg,0,4,285,5fb1ee934e23642de0a5dbffa00ae79d14f0668f5bfd41272c0f7608f3e65093,yes,yes,0.6002042293548584,0,2
opp115_data_retention,embed_base_logreg,0,2,286,0099b44663fb6e62c7e0e721a23c1a9d02a508dabfb9b2578697a893040f6288,no,no,0.5087797490125969,0,2
opp115_data_retention,embed_base_logreg,0,3,287,20fff12dbb9c94a47ff332d13ed9d2e47a8a20112eed351497b59496f4c96ebd,yes,yes,0.7706501483917236,1,1
opp115_data_retention,embed_base_logreg,0,4,288,a4050cf1e40640de6f219bf7c86291057a6cbee66710f4cd042edb07054c5be6,yes,yes,0.8035080432891846,1,1
opp115_data_retention,embed_base_logreg,0,1,289,320dcdb13784b37639fdafd0af9f079b25a6aa37dde118d245f2bc0104d6b690,no,no,0.641990065574646,1,1
opp115_data_retention,embed_base_logreg,0,1,290,f5be7fd433b991df2123b66c275591e49ff85cb116360f92ee76067c29dbd12c,yes,yes,0.7345224618911743,1,1
opp115_data_retention,embed_base_logreg,0,1,291,e69d683bf0662b37561b1eb6e1eadbe3dbf2c0fc148cccd4119fa231a1917b46,no,no,0.6112541142479812,1,1
opp115_data_retention,embed_base_logreg,0,2,292,e71d0801d3af067794624eb24a6a7950f40c6f4d4085ac685a9a21cce1a77b6e,no,no,0.53524266078345,1,1
opp115_data_retention,embed_base_logreg,0,0,293,1acb0285d3cfc413a7c38dc1ccf0f2c5a261adee395934e6349f4ff2c667ffc0,no,no,0.8297388677260111,1,1
opp115_data_retention,embed_base_logreg,0,0,294,444c17be4227f834a15ee572c9dafe389dcf10a58c327e9fd52cdeb52180525b,no,no,0.7211312055587769,1,1
opp115_data_retention,embed_base_logreg,0,3,295,5471e9917d6773e7cca7dfe6c1af9f17cab56f9e46c9fe79a2cb9f3b5aa78979,no,yes,0.5952749252319336,0,2
opp115_data_retention,embed_base_logreg,0,3,296,5989c62c021f0138063006ce222bbf64c49993ca3cc330a85b7de6251fd55d4a,no,no,0.6006259918212891,0,2
opp115_data_retention,embed_base_logreg,0,0,297,14bf42e067c5794d14a9be06281a809438d1eb4db47d247e3d427c04e7c7b7d8,no,yes,0.5415540337562561,0,2
opp115_data_retention,embed_base_logreg,0,3,298,b15dc5db6c11da7e9e28ac8b682ecf14ea64add66b77475cc6a51d7ad4b6251f,no,yes,0.6042538285255432,0,2
opp115_data_retention,embed_base_logreg,0,4,299,11ee9a0aa806f739c5dd8e99fdbcfd8cfb6d3432051f7807ebbce9705af60d4f,no,yes,0.5285176038742065,0,2
opp115_data_retention,embed_base_logreg,0,1,300,78ea85a7c27cb91431dc8fe4ef5ca476168da0bfb1c2555b615c16afe4307bd1,yes,yes,0.5461106300354004,0,2
opp115_data_retention,embed_base_logreg,0,2,301,b69f6562a892fcf7ce6acd9e1ed4adf2cd4690cd068b2c75954e8b8cfe2b5d31,yes,yes,0.5496588945388794,1,1
opp115_data_retention,embed_base_logreg,0,1,302,07e78088b1f4bf413cb549c9e9b38ba43b6f611aa69c382daa758e1f0961be13,no,no,0.5346145629882812,0,2
opp115_data_retention,embed_base_logreg,0,1,303,77402fd1b3ae2f41ccc476fa26f6f353a8f2c28874c13d0d780f12c0ab3dbda7,yes,yes,0.6891641616821289,1,1
opp115_data_retention,embed_base_logreg,1,2,0,e783d6e5426c4d132ca1198992b63a2b77013808d63e267b499744a4c5d1b11b,yes,yes,0.5003678798675537,0,2
opp115_data_retention,embed_base_logreg,1,4,1,ca069ace0fea7074fac7e44b33121935734dd94f589cc9069a738b5884a0f116,no,no,0.5972427129745483,0,2
opp115_data_retention,embed_base_logreg,1,1,2,94284e1d7b10fa6117e24745885f4a5c871d995ca98a16179c63cacb7e9c8618,no,yes,0.5682114362716675,0,2
opp115_data_retention,embed_base_logreg,1,3,3,ee7f763b4da0bbf780148ff43363b2a907297b4f98c76d7c1e1d2869878a70f8,yes,yes,0.6298205256462097,0,2
opp115_data_retention,embed_base_logreg,1,4,4,be54e70c44eb94e44c82413eb316abd303bc0920653e459cc81b65dc610c2c47,yes,no,0.923718915526287,1,1
opp115_data_retention,embed_base_logreg,1,3,5,bae4eb887d877f453aee88d3761b630e4bc7ff917be76cb60950cca3ae6c909d,yes,yes,0.6739953756332397,1,1
opp115_data_retention,embed_base_logreg,1,1,6,ffcbe512035ce904259b64a9212131a8ddb5ef6916eb7f217c64a5658bd672fd,yes,yes,0.7512274384498596,0,2
opp115_data_retention,embed_base_logreg,1,4,7,9e061b3940805235e0301ddc59cdad769cb39c4672fdac340725b065cca9eb76,no,no,0.6303553393377263,0,2
opp115_data_retention,embed_base_logreg,1,2,8,11dbaf4848acf49d21fffc81b9b0ac39e736808cb102bd24ec485e1c9793ead1,no,no,0.6662905017646997,0,2
opp115_data_retention,embed_base_logreg,1,4,9,b35466aaf2aa88600ce3febc4691f6c33a5a185d118a53da03fd134b474427c7,yes,yes,0.6272852420806885,0,2
opp115_data_retention,embed_base_logreg,1,4,10,8c3c2305b0edd2dfbd80ae024d68bf853a2ba001d7e139e796ceed9ab18138b0,yes,no,0.6514909267425537,0,2
opp115_data_retention,embed_base_logreg,1,0,11,b7123b7c303c69d4e87a4030ed741d9f0ca824b638aab5f65596e20ab0d8c4dd,yes,yes,0.5600904226303101,0,2
opp115_data_retention,embed_base_logreg,1,2,12,3a03588f9a14326961809e8f32642ea962dc8708b9b78b365afdda60e89ef739,yes,no,0.5731388926506042,0,2
opp115_data_retention,embed_base_logreg,1,2,13,31bf37f8261b9238c62d1bc86ac8e76cca50a7903aa58122cc6fda4e44cded97,yes,no,0.5247818827629089,0,2
opp115_data_retention,embed_base_logreg,1,3,14,83aee36651f00dedd70cbd9dcad609997907b62cd9bf83a6c3ff2ec5e8d4da27,yes,yes,0.8960117697715759,1,1
opp115_data_retention,embed_base_logreg,1,4,15,0ec789dd289a49bedd0b0b3266a7cffd2be138f7eab28a474b082a4e010735a2,yes,yes,0.833565354347229,0,2
opp115_data_retention,embed_base_logreg,1,1,16,393eae997b97caa2cf9a1da91b63d15664dcaddb694220702d9a143ce913b7a8,no,no,0.7694845910293548,1,1
opp115_data_retention,embed_base_logreg,1,0,17,54c18021f0b5bdd5418fb5f0ae5fa39e1a0754b3d7cf800324e8103487e5cf23,no,yes,0.6288412809371948,0,2
opp115_data_retention,embed_base_logreg,1,0,18,03f51ff145336e8b0b3740f93f96fe8af81eb409dffb118976a1aacf863ec171,no,no,0.5510985851287842,0,2
opp115_data_retention,embed_base_logreg,1,2,19,c89c69b4178c8e62694dbbec4c5ed66aeb0fe5c55e301599ef066e3c3b4385f9,no,yes,0.508855938911438,0,2
opp115_data_retention,embed_base_logreg,1,2,20,8c3716bcecd879ddf0f8827a6cbc7a3abc6d6a93b2089dd3ff73b38ddf0001e1,yes,no,0.5158880352973938,0,2
opp115_data_retention,embed_base_logreg,1,0,21,f15bd4dacb8cb1b84e653d23e7fe124f64a891cc8707ea67a161980021a3b418,no,no,0.980946517079501,1,1
opp115_data_retention,embed_base_logreg,1,4,22,8f4f45d8a36971e3c0f25e096cde795561185b99b9e955438faba7a4d9fef7ca,yes,no,0.5191745603330564,0,2
opp115_data_retention,embed_base_logreg,1,4,23,21eac8a720e29bc551d3c8df3375045370305435e24faa05b1d987ac9375d91e,yes,yes,0.7819482684135437,0,2
opp115_data_retention,embed_base_logreg,1,4,24,0dd0744922c1b1301ec97c32fe0ad034feab74cddd8fbda70c8f9ef34b1984cd,yes,yes,0.5696781277656555,0,2
opp115_data_retention,embed_base_logreg,1,0,25,3fca71487f4cb96371c3aa5abdec8e2b540353f8e48d378f45873ae178857cc7,yes,no,0.6724597811698914,0,2
opp115_data_retention,embed_base_logreg,1,4,26,dfe28276bb0dea301638082a29d464d5b991277d523df29efae965421e87545a,yes,yes,0.8939698338508606,1,1
opp115_data_retention,embed_base_logreg,1,3,27,8659994e0d17820ba141784fed4d0c18349ac65ec3723701527ef343db9ba2c1,yes,yes,0.6913662552833557,1,1
opp115_data_retention,embed_base_logreg,1,4,28,ac53d5dac4ea34e954ef4a4c00be85ca1da5b5fc8eb4c64c48283a7577095425,no,no,0.5103909969329834,0,2
opp115_data_retention,embed_base_logreg,1,1,29,357a57196be8d969cfaf00bc58e3c97de8f72e1069c26ab0f58307d2cb1f9d5e,yes,yes,0.8184494972229004,1,1
opp115_data_retention,embed_base_logreg,1,1,30,7049bf1374796642411a05defe57eb86765db47de62248e00e4d77bcac1aee04,yes,yes,0.5746339559555054,0,2
opp115_data_retention,embed_base_logreg,1,4,31,222418114ae837c0bd206440228b438f96014c6de64bdf072ca3006ccff9edef,yes,yes,0.9432371854782104,1,1
opp115_data_retention,embed_base_logreg,1,0,32,f757ac860de8bac9799d7d27ab9656bc254e26812f083c16a02936aa88791bbc,no,no,0.8993407092841128,1,1
opp115_data_retention,embed_base_logreg,1,3,33,abc7c023b269931d630379941d539c55e5fa3c28b820a815a5c982c2631c347a,no,no,0.871859099622342,1,1
opp115_data_retention,embed_base_logreg,1,3,34,7b32204f54e8ce396150ac1e8e02190e1403dc0cabd8a34f0561d5d7e93d436b,yes,yes,0.7834868431091309,1,1
opp115_data_retention,embed_base_logreg,1,4,35,fb2d529b248aa927f32f4656bd77156f68757ecc4f2c5fb3629b8a526b66b9b5,no,no,0.6775723099708557,0,2
opp115_data_retention,embed_base_logreg,1,2,36,7d2ec8df6e3c214c2a93de17d8a3bf0d6d26027cd9d0044c301dc63237fa3945,no,no,0.6195225531005099,0,2
opp115_data_retention,embed_base_logreg,1,3,37,9ea4ee0eb3d9d04cc9a8af0091829dfe1ab1eadb8752a5a3717462508654ec04,yes,yes,0.8143414855003357,1,1
opp115_data_retention,embed_base_logreg,1,3,38,d77daaa5f063858c2906c7034002c097b5b47e32324c222526a7f3d8f02c5e83,no,no,0.5283911824226379,0,2
opp115_data_retention,embed_base_logreg,1,0,39,ec4a7bd8ad197241c5da09accfc4e31ec5b38e08bef387e0f4331c37a83ba409,no,no,0.6818902695742329,0,2
opp115_data_retention,embed_base_logreg,1,1,40,169f0b5e0d2932c82322740d6cd06b3021df2a4275d101bbed5152a0caec46f5,no,no,0.6780479156389211,0,2
opp115_data_retention,embed_base_logreg,1,2,41,3612cd825f0a2590279962431747097d0fbd3401192a8a62417ab05d87ff7cdc,no,no,0.521541178226471,0,2
opp115_data_retention,embed_base_logreg,1,2,42,1c8146f855bf4280a45bbd60a4dd1aaf1d2462f0046648c27e23dc401581ad05,no,no,0.6388134956359863,0,2
opp115_data_retention,embed_base_logreg,1,0,43,60b00c02942a44883178b9d27e7722712a65e657f9aa8d7c70f8ed058831df55,no,no,0.7025371580559863,0,2
opp115_data_retention,embed_base_logreg,1,3,44,1b43600d724d025fee73e8dd3c3f6f6f83b2f2254ac3d807d4267fe457da1367,no,no,0.7759914878608065,1,1
opp115_data_retention,embed_base_logreg,1,1,45,1b425bddb73825802ebd5efb1770c952a4e9a9ade9939504b3214de4adbb127e,no,no,0.6319502403750944,0,2
opp115_data_retention,embed_base_logreg,1,2,46,14adf82ee0e3d6b6dfdd51d4d9647c2e6deb7e4569137c2c64156837745e8760,no,no,0.590828043495773,0,2
opp115_data_retention,embed_base_logreg,1,2,47,943b0ad7763955e029b57dcfe7332b1e2eaf864f2607e3e69ac29c6ce7a999b7,no,no,0.7501211389935356,1,1
opp115_data_retention,embed_base_logreg,1,1,48,8f8364b2d3da12fe4295b94efb41660701eff5ff3ccd0f8330dbfff526bc2897,no,no,0.8771571851623897,1,1
opp115_data_retention,embed_base_logreg,1,1,49,6890c79c65173038a805d631a4323d13802b1a084e9e43845b520355afab971c,yes,no,0.8292612905910419,1,1
opp115_data_retention,embed_base_logreg,1,2,50,30f86ee9ab5fc9b4faf8f83a1adc03eb5e79e7209a5d1555158c62b5d07db921,no,no,0.6356862187385559,0,2
opp115_data_retention,embed_base_logreg,1,3,51,f90c0ab836f55a0533b7c63c67a680a19e6febf6f64c800cb0e2330b3842b9e9,no,no,0.558245062828064,0,2
opp115_data_retention,embed_base_logreg,1,2,52,f11f4e51a1a75b9616635de4a16c46b939966efe3ff9f57c2a10946ae6db0a24,yes,yes,0.6249557733535767,0,2
opp115_data_retention,embed_base_logreg,1,3,53,551d327f8c9be82c0678a13e918c66a1e4261f956d2c31921b9793392dc0fb96,no,no,0.799721980086624,1,1
opp115_data_retention,embed_base_logreg,1,2,54,7639ec8effacba52f92d78e35873af81a3c909d1bcb7991c3dee8eb8cd155eb0,no,no,0.6760911740037449,0,2
opp115_data_retention,embed_base_logreg,1,1,55,3673e6ea57ecd4f466018707e593a4bdb9b7aef1644bff252a6f08d923f63e94,no,no,0.6941522152974542,0,2
opp115_data_retention,embed_base_logreg,1,4,56,6926dd609cf92d236cc7e7fa5da23576df2d87bc04d7e5abddc73b579061544b,yes,yes,0.8802348375320435,1,1
opp115_data_retention,embed_base_logreg,1,2,57,87174a10546e056f1c501b38df6beb64eb9d06a2e2a4b5ff08d40e522ecc8ca6,no,no,0.7431223171018864,1,1
opp115_data_retention,embed_base_logreg,1,3,58,3ba755901c58d9df7c1ba20b53e5b32b53ab34a6e9c50dbaa693d1f7b0488595,no,no,0.827232455395685,1,1
opp115_data_retention,embed_base_logreg,1,4,59,057e0cd21f3f2d6f8ac7cc0f61244c4a688038e64aa3927b4911c6e6da385581,no,yes,0.5002435445785522,0,2
opp115_data_retention,embed_base_logreg,1,3,60,f37843199faf0f23449b8c3794d5f872aa99c2b209afd10d0a95e32d3b24e389,yes,yes,0.5502415895462036,0,2
opp115_data_retention,embed_base_logreg,1,0,61,6ee61c9e44191e66fe010bd3648455dc5265a72fb87b3d7c5a8a93946094afbd,yes,yes,0.6134260296821594,0,2
opp115_data_retention,embed_base_logreg,1,3,62,ca1bb8ae943ee9c0661e965007a76f4432974abc8477582c8c6ccde3c5753505,yes,yes,0.7071788311004639,1,1
opp115_data_retention,embed_base_logreg,1,2,63,acb73fd801c1e421dd498e8b4bf3b9b54243d6505f12ba6260ac82bc8f768f2d,yes,yes,0.5331037640571594,0,2
opp115_data_retention,embed_base_logreg,1,3,64,89b1f9976201dc2173e0bbdc34631faae2a8c790ba6da107d46e02ca87a08617,no,no,0.8174433829999475,1,1
opp115_data_retention,embed_base_logreg,1,0,65,2d7f91113988eaa8a6fc7bf434caf085a3ff857c610fdd7a70ad274b22cd61fe,yes,yes,0.5455358028411865,0,2
opp115_data_retention,embed_base_logreg,1,3,66,830329efa7f832e44e99f30030f4a9c15846e8b46fc521879633a9968097829d,yes,yes,0.6265443563461304,0,2
opp115_data_retention,embed_base_logreg,1,4,67,7ce9c26fb6b50a60fd9b2a6ef38fcde34bc68b2d1444bbe9f8ed3fea77f0b59e,no,no,0.6350283433488505,0,2
opp115_data_retention,embed_base_logreg,1,1,68,52f1898017e8ea0e0f71a60eee63f1dc2e5ef17b2456e445f969c030bb48f940,yes,yes,0.7413396239280701,0,2
opp115_data_retention,embed_base_logreg,1,4,69,c67a4e4eaddb86e263afd6a612649b9485c97dae99f189639f96656b9087a012,no,no,0.7703947424888611,0,2
opp115_data_retention,embed_base_logreg,1,4,70,4a68c4a3020aafbdb9c4c6c7c31d71b98e713e853b9cff1de6b14c1c38bc9f24,no,no,0.6513429880142212,0,2
opp115_data_retention,embed_base_logreg,1,4,71,eedaad9d24addceb170d0b20737c42cbbb718262f7b7f5613310ef3ea6e84a41,yes,yes,0.8891431093215942,1,1
opp115_data_retention,embed_base_logreg,1,1,72,c97186e083514b27770a49119fddd31b1ea91626f7cc343d194e4939cc504c62,yes,yes,0.64768385887146,0,2
opp115_data_retention,embed_base_logreg,1,4,73,188d814cc1989645ed98960c18733a0b3819b7a5e68c6e14a2678017b393be96,no,yes,0.6342090964317322,0,2
opp115_data_retention,embed_base_logreg,1,4,74,87e15e4c3d53fbff03afef09d99be298396f7f93a460514045fb7cde9649fd1e,no,yes,0.7792064547538757,0,2
opp115_data_retention,embed_base_logreg,1,2,75,18b1b534d366629f782db652c4bd4bb90f86a28a60fd65718523967f4f0524c6,no,yes,0.507601261138916,0,2
opp115_data_retention,embed_base_logreg,1,2,76,fa803d00ce6546e8478457a6d52ab9b6d8c7630ac8851e1fc52d67f7fb53fed7,yes,yes,0.5138805508613586,0,2
opp115_data_retention,embed_base_logreg,1,4,77,08a0b4c02c02ae6cdb3a9a27b5f233c6f7b885749d7ce00159fa175639f6dcaf,yes,yes,0.9630147814750671,1,1
opp115_data_retention,embed_base_logreg,1,2,78,f06dd627e030196b06ee963e24c2dc68097362ee8edf0e1b8f06345c991920c8,no,no,0.5024701356887817,0,2
opp115_data_retention,embed_base_logreg,1,1,79,093e1aa7c495478f254786dbe3a579997e7d3d1e60f1a95f37825c5fb42a3587,yes,yes,0.8167274594306946,1,1
opp115_data_retention,embed_base_logreg,1,3,80,a9ce0f5db9dcfc9b61e4765e319b2b23ad2e83dad1801837b8f01cf5396bd079,yes,yes,0.8950405120849609,1,1
opp115_data_retention,embed_base_logreg,1,2,81,fe853791e43affc0b554bc15ac732e62d21598be47daeff71cff7c70fb3ace66,yes,yes,0.7972058653831482,1,1
opp115_data_retention,embed_base_logreg,1,2,82,8865d6dc769090f70b58a55fda31bb852e5f08b1c77b001d459bf988b50d86b9,yes,yes,0.8371191024780273,1,1
opp115_data_retention,embed_base_logreg,1,0,83,426332d37643f726b27481408434abcfc44dc8851f6c33cd5dd5632af590b1e7,no,no,0.5575655698776245,0,2
opp115_data_retention,embed_base_logreg,1,2,84,a79935042d83fdf73a42c16202193b860ad3d5911ae723be591572b747a6b7e1,no,yes,0.720651388168335,1,1
opp115_data_retention,embed_base_logreg,1,1,85,7ff692472ae904d4710c1f7bd076cb8c695d0f94fb75da5726e98b4fc6f4745e,yes,yes,0.6805689930915833,0,2
opp115_data_retention,embed_base_logreg,1,1,86,3923241ca81aae32e7fcdbef21d829ba2e206096e796fb081b28142af7f5dc37,no,no,0.6665089726448059,0,2
opp115_data_retention,embed_base_logreg,1,4,87,34bf5b6a41eaa2411a0ffe792091dd421bc56965d2270c7f03641ba1296ed2ea,no,no,0.8435488687888125,0,2
opp115_data_retention,embed_base_logreg,1,0,88,3e9d2c06dca818e7895dc62865bd1f351c76a6a9a2576ebd72d3c3d723933bec,yes,yes,0.6371589303016663,0,2
opp115_data_retention,embed_base_logreg,1,0,89,90935d6dee8a77ca52d1b41a4960016c1f84e12aad956e07b67c47067fe621c0,no,no,0.7287288308143616,0,2
opp115_data_retention,embed_base_logreg,1,0,90,6103e00dfc5b9fc89a1bbc7bca32c60908d3af246a737c3cb6ca752a3b8e4273,yes,yes,0.7584416270256042,1,1
opp115_data_retention,embed_base_logreg,1,3,91,10fd70c10966d05dfbdb4bd28d72e4d99e5b68a81e8201f2ed78f069887174bd,no,no,0.5712336301803589,0,2
opp115_data_retention,embed_base_logreg,1,4,92,8d527e2efc6a8cba2a09b999917ff3f57012ccb85c76b628e3986a189d0f806a,yes,yes,0.9428243637084961,1,1
opp115_data_retention,embed_base_logreg,1,2,93,8e7672199331041a2ffbadb8967b89b9584533bbefc1a8b1bdb06df30507a723,yes,no,0.5925715565681458,0,2
opp115_data_retention,embed_base_logreg,1,1,94,60271a38ebd73a503d4d63a7d24736a191329fa4c2ceb064478b0385b89e3531,no,no,0.7551668657312731,0,2
opp115_data_retention,embed_base_logreg,1,1,95,a2f433b20215694a24eb8879748021883ff1a49cef93caad0f629fd8f089f68e,yes,yes,0.7197670340538025,0,2
opp115_data_retention,embed_base_logreg,1,3,96,00c26499d96234846a991a8b3863d4bf82feae4d04b77fc0410d3c5284e88e93,no,yes,0.5918517708778381,0,2
opp115_data_retention,embed_base_logreg,1,3,97,ae95ebca76c16e99e7d1de2c967de0ff8c61305f33f7896c0a229dbe7469bd22,yes,yes,0.6851990222930908,1,1
opp115_data_retention,embed_base_logreg,1,3,98,0e20e01a4fb7381675b2416a2e0129fd586a59aef87aa297fde7e7b33ba79b50,yes,yes,0.5243127346038818,0,2
opp115_data_retention,embed_base_logreg,1,3,99,d65f8be5d2d371519044d7daa6308a21fab28110dfa9283d6c6fc2a24d727b75,yes,yes,0.8383468389511108,1,1
opp115_data_retention,embed_base_logreg,1,4,100,a6826c796e514e13c24f3cd62fdaeb329b4e6a7a7c0fb49333ad9c42077d004e,no,no,0.5574112104598048,0,2
opp115_data_retention,embed_base_logreg,1,4,101,ae273fb46b67ef555b02f6b977a7bd0ef24425d26b9b57628cedbde78fe0f8e9,no,no,0.7873119711875916,0,2
opp115_data_retention,embed_base_logreg,1,2,102,01e3acbc33bf15313b5880a87df86cbbf898f221efc438d21065a2487d90caa5,yes,yes,0.6760510802268982,0,2
opp115_data_retention,embed_base_logreg,1,2,103,a0794a8831efac02f0c596d7fdd4ccd5cc97370cddba1ad6ddea24575530fa1c,no,no,0.5936878323554993,0,2
opp115_data_retention,embed_base_logreg,1,4,104,61b9dffd6a6c84dfcb4ffa8e49c1c0ced89c2c586fd2c56b2197c65619d78b95,yes,yes,0.9757986068725586,1,1
opp115_data_retention,embed_base_logreg,1,3,105,24a215c96bf2875876591826ca6946592923950ca249a411067b3addcbe5ed53,no,no,0.5455969572067261,0,2
opp115_data_retention,embed_base_logreg,1,2,106,1a3457d784d82e13afbc9c92f5bf3cf8647142888d4ae6d381aa825881b2657d,yes,no,0.5596597027880041,0,2
opp115_data_retention,embed_base_logreg,1,4,107,12e2a92314750078e8927c6895d3e605483c3df2def7e09b9ab8bbc1854455b4,yes,yes,0.7762331366539001,0,2
opp115_data_retention,embed_base_logreg,1,1,108,89d4afba01413f4f026c08de5ab9c1a752ec1fa7bd7ad2ef5f1e405f15a07e83,yes,yes,0.9000051617622375,1,1
opp115_data_retention,embed_base_logreg,1,0,109,1f839862705946b52e2163244afbaa70e2426147512f91860dc5601c5c2389bb,yes,yes,0.733284592628479,0,2
opp115_data_retention,embed_base_logreg,1,1,110,935a7b863897a0ba0c8ad7901ed54fb2f12d631281676d3b3e3bf8aff853ade5,yes,no,0.6971300632616859,0,2
opp115_data_retention,embed_base_logreg,1,0,111,59c16506290887c7b0cddffcf2aa2e5f87747ee6e4f18ed8ee74e52fa2c008dc,yes,yes,0.6889167428016663,0,2
opp115_data_retention,embed_base_logreg,1,0,112,f64096926fb9c78f401fc0854671a223614422af71ed3a0685489963d966ac09,yes,yes,0.7189820408821106,0,2
opp115_data_retention,embed_base_logreg,1,0,113,2bc01bdcffae3876a8c7f082fd32fd529e78059380437c09551033b584275815,yes,yes,0.9017330408096313,1,1
opp115_data_retention,embed_base_logreg,1,4,114,4065a65416309e59bf310015b8b8efcc430db139973fb86d117f93e768031bc3,no,no,0.5669234395027161,0,2
opp115_data_retention,embed_base_logreg,1,1,115,48d314a42dbe9fa058aca1dfb87bcf56f418fe9874699c1489237577f246b045,yes,no,0.7340103983879089,0,2
opp115_data_retention,embed_base_logreg,1,0,116,2ca25fd3736fd80ab90b2254eb3d425b036dcd4e9e62e4360386e416c9deab76,yes,yes,0.9598556160926819,1,1
opp115_data_retention,embed_base_logreg,1,0,117,1161be58ea49ebc7fce1b9054d77589bb5307b3d56d34a516c160490929e414d,no,no,0.690846940602271,0,2
opp115_data_retention,embed_base_logreg,1,1,118,414440c3a3ddf73ddf10106fd36a5cacfce9fd199ec8a7b46ee44844418507b6,yes,yes,0.8766393065452576,1,1
opp115_data_retention,embed_base_logreg,1,2,119,0570fb4811b2e51a3e0641efb5a520396a092d396550cdaaafa76fd1dac4a726,no,no,0.6735284127733584,0,2
opp115_data_retention,embed_base_logreg,1,1,120,021c61c2b34b795a0959f5f7b9354579eaecfcf1f64d296e334113a271188ae6,no,no,0.7093562483787537,0,2
opp115_data_retention,embed_base_logreg,1,3,121,57bc9e8962d8c99f668d7b81efe244628bddf539fcf66d74483a90c984c2c5c6,no,no,0.8320315828313952,1,1
opp115_data_retention,embed_base_logreg,1,3,122,447ae551bbd401748cb52fffaa7c3f115ce1dffe28c99efe5dc9dc0d38122e4f,no,no,0.8187922957359597,1,1
opp115_data_retention,embed_base_logreg,1,0,123,085b13c1eb4bd3144c896064ba632a965391017f9345f3085f1b98209c91afdf,yes,yes,0.8919818997383118,1,1
opp115_data_retention,embed_base_logreg,1,3,124,e4482c06dbe65a91bf1c1f134d6c0e1558da84dd5b5e12594c08686b3eddc8a3,yes,yes,0.9367841482162476,1,1
opp115_data_retention,embed_base_logreg,1,0,125,a9782bc9bc1c192c7edcab363fd4afb1b36914cdf9dafc5b0a12a0823a025886,no,no,0.8407957303286872,1,1
opp115_data_retention,embed_base_logreg,1,2,126,b2a84f40bc79374e0543efa4424fae4d57188002eda7fd63f02dc333becbea83,no,no,0.5972343505253092,0,2
opp115_data_retention,embed_base_logreg,1,3,127,088f49e7378b28bce726054b67e2fabf46daf9e8d352e2a1228c22cf0fac683f,yes,yes,0.9033171534538269,1,1
opp115_data_retention,embed_base_logreg,1,2,128,93bf89a1de994e270413193fcbbcddc3491dcce4054e367a7c1d74c169ad4b14,no,no,0.73940839586879,1,1
opp115_data_retention,embed_base_logreg,1,1,129,b6bad323bdb4a1398adcba0b0c816828e25650472c3a77d2d6b19f655dab819b,no,no,0.8190629482269287,1,1
opp115_data_retention,embed_base_logreg,1,2,130,d5ecccdb1813c7c945c958ccb2c108cfcb2a7bd8707476f5f1365e825a0ad246,yes,yes,0.6449306011199951,0,2
opp115_data_retention,embed_base_logreg,1,2,131,7df5b7ffb7936618b90ec589b9e3fbc2842e1ff8869ad45b308533577fd77d86,yes,yes,0.6754780411720276,0,2
opp115_data_retention,embed_base_logreg,1,2,132,7ebb25afa192ba9160052426ef3b16f9c49812cb556a72816da619716925449f,yes,yes,0.9336812496185303,1,1
opp115_data_retention,embed_base_logreg,1,2,133,d267bda3f7daabde7131ec43fd663b7f38ebcd905b34ddcac52e23248e63f754,no,no,0.6134036183357239,0,2
opp115_data_retention,embed_base_logreg,1,3,134,8ebe484f8aa9fbd1ab3ffff75a73d134e929f509b531bf7d550cd2fbafb24fdf,yes,yes,0.8180225491523743,1,1
opp115_data_retention,embed_base_logreg,1,3,135,9d6da06849780c6cf3a06b96df57fcbef807a25b5373dd15334941d35b8f6a78,yes,yes,0.6519666314125061,0,2
opp115_data_retention,embed_base_logreg,1,2,136,9256ff8336f43973ac32483cf4a485168f7281caab039c91aa5ec45e7042acd1,yes,yes,0.7767166495323181,1,1
opp115_data_retention,embed_base_logreg,1,2,137,e08e585482b8d3906c0fcf66a5da160b9e819f25aac0e92c2086f5bd74b9f58c,yes,yes,0.9504757523536682,1,1
opp115_data_retention,embed_base_logreg,1,1,138,6fcf71b27d46f55ce193efc7f9afc04455f73116a9db84833f80e06f9ca50565,yes,yes,0.5929970741271973,0,2
opp115_data_retention,embed_base_logreg,1,4,139,c4b6d77aeaa5302389ac8f3608bfb27c4df1b76118cc8f54d2313c0a264133d5,yes,yes,0.9506890177726746,1,1
opp115_data_retention,embed_base_logreg,1,1,140,275a4d4239c413d2e99aedb43348f0606ad8850f1db7dc4e3118c3b47065f91a,no,no,0.7115427043574243,0,2
opp115_data_retention,embed_base_logreg,1,3,141,8a20b838887a4c084a09c1abf0e23b8c9ca43c382e2bbfe5e69c3dfe3fa607cc,no,no,0.6268808245658875,0,2
opp115_data_retention,embed_base_logreg,1,1,142,d59761f593cdeec8646bc296f9d941e7e44cc354579e86fdca852baf273fc357,yes,yes,0.7808607816696167,1,1
opp115_data_retention,embed_base_logreg,1,1,143,e88625cea1e9848ab0c422dd31cb03bb37e230c04824f11aedb42e6256d88861,yes,yes,0.8514898419380188,1,1
opp115_data_retention,embed_base_logreg,1,2,144,472ac5ccf3636aa466c509158d54b8605d606563706d77f86728caf86b56828e,yes,no,0.5234018564224243,0,2
opp115_data_retention,embed_base_logreg,1,1,145,8b3ae3f08e20d45d17f031fd4b86caaca9a1df9e99e24770119d51d8f0ac3045,no,no,0.6650140285491943,0,2
opp115_data_retention,embed_base_logreg,1,0,146,a47590671f0c8a96c36f7d6c9a24adea2693fe733ebba1c9966755e8a4662599,yes,no,0.5507069826126099,0,2
opp115_data_retention,embed_base_logreg,1,4,147,f499e421475ec682cadb46341e6d310462e81d20c890a16c9b4ad060534ed6d0,no,no,0.8284322146837744,0,2
opp115_data_retention,embed_base_logreg,1,3,148,f0cadbba69345266de6559680ae988e0fed4878bed5c0c92243e9d6d5d9f7bf6,no,no,0.695690393447876,1,1
opp115_data_retention,embed_base_logreg,1,3,149,f321c837be3d158ef7ff42e4a5c07de189845d4d7b643c668200b64b5c207e56,no,no,0.5623072981834412,0,2
opp115_data_retention,embed_base_logreg,1,1,150,1676246f4b932466894e0b3d528e741e4f90b6762f68e0ababf10e220767ab49,yes,no,0.8277975074113159,1,1
opp115_data_retention,embed_base_logreg,1,1,151,619d8a38ba5513f1cec70851f3865bfadc53827c6747264023f10a362373d101,no,no,0.8718195091459082,1,1
opp115_data_retention,embed_base_logreg,1,1,152,1b974e8954f0d9b48a91a29c0214076ca646d79b431e0a4492d19f30afef870c,no,no,0.6801459193229675,0,2
opp115_data_retention,embed_base_logreg,1,2,153,1b5aa100191a7360936d3578d1b9c3564918a79175346bc1ff23b914d46d70e8,no,yes,0.5223884582519531,0,2
opp115_data_retention,embed_base_logreg,1,4,154,1fc468ce0666d80d3a1c8e28b4d8988e6f57eb4ba403b9f180c648047c14fcb7,no,no,0.9238769205538127,1,1
opp115_data_retention,embed_base_logreg,1,3,155,2630c3c03b6464991051cceb40eb38f315ce523c5773801b2a3351439cc0170c,yes,yes,0.692020833492279,1,1
opp115_data_retention,embed_base_logreg,1,4,156,a31f38cb747b69b44e923e5768a51ba824e616032b10029b3afa678eecd6732d,no,no,0.9367177029955045,1,1
opp115_data_retention,embed_base_logreg,1,0,157,ff1baeee0f8055c9e395e216bd36541aa63ad084b6059cee873347c1db25ddc0,yes,yes,0.7810972332954407,1,1
opp115_data_retention,embed_base_logreg,1,2,158,28546a833bc592ba4da981179283a48d9b8e32faed0b19dc3fbd8c7a7dd50f37,yes,yes,0.6583733558654785,0,2
opp115_data_retention,embed_base_logreg,1,1,159,d410d20de93ec6d821438156036e88e141275e0728cbd81aa73889aeaaaaa0a5,no,no,0.8231207132339478,1,1
opp115_data_retention,embed_base_logreg,1,0,160,76c5c816c44786f5d8278d5c4344bd435d73b1ebc675162fd420b7577c9b34cb,no,no,0.9388222519527701,1,1
opp115_data_retention,embed_base_logreg,1,3,161,799451ec0744a90f7eb75457279c0ce6f460b9e3ce9926e51d1dbaf241d6ca78,yes,no,0.6462226510047913,0,2
opp115_data_retention,embed_base_logreg,1,0,162,551af7abca70932f3a0ef1229da16859dacbb33fcc413d4cd74833abb950ad33,yes,yes,0.6472111344337463,0,2
opp115_data_retention,embed_base_logreg,1,0,163,a6c7b7ef0cfcf9699e3078342794813b33930d6d73ef7b82d649e0cd79b1f9a6,yes,yes,0.8443120718002319,1,1
opp115_data_retention,embed_base_logreg,1,2,164,5a9e7a696d6ef019dd40f5984dd0ba98efccf5593166eaa0c496b20fa2746a76,yes,yes,0.8660252690315247,1,1
opp115_data_retention,embed_base_logreg,1,2,165,fb5bb7c3433b9471663a47edd44e1cdd1c25ed74aa2c172c37dd997d1e6c1852,no,no,0.5376020830155039,0,2
opp115_data_retention,embed_base_logreg,1,3,166,78bb11f1743e056742c00c3df7250817a755dce1dd5835869a2fb8b84e3bc2a4,no,no,0.786390519547745,1,1
opp115_data_retention,embed_base_logreg,1,3,167,1abf35a14e7951c638a92c72eb3e662003b16ef0ddd618560be900d5e64f25a6,no,yes,0.5486169457435608,0,2
opp115_data_retention,embed_base_logreg,1,1,168,82f45f405a5e1d0c32c0aa4104f22d7551bc3a67281e641a11ac83effe659f98,no,no,0.7131436467170715,0,2
opp115_data_retention,embed_base_logreg,1,2,169,5e45c583666bd2b302d372c46c671eef771afaf9528578e9829b226172636768,yes,yes,0.7662649154663086,1,1
opp115_data_retention,embed_base_logreg,1,0,170,a9542e9239ad9fa5fe798e6e26246771ac82a8b7005dad2341ca2ee512a27e28,no,no,0.7315016388893127,0,2
opp115_data_retention,embed_base_logreg,1,3,171,771b749f5c9ba209d78db7f0ac0f63caa7967c12a2872244c725be1a6170e4bf,no,no,0.8701511751137849,1,1
opp115_data_retention,embed_base_logreg,1,1,172,6429e704b1b7bc0c3244e81a91fde9ed92188025964f1d2d310b93923729cfe4,no,no,0.8283823975438595,1,1
opp115_data_retention,embed_base_logreg,1,0,173,2199e3232e265ca67a9644ec81e95b1cb53aa0ad77d8e5f28f54888d985eb153,no,no,0.69909951987566,0,2
opp115_data_retention,embed_base_logreg,1,0,174,168c1f8fe9461bd4e50ddb2ced4e38f5b32927ec525c32ef3ef9caf4aac4f36c,yes,yes,0.6550595164299011,0,2
opp115_data_retention,embed_base_logreg,1,0,175,7fbc3e8d046e40175885a2131dbd1d61a930c28a1180efc3a9547e585536f7f6,no,no,0.9180525404505053,1,1
opp115_data_retention,embed_base_logreg,1,0,176,501249f20fe324cd55375fb36b14e360a23882582f1ac569eeff4584126cfd87,yes,yes,0.6844918727874756,0,2
opp115_data_retention,embed_base_logreg,1,4,177,12bcae560154d423083c35b272770f335f9553357e5869fb43154ccdf33846db,yes,yes,0.9426919221878052,1,1
opp115_data_retention,embed_base_logreg,1,0,178,d36e9685d44e56c9f78953fa6aaf57669c968b49cd0fe0a1745152927c8d4130,no,no,0.7236705802777237,0,2
opp115_data_retention,embed_base_logreg,1,4,179,65714301dfdbca9f00d701048d1fbf28fce86f25343fcdbcdbf0d9d1b38ccaed,yes,yes,0.9556268453598022,1,1
opp115_data_retention,embed_base_logreg,1,1,180,56b4f2662bf4174e7b8c2938a99ec052b918ce8e1e887eb5cfa74512d3e8093f,yes,yes,0.714604914188385,0,2
opp115_data_retention,embed_base_logreg,1,2,181,786c88cca6c8382022ca97c03b2d0527fed556aefda3e38cac2bab6ffe58dc7e,no,no,0.6579991775154822,0,2
opp115_data_retention,embed_base_logreg,1,2,182,4ecbddf240d7a5766bcfe8d2590717e74dac0e70abd05993cd0430fc1d16186d,no,no,0.5918255868010048,0,2
opp115_data_retention,embed_base_logreg,1,4,183,1bf325cb55644bf9f3fae7c85dbe467894de54012da4fa9b66d6a3a22673b41d,yes,yes,0.5271427631378174,0,2
opp115_data_retention,embed_base_logreg,1,3,184,1ea805b1eea1cacd586e1eee0f3cfe197a35d7e32fb03708c3c497f723298775,no,no,0.7853283765118066,1,1
opp115_data_retention,embed_base_logreg,1,0,185,19a13f3eb97a89ca1ef1b119b1c9367a382e7060b09a82f69b1e4e35a3c13204,no,no,0.7353886961936951,0,2
opp115_data_retention,embed_base_logreg,1,2,186,425e3ff0ff4eca4cfa77f598fe216971b57633e8ef911f861dc04886f4c049e2,no,no,0.5641010831564343,0,2
opp115_data_retention,embed_base_logreg,1,0,187,243100889954d3e9c45757d0a63cf23a39a1b2cf49a14ee10f84c234f5996315,no,no,0.5731818079948425,0,2
opp115_data_retention,embed_base_logreg,1,2,188,a062207fb7a531517ea76930d66bb278f5f2ef789cb4451458d1cf34cce4ab36,no,no,0.5386448938058348,0,2
opp115_data_retention,embed_base_logreg,1,2,189,f98e4b656bc0472164c8d54bfdea68ac9091e88ce8b774ed0038896f2cf18427,yes,yes,0.5794990658760071,0,2
opp115_data_retention,embed_base_logreg,1,1,190,ef7a61507dbd56bbdd5333070f23449cc1050797c8e0ea36826e0dc081f6e86c,no,no,0.7227214359426071,0,2
opp115_data_retention,embed_base_logreg,1,0,191,c64822a69e008ced686015ff70e24a6247ef6b472ebe88d75d02e646aabca2cd,yes,yes,0.9632038474082947,1,1
opp115_data_retention,embed_base_logreg,1,4,192,c1502e008f774444d032c5dc418fa6dd1bb36626176c5bdd47028e51f7d5470d,no,yes,0.6019405126571655,0,2
opp115_data_retention,embed_base_logreg,1,2,193,494df37378cf8f74264182865f738cc77f8aaf4fdcc9814a86f99a17f131b2c9,yes,yes,0.7822161316871643,1,1
opp115_data_retention,embed_base_logreg,1,1,194,e7bc4ee0cfffa4fec28bcc2e49a2f7152ccfd743b63cad48404579f5346c9a69,no,no,0.8656039705037479,1,1
opp115_data_retention,embed_base_logreg,1,0,195,9df22399a60ca5da1e856dcb80c9e8e91c896e4712694be92ec80dae5d669dc7,yes,yes,0.920857846736908,1,1
opp115_data_retention,embed_base_logreg,1,2,196,484cce2ad834362e2ccb3d4894efcae1dfdf44224b918aece53c17203e3dbff2,yes,no,0.6694516539573669,0,2
opp115_data_retention,embed_base_logreg,1,2,197,e822d4f401a34b07af4ed5395f92f976cdc7b0ce397e1c2ffced1c937c81d2ec,yes,yes,0.5577379465103149,0,2
opp115_data_retention,embed_base_logreg,1,1,198,57a74ccfcfe7608c6f4350d2552457ccbdd2eb9ba720641c524fd09bc5598fe2,yes,yes,0.9438387155532837,1,1
opp115_data_retention,embed_base_logreg,1,4,199,1fab31543ccbbb32cdadd46142e45a56f35e1d1e3450b5b59654008ee2c58452,no,yes,0.5633691549301147,0,2
opp115_data_retention,embed_base_logreg,1,0,200,2e8ae1b53bbd23b3cdf5e510ad01501a6c3c77c83c76edc9d6220387694b3146,yes,yes,0.8719735741615295,1,1
opp115_data_retention,embed_base_logreg,1,0,201,3004082ff910b7c447da1693b12bc592c912baba20a3f7fa3d8856806981f07d,yes,yes,0.5974329710006714,0,2
opp115_data_retention,embed_base_logreg,1,3,202,b3cb815b0e314945f81b1e51e706918ed3fa4180164a7815cb8d50075cf7dd77,no,no,0.648175835609436,0,2
opp115_data_retention,embed_base_logreg,1,1,203,afe6b4fcda20339effa6c437b8dddb0737ca5774f21b675e10cee4edcb0b2ba6,no,yes,0.5201469659805298,0,2
opp115_data_retention,embed_base_logreg,1,0,204,425e6f8fb17f0976e13e4561a405d2be1bf2feaa4d817ac2d139387146f3bd31,no,no,0.7700200195613507,1,1
opp115_data_retention,embed_base_logreg,1,2,205,9e4ba9ac193a5b11eed78ae6cf09f456a4bf6cbeb6b7ecc8edbdc4eb64b40ee6,yes,yes,0.7858147025108337,1,1
opp115_data_retention,embed_base_logreg,1,0,206,01aedd6fb8f591d73f87602fc32e2eb3f589628586199ae0a08ea28cc0095f28,yes,yes,0.778903603553772,1,1
opp115_data_retention,embed_base_logreg,1,4,207,cfa624403984bc99aecc9847407eddcedb97c357900a09f4b366afb61186bb7e,yes,yes,0.7116363048553467,0,2
opp115_data_retention,embed_base_logreg,1,3,208,deb1609f9680931ac921c3f39ec34329f8267411177d3d90aa9ef55f56a7b498,no,no,0.7901849511210635,1,1
opp115_data_retention,embed_base_logreg,1,0,209,268317cace58fd35238bcdc0b1215a3d8e099f45eeff329dd80dde5b2353fc8d,yes,yes,0.6006569266319275,0,2
opp115_data_retention,embed_base_logreg,1,4,210,fcf9351be7dab9559af1a3b9c986fe2cf37456ba80908e462dac832ba398700c,no,no,0.6417597532272339,0,2
opp115_data_retention,embed_base_logreg,1,0,211,f678cfdd7e9c0f3928c9f066039490ad2fa404de918d07e36115bdf6c4949d41,no,no,0.5338547388867956,0,2
opp115_data_retention,embed_base_logreg,1,2,212,32a41e20f9d847ef04f07df2b8622a480d1dece63261191cda3bb3996acd72d3,yes,yes,0.7302454113960266,1,1
opp115_data_retention,embed_base_logreg,1,3,213,8ec9dc8ff6db732637848bb964f217566251e05b5c258dbbbd97c7eca79c0825,no,yes,0.5083732604980469,0,2
opp115_data_retention,embed_base_logreg,1,0,214,c6627196674562989315bccb36804bae1115c2df68464968e8556abba6ca6fa1,no,no,0.8500819332909872,1,1
opp115_data_retention,embed_base_logreg,1,0,215,8f6572c828f9d34a2984a9e493510acace0a0962806968f2338456db9b64f909,yes,yes,0.5755520462989807,0,2
opp115_data_retention,embed_base_logreg,1,1,216,79705eaf61441ff37f6d5f11fa8666e9ff5564b4ee175daebaf8f1c6dabb226b,no,no,0.9272013237535854,1,1
opp115_data_retention,embed_base_logreg,1,3,217,579c64913914b83e0bfb518994954c4f9689ff6263b5fdda7696a61482e31b27,no,no,0.5230273164220844,0,2
opp115_data_retention,embed_base_logreg,1,4,218,52c3657ff1bfb928a7a3fa625c19d563556e3925b75890eb6b0b602df7ac91f3,yes,yes,0.8442215323448181,0,2
opp115_data_retention,embed_base_logreg,1,2,219,32fe73db251df3aa92db6a1a1c681bcd91e061358c14841e50814e1b413f3f19,no,yes,0.5041823983192444,0,2
opp115_data_retention,embed_base_logreg,1,3,220,b1ccd2bb7370a2a763dad092f888f4e2a97f2f2935ba8fc5305bad5a7da03e91,no,no,0.7060475139007714,1,1
opp115_data_retention,embed_base_logreg,1,2,221,286dd9f430087d20ac2b2d1e5b2ffb027e6a3c17c8c712179d567e3f74262574,yes,yes,0.8419251441955566,1,1
opp115_data_retention,embed_base_logreg,1,1,222,7ae91b4e09b70faf3863bcdf2881b4370a1bdee1421be7b09a07b40ea31bbddd,yes,yes,0.917161226272583,1,1
opp115_data_retention,embed_base_logreg,1,2,223,46ab7b708623a654c3f4754e7de54d0f7f5262c25a56a9089ec4b0a06321e5ce,yes,no,0.5679879784584045,0,2
opp115_data_retention,embed_base_logreg,1,3,224,9ccbd99d243f6fccfdb5ade9893285b113a60399c981dd39f15468a92272b280,yes,yes,0.5838853120803833,0,2
opp115_data_retention,embed_base_logreg,1,2,225,dc2bcbcc57f6752c67ab7f8f29e23d38c5ab5f2b5853eceb626946f7fef43e63,yes,no,0.6084414539205595,0,2
opp115_data_retention,embed_base_logreg,1,1,226,ebd6ff5a40784887fd22e2a782aa8e6c5172416cd89da968f0a8ca8a1c587032,yes,no,0.544575035572052,0,2
opp115_data_retention,embed_base_logreg,1,1,227,d19696c556b2338e90c8b6ffeca489622dce2a164aafca75bb4404c204b35f14,no,yes,0.6189982891082764,0,2
opp115_data_retention,embed_base_logreg,1,1,228,231bd657c2964de6c6ea8a1d9437fd6afd87001f261f26031a982be996c8cdb2,no,no,0.9677495576683333,1,1
opp115_data_retention,embed_base_logreg,1,4,229,07695545e4b0ac85eb721da8201b6633989f41219d0813c611a3b4b94e43300b,no,no,0.5906793055140765,0,2
opp115_data_retention,embed_base_logreg,1,0,230,07c588e0587dec8248cc485ba9c6576750efed45b3a5b316f1070256eab6fad1,no,no,0.8892419404480005,1,1
opp115_data_retention,embed_base_logreg,1,0,231,7ff692472ae904d4710c1f7bd076cb8c695d0f94fb75da5726e98b4fc6f4745e,yes,yes,0.570562481880188,0,2
opp115_data_retention,embed_base_logreg,1,0,232,6976f37f3945036a2d6a03e8d1fda2d187b08666dcde5d5fb041ceeb3fad051d,no,no,0.7314505577087402,0,2
opp115_data_retention,embed_base_logreg,1,0,233,24329a0a8cf39a8b9c64fb2e1a20cb53a03b54d4ec040ae95fdef41c0fe61c48,no,no,0.5984279931060078,0,2
opp115_data_retention,embed_base_logreg,1,4,234,f84077447e66f9200b7a8102f0008b329629b65cd75e9c18d9a70e14f0e12b6d,yes,yes,0.8774589896202087,1,1
opp115_data_retention,embed_base_logreg,1,0,235,1e59f4141dad643b5759ddec3cf94ac691b5377cc52812cd4a13c121cc31d379,yes,yes,0.5642118453979492,0,2
opp115_data_retention,embed_base_logreg,1,4,236,e278f2edce8b4e0802417192f137cf31f4d4f91e3b80757695952d1b52e2340a,yes,no,0.5623564552558524,0,2
opp115_data_retention,embed_base_logreg,1,4,237,01828d6aebf17dbb1ad67764d82b586f69e1acccc913ebb33a8dd70e22e17a55,no,no,0.7254633903503418,0,2
opp115_data_retention,embed_base_logreg,1,4,238,a655398af474837f8aea04a211d471f032e92a6dd95cde5aa013b3742aa07e2d,yes,yes,0.9797928333282471,1,1
opp115_data_retention,embed_base_logreg,1,3,239,804847995735f8dfa9797e268facbb80a5b434604065fdf81cb85fa16a925e3f,yes,no,0.7915425064700095,1,1
opp115_data_retention,embed_base_logreg,1,4,240,50b52ff785cc7ba25950a1e06086d5e1acf219d84091ca95765ec22900044578,yes,yes,0.5695974826812744,0,2
opp115_data_retention,embed_base_logreg,1,1,241,3f34b14ee060ce604c8fa33a42f0adbc49a3eef1ae996f5a64eba6b33e55d486,no,no,0.7528943531646484,0,2
opp115_data_retention,embed_base_logreg,1,1,242,ac38c4e75d9ead7df72ab064029c60831b86c70cc9cc2ef142ccc77103916c5a,no,yes,0.6989328265190125,0,2
opp115_data_retention,embed_base_logreg,1,1,243,ad34a91ff28db78f3828eee27f65dfc77194d18529b5c5a72f714c550a1bfee8,yes,no,0.6061088858214353,0,2
opp115_data_retention,embed_base_logreg,1,1,244,7f58b2111392f889922217ef5d4a11f5cede6eb86408b0140fbb832204f39c63,yes,no,0.5076642187733715,0,2
opp115_data_retention,embed_base_logreg,1,3,245,0f685ea5f05b7bd2894de89b143ea229c2ffa042482785574cb759d9a54bc06f,yes,yes,0.723852276802063,1,1
opp115_data_retention,embed_base_logreg,1,3,246,ae9063afaaf895e06d6bc6fd779839bc111acb3ed9913ab2199c848f1581980d,yes,yes,0.5880739688873291,0,2
opp115_data_retention,embed_base_logreg,1,3,247,50a0e0ba2aca555b3c28b225f87b1942031bdabcf9d04f89dda1b39b96bd9b42,no,no,0.6030030250549316,0,2
opp115_data_retention,embed_base_logreg,1,4,248,e70de619913753bc42a24b74c19fa0f6d78b4f2065dd29cbdd1d094d8a1c4958,yes,yes,0.9111942052841187,1,1
opp115_data_retention,embed_base_logreg,1,2,249,38525a384cff0762f804e1a21a7b89ac657c8eab1c3a09f8da7f97a684ed8cbb,no,no,0.8767629927155598,1,1
opp115_data_retention,embed_base_logreg,1,3,250,a608d369acb8b39938b51bc67b06b14e46f4e7b30af9060ec12d40ec76a02693,no,no,0.5774782723939934,0,2
opp115_data_retention,embed_base_logreg,1,0,251,b6849c5e7505d5ea81a96d7302dc64625027f1333fdd1ad5acdc5674a1356024,yes,yes,0.677836000919342,0,2
opp115_data_retention,embed_base_logreg,1,3,252,2f62c54cbda8addbe6232f8471c0c55c65ddf75bd4f4201f20095a468a6d4a3f,yes,yes,0.5541619062423706,0,2
opp115_data_retention,embed_base_logreg,1,4,253,a7f9911c6c83b3445ee6ccbf2a64537355af6eda468b91834e1f28a39870328a,no,yes,0.669797420501709,0,2
opp115_data_retention,embed_base_logreg,1,1,254,331b1f34bbf6a523faaf139562c3206a26f73f76a0af24ccb8b7d410c5809648,yes,yes,0.8037059903144836,1,1
opp115_data_retention,embed_base_logreg,1,4,255,1e9d5bebd73b6b03196102c13d6398e9684f640319406b8cfd2182f5efec90e8,no,no,0.9419793662052484,1,1
opp115_data_retention,embed_base_logreg,1,4,256,c385be8e4dc911b9d1100018a19156fd997244226e0ad228c94cdf495b72c9c9,no,no,0.9739217289117204,1,1
opp115_data_retention,embed_base_logreg,1,4,257,f316ea31b0b9f52d7e58dea2321f7f1367c3b9713783bc8e8a54df26122cb53c,yes,yes,0.8897112607955933,1,1
opp115_data_retention,embed_base_logreg,1,1,258,f869eb75e9a1654c2216095771718fd988f6460ba8e79d76d0dda31b878d4a0f,yes,no,0.6967151761054993,0,2
opp115_data_retention,embed_base_logreg,1,0,259,9a18bf5bedcef58fb061941815a1dc4f26be41d24545b1dedc4a4cd9c3882dba,no,no,0.5559402704238892,0,2
opp115_data_retention,embed_base_logreg,1,4,260,7787497942b66196747d386679fb92dd42ec1ca9c3e6b38147ab015d42b529f9,yes,no,0.5425726771354675,0,2
opp115_data_retention,embed_base_logreg,1,0,261,00ac89c540730a3531332c3398cff49e8db87a948ea4434b63039bcb165b2c66,no,yes,0.5001034140586853,0,2
opp115_data_retention,embed_base_logreg,1,3,262,b3eaec0a573a24dbb3b21c0d97605c822ad645c92272d7e319ba9f7a8dd0a73d,yes,yes,0.6841100454330444,1,1
opp115_data_retention,embed_base_logreg,1,3,263,83055255358a99afb2a4d5dfa1be49e9d6fd08fb4cf38447b4bedcb96fbaca8d,no,no,0.8615405302780709,1,1
opp115_data_retention,embed_base_logreg,1,1,264,6c7d9bce9289e4f305f3bc9a7102fc099f5e7104e35642b6ab9464a465815dde,no,no,0.9075352752402859,1,1
opp115_data_retention,embed_base_logreg,1,4,265,f0790f05da1a430476726fb1d935f7e771506db7ce34ebd7f8865c7b3ce9deaf,no,yes,0.5035126209259033,0,2
opp115_data_retention,embed_base_logreg,1,3,266,6b6d1b46091d740d9c3bf0588df61c7c5df56a0200635bc1d29ea0280f4fb3c9,yes,no,0.504273533821106,0,2
opp115_data_retention,embed_base_logreg,1,1,267,5c6dba33e1a2705163733543bfde75d0e215a2360c17dbc9cf06ae0c153b6014,yes,yes,0.9444659948348999,1,1
opp115_data_retention,embed_base_logreg,1,3,268,097d257865b8010cfae87562ae3acd3cfdd11d628daf6eb19ef0fb02f8aa5cfd,no,no,0.7757905952868043,1,1
opp115_data_retention,embed_base_logreg,1,1,269,a7d0e7229ee813df0da48f22c8b9f7164d3d78eb630fe2d9c12c0b817523b0bd,yes,yes,0.7407196164131165,0,2
opp115_data_retention,embed_base_logreg,1,2,270,0585dd317c2fd60618e5b686ab9f9d98a1498248e25825af326df46675c317bb,no,no,0.7600446230166462,1,1
opp115_data_retention,embed_base_logreg,1,0,271,944fc9978a2a6b5e1ca37acc5b4274abb44dd61ceeb497332d87e0966bd5b850,no,yes,0.8691327571868896,1,1
opp115_data_retention,embed_base_logreg,1,0,272,6882433d496d02569b5744fb8aa186a9982b24c294237298ad5e876598182f8e,yes,no,0.5250115394592285,0,2
opp115_data_retention,embed_base_logreg,1,4,273,77d837bdb3945e037c6bc1e1ceffccf5972537d088e53139f85cd61a40ba32bb,no,yes,0.8498363494873047,1,1
opp115_data_retention,embed_base_logreg,1,4,274,ac03c789e91d566843ad44eee24526ca26c89d6e49ae164d8987eecfbffec7e0,no,no,0.8594262599945068,1,1
opp115_data_retention,embed_base_logreg,1,4,275,631509edaa82bfb9fe669ef2c49aab37a6a8b5ded6d502ee11e0982aa874f854,yes,yes,0.9586172103881836,1,1
opp115_data_retention,embed_base_logreg,1,0,276,a943897a4f2d7fe76699b0f268dd2dfd57ada734ac5a21bae2739666abe7d190,no,no,0.8128540394774968,1,1
opp115_data_retention,embed_base_logreg,1,4,277,e397b9fb3a1c4f92db03685edaf800fbcd4fc51e0b0121c1f0eebb6a868e6afe,no,no,0.8942176832887185,1,1
opp115_data_retention,embed_base_logreg,1,2,278,8c3bafbb5ff5851b2762dd74740a9378d5b1a8ee8e05b0195f923bdc8ecd18c8,no,no,0.6482753560460998,0,2
opp115_data_retention,embed_base_logreg,1,3,279,dff95303893a2a3012f5c89bd306f5e5ecdf1f4aeded9761df3aa3a04cc3e317,yes,no,0.6371783018112183,0,2
opp115_data_retention,embed_base_logreg,1,2,280,7e39a80962a7f4e89e48e00fa790fd0fe9a679346f05446bc5648239a5551aa0,no,yes,0.5385697484016418,0,2
opp115_data_retention,embed_base_logreg,1,1,281,37026006daaf329041e125901210e0ed07673977b50ab75247530d80efcab30b,yes,no,0.6929437518119812,0,2
opp115_data_retention,embed_base_logreg,1,1,282,5a91dd4bf9e4d39f9bb845b50ecec4b500fa2c0314aab3146eb267953b009191,yes,yes,0.8365465998649597,1,1
opp115_data_retention,embed_base_logreg,1,3,283,eee0077d4ac9d0305983ae7802727bf2185a52bc5a0ed3f9248da5977fb9122a,no,no,0.6995242834091187,1,1
opp115_data_retention,embed_base_logreg,1,4,284,e4a77beb5442f26027cc4c8e99456c5e2f3a51e71efb7986820a6eaa41688a2d,yes,yes,0.694462239742279,0,2
opp115_data_retention,embed_base_logreg,1,0,285,5fb1ee934e23642de0a5dbffa00ae79d14f0668f5bfd41272c0f7608f3e65093,yes,yes,0.6659042835235596,0,2
opp115_data_retention,embed_base_logreg,1,3,286,0099b44663fb6e62c7e0e721a23c1a9d02a508dabfb9b2578697a893040f6288,no,no,0.6210326141426746,0,2
opp115_data_retention,embed_base_logreg,1,3,287,20fff12dbb9c94a47ff332d13ed9d2e47a8a20112eed351497b59496f4c96ebd,yes,yes,0.7508704662322998,1,1
opp115_data_retention,embed_base_logreg,1,1,288,a4050cf1e40640de6f219bf7c86291057a6cbee66710f4cd042edb07054c5be6,yes,yes,0.8390182852745056,1,1
opp115_data_retention,embed_base_logreg,1,1,289,320dcdb13784b37639fdafd0af9f079b25a6aa37dde118d245f2bc0104d6b690,no,no,0.843215452980765,1,1
opp115_data_retention,embed_base_logreg,1,1,290,f5be7fd433b991df2123b66c275591e49ff85cb116360f92ee76067c29dbd12c,yes,yes,0.9610154628753662,1,1
opp115_data_retention,embed_base_logreg,1,4,291,e69d683bf0662b37561b1eb6e1eadbe3dbf2c0fc148cccd4119fa231a1917b46,no,no,0.877695090157502,1,1
opp115_data_retention,embed_base_logreg,1,0,292,e71d0801d3af067794624eb24a6a7950f40c6f4d4085ac685a9a21cce1a77b6e,no,no,0.6366421174002325,0,2
opp115_data_retention,embed_base_logreg,1,1,293,1acb0285d3cfc413a7c38dc1ccf0f2c5a261adee395934e6349f4ff2c667ffc0,no,no,0.8670065661372711,1,1
opp115_data_retention,embed_base_logreg,1,1,294,444c17be4227f834a15ee572c9dafe389dcf10a58c327e9fd52cdeb52180525b,no,no,0.728986523419217,0,2
opp115_data_retention,embed_base_logreg,1,1,295,5471e9917d6773e7cca7dfe6c1af9f17cab56f9e46c9fe79a2cb9f3b5aa78979,no,yes,0.5192112326622009,0,2
opp115_data_retention,embed_base_logreg,1,2,296,5989c62c021f0138063006ce222bbf64c49993ca3cc330a85b7de6251fd55d4a,no,no,0.6437334418296814,0,2
opp115_data_retention,embed_base_logreg,1,0,297,14bf42e067c5794d14a9be06281a809438d1eb4db47d247e3d427c04e7c7b7d8,no,yes,0.54076087474823,0,2
opp115_data_retention,embed_base_logreg,1,2,298,b15dc5db6c11da7e9e28ac8b682ecf14ea64add66b77475cc6a51d7ad4b6251f,no,yes,0.5667834877967834,0,2
opp115_data_retention,embed_base_logreg,1,3,299,11ee9a0aa806f739c5dd8e99fdbcfd8cfb6d3432051f7807ebbce9705af60d4f,no,yes,0.5133532285690308,0,2
opp115_data_retention,embed_base_logreg,1,3,300,78ea85a7c27cb91431dc8fe4ef5ca476168da0bfb1c2555b615c16afe4307bd1,yes,yes,0.5224819183349609,0,2
opp115_data_retention,embed_base_logreg,1,3,301,b69f6562a892fcf7ce6acd9e1ed4adf2cd4690cd068b2c75954e8b8cfe2b5d31,yes,yes,0.7788330316543579,1,1
opp115_data_retention,embed_base_logreg,1,0,302,07e78088b1f4bf413cb549c9e9b38ba43b6f611aa69c382daa758e1f0961be13,no,no,0.7444464938507529,0,2
opp115_data_retention,embed_base_logreg,1,0,303,77402fd1b3ae2f41ccc476fa26f6f353a8f2c28874c13d0d780f12c0ab3dbda7,yes,yes,0.8872075080871582,1,1
opp115_data_retention,embed_base_logreg,2,4,0,e783d6e5426c4d132ca1198992b63a2b77013808d63e267b499744a4c5d1b11b,yes,yes,0.5006986856460571,0,2
opp115_data_retention,embed_base_logreg,2,1,1,ca069ace0fea7074fac7e44b33121935734dd94f589cc9069a738b5884a0f116,no,no,0.5292500853538513,0,2
opp115_data_retention,embed_base_logreg,2,2,2,94284e1d7b10fa6117e24745885f4a5c871d995ca98a16179c63cacb7e9c8618,no,no,0.5395079255104065,0,2
opp115_data_retention,embed_base_logreg,2,2,3,ee7f763b4da0bbf780148ff43363b2a907297b4f98c76d7c1e1d2869878a70f8,yes,yes,0.6808987259864807,0,2
opp115_data_retention,embed_base_logreg,2,0,4,be54e70c44eb94e44c82413eb316abd303bc0920653e459cc81b65dc610c2c47,yes,no,0.8774924147502718,1,1
opp115_data_retention,embed_base_logreg,2,4,5,bae4eb887d877f453aee88d3761b630e4bc7ff917be76cb60950cca3ae6c909d,yes,yes,0.7230229377746582,1,1
opp115_data_retention,embed_base_logreg,2,4,6,ffcbe512035ce904259b64a9212131a8ddb5ef6916eb7f217c64a5658bd672fd,yes,yes,0.6981993317604065,1,1
opp115_data_retention,embed_base_logreg,2,0,7,9e061b3940805235e0301ddc59cdad769cb39c4672fdac340725b065cca9eb76,no,yes,0.5546789169311523,0,2
opp115_data_retention,embed_base_logreg,2,3,8,11dbaf4848acf49d21fffc81b9b0ac39e736808cb102bd24ec485e1c9793ead1,no,no,0.6513109803199768,0,2
opp115_data_retention,embed_base_logreg,2,4,9,b35466aaf2aa88600ce3febc4691f6c33a5a185d118a53da03fd134b474427c7,yes,yes,0.5393309593200684,0,2
opp115_data_retention,embed_base_logreg,2,0,10,8c3c2305b0edd2dfbd80ae024d68bf853a2ba001d7e139e796ceed9ab18138b0,yes,no,0.7177001023977965,0,2
opp115_data_retention,embed_base_logreg,2,4,11,b7123b7c303c69d4e87a4030ed741d9f0ca824b638aab5f65596e20ab0d8c4dd,yes,no,0.6221038699150085,0,2
opp115_data_retention,embed_base_logreg,2,4,12,3a03588f9a14326961809e8f32642ea962dc8708b9b78b365afdda60e89ef739,yes,no,0.5285376906394958,0,2
opp115_data_retention,embed_base_logreg,2,1,13,31bf37f8261b9238c62d1bc86ac8e76cca50a7903aa58122cc6fda4e44cded97,yes,no,0.6302403211593628,0,2
opp115_data_retention,embed_base_logreg,2,4,14,83aee36651f00dedd70cbd9dcad609997907b62cd9bf83a6c3ff2ec5e8d4da27,yes,yes,0.9114706516265869,1,1
opp115_data_retention,embed_base_logreg,2,1,15,0ec789dd289a49bedd0b0b3266a7cffd2be138f7eab28a474b082a4e010735a2,yes,yes,0.8931087851524353,1,1
opp115_data_retention,embed_base_logreg,2,2,16,393eae997b97caa2cf9a1da91b63d15664dcaddb694220702d9a143ce913b7a8,no,no,0.8847407102584839,1,1
opp115_data_retention,embed_base_logreg,2,3,17,54c18021f0b5bdd5418fb5f0ae5fa39e1a0754b3d7cf800324e8103487e5cf23,no,no,0.5010623931884766,0,2
opp115_data_retention,embed_base_logreg,2,1,18,03f51ff145336e8b0b3740f93f96fe8af81eb409dffb118976a1aacf863ec171,no,yes,0.7022703886032104,0,2
opp115_data_retention,embed_base_logreg,2,2,19,c89c69b4178c8e62694dbbec4c5ed66aeb0fe5c55e301599ef066e3c3b4385f9,no,no,0.5633277725181648,0,2
opp115_data_retention,embed_base_logreg,2,0,20,8c3716bcecd879ddf0f8827a6cbc7a3abc6d6a93b2089dd3ff73b38ddf0001e1,yes,yes,0.6678585410118103,0,2
opp115_data_retention,embed_base_logreg,2,1,21,f15bd4dacb8cb1b84e653d23e7fe124f64a891cc8707ea67a161980021a3b418,no,no,0.974006896693298,1,1
opp115_data_retention,embed_base_logreg,2,1,22,8f4f45d8a36971e3c0f25e096cde795561185b99b9e955438faba7a4d9fef7ca,yes,yes,0.5313189029693604,0,2
opp115_data_retention,embed_base_logreg,2,3,23,21eac8a720e29bc551d3c8df3375045370305435e24faa05b1d987ac9375d91e,yes,yes,0.630582869052887,0,2
opp115_data_retention,embed_base_logreg,2,2,24,0dd0744922c1b1301ec97c32fe0ad034feab74cddd8fbda70c8f9ef34b1984cd,yes,yes,0.5578152537345886,0,2
opp115_data_retention,embed_base_logreg,2,0,25,3fca71487f4cb96371c3aa5abdec8e2b540353f8e48d378f45873ae178857cc7,yes,no,0.5437828898429871,0,2
opp115_data_retention,embed_base_logreg,2,2,26,dfe28276bb0dea301638082a29d464d5b991277d523df29efae965421e87545a,yes,yes,0.9121814966201782,1,1
opp115_data_retention,embed_base_logreg,2,4,27,8659994e0d17820ba141784fed4d0c18349ac65ec3723701527ef343db9ba2c1,yes,yes,0.7742108702659607,1,1
opp115_data_retention,embed_base_logreg,2,3,28,ac53d5dac4ea34e954ef4a4c00be85ca1da5b5fc8eb4c64c48283a7577095425,no,no,0.6516239643096924,0,2
opp115_data_retention,embed_base_logreg,2,3,29,357a57196be8d969cfaf00bc58e3c97de8f72e1069c26ab0f58307d2cb1f9d5e,yes,yes,0.6860643625259399,0,2
opp115_data_retention,embed_base_logreg,2,2,30,7049bf1374796642411a05defe57eb86765db47de62248e00e4d77bcac1aee04,yes,yes,0.7132570743560791,0,2
opp115_data_retention,embed_base_logreg,2,4,31,222418114ae837c0bd206440228b438f96014c6de64bdf072ca3006ccff9edef,yes,yes,0.8012322783470154,1,1
opp115_data_retention,embed_base_logreg,2,4,32,f757ac860de8bac9799d7d27ab9656bc254e26812f083c16a02936aa88791bbc,no,no,0.6846643686294556,1,1
opp115_data_retention,embed_base_logreg,2,4,33,abc7c023b269931d630379941d539c55e5fa3c28b820a815a5c982c2631c347a,no,no,0.8923060297966003,1,1
opp115_data_retention,embed_base_logreg,2,3,34,7b32204f54e8ce396150ac1e8e02190e1403dc0cabd8a34f0561d5d7e93d436b,yes,yes,0.751491367816925,1,1
opp115_data_retention,embed_base_logreg,2,0,35,fb2d529b248aa927f32f4656bd77156f68757ecc4f2c5fb3629b8a526b66b9b5,no,no,0.7136845588684082,0,2
opp115_data_retention,embed_base_logreg,2,0,36,7d2ec8df6e3c214c2a93de17d8a3bf0d6d26027cd9d0044c301dc63237fa3945,no,no,0.563193185234273,0,2
opp115_data_retention,embed_base_logreg,2,0,37,9ea4ee0eb3d9d04cc9a8af0091829dfe1ab1eadb8752a5a3717462508654ec04,yes,yes,0.8730981349945068,1,1
opp115_data_retention,embed_base_logreg,2,3,38,d77daaa5f063858c2906c7034002c097b5b47e32324c222526a7f3d8f02c5e83,no,yes,0.5313245058059692,0,2
opp115_data_retention,embed_base_logreg,2,0,39,ec4a7bd8ad197241c5da09accfc4e31ec5b38e08bef387e0f4331c37a83ba409,no,no,0.8009632229804993,1,1
opp115_data_retention,embed_base_logreg,2,3,40,169f0b5e0d2932c82322740d6cd06b3021df2a4275d101bbed5152a0caec46f5,no,no,0.717776796751523,1,1
opp115_data_retention,embed_base_logreg,2,4,41,3612cd825f0a2590279962431747097d0fbd3401192a8a62417ab05d87ff7cdc,no,no,0.6076576890843418,0,2
opp115_data_retention,embed_base_logreg,2,1,42,1c8146f855bf4280a45bbd60a4dd1aaf1d2462f0046648c27e23dc401581ad05,no,no,0.7787520769424428,1,1
opp115_data_retention,embed_base_logreg,2,4,43,60b00c02942a44883178b9d27e7722712a65e657f9aa8d7c70f8ed058831df55,no,no,0.6649859149749849,0,2
opp115_data_retention,embed_base_logreg,2,1,44,1b43600d724d025fee73e8dd3c3f6f6f83b2f2254ac3d807d4267fe457da1367,no,no,0.8516041167319435,1,1
opp115_data_retention,embed_base_logreg,2,4,45,1b425bddb73825802ebd5efb1770c952a4e9a9ade9939504b3214de4adbb127e,no,no,0.6830478310585022,1,1
opp115_data_retention,embed_base_logreg,2,1,46,14adf82ee0e3d6b6dfdd51d4d9647c2e6deb7e4569137c2c64156837745e8760,no,no,0.6493690013885498,0,2
opp115_data_retention,embed_base_logreg,2,1,47,943b0ad7763955e029b57dcfe7332b1e2eaf864f2607e3e69ac29c6ce7a999b7,no,no,0.8109867814477318,1,1
opp115_data_retention,embed_base_logreg,2,3,48,8f8364b2d3da12fe4295b94efb41660701eff5ff3ccd0f8330dbfff526bc2897,no,no,0.6816518902778625,0,2
opp115_data_retention,embed_base_logreg,2,0,49,6890c79c65173038a805d631a4323d13802b1a084e9e43845b520355afab971c,yes,no,0.7223841928725185,1,1
opp115_data_retention,embed_base_logreg,2,0,50,30f86ee9ab5fc9b4faf8f83a1adc03eb5e79e7209a5d1555158c62b5d07db921,no,no,0.7103648781776428,0,2
opp115_data_retention,embed_base_logreg,2,3,51,f90c0ab836f55a0533b7c63c67a680a19e6febf6f64c800cb0e2330b3842b9e9,no,no,0.5580789017104775,0,2
opp115_data_retention,embed_base_logreg,2,4,52,f11f4e51a1a75b9616635de4a16c46b939966efe3ff9f57c2a10946ae6db0a24,yes,yes,0.6451940536499023,0,2
opp115_data_retention,embed_base_logreg,2,4,53,551d327f8c9be82c0678a13e918c66a1e4261f956d2c31921b9793392dc0fb96,no,no,0.7474621534347534,1,1
opp115_data_retention,embed_base_logreg,2,4,54,7639ec8effacba52f92d78e35873af81a3c909d1bcb7991c3dee8eb8cd155eb0,no,no,0.53792405128479,0,2
opp115_data_retention,embed_base_logreg,2,3,55,3673e6ea57ecd4f466018707e593a4bdb9b7aef1644bff252a6f08d923f63e94,no,no,0.6337745785713196,0,2
opp115_data_retention,embed_base_logreg,2,0,56,6926dd609cf92d236cc7e7fa5da23576df2d87bc04d7e5abddc73b579061544b,yes,yes,0.8901813626289368,1,1
opp115_data_retention,embed_base_logreg,2,3,57,87174a10546e056f1c501b38df6beb64eb9d06a2e2a4b5ff08d40e522ecc8ca6,no,no,0.725661180188095,1,1
opp115_data_retention,embed_base_logreg,2,4,58,3ba755901c58d9df7c1ba20b53e5b32b53ab34a6e9c50dbaa693d1f7b0488595,no,no,0.8241534706331273,1,1
opp115_data_retention,embed_base_logreg,2,0,59,057e0cd21f3f2d6f8ac7cc0f61244c4a688038e64aa3927b4911c6e6da385581,no,yes,0.5193815231323242,0,2
opp115_data_retention,embed_base_logreg,2,4,60,f37843199faf0f23449b8c3794d5f872aa99c2b209afd10d0a95e32d3b24e389,yes,yes,0.6227951049804688,0,2
opp115_data_retention,embed_base_logreg,2,4,61,6ee61c9e44191e66fe010bd3648455dc5265a72fb87b3d7c5a8a93946094afbd,yes,yes,0.552380383014679,0,2
opp115_data_retention,embed_base_logreg,2,3,62,ca1bb8ae943ee9c0661e965007a76f4432974abc8477582c8c6ccde3c5753505,yes,yes,0.6418190002441406,0,2
opp115_data_retention,embed_base_logreg,2,2,63,acb73fd801c1e421dd498e8b4bf3b9b54243d6505f12ba6260ac82bc8f768f2d,yes,yes,0.5662515759468079,0,2
opp115_data_retention,embed_base_logreg,2,2,64,89b1f9976201dc2173e0bbdc34631faae2a8c790ba6da107d46e02ca87a08617,no,no,0.9295702576637268,1,1
opp115_data_retention,embed_base_logreg,2,0,65,2d7f91113988eaa8a6fc7bf434caf085a3ff857c610fdd7a70ad274b22cd61fe,yes,yes,0.5165212154388428,0,2
opp115_data_retention,embed_base_logreg,2,4,66,830329efa7f832e44e99f30030f4a9c15846e8b46fc521879633a9968097829d,yes,yes,0.6106553673744202,0,2
opp115_data_retention,embed_base_logreg,2,1,67,7ce9c26fb6b50a60fd9b2a6ef38fcde34bc68b2d1444bbe9f8ed3fea77f0b59e,no,no,0.664260288007864,0,2
opp115_data_retention,embed_base_logreg,2,1,68,52f1898017e8ea0e0f71a60eee63f1dc2e5ef17b2456e445f969c030bb48f940,yes,yes,0.8524684309959412,1,1
opp115_data_retention,embed_base_logreg,2,3,69,c67a4e4eaddb86e263afd6a612649b9485c97dae99f189639f96656b9087a012,no,no,0.5909011960029602,0,2
opp115_data_retention,embed_base_logreg,2,4,70,4a68c4a3020aafbdb9c4c6c7c31d71b98e713e853b9cff1de6b14c1c38bc9f24,no,no,0.7223213315010071,1,1
opp115_data_retention,embed_base_logreg,2,0,71,eedaad9d24addceb170d0b20737c42cbbb718262f7b7f5613310ef3ea6e84a41,yes,yes,0.6988062858581543,0,2
opp115_data_retention,embed_base_logreg,2,2,72,c97186e083514b27770a49119fddd31b1ea91626f7cc343d194e4939cc504c62,yes,yes,0.6632002592086792,0,2
opp115_data_retention,embed_base_logreg,2,1,73,188d814cc1989645ed98960c18733a0b3819b7a5e68c6e14a2678017b393be96,no,yes,0.6066706776618958,0,2
opp115_data_retention,embed_base_logreg,2,0,74,87e15e4c3d53fbff03afef09d99be298396f7f93a460514045fb7cde9649fd1e,no,yes,0.717065155506134,0,2
opp115_data_retention,embed_base_logreg,2,1,75,18b1b534d366629f782db652c4bd4bb90f86a28a60fd65718523967f4f0524c6,no,yes,0.64227694272995,0,2
opp115_data_retention,embed_base_logreg,2,0,76,fa803d00ce6546e8478457a6d52ab9b6d8c7630ac8851e1fc52d67f7fb53fed7,yes,yes,0.6883969306945801,0,2
opp115_data_retention,embed_base_logreg,2,2,77,08a0b4c02c02ae6cdb3a9a27b5f233c6f7b885749d7ce00159fa175639f6dcaf,yes,yes,0.9220977425575256,1,1
opp115_data_retention,embed_base_logreg,2,0,78,f06dd627e030196b06ee963e24c2dc68097362ee8edf0e1b8f06345c991920c8,no,yes,0.7102766633033752,0,2
opp115_data_retention,embed_base_logreg,2,3,79,093e1aa7c495478f254786dbe3a579997e7d3d1e60f1a95f37825c5fb42a3587,yes,yes,0.627344012260437,0,2
opp115_data_retention,embed_base_logreg,2,1,80,a9ce0f5db9dcfc9b61e4765e319b2b23ad2e83dad1801837b8f01cf5396bd079,yes,yes,0.9835984110832214,1,1
opp115_data_retention,embed_base_logreg,2,3,81,fe853791e43affc0b554bc15ac732e62d21598be47daeff71cff7c70fb3ace66,yes,yes,0.8403093814849854,1,1
opp115_data_retention,embed_base_logreg,2,2,82,8865d6dc769090f70b58a55fda31bb852e5f08b1c77b001d459bf988b50d86b9,yes,yes,0.9613268375396729,1,1
opp115_data_retention,embed_base_logreg,2,1,83,426332d37643f726b27481408434abcfc44dc8851f6c33cd5dd5632af590b1e7,no,no,0.5693794319218567,0,2
opp115_data_retention,embed_base_logreg,2,2,84,a79935042d83fdf73a42c16202193b860ad3d5911ae723be591572b747a6b7e1,no,yes,0.882379412651062,1,1
opp115_data_retention,embed_base_logreg,2,4,85,7ff692472ae904d4710c1f7bd076cb8c695d0f94fb75da5726e98b4fc6f4745e,yes,no,0.5140500068664551,0,2
opp115_data_retention,embed_base_logreg,2,3,86,3923241ca81aae32e7fcdbef21d829ba2e206096e796fb081b28142af7f5dc37,no,no,0.5623883605003357,0,2
opp115_data_retention,embed_base_logreg,2,3,87,34bf5b6a41eaa2411a0ffe792091dd421bc56965d2270c7f03641ba1296ed2ea,no,no,0.7668293232743342,1,1
opp115_data_retention,embed_base_logreg,2,0,88,3e9d2c06dca818e7895dc62865bd1f351c76a6a9a2576ebd72d3c3d723933bec,yes,yes,0.5226187705993652,0,2
opp115_data_retention,embed_base_logreg,2,4,89,90935d6dee8a77ca52d1b41a4960016c1f84e12aad956e07b67c47067fe621c0,no,no,0.667135218765282,0,2
opp115_data_retention,embed_base_logreg,2,1,90,6103e00dfc5b9fc89a1bbc7bca32c60908d3af246a737c3cb6ca752a3b8e4273,yes,yes,0.8795095086097717,1,1
opp115_data_retention,embed_base_logreg,2,2,91,10fd70c10966d05dfbdb4bd28d72e4d99e5b68a81e8201f2ed78f069887174bd,no,no,0.6757240496791616,0,2
opp115_data_retention,embed_base_logreg,2,3,92,8d527e2efc6a8cba2a09b999917ff3f57012ccb85c76b628e3986a189d0f806a,yes,yes,0.8987481594085693,1,1
opp115_data_retention,embed_base_logreg,2,0,93,8e7672199331041a2ffbadb8967b89b9584533bbefc1a8b1bdb06df30507a723,yes,no,0.7040524272903077,0,2
opp115_data_retention,embed_base_logreg,2,3,94,60271a38ebd73a503d4d63a7d24736a191329fa4c2ceb064478b0385b89e3531,no,no,0.6433551907539368,0,2
opp115_data_retention,embed_base_logreg,2,3,95,a2f433b20215694a24eb8879748021883ff1a49cef93caad0f629fd8f089f68e,yes,yes,0.7046816945075989,1,1
opp115_data_retention,embed_base_logreg,2,1,96,00c26499d96234846a991a8b3863d4bf82feae4d04b77fc0410d3c5284e88e93,no,yes,0.6465893387794495,0,2
opp115_data_retention,embed_base_logreg,2,3,97,ae95ebca76c16e99e7d1de2c967de0ff8c61305f33f7896c0a229dbe7469bd22,yes,yes,0.7197149395942688,1,1
opp115_data_retention,embed_base_logreg,2,4,98,0e20e01a4fb7381675b2416a2e0129fd586a59aef87aa297fde7e7b33ba79b50,yes,yes,0.5052040219306946,0,2
opp115_data_retention,embed_base_logreg,2,2,99,d65f8be5d2d371519044d7daa6308a21fab28110dfa9283d6c6fc2a24d727b75,yes,yes,0.9167537093162537,1,1
opp115_data_retention,embed_base_logreg,2,1,100,a6826c796e514e13c24f3cd62fdaeb329b4e6a7a7c0fb49333ad9c42077d004e,no,no,0.527917206287384,0,2
opp115_data_retention,embed_base_logreg,2,1,101,ae273fb46b67ef555b02f6b977a7bd0ef24425d26b9b57628cedbde78fe0f8e9,no,no,0.7651471977658988,0,2
opp115_data_retention,embed_base_logreg,2,2,102,01e3acbc33bf15313b5880a87df86cbbf898f221efc438d21065a2487d90caa5,yes,yes,0.7224221229553223,0,2
opp115_data_retention,embed_base_logreg,2,0,103,a0794a8831efac02f0c596d7fdd4ccd5cc97370cddba1ad6ddea24575530fa1c,no,no,0.7345016975849361,1,1
opp115_data_retention,embed_base_logreg,2,2,104,61b9dffd6a6c84dfcb4ffa8e49c1c0ced89c2c586fd2c56b2197c65619d78b95,yes,yes,0.967531144618988,1,1
opp115_data_retention,embed_base_logreg,2,1,105,24a215c96bf2875876591826ca6946592923950ca249a411067b3addcbe5ed53,no,yes,0.663881778717041,0,2
opp115_data_retention,embed_base_logreg,2,3,106,1a3457d784d82e13afbc9c92f5bf3cf8647142888d4ae6d381aa825881b2657d,yes,yes,0.5127310752868652,0,2
opp115_data_retention,embed_base_logreg,2,3,107,12e2a92314750078e8927c6895d3e605483c3df2def7e09b9ab8bbc1854455b4,yes,yes,0.5615332126617432,0,2
opp115_data_retention,embed_base_logreg,2,2,108,89d4afba01413f4f026c08de5ab9c1a752ec1fa7bd7ad2ef5f1e405f15a07e83,yes,yes,0.8923081755638123,1,1
opp115_data_retention,embed_base_logreg,2,2,109,1f839862705946b52e2163244afbaa70e2426147512f91860dc5601c5c2389bb,yes,yes,0.7555028200149536,0,2
opp115_data_retention,embed_base_logreg,2,2,110,935a7b863897a0ba0c8ad7901ed54fb2f12d631281676d3b3e3bf8aff853ade5,yes,no,0.7090673235336744,0,2
opp115_data_retention,embed_base_logreg,2,1,111,59c16506290887c7b0cddffcf2aa2e5f87747ee6e4f18ed8ee74e52fa2c008dc,yes,yes,0.6316924691200256,0,2
opp115_data_retention,embed_base_logreg,2,1,112,f64096926fb9c78f401fc0854671a223614422af71ed3a0685489963d966ac09,yes,yes,0.8007090091705322,1,1
opp115_data_retention,embed_base_logreg,2,2,113,2bc01bdcffae3876a8c7f082fd32fd529e78059380437c09551033b584275815,yes,yes,0.9200176000595093,1,1
opp115_data_retention,embed_base_logreg,2,2,114,4065a65416309e59bf310015b8b8efcc430db139973fb86d117f93e768031bc3,no,yes,0.6165125966072083,0,2
opp115_data_retention,embed_base_logreg,2,3,115,48d314a42dbe9fa058aca1dfb87bcf56f418fe9874699c1489237577f246b045,yes,no,0.6281808018684387,0,2
opp115_data_retention,embed_base_logreg,2,4,116,2ca25fd3736fd80ab90b2254eb3d425b036dcd4e9e62e4360386e416c9deab76,yes,yes,0.903362512588501,1,1
opp115_data_retention,embed_base_logreg,2,3,117,1161be58ea49ebc7fce1b9054d77589bb5307b3d56d34a516c160490929e414d,no,no,0.6189178043926417,0,2
opp115_data_retention,embed_base_logreg,2,3,118,414440c3a3ddf73ddf10106fd36a5cacfce9fd199ec8a7b46ee44844418507b6,yes,yes,0.7279921770095825,1,1
opp115_data_retention,embed_base_logreg,2,4,119,0570fb4811b2e51a3e0641efb5a520396a092d396550cdaaafa76fd1dac4a726,no,no,0.707267701625824,1,1
opp115_data_retention,embed_base_logreg,2,4,120,021c61c2b34b795a0959f5f7b9354579eaecfcf1f64d296e334113a271188ae6,no,no,0.679389735442094,1,1
opp115_data_retention,embed_base_logreg,2,2,121,57bc9e8962d8c99f668d7b81efe244628bddf539fcf66d74483a90c984c2c5c6,no,no,0.8690609465399526,1,1
opp115_data_retention,embed_base_logreg,2,3,122,447ae551bbd401748cb52fffaa7c3f115ce1dffe28c99efe5dc9dc0d38122e4f,no,no,0.8422327041625977,1,1
opp115_data_retention,embed_base_logreg,2,0,123,085b13c1eb4bd3144c896064ba632a965391017f9345f3085f1b98209c91afdf,yes,yes,0.9351800680160522,1,1
opp115_data_retention,embed_base_logreg,2,2,124,e4482c06dbe65a91bf1c1f134d6c0e1558da84dd5b5e12594c08686b3eddc8a3,yes,yes,0.9937561750411987,1,1
opp115_data_retention,embed_base_logreg,2,2,125,a9782bc9bc1c192c7edcab363fd4afb1b36914cdf9dafc5b0a12a0823a025886,no,no,0.6706043681682458,0,2
opp115_data_retention,embed_base_logreg,2,0,126,b2a84f40bc79374e0543efa4424fae4d57188002eda7fd63f02dc333becbea83,no,no,0.7915175079035388,1,1
opp115_data_retention,embed_base_logreg,2,0,127,088f49e7378b28bce726054b67e2fabf46daf9e8d352e2a1228c22cf0fac683f,yes,yes,0.9911370277404785,1,1
opp115_data_retention,embed_base_logreg,2,1,128,93bf89a1de994e270413193fcbbcddc3491dcce4054e367a7c1d74c169ad4b14,no,no,0.8764382535484563,1,1
opp115_data_retention,embed_base_logreg,2,3,129,b6bad323bdb4a1398adcba0b0c816828e25650472c3a77d2d6b19f655dab819b,no,no,0.7005755692548881,1,1
opp115_data_retention,embed_base_logreg,2,3,130,d5ecccdb1813c7c945c958ccb2c108cfcb2a7bd8707476f5f1365e825a0ad246,yes,yes,0.5714048147201538,0,2
opp115_data_retention,embed_base_logreg,2,0,131,7df5b7ffb7936618b90ec589b9e3fbc2842e1ff8869ad45b308533577fd77d86,yes,yes,0.6763686537742615,0,2
opp115_data_retention,embed_base_logreg,2,0,132,7ebb25afa192ba9160052426ef3b16f9c49812cb556a72816da619716925449f,yes,yes,0.9835065603256226,1,1
opp115_data_retention,embed_base_logreg,2,1,133,d267bda3f7daabde7131ec43fd663b7f38ebcd905b34ddcac52e23248e63f754,no,no,0.8294891591446227,1,1
opp115_data_retention,embed_base_logreg,2,0,134,8ebe484f8aa9fbd1ab3ffff75a73d134e929f509b531bf7d550cd2fbafb24fdf,yes,yes,0.9178134799003601,1,1
opp115_data_retention,embed_base_logreg,2,1,135,9d6da06849780c6cf3a06b96df57fcbef807a25b5373dd15334941d35b8f6a78,yes,yes,0.7572582960128784,0,2
opp115_data_retention,embed_base_logreg,2,1,136,9256ff8336f43973ac32483cf4a485168f7281caab039c91aa5ec45e7042acd1,yes,yes,0.8330487608909607,1,1
opp115_data_retention,embed_base_logreg,2,1,137,e08e585482b8d3906c0fcf66a5da160b9e819f25aac0e92c2086f5bd74b9f58c,yes,yes,0.9865319132804871,1,1
opp115_data_retention,embed_base_logreg,2,0,138,6fcf71b27d46f55ce193efc7f9afc04455f73116a9db84833f80e06f9ca50565,yes,yes,0.5698665976524353,0,2
opp115_data_retention,embed_base_logreg,2,3,139,c4b6d77aeaa5302389ac8f3608bfb27c4df1b76118cc8f54d2313c0a264133d5,yes,yes,0.7945029139518738,1,1
opp115_data_retention,embed_base_logreg,2,2,140,275a4d4239c413d2e99aedb43348f0606ad8850f1db7dc4e3118c3b47065f91a,no,no,0.5044403226506806,0,2
opp115_data_retention,embed_base_logreg,2,0,141,8a20b838887a4c084a09c1abf0e23b8c9ca43c382e2bbfe5e69c3dfe3fa607cc,no,yes,0.5281152725219727,0,2
opp115_data_retention,embed_base_logreg,2,3,142,d59761f593cdeec8646bc296f9d941e7e44cc354579e86fdca852baf273fc357,yes,yes,0.7061312794685364,1,1
opp115_data_retention,embed_base_logreg,2,2,143,e88625cea1e9848ab0c422dd31cb03bb37e230c04824f11aedb42e6256d88861,yes,yes,0.8518052697181702,1,1
opp115_data_retention,embed_base_logreg,2,0,144,472ac5ccf3636aa466c509158d54b8605d606563706d77f86728caf86b56828e,yes,yes,0.5991101861000061,0,2
opp115_data_retention,embed_base_logreg,2,2,145,8b3ae3f08e20d45d17f031fd4b86caaca9a1df9e99e24770119d51d8f0ac3045,no,yes,0.5331698656082153,0,2
opp115_data_retention,embed_base_logreg,2,1,146,a47590671f0c8a96c36f7d6c9a24adea2693fe733ebba1c9966755e8a4662599,yes,no,0.5347859263420105,0,2
opp115_data_retention,embed_base_logreg,2,3,147,f499e421475ec682cadb46341e6d310462e81d20c890a16c9b4ad060534ed6d0,no,no,0.7255542494521812,1,1
opp115_data_retention,embed_base_logreg,2,2,148,f0cadbba69345266de6559680ae988e0fed4878bed5c0c92243e9d6d5d9f7bf6,no,no,0.6919330954551697,0,2
opp115_data_retention,embed_base_logreg,2,0,149,f321c837be3d158ef7ff42e4a5c07de189845d4d7b643c668200b64b5c207e56,no,no,0.6955311505654798,0,2
opp115_data_retention,embed_base_logreg,2,2,150,1676246f4b932466894e0b3d528e741e4f90b6762f68e0ababf10e220767ab49,yes,no,0.7300941726537296,0,2
opp115_data_retention,embed_base_logreg,2,2,151,619d8a38ba5513f1cec70851f3865bfadc53827c6747264023f10a362373d101,no,no,0.650490403175354,0,2
opp115_data_retention,embed_base_logreg,2,2,152,1b974e8954f0d9b48a91a29c0214076ca646d79b431e0a4492d19f30afef870c,no,no,0.6877834591930074,0,2
opp115_data_retention,embed_base_logreg,2,4,153,1b5aa100191a7360936d3578d1b9c3564918a79175346bc1ff23b914d46d70e8,no,yes,0.5966546535491943,0,2
opp115_data_retention,embed_base_logreg,2,1,154,1fc468ce0666d80d3a1c8e28b4d8988e6f57eb4ba403b9f180c648047c14fcb7,no,no,0.8908738824464714,1,1
opp115_data_retention,embed_base_logreg,2,2,155,2630c3c03b6464991051cceb40eb38f315ce523c5773801b2a3351439cc0170c,yes,yes,0.8651313781738281,1,1
opp115_data_retention,embed_base_logreg,2,0,156,a31f38cb747b69b44e923e5768a51ba824e616032b10029b3afa678eecd6732d,no,no,0.9060353434226958,1,1
opp115_data_retention,embed_base_logreg,2,4,157,ff1baeee0f8055c9e395e216bd36541aa63ad084b6059cee873347c1db25ddc0,yes,yes,0.7031129598617554,1,1
opp115_data_retention,embed_base_logreg,2,4,158,28546a833bc592ba4da981179283a48d9b8e32faed0b19dc3fbd8c7a7dd50f37,yes,yes,0.7856156826019287,1,1
opp115_data_retention,embed_base_logreg,2,1,159,d410d20de93ec6d821438156036e88e141275e0728cbd81aa73889aeaaaaa0a5,no,no,0.7051215767860413,0,2
opp115_data_retention,embed_base_logreg,2,1,160,76c5c816c44786f5d8278d5c4344bd435d73b1ebc675162fd420b7577c9b34cb,no,no,0.8921963242350913,1,1
opp115_data_retention,embed_base_logreg,2,4,161,799451ec0744a90f7eb75457279c0ce6f460b9e3ce9926e51d1dbaf241d6ca78,yes,no,0.6541674733161926,0,2
opp115_data_retention,embed_base_logreg,2,2,162,551af7abca70932f3a0ef1229da16859dacbb33fcc413d4cd74833abb950ad33,yes,yes,0.507709801197052,0,2
opp115_data_retention,embed_base_logreg,2,1,163,a6c7b7ef0cfcf9699e3078342794813b33930d6d73ef7b82d649e0cd79b1f9a6,yes,yes,0.6459318995475769,0,2
opp115_data_retention,embed_base_logreg,2,2,164,5a9e7a696d6ef019dd40f5984dd0ba98efccf5593166eaa0c496b20fa2746a76,yes,yes,0.9410986304283142,1,1
opp115_data_retention,embed_base_logreg,2,0,165,fb5bb7c3433b9471663a47edd44e1cdd1c25ed74aa2c172c37dd997d1e6c1852,no,no,0.6109185814857483,0,2
opp115_data_retention,embed_base_logreg,2,0,166,78bb11f1743e056742c00c3df7250817a755dce1dd5835869a2fb8b84e3bc2a4,no,no,0.8535463682778721,1,1
opp115_data_retention,embed_base_logreg,2,0,167,1abf35a14e7951c638a92c72eb3e662003b16ef0ddd618560be900d5e64f25a6,no,no,0.5101019740104675,0,2
opp115_data_retention,embed_base_logreg,2,3,168,82f45f405a5e1d0c32c0aa4104f22d7551bc3a67281e641a11ac83effe659f98,no,no,0.7250917173949396,1,1
opp115_data_retention,embed_base_logreg,2,0,169,5e45c583666bd2b302d372c46c671eef771afaf9528578e9829b226172636768,yes,yes,0.9063870906829834,1,1
opp115_data_retention,embed_base_logreg,2,4,170,a9542e9239ad9fa5fe798e6e26246771ac82a8b7005dad2341ca2ee512a27e28,no,no,0.6684702435591744,0,2
opp115_data_retention,embed_base_logreg,2,4,171,771b749f5c9ba209d78db7f0ac0f63caa7967c12a2872244c725be1a6170e4bf,no,no,0.9205171787584668,1,1
opp115_data_retention,embed_base_logreg,2,3,172,6429e704b1b7bc0c3244e81a91fde9ed92188025964f1d2d310b93923729cfe4,no,no,0.7489512189910179,1,1
opp115_data_retention,embed_base_logreg,2,3,173,2199e3232e265ca67a9644ec81e95b1cb53aa0ad77d8e5f28f54888d985eb153,no,no,0.6002083003583044,0,2
opp115_data_retention,embed_base_logreg,2,1,174,168c1f8fe9461bd4e50ddb2ced4e38f5b32927ec525c32ef3ef9caf4aac4f36c,yes,yes,0.7266874313354492,0,2
opp115_data_retention,embed_base_logreg,2,3,175,7fbc3e8d046e40175885a2131dbd1d61a930c28a1180efc3a9547e585536f7f6,no,no,0.760701060295105,1,1
opp115_data_retention,embed_base_logreg,2,4,176,501249f20fe324cd55375fb36b14e360a23882582f1ac569eeff4584126cfd87,yes,yes,0.5906378626823425,0,2
opp115_data_retention,embed_base_logreg,2,2,177,12bcae560154d423083c35b272770f335f9553357e5869fb43154ccdf33846db,yes,yes,0.9642452597618103,1,1
opp115_data_retention,embed_base_logreg,2,2,178,d36e9685d44e56c9f78953fa6aaf57669c968b49cd0fe0a1745152927c8d4130,no,no,0.7921743988990784,0,2
opp115_data_retention,embed_base_logreg,2,4,179,65714301dfdbca9f00d701048d1fbf28fce86f25343fcdbcdbf0d9d1b38ccaed,yes,yes,0.8505733013153076,1,1
opp115_data_retention,embed_base_logreg,2,1,180,56b4f2662bf4174e7b8c2938a99ec052b918ce8e1e887eb5cfa74512d3e8093f,yes,yes,0.8932693004608154,1,1
opp115_data_retention,embed_base_logreg,2,3,181,786c88cca6c8382022ca97c03b2d0527fed556aefda3e38cac2bab6ffe58dc7e,no,no,0.7313685199210489,1,1
opp115_data_retention,embed_base_logreg,2,1,182,4ecbddf240d7a5766bcfe8d2590717e74dac0e70abd05993cd0430fc1d16186d,no,yes,0.5100134611129761,0,2
opp115_data_retention,embed_base_logreg,2,4,183,1bf325cb55644bf9f3fae7c85dbe467894de54012da4fa9b66d6a3a22673b41d,yes,yes,0.5859084129333496,0,2
opp115_data_retention,embed_base_logreg,2,0,184,1ea805b1eea1cacd586e1eee0f3cfe197a35d7e32fb03708c3c497f723298775,no,no,0.8641324043273926,1,1
opp115_data_retention,embed_base_logreg,2,1,185,19a13f3eb97a89ca1ef1b119b1c9367a382e7060b09a82f69b1e4e35a3c13204,no,no,0.6382752656936646,0,2
opp115_data_retention,embed_base_logreg,2,1,186,425e3ff0ff4eca4cfa77f598fe216971b57633e8ef911f861dc04886f4c049e2,no,yes,0.5644200444221497,0,2
opp115_data_retention,embed_base_logreg,2,3,187,243100889954d3e9c45757d0a63cf23a39a1b2cf49a14ee10f84c234f5996315,no,no,0.5741346053521218,0,2
opp115_data_retention,embed_base_logreg,2,4,188,a062207fb7a531517ea76930d66bb278f5f2ef789cb4451458d1cf34cce4ab36,no,no,0.6876606345176697,1,1
opp115_data_retention,embed_base_logreg,2,1,189,f98e4b656bc0472164c8d54bfdea68ac9091e88ce8b774ed0038896f2cf18427,yes,yes,0.7066166400909424,0,2
opp115_data_retention,embed_base_logreg,2,2,190,ef7a61507dbd56bbdd5333070f23449cc1050797c8e0ea36826e0dc081f6e86c,no,no,0.612935483455658,0,2
opp115_data_retention,embed_base_logreg,2,2,191,c64822a69e008ced686015ff70e24a6247ef6b472ebe88d75d02e646aabca2cd,yes,yes,0.965298056602478,1,1
opp115_data_retention,embed_base_logreg,2,4,192,c1502e008f774444d032c5dc418fa6dd1bb36626176c5bdd47028e51f7d5470d,no,no,0.549462616443634,0,2
opp115_data_retention,embed_base_logreg,2,1,193,494df37378cf8f74264182865f738cc77f8aaf4fdcc9814a86f99a17f131b2c9,yes,yes,0.8440625667572021,1,1
opp115_data_retention,embed_base_logreg,2,0,194,e7bc4ee0cfffa4fec28bcc2e49a2f7152ccfd743b63cad48404579f5346c9a69,no,no,0.8976711430176092,1,1
opp115_data_retention,embed_base_logreg,2,3,195,9df22399a60ca5da1e856dcb80c9e8e91c896e4712694be92ec80dae5d669dc7,yes,yes,0.8644721508026123,1,1
opp115_data_retention,embed_base_logreg,2,1,196,484cce2ad834362e2ccb3d4894efcae1dfdf44224b918aece53c17203e3dbff2,yes,no,0.6726503171726966,0,2
opp115_data_retention,embed_base_logreg,2,0,197,e822d4f401a34b07af4ed5395f92f976cdc7b0ce397e1c2ffced1c937c81d2ec,yes,no,0.6103280964591532,0,2
opp115_data_retention,embed_base_logreg,2,0,198,57a74ccfcfe7608c6f4350d2552457ccbdd2eb9ba720641c524fd09bc5598fe2,yes,yes,0.9045711159706116,1,1
opp115_data_retention,embed_base_logreg,2,0,199,1fab31543ccbbb32cdadd46142e45a56f35e1d1e3450b5b59654008ee2c58452,no,yes,0.6700279116630554,0,2
opp115_data_retention,embed_base_logreg,2,4,200,2e8ae1b53bbd23b3cdf5e510ad01501a6c3c77c83c76edc9d6220387694b3146,yes,yes,0.679485559463501,1,1
opp115_data_retention,embed_base_logreg,2,1,201,3004082ff910b7c447da1693b12bc592c912baba20a3f7fa3d8856806981f07d,yes,no,0.5488008424282325,0,2
opp115_data_retention,embed_base_logreg,2,2,202,b3cb815b0e314945f81b1e51e706918ed3fa4180164a7815cb8d50075cf7dd77,no,no,0.6031256734393337,0,2
opp115_data_retention,embed_base_logreg,2,2,203,afe6b4fcda20339effa6c437b8dddb0737ca5774f21b675e10cee4edcb0b2ba6,no,yes,0.6424656510353088,0,2
opp115_data_retention,embed_base_logreg,2,1,204,425e6f8fb17f0976e13e4561a405d2be1bf2feaa4d817ac2d139387146f3bd31,no,no,0.773572969830439,1,1
opp115_data_retention,embed_base_logreg,2,1,205,9e4ba9ac193a5b11eed78ae6cf09f456a4bf6cbeb6b7ecc8edbdc4eb64b40ee6,yes,yes,0.8650205731391907,1,1
opp115_data_retention,embed_base_logreg,2,1,206,01aedd6fb8f591d73f87602fc32e2eb3f589628586199ae0a08ea28cc0095f28,yes,yes,0.6847007870674133,0,2
opp115_data_retention,embed_base_logreg,2,3,207,cfa624403984bc99aecc9847407eddcedb97c357900a09f4b366afb61186bb7e,yes,yes,0.6585032343864441,0,2
opp115_data_retention,embed_base_logreg,2,3,208,deb1609f9680931ac921c3f39ec34329f8267411177d3d90aa9ef55f56a7b498,no,no,0.7439071536064148,1,1
opp115_data_retention,embed_base_logreg,2,1,209,268317cace58fd35238bcdc0b1215a3d8e099f45eeff329dd80dde5b2353fc8d,yes,yes,0.5162876844406128,0,2
opp115_data_retention,embed_base_logreg,2,4,210,fcf9351be7dab9559af1a3b9c986fe2cf37456ba80908e462dac832ba398700c,no,no,0.6312140822410583,0,2
opp115_data_retention,embed_base_logreg,2,4,211,f678cfdd7e9c0f3928c9f066039490ad2fa404de918d07e36115bdf6c4949d41,no,no,0.554254949092865,0,2
opp115_data_retention,embed_base_logreg,2,0,212,32a41e20f9d847ef04f07df2b8622a480d1dece63261191cda3bb3996acd72d3,yes,yes,0.8445224761962891,1,1
opp115_data_retention,embed_base_logreg,2,4,213,8ec9dc8ff6db732637848bb964f217566251e05b5c258dbbbd97c7eca79c0825,no,no,0.5096168518066406,0,2
opp115_data_retention,embed_base_logreg,2,4,214,c6627196674562989315bccb36804bae1115c2df68464968e8556abba6ca6fa1,no,no,0.8008404970169067,1,1
opp115_data_retention,embed_base_logreg,2,3,215,8f6572c828f9d34a2984a9e493510acace0a0962806968f2338456db9b64f909,yes,yes,0.5487199425697327,0,2
opp115_data_retention,embed_base_logreg,2,4,216,79705eaf61441ff37f6d5f11fa8666e9ff5564b4ee175daebaf8f1c6dabb226b,no,no,0.8441148274523791,1,1
opp115_data_retention,embed_base_logreg,2,3,217,579c64913914b83e0bfb518994954c4f9689ff6263b5fdda7696a61482e31b27,no,yes,0.5263065099716187,0,2
opp115_data_retention,embed_base_logreg,2,3,218,52c3657ff1bfb928a7a3fa625c19d563556e3925b75890eb6b0b602df7ac91f3,yes,yes,0.7337594032287598,1,1
opp115_data_retention,embed_base_logreg,2,0,219,32fe73db251df3aa92db6a1a1c681bcd91e061358c14841e50814e1b413f3f19,no,yes,0.5258100628852844,0,2
opp115_data_retention,embed_base_logreg,2,0,220,b1ccd2bb7370a2a763dad092f888f4e2a97f2f2935ba8fc5305bad5a7da03e91,no,no,0.8297982688278218,1,1
opp115_data_retention,embed_base_logreg,2,1,221,286dd9f430087d20ac2b2d1e5b2ffb027e6a3c17c8c712179d567e3f74262574,yes,yes,0.9107832312583923,1,1
opp115_data_retention,embed_base_logreg,2,3,222,7ae91b4e09b70faf3863bcdf2881b4370a1bdee1421be7b09a07b40ea31bbddd,yes,yes,0.7874001264572144,1,1
opp115_data_retention,embed_base_logreg,2,3,223,46ab7b708623a654c3f4754e7de54d0f7f5262c25a56a9089ec4b0a06321e5ce,yes,yes,0.5536606907844543,0,2
opp115_data_retention,embed_base_logreg,2,4,224,9ccbd99d243f6fccfdb5ade9893285b113a60399c981dd39f15468a92272b280,yes,yes,0.6317210793495178,0,2
opp115_data_retention,embed_base_logreg,2,1,225,dc2bcbcc57f6752c67ab7f8f29e23d38c5ab5f2b5853eceb626946f7fef43e63,yes,no,0.6499792143708701,0,2
opp115_data_retention,embed_base_logreg,2,3,226,ebd6ff5a40784887fd22e2a782aa8e6c5172416cd89da968f0a8ca8a1c587032,yes,no,0.6096314373502564,0,2
opp115_data_retention,embed_base_logreg,2,4,227,d19696c556b2338e90c8b6ffeca489622dce2a164aafca75bb4404c204b35f14,no,no,0.5115269574978041,0,2
opp115_data_retention,embed_base_logreg,2,0,228,231bd657c2964de6c6ea8a1d9437fd6afd87001f261f26031a982be996c8cdb2,no,no,0.9732561689368334,1,1
opp115_data_retention,embed_base_logreg,2,0,229,07695545e4b0ac85eb721da8201b6633989f41219d0813c611a3b4b94e43300b,no,no,0.5631517339692037,0,2
opp115_data_retention,embed_base_logreg,2,1,230,07c588e0587dec8248cc485ba9c6576750efed45b3a5b316f1070256eab6fad1,no,no,0.8806130158809868,1,1
opp115_data_retention,embed_base_logreg,2,2,231,7ff692472ae904d4710c1f7bd076cb8c695d0f94fb75da5726e98b4fc6f4745e,yes,yes,0.6896595358848572,0,2
opp115_data_retention,embed_base_logreg,2,0,232,6976f37f3945036a2d6a03e8d1fda2d187b08666dcde5d5fb041ceeb3fad051d,no,yes,0.6310864686965942,0,2
opp115_data_retention,embed_base_logreg,2,4,233,24329a0a8cf39a8b9c64fb2e1a20cb53a03b54d4ec040ae95fdef41c0fe61c48,no,no,0.5834875702857971,0,2
opp115_data_retention,embed_base_logreg,2,0,234,f84077447e66f9200b7a8102f0008b329629b65cd75e9c18d9a70e14f0e12b6d,yes,yes,0.815100371837616,1,1
opp115_data_retention,embed_base_logreg,2,1,235,1e59f4141dad643b5759ddec3cf94ac691b5377cc52812cd4a13c121cc31d379,yes,yes,0.7869282364845276,1,1
opp115_data_retention,embed_base_logreg,2,2,236,e278f2edce8b4e0802417192f137cf31f4d4f91e3b80757695952d1b52e2340a,yes,no,0.5690907070311694,0,2
opp115_data_retention,embed_base_logreg,2,3,237,01828d6aebf17dbb1ad67764d82b586f69e1acccc913ebb33a8dd70e22e17a55,no,no,0.6170660853385925,0,2
opp115_data_retention,embed_base_logreg,2,3,238,a655398af474837f8aea04a211d471f032e92a6dd95cde5aa013b3742aa07e2d,yes,yes,0.9215413928031921,1,1
opp115_data_retention,embed_base_logreg,2,0,239,804847995735f8dfa9797e268facbb80a5b434604065fdf81cb85fa16a925e3f,yes,no,0.78451805137816,1,1
opp115_data_retention,embed_base_logreg,2,1,240,50b52ff785cc7ba25950a1e06086d5e1acf219d84091ca95765ec22900044578,yes,yes,0.7337371110916138,0,2
opp115_data_retention,embed_base_logreg,2,4,241,3f34b14ee060ce604c8fa33a42f0adbc49a3eef1ae996f5a64eba6b33e55d486,no,no,0.6885108947753906,1,1
opp115_data_retention,embed_base_logreg,2,2,242,ac38c4e75d9ead7df72ab064029c60831b86c70cc9cc2ef142ccc77103916c5a,no,yes,0.5722532868385315,0,2
opp115_data_retention,embed_base_logreg,2,2,243,ad34a91ff28db78f3828eee27f65dfc77194d18529b5c5a72f714c550a1bfee8,yes,no,0.7201768374495756,0,2
opp115_data_retention,embed_base_logreg,2,1,244,7f58b2111392f889922217ef5d4a11f5cede6eb86408b0140fbb832204f39c63,yes,no,0.5605446696281433,0,2
opp115_data_retention,embed_base_logreg,2,0,245,0f685ea5f05b7bd2894de89b143ea229c2ffa042482785574cb759d9a54bc06f,yes,yes,0.8342384696006775,1,1
opp115_data_retention,embed_base_logreg,2,1,246,ae9063afaaf895e06d6bc6fd779839bc111acb3ed9913ab2199c848f1581980d,yes,no,0.525373637676239,0,2
opp115_data_retention,embed_base_logreg,2,0,247,50a0e0ba2aca555b3c28b225f87b1942031bdabcf9d04f89dda1b39b96bd9b42,no,no,0.7370914816856384,1,1
opp115_data_retention,embed_base_logreg,2,1,248,e70de619913753bc42a24b74c19fa0f6d78b4f2065dd29cbdd1d094d8a1c4958,yes,yes,0.7767553329467773,1,1
opp115_data_retention,embed_base_logreg,2,1,249,38525a384cff0762f804e1a21a7b89ac657c8eab1c3a09f8da7f97a684ed8cbb,no,no,0.9012198313888933,1,1
opp115_data_retention,embed_base_logreg,2,2,250,a608d369acb8b39938b51bc67b06b14e46f4e7b30af9060ec12d40ec76a02693,no,no,0.584877985265195,0,2
opp115_data_retention,embed_base_logreg,2,2,251,b6849c5e7505d5ea81a96d7302dc64625027f1333fdd1ad5acdc5674a1356024,yes,yes,0.8053164482116699,0,2
opp115_data_retention,embed_base_logreg,2,3,252,2f62c54cbda8addbe6232f8471c0c55c65ddf75bd4f4201f20095a468a6d4a3f,yes,yes,0.5015333294868469,0,2
opp115_data_retention,embed_base_logreg,2,2,253,a7f9911c6c83b3445ee6ccbf2a64537355af6eda468b91834e1f28a39870328a,no,yes,0.6772630214691162,0,2
opp115_data_retention,embed_base_logreg,2,0,254,331b1f34bbf6a523faaf139562c3206a26f73f76a0af24ccb8b7d410c5809648,yes,yes,0.7433168292045593,1,1
opp115_data_retention,embed_base_logreg,2,0,255,1e9d5bebd73b6b03196102c13d6398e9684f640319406b8cfd2182f5efec90e8,no,no,0.9272631795571034,1,1
opp115_data_retention,embed_base_logreg,2,1,256,c385be8e4dc911b9d1100018a19156fd997244226e0ad228c94cdf495b72c9c9,no,no,0.94148660758309,1,1
opp115_data_retention,embed_base_logreg,2,2,257,f316ea31b0b9f52d7e58dea2321f7f1367c3b9713783bc8e8a54df26122cb53c,yes,yes,0.766857922077179,0,2
opp115_data_retention,embed_base_logreg,2,4,258,f869eb75e9a1654c2216095771718fd988f6460ba8e79d76d0dda31b878d4a0f,yes,no,0.5594819950903056,0,2
opp115_data_retention,embed_base_logreg,2,4,259,9a18bf5bedcef58fb061941815a1dc4f26be41d24545b1dedc4a4cd9c3882dba,no,no,0.561354177038496,0,2
opp115_data_retention,embed_base_logreg,2,4,260,7787497942b66196747d386679fb92dd42ec1ca9c3e6b38147ab015d42b529f9,yes,no,0.6256274171360557,0,2
opp115_data_retention,embed_base_logreg,2,2,261,00ac89c540730a3531332c3398cff49e8db87a948ea4434b63039bcb165b2c66,no,yes,0.6703999042510986,0,2
opp115_data_retention,embed_base_logreg,2,4,262,b3eaec0a573a24dbb3b21c0d97605c822ad645c92272d7e319ba9f7a8dd0a73d,yes,yes,0.6390868425369263,0,2
opp115_data_retention,embed_base_logreg,2,3,263,83055255358a99afb2a4d5dfa1be49e9d6fd08fb4cf38447b4bedcb96fbaca8d,no,no,0.8686421642995203,1,1
opp115_data_retention,embed_base_logreg,2,3,264,6c7d9bce9289e4f305f3bc9a7102fc099f5e7104e35642b6ab9464a465815dde,no,no,0.8045830726623535,1,1
opp115_data_retention,embed_base_logreg,2,0,265,f0790f05da1a430476726fb1d935f7e771506db7ce34ebd7f8865c7b3ce9deaf,no,yes,0.595342218875885,0,2
opp115_data_retention,embed_base_logreg,2,2,266,6b6d1b46091d740d9c3bf0588df61c7c5df56a0200635bc1d29ea0280f4fb3c9,yes,no,0.6541235446929932,0,2
opp115_data_retention,embed_base_logreg,2,2,267,5c6dba33e1a2705163733543bfde75d0e215a2360c17dbc9cf06ae0c153b6014,yes,yes,0.9651901125907898,1,1
opp115_data_retention,embed_base_logreg,2,2,268,097d257865b8010cfae87562ae3acd3cfdd11d628daf6eb19ef0fb02f8aa5cfd,no,no,0.8330815434455872,1,1
opp115_data_retention,embed_base_logreg,2,0,269,a7d0e7229ee813df0da48f22c8b9f7164d3d78eb630fe2d9c12c0b817523b0bd,yes,yes,0.8136935234069824,1,1
opp115_data_retention,embed_base_logreg,2,1,270,0585dd317c2fd60618e5b686ab9f9d98a1498248e25825af326df46675c317bb,no,no,0.8031428812997674,1,1
opp115_data_retention,embed_base_logreg,2,2,271,944fc9978a2a6b5e1ca37acc5b4274abb44dd61ceeb497332d87e0966bd5b850,no,yes,0.9503000974655151,1,1
opp115_data_retention,embed_base_logreg,2,1,272,6882433d496d02569b5744fb8aa186a9982b24c294237298ad5e876598182f8e,yes,no,0.544428825378418,0,2
opp115_data_retention,embed_base_logreg,2,0,273,77d837bdb3945e037c6bc1e1ceffccf5972537d088e53139f85cd61a40ba32bb,no,yes,0.8946294784545898,1,1
opp115_data_retention,embed_base_logreg,2,4,274,ac03c789e91d566843ad44eee24526ca26c89d6e49ae164d8987eecfbffec7e0,no,no,0.8576461204535681,1,1
opp115_data_retention,embed_base_logreg,2,0,275,631509edaa82bfb9fe669ef2c49aab37a6a8b5ded6d502ee11e0982aa874f854,yes,yes,0.9443756937980652,1,1
opp115_data_retention,embed_base_logreg,2,2,276,a943897a4f2d7fe76699b0f268dd2dfd57ada734ac5a21bae2739666abe7d190,no,no,0.8729666601563493,1,1
opp115_data_retention,embed_base_logreg,2,3,277,e397b9fb3a1c4f92db03685edaf800fbcd4fc51e0b0121c1f0eebb6a868e6afe,no,no,0.6593324941595645,0,2
opp115_data_retention,embed_base_logreg,2,2,278,8c3bafbb5ff5851b2762dd74740a9378d5b1a8ee8e05b0195f923bdc8ecd18c8,no,no,0.8935101561731833,1,1
opp115_data_retention,embed_base_logreg,2,0,279,dff95303893a2a3012f5c89bd306f5e5ecdf1f4aeded9761df3aa3a04cc3e317,yes,no,0.6863593850624744,0,2
opp115_data_retention,embed_base_logreg,2,2,280,7e39a80962a7f4e89e48e00fa790fd0fe9a679346f05446bc5648239a5551aa0,no,yes,0.7138326168060303,0,2
opp115_data_retention,embed_base_logreg,2,3,281,37026006daaf329041e125901210e0ed07673977b50ab75247530d80efcab30b,yes,no,0.7654050702662032,1,1
opp115_data_retention,embed_base_logreg,2,4,282,5a91dd4bf9e4d39f9bb845b50ecec4b500fa2c0314aab3146eb267953b009191,yes,yes,0.6677144765853882,0,2
opp115_data_retention,embed_base_logreg,2,3,283,eee0077d4ac9d0305983ae7802727bf2185a52bc5a0ed3f9248da5977fb9122a,no,no,0.6994813680648804,1,1
opp115_data_retention,embed_base_logreg,2,3,284,e4a77beb5442f26027cc4c8e99456c5e2f3a51e71efb7986820a6eaa41688a2d,yes,yes,0.6727909445762634,0,2
opp115_data_retention,embed_base_logreg,2,3,285,5fb1ee934e23642de0a5dbffa00ae79d14f0668f5bfd41272c0f7608f3e65093,yes,yes,0.6710103154182434,0,2
opp115_data_retention,embed_base_logreg,2,4,286,0099b44663fb6e62c7e0e721a23c1a9d02a508dabfb9b2578697a893040f6288,no,no,0.6097667217254639,0,2
opp115_data_retention,embed_base_logreg,2,4,287,20fff12dbb9c94a47ff332d13ed9d2e47a8a20112eed351497b59496f4c96ebd,yes,yes,0.7744969129562378,1,1
opp115_data_retention,embed_base_logreg,2,3,288,a4050cf1e40640de6f219bf7c86291057a6cbee66710f4cd042edb07054c5be6,yes,yes,0.7283511757850647,1,1
opp115_data_retention,embed_base_logreg,2,4,289,320dcdb13784b37639fdafd0af9f079b25a6aa37dde118d245f2bc0104d6b690,no,no,0.729595959186554,1,1
opp115_data_retention,embed_base_logreg,2,0,290,f5be7fd433b991df2123b66c275591e49ff85cb116360f92ee76067c29dbd12c,yes,yes,0.9800323247909546,1,1
opp115_data_retention,embed_base_logreg,2,0,291,e69d683bf0662b37561b1eb6e1eadbe3dbf2c0fc148cccd4119fa231a1917b46,no,no,0.8077870727745753,1,1
opp115_data_retention,embed_base_logreg,2,2,292,e71d0801d3af067794624eb24a6a7950f40c6f4d4085ac685a9a21cce1a77b6e,no,no,0.9125878946868762,1,1
opp115_data_retention,embed_base_logreg,2,2,293,1acb0285d3cfc413a7c38dc1ccf0f2c5a261adee395934e6349f4ff2c667ffc0,no,no,0.8996831908774852,1,1
opp115_data_retention,embed_base_logreg,2,0,294,444c17be4227f834a15ee572c9dafe389dcf10a58c327e9fd52cdeb52180525b,no,no,0.9002175129901429,1,1
opp115_data_retention,embed_base_logreg,2,4,295,5471e9917d6773e7cca7dfe6c1af9f17cab56f9e46c9fe79a2cb9f3b5aa78979,no,yes,0.5723577737808228,0,2
opp115_data_retention,embed_base_logreg,2,2,296,5989c62c021f0138063006ce222bbf64c49993ca3cc330a85b7de6251fd55d4a,no,no,0.7306011319160461,0,2
opp115_data_retention,embed_base_logreg,2,3,297,14bf42e067c5794d14a9be06281a809438d1eb4db47d247e3d427c04e7c7b7d8,no,no,0.5228406190872192,0,2
opp115_data_retention,embed_base_logreg,2,1,298,b15dc5db6c11da7e9e28ac8b682ecf14ea64add66b77475cc6a51d7ad4b6251f,no,yes,0.5325602293014526,0,2
opp115_data_retention,embed_base_logreg,2,1,299,11ee9a0aa806f739c5dd8e99fdbcfd8cfb6d3432051f7807ebbce9705af60d4f,no,no,0.624304473400116,0,2
opp115_data_retention,embed_base_logreg,2,4,300,78ea85a7c27cb91431dc8fe4ef5ca476168da0bfb1c2555b615c16afe4307bd1,yes,yes,0.5583981871604919,0,2
opp115_data_retention,embed_base_logreg,2,1,301,b69f6562a892fcf7ce6acd9e1ed4adf2cd4690cd068b2c75954e8b8cfe2b5d31,yes,yes,0.7592752575874329,0,2
opp115_data_retention,embed_base_logreg,2,2,302,07e78088b1f4bf413cb549c9e9b38ba43b6f611aa69c382daa758e1f0961be13,no,no,0.5840972836046602,0,2
opp115_data_retention,embed_base_logreg,2,3,303,77402fd1b3ae2f41ccc476fa26f6f353a8f2c28874c13d0d780f12c0ab3dbda7,yes,yes,0.8226533532142639,1,1
