task,candidate,repeat,fold,item_idx,text_sha256,gold,pred,p_pred,kept,set_size
supply_chain_disclosure_best_practice_audits,majority,0,0,0,9d54e6c772949bfb6b364e2d7006fb131ac4294d6529566b2d88c78014eb6a1d,yes,yes,0.9999999989999999,0,2
supply_chain_disclosure_best_practice_audits,majority,0,2,1,6bd8ec1448ec24fd291dc77052268939f67f9cfea5b76bd69388e542e0b53419,yes,yes,0.9999999989999999,0,2
supply_chain_disclosure_best_practice_audits,majority,0,3,2,cfd25f9be7d33e9e2626fa8f008705300a927fdffb8d298eb046111abadd5313,yes,yes,0.9999999989999999,0,2
supply_chain_disclosure_best_practice_audits,majority,0,1,3,2f6b42c2613958a15c6634faad8dce008342e61c935053e805fb0f1fff7e4aa5,yes,yes,0.9999999989999999,0,2
supply_chain_disclosure_best_practice_audits,majority,0,1,4,dd521a35f676e54ddd4c10353a5b613a177a8c4ab4053780ebfac40ccda839f6,yes,yes,0.9999999989999999,0,2
supply_chain_disclosure_best_practice_audits,majority,0,2,5,33e4c0559a94c7dce28fd5c76870036003e5e62eed6cf35cdc1c63a6b0a6569f,yes,yes,0.9999999989999999,0,2
supply_chain_disclosure_best_practice_audits,majority,0,1,6,fb9db00dc94a7d11b1f1dc759bdaa0ab4132a345c4f4c79fa1b99a4f3feabec7,yes,yes,0.9999999989999999,0,2
supply_chain_disclosure_best_practice_audits,majority,0,4,7,a3a6ab356fbf9711c2b5414d31490eead3dd8e73d43141d8c1c133c314b5f163,yes,yes,0.9999999989999999,0,2
supply_chain_disclosure_best_practice_audits,majority,0,1,8,7a0cea15013a413c9095a12a26a110ad23082840e0980ef5ea664df3aa587c79,yes,yes,0.9999999989999999,0,2
supply_chain_disclosure_best_practice_audits,majority,0,3,9,ded19f85f9c4d9d7f469200e17647cd8ecc12c2da48288385855657ec1b5adf5,yes,yes,0.9999999989999999,0,2
supply_chain_disclosure_best_practice_audits,majority,0,0,10,edbc6a22c498b82bac2202f1e46acbeaedfb015c0444653d0b0aeb6099e37ff7,yes,yes,0.9999999989999999,0,2
supply_chain_disclosure_best_practice_audits,majority,0,1,11,72cbb74b67a42c66920815b763cc6896803bfbe9a4dde82490f10909e1dfcbec,yes,yes,0.9999999989999999,0,2
supply_chain_disclosure_best_practice_audits,majority,0,3,12,b6f77759748e520cb2650c9d05bfabeb352e52aeb1c443de23d4c8058ffbae34,yes,yes,0.9999999989999999,0,2
supply_chain_disclosure_best_practice_audits,majority,0,0,13,dade26e8398dbb799fd50eb54dbcd3e6ab8b4c274c793f921a58a02434c8b920,yes,yes,0.9999999989999999,0,2
supply_chain_disclosure_best_practice_audits,majority,0,4,14,ca680947ea1c383262052c8e93e441eefb9f5c56853cfdc57b710b6763858524,yes,yes,0.9999999989999999,0,2
supply_chain_disclosure_best_practice_audits,majority,0,1,15,6567baee48eaca37363905900994df097ee69c55020b441e3135e706805c61aa,yes,yes,0.9999999989999999,0,2
supply_chain_disclosure_best_practice_audits,majority,0,1,16,3f83f1e16a6ae23ed6f0bb9678979f85323df70d52e5af7828b1bed5744918b1,yes,yes,0.9999999989999999,0,2
supply_chain_disclosure_best_practice_audits,majority,0,0,17,37ed9ddde655fb5e0bedd0751e547d4b678cb2a4faeb1a803f4fde03b96df247,yes,yes,0.9999999989999999,0,2
supply_chain_disclosure_best_practice_audits,majority,0,2,18,927e63eace0a5b571aaae87c06d33ec73b502b226e5e07f69211aac675c9199d,yes,yes,0.9999999989999999,0,2
supply_chain_disclosure_best_practice_audits,majority,0,0,19,67595c9be4cf851988bc1fc7cdcedef276346c043520046d91bb26c48edac6cc,yes,yes,0.9999999989999999,0,2
supply_chain_disclosure_best_practice_audits,majority,0,4,20,97859a9430e770c53776bdb64bcac6e1057b25056282b1a971f3143449b8ae52,yes,yes,0.9999999989999999,0,2
supply_chain_disclosure_best_practice_audits,majority,0,0,21,d70648593b74ef9e2bc2de57c4dd94c2323fa8cd58e0083ea94ae75980c167fd,yes,yes,0.9999999989999999,0,2
supply_chain_disclosure_best_practice_audits,majority,0,2,22,52f6bfce60e5ece10730f4e80ac4d6d0a44cf613425838d5b0805482b44527f6,yes,yes,0.9999999989999999,0,2
supply_chain_disclosure_best_practice_audits,majority,0,3,23,e50372eb04052599ab62fed9665c237fbb1fafd32f6502757f0d0bc648ee5072,yes,yes,0.9999999989999999,0,2
supply_chain_disclosure_best_practice_audits,majority,0,1,24,450bbed24b34b5272d476f23a5de997f8ff5490a0e106d7cdec0c059964c5c25,yes,yes,0.9999999989999999,0,2
supply_chain_disclosure_best_practice_audits,majority,0,2,25,f2116c063ca557116fe78a21ccd8f5607276835e91875fc11bf12932dddc984f,yes,yes,0.9999999989999999,0,2
supply_chain_disclosure_best_practice_audits,majority,0,3,26,aafd7fd03c4909c8dc45f9cb2cd65c636a86fc13ac4f6c08c449151b9a47fef7,yes,yes,0.9999999989999999,0,2
supply_chain_disclosure_best_practice_audits,majority,0,0,27,33043270153f967b1fcebdd792621661d4f1066634cad83e35b51a515630ac38,yes,yes,0.9999999989999999,0,2
supply_chain_disclosure_best_practice_audits,majority,0,2,28,43294ee8c35a7c5c0a600a0522b094cbf6660d69944080ca876844efa92382dc,yes,yes,0.9999999989999999,0,2
supply_chain_disclosure_best_practice_audits,majority,0,2,29,b68f1b883214616d4922a65d201ee2ea9db1a0122864b78ccbbf5ee46c7a8f7b,yes,yes,0.9999999989999999,0,2
supply_chain_disclosure_best_practice_audits,majority,0,3,30,7310ac62e99a4e8b1a34fce3d7086304d24c92e3534b4100b1c05e58506ac4b1,yes,yes,0.9999999989999999,0,2
supply_chain_disclosure_best_practice_audits,majority,0,3,31,b32275d570cb22080951b4812db4ef3e116eb01260737efd0035c8ac82e331f9,yes,yes,0.9999999989999999,0,2
supply_chain_disclosure_best_practice_audits,majority,0,2,32,052895a7e776122c3bd93f43e5a766518ea710c81cd2d76001ab5d8e1a8e9576,yes,yes,0.9999999989999999,0,2
supply_chain_disclosure_best_practice_audits,majority,0,3,33,92cd4852e93b427437a48160221b761b265339694e1e9e4b6fbb4078283d47dd,yes,yes,0.9999999989999999,0,2
supply_chain_disclosure_best_practice_audits,majority,0,3,34,a63bbe340e7e5559ab344685986e27ba29e7856a2bb43f559677d60bd6372b49,yes,yes,0.9999999989999999,0,2
supply_chain_disclosure_best_practice_audits,majority,0,2,35,4c66ac71222d0b9ea3d8106a65704219a05af6e124369c676e6d84e9e05eef96,yes,yes,0.9999999989999999,0,2
supply_chain_disclosure_best_practice_audits,majority,0,1,36,5a71be10ab1bfb61b9c98e5a9adce211ebf7cc64b75c2fe894b2da8f4f438624,yes,yes,0.9999999989999999,0,2
supply_chain_disclosure_best_practice_audits,majority,0,4,37,7a943e9ef37d479a877b40d230449fde8ef8985c43c5795a2b67ad1a560ec3dd,yes,yes,0.9999999989999999,0,2
supply_chain_disclosure_best_practice_audits,majority,0,1,38,eebfae389e1805a6524964b0a815e9e64c44ec4245148015e3ee4de8084556cf,yes,yes,0.9999999989999999,0,2
supply_chain_disclosure_best_practice_audits,majority,0,1,39,242ffbc9b3e5ff9fb89c658b1348a67d708b3cbbc0707ba7991cf585da68498d,yes,yes,0.9999999989999999,0,2
supply_chain_disclosure_best_practice_audits,majority,0,2,40,6d4f73e7a6d1fea0e78502ec3d78016b8d7cc091321e361a13bcbc1c64abbc92,yes,yes,0.9999999989999999,0,2
supply_chain_disclosure_best_practice_audits,majority,0,3,41,e91b405667ff2e3c59a366f14d4e69a85adf7b37adfbe5cc0d4f68d3ff850477,yes,yes,0.9999999989999999,0,2
supply_chain_disclosure_best_practice_audits,majority,0,4,42,df4b5ecfdae8b9a769a3ceef89c8f2943eff05ffdb56a25b5ff2517b2a5774ad,yes,yes,0.9999999989999999,0,2
supply_chain_disclosure_best_practice_audits,majority,0,0,43,68dff8e9beb989b03b38607e665e4d5372e148fe089e55d47bec6692aea9c76a,yes,yes,0.9999999989999999,0,2
supply_chain_disclosure_best_practice_audits,majority,0,1,44,473f02f9766d1a9408898f92db8c82504af7648bb43d66a2d58ba393ad110cea,yes,yes,0.9999999989999999,0,2
supply_chain_disclosure_best_practice_audits,majority,0,4,45,40b81122b3ce13d0b02d3855a778d59dfa74dfe699922ad1cd59e4c945a11085,yes,yes,0.9999999989999999,0,2
supply_chain_disclosure_best_practice_audits,majority,0,4,46,be386186c94960b560719aa9801a2b53b610974576c933522e3bf0b7de9f75ee,yes,yes,0.9999999989999999,0,2
supply_chain_disclosure_best_practice_audits,majority,0,2,47,54ba1171dd088353ea0094c11e682cce0bda3cce8961ca9686b40b33a7462851,yes,yes,0.9999999989999999,0,2
supply_chain_disclosure_best_practice_audits,majority,0,4,48,a5cd9829d0bb6680b12c38d718acd91f080de69f112a33da5f30ee6a651da5bd,yes,yes,0.9999999989999999,0,2
supply_chain_disclosure_best_practice_audits,majority,0,2,49,a60b58ec65949fd64e04a7930db1d4f38f18d50de6cc77f83c3a1f018bb35971,yes,yes,0.9999999989999999,0,2
supply_chain_disclosure_best_practice_audits,majority,0,3,50,258ee064efae6bfc773d9e688e0e04507092de9bb4d6c023bdd08088ce9b7d0a,yes,yes,0.9999999989999999,0,2
supply_chain_disclosure_best_practice_audits,majority,0,4,51,3bb5ff0604197b2135281a129b8db0a49cf99b97683131f2595801f5a3538e48,yes,yes,0.9999999989999999,0,2
supply_chain_disclosure_best_practice_audits,majority,0,1,52,4124b6eeb003417bd70564ba2fde31be4a267b867426f07b7e40d3a5a42b955e,yes,yes,0.9999999989999999,0,2
supply_chain_disclosure_best_practice_audits,majority,0,0,53,6795adbe04130c6f667f1f3bfdf4477f9426ec504d554b86e3442d6bc01c64b3,yes,yes,0.9999999989999999,0,2
supply_chain_disclosure_best_practice_audits,majority,0,4,54,b624a5abb6fe61a77543f57ce95b180f41e23f122d7ea978a7f03a9080d0c117,yes,yes,0.9999999989999999,0,2
supply_chain_disclosure_best_practice_audits,majority,0,2,55,6434dbb7f593fcc55b97b67e6ab2b3bc4e6b0d9e0842c8fdbf3d79acd062e711,yes,yes,0.9999999989999999,0,2
supply_chain_disclosure_best_practice_audits,majority,0,3,56,2c5af191cf4c83284d0d480817f743f471028484b87e6533b0919f79d8be73da,yes,yes,0.9999999989999999,0,2
supply_chain_disclosure_best_practice_audits,majority,0,3,57,1a95135ede09d2e63bd6b4a843062ac4af61a3fd3b03ede6d720351b54846dc4,yes,yes,0.9999999989999999,0,2
supply_chain_disclosure_best_practice_audits,majority,0,1,58,1810bea0a08d73c32b1805b8831178ca0ab8528b2d0f8ac88247661a6e69f8e7,yes,yes,0.9999999989999999,0,2
supply_chain_disclosure_best_practice_audits,majority,0,3,59,5a2d69bd4e38c3951efb30708a40e3f4a39f104d84721cbf8c545d5ebbf5a979,yes,yes,0.9999999989999999,0,2
supply_chain_disclosure_best_practice_audits,majority,0,0,60,46835c7ca7f9d3ed9aac3bf85af18fe4658a5d4cecd054ad6219f1b379266b5a,yes,yes,0.9999999989999999,0,2
supply_chain_disclosure_best_practice_audits,majority,0,2,61,19d22a3d9ae55ee79ad31bf1a33f28b73bf1af23a659ff9b50fd6a039c3c1015,yes,yes,0.9999999989999999,0,2
supply_chain_disclosure_best_practice_audits,majority,0,4,62,e0675a87b1557858af49db8846e7da2a54792cca0f4b6687547a06bc21752a64,yes,yes,0.9999999989999999,0,2
supply_chain_disclosure_best_practice_audits,majority,0,4,63,88e18396e51fd530b25dbdba867dee981f99e3bc9ee3e4495b541d3afb24f860,yes,yes,0.9999999989999999,0,2
supply_chain_disclosure_best_practice_audits,majority,0,1,64,30c8b45d4999cf9de8c3c9318059611dc084dd5f81ec50a3ffefb4c434ea5d10,yes,yes,0.9999999989999999,0,2
supply_chain_disclosure_best_practice_audits,majority,0,4,65,bcc7c3c9238c4ca25a297bba82702f037934c89e424571ce800b424c2d72eb99,yes,yes,0.9999999989999999,0,2
supply_chain_disclosure_best_practice_audits,majority,0,0,66,d37dc7efcf545e24ea668accb8a8fc8c4b2d71c9a6b66829b6e7f5ad5887c55d,yes,yes,0.9999999989999999,0,2
supply_chain_disclosure_best_practice_audits,majority,0,3,67,1ff72a935e2581a73389e968b07a918171d3a71863f799670ce20e0422a77bc1,yes,yes,0.9999999989999999,0,2
supply_chain_disclosure_best_practice_audits,majority,0,4,68,7c213e830f4b18be4e5435844ebc2482efb5672c7e559006f5c1c21d16cce21f,yes,yes,0.9999999989999999,0,2
supply_chain_disclosure_best_practice_audits,majority,0,2,69,ca21f83512fd7ebfb00825a9d23131822aec5c635857f75025dae20d8e2aeab9,yes,yes,0.9999999989999999,0,2
supply_chain_disclosure_best_practice_audits,majority,0,2,70,583603f2fa828ad5e7283f6a522153df983d96151dd424e878bb41f458ff420a,yes,yes,0.9999999989999999,0,2
supply_chain_disclosure_best_practice_audits,majority,0,1,71,68f670418f0909105c1cb8844772825fb4ba489c72634c139452928eca657515,yes,yes,0.9999999989999999,0,2
supply_chain_disclosure_best_practice_audits,majority,0,4,72,a1ee39468479a4129fcd404c7b033a1667904771c45acb07969e94a5c816f741,yes,yes,0.9999999989999999,0,2
supply_chain_disclosure_best_practice_audits,majority,0,1,73,1bbaf32745507e45914fe877698c77e2517b9dcb02e59aefb755e2cb05b3b6ce,yes,yes,0.9999999989999999,0,2
supply_chain_disclosure_best_practice_audits,majority,0,2,74,6441a25c7e9aacdd81cbb5eb9006df4554ef2b778c49f73b61cb1a87d1e664a7,yes,yes,0.9999999989999999,0,2
supply_chain_disclosure_best_practice_audits,majority,0,2,75,7effe61be9495286cb7aa152dfe4bb187087cfbbadfd5ae74615afccc94ca5a2,yes,yes,0.9999999989999999,0,2
supply_chain_disclosure_best_practice_audits,majority,0,1,76,55149e53ccbcecf5b2bec61a13a083d8c80ef7d940bce4e69759bd859b75cf27,yes,yes,0.9999999989999999,0,2
supply_chain_disclosure_best_practice_audits,majority,0,0,77,ee9e57c3f7c911b1fd365b5aaadb5a15128e352364d4bec56ec84467d3ff736a,yes,yes,0.9999999989999999,0,2
supply_chain_disclosure_best_practice_audits,majority,0,4,78,d7b7e1ac46290add16f23c8195170499df669318e8158462abe68741792c3fc7,yes,yes,0.9999999989999999,0,2
supply_chain_disclosure_best_practice_audits,majority,0,3,79,4319a82278965a186ff1f30c53989cec45e638b378eab1febcbeb65f23fabe9f,yes,yes,0.9999999989999999,0,2
supply_chain_disclosure_best_practice_audits,majority,0,1,80,15e57eb32f969fcd0a6f49e9976788796a20f6e9807cda15d025765d4a4c6250,yes,yes,0.9999999989999999,0,2
supply_chain_disclosure_best_practice_audits,majority,0,3,81,f1e998799add05735d8e4ef8a7b0680c19790187dbe70fb785f32d106cac896b,yes,yes,0.9999999989999999,0,2
supply_chain_disclosure_best_practice_audits,majority,0,1,82,db23799cc5ac6832bc82fc3c56b81ffda2cf099b7bb8dfc04851c7cc978d3860,yes,yes,0.9999999989999999,0,2
supply_chain_disclosure_best_practice_audits,majority,0,2,83,2ebf21b254356e063ec495bc48e8b427c9cef0e023d6c440ab4695d670fac424,yes,yes,0.9999999989999999,0,2
supply_chain_disclosure_best_practice_audits,majority,0,3,84,f5f05ce191f8e498e77d5a82efe0cc9b7b0caca2cbd03855b4a3c04dd5326f82,yes,yes,0.9999999989999999,0,2
supply_chain_disclosure_best_practice_audits,majority,0,3,85,235ce0ea6083794379941800918b143e04bd02e90f6ca0df77dc219a03def0fb,yes,yes,0.9999999989999999,0,2
supply_chain_disclosure_best_practice_audits,majority,0,3,86,675f9e573acd9ee413ee4098ecee6e28c67fb1251f10e277dc5f8251151e9da2,yes,yes,0.9999999989999999,0,2
supply_chain_disclosure_best_practice_audits,majority,0,1,87,2ff95ae87bf0173ba35ce7803ee7e2b6c3e55da5408e2849e2db1bf6be370c1f,yes,yes,0.9999999989999999,0,2
supply_chain_disclosure_best_practice_audits,majority,0,2,88,c3c72b3814c06b5ae24ea5616a76e6e34d5e65a037e85d1de1b714979534a508,yes,yes,0.9999999989999999,0,2
supply_chain_disclosure_best_practice_audits,majority,0,4,89,1abad7524e193958a5e4e30aeee808127f7d6f94b84907ba346c856b1352d506,yes,yes,0.9999999989999999,0,2
supply_chain_disclosure_best_practice_audits,majority,0,3,90,d226bbab5779ded49db4f0c92048f30f3308fbc33dddc21c3f553fe8f87fcbf8,yes,yes,0.9999999989999999,0,2
supply_chain_disclosure_best_practice_audits,majority,0,3,91,3b4741877764990637a1268063f65f78bb8e594eae6d2906fe8bcd9f4257c7ff,yes,yes,0.9999999989999999,0,2
supply_chain_disclosure_best_practice_audits,majority,0,2,92,3bd73a7cf410fc9b3e1ae11778d1f9a5e608ca828bdf80e624f9d0fe092636d8,yes,yes,0.9999999989999999,0,2
supply_chain_disclosure_best_practice_audits,majority,0,0,93,f8a69fcaa6995a987c838bf9355ef0f34e73d762cad7adb46499a4919cd21260,yes,yes,0.9999999989999999,0,2
supply_chain_disclosure_best_practice_audits,majority,0,0,94,2bc816bdb532b4fc74face24637b167b5cd6b7a156ba66b8ecdecca78ddb7a5e,yes,yes,0.9999999989999999,0,2
supply_chain_disclosure_best_practice_audits,majority,0,1,95,ab4d67c424e351a53a77b8c8217460def7339c7690bda9807f188c277abf99df,yes,yes,0.9999999989999999,0,2
supply_chain_disclosure_best_practice_audits,majority,0,3,96,5acad3a53814dc166c294d6012ee4d9876377e6c7dc9bcd4cb545aae89327aaa,yes,yes,0.9999999989999999,0,2
supply_chain_disclosure_best_practice_audits,majority,0,3,97,025abd17b4aa8cd2ca7b64367d0dae8246cac55217afb5378a32edc5cb032028,yes,yes,0.9999999989999999,0,2
supply_chain_disclosure_best_practice_audits,majority,0,4,98,8009af26f9d7407e1ae55cfc4779b4b279c3d930f343295afcb1dabb6c4f5771,yes,yes,0.9999999989999999,0,2
supply_chain_disclosure_best_practice_audits,majority,0,0,99,20ffaa2b9dbb70e5796aaeb58543484710a8828de00250b6639f69c9e65bc92a,yes,yes,0.9999999989999999,0,2
supply_chain_disclosure_best_practice_audits,majority,0,0,100,459bed595f402efcac27f2132f647c7bad0622691786e37af3b3902fe7ed6d30,yes,yes,0.9999999989999999,0,2
supply_chain_disclosure_best_practice_audits,majority,0,4,101,031856afb140c703e4a301ce8e6393551af830f3c4945305e23735bdc5dc5e8d,yes,yes,0.9999999989999999,0,2
supply_chain_disclosure_best_practice_audits,majority,0,4,102,6be5c550eecd21d8130ce8d2534fda585336bbd469b636be126d1930496943ef,yes,yes,0.9999999989999999,0,2
supply_chain_disclosure_best_practice_audits,majority,0,4,103,cb1d66fe19e860b6174d574ad92b146dcfb31769b3f045c4268b796d39ace598,yes,yes,0.9999999989999999,0,2
supply_chain_disclosure_best_practice_audits,majority,0,1,104,b8f56656615d580b345dadc70ccbde392c6aa9477d92ffd07eb5fd126fb52749,yes,yes,0.9999999989999999,0,2
supply_chain_disclosure_best_practice_audits,majority,0,3,105,e1e9ff82d278af02d188aaab6558d189bc48fdbc54aed68d83ed47c4cbc0ff08,yes,yes,0.9999999989999999,0,2
supply_chain_disclosure_best_practice_audits,majority,0,4,106,5d2e2af1f56ad0b84e2849ad94c7f9b8502c7f564e8e9948112364d32f117415,yes,yes,0.9999999989999999,0,2
supply_chain_disclosure_best_practice_audits,majority,0,4,107,7c0433d913d5d9e83b1a7479c578dedbb65de78fd669dac303b240517f525ac7,yes,yes,0.9999999989999999,0,2
supply_chain_disclosure_best_practice_audits,majority,0,4,108,487257cd89e1e218cee478fba0884b272dc42d42a47b82dd366d389a8b5db279,yes,yes,0.9999999989999999,0,2
supply_chain_disclosure_best_practice_audits,majority,0,0,109,a65ed6ff518a4c68f06e526e47cb1116cb4661c3ed635c6780dd4806b5cde7bb,yes,yes,0.9999999989999999,0,2
supply_chain_disclosure_best_practice_audits,majority,0,4,110,6c8d0687947cec71e1a1cb8a1383c11e0adb47d0e54ea48aafdb5a03e950fee1,yes,yes,0.9999999989999999,0,2
supply_chain_disclosure_best_practice_audits,majority,0,1,111,642eb832cde6ce9f5b08d631301f2eeff3be1414e98cb19a29c1e9a2ba1c24c6,yes,yes,0.9999999989999999,0,2
supply_chain_disclosure_best_practice_audits,majority,0,0,112,375dbda1e8323ea8520c1f6256c9b927c68151c652c6b58105a00d1ab2271c9c,yes,yes,0.9999999989999999,0,2
supply_chain_disclosure_best_practice_audits,majority,0,2,113,b19887857cd233945689ec8336c60d2f73d70846421c657f0be1c6a92bbc7518,yes,yes,0.9999999989999999,0,2
supply_chain_disclosure_best_practice_audits,majority,0,0,114,f0a3886cf3e1d2070dc523492943cfcd3e499d24b52fc793a0fb7725adfe16f2,yes,yes,0.9999999989999999,0,2
supply_chain_disclosure_best_practice_audits,majority,0,4,115,376f27182efb4c1fe0ce63cffb0beea5d342c2296eb0f8a9e57769b2078f92c6,yes,yes,0.9999999989999999,0,2
supply_chain_disclosure_best_practice_audits,majority,0,4,116,672f49a21e2f43bf1d7affa3e679d9d23f2677e346077297c3ce8c69996abc9f,yes,yes,0.9999999989999999,0,2
supply_chain_disclosure_best_practice_audits,majority,0,3,117,e04a261511b639d13eff7977e3a3d96a624c24da4e20bcea440d03ce7e3ae68e,yes,yes,0.9999999989999999,0,2
supply_chain_disclosure_best_practice_audits,majority,0,0,118,c95024d3b100f9153f41395f2e5c661f54c684d7d8038f764a81c77987cd944c,yes,yes,0.9999999989999999,0,2
supply_chain_disclosure_best_practice_audits,majority,0,1,119,0c2fd8335e8a32cd836ad0fac339e53728d9dd1b1739ac86260707d4b7cf5102,yes,yes,0.9999999989999999,0,2
supply_chain_disclosure_best_practice_audits,majority,0,1,120,fc4c958267d1a005d1c9d5f0ac60c24f69650d1fbb89a618551194f3abb45a0a,yes,yes,0.9999999989999999,0,2
supply_chain_disclosure_best_practice_audits,majority,0,0,121,0efe9e66d9baf00c14469130c1d532f4abeb43c7f893eae6a44dab6313d4fb74,yes,yes,0.9999999989999999,0,2
supply_chain_disclosure_best_practice_audits,majority,0,1,122,459a17fd7ed2fb62ccf60f909dab8f4e9f41f8f620571c720e0d6449b3243f1c,yes,yes,0.9999999989999999,0,2
supply_chain_disclosure_best_practice_audits,majority,0,3,123,8c190cb913388a32b8ef0c5126e5c392d243b3583fd89923b21d8621b7f16f97,yes,yes,0.9999999989999999,0,2
supply_chain_disclosure_best_practice_audits,majority,0,1,124,dece42af518250889be48080639ae862a6244394a9cfabf7ce7c4af677218640,yes,yes,0.9999999989999999,0,2
supply_chain_disclosure_best_practice_audits,majority,0,2,125,40b7a53af6c489016a3c39a0c23daaf2b4ff6197c2b53acaf1ee59067d17b38a,yes,yes,0.9999999989999999,0,2
supply_chain_disclosure_best_practice_audits,majority,0,3,126,929891ba31548db1aa694753669e3c24a30e1788a99151d98b539c39011f0c6e,yes,yes,0.9999999989999999,0,2
supply_chain_disclosure_best_practice_audits,majority,0,4,127,9ffb371008bdf3d9905cc135199ff19454aa55be24ff6556d8f180a5a82601c4,yes,yes,0.9999999989999999,0,2
supply_chain_disclosure_best_practice_audits,majority,0,1,128,4cbcd769a0f437d0d8cac94bce5b472c7304848c39ba945db73525d09dd92f29,yes,yes,0.9999999989999999,0,2
supply_chain_disclosure_best_practice_audits,majority,0,3,129,28443bea33a9cfa2056f9e550d7afacc19053d096a108db12f87a2e90de7ad14,yes,yes,0.9999999989999999,0,2
supply_chain_disclosure_best_practice_audits,majority,0,0,130,53b1a4e96ad74195e550599949adc135a68d11a2761b215e2d3c5f78fac20ff4,yes,yes,0.9999999989999999,0,2
supply_chain_disclosure_best_practice_audits,majority,0,1,131,457aa4a03d6d45f3e6544e847d352d46186cccc1f81d8cb481bf644db7af99f3,yes,yes,0.9999999989999999,0,2
supply_chain_disclosure_best_practice_audits,majority,0,0,132,b36c6cc2c4974c8c6877811a1a305dea8be3cb2d15bde1c0c9eb16c92139773f,yes,yes,0.9999999989999999,0,2
supply_chain_disclosure_best_practice_audits,majority,0,3,133,95a16109c1891d82eeafded1e727f6561d5e8c7475e3e4e26d3c11ca744c6547,yes,yes,0.9999999989999999,0,2
supply_chain_disclosure_best_practice_audits,majority,0,1,134,921b410be7bc7b2de67384cb33f2212547c80d1e0d373fde36b9efa85af4bbd2,yes,yes,0.9999999989999999,0,2
supply_chain_disclosure_best_practice_audits,majority,0,2,135,4a3619506781d26fc853745317c36841d51d17c4453fa9792f2a6ec932c1b7f9,yes,yes,0.9999999989999999,0,2
supply_chain_disclosure_best_practice_audits,majority,0,3,136,30a167de20776b14c84cbc4a797def3569824661dd4a47f98a8e2cf261e55c03,yes,yes,0.9999999989999999,0,2
supply_chain_disclosure_best_practice_audits,majority,0,0,137,391ccdc3a1a0f1231bbac5db1ce4e442afa3f3d79dc8b4293b88f93209811a6d,yes,yes,0.9999999989999999,0,2
supply_chain_disclosure_best_practice_audits,majority,0,3,138,151ef6b81c9ba20818d173a6b34a499bd330ac8b55583759ebc444cb3e997ee9,yes,yes,0.9999999989999999,0,2
supply_chain_disclosure_best_practice_audits,majority,0,2,139,00f788466575e92cb6cd9b6bece2b76116328a72f455bfbf1b31c1a61e42a48e,yes,yes,0.9999999989999999,0,2
supply_chain_disclosure_best_practice_audits,majority,0,1,140,ef2c6382e5dc53301bd218ec96105515da4a8331f35b814e7a7f38ea085ce13f,yes,yes,0.9999999989999999,0,2
supply_chain_disclosure_best_practice_audits,majority,0,1,141,04288152a54520da15135a2da000a2cf47ca7108eb4ed77b37713dc7ead5834b,yes,yes,0.9999999989999999,0,2
supply_chain_disclosure_best_practice_audits,majority,0,2,142,78781bf0a8697fd3f3409d0b8bd3967222d89b46f61f1ec355bda7d55721e5e4,yes,yes,0.9999999989999999,0,2
supply_chain_disclosure_best_practice_audits,majority,0,2,143,3c7c5ae2aa151786ba4a73c291ce5e1a0a2b03a30c29cf3328495fb37d9aece7,yes,yes,0.9999999989999999,0,2
supply_chain_disclosure_best_practice_audits,majority,0,4,144,2509ba56d644ea014a3e0fa3d0d6874c3cd2c6a28788f805fd9c6758e313ab8f,yes,yes,0.9999999989999999,0,2
supply_chain_disclosure_best_practice_audits,majority,0,4,145,01eca6a511ea344abc3cf6dee3b61342273cacd73fd16da7f8f69dbf49142d75,yes,yes,0.9999999989999999,0,2
supply_chain_disclosure_best_practice_audits,majority,0,3,146,a16e8a50ee6e37a4589de3344628e84d9c80280c3ba92ec3972f6b853cbf7c2e,yes,yes,0.9999999989999999,0,2
supply_chain_disclosure_best_practice_audits,majority,0,3,147,45bd51009e1e64c672134259f2b5ede08866a003283780b51c4818c318a172fc,yes,yes,0.9999999989999999,0,2
supply_chain_disclosure_best_practice_audits,majority,0,2,148,9e1afd1f029efd031171df47a2ca39fb5420f30cd60b2fd9e1b0a8875cd25e49,yes,yes,0.9999999989999999,0,2
supply_chain_disclosure_best_practice_audits,majority,0,1,149,4b31ff48711f468ee6a1562ebc1e3389c382fd1c448638c0eda617de2469b754,yes,yes,0.9999999989999999,0,2
supply_chain_disclosure_best_practice_audits,majority,0,1,150,0d783ce52643a830262a183e1f3340dfa5e11782478d1c01ad53d0076c4c73d4,yes,yes,0.9999999989999999,0,2
supply_chain_disclosure_best_practice_audits,majority,0,2,151,baace2e4253ecc8d61872f3b64835bb002f2a49a97e7d4c31adc7b078bc0a85f,yes,yes,0.9999999989999999,0,2
supply_chain_disclosure_best_practice_audits,majority,0,4,152,396d5edabfc1cc0317011328bc857e25c1640c119ce86f4b99f02862697e7df8,yes,yes,0.9999999989999999,0,2
supply_chain_disclosure_best_practice_audits,majority,0,3,153,0c532687e912f2d64ff38f5eed8a18b3179c544a30dd454a0e4adc0617bafbef,yes,yes,0.9999999989999999,0,2
supply_chain_disclosure_best_practice_audits,majority,0,4,154,607ecb634c0681303ee57bf7366b51214e7db74d4d4c0675d3806628cffdbffb,yes,yes,0.9999999989999999,0,2
supply_chain_disclosure_best_practice_audits,majority,0,2,155,14759c3262b6131be28f172314d3243dbc099f7cb099c03a4e85397e876c8b56,yes,yes,0.9999999989999999,0,2
supply_chain_disclosure_best_practice_audits,majority,0,4,156,32260ecf26035d5e5df015a53c55c1fa3414a446aee4f3709c38ccf58df0ca66,yes,yes,0.9999999989999999,0,2
supply_chain_disclosure_best_practice_audits,majority,0,4,157,5ae1b1df5103d563678ef0e3bd377743146e4315d7a2bf0c895ece3a203e57a5,yes,yes,0.9999999989999999,0,2
supply_chain_disclosure_best_practice_audits,majority,0,1,158,5d1fc63f4139faae3bfe28443da26e285c4bb8f1d308b6ff4b7b1b75cc2c1e80,yes,yes,0.9999999989999999,0,2
supply_chain_disclosure_best_practice_audits,majority,0,0,159,39e33483b6daed03fd99c05cd1c125e6b18f5af6c51ec943acdeaa4b1ee84166,yes,yes,0.9999999989999999,0,2
supply_chain_disclosure_best_practice_audits,majority,0,4,160,3daa8ec03c0ed46a2b9f72cbb4723307035f5c52b6f89d28317e2a6b303d6247,yes,yes,0.9999999989999999,0,2
supply_chain_disclosure_best_practice_audits,majority,0,0,161,0c82ffaee114b837e9f974f4e80361b373b8c00d329a258aa8a80fb9b1f4e398,yes,yes,0.9999999989999999,0,2
supply_chain_disclosure_best_practice_audits,majority,0,4,162,07c6e827cc6c23cd27132b4c99cdd5e4258ea66c0b532d59b29055c8e5cedc14,yes,yes,0.9999999989999999,0,2
supply_chain_disclosure_best_practice_audits,majority,0,0,163,575b6c919a2ada10f464c7b46bc2b934726e9c993c82384121938de3ec6d3259,yes,yes,0.9999999989999999,0,2
supply_chain_disclosure_best_practice_audits,majority,0,1,164,21bfadb1e773c7ba5a13997f0fb26b6975502bebe37fe323b42580c521a1600f,yes,yes,0.9999999989999999,0,2
supply_chain_disclosure_best_practice_audits,majority,0,0,165,562ebd404575617d0f8d7b9efb34742cf5ddd488563c2500c9aec2ca6c214663,yes,yes,0.9999999989999999,0,2
supply_chain_disclosure_best_practice_audits,majority,0,1,166,78456786d204455184c362ece71adf15b8e1a55b2b2e857ebb83507e9881cb4e,yes,yes,0.9999999989999999,0,2
supply_chain_disclosure_best_practice_audits,majority,0,2,167,6ea4297c021e920636315a3b8cd9f75283c91cc9053cccc8f74a085fac3ff9e6,yes,yes,0.9999999989999999,0,2
supply_chain_disclosure_best_practice_audits,majority,0,3,168,d7246cb68425a99318147f0f1fe2dcbb042807eb08603cbe9904847610a446e0,yes,yes,0.9999999989999999,0,2
supply_chain_disclosure_best_practice_audits,majority,0,4,169,f8401a13ab0b03ea07669144d0d263b35b0c21e834a4da3c577de48bdf482495,yes,yes,0.9999999989999999,0,2
supply_chain_disclosure_best_practice_audits,majority,0,0,170,a4e29359bcaec8e1536b48faecaba98004ae3f5854c7402ba7740252b24e59ec,yes,yes,0.9999999989999999,0,2
supply_chain_disclosure_best_practice_audits,majority,0,4,171,61bcec93f20473c4dd8792a0590cd52ebb4e73b93cce84104e1821b66585ae36,yes,yes,0.9999999989999999,0,2
supply_chain_disclosure_best_practice_audits,majority,0,2,172,051d82ea698c7defeb37ae5b11301eca98346930ddd52562f9aea2bbac1b413d,yes,yes,0.9999999989999999,0,2
supply_chain_disclosure_best_practice_audits,majority,0,2,173,ef497929adb29de6160875c9594ed91f6ec6548653bca2492ebcd49f7324e9b1,yes,yes,0.9999999989999999,0,2
supply_chain_disclosure_best_practice_audits,majority,0,1,174,93bb3e29ce9e7036bd4c6725e22905194dfbb28fbe4e38678c89b9588ae43da4,yes,yes,0.9999999989999999,0,2
supply_chain_disclosure_best_practice_audits,majority,0,2,175,dd5ea83860728cd69a48d8ee326e7998b3e4d597bd167390eff08fab3423660d,yes,yes,0.9999999989999999,0,2
supply_chain_disclosure_best_practice_audits,majority,0,1,176,acf95ae6504008b3675b5a6e1d34dcf3e2ae5a31a2c52ab178689b08b1e52318,yes,yes,0.9999999989999999,0,2
supply_chain_disclosure_best_practice_audits,majority,0,2,177,feb00174787409b226e12959e1eec4d9c76105dcc553753d24bfa85b06fa13a8,yes,yes,0.9999999989999999,0,2
supply_chain_disclosure_best_practice_audits,majority,0,2,178,4e157c907f1a39c4736c42962bdcd0647aba4fc2d56996b1a7d865e6fed2b387,yes,yes,0.9999999989999999,0,2
supply_chain_disclosure_best_practice_audits,majority,0,0,179,b01aaacbff761f1d09ba1fd4477b90c6e5723fbf33f70d4a6c4092180818be85,yes,yes,0.9999999989999999,0,2
supply_chain_disclosure_best_practice_audits,majority,0,3,180,21caaa5906e5a0b027392e17755bdb5e69f2fbeeab9457431ce75f2563ed54f7,yes,yes,0.9999999989999999,0,2
supply_chain_disclosure_best_practice_audits,majority,0,2,181,596504be5142fc5222baf19af3a06f62e1c31bdf6053136081a7aa8300a515c0,yes,yes,0.9999999989999999,0,2
supply_chain_disclosure_best_practice_audits,majority,0,2,182,b0825404cd40d6659e58b65251fa3700b8ca36acce0c7e74e5ec60d73f009c2b,yes,yes,0.9999999989999999,0,2
supply_chain_disclosure_best_practice_audits,majority,0,2,183,2c330a1ba17f5fd6fcbe0c35d683859c0e61aae4aad2422c88ecae48ec2fb137,yes,yes,0.9999999989999999,0,2
supply_chain_disclosure_best_practice_audits,majority,0,3,184,1531fdb46dfdd8cefa201ef9546bdc219dc7ec61de3612565a5a597833bca11c,yes,yes,0.9999999989999999,0,2
supply_chain_disclosure_best_practice_audits,majority,0,2,185,ed5516e94ba0f9873e91a7c51a694a4b275288be9b383d487d2c473eec82d333,yes,yes,0.9999999989999999,0,2
supply_chain_disclosure_best_practice_audits,majority,0,2,186,d03e6766a02ffc8423ba39940ce8a69fd03ea5e93edfb327af258dabd75c9e5e,yes,yes,0.9999999989999999,0,2
supply_chain_disclosure_best_practice_audits,majority,0,0,187,8a81109a73b838cbc58d4bf69f51eb6f1dee99da7818cde561d4cc9350058f7c,yes,yes,0.9999999989999999,0,2
supply_chain_disclosure_best_practice_audits,majority,0,4,188,ad8df74a5604a274f191b30942519d471ef007f2cb2afc12ca66cd73490f140b,yes,yes,0.9999999989999999,0,2
supply_chain_disclosure_best_practice_audits,majority,0,0,189,3236cea34e746c2854726aafd2b42f4c763e91efd983f92bd5d46b37934ce701,yes,yes,0.9999999989999999,0,2
supply_chain_disclosure_best_practice_audits,majority,0,4,190,244d7fc55eab9fe22ac8639ef434c9d3948c9bedb7453b1980ec8f1229bb2c68,yes,yes,0.9999999989999999,0,2
supply_chain_disclosure_best_practice_audits,majority,0,2,191,5b777db784a0ad2ff2f63cd6ac341cec919f6db8e66c1a7c8afcca4bda0856f1,yes,yes,0.9999999989999999,0,2
supply_chain_disclosure_best_practice_audits,majority,0,0,192,a536c2e629791ea99d535deb51d04d6950ca7e778e2b8fabd5107530ecf3b63d,yes,yes,0.9999999989999999,0,2
supply_chain_disclosure_best_practice_audits,majority,0,0,193,c1782493d0a641f2d98c277b11023e4adb7fa2fc203ee4dac76fa3dd572915e8,yes,yes,0.9999999989999999,0,2
supply_chain_disclosure_best_practice_audits,majority,0,0,194,c7792639dfd396f47fe6f339c6da513ede7315959767ab9dafb88309769dbab6,yes,yes,0.9999999989999999,0,2
supply_chain_disclosure_best_practice_audits,majority,0,2,195,ae215269eaa9afcae52c3c7fad43d01a78c9e122205651439d9bf2e5671676af,yes,yes,0.9999999989999999,0,2
supply_chain_disclosure_best_practice_audits,majority,0,1,196,30079533bf5c7357cd70f9cf1cbc13700f5c3e515d3c5ebbe55c0943cb3cd3d3,yes,yes,0.9999999989999999,0,2
supply_chain_disclosure_best_practice_audits,majority,0,1,197,ef8843ad04ca905381cc9dc85e84a4c4e9c5a2861f05e5fce9fa5066e7f7876d,yes,yes,0.9999999989999999,0,2
supply_chain_disclosure_best_practice_audits,majority,0,2,198,7c18061590aa800422b5635e324664e2dc3382d93bdd896d73512fd499719d54,yes,yes,0.9999999989999999,0,2
supply_chain_disclosure_best_practice_audits,majority,0,2,199,56c25d4eb4588f13327a6b3f6d1bf423858c24d3e72ca640819f1aff6fffb588,yes,yes,0.9999999989999999,0,2
supply_chain_disclosure_best_practice_audits,majority,0,1,200,37fb8de488cb40c4b049e28e90cefa770eb07d1059f2e68c706d35d39deaf7a6,yes,yes,0.9999999989999999,0,2
supply_chain_disclosure_best_practice_audits,majority,0,0,201,d6943bae94c68dbe413f37141c963ec0da0f265c3d6cd601971199d07c838bcf,yes,yes,0.9999999989999999,0,2
supply_chain_disclosure_best_practice_audits,majority,0,3,202,738411246babffb6b853c81c2ab34295e5db281b7e730293ed8d1ad31e1d30cb,yes,yes,0.9999999989999999,0,2
supply_chain_disclosure_best_practice_audits,majority,0,2,203,4d4c98bf199646728c2a7b80140d0f8bfa90311619ddd101e7e81d8da51eba3f,yes,yes,0.9999999989999999,0,2
supply_chain_disclosure_best_practice_audits,majority,0,2,204,3887f474ec6dfe32935833b72b870ee0ee25207e9c2d7cad91f1d4792356e278,yes,yes,0.9999999989999999,0,2
supply_chain_disclosure_best_practice_audits,majority,0,3,205,5183361573f996b8425904aba330bdb33a14f3a40e5a13d71f8a4dfa32ee601c,yes,yes,0.9999999989999999,0,2
supply_chain_disclosure_best_practice_audits,majority,0,4,206,b7fef818a202c62579781f6a16fdc3fbe95b7014de4c7fc7c0bfd72085b49111,yes,yes,0.9999999989999999,0,2
supply_chain_disclosure_best_practice_audits,majority,0,3,207,7f71163235d108c9e78fa664d5bef08dabfa91cfbbdcd9f3d08391db22af380a,yes,yes,0.9999999989999999,0,2
supply_chain_disclosure_best_practice_audits,majority,0,0,208,5695147a701cc755d386897ef3916ae914a81943569ef4fe344ca24a43d906ee,yes,yes,0.9999999989999999,0,2
supply_chain_disclosure_best_practice_audits,majority,0,1,209,b18c36bddd3d7b476ce5b9e82b759a1230ce387c9ef91dd060c50f7a7fb551f5,yes,yes,0.9999999989999999,0,2
supply_chain_disclosure_best_practice_audits,majority,0,3,210,0a76fce024d1ded8f815f5aeddfd0f478fe16661931e2f3658f76bca65572613,yes,yes,0.9999999989999999,0,2
supply_chain_disclosure_best_practice_audits,majority,0,3,211,b5f480ca28f49024bd818f6af65275cc36a6022530a28fa2648ddb7da3f86839,yes,yes,0.9999999989999999,0,2
supply_chain_disclosure_best_practice_audits,majority,0,0,212,255fd01e686472de43e42c9c117018713274490a02b2df34c1bc9ea698083b88,yes,yes,0.9999999989999999,0,2
supply_chain_disclosure_best_practice_audits,majority,0,4,213,c1b7a9f6e0096a280a7cff21a3d2d2a788fda487fb4778bff25572d53d220dd8,yes,yes,0.9999999989999999,0,2
supply_chain_disclosure_best_practice_audits,majority,0,2,214,8e4caa63c82cc004c6a03ff6278f68d26b0d6195e385e25392f38000f093728e,yes,yes,0.9999999989999999,0,2
supply_chain_disclosure_best_practice_audits,majority,0,1,215,5246f2f270d78e6a7ee150dfeb414ed591d6d868246b224415d78f8dcb33c791,yes,yes,0.9999999989999999,0,2
supply_chain_disclosure_best_practice_audits,majority,0,1,216,dc87f2b33f12048f543e0a8cc1526f23fe4e72f15a6f2f1decf2a602f0eadf1b,yes,yes,0.9999999989999999,0,2
supply_chain_disclosure_best_practice_audits,majority,0,2,217,3045163bc73fcda0d5d8a7800ea68f83f22b0d7e71099dbf8bf7030daca5c21a,yes,yes,0.9999999989999999,0,2
supply_chain_disclosure_best_practice_audits,majority,0,0,218,4c7d5ee51cc7b5700e6104e6c501ce5b41ed859fcf48fdb1057af364fba88a8e,yes,yes,0.9999999989999999,0,2
supply_chain_disclosure_best_practice_audits,majority,0,0,219,bd4c1f1cf2fc2181caa3f8384bb1b4d9195039f6a32c4609aa60fff706567b74,yes,yes,0.9999999989999999,0,2
supply_chain_disclosure_best_practice_audits,majority,0,0,220,77ad10e7c8d412c275543817ff3fbae1b314666dc24e6b51452fee9982cb31ec,yes,yes,0.9999999989999999,0,2
supply_chain_disclosure_best_practice_audits,majority,0,3,221,be62d87c4255e3586bdf7df9901d04563f034fa4e1c974936be58d86bae1221c,yes,yes,0.9999999989999999,0,2
supply_chain_disclosure_best_practice_audits,majority,0,0,222,c28332da856f34b6a44fb9b64740e960ec60cbce5cfb5a4d5a7697e4796c9b42,yes,yes,0.9999999989999999,0,2
supply_chain_disclosure_best_practice_audits,majority,0,4,223,f5a6277f734ce623abb70561bc333f40c516432889b7170fe537795f0b0d1dfe,yes,yes,0.9999999989999999,0,2
supply_chain_disclosure_best_practice_audits,majority,0,1,224,c40939ccc68ff214deef38f965d504bec913cb7a2f3c74d2ece1a45866e275d9,yes,yes,0.9999999989999999,0,2
supply_chain_disclosure_best_practice_audits,majority,0,4,225,829a910f071a32bcafaaa8663dbdf625ce4b5548e0b6c349d0dc9ac3703a1122,yes,yes,0.9999999989999999,0,2
supply_chain_disclosure_best_practice_audits,majority,0,0,226,f1638844a53628837ad5d89cfcdeecc0f5bb34cfc57eb62570e26ff4a1cf62da,yes,yes,0.9999999989999999,0,2
supply_chain_disclosure_best_practice_audits,majority,0,3,227,902f081f4eba26153cd2c7c4a497205b912767790306d278827259370ff02e5a,yes,yes,0.9999999989999999,0,2
supply_chain_disclosure_best_practice_audits,majority,0,2,228,ca1da196f15bf1f779e22e5e1a695d8b7a71804e15e2d5e7feff77800f931548,yes,yes,0.9999999989999999,0,2
supply_chain_disclosure_best_practice_audits,majority,0,0,229,5f6bc442d00e4fa861670fafbb8a27c94547c1508938c9d29e3d899bfc2ba60c,yes,yes,0.9999999989999999,0,2
supply_chain_disclosure_best_practice_audits,majority,0,0,230,f2c4a70d75d38bdb8ddcf24ce6b3bbc1270aa929b58238973c10a2f20dcf0d75,yes,yes,0.9999999989999999,0,2
supply_chain_disclosure_best_practice_audits,majority,0,3,231,8bf9eb09cc0e8fd59010ab76b7c69b9e1e43c539995dc000c6861a83b2d81707,yes,yes,0.9999999989999999,0,2
supply_chain_disclosure_best_practice_audits,majority,0,0,232,f7cf08b6965795f5c7d3d054023aac6ccdeabdb48f991c84e2931966f6ad041d,yes,yes,0.9999999989999999,0,2
supply_chain_disclosure_best_practice_audits,majority,0,3,233,1c7fa227e0dc0b3f0683ec2411f95409c3417c9b96f8516a9f76bb71971c3978,yes,yes,0.9999999989999999,0,2
supply_chain_disclosure_best_practice_audits,majority,0,0,234,5f24817add32407e6acc884463b789a68919be44f960ad31c19f73970ec67edd,yes,yes,0.9999999989999999,0,2
supply_chain_disclosure_best_practice_audits,majority,0,4,235,f3669d8939961578a7f23f5801a8f8915334ee6e2197feeaffc15c7042fe0c20,yes,yes,0.9999999989999999,0,2
supply_chain_disclosure_best_practice_audits,majority,0,4,236,06c17d0d305d5233112fb0bca036055b06f839ff3e6eef40071ed1a3802d4a7e,yes,yes,0.9999999989999999,0,2
supply_chain_disclosure_best_practice_audits,majority,0,3,237,f3e83ec97ee5386134f54fd9a9f7c19f68cc121dc9f6f5ba2618dfcd1c4b3b66,yes,yes,0.9999999989999999,0,2
supply_chain_disclosure_best_practice_audits,majority,0,0,238,f894ff8baed215fe478a03c4f70e0ae70f1dee90d635e8bf521bcf7c2c5d5d8c,yes,yes,0.9999999989999999,0,2
supply_chain_disclosure_best_practice_audits,majority,0,1,239,0959b643a8baf490de768c9a042a1cff4f7ba07e8c3a35f1d3c88073b5c659bb,yes,yes,0.9999999989999999,0,2
supply_chain_disclosure_best_practice_audits,majority,0,1,240,c603ec107332b17d63d9c056e5827a42faf80cee9ecf616f78b74d7b26aca002,yes,yes,0.9999999989999999,0,2
supply_chain_disclosure_best_practice_audits,majority,0,1,241,cff6dc284e486a2f018540356c568bd866b086fd09ab993a34321b8282b62dff,yes,yes,0.9999999989999999,0,2
supply_chain_disclosure_best_practice_audits,majority,0,0,242,f1ffa5b7ab4faafc9099101fbcac382df8a721f39c48a1fb4eff0f8263e12ddd,yes,yes,0.9999999989999999,0,2
supply_chain_disclosure_best_practice_audits,majority,0,1,243,7358882b282e44427d46aa23e131b40ce9cb810d4046b9b5b1b29019a7bafd97,yes,yes,0.9999999989999999,0,2
supply_chain_disclosure_best_practice_audits,majority,0,4,244,39716913d74b739a4abccba43e643a747078c53268d60308a0981129848fe379,yes,yes,0.9999999989999999,0,2
supply_chain_disclosure_best_practice_audits,majority,0,3,245,aacaba1b480efdbb8a8d7f064c31e6c8bb5d15a859dde769c4e38d8f39544726,yes,yes,0.9999999989999999,0,2
supply_chain_disclosure_best_practice_audits,majority,0,0,246,625e4fb7cc51b77995b363889fc63bbadb80c2bc91fb2880c1018ab4741d3b7c,yes,yes,0.9999999989999999,0,2
supply_chain_disclosure_best_practice_audits,majority,0,0,247,cadb995cb17c99a0479f83cf2c9ef1624ee2362bfba9690abd6fcc060800c76a,yes,yes,0.9999999989999999,0,2
supply_chain_disclosure_best_practice_audits,majority,0,3,248,ab606b741090016f818eb0cb7e260b416330418b8003a89245993e73bf8630d0,yes,yes,0.9999999989999999,0,2
supply_chain_disclosure_best_practice_audits,majority,0,4,249,cc0bd56a8fa41797d21f3f767f99f08c0d47e85478b58e4221224373d2c04763,yes,yes,0.9999999989999999,0,2
supply_chain_disclosure_best_practice_audits,majority,0,3,250,1294ab0087ad5087a538686b745d3e7db23d18cc7f4f6f530cc80e2ac5f4db00,yes,yes,0.9999999989999999,0,2
supply_chain_disclosure_best_practice_audits,majority,0,4,251,94afabafc1a2e279104f1d46c17a267d3986bec668852ff48007a09bf59540ad,yes,yes,0.9999999989999999,0,2
supply_chain_disclosure_best_practice_audits,majority,0,3,252,6132d8d18112fa7d61ba37ff4d62b1c1c54f81b63eb04af24889c178eac1b7f5,yes,yes,0.9999999989999999,0,2
supply_chain_disclosure_best_practice_audits,majority,0,0,253,8c27ca919f3a1c88913da54bb4a77bba34322faffaf8e221698a9d377dbe8c52,yes,yes,0.9999999989999999,0,2
supply_chain_disclosure_best_practice_audits,majority,0,2,254,13a1d68844cb18a366fbe726bce7132ea31a4fbed461a3d8e40fe9c27604ab0c,yes,yes,0.9999999989999999,0,2
supply_chain_disclosure_best_practice_audits,majority,0,4,255,96815958503862c65f14b779ce716b39e74afb0aac85ec7b03e85152838e44b0,yes,yes,0.9999999989999999,0,2
supply_chain_disclosure_best_practice_audits,majority,0,1,256,73eed2cd61ac0ea6ae32683a83e2b0e5738d28779452c6ed7cb6f7eadd0e2261,yes,yes,0.9999999989999999,0,2
supply_chain_disclosure_best_practice_audits,majority,0,4,257,373083f104edd5a192773c0a179c9788a933c15a1571ba09d81e8033116bf6c4,yes,yes,0.9999999989999999,0,2
supply_chain_disclosure_best_practice_audits,majority,0,4,258,eade8098bb75f44ddc8f9427c116b373a4abfcf40e4dcf8e2774b900155008a0,yes,yes,0.9999999989999999,0,2
supply_chain_disclosure_best_practice_audits,majority,0,2,259,013f12d740fc3d68af91928317abf93d62dd424d19d1137d161e2693551f67e3,yes,yes,0.9999999989999999,0,2
supply_chain_disclosure_best_practice_audits,majority,0,4,260,bf3486f95c637ed4c0f6e7987cd08241cbaa680a7e6a37850cb43d0042e06cad,no,yes,0.9999999989999999,0,2
supply_chain_disclosure_best_practice_audits,majority,0,3,261,17b7c487cc98c7e8e49c1c50b503ac7d38f2734055411ae4ae7b698cb622add3,no,yes,0.9999999989999999,0,2
supply_chain_disclosure_best_practice_audits,majority,0,0,262,8af0b9f5fd790626bb4db3c123e1eb46e4ce609c0a22a6c74820808d33d2e351,no,yes,0.9999999989999999,0,2
supply_chain_disclosure_best_practice_audits,majority,0,3,263,4711f4cfb8352d9bee2590efd786b65a53292b22ea7e088a282787c6669af84d,no,yes,0.9999999989999999,0,2
supply_chain_disclosure_best_practice_audits,majority,0,1,264,6280d5d3a4a66af42f0a860a6e1bef945aaac4cd6695915cab72224d2110b691,no,yes,0.9999999989999999,0,2
supply_chain_disclosure_best_practice_audits,majority,0,0,265,168f343929f3968913069fd4fe3ea2090bcc1a567ad31fa5d6834c9d9d8ee1d5,no,yes,0.9999999989999999,0,2
supply_chain_disclosure_best_practice_audits,majority,0,1,266,71386be1f3486406f1a3cf5dfee5e266834f063cbf2bfb914213afe0d7458bb1,no,yes,0.9999999989999999,0,2
supply_chain_disclosure_best_practice_audits,majority,0,1,267,00768c68746cc07a0855f2e858ea0b79d89c52616ea96f63e3b7d7113ad78409,no,yes,0.9999999989999999,0,2
supply_chain_disclosure_best_practice_audits,majority,0,0,268,73be09f2cbe8d3723f914f0901b9b1199c1c4b1c8cf68937bada35a3da53af17,no,yes,0.9999999989999999,0,2
supply_chain_disclosure_best_practice_audits,majority,0,3,269,96700d3c63698f7fc8d4ea778f120a3d46929a5734a3c86cfa59d7a160ef608e,no,yes,0.9999999989999999,0,2
supply_chain_disclosure_best_practice_audits,majority,0,1,270,b11583189d07bb6c3452ea92f85ffc89db81f8f0bb7f000a3d4b4d62e7eec5c0,no,yes,0.9999999989999999,0,2
supply_chain_disclosure_best_practice_audits,majority,0,3,271,2c33b85eaa7cbe07fb355c5e6f1156c2063261897778d650af9ba90bc60754c2,no,yes,0.9999999989999999,0,2
supply_chain_disclosure_best_practice_audits,majority,0,4,272,203ed0f85c23f811b2013c75119ab4107bb94611678786bf334e168d337dfd91,no,yes,0.9999999989999999,0,2
supply_chain_disclosure_best_practice_audits,majority,0,0,273,29f5a73f0eb2112c2e8648ba539c6e8540af14f4e9972e5f4dc3409460c124a7,no,yes,0.9999999989999999,0,2
supply_chain_disclosure_best_practice_audits,majority,0,3,274,529fbe231a56762bee94fca3a926dfbe380e1a1a4899d3eee0104c0f6d69fd90,no,yes,0.9999999989999999,0,2
supply_chain_disclosure_best_practice_audits,majority,0,3,275,c4a4dd3902ba1e7f9bd8aec6700ede838bef8b038357041988488f41c58fd818,no,yes,0.9999999989999999,0,2
supply_chain_disclosure_best_practice_audits,majority,0,0,276,072d2e8050c2b36c8c5ff2c7aff95b88f8fd6cccc76368e10be132a17e092b7d,no,yes,0.9999999989999999,0,2
supply_chain_disclosure_best_practice_audits,majority,0,2,277,a86f11debb6ead7654a11b993c384f748c0211f80d9cf6ec15379718865bb14b,no,yes,0.9999999989999999,0,2
supply_chain_disclosure_best_practice_audits,majority,0,0,278,dec95cde6289a27cf2fa4c129a8fe002cd9efe24fe0c76194cd80b81d4d25646,no,yes,0.9999999989999999,0,2
supply_chain_disclosure_best_practice_audits,majority,0,1,279,278a88f973ea6da6e167d46d0b191eee85edd560cf58a096d19bf9f0385f078f,no,yes,0.9999999989999999,0,2
supply_chain_disclosure_best_practice_audits,majority,0,4,280,9f9d1126a707de4b474cf7e0fc08299ad856bdb4a0bfe68914a374466df2ba79,no,yes,0.9999999989999999,0,2
supply_chain_disclosure_best_practice_audits,majority,0,3,281,49e44d01a8d96ebc8362b1012e8fe169fc8ba19015002d2415f18d38e34e543f,no,yes,0.9999999989999999,0,2
supply_chain_disclosure_best_practice_audits,majority,0,3,282,7aff74a42e71a0efa775083fed4b831acd81e1c7a72ea3ab95fa0010cbd1b047,no,yes,0.9999999989999999,0,2
supply_chain_disclosure_best_practice_audits,majority,0,4,283,c0e1213a6c7f271618273d37e7c4d80e49f79f3cb5a1276394122a181df3af93,no,yes,0.9999999989999999,0,2
supply_chain_disclosure_best_practice_audits,majority,0,2,284,162326a6ce5c56ccf790f70cb837962b40b3bc3287e736e1be05be79c4e6bce9,no,yes,0.9999999989999999,0,2
supply_chain_disclosure_best_practice_audits,majority,0,3,285,446398bfee4175c67b2956599c14af90b0edd482e1dce8163481a203948007dd,no,yes,0.9999999989999999,0,2
supply_chain_disclosure_best_practice_audits,majority,0,2,286,ba33f9b515db096d9ae8836a3b69ce9148b85a2f3bd641c7a5fcba3f6b073736,no,yes,0.9999999989999999,0,2
supply_chain_disclosure_best_practice_audits,majority,0,1,287,0b218c20d44772c56168aad84ee04aa59a41e91c16b8af3ec7318f2db50abac9,no,yes,0.9999999989999999,0,2
supply_chain_disclosure_best_practice_audits,majority,0,0,288,a6098775d1f58c7495bade73c71a163bda773200d559daf386859c20452c9497,no,yes,0.9999999989999999,0,2
supply_chain_disclosure_best_practice_audits,majority,0,1,289,0bb83f5175555cfaa916ed3929534af9f11e955ce4ff57612f69713e94993937,no,yes,0.9999999989999999,0,2
supply_chain_disclosure_best_practice_audits,majority,0,3,290,389a4e760129e6e54975f074004e2fec1753d42f1e48343f1b10d47d6fcac37e,no,yes,0.9999999989999999,0,2
supply_chain_disclosure_best_practice_audits,majority,0,3,291,d57214d0e9a179e422fbe3b51666f953ceda30db4a7ce444e66f35c2904d4c84,no,yes,0.9999999989999999,0,2
supply_chain_disclosure_best_practice_audits,majority,0,0,292,4f3067260931b33e6f0dcd9414705fb435db8f6aac3bf072fcf443d96f77932c,no,yes,0.9999999989999999,0,2
supply_chain_disclosure_best_practice_audits,majority,0,4,293,143076a0b6c3b4b2c37750896a92e809870b097c81c38be1d50dce2c008d9eb2,no,yes,0.9999999989999999,0,2
supply_chain_disclosure_best_practice_audits,majority,0,3,294,3bce2b75988d047a0d7a0deea7d519effb6c58310ec68cc20fa6cce9c3b54f1b,no,yes,0.9999999989999999,0,2
supply_chain_disclosure_best_practice_audits,majority,0,3,295,5ba25ab1ef701ffb4ef46c65dacf4c7fff4bf56cb6c3b355c39768b828753eb2,no,yes,0.9999999989999999,0,2
supply_chain_disclosure_best_practice_audits,majority,0,0,296,c09af0b827ba4837bfe03f4efcc035c576b40c281b86c6d5cf4d9a9452124fe4,no,yes,0.9999999989999999,0,2
supply_chain_disclosure_best_practice_audits,majority,0,2,297,d318eaf94df22e65541a2d801bf35239ef508dd99ccf9a378d2f01328b1b29f8,no,yes,0.9999999989999999,0,2
supply_chain_disclosure_best_practice_audits,majority,0,3,298,b215c45d50089d0cd1585a907239c94da9543ad54bd7a50f9cf22478364ff754,no,yes,0.9999999989999999,0,2
supply_chain_disclosure_best_practice_audits,majority,0,1,299,9d071de4e714afecba60136fc13d2fd5d799fa73ec323fa5b32f33261331fc95,no,yes,0.9999999989999999,0,2
supply_chain_disclosure_best_practice_audits,majority,0,0,300,b48a0124d9c28eba8793c0639caa52128545630d8a846c28ab4f01eb7cde60e0,no,yes,0.9999999989999999,0,2
supply_chain_disclosure_best_practice_audits,majority,0,2,301,f604a8e5fc84e2cb8f3210b72d51555bfad329c64660c42250ca1403fec24f72,no,yes,0.9999999989999999,0,2
supply_chain_disclosure_best_practice_audits,majority,0,2,302,dfd391e41957d1ac236feb8094f25b8ef1bb5bb23df2361d1e0b96cdcf4d8334,no,yes,0.9999999989999999,0,2
supply_chain_disclosure_best_practice_audits,majority,0,1,303,da6cb12627d752d97c8b74cd52766dd24bf238718d113b3b633ccfb1b8a34605,no,yes,0.9999999989999999,0,2
supply_chain_disclosure_best_practice_audits,majority,0,4,304,968b24534319b3352bfda7565390677a43bff36eba314281473cc77c382f7459,no,yes,0.9999999989999999,0,2
supply_chain_disclosure_best_practice_audits,majority,0,2,305,4441c0b5b2cc678233438e17f40bbaa0525429c3e46d1ba3068a07a61b93ac90,no,yes,0.9999999989999999,0,2
supply_chain_disclosure_best_practice_audits,majority,0,0,306,e7be9434bab5ee26ff724ad366dd76a6eb91f1c4d40da2a6a8cacdadec1b2cef,no,yes,0.9999999989999999,0,2
supply_chain_disclosure_best_practice_audits,majority,0,1,307,f4f4adbea45122fdb1d3bbd6cd8cdeb27833cdb5d576db84c1eda5e29dcaee5f,no,yes,0.9999999989999999,0,2
supply_chain_disclosure_best_practice_audits,majority,0,0,308,23cc46b8e873878abcf6bddaef16294515cd6ff0c31f4b9c469cf5d98cd31970,no,yes,0.9999999989999999,0,2
supply_chain_disclosure_best_practice_audits,majority,0,4,309,4812c78abc5dfdced8315b1ba8d4b75c05311b916aa75c4d90debdfc6f969f74,no,yes,0.9999999989999999,0,2
supply_chain_disclosure_best_practice_audits,majority,0,1,310,83f36822a559802b4975bbd8ddaa42349b8ee30eaf1e14b895b064dc2d783343,no,yes,0.9999999989999999,0,2
supply_chain_disclosure_best_practice_audits,majority,0,1,311,6bd5e103d0200987b6d5a975589d665847c4a5cb70be72a8ec7b797be539ca1b,no,yes,0.9999999989999999,0,2
supply_chain_disclosure_best_practice_audits,majority,0,2,312,396db51b94e5987c9f4291a20606d3214010cae759f026fc485bfdccb44d32fa,no,yes,0.9999999989999999,0,2
supply_chain_disclosure_best_practice_audits,majority,0,0,313,32aac534cc8c69b44cffb558d1687dde646c903551f4716d35f361ff9dfef7bc,no,yes,0.9999999989999999,0,2
supply_chain_disclosure_best_practice_audits,majority,0,3,314,cbd37b5b1d68d6e3051fe7d37866a22b605c82f43a4558b539cc921a761165da,no,yes,0.9999999989999999,0,2
supply_chain_disclosure_best_practice_audits,majority,0,4,315,93385e4040b8a9e2244312c589f32c019276499f4d77dc979a43a063da101d79,no,yes,0.9999999989999999,0,2
supply_chain_disclosure_best_practice_audits,majority,0,3,316,fd5ab74802751c150fc6ffc9f5fc04a7520d18f5e369c5198e123110ae82e19b,no,yes,0.9999999989999999,0,2
supply_chain_disclosure_best_practice_audits,majority,0,0,317,c39413cbf6175d72ce6425d54415f612eb915e3a715f188af606596ffd3c5c5a,no,yes,0.9999999989999999,0,2
supply_chain_disclosure_best_practice_audits,majority,0,2,318,d13bde6dbbb3e00674ae5199051fa37761040e06ca97d1fcddd06d1ca5a95012,no,yes,0.9999999989999999,0,2
supply_chain_disclosure_best_practice_audits,majority,0,0,319,a70cae38bc14a6f8f9ff25c6f6fc01da33d93a293a9faa412ec7fd88b01dab57,no,yes,0.9999999989999999,0,2
supply_chain_disclosure_best_practice_audits,majority,0,0,320,3d8984baef0ba18103046a21a24eaa95a7315dac31f46efd9d70b2de535cb462,no,yes,0.9999999989999999,0,2
supply_chain_disclosure_best_practice_audits,majority,0,4,321,27802664c2d01aa9a779698077273b0dfbb4e4c37c59ec27a359740e25c22b42,no,yes,0.9999999989999999,0,2
supply_chain_disclosure_best_practice_audits,majority,0,1,322,c8ba7ee2aff1efe743ffdd333d82a22572e92a917542d07d056d220a47de9d41,no,yes,0.9999999989999999,0,2
supply_chain_disclosure_best_practice_audits,majority,0,4,323,3197363915acc24a03e50b624d5514a7aae17a858feaebce00133fca51c8ab4e,no,yes,0.9999999989999999,0,2
supply_chain_disclosure_best_practice_audits,majority,0,3,324,0befd85c57d5cc436139e85b69ed400d5bef008c4e62d3c2edc68db2816c720d,no,yes,0.9999999989999999,0,2
supply_chain_disclosure_best_practice_audits,majority,0,2,325,511c8ce5808e6bd8d67a22f804e04fe11901c30d1c6316a4cf9d7ecf7650b4e7,no,yes,0.9999999989999999,0,2
supply_chain_disclosure_best_practice_audits,majority,0,3,326,c27e6fadd2b0b3eb12322506eb24c1c751d3d78f654dde666d6ae98bea4843d6,no,yes,0.9999999989999999,0,2
supply_chain_disclosure_best_practice_audits,majority,0,0,327,31bd0760ea5f242b9f1c3214f1def028d570d735060898e3dfe0692b784765c6,no,yes,0.9999999989999999,0,2
supply_chain_disclosure_best_practice_audits,majority,0,4,328,0605d4ef497301876468cc2abc3991419cb67ab9f6f44508b0849ad5cf2bc53a,no,yes,0.9999999989999999,0,2
supply_chain_disclosure_best_practice_audits,majority,0,4,329,61fdcfca449fbfdb032d1d9c17f754d30f1640a83287a1b9920ca671c0bc204f,no,yes,0.9999999989999999,0,2
supply_chain_disclosure_best_practice_audits,majority,0,1,330,cde51c4232abd6a3d2b26f8ef8d8222f4018c74db11f9042f8d1f02d7b38d0ee,no,yes,0.9999999989999999,0,2
supply_chain_disclosure_best_practice_audits,majority,0,0,331,319f9e927445f3d22c3c88b50343f05c4b5e9652ee4c548d6428c7fbfa6ddb18,no,yes,0.9999999989999999,0,2
supply_chain_disclosure_best_practice_audits,majority,0,1,332,189c16c1e54172f9e82ad90fdfd5e678727d91bda7c553e141882e572dd268de,no,yes,0.9999999989999999,0,2
supply_chain_disclosure_best_practice_audits,majority,0,1,333,50bc448a6e56c7b8a2cc2d46b2f97fd9cb0e9d4e8d9c08464f7f83ce1087ca64,no,yes,0.9999999989999999,0,2
supply_chain_disclosure_best_practice_audits,majority,0,4,334,1d40ab814671064c78b4e4b52104b7c67dd683a3660819cf3f84d9f8fb431067,no,yes,0.9999999989999999,0,2
supply_chain_disclosure_best_practice_audits,majority,0,4,335,616072472d0a990fbc711a6602843e35e185e74e6783dad5587dc1a74f7564b5,no,yes,0.9999999989999999,0,2
supply_chain_disclosure_best_practice_audits,majority,0,1,336,4b44ec066ecab4f9d6bf9bd182434dd023a65373af82a4b71049e0e039377bb5,no,yes,0.9999999989999999,0,2
supply_chain_disclosure_best_practice_audits,majority,0,2,337,f75e522355c0c0d4675648d8939f58f0ec9be70cb95841db451b5e375c1a89e0,no,yes,0.9999999989999999,0,2
supply_chain_disclosure_best_practice_audits,majority,0,2,338,fa6b3e76ad96618009ffc2f157f3ca4d543344f3dc774b60cb2107497173bbb2,no,yes,0.9999999989999999,0,2
supply_chain_disclosure_best_practice_audits,majority,0,3,339,4a0ff924d0af0c575b3be2e72b34334f61fac916dfdeef18d4d8b2786d5a055c,no,yes,0.9999999989999999,0,2
supply_chain_disclosure_best_practice_audits,majority,0,4,340,a2c3a52ee094219ed5814abd08612de2476dc3c07d49af67be0302a80c6214d6,no,yes,0.9999999989999999,0,2
supply_chain_disclosure_best_practice_audits,majority,0,2,341,95fc1e387da1c2ef3c88f6b5a13bd043d0bcb9d99736badacc5810f4e69f6ead,no,yes,0.9999999989999999,0,2
supply_chain_disclosure_best_practice_audits,majority,0,2,342,890c6a25c312a4255ede6c1b5569bef48435d8858fb1ad26a3a541896113f791,no,yes,0.9999999989999999,0,2
supply_chain_disclosure_best_practice_audits,majority,0,3,343,1d04a8b5ec608d80d692c827ee93b276d14a3b5ce3ce5e5d38c1f64046ca2164,no,yes,0.9999999989999999,0,2
supply_chain_disclosure_best_practice_audits,majority,0,1,344,5b2dad8f75d721ee621a1a59f7a9a94122fc51b61d681720d8f6feb20955f873,no,yes,0.9999999989999999,0,2
supply_chain_disclosure_best_practice_audits,majority,0,1,345,4742b083f9d4160e57ed034142afeb23e254b242fcf6a61c5610897189c37d0d,no,yes,0.9999999989999999,0,2
supply_chain_disclosure_best_practice_audits,majority,0,2,346,b33ee53ceb9352753d8eed3360ba28d8c47838544e26df87b06b0629f85abbc7,no,yes,0.9999999989999999,0,2
supply_chain_disclosure_best_practice_audits,majority,0,3,347,a691807189c6dff4664d336078a034a8af9d49c86e0f4379c3c0d5ca80cd47a0,no,yes,0.9999999989999999,0,2
supply_chain_disclosure_best_practice_audits,majority,0,3,348,03916a7e2107458575027c95858e95e02f45009f5bcecbbba957af619f214e96,no,yes,0.9999999989999999,0,2
supply_chain_disclosure_best_practice_audits,majority,0,2,349,337eac86a7ed305d725b924b7de373c3d0504a440bba1405decf7be11c2b34a9,no,yes,0.9999999989999999,0,2
supply_chain_disclosure_best_practice_audits,majority,0,1,350,4bc5542025350d91bbe713d5ef7111c64ee186faec13989fbff30704352647b7,no,yes,0.9999999989999999,0,2
supply_chain_disclosure_best_practice_audits,majority,0,2,351,7c74070fd3590918c058469fa3c201147083b789e575edc07df20c082a180302,no,yes,0.9999999989999999,0,2
supply_chain_disclosure_best_practice_audits,majority,0,4,352,d0664eb101108ed4106770b8ccbb1a8919975cf2aad682315cd97a0b5eeb99c8,no,yes,0.9999999989999999,0,2
supply_chain_disclosure_best_practice_audits,majority,0,4,353,c60dd149ee7c246d148509fae225b586775c8507972ab1eabbf727c5f8e7c79f,no,yes,0.9999999989999999,0,2
supply_chain_disclosure_best_practice_audits,majority,0,4,354,28e5e89e983fe11d4fe513af1d2e124be02e54440e1013f26e37f42a95fae74c,no,yes,0.9999999989999999,0,2
supply_chain_disclosure_best_practice_audits,majority,0,4,355,be342d0ba3afd69f4b1ed982cddc42bdd2bc8627333f859b23a80eefae95323b,no,yes,0.9999999989999999,0,2
supply_chain_disclosure_best_practice_audits,majority,0,0,356,b1a10b2ac1ff6205d95bf78c935c9e215fb3e7febd37a5c41c5f6a90a71b8321,no,yes,0.9999999989999999,0,2
supply_chain_disclosure_best_practice_audits,majority,0,2,357,583b8ebb8255f9589f012b68d1273468b40591ee99033e845869c2c21f2aebe1,no,yes,0.9999999989999999,0,2
supply_chain_disclosure_best_practice_audits,majority,0,0,358,1893fb2f00cc58f4377a2868cc85f79105500067ec465ee406df6811a2ba6fab,no,yes,0.9999999989999999,0,2
supply_chain_disclosure_best_practice_audits,majority,0,2,359,82a8133be0fa802002cb741817aeefae6af67d1b167f8d2597832bea8b4bcae2,no,yes,0.9999999989999999,0,2
supply_chain_disclosure_best_practice_audits,majority,0,0,360,6330f93d46deabef60b77631dddbd90916bf329a1274ab475af4034e0414e801,no,yes,0.9999999989999999,0,2
supply_chain_disclosure_best_practice_audits,majority,0,0,361,a755105d219ad2c94dad6fb3e687221d0988b19734b874d618caee0c39428703,no,yes,0.9999999989999999,0,2
supply_chain_disclosure_best_practice_audits,majority,0,4,362,1ae6dcfd7fda95f910cd66b4dadbe426f4d4f3805170498ffc16446a4b816227,no,yes,0.9999999989999999,0,2
supply_chain_disclosure_best_practice_audits,majority,0,1,363,6005d637aec6968fd09b9156f9c4b42cea3ea4cf5711a412c8199a74e6b0da6d,no,yes,0.9999999989999999,0,2
supply_chain_disclosure_best_practice_audits,majority,0,1,364,e22eb40d5a0e35ac139d6625ba9fe83b5d9cc62fe73344788c6fbf34601eb66e,no,yes,0.9999999989999999,0,2
supply_chain_disclosure_best_practice_audits,majority,0,2,365,b0ca0d813fe62b540b47121478904fe14e2847113e1093363f19f3c530ffd780,no,yes,0.9999999989999999,0,2
supply_chain_disclosure_best_practice_audits,majority,0,3,366,126cf937cb1a759c366b806643329bf0d1541ae8cc5d4d3ab1291fab336e0e2f,no,yes,0.9999999989999999,0,2
supply_chain_disclosure_best_practice_audits,majority,0,1,367,b3ba7ed6334a095408711307b7b6d765a247957b2d8cf2c3fb74aab1848d4478,no,yes,0.9999999989999999,0,2
supply_chain_disclosure_best_practice_audits,majority,0,2,368,42252d18326239ebb7a4bd9a369d958b552ade3a81818a7b33b5c7a254186386,no,yes,0.9999999989999999,0,2
supply_chain_disclosure_best_practice_audits,majority,0,0,369,1d8ec0aa2dde44562bea9e56edd84aafdefd120268eb03e844526b3528ccc5fb,no,yes,0.9999999989999999,0,2
supply_chain_disclosure_best_practice_audits,majority,0,1,370,d62cebfdc280570fae7895fb04d0666af038f0325c877e2bf486cc8aab9b741f,no,yes,0.9999999989999999,0,2
supply_chain_disclosure_best_practice_audits,majority,0,2,371,18b3aa7da2676a92694698ba51e9d1406f32f4d2e6a4f456717df617b747dc27,no,yes,0.9999999989999999,0,2
supply_chain_disclosure_best_practice_audits,majority,0,4,372,d2101f76c6dfeb150215dfc3c747d278ed02b68c118346418eff466ec7e58111,no,yes,0.9999999989999999,0,2
supply_chain_disclosure_best_practice_audits,majority,0,4,373,04ab2f27eec1c522ad9e668f4c68200eeab67868264dbf343658dc8d9a1c8f45,no,yes,0.9999999989999999,0,2
supply_chain_disclosure_best_practice_audits,majority,0,0,374,98d820923bcd03faee2d85e8d8a5a6c16f2d445795a1c658130203c5766b0497,no,yes,0.9999999989999999,0,2
supply_chain_disclosure_best_practice_audits,majority,0,3,375,f712982ec8f374fc723b5aee46de82200f2a4f333ae3e6fb45e1aecd1916c30d,no,yes,0.9999999989999999,0,2
supply_chain_disclosure_best_practice_audits,majority,0,4,376,d56330358a4f915da1d08b99375ace062ef622d4a645a2c4476474c8a6303f10,no,yes,0.9999999989999999,0,2
supply_chain_disclosure_best_practice_audits,majority,0,2,377,1b424930328a00849ed3e051ff08961ed0d9abdacf308421a660728083fa9062,no,yes,0.9999999989999999,0,2
supply_chain_disclosure_best_practice_audits,majority,0,2,378,e08f36d3835ba4da0d6cb67088f631323be5705467f895cfcf7cacab604f8d65,no,yes,0.9999999989999999,0,2
supply_chain_disclosure_best_practice_audits,majority,1,4,0,9d54e6c772949bfb6b364e2d7006fb131ac4294d6529566b2d88c78014eb6a1d,yes,yes,0.9999999989999999,0,2
supply_chain_disclosure_best_practice_audits,majority,1,3,1,6bd8ec1448ec24fd291dc77052268939f67f9cfea5b76bd69388e542e0b53419,yes,yes,0.9999999989999999,0,2
supply_chain_disclosure_best_practice_audits,majority,1,1,2,cfd25f9be7d33e9e2626fa8f008705300a927fdffb8d298eb046111abadd5313,yes,yes,0.9999999989999999,0,2
supply_chain_disclosure_best_practice_audits,majority,1,0,3,2f6b42c2613958a15c6634faad8dce008342e61c935053e805fb0f1fff7e4aa5,yes,yes,0.9999999989999999,0,2
supply_chain_disclosure_best_practice_audits,majority,1,2,4,dd521a35f676e54ddd4c10353a5b613a177a8c4ab4053780ebfac40ccda839f6,yes,yes,0.9999999989999999,0,2
supply_chain_disclosure_best_practice_audits,majority,1,4,5,33e4c0559a94c7dce28fd5c76870036003e5e62eed6cf35cdc1c63a6b0a6569f,yes,yes,0.9999999989999999,0,2
supply_chain_disclosure_best_practice_audits,majority,1,0,6,fb9db00dc94a7d11b1f1dc759bdaa0ab4132a345c4f4c79fa1b99a4f3feabec7,yes,yes,0.9999999989999999,0,2
supply_chain_disclosure_best_practice_audits,majority,1,2,7,a3a6ab356fbf9711c2b5414d31490eead3dd8e73d43141d8c1c133c314b5f163,yes,yes,0.9999999989999999,0,2
supply_chain_disclosure_best_practice_audits,majority,1,4,8,7a0cea15013a413c9095a12a26a110ad23082840e0980ef5ea664df3aa587c79,yes,yes,0.9999999989999999,0,2
supply_chain_disclosure_best_practice_audits,majority,1,4,9,ded19f85f9c4d9d7f469200e17647cd8ecc12c2da48288385855657ec1b5adf5,yes,yes,0.9999999989999999,0,2
supply_chain_disclosure_best_practice_audits,majority,1,0,10,edbc6a22c498b82bac2202f1e46acbeaedfb015c0444653d0b0aeb6099e37ff7,yes,yes,0.9999999989999999,0,2
supply_chain_disclosure_best_practice_audits,majority,1,0,11,72cbb74b67a42c66920815b763cc6896803bfbe9a4dde82490f10909e1dfcbec,yes,yes,0.9999999989999999,0,2
supply_chain_disclosure_best_practice_audits,majority,1,0,12,b6f77759748e520cb2650c9d05bfabeb352e52aeb1c443de23d4c8058ffbae34,yes,yes,0.9999999989999999,0,2
supply_chain_disclosure_best_practice_audits,majority,1,4,13,dade26e8398dbb799fd50eb54dbcd3e6ab8b4c274c793f921a58a02434c8b920,yes,yes,0.9999999989999999,0,2
supply_chain_disclosure_best_practice_audits,majority,1,3,14,ca680947ea1c383262052c8e93e441eefb9f5c56853cfdc57b710b6763858524,yes,yes,0.9999999989999999,0,2
supply_chain_disclosure_best_practice_audits,majority,1,0,15,6567baee48eaca37363905900994df097ee69c55020b441e3135e706805c61aa,yes,yes,0.9999999989999999,0,2
supply_chain_disclosure_best_practice_audits,majority,1,0,16,3f83f1e16a6ae23ed6f0bb9678979f85323df70d52e5af7828b1bed5744918b1,yes,yes,0.9999999989999999,0,2
supply_chain_disclosure_best_practice_audits,majority,1,1,17,37ed9ddde655fb5e0bedd0751e547d4b678cb2a4faeb1a803f4fde03b96df247,yes,yes,0.9999999989999999,0,2
supply_chain_disclosure_best_practice_audits,majority,1,1,18,927e63eace0a5b571aaae87c06d33ec73b502b226e5e07f69211aac675c9199d,yes,yes,0.9999999989999999,0,2
supply_chain_disclosure_best_practice_audits,majority,1,3,19,67595c9be4cf851988bc1fc7cdcedef276346c043520046d91bb26c48edac6cc,yes,yes,0.9999999989999999,0,2
supply_chain_disclosure_best_practice_audits,majority,1,4,20,97859a9430e770c53776bdb64bcac6e1057b25056282b1a971f3143449b8ae52,yes,yes,0.9999999989999999,0,2
supply_chain_disclosure_best_practice_audits,majority,1,2,21,d70648593b74ef9e2bc2de57c4dd94c2323fa8cd58e0083ea94ae75980c167fd,yes,yes,0.9999999989999999,0,2
supply_chain_disclosure_best_practice_audits,majority,1,1,22,52f6bfce60e5ece10730f4e80ac4d6d0a44cf613425838d5b0805482b44527f6,yes,yes,0.9999999989999999,0,2
supply_chain_disclosure_best_practice_audits,majority,1,1,23,e50372eb04052599ab62fed9665c237fbb1fafd32f6502757f0d0bc648ee5072,yes,yes,0.9999999989999999,0,2
supply_chain_disclosure_best_practice_audits,majority,1,4,24,450bbed24b34b5272d476f23a5de997f8ff5490a0e106d7cdec0c059964c5c25,yes,yes,0.9999999989999999,0,2
supply_chain_disclosure_best_practice_audits,majority,1,4,25,f2116c063ca557116fe78a21ccd8f5607276835e91875fc11bf12932dddc984f,yes,yes,0.9999999989999999,0,2
supply_chain_disclosure_best_practice_audits,majority,1,2,26,aafd7fd03c4909c8dc45f9cb2cd65c636a86fc13ac4f6c08c449151b9a47fef7,yes,yes,0.9999999989999999,0,2
supply_chain_disclosure_best_practice_audits,majority,1,2,27,33043270153f967b1fcebdd792621661d4f1066634cad83e35b51a515630ac38,yes,yes,0.9999999989999999,0,2
supply_chain_disclosure_best_practice_audits,majority,1,0,28,43294ee8c35a7c5c0a600a0522b094cbf6660d69944080ca876844efa92382dc,yes,yes,0.9999999989999999,0,2
supply_chain_disclosure_best_practice_audits,majority,1,1,29,b68f1b883214616d4922a65d201ee2ea9db1a0122864b78ccbbf5ee46c7a8f7b,yes,yes,0.9999999989999999,0,2
supply_chain_disclosure_best_practice_audits,majority,1,4,30,7310ac62e99a4e8b1a34fce3d7086304d24c92e3534b4100b1c05e58506ac4b1,yes,yes,0.9999999989999999,0,2
supply_chain_disclosure_best_practice_audits,majority,1,1,31,b32275d570cb22080951b4812db4ef3e116eb01260737efd0035c8ac82e331f9,yes,yes,0.9999999989999999,0,2
supply_chain_disclosure_best_practice_audits,majority,1,4,32,052895a7e776122c3bd93f43e5a766518ea710c81cd2d76001ab5d8e1a8e9576,yes,yes,0.9999999989999999,0,2
supply_chain_disclosure_best_practice_audits,majority,1,2,33,92cd4852e93b427437a48160221b761b265339694e1e9e4b6fbb4078283d47dd,yes,yes,0.9999999989999999,0,2
supply_chain_disclosure_best_practice_audits,majority,1,3,34,a63bbe340e7e5559ab344685986e27ba29e7856a2bb43f559677d60bd6372b49,yes,yes,0.9999999989999999,0,2
supply_chain_disclosure_best_practice_audits,majority,1,4,35,4c66ac71222d0b9ea3d8106a65704219a05af6e124369c676e6d84e9e05eef96,yes,yes,0.9999999989999999,0,2
supply_chain_disclosure_best_practice_audits,majority,1,4,36,5a71be10ab1bfb61b9c98e5a9adce211ebf7cc64b75c2fe894b2da8f4f438624,yes,yes,0.9999999989999999,0,2
supply_chain_disclosure_best_practice_audits,majority,1,4,37,7a943e9ef37d479a877b40d230449fde8ef8985c43c5795a2b67ad1a560ec3dd,yes,yes,0.9999999989999999,0,2
supply_chain_disclosure_best_practice_audits,majority,1,0,38,eebfae389e1805a6524964b0a815e9e64c44ec4245148015e3ee4de8084556cf,yes,yes,0.9999999989999999,0,2
supply_chain_disclosure_best_practice_audits,majority,1,3,39,242ffbc9b3e5ff9fb89c658b1348a67d708b3cbbc0707ba7991cf585da68498d,yes,yes,0.9999999989999999,0,2
supply_chain_disclosure_best_practice_audits,majority,1,4,40,6d4f73e7a6d1fea0e78502ec3d78016b8d7cc091321e361a13bcbc1c64abbc92,yes,yes,0.9999999989999999,0,2
supply_chain_disclosure_best_practice_audits,majority,1,1,41,e91b405667ff2e3c59a366f14d4e69a85adf7b37adfbe5cc0d4f68d3ff850477,yes,yes,0.9999999989999999,0,2
supply_chain_disclosure_best_practice_audits,majority,1,1,42,df4b5ecfdae8b9a769a3ceef89c8f2943eff05ffdb56a25b5ff2517b2a5774ad,yes,yes,0.9999999989999999,0,2
supply_chain_disclosure_best_practice_audits,majority,1,1,43,68dff8e9beb989b03b38607e665e4d5372e148fe089e55d47bec6692aea9c76a,yes,yes,0.9999999989999999,0,2
supply_chain_disclosure_best_practice_audits,majority,1,0,44,473f02f9766d1a9408898f92db8c82504af7648bb43d66a2d58ba393ad110cea,yes,yes,0.9999999989999999,0,2
supply_chain_disclosure_best_practice_audits,majority,1,1,45,40b81122b3ce13d0b02d3855a778d59dfa74dfe699922ad1cd59e4c945a11085,yes,yes,0.9999999989999999,0,2
supply_chain_disclosure_best_practice_audits,majority,1,2,46,be386186c94960b560719aa9801a2b53b610974576c933522e3bf0b7de9f75ee,yes,yes,0.9999999989999999,0,2
supply_chain_disclosure_best_practice_audits,majority,1,2,47,54ba1171dd088353ea0094c11e682cce0bda3cce8961ca9686b40b33a7462851,yes,yes,0.9999999989999999,0,2
supply_chain_disclosure_best_practice_audits,majority,1,0,48,a5cd9829d0bb6680b12c38d718acd91f080de69f112a33da5f30ee6a651da5bd,yes,yes,0.9999999989999999,0,2
supply_chain_disclosure_best_practice_audits,majority,1,4,49,a60b58ec65949fd64e04a7930db1d4f38f18d50de6cc77f83c3a1f018bb35971,yes,yes,0.9999999989999999,0,2
supply_chain_disclosure_best_practice_audits,majority,1,2,50,258ee064efae6bfc773d9e688e0e04507092de9bb4d6c023bdd08088ce9b7d0a,yes,yes,0.9999999989999999,0,2
supply_chain_disclosure_best_practice_audits,majority,1,1,51,3bb5ff0604197b2135281a129b8db0a49cf99b97683131f2595801f5a3538e48,yes,yes,0.9999999989999999,0,2
supply_chain_disclosure_best_practice_audits,majority,1,0,52,4124b6eeb003417bd70564ba2fde31be4a267b867426f07b7e40d3a5a42b955e,yes,yes,0.9999999989999999,0,2
supply_chain_disclosure_best_practice_audits,majority,1,3,53,6795adbe04130c6f667f1f3bfdf4477f9426ec504d554b86e3442d6bc01c64b3,yes,yes,0.9999999989999999,0,2
supply_chain_disclosure_best_practice_audits,majority,1,1,54,b624a5abb6fe61a77543f57ce95b180f41e23f122d7ea978a7f03a9080d0c117,yes,yes,0.9999999989999999,0,2
supply_chain_disclosure_best_practice_audits,majority,1,3,55,6434dbb7f593fcc55b97b67e6ab2b3bc4e6b0d9e0842c8fdbf3d79acd062e711,yes,yes,0.9999999989999999,0,2
supply_chain_disclosure_best_practice_audits,majority,1,1,56,2c5af191cf4c83284d0d480817f743f471028484b87e6533b0919f79d8be73da,yes,yes,0.9999999989999999,0,2
supply_chain_disclosure_best_practice_audits,majority,1,1,57,1a95135ede09d2e63bd6b4a843062ac4af61a3fd3b03ede6d720351b54846dc4,yes,yes,0.9999999989999999,0,2
supply_chain_disclosure_best_practice_audits,majority,1,2,58,1810bea0a08d73c32b1805b8831178ca0ab8528b2d0f8ac88247661a6e69f8e7,yes,yes,0.9999999989999999,0,2
supply_chain_disclosure_best_practice_audits,majority,1,2,59,5a2d69bd4e38c3951efb30708a40e3f4a39f104d84721cbf8c545d5ebbf5a979,yes,yes,0.9999999989999999,0,2
supply_chain_disclosure_best_practice_audits,majority,1,1,60,46835c7ca7f9d3ed9aac3bf85af18fe4658a5d4cecd054ad6219f1b379266b5a,yes,yes,0.9999999989999999,0,2
supply_chain_disclosure_best_practice_audits,majority,1,3,61,19d22a3d9ae55ee79ad31bf1a33f28b73bf1af23a659ff9b50fd6a039c3c1015,yes,yes,0.9999999989999999,0,2
supply_chain_disclosure_best_practice_audits,majority,1,4,62,e0675a87b1557858af49db8846e7da2a54792cca0f4b6687547a06bc21752a64,yes,yes,0.9999999989999999,0,2
supply_chain_disclosure_best_practice_audits,majority,1,3,63,88e18396e51fd530b25dbdba867dee981f99e3bc9ee3e4495b541d3afb24f860,yes,yes,0.9999999989999999,0,2
supply_chain_disclosure_best_practice_audits,majority,1,1,64,30c8b45d4999cf9de8c3c9318059611dc084dd5f81ec50a3ffefb4c434ea5d10,yes,yes,0.9999999989999999,0,2
supply_chain_disclosure_best_practice_audits,majority,1,1,65,bcc7c3c9238c4ca25a297bba82702f037934c89e424571ce800b424c2d72eb99,yes,yes,0.9999999989999999,0,2
supply_chain_disclosure_best_practice_audits,majority,1,3,66,d37dc7efcf545e24ea668accb8a8fc8c4b2d71c9a6b66829b6e7f5ad5887c55d,yes,yes,0.9999999989999999,0,2
supply_chain_disclosure_best_practice_audits,majority,1,3,67,1ff72a935e2581a73389e968b07a918171d3a71863f799670ce20e0422a77bc1,yes,yes,0.9999999989999999,0,2
supply_chain_disclosure_best_practice_audits,majority,1,0,68,7c213e830f4b18be4e5435844ebc2482efb5672c7e559006f5c1c21d16cce21f,yes,yes,0.9999999989999999,0,2
supply_chain_disclosure_best_practice_audits,majority,1,2,69,ca21f83512fd7ebfb00825a9d23131822aec5c635857f75025dae20d8e2aeab9,yes,yes,0.9999999989999999,0,2
supply_chain_disclosure_best_practice_audits,majority,1,0,70,583603f2fa828ad5e7283f6a522153df983d96151dd424e878bb41f458ff420a,yes,yes,0.9999999989999999,0,2
supply_chain_disclosure_best_practice_audits,majority,1,3,71,68f670418f0909105c1cb8844772825fb4ba489c72634c139452928eca657515,yes,yes,0.9999999989999999,0,2
supply_chain_disclosure_best_practice_audits,majority,1,3,72,a1ee39468479a4129fcd404c7b033a1667904771c45acb07969e94a5c816f741,yes,yes,0.9999999989999999,0,2
supply_chain_disclosure_best_practice_audits,majority,1,2,73,1bbaf32745507e45914fe877698c77e2517b9dcb02e59aefb755e2cb05b3b6ce,yes,yes,0.9999999989999999,0,2
supply_chain_disclosure_best_practice_audits,majority,1,4,74,6441a25c7e9aacdd81cbb5eb9006df4554ef2b778c49f73b61cb1a87d1e664a7,yes,yes,0.9999999989999999,0,2
supply_chain_disclosure_best_practice_audits,majority,1,3,75,7effe61be9495286cb7aa152dfe4bb187087cfbbadfd5ae74615afccc94ca5a2,yes,yes,0.9999999989999999,0,2
supply_chain_disclosure_best_practice_audits,majority,1,1,76,55149e53ccbcecf5b2bec61a13a083d8c80ef7d940bce4e69759bd859b75cf27,yes,yes,0.9999999989999999,0,2
supply_chain_disclosure_best_practice_audits,majority,1,4,77,ee9e57c3f7c911b1fd365b5aaadb5a15128e352364d4bec56ec84467d3ff736a,yes,yes,0.9999999989999999,0,2
supply_chain_disclosure_best_practice_audits,majority,1,3,78,d7b7e1ac46290add16f23c8195170499df669318e8158462abe68741792c3fc7,yes,yes,0.9999999989999999,0,2
supply_chain_disclosure_best_practice_audits,majority,1,3,79,4319a82278965a186ff1f30c53989cec45e638b378eab1febcbeb65f23fabe9f,yes,yes,0.9999999989999999,0,2
supply_chain_disclosure_best_practice_audits,majority,1,0,80,15e57eb32f969fcd0a6f49e9976788796a20f6e9807cda15d025765d4a4c6250,yes,yes,0.9999999989999999,0,2
supply_chain_disclosure_best_practice_audits,majority,1,2,81,f1e998799add05735d8e4ef8a7b0680c19790187dbe70fb785f32d106cac896b,yes,yes,0.9999999989999999,0,2
supply_chain_disclosure_best_practice_audits,majority,1,3,82,db23799cc5ac6832bc82fc3c56b81ffda2cf099b7bb8dfc04851c7cc978d3860,yes,yes,0.9999999989999999,0,2
supply_chain_disclosure_best_practice_audits,majority,1,3,83,2ebf21b254356e063ec495bc48e8b427c9cef0e023d6c440ab4695d670fac424,yes,yes,0.9999999989999999,0,2
supply_chain_disclosure_best_practice_audits,majority,1,2,84,f5f05ce191f8e498e77d5a82efe0cc9b7b0caca2cbd03855b4a3c04dd5326f82,yes,yes,0.9999999989999999,0,2
supply_chain_disclosure_best_practice_audits,majority,1,2,85,235ce0ea6083794379941800918b143e04bd02e90f6ca0df77dc219a03def0fb,yes,yes,0.9999999989999999,0,2
supply_chain_disclosure_best_practice_audits,majority,1,2,86,675f9e573acd9ee413ee4098ecee6e28c67fb1251f10e277dc5f8251151e9da2,yes,yes,0.9999999989999999,0,2
supply_chain_disclosure_best_practice_audits,majority,1,3,87,2ff95ae87bf0173ba35ce7803ee7e2b6c3e55da5408e2849e2db1bf6be370c1f,yes,yes,0.9999999989999999,0,2
supply_chain_disclosure_best_practice_audits,majority,1,4,88,c3c72b3814c06b5ae24ea5616a76e6e34d5e65a037e85d1de1b714979534a508,yes,yes,0.9999999989999999,0,2
supply_chain_disclosure_best_practice_audits,majority,1,2,89,1abad7524e193958a5e4e30aeee808127f7d6f94b84907ba346c856b1352d506,yes,yes,0.9999999989999999,0,2
supply_chain_disclosure_best_practice_audits,majority,1,1,90,d226bbab5779ded49db4f0c92048f30f3308fbc33dddc21c3f553fe8f87fcbf8,yes,yes,0.9999999989999999,0,2
supply_chain_disclosure_best_practice_audits,majority,1,0,91,3b4741877764990637a1268063f65f78bb8e594eae6d2906fe8bcd9f4257c7ff,yes,yes,0.9999999989999999,0,2
supply_chain_disclosure_best_practice_audits,majority,1,1,92,3bd73a7cf410fc9b3e1ae11778d1f9a5e608ca828bdf80e624f9d0fe092636d8,yes,yes,0.9999999989999999,0,2
supply_chain_disclosure_best_practice_audits,majority,1,1,93,f8a69fcaa6995a987c838bf9355ef0f34e73d762cad7adb46499a4919cd21260,yes,yes,0.9999999989999999,0,2
supply_chain_disclosure_best_practice_audits,majority,1,0,94,2bc816bdb532b4fc74face24637b167b5cd6b7a156ba66b8ecdecca78ddb7a5e,yes,yes,0.9999999989999999,0,2
supply_chain_disclosure_best_practice_audits,majority,1,3,95,ab4d67c424e351a53a77b8c8217460def7339c7690bda9807f188c277abf99df,yes,yes,0.9999999989999999,0,2
supply_chain_disclosure_best_practice_audits,majority,1,1,96,5acad3a53814dc166c294d6012ee4d9876377e6c7dc9bcd4cb545aae89327aaa,yes,yes,0.9999999989999999,0,2
supply_chain_disclosure_best_practice_audits,majority,1,0,97,025abd17b4aa8cd2ca7b64367d0dae8246cac55217afb5378a32edc5cb032028,yes,yes,0.9999999989999999,0,2
supply_chain_disclosure_best_practice_audits,majority,1,4,98,8009af26f9d7407e1ae55cfc4779b4b279c3d930f343295afcb1dabb6c4f5771,yes,yes,0.9999999989999999,0,2
supply_chain_disclosure_best_practice_audits,majority,1,2,99,20ffaa2b9dbb70e5796aaeb58543484710a8828de00250b6639f69c9e65bc92a,yes,yes,0.9999999989999999,0,2
supply_chain_disclosure_best_practice_audits,majority,1,1,100,459bed595f402efcac27f2132f647c7bad0622691786e37af3b3902fe7ed6d30,yes,yes,0.9999999989999999,0,2
supply_chain_disclosure_best_practice_audits,majority,1,1,101,031856afb140c703e4a301ce8e6393551af830f3c4945305e23735bdc5dc5e8d,yes,yes,0.9999999989999999,0,2
supply_chain_disclosure_best_practice_audits,majority,1,3,102,6be5c550eecd21d8130ce8d2534fda585336bbd469b636be126d1930496943ef,yes,yes,0.9999999989999999,0,2
supply_chain_disclosure_best_practice_audits,majority,1,3,103,cb1d66fe19e860b6174d574ad92b146dcfb31769b3f045c4268b796d39ace598,yes,yes,0.9999999989999999,0,2
supply_chain_disclosure_best_practice_audits,majority,1,3,104,b8f56656615d580b345dadc70ccbde392c6aa9477d92ffd07eb5fd126fb52749,yes,yes,0.9999999989999999,0,2
supply_chain_disclosure_best_practice_audits,majority,1,4,105,e1e9ff82d278af02d188aaab6558d189bc48fdbc54aed68d83ed47c4cbc0ff08,yes,yes,0.9999999989999999,0,2
supply_chain_disclosure_best_practice_audits,majority,1,4,106,5d2e2af1f56ad0b84e2849ad94c7f9b8502c7f564e8e9948112364d32f117415,yes,yes,0.9999999989999999,0,2
supply_chain_disclosure_best_practice_audits,majority,1,4,107,7c0433d913d5d9e83b1a7479c578dedbb65de78fd669dac303b240517f525ac7,yes,yes,0.9999999989999999,0,2
supply_chain_disclosure_best_practice_audits,majority,1,4,108,487257cd89e1e218cee478fba0884b272dc42d42a47b82dd366d389a8b5db279,yes,yes,0.9999999989999999,0,2
supply_chain_disclosure_best_practice_audits,majority,1,0,109,a65ed6ff518a4c68f06e526e47cb1116cb4661c3ed635c6780dd4806b5cde7bb,yes,yes,0.9999999989999999,0,2
supply_chain_disclosure_best_practice_audits,majority,1,1,110,6c8d0687947cec71e1a1cb8a1383c11e0adb47d0e54ea48aafdb5a03e950fee1,yes,yes,0.9999999989999999,0,2
supply_chain_disclosure_best_practice_audits,majority,1,0,111,642eb832cde6ce9f5b08d631301f2eeff3be1414e98cb19a29c1e9a2ba1c24c6,yes,yes,0.9999999989999999,0,2
supply_chain_disclosure_best_practice_audits,majority,1,3,112,375dbda1e8323ea8520c1f6256c9b927c68151c652c6b58105a00d1ab2271c9c,yes,yes,0.9999999989999999,0,2
supply_chain_disclosure_best_practice_audits,majority,1,4,113,b19887857cd233945689ec8336c60d2f73d70846421c657f0be1c6a92bbc7518,yes,yes,0.9999999989999999,0,2
supply_chain_disclosure_best_practice_audits,majority,1,4,114,f0a3886cf3e1d2070dc523492943cfcd3e499d24b52fc793a0fb7725adfe16f2,yes,yes,0.9999999989999999,0,2
supply_chain_disclosure_best_practice_audits,majority,1,2,115,376f27182efb4c1fe0ce63cffb0beea5d342c2296eb0f8a9e57769b2078f92c6,yes,yes,0.9999999989999999,0,2
supply_chain_disclosure_best_practice_audits,majority,1,2,116,672f49a21e2f43bf1d7affa3e679d9d23f2677e346077297c3ce8c69996abc9f,yes,yes,0.9999999989999999,0,2
supply_chain_disclosure_best_practice_audits,majority,1,0,117,e04a261511b639d13eff7977e3a3d96a624c24da4e20bcea440d03ce7e3ae68e,yes,yes,0.9999999989999999,0,2
supply_chain_disclosure_best_practice_audits,majority,1,1,118,c95024d3b100f9153f41395f2e5c661f54c684d7d8038f764a81c77987cd944c,yes,yes,0.9999999989999999,0,2
supply_chain_disclosure_best_practice_audits,majority,1,3,119,0c2fd8335e8a32cd836ad0fac339e53728d9dd1b1739ac86260707d4b7cf5102,yes,yes,0.9999999989999999,0,2
supply_chain_disclosure_best_practice_audits,majority,1,3,120,fc4c958267d1a005d1c9d5f0ac60c24f69650d1fbb89a618551194f3abb45a0a,yes,yes,0.9999999989999999,0,2
supply_chain_disclosure_best_practice_audits,majority,1,4,121,0efe9e66d9baf00c14469130c1d532f4abeb43c7f893eae6a44dab6313d4fb74,yes,yes,0.9999999989999999,0,2
supply_chain_disclosure_best_practice_audits,majority,1,2,122,459a17fd7ed2fb62ccf60f909dab8f4e9f41f8f620571c720e0d6449b3243f1c,yes,yes,0.9999999989999999,0,2
supply_chain_disclosure_best_practice_audits,majority,1,1,123,8c190cb913388a32b8ef0c5126e5c392d243b3583fd89923b21d8621b7f16f97,yes,yes,0.9999999989999999,0,2
supply_chain_disclosure_best_practice_audits,majority,1,3,124,dece42af518250889be48080639ae862a6244394a9cfabf7ce7c4af677218640,yes,yes,0.9999999989999999,0,2
supply_chain_disclosure_best_practice_audits,majority,1,0,125,40b7a53af6c489016a3c39a0c23daaf2b4ff6197c2b53acaf1ee59067d17b38a,yes,yes,0.9999999989999999,0,2
supply_chain_disclosure_best_practice_audits,majority,1,4,126,929891ba31548db1aa694753669e3c24a30e1788a99151d98b539c39011f0c6e,yes,yes,0.9999999989999999,0,2
supply_chain_disclosure_best_practice_audits,majority,1,1,127,9ffb371008bdf3d9905cc135199ff19454aa55be24ff6556d8f180a5a82601c4,yes,yes,0.9999999989999999,0,2
supply_chain_disclosure_best_practice_audits,majority,1,4,128,4cbcd769a0f437d0d8cac94bce5b472c7304848c39ba945db73525d09dd92f29,yes,yes,0.9999999989999999,0,2
supply_chain_disclosure_best_practice_audits,majority,1,0,129,28443bea33a9cfa2056f9e550d7afacc19053d096a108db12f87a2e90de7ad14,yes,yes,0.9999999989999999,0,2
supply_chain_disclosure_best_practice_audits,majority,1,0,130,53b1a4e96ad74195e550599949adc135a68d11a2761b215e2d3c5f78fac20ff4,yes,yes,0.9999999989999999,0,2
supply_chain_disclosure_best_practice_audits,majority,1,0,131,457aa4a03d6d45f3e6544e847d352d46186cccc1f81d8cb481bf644db7af99f3,yes,yes,0.9999999989999999,0,2
supply_chain_disclosure_best_practice_audits,majority,1,1,132,b36c6cc2c4974c8c6877811a1a305dea8be3cb2d15bde1c0c9eb16c92139773f,yes,yes,0.9999999989999999,0,2
supply_chain_disclosure_best_practice_audits,majority,1,4,133,95a16109c1891d82eeafded1e727f6561d5e8c7475e3e4e26d3c11ca744c6547,yes,yes,0.9999999989999999,0,2
supply_chain_disclosure_best_practice_audits,majority,1,3,134,921b410be7bc7b2de67384cb33f2212547c80d1e0d373fde36b9efa85af4bbd2,yes,yes,0.9999999989999999,0,2
supply_chain_disclosure_best_practice_audits,majority,1,3,135,4a3619506781d26fc853745317c36841d51d17c4453fa9792f2a6ec932c1b7f9,yes,yes,0.9999999989999999,0,2
supply_chain_disclosure_best_practice_audits,majority,1,0,136,30a167de20776b14c84cbc4a797def3569824661dd4a47f98a8e2cf261e55c03,yes,yes,0.9999999989999999,0,2
supply_chain_disclosure_best_practice_audits,majority,1,0,137,391ccdc3a1a0f1231bbac5db1ce4e442afa3f3d79dc8b4293b88f93209811a6d,yes,yes,0.9999999989999999,0,2
supply_chain_disclosure_best_practice_audits,majority,1,2,138,151ef6b81c9ba20818d173a6b34a499bd330ac8b55583759ebc444cb3e997ee9,yes,yes,0.9999999989999999,0,2
supply_chain_disclosure_best_practice_audits,majority,1,2,139,00f788466575e92cb6cd9b6bece2b76116328a72f455bfbf1b31c1a61e42a48e,yes,yes,0.9999999989999999,0,2
supply_chain_disclosure_best_practice_audits,majority,1,0,140,ef2c6382e5dc53301bd218ec96105515da4a8331f35b814e7a7f38ea085ce13f,yes,yes,0.9999999989999999,0,2
supply_chain_disclosure_best_practice_audits,majority,1,3,141,04288152a54520da15135a2da000a2cf47ca7108eb4ed77b37713dc7ead5834b,yes,yes,0.9999999989999999,0,2
supply_chain_disclosure_best_practice_audits,majority,1,4,142,78781bf0a8697fd3f3409d0b8bd3967222d89b46f61f1ec355bda7d55721e5e4,yes,yes,0.9999999989999999,0,2
supply_chain_disclosure_best_practice_audits,majority,1,0,143,3c7c5ae2aa151786ba4a73c291ce5e1a0a2b03a30c29cf3328495fb37d9aece7,yes,yes,0.9999999989999999,0,2
supply_chain_disclosure_best_practice_audits,majority,1,2,144,2509ba56d644ea014a3e0fa3d0d6874c3cd2c6a28788f805fd9c6758e313ab8f,yes,yes,0.9999999989999999,0,2
supply_chain_disclosure_best_practice_audits,majority,1,2,145,01eca6a511ea344abc3cf6dee3b61342273cacd73fd16da7f8f69dbf49142d75,yes,yes,0.9999999989999999,0,2
supply_chain_disclosure_best_practice_audits,majority,1,3,146,a16e8a50ee6e37a4589de3344628e84d9c80280c3ba92ec3972f6b853cbf7c2e,yes,yes,0.9999999989999999,0,2
supply_chain_disclosure_best_practice_audits,majority,1,3,147,45bd51009e1e64c672134259f2b5ede08866a003283780b51c4818c318a172fc,yes,yes,0.9999999989999999,0,2
supply_chain_disclosure_best_practice_audits,majority,1,1,148,9e1afd1f029efd031171df47a2ca39fb5420f30cd60b2fd9e1b0a8875cd25e49,yes,yes,0.9999999989999999,0,2
supply_chain_disclosure_best_practice_audits,majority,1,4,149,4b31ff48711f468ee6a1562ebc1e3389c382fd1c448638c0eda617de2469b754,yes,yes,0.9999999989999999,0,2
supply_chain_disclosure_best_practice_audits,majority,1,1,150,0d783ce52643a830262a183e1f3340dfa5e11782478d1c01ad53d0076c4c73d4,yes,yes,0.9999999989999999,0,2
supply_chain_disclosure_best_practice_audits,majority,1,2,151,baace2e4253ecc8d61872f3b64835bb002f2a49a97e7d4c31adc7b078bc0a85f,yes,yes,0.9999999989999999,0,2
supply_chain_disclosure_best_practice_audits,majority,1,2,152,396d5edabfc1cc0317011328bc857e25c1640c119ce86f4b99f02862697e7df8,yes,yes,0.9999999989999999,0,2
supply_chain_disclosure_best_practice_audits,majority,1,2,153,0c532687e912f2d64ff38f5eed8a18b3179c544a30dd454a0e4adc0617bafbef,yes,yes,0.9999999989999999,0,2
supply_chain_disclosure_best_practice_audits,majority,1,0,154,607ecb634c0681303ee57bf7366b51214e7db74d4d4c0675d3806628cffdbffb,yes,yes,0.9999999989999999,0,2
supply_chain_disclosure_best_practice_audits,majority,1,3,155,14759c3262b6131be28f172314d3243dbc099f7cb099c03a4e85397e876c8b56,yes,yes,0.9999999989999999,0,2
supply_chain_disclosure_best_practice_audits,majority,1,0,156,32260ecf26035d5e5df015a53c55c1fa3414a446aee4f3709c38ccf58df0ca66,yes,yes,0.9999999989999999,0,2
supply_chain_disclosure_best_practice_audits,majority,1,3,157,5ae1b1df5103d563678ef0e3bd377743146e4315d7a2bf0c895ece3a203e57a5,yes,yes,0.9999999989999999,0,2
supply_chain_disclosure_best_practice_audits,majority,1,2,158,5d1fc63f4139faae3bfe28443da26e285c4bb8f1d308b6ff4b7b1b75cc2c1e80,yes,yes,0.9999999989999999,0,2
supply_chain_disclosure_best_practice_audits,majority,1,4,159,39e33483b6daed03fd99c05cd1c125e6b18f5af6c51ec943acdeaa4b1ee84166,yes,yes,0.9999999989999999,0,2
supply_chain_disclosure_best_practice_audits,majority,1,2,160,3daa8ec03c0ed46a2b9f72cbb4723307035f5c52b6f89d28317e2a6b303d6247,yes,yes,0.9999999989999999,0,2
supply_chain_disclosure_best_practice_audits,majority,1,3,161,0c82ffaee114b837e9f974f4e80361b373b8c00d329a258aa8a80fb9b1f4e398,yes,yes,0.9999999989999999,0,2
supply_chain_disclosure_best_practice_audits,majority,1,0,162,07c6e827cc6c23cd27132b4c99cdd5e4258ea66c0b532d59b29055c8e5cedc14,yes,yes,0.9999999989999999,0,2
supply_chain_disclosure_best_practice_audits,majority,1,4,163,575b6c919a2ada10f464c7b46bc2b934726e9c993c82384121938de3ec6d3259,yes,yes,0.9999999989999999,0,2
supply_chain_disclosure_best_practice_audits,majority,1,2,164,21bfadb1e773c7ba5a13997f0fb26b6975502bebe37fe323b42580c521a1600f,yes,yes,0.9999999989999999,0,2
supply_chain_disclosure_best_practice_audits,majority,1,2,165,562ebd404575617d0f8d7b9efb34742cf5ddd488563c2500c9aec2ca6c214663,yes,yes,0.9999999989999999,0,2
supply_chain_disclosure_best_practice_audits,majority,1,0,166,78456786d204455184c362ece71adf15b8e1a55b2b2e857ebb83507e9881cb4e,yes,yes,0.9999999989999999,0,2
supply_chain_disclosure_best_practice_audits,majority,1,0,167,6ea4297c021e920636315a3b8cd9f75283c91cc9053cccc8f74a085fac3ff9e6,yes,yes,0.9999999989999999,0,2
supply_chain_disclosure_best_practice_audits,majority,1,4,168,d7246cb68425a99318147f0f1fe2dcbb042807eb08603cbe9904847610a446e0,yes,yes,0.9999999989999999,0,2
supply_chain_disclosure_best_practice_audits,majority,1,1,169,f8401a13ab0b03ea07669144d0d263b35b0c21e834a4da3c577de48bdf482495,yes,yes,0.9999999989999999,0,2
supply_chain_disclosure_best_practice_audits,majority,1,1,170,a4e29359bcaec8e1536b48faecaba98004ae3f5854c7402ba7740252b24e59ec,yes,yes,0.9999999989999999,0,2
supply_chain_disclosure_best_practice_audits,majority,1,3,171,61bcec93f20473c4dd8792a0590cd52ebb4e73b93cce84104e1821b66585ae36,yes,yes,0.9999999989999999,0,2
supply_chain_disclosure_best_practice_audits,majority,1,1,172,051d82ea698c7defeb37ae5b11301eca98346930ddd52562f9aea2bbac1b413d,yes,yes,0.9999999989999999,0,2
supply_chain_disclosure_best_practice_audits,majority,1,2,173,ef497929adb29de6160875c9594ed91f6ec6548653bca2492ebcd49f7324e9b1,yes,yes,0.9999999989999999,0,2
supply_chain_disclosure_best_practice_audits,majority,1,2,174,93bb3e29ce9e7036bd4c6725e22905194dfbb28fbe4e38678c89b9588ae43da4,yes,yes,0.9999999989999999,0,2
supply_chain_disclosure_best_practice_audits,majority,1,1,175,dd5ea83860728cd69a48d8ee326e7998b3e4d597bd167390eff08fab3423660d,yes,yes,0.9999999989999999,0,2
supply_chain_disclosure_best_practice_audits,majority,1,0,176,acf95ae6504008b3675b5a6e1d34dcf3e2ae5a31a2c52ab178689b08b1e52318,yes,yes,0.9999999989999999,0,2
supply_chain_disclosure_best_practice_audits,majority,1,4,177,feb00174787409b226e12959e1eec4d9c76105dcc553753d24bfa85b06fa13a8,yes,yes,0.9999999989999999,0,2
supply_chain_disclosure_best_practice_audits,majority,1,4,178,4e157c907f1a39c4736c42962bdcd0647aba4fc2d56996b1a7d865e6fed2b387,yes,yes,0.9999999989999999,0,2
supply_chain_disclosure_best_practice_audits,majority,1,2,179,b01aaacbff761f1d09ba1fd4477b90c6e5723fbf33f70d4a6c4092180818be85,yes,yes,0.9999999989999999,0,2
supply_chain_disclosure_best_practice_audits,majority,1,2,180,21caaa5906e5a0b027392e17755bdb5e69f2fbeeab9457431ce75f2563ed54f7,yes,yes,0.9999999989999999,0,2
supply_chain_disclosure_best_practice_audits,majority,1,2,181,596504be5142fc5222baf19af3a06f62e1c31bdf6053136081a7aa8300a515c0,yes,yes,0.9999999989999999,0,2
supply_chain_disclosure_best_practice_audits,majority,1,3,182,b0825404cd40d6659e58b65251fa3700b8ca36acce0c7e74e5ec60d73f009c2b,yes,yes,0.9999999989999999,0,2
supply_chain_disclosure_best_practice_audits,majority,1,3,183,2c330a1ba17f5fd6fcbe0c35d683859c0e61aae4aad2422c88ecae48ec2fb137,yes,yes,0.9999999989999999,0,2
supply_chain_disclosure_best_practice_audits,majority,1,1,184,1531fdb46dfdd8cefa201ef9546bdc219dc7ec61de3612565a5a597833bca11c,yes,yes,0.9999999989999999,0,2
supply_chain_disclosure_best_practice_audits,majority,1,1,185,ed5516e94ba0f9873e91a7c51a694a4b275288be9b383d487d2c473eec82d333,yes,yes,0.9999999989999999,0,2
supply_chain_disclosure_best_practice_audits,majority,1,3,186,d03e6766a02ffc8423ba39940ce8a69fd03ea5e93edfb327af258dabd75c9e5e,yes,yes,0.9999999989999999,0,2
supply_chain_disclosure_best_practice_audits,majority,1,3,187,8a81109a73b838cbc58d4bf69f51eb6f1dee99da7818cde561d4cc9350058f7c,yes,yes,0.9999999989999999,0,2
supply_chain_disclosure_best_practice_audits,majority,1,0,188,ad8df74a5604a274f191b30942519d471ef007f2cb2afc12ca66cd73490f140b,yes,yes,0.9999999989999999,0,2
supply_chain_disclosure_best_practice_audits,majority,1,1,189,3236cea34e746c2854726aafd2b42f4c763e91efd983f92bd5d46b37934ce701,yes,yes,0.9999999989999999,0,2
supply_chain_disclosure_best_practice_audits,majority,1,3,190,244d7fc55eab9fe22ac8639ef434c9d3948c9bedb7453b1980ec8f1229bb2c68,yes,yes,0.9999999989999999,0,2
supply_chain_disclosure_best_practice_audits,majority,1,4,191,5b777db784a0ad2ff2f63cd6ac341cec919f6db8e66c1a7c8afcca4bda0856f1,yes,yes,0.9999999989999999,0,2
supply_chain_disclosure_best_practice_audits,majority,1,4,192,a536c2e629791ea99d535deb51d04d6950ca7e778e2b8fabd5107530ecf3b63d,yes,yes,0.9999999989999999,0,2
supply_chain_disclosure_best_practice_audits,majority,1,2,193,c1782493d0a641f2d98c277b11023e4adb7fa2fc203ee4dac76fa3dd572915e8,yes,yes,0.9999999989999999,0,2
supply_chain_disclosure_best_practice_audits,majority,1,4,194,c7792639dfd396f47fe6f339c6da513ede7315959767ab9dafb88309769dbab6,yes,yes,0.9999999989999999,0,2
supply_chain_disclosure_best_practice_audits,majority,1,3,195,ae215269eaa9afcae52c3c7fad43d01a78c9e122205651439d9bf2e5671676af,yes,yes,0.9999999989999999,0,2
supply_chain_disclosure_best_practice_audits,majority,1,0,196,30079533bf5c7357cd70f9cf1cbc13700f5c3e515d3c5ebbe55c0943cb3cd3d3,yes,yes,0.9999999989999999,0,2
supply_chain_disclosure_best_practice_audits,majority,1,3,197,ef8843ad04ca905381cc9dc85e84a4c4e9c5a2861f05e5fce9fa5066e7f7876d,yes,yes,0.9999999989999999,0,2
supply_chain_disclosure_best_practice_audits,majority,1,4,198,7c18061590aa800422b5635e324664e2dc3382d93bdd896d73512fd499719d54,yes,yes,0.9999999989999999,0,2
supply_chain_disclosure_best_practice_audits,majority,1,0,199,56c25d4eb4588f13327a6b3f6d1bf423858c24d3e72ca640819f1aff6fffb588,yes,yes,0.9999999989999999,0,2
supply_chain_disclosure_best_practice_audits,majority,1,0,200,37fb8de488cb40c4b049e28e90cefa770eb07d1059f2e68c706d35d39deaf7a6,yes,yes,0.9999999989999999,0,2
supply_chain_disclosure_best_practice_audits,majority,1,4,201,d6943bae94c68dbe413f37141c963ec0da0f265c3d6cd601971199d07c838bcf,yes,yes,0.9999999989999999,0,2
supply_chain_disclosure_best_practice_audits,majority,1,1,202,738411246babffb6b853c81c2ab34295e5db281b7e730293ed8d1ad31e1d30cb,yes,yes,0.9999999989999999,0,2
supply_chain_disclosure_best_practice_audits,majority,1,1,203,4d4c98bf199646728c2a7b80140d0f8bfa90311619ddd101e7e81d8da51eba3f,yes,yes,0.9999999989999999,0,2
supply_chain_disclosure_best_practice_audits,majority,1,2,204,3887f474ec6dfe32935833b72b870ee0ee25207e9c2d7cad91f1d4792356e278,yes,yes,0.9999999989999999,0,2
supply_chain_disclosure_best_practice_audits,majority,1,3,205,5183361573f996b8425904aba330bdb33a14f3a40e5a13d71f8a4dfa32ee601c,yes,yes,0.9999999989999999,0,2
supply_chain_disclosure_best_practice_audits,majority,1,4,206,b7fef818a202c62579781f6a16fdc3fbe95b7014de4c7fc7c0bfd72085b49111,yes,yes,0.9999999989999999,0,2
supply_chain_disclosure_best_practice_audits,majority,1,0,207,7f71163235d108c9e78fa664d5bef08dabfa91cfbbdcd9f3d08391db22af380a,yes,yes,0.9999999989999999,0,2
supply_chain_disclosure_best_practice_audits,majority,1,2,208,5695147a701cc755d386897ef3916ae914a81943569ef4fe344ca24a43d906ee,yes,yes,0.9999999989999999,0,2
supply_chain_disclosure_best_practice_audits,majority,1,4,209,b18c36bddd3d7b476ce5b9e82b759a1230ce387c9ef91dd060c50f7a7fb551f5,yes,yes,0.9999999989999999,0,2
supply_chain_disclosure_best_practice_audits,majority,1,0,210,0a76fce024d1ded8f815f5aeddfd0f478fe16661931e2f3658f76bca65572613,yes,yes,0.9999999989999999,0,2
supply_chain_disclosure_best_practice_audits,majority,1,4,211,b5f480ca28f49024bd818f6af65275cc36a6022530a28fa2648ddb7da3f86839,yes,yes,0.9999999989999999,0,2
supply_chain_disclosure_best_practice_audits,majority,1,4,212,255fd01e686472de43e42c9c117018713274490a02b2df34c1bc9ea698083b88,yes,yes,0.9999999989999999,0,2
supply_chain_disclosure_best_practice_audits,majority,1,0,213,c1b7a9f6e0096a280a7cff21a3d2d2a788fda487fb4778bff25572d53d220dd8,yes,yes,0.9999999989999999,0,2
supply_chain_disclosure_best_practice_audits,majority,1,2,214,8e4caa63c82cc004c6a03ff6278f68d26b0d6195e385e25392f38000f093728e,yes,yes,0.9999999989999999,0,2
supply_chain_disclosure_best_practice_audits,majority,1,1,215,5246f2f270d78e6a7ee150dfeb414ed591d6d868246b224415d78f8dcb33c791,yes,yes,0.9999999989999999,0,2
supply_chain_disclosure_best_practice_audits,majority,1,4,216,dc87f2b33f12048f543e0a8cc1526f23fe4e72f15a6f2f1decf2a602f0eadf1b,yes,yes,0.9999999989999999,0,2
supply_chain_disclosure_best_practice_audits,majority,1,0,217,3045163bc73fcda0d5d8a7800ea68f83f22b0d7e71099dbf8bf7030daca5c21a,yes,yes,0.9999999989999999,0,2
supply_chain_disclosure_best_practice_audits,majority,1,0,218,4c7d5ee51cc7b5700e6104e6c501ce5b41ed859fcf48fdb1057af364fba88a8e,yes,yes,0.9999999989999999,0,2
supply_chain_disclosure_best_practice_audits,majority,1,3,219,bd4c1f1cf2fc2181caa3f8384bb1b4d9195039f6a32c4609aa60fff706567b74,yes,yes,0.9999999989999999,0,2
supply_chain_disclosure_best_practice_audits,majority,1,1,220,77ad10e7c8d412c275543817ff3fbae1b314666dc24e6b51452fee9982cb31ec,yes,yes,0.9999999989999999,0,2
supply_chain_disclosure_best_practice_audits,majority,1,2,221,be62d87c4255e3586bdf7df9901d04563f034fa4e1c974936be58d86bae1221c,yes,yes,0.9999999989999999,0,2
supply_chain_disclosure_best_practice_audits,majority,1,0,222,c28332da856f34b6a44fb9b64740e960ec60cbce5cfb5a4d5a7697e4796c9b42,yes,yes,0.9999999989999999,0,2
supply_chain_disclosure_best_practice_audits,majority,1,2,223,f5a6277f734ce623abb70561bc333f40c516432889b7170fe537795f0b0d1dfe,yes,yes,0.9999999989999999,0,2
supply_chain_disclosure_best_practice_audits,majority,1,0,224,c40939ccc68ff214deef38f965d504bec913cb7a2f3c74d2ece1a45866e275d9,yes,yes,0.9999999989999999,0,2
supply_chain_disclosure_best_practice_audits,majority,1,1,225,829a910f071a32bcafaaa8663dbdf625ce4b5548e0b6c349d0dc9ac3703a1122,yes,yes,0.9999999989999999,0,2
supply_chain_disclosure_best_practice_audits,majority,1,0,226,f1638844a53628837ad5d89cfcdeecc0f5bb34cfc57eb62570e26ff4a1cf62da,yes,yes,0.9999999989999999,0,2
supply_chain_disclosure_best_practice_audits,majority,1,3,227,902f081f4eba26153cd2c7c4a497205b912767790306d278827259370ff02e5a,yes,yes,0.9999999989999999,0,2
supply_chain_disclosure_best_practice_audits,majority,1,4,228,ca1da196f15bf1f779e22e5e1a695d8b7a71804e15e2d5e7feff77800f931548,yes,yes,0.9999999989999999,0,2
supply_chain_disclosure_best_practice_audits,majority,1,1,229,5f6bc442d00e4fa861670fafbb8a27c94547c1508938c9d29e3d899bfc2ba60c,yes,yes,0.9999999989999999,0,2
supply_chain_disclosure_best_practice_audits,majority,1,0,230,f2c4a70d75d38bdb8ddcf24ce6b3bbc1270aa929b58238973c10a2f20dcf0d75,yes,yes,0.9999999989999999,0,2
supply_chain_disclosure_best_practice_audits,majority,1,0,231,8bf9eb09cc0e8fd59010ab76b7c69b9e1e43c539995dc000c6861a83b2d81707,yes,yes,0.9999999989999999,0,2
supply_chain_disclosure_best_practice_audits,majority,1,4,232,f7cf08b6965795f5c7d3d054023aac6ccdeabdb48f991c84e2931966f6ad041d,yes,yes,0.9999999989999999,0,2
supply_chain_disclosure_best_practice_audits,majority,1,1,233,1c7fa227e0dc0b3f0683ec2411f95409c3417c9b96f8516a9f76bb71971c3978,yes,yes,0.9999999989999999,0,2
supply_chain_disclosure_best_practice_audits,majority,1,0,234,5f24817add32407e6acc884463b789a68919be44f960ad31c19f73970ec67edd,yes,yes,0.9999999989999999,0,2
supply_chain_disclosure_best_practice_audits,majority,1,1,235,f3669d8939961578a7f23f5801a8f8915334ee6e2197feeaffc15c7042fe0c20,yes,yes,0.9999999989999999,0,2
supply_chain_disclosure_best_practice_audits,majority,1,2,236,06c17d0d305d5233112fb0bca036055b06f839ff3e6eef40071ed1a3802d4a7e,yes,yes,0.9999999989999999,0,2
supply_chain_disclosure_best_practice_audits,majority,1,2,237,f3e83ec97ee5386134f54fd9a9f7c19f68cc121dc9f6f5ba2618dfcd1c4b3b66,yes,yes,0.9999999989999999,0,2
supply_chain_disclosure_best_practice_audits,majority,1,1,238,f894ff8baed215fe478a03c4f70e0ae70f1dee90d635e8bf521bcf7c2c5d5d8c,yes,yes,0.9999999989999999,0,2
supply_chain_disclosure_best_practice_audits,majority,1,1,239,0959b643a8baf490de768c9a042a1cff4f7ba07e8c3a35f1d3c88073b5c659bb,yes,yes,0.9999999989999999,0,2
supply_chain_disclosure_best_practice_audits,majority,1,3,240,c603ec107332b17d63d9c056e5827a42faf80cee9ecf616f78b74d7b26aca002,yes,yes,0.9999999989999999,0,2
supply_chain_disclosure_best_practice_audits,majority,1,2,241,cff6dc284e486a2f018540356c568bd866b086fd09ab993a34321b8282b62dff,yes,yes,0.9999999989999999,0,2
supply_chain_disclosure_best_practice_audits,majority,1,0,242,f1ffa5b7ab4faafc9099101fbcac382df8a721f39c48a1fb4eff0f8263e12ddd,yes,yes,0.9999999989999999,0,2
supply_chain_disclosure_best_practice_audits,majority,1,1,243,7358882b282e44427d46aa23e131b40ce9cb810d4046b9b5b1b29019a7bafd97,yes,yes,0.9999999989999999,0,2
supply_chain_disclosure_best_practice_audits,majority,1,2,244,39716913d74b739a4abccba43e643a747078c53268d60308a0981129848fe379,yes,yes,0.9999999989999999,0,2
supply_chain_disclosure_best_practice_audits,majority,1,3,245,aacaba1b480efdbb8a8d7f064c31e6c8bb5d15a859dde769c4e38d8f39544726,yes,yes,0.9999999989999999,0,2
supply_chain_disclosure_best_practice_audits,majority,1,3,246,625e4fb7cc51b77995b363889fc63bbadb80c2bc91fb2880c1018ab4741d3b7c,yes,yes,0.9999999989999999,0,2
supply_chain_disclosure_best_practice_audits,majority,1,2,247,cadb995cb17c99a0479f83cf2c9ef1624ee2362bfba9690abd6fcc060800c76a,yes,yes,0.9999999989999999,0,2
supply_chain_disclosure_best_practice_audits,majority,1,3,248,ab606b741090016f818eb0cb7e260b416330418b8003a89245993e73bf8630d0,yes,yes,0.9999999989999999,0,2
supply_chain_disclosure_best_practice_audits,majority,1,2,249,cc0bd56a8fa41797d21f3f767f99f08c0d47e85478b58e4221224373d2c04763,yes,yes,0.9999999989999999,0,2
supply_chain_disclosure_best_practice_audits,majority,1,2,250,1294ab0087ad5087a538686b745d3e7db23d18cc7f4f6f530cc80e2ac5f4db00,yes,yes,0.9999999989999999,0,2
supply_chain_disclosure_best_practice_audits,majority,1,4,251,94afabafc1a2e279104f1d46c17a267d3986bec668852ff48007a09bf59540ad,yes,yes,0.9999999989999999,0,2
supply_chain_disclosure_best_practice_audits,majority,1,2,252,6132d8d18112fa7d61ba37ff4d62b1c1c54f81b63eb04af24889c178eac1b7f5,yes,yes,0.9999999989999999,0,2
supply_chain_disclosure_best_practice_audits,majority,1,4,253,8c27ca919f3a1c88913da54bb4a77bba34322faffaf8e221698a9d377dbe8c52,yes,yes,0.9999999989999999,0,2
supply_chain_disclosure_best_practice_audits,majority,1,1,254,13a1d68844cb18a366fbe726bce7132ea31a4fbed461a3d8e40fe9c27604ab0c,yes,yes,0.9999999989999999,0,2
supply_chain_disclosure_best_practice_audits,majority,1,3,255,96815958503862c65f14b779ce716b39e74afb0aac85ec7b03e85152838e44b0,yes,yes,0.9999999989999999,0,2
supply_chain_disclosure_best_practice_audits,majority,1,3,256,73eed2cd61ac0ea6ae32683a83e2b0e5738d28779452c6ed7cb6f7eadd0e2261,yes,yes,0.9999999989999999,0,2
supply_chain_disclosure_best_practice_audits,majority,1,1,257,373083f104edd5a192773c0a179c9788a933c15a1571ba09d81e8033116bf6c4,yes,yes,0.9999999989999999,0,2
supply_chain_disclosure_best_practice_audits,majority,1,0,258,eade8098bb75f44ddc8f9427c116b373a4abfcf40e4dcf8e2774b900155008a0,yes,yes,0.9999999989999999,0,2
supply_chain_disclosure_best_practice_audits,majority,1,4,259,013f12d740fc3d68af91928317abf93d62dd424d19d1137d161e2693551f67e3,yes,yes,0.9999999989999999,0,2
supply_chain_disclosure_best_practice_audits,majority,1,2,260,bf3486f95c637ed4c0f6e7987cd08241cbaa680a7e6a37850cb43d0042e06cad,no,yes,0.9999999989999999,0,2
supply_chain_disclosure_best_practice_audits,majority,1,2,261,17b7c487cc98c7e8e49c1c50b503ac7d38f2734055411ae4ae7b698cb622add3,no,yes,0.9999999989999999,0,2
supply_chain_disclosure_best_practice_audits,majority,1,1,262,8af0b9f5fd790626bb4db3c123e1eb46e4ce609c0a22a6c74820808d33d2e351,no,yes,0.9999999989999999,0,2
supply_chain_disclosure_best_practice_audits,majority,1,4,263,4711f4cfb8352d9bee2590efd786b65a53292b22ea7e088a282787c6669af84d,no,yes,0.9999999989999999,0,2
supply_chain_disclosure_best_practice_audits,majority,1,1,264,6280d5d3a4a66af42f0a860a6e1bef945aaac4cd6695915cab72224d2110b691,no,yes,0.9999999989999999,0,2
supply_chain_disclosure_best_practice_audits,majority,1,1,265,168f343929f3968913069fd4fe3ea2090bcc1a567ad31fa5d6834c9d9d8ee1d5,no,yes,0.9999999989999999,0,2
supply_chain_disclosure_best_practice_audits,majority,1,3,266,71386be1f3486406f1a3cf5dfee5e266834f063cbf2bfb914213afe0d7458bb1,no,yes,0.9999999989999999,0,2
supply_chain_disclosure_best_practice_audits,majority,1,2,267,00768c68746cc07a0855f2e858ea0b79d89c52616ea96f63e3b7d7113ad78409,no,yes,0.9999999989999999,0,2
supply_chain_disclosure_best_practice_audits,majority,1,4,268,73be09f2cbe8d3723f914f0901b9b1199c1c4b1c8cf68937bada35a3da53af17,no,yes,0.9999999989999999,0,2
supply_chain_disclosure_best_practice_audits,majority,1,4,269,96700d3c63698f7fc8d4ea778f120a3d46929a5734a3c86cfa59d7a160ef608e,no,yes,0.9999999989999999,0,2
supply_chain_disclosure_best_practice_audits,majority,1,2,270,b11583189d07bb6c3452ea92f85ffc89db81f8f0bb7f000a3d4b4d62e7eec5c0,no,yes,0.9999999989999999,0,2
supply_chain_disclosure_best_practice_audits,majority,1,4,271,2c33b85eaa7cbe07fb355c5e6f1156c2063261897778d650af9ba90bc60754c2,no,yes,0.9999999989999999,0,2
supply_chain_disclosure_best_practice_audits,majority,1,2,272,203ed0f85c23f811b2013c75119ab4107bb94611678786bf334e168d337dfd91,no,yes,0.9999999989999999,0,2
supply_chain_disclosure_best_practice_audits,majority,1,0,273,29f5a73f0eb2112c2e8648ba539c6e8540af14f4e9972e5f4dc3409460c124a7,no,yes,0.9999999989999999,0,2
supply_chain_disclosure_best_practice_audits,majority,1,4,274,529fbe231a56762bee94fca3a926dfbe380e1a1a4899d3eee0104c0f6d69fd90,no,yes,0.9999999989999999,0,2
supply_chain_disclosure_best_practice_audits,majority,1,2,275,c4a4dd3902ba1e7f9bd8aec6700ede838bef8b038357041988488f41c58fd818,no,yes,0.9999999989999999,0,2
supply_chain_disclosure_best_practice_audits,majority,1,4,276,072d2e8050c2b36c8c5ff2c7aff95b88f8fd6cccc76368e10be132a17e092b7d,no,yes,0.9999999989999999,0,2
supply_chain_disclosure_best_practice_audits,majority,1,0,277,a86f11debb6ead7654a11b993c384f748c0211f80d9cf6ec15379718865bb14b,no,yes,0.9999999989999999,0,2
supply_chain_disclosure_best_practice_audits,majority,1,2,278,dec95cde6289a27cf2fa4c129a8fe002cd9efe24fe0c76194cd80b81d4d25646,no,yes,0.9999999989999999,0,2
supply_chain_disclosure_best_practice_audits,majority,1,3,279,278a88f973ea6da6e167d46d0b191eee85edd560cf58a096d19bf9f0385f078f,no,yes,0.9999999989999999,0,2
supply_chain_disclosure_best_practice_audits,majority,1,2,280,9f9d1126a707de4b474cf7e0fc08299ad856bdb4a0bfe68914a374466df2ba79,no,yes,0.9999999989999999,0,2
supply_chain_disclosure_best_practice_audits,majority,1,4,281,49e44d01a8d96ebc8362b1012e8fe169fc8ba19015002d2415f18d38e34e543f,no,yes,0.9999999989999999,0,2
supply_chain_disclosure_best_practice_audits,majority,1,0,282,7aff74a42e71a0efa775083fed4b831acd81e1c7a72ea3ab95fa0010cbd1b047,no,yes,0.9999999989999999,0,2
supply_chain_disclosure_best_practice_audits,majority,1,1,283,c0e1213a6c7f271618273d37e7c4d80e49f79f3cb5a1276394122a181df3af93,no,yes,0.9999999989999999,0,2
supply_chain_disclosure_best_practice_audits,majority,1,0,284,162326a6ce5c56ccf790f70cb837962b40b3bc3287e736e1be05be79c4e6bce9,no,yes,0.9999999989999999,0,2
supply_chain_disclosure_best_practice_audits,majority,1,0,285,446398bfee4175c67b2956599c14af90b0edd482e1dce8163481a203948007dd,no,yes,0.9999999989999999,0,2
supply_chain_disclosure_best_practice_audits,majority,1,1,286,ba33f9b515db096d9ae8836a3b69ce9148b85a2f3bd641c7a5fcba3f6b073736,no,yes,0.9999999989999999,0,2
supply_chain_disclosure_best_practice_audits,majority,1,4,287,0b218c20d44772c56168aad84ee04aa59a41e91c16b8af3ec7318f2db50abac9,no,yes,0.9999999989999999,0,2
supply_chain_disclosure_best_practice_audits,majority,1,4,288,a6098775d1f58c7495bade73c71a163bda773200d559daf386859c20452c9497,no,yes,0.9999999989999999,0,2
supply_chain_disclosure_best_practice_audits,majority,1,0,289,0bb83f5175555cfaa916ed3929534af9f11e955ce4ff57612f69713e94993937,no,yes,0.9999999989999999,0,2
supply_chain_disclosure_best_practice_audits,majority,1,0,290,389a4e760129e6e54975f074004e2fec1753d42f1e48343f1b10d47d6fcac37e,no,yes,0.9999999989999999,0,2
supply_chain_disclosure_best_practice_audits,majority,1,1,291,d57214d0e9a179e422fbe3b51666f953ceda30db4a7ce444e66f35c2904d4c84,no,yes,0.9999999989999999,0,2
supply_chain_disclosure_best_practice_audits,majority,1,1,292,4f3067260931b33e6f0dcd9414705fb435db8f6aac3bf072fcf443d96f77932c,no,yes,0.9999999989999999,0,2
supply_chain_disclosure_best_practice_audits,majority,1,3,293,143076a0b6c3b4b2c37750896a92e809870b097c81c38be1d50dce2c008d9eb2,no,yes,0.9999999989999999,0,2
supply_chain_disclosure_best_practice_audits,majority,1,1,294,3bce2b75988d047a0d7a0deea7d519effb6c58310ec68cc20fa6cce9c3b54f1b,no,yes,0.9999999989999999,0,2
supply_chain_disclosure_best_practice_audits,majority,1,4,295,5ba25ab1ef701ffb4ef46c65dacf4c7fff4bf56cb6c3b355c39768b828753eb2,no,yes,0.9999999989999999,0,2
supply_chain_disclosure_best_practice_audits,majority,1,1,296,c09af0b827ba4837bfe03f4efcc035c576b40c281b86c6d5cf4d9a9452124fe4,no,yes,0.9999999989999999,0,2
supply_chain_disclosure_best_practice_audits,majority,1,3,297,d318eaf94df22e65541a2d801bf35239ef508dd99ccf9a378d2f01328b1b29f8,no,yes,0.9999999989999999,0,2
supply_chain_disclosure_best_practice_audits,majority,1,2,298,b215c45d50089d0cd1585a907239c94da9543ad54bd7a50f9cf22478364ff754,no,yes,0.9999999989999999,0,2
supply_chain_disclosure_best_practice_audits,majority,1,3,299,9d071de4e714afecba60136fc13d2fd5d799fa73ec323fa5b32f33261331fc95,no,yes,0.9999999989999999,0,2
supply_chain_disclosure_best_practice_audits,majority,1,0,300,b48a0124d9c28eba8793c0639caa52128545630d8a846c28ab4f01eb7cde60e0,no,yes,0.9999999989999999,0,2
supply_chain_disclosure_best_practice_audits,majority,1,4,301,f604a8e5fc84e2cb8f3210b72d51555bfad329c64660c42250ca1403fec24f72,no,yes,0.9999999989999999,0,2
supply_chain_disclosure_best_practice_audits,majority,1,0,302,dfd391e41957d1ac236feb8094f25b8ef1bb5bb23df2361d1e0b96cdcf4d8334,no,yes,0.9999999989999999,0,2
supply_chain_disclosure_best_practice_audits,majority,1,1,303,da6cb12627d752d97c8b74cd52766dd24bf238718d113b3b633ccfb1b8a34605,no,yes,0.9999999989999999,0,2
supply_chain_disclosure_best_practice_audits,majority,1,0,304,968b24534319b3352bfda7565390677a43bff36eba314281473cc77c382f7459,no,yes,0.9999999989999999,0,2
supply_chain_disclosure_best_practice_audits,majority,1,1,305,4441c0b5b2cc678233438e17f40bbaa0525429c3e46d1ba3068a07a61b93ac90,no,yes,0.9999999989999999,0,2
supply_chain_disclosure_best_practice_audits,majority,1,4,306,e7be9434bab5ee26ff724ad366dd76a6eb91f1c4d40da2a6a8cacdadec1b2cef,no,yes,0.9999999989999999,0,2
supply_chain_disclosure_best_practice_audits,majority,1,3,307,f4f4adbea45122fdb1d3bbd6cd8cdeb27833cdb5d576db84c1eda5e29dcaee5f,no,yes,0.9999999989999999,0,2
supply_chain_disclosure_best_practice_audits,majority,1,4,308,23cc46b8e873878abcf6bddaef16294515cd6ff0c31f4b9c469cf5d98cd31970,no,yes,0.9999999989999999,0,2
supply_chain_disclosure_best_practice_audits,majority,1,0,309,4812c78abc5dfdced8315b1ba8d4b75c05311b916aa75c4d90debdfc6f969f74,no,yes,0.9999999989999999,0,2
supply_chain_disclosure_best_practice_audits,majority,1,3,310,83f36822a559802b4975bbd8ddaa42349b8ee30eaf1e14b895b064dc2d783343,no,yes,0.9999999989999999,0,2
supply_chain_disclosure_best_practice_audits,majority,1,3,311,6bd5e103d0200987b6d5a975589d665847c4a5cb70be72a8ec7b797be539ca1b,no,yes,0.9999999989999999,0,2
supply_chain_disclosure_best_practice_audits,majority,1,0,312,396db51b94e5987c9f4291a20606d3214010cae759f026fc485bfdccb44d32fa,no,yes,0.9999999989999999,0,2
supply_chain_disclosure_best_practice_audits,majority,1,1,313,32aac534cc8c69b44cffb558d1687dde646c903551f4716d35f361ff9dfef7bc,no,yes,0.9999999989999999,0,2
supply_chain_disclosure_best_practice_audits,majority,1,0,314,cbd37b5b1d68d6e3051fe7d37866a22b605c82f43a4558b539cc921a761165da,no,yes,0.9999999989999999,0,2
supply_chain_disclosure_best_practice_audits,majority,1,0,315,93385e4040b8a9e2244312c589f32c019276499f4d77dc979a43a063da101d79,no,yes,0.9999999989999999,0,2
supply_chain_disclosure_best_practice_audits,majority,1,3,316,fd5ab74802751c150fc6ffc9f5fc04a7520d18f5e369c5198e123110ae82e19b,no,yes,0.9999999989999999,0,2
supply_chain_disclosure_best_practice_audits,majority,1,1,317,c39413cbf6175d72ce6425d54415f612eb915e3a715f188af606596ffd3c5c5a,no,yes,0.9999999989999999,0,2
supply_chain_disclosure_best_practice_audits,majority,1,4,318,d13bde6dbbb3e00674ae5199051fa37761040e06ca97d1fcddd06d1ca5a95012,no,yes,0.9999999989999999,0,2
supply_chain_disclosure_best_practice_audits,majority,1,3,319,a70cae38bc14a6f8f9ff25c6f6fc01da33d93a293a9faa412ec7fd88b01dab57,no,yes,0.9999999989999999,0,2
supply_chain_disclosure_best_practice_audits,majority,1,1,320,3d8984baef0ba18103046a21a24eaa95a7315dac31f46efd9d70b2de535cb462,no,yes,0.9999999989999999,0,2
supply_chain_disclosure_best_practice_audits,majority,1,1,321,27802664c2d01aa9a779698077273b0dfbb4e4c37c59ec27a359740e25c22b42,no,yes,0.9999999989999999,0,2
supply_chain_disclosure_best_practice_audits,majority,1,3,322,c8ba7ee2aff1efe743ffdd333d82a22572e92a917542d07d056d220a47de9d41,no,yes,0.9999999989999999,0,2
supply_chain_disclosure_best_practice_audits,majority,1,3,323,3197363915acc24a03e50b624d5514a7aae17a858feaebce00133fca51c8ab4e,no,yes,0.9999999989999999,0,2
supply_chain_disclosure_best_practice_audits,majority,1,4,324,0befd85c57d5cc436139e85b69ed400d5bef008c4e62d3c2edc68db2816c720d,no,yes,0.9999999989999999,0,2
supply_chain_disclosure_best_practice_audits,majority,1,4,325,511c8ce5808e6bd8d67a22f804e04fe11901c30d1c6316a4cf9d7ecf7650b4e7,no,yes,0.9999999989999999,0,2
supply_chain_disclosure_best_practice_audits,majority,1,2,326,c27e6fadd2b0b3eb12322506eb24c1c751d3d78f654dde666d6ae98bea4843d6,no,yes,0.9999999989999999,0,2
supply_chain_disclosure_best_practice_audits,majority,1,2,327,31bd0760ea5f242b9f1c3214f1def028d570d735060898e3dfe0692b784765c6,no,yes,0.9999999989999999,0,2
supply_chain_disclosure_best_practice_audits,majority,1,4,328,0605d4ef497301876468cc2abc3991419cb67ab9f6f44508b0849ad5cf2bc53a,no,yes,0.9999999989999999,0,2
supply_chain_disclosure_best_practice_audits,majority,1,3,329,61fdcfca449fbfdb032d1d9c17f754d30f1640a83287a1b9920ca671c0bc204f,no,yes,0.9999999989999999,0,2
supply_chain_disclosure_best_practice_audits,majority,1,2,330,cde51c4232abd6a3d2b26f8ef8d8222f4018c74db11f9042f8d1f02d7b38d0ee,no,yes,0.9999999989999999,0,2
supply_chain_disclosure_best_practice_audits,majority,1,2,331,319f9e927445f3d22c3c88b50343f05c4b5e9652ee4c548d6428c7fbfa6ddb18,no,yes,0.9999999989999999,0,2
supply_chain_disclosure_best_practice_audits,majority,1,1,332,189c16c1e54172f9e82ad90fdfd5e678727d91bda7c553e141882e572dd268de,no,yes,0.9999999989999999,0,2
supply_chain_disclosure_best_practice_audits,majority,1,1,333,50bc448a6e56c7b8a2cc2d46b2f97fd9cb0e9d4e8d9c08464f7f83ce1087ca64,no,yes,0.9999999989999999,0,2
supply_chain_disclosure_best_practice_audits,majority,1,0,334,1d40ab814671064c78b4e4b52104b7c67dd683a3660819cf3f84d9f8fb431067,no,yes,0.9999999989999999,0,2
supply_chain_disclosure_best_practice_audits,majority,1,1,335,616072472d0a990fbc711a6602843e35e185e74e6783dad5587dc1a74f7564b5,no,yes,0.9999999989999999,0,2
supply_chain_disclosure_best_practice_audits,majority,1,3,336,4b44ec066ecab4f9d6bf9bd182434dd023a65373af82a4b71049e0e039377bb5,no,yes,0.9999999989999999,0,2
supply_chain_disclosure_best_practice_audits,majority,1,0,337,f75e522355c0c0d4675648d8939f58f0ec9be70cb95841db451b5e375c1a89e0,no,yes,0.9999999989999999,0,2
supply_chain_disclosure_best_practice_audits,majority,1,1,338,fa6b3e76ad96618009ffc2f157f3ca4d543344f3dc774b60cb2107497173bbb2,no,yes,0.9999999989999999,0,2
supply_chain_disclosure_best_practice_audits,majority,1,3,339,4a0ff924d0af0c575b3be2e72b34334f61fac916dfdeef18d4d8b2786d5a055c,no,yes,0.9999999989999999,0,2
supply_chain_disclosure_best_practice_audits,majority,1,4,340,a2c3a52ee094219ed5814abd08612de2476dc3c07d49af67be0302a80c6214d6,no,yes,0.9999999989999999,0,2
supply_chain_disclosure_best_practice_audits,majority,1,4,341,95fc1e387da1c2ef3c88f6b5a13bd043d0bcb9d99736badacc5810f4e69f6ead,no,yes,0.9999999989999999,0,2
supply_chain_disclosure_best_practice_audits,majority,1,4,342,890c6a25c312a4255ede6c1b5569bef48435d8858fb1ad26a3a541896113f791,no,yes,0.9999999989999999,0,2
supply_chain_disclosure_best_practice_audits,majority,1,0,343,1d04a8b5ec608d80d692c827ee93b276d14a3b5ce3ce5e5d38c1f64046ca2164,no,yes,0.9999999989999999,0,2
supply_chain_disclosure_best_practice_audits,majority,1,3,344,5b2dad8f75d721ee621a1a59f7a9a94122fc51b61d681720d8f6feb20955f873,no,yes,0.9999999989999999,0,2
supply_chain_disclosure_best_practice_audits,majority,1,0,345,4742b083f9d4160e57ed034142afeb23e254b242fcf6a61c5610897189c37d0d,no,yes,0.9999999989999999,0,2
supply_chain_disclosure_best_practice_audits,majority,1,0,346,b33ee53ceb9352753d8eed3360ba28d8c47838544e26df87b06b0629f85abbc7,no,yes,0.9999999989999999,0,2
supply_chain_disclosure_best_practice_audits,majority,1,3,347,a691807189c6dff4664d336078a034a8af9d49c86e0f4379c3c0d5ca80cd47a0,no,yes,0.9999999989999999,0,2
supply_chain_disclosure_best_practice_audits,majority,1,2,348,03916a7e2107458575027c95858e95e02f45009f5bcecbbba957af619f214e96,no,yes,0.9999999989999999,0,2
supply_chain_disclosure_best_practice_audits,majority,1,0,349,337eac86a7ed305d725b924b7de373c3d0504a440bba1405decf7be11c2b34a9,no,yes,0.9999999989999999,0,2
supply_chain_disclosure_best_practice_audits,majority,1,2,350,4bc5542025350d91bbe713d5ef7111c64ee186faec13989fbff30704352647b7,no,yes,0.9999999989999999,0,2
supply_chain_disclosure_best_practice_audits,majority,1,2,351,7c74070fd3590918c058469fa3c201147083b789e575edc07df20c082a180302,no,yes,0.9999999989999999,0,2
supply_chain_disclosure_best_practice_audits,majority,1,4,352,d0664eb101108ed4106770b8ccbb1a8919975cf2aad682315cd97a0b5eeb99c8,no,yes,0.9999999989999999,0,2
supply_chain_disclosure_best_practice_audits,majority,1,2,353,c60dd149ee7c246d148509fae225b586775c8507972ab1eabbf727c5f8e7c79f,no,yes,0.9999999989999999,0,2
supply_chain_disclosure_best_practice_audits,majority,1,1,354,28e5e89e983fe11d4fe513af1d2e124be02e54440e1013f26e37f42a95fae74c,no,yes,0.9999999989999999,0,2
supply_chain_disclosure_best_practice_audits,majority,1,3,355,be342d0ba3afd69f4b1ed982cddc42bdd2bc8627333f859b23a80eefae95323b,no,yes,0.9999999989999999,0,2
supply_chain_disclosure_best_practice_audits,majority,1,2,356,b1a10b2ac1ff6205d95bf78c935c9e215fb3e7febd37a5c41c5f6a90a71b8321,no,yes,0.9999999989999999,0,2
supply_chain_disclosure_best_practice_audits,majority,1,1,357,583b8ebb8255f9589f012b68d1273468b40591ee99033e845869c2c21f2aebe1,no,yes,0.9999999989999999,0,2
supply_chain_disclosure_best_practice_audits,majority,1,3,358,1893fb2f00cc58f4377a2868cc85f79105500067ec465ee406df6811a2ba6fab,no,yes,0.9999999989999999,0,2
supply_chain_disclosure_best_practice_audits,majority,1,0,359,82a8133be0fa802002cb741817aeefae6af67d1b167f8d2597832bea8b4bcae2,no,yes,0.9999999989999999,0,2
supply_chain_disclosure_best_practice_audits,majority,1,0,360,6330f93d46deabef60b77631dddbd90916bf329a1274ab475af4034e0414e801,no,yes,0.9999999989999999,0,2
supply_chain_disclosure_best_practice_audits,majority,1,0,361,a755105d219ad2c94dad6fb3e687221d0988b19734b874d618caee0c39428703,no,yes,0.9999999989999999,0,2
supply_chain_disclosure_best_practice_audits,majority,1,0,362,1ae6dcfd7fda95f910cd66b4dadbe426f4d4f3805170498ffc16446a4b816227,no,yes,0.9999999989999999,0,2
supply_chain_disclosure_best_practice_audits,majority,1,2,363,6005d637aec6968fd09b9156f9c4b42cea3ea4cf5711a412c8199a74e6b0da6d,no,yes,0.9999999989999999,0,2
supply_chain_disclosure_best_practice_audits,majority,1,3,364,e22eb40d5a0e35ac139d6625ba9fe83b5d9cc62fe73344788c6fbf34601eb66e,no,yes,0.9999999989999999,0,2
supply_chain_disclosure_best_practice_audits,majority,1,4,365,b0ca0d813fe62b540b47121478904fe14e2847113e1093363f19f3c530ffd780,no,yes,0.9999999989999999,0,2
supply_chain_disclosure_best_practice_audits,majority,1,2,366,126cf937cb1a759c366b806643329bf0d1541ae8cc5d4d3ab1291fab336e0e2f,no,yes,0.9999999989999999,0,2
supply_chain_disclosure_best_practice_audits,majority,1,2,367,b3ba7ed6334a095408711307b7b6d765a247957b2d8cf2c3fb74aab1848d4478,no,yes,0.9999999989999999,0,2
supply_chain_disclosure_best_practice_audits,majority,1,2,368,42252d18326239ebb7a4bd9a369d958b552ade3a81818a7b33b5c7a254186386,no,yes,0.9999999989999999,0,2
supply_chain_disclosure_best_practice_audits,majority,1,2,369,1d8ec0aa2dde44562bea9e56edd84aafdefd120268eb03e844526b3528ccc5fb,no,yes,0.9999999989999999,0,2
supply_chain_disclosure_best_practice_audits,majority,1,4,370,d62cebfdc280570fae7895fb04d0666af038f0325c877e2bf486cc8aab9b741f,no,yes,0.9999999989999999,0,2
supply_chain_disclosure_best_practice_audits,majority,1,3,371,18b3aa7da2676a92694698ba51e9d1406f32f4d2e6a4f456717df617b747dc27,no,yes,0.9999999989999999,0,2
supply_chain_disclosure_best_practice_audits,majority,1,1,372,d2101f76c6dfeb150215dfc3c747d278ed02b68c118346418eff466ec7e58111,no,yes,0.9999999989999999,0,2
supply_chain_disclosure_best_practice_audits,majority,1,3,373,04ab2f27eec1c522ad9e668f4c68200eeab67868264dbf343658dc8d9a1c8f45,no,yes,0.9999999989999999,0,2
supply_chain_disclosure_best_practice_audits,majority,1,2,374,98d820923bcd03faee2d85e8d8a5a6c16f2d445795a1c658130203c5766b0497,no,yes,0.9999999989999999,0,2
supply_chain_disclosure_best_practice_audits,majority,1,1,375,f712982ec8f374fc723b5aee46de82200f2a4f333ae3e6fb45e1aecd1916c30d,no,yes,0.9999999989999999,0,2
supply_chain_disclosure_best_practice_audits,majority,1,3,376,d56330358a4f915da1d08b99375ace062ef622d4a645a2c4476474c8a6303f10,no,yes,0.9999999989999999,0,2
supply_chain_disclosure_best_practice_audits,majority,1,1,377,1b424930328a00849ed3e051ff08961ed0d9abdacf308421a660728083fa9062,no,yes,0.9999999989999999,0,2
supply_chain_disclosure_best_practice_audits,majority,1,3,378,e08f36d3835ba4da0d6cb67088f631323be5705467f895cfcf7cacab604f8d65,no,yes,0.9999999989999999,0,2
supply_chain_disclosure_best_practice_audits,majority,2,0,0,9d54e6c772949bfb6b364e2d7006fb131ac4294d6529566b2d88c78014eb6a1d,yes,yes,0.9999999989999999,0,2
supply_chain_disclosure_best_practice_audits,majority,2,1,1,6bd8ec1448ec24fd291dc77052268939f67f9cfea5b76bd69388e542e0b53419,yes,yes,0.9999999989999999,0,2
supply_chain_disclosure_best_practice_audits,majority,2,2,2,cfd25f9be7d33e9e2626fa8f008705300a927fdffb8d298eb046111abadd5313,yes,yes,0.9999999989999999,0,2
supply_chain_disclosure_best_practice_audits,majority,2,2,3,2f6b42c2613958a15c6634faad8dce008342e61c935053e805fb0f1fff7e4aa5,yes,yes,0.9999999989999999,0,2
supply_chain_disclosure_best_practice_audits,majority,2,3,4,dd521a35f676e54ddd4c10353a5b613a177a8c4ab4053780ebfac40ccda839f6,yes,yes,0.9999999989999999,0,2
supply_chain_disclosure_best_practice_audits,majority,2,1,5,33e4c0559a94c7dce28fd5c76870036003e5e62eed6cf35cdc1c63a6b0a6569f,yes,yes,0.9999999989999999,0,2
supply_chain_disclosure_best_practice_audits,majority,2,2,6,fb9db00dc94a7d11b1f1dc759bdaa0ab4132a345c4f4c79fa1b99a4f3feabec7,yes,yes,0.9999999989999999,0,2
supply_chain_disclosure_best_practice_audits,majority,2,0,7,a3a6ab356fbf9711c2b5414d31490eead3dd8e73d43141d8c1c133c314b5f163,yes,yes,0.9999999989999999,0,2
supply_chain_disclosure_best_practice_audits,majority,2,1,8,7a0cea15013a413c9095a12a26a110ad23082840e0980ef5ea664df3aa587c79,yes,yes,0.9999999989999999,0,2
supply_chain_disclosure_best_practice_audits,majority,2,4,9,ded19f85f9c4d9d7f469200e17647cd8ecc12c2da48288385855657ec1b5adf5,yes,yes,0.9999999989999999,0,2
supply_chain_disclosure_best_practice_audits,majority,2,3,10,edbc6a22c498b82bac2202f1e46acbeaedfb015c0444653d0b0aeb6099e37ff7,yes,yes,0.9999999989999999,0,2
supply_chain_disclosure_best_practice_audits,majority,2,0,11,72cbb74b67a42c66920815b763cc6896803bfbe9a4dde82490f10909e1dfcbec,yes,yes,0.9999999989999999,0,2
supply_chain_disclosure_best_practice_audits,majority,2,2,12,b6f77759748e520cb2650c9d05bfabeb352e52aeb1c443de23d4c8058ffbae34,yes,yes,0.9999999989999999,0,2
supply_chain_disclosure_best_practice_audits,majority,2,1,13,dade26e8398dbb799fd50eb54dbcd3e6ab8b4c274c793f921a58a02434c8b920,yes,yes,0.9999999989999999,0,2
supply_chain_disclosure_best_practice_audits,majority,2,2,14,ca680947ea1c383262052c8e93e441eefb9f5c56853cfdc57b710b6763858524,yes,yes,0.9999999989999999,0,2
supply_chain_disclosure_best_practice_audits,majority,2,3,15,6567baee48eaca37363905900994df097ee69c55020b441e3135e706805c61aa,yes,yes,0.9999999989999999,0,2
supply_chain_disclosure_best_practice_audits,majority,2,0,16,3f83f1e16a6ae23ed6f0bb9678979f85323df70d52e5af7828b1bed5744918b1,yes,yes,0.9999999989999999,0,2
supply_chain_disclosure_best_practice_audits,majority,2,2,17,37ed9ddde655fb5e0bedd0751e547d4b678cb2a4faeb1a803f4fde03b96df247,yes,yes,0.9999999989999999,0,2
supply_chain_disclosure_best_practice_audits,majority,2,1,18,927e63eace0a5b571aaae87c06d33ec73b502b226e5e07f69211aac675c9199d,yes,yes,0.9999999989999999,0,2
supply_chain_disclosure_best_practice_audits,majority,2,3,19,67595c9be4cf851988bc1fc7cdcedef276346c043520046d91bb26c48edac6cc,yes,yes,0.9999999989999999,0,2
supply_chain_disclosure_best_practice_audits,majority,2,3,20,97859a9430e770c53776bdb64bcac6e1057b25056282b1a971f3143449b8ae52,yes,yes,0.9999999989999999,0,2
supply_chain_disclosure_best_practice_audits,majority,2,1,21,d70648593b74ef9e2bc2de57c4dd94c2323fa8cd58e0083ea94ae75980c167fd,yes,yes,0.9999999989999999,0,2
supply_chain_disclosure_best_practice_audits,majority,2,3,22,52f6bfce60e5ece10730f4e80ac4d6d0a44cf613425838d5b0805482b44527f6,yes,yes,0.9999999989999999,0,2
supply_chain_disclosure_best_practice_audits,majority,2,3,23,e50372eb04052599ab62fed9665c237fbb1fafd32f6502757f0d0bc648ee5072,yes,yes,0.9999999989999999,0,2
supply_chain_disclosure_best_practice_audits,majority,2,1,24,450bbed24b34b5272d476f23a5de997f8ff5490a0e106d7cdec0c059964c5c25,yes,yes,0.9999999989999999,0,2
supply_chain_disclosure_best_practice_audits,majority,2,2,25,f2116c063ca557116fe78a21ccd8f5607276835e91875fc11bf12932dddc984f,yes,yes,0.9999999989999999,0,2
supply_chain_disclosure_best_practice_audits,majority,2,0,26,aafd7fd03c4909c8dc45f9cb2cd65c636a86fc13ac4f6c08c449151b9a47fef7,yes,yes,0.9999999989999999,0,2
supply_chain_disclosure_best_practice_audits,majority,2,3,27,33043270153f967b1fcebdd792621661d4f1066634cad83e35b51a515630ac38,yes,yes,0.9999999989999999,0,2
supply_chain_disclosure_best_practice_audits,majority,2,4,28,43294ee8c35a7c5c0a600a0522b094cbf6660d69944080ca876844efa92382dc,yes,yes,0.9999999989999999,0,2
supply_chain_disclosure_best_practice_audits,majority,2,4,29,b68f1b883214616d4922a65d201ee2ea9db1a0122864b78ccbbf5ee46c7a8f7b,yes,yes,0.9999999989999999,0,2
supply_chain_disclosure_best_practice_audits,majority,2,2,30,7310ac62e99a4e8b1a34fce3d7086304d24c92e3534b4100b1c05e58506ac4b1,yes,yes,0.9999999989999999,0,2
supply_chain_disclosure_best_practice_audits,majority,2,2,31,b32275d570cb22080951b4812db4ef3e116eb01260737efd0035c8ac82e331f9,yes,yes,0.9999999989999999,0,2
supply_chain_disclosure_best_practice_audits,majority,2,3,32,052895a7e776122c3bd93f43e5a766518ea710c81cd2d76001ab5d8e1a8e9576,yes,yes,0.9999999989999999,0,2
supply_chain_disclosure_best_practice_audits,majority,2,4,33,92cd4852e93b427437a48160221b761b265339694e1e9e4b6fbb4078283d47dd,yes,yes,0.9999999989999999,0,2
supply_chain_disclosure_best_practice_audits,majority,2,1,34,a63bbe340e7e5559ab344685986e27ba29e7856a2bb43f559677d60bd6372b49,yes,yes,0.9999999989999999,0,2
supply_chain_disclosure_best_practice_audits,majority,2,2,35,4c66ac71222d0b9ea3d8106a65704219a05af6e124369c676e6d84e9e05eef96,yes,yes,0.9999999989999999,0,2
supply_chain_disclosure_best_practice_audits,majority,2,0,36,5a71be10ab1bfb61b9c98e5a9adce211ebf7cc64b75c2fe894b2da8f4f438624,yes,yes,0.9999999989999999,0,2
supply_chain_disclosure_best_practice_audits,majority,2,2,37,7a943e9ef37d479a877b40d230449fde8ef8985c43c5795a2b67ad1a560ec3dd,yes,yes,0.9999999989999999,0,2
supply_chain_disclosure_best_practice_audits,majority,2,2,38,eebfae389e1805a6524964b0a815e9e64c44ec4245148015e3ee4de8084556cf,yes,yes,0.9999999989999999,0,2
supply_chain_disclosure_best_practice_audits,majority,2,2,39,242ffbc9b3e5ff9fb89c658b1348a67d708b3cbbc0707ba7991cf585da68498d,yes,yes,0.9999999989999999,0,2
supply_chain_disclosure_best_practice_audits,majority,2,3,40,6d4f73e7a6d1fea0e78502ec3d78016b8d7cc091321e361a13bcbc1c64abbc92,yes,yes,0.9999999989999999,0,2
supply_chain_disclosure_best_practice_audits,majority,2,4,41,e91b405667ff2e3c59a366f14d4e69a85adf7b37adfbe5cc0d4f68d3ff850477,yes,yes,0.9999999989999999,0,2
supply_chain_disclosure_best_practice_audits,majority,2,3,42,df4b5ecfdae8b9a769a3ceef89c8f2943eff05ffdb56a25b5ff2517b2a5774ad,yes,yes,0.9999999989999999,0,2
supply_chain_disclosure_best_practice_audits,majority,2,1,43,68dff8e9beb989b03b38607e665e4d5372e148fe089e55d47bec6692aea9c76a,yes,yes,0.9999999989999999,0,2
supply_chain_disclosure_best_practice_audits,majority,2,2,44,473f02f9766d1a9408898f92db8c82504af7648bb43d66a2d58ba393ad110cea,yes,yes,0.9999999989999999,0,2
supply_chain_disclosure_best_practice_audits,majority,2,4,45,40b81122b3ce13d0b02d3855a778d59dfa74dfe699922ad1cd59e4c945a11085,yes,yes,0.9999999989999999,0,2
supply_chain_disclosure_best_practice_audits,majority,2,1,46,be386186c94960b560719aa9801a2b53b610974576c933522e3bf0b7de9f75ee,yes,yes,0.9999999989999999,0,2
supply_chain_disclosure_best_practice_audits,majority,2,0,47,54ba1171dd088353ea0094c11e682cce0bda3cce8961ca9686b40b33a7462851,yes,yes,0.9999999989999999,0,2
supply_chain_disclosure_best_practice_audits,majority,2,2,48,a5cd9829d0bb6680b12c38d718acd91f080de69f112a33da5f30ee6a651da5bd,yes,yes,0.9999999989999999,0,2
supply_chain_disclosure_best_practice_audits,majority,2,0,49,a60b58ec65949fd64e04a7930db1d4f38f18d50de6cc77f83c3a1f018bb35971,yes,yes,0.9999999989999999,0,2
supply_chain_disclosure_best_practice_audits,majority,2,1,50,258ee064efae6bfc773d9e688e0e04507092de9bb4d6c023bdd08088ce9b7d0a,yes,yes,0.9999999989999999,0,2
supply_chain_disclosure_best_practice_audits,majority,2,2,51,3bb5ff0604197b2135281a129b8db0a49cf99b97683131f2595801f5a3538e48,yes,yes,0.9999999989999999,0,2
supply_chain_disclosure_best_practice_audits,majority,2,0,52,4124b6eeb003417bd70564ba2fde31be4a267b867426f07b7e40d3a5a42b955e,yes,yes,0.9999999989999999,0,2
supply_chain_disclosure_best_practice_audits,majority,2,0,53,6795adbe04130c6f667f1f3bfdf4477f9426ec504d554b86e3442d6bc01c64b3,yes,yes,0.9999999989999999,0,2
supply_chain_disclosure_best_practice_audits,majority,2,4,54,b624a5abb6fe61a77543f57ce95b180f41e23f122d7ea978a7f03a9080d0c117,yes,yes,0.9999999989999999,0,2
supply_chain_disclosure_best_practice_audits,majority,2,2,55,6434dbb7f593fcc55b97b67e6ab2b3bc4e6b0d9e0842c8fdbf3d79acd062e711,yes,yes,0.9999999989999999,0,2
supply_chain_disclosure_best_practice_audits,majority,2,2,56,2c5af191cf4c83284d0d480817f743f471028484b87e6533b0919f79d8be73da,yes,yes,0.9999999989999999,0,2
supply_chain_disclosure_best_practice_audits,majority,2,2,57,1a95135ede09d2e63bd6b4a843062ac4af61a3fd3b03ede6d720351b54846dc4,yes,yes,0.9999999989999999,0,2
supply_chain_disclosure_best_practice_audits,majority,2,4,58,1810bea0a08d73c32b1805b8831178ca0ab8528b2d0f8ac88247661a6e69f8e7,yes,yes,0.9999999989999999,0,2
supply_chain_disclosure_best_practice_audits,majority,2,1,59,5a2d69bd4e38c3951efb30708a40e3f4a39f104d84721cbf8c545d5ebbf5a979,yes,yes,0.9999999989999999,0,2
supply_chain_disclosure_best_practice_audits,majority,2,0,60,46835c7ca7f9d3ed9aac3bf85af18fe4658a5d4cecd054ad6219f1b379266b5a,yes,yes,0.9999999989999999,0,2
supply_chain_disclosure_best_practice_audits,majority,2,0,61,19d22a3d9ae55ee79ad31bf1a33f28b73bf1af23a659ff9b50fd6a039c3c1015,yes,yes,0.9999999989999999,0,2
supply_chain_disclosure_best_practice_audits,majority,2,1,62,e0675a87b1557858af49db8846e7da2a54792cca0f4b6687547a06bc21752a64,yes,yes,0.9999999989999999,0,2
supply_chain_disclosure_best_practice_audits,majority,2,0,63,88e18396e51fd530b25dbdba867dee981f99e3bc9ee3e4495b541d3afb24f860,yes,yes,0.9999999989999999,0,2
supply_chain_disclosure_best_practice_audits,majority,2,1,64,30c8b45d4999cf9de8c3c9318059611dc084dd5f81ec50a3ffefb4c434ea5d10,yes,yes,0.9999999989999999,0,2
supply_chain_disclosure_best_practice_audits,majority,2,2,65,bcc7c3c9238c4ca25a297bba82702f037934c89e424571ce800b424c2d72eb99,yes,yes,0.9999999989999999,0,2
supply_chain_disclosure_best_practice_audits,majority,2,1,66,d37dc7efcf545e24ea668accb8a8fc8c4b2d71c9a6b66829b6e7f5ad5887c55d,yes,yes,0.9999999989999999,0,2
supply_chain_disclosure_best_practice_audits,majority,2,4,67,1ff72a935e2581a73389e968b07a918171d3a71863f799670ce20e0422a77bc1,yes,yes,0.9999999989999999,0,2
supply_chain_disclosure_best_practice_audits,majority,2,4,68,7c213e830f4b18be4e5435844ebc2482efb5672c7e559006f5c1c21d16cce21f,yes,yes,0.9999999989999999,0,2
supply_chain_disclosure_best_practice_audits,majority,2,1,69,ca21f83512fd7ebfb00825a9d23131822aec5c635857f75025dae20d8e2aeab9,yes,yes,0.9999999989999999,0,2
supply_chain_disclosure_best_practice_audits,majority,2,1,70,583603f2fa828ad5e7283f6a522153df983d96151dd424e878bb41f458ff420a,yes,yes,0.9999999989999999,0,2
supply_chain_disclosure_best_practice_audits,majority,2,2,71,68f670418f0909105c1cb8844772825fb4ba489c72634c139452928eca657515,yes,yes,0.9999999989999999,0,2
supply_chain_disclosure_best_practice_audits,majority,2,0,72,a1ee39468479a4129fcd404c7b033a1667904771c45acb07969e94a5c816f741,yes,yes,0.9999999989999999,0,2
supply_chain_disclosure_best_practice_audits,majority,2,4,73,1bbaf32745507e45914fe877698c77e2517b9dcb02e59aefb755e2cb05b3b6ce,yes,yes,0.9999999989999999,0,2
supply_chain_disclosure_best_practice_audits,majority,2,4,74,6441a25c7e9aacdd81cbb5eb9006df4554ef2b778c49f73b61cb1a87d1e664a7,yes,yes,0.9999999989999999,0,2
supply_chain_disclosure_best_practice_audits,majority,2,0,75,7effe61be9495286cb7aa152dfe4bb187087cfbbadfd5ae74615afccc94ca5a2,yes,yes,0.9999999989999999,0,2
supply_chain_disclosure_best_practice_audits,majority,2,0,76,55149e53ccbcecf5b2bec61a13a083d8c80ef7d940bce4e69759bd859b75cf27,yes,yes,0.9999999989999999,0,2
supply_chain_disclosure_best_practice_audits,majority,2,0,77,ee9e57c3f7c911b1fd365b5aaadb5a15128e352364d4bec56ec84467d3ff736a,yes,yes,0.9999999989999999,0,2
supply_chain_disclosure_best_practice_audits,majority,2,3,78,d7b7e1ac46290add16f23c8195170499df669318e8158462abe68741792c3fc7,yes,yes,0.9999999989999999,0,2
supply_chain_disclosure_best_practice_audits,majority,2,1,79,4319a82278965a186ff1f30c53989cec45e638b378eab1febcbeb65f23fabe9f,yes,yes,0.9999999989999999,0,2
supply_chain_disclosure_best_practice_audits,majority,2,4,80,15e57eb32f969fcd0a6f49e9976788796a20f6e9807cda15d025765d4a4c6250,yes,yes,0.9999999989999999,0,2
supply_chain_disclosure_best_practice_audits,majority,2,0,81,f1e998799add05735d8e4ef8a7b0680c19790187dbe70fb785f32d106cac896b,yes,yes,0.9999999989999999,0,2
supply_chain_disclosure_best_practice_audits,majority,2,1,82,db23799cc5ac6832bc82fc3c56b81ffda2cf099b7bb8dfc04851c7cc978d3860,yes,yes,0.9999999989999999,0,2
supply_chain_disclosure_best_practice_audits,majority,2,1,83,2ebf21b254356e063ec495bc48e8b427c9cef0e023d6c440ab4695d670fac424,yes,yes,0.9999999989999999,0,2
supply_chain_disclosure_best_practice_audits,majority,2,1,84,f5f05ce191f8e498e77d5a82efe0cc9b7b0caca2cbd03855b4a3c04dd5326f82,yes,yes,0.9999999989999999,0,2
supply_chain_disclosure_best_practice_audits,majority,2,1,85,235ce0ea6083794379941800918b143e04bd02e90f6ca0df77dc219a03def0fb,yes,yes,0.9999999989999999,0,2
supply_chain_disclosure_best_practice_audits,majority,2,0,86,675f9e573acd9ee413ee4098ecee6e28c67fb1251f10e277dc5f8251151e9da2,yes,yes,0.9999999989999999,0,2
supply_chain_disclosure_best_practice_audits,majority,2,3,87,2ff95ae87bf0173ba35ce7803ee7e2b6c3e55da5408e2849e2db1bf6be370c1f,yes,yes,0.9999999989999999,0,2
supply_chain_disclosure_best_practice_audits,majority,2,3,88,c3c72b3814c06b5ae24ea5616a76e6e34d5e65a037e85d1de1b714979534a508,yes,yes,0.9999999989999999,0,2
supply_chain_disclosure_best_practice_audits,majority,2,0,89,1abad7524e193958a5e4e30aeee808127f7d6f94b84907ba346c856b1352d506,yes,yes,0.9999999989999999,0,2
supply_chain_disclosure_best_practice_audits,majority,2,4,90,d226bbab5779ded49db4f0c92048f30f3308fbc33dddc21c3f553fe8f87fcbf8,yes,yes,0.9999999989999999,0,2
supply_chain_disclosure_best_practice_audits,majority,2,1,91,3b4741877764990637a1268063f65f78bb8e594eae6d2906fe8bcd9f4257c7ff,yes,yes,0.9999999989999999,0,2
supply_chain_disclosure_best_practice_audits,majority,2,1,92,3bd73a7cf410fc9b3e1ae11778d1f9a5e608ca828bdf80e624f9d0fe092636d8,yes,yes,0.9999999989999999,0,2
supply_chain_disclosure_best_practice_audits,majority,2,3,93,f8a69fcaa6995a987c838bf9355ef0f34e73d762cad7adb46499a4919cd21260,yes,yes,0.9999999989999999,0,2
supply_chain_disclosure_best_practice_audits,majority,2,4,94,2bc816bdb532b4fc74face24637b167b5cd6b7a156ba66b8ecdecca78ddb7a5e,yes,yes,0.9999999989999999,0,2
supply_chain_disclosure_best_practice_audits,majority,2,3,95,ab4d67c424e351a53a77b8c8217460def7339c7690bda9807f188c277abf99df,yes,yes,0.9999999989999999,0,2
supply_chain_disclosure_best_practice_audits,majority,2,4,96,5acad3a53814dc166c294d6012ee4d9876377e6c7dc9bcd4cb545aae89327aaa,yes,yes,0.9999999989999999,0,2
supply_chain_disclosure_best_practice_audits,majority,2,0,97,025abd17b4aa8cd2ca7b64367d0dae8246cac55217afb5378a32edc5cb032028,yes,yes,0.9999999989999999,0,2
supply_chain_disclosure_best_practice_audits,majority,2,2,98,8009af26f9d7407e1ae55cfc4779b4b279c3d930f343295afcb1dabb6c4f5771,yes,yes,0.9999999989999999,0,2
supply_chain_disclosure_best_practice_audits,majority,2,1,99,20ffaa2b9dbb70e5796aaeb58543484710a8828de00250b6639f69c9e65bc92a,yes,yes,0.9999999989999999,0,2
supply_chain_disclosure_best_practice_audits,majority,2,1,100,459bed595f402efcac27f2132f647c7bad0622691786e37af3b3902fe7ed6d30,yes,yes,0.9999999989999999,0,2
supply_chain_disclosure_best_practice_audits,majority,2,4,101,031856afb140c703e4a301ce8e6393551af830f3c4945305e23735bdc5dc5e8d,yes,yes,0.9999999989999999,0,2
supply_chain_disclosure_best_practice_audits,majority,2,1,102,6be5c550eecd21d8130ce8d2534fda585336bbd469b636be126d1930496943ef,yes,yes,0.9999999989999999,0,2
supply_chain_disclosure_best_practice_audits,majority,2,4,103,cb1d66fe19e860b6174d574ad92b146dcfb31769b3f045c4268b796d39ace598,yes,yes,0.9999999989999999,0,2
supply_chain_disclosure_best_practice_audits,majority,2,1,104,b8f56656615d580b345dadc70ccbde392c6aa9477d92ffd07eb5fd126fb52749,yes,yes,0.9999999989999999,0,2
supply_chain_disclosure_best_practice_audits,majority,2,4,105,e1e9ff82d278af02d188aaab6558d189bc48fdbc54aed68d83ed47c4cbc0ff08,yes,yes,0.9999999989999999,0,2
supply_chain_disclosure_best_practice_audits,majority,2,2,106,5d2e2af1f56ad0b84e2849ad94c7f9b8502c7f564e8e9948112364d32f117415,yes,yes,0.9999999989999999,0,2
supply_chain_disclosure_best_practice_audits,majority,2,4,107,7c0433d913d5d9e83b1a7479c578dedbb65de78fd669dac303b240517f525ac7,yes,yes,0.9999999989999999,0,2
supply_chain_disclosure_best_practice_audits,majority,2,1,108,487257cd89e1e218cee478fba0884b272dc42d42a47b82dd366d389a8b5db279,yes,yes,0.9999999989999999,0,2
supply_chain_disclosure_best_practice_audits,majority,2,2,109,a65ed6ff518a4c68f06e526e47cb1116cb4661c3ed635c6780dd4806b5cde7bb,yes,yes,0.9999999989999999,0,2
supply_chain_disclosure_best_practice_audits,majority,2,1,110,6c8d0687947cec71e1a1cb8a1383c11e0adb47d0e54ea48aafdb5a03e950fee1,yes,yes,0.9999999989999999,0,2
supply_chain_disclosure_best_practice_audits,majority,2,0,111,642eb832cde6ce9f5b08d631301f2eeff3be1414e98cb19a29c1e9a2ba1c24c6,yes,yes,0.9999999989999999,0,2
supply_chain_disclosure_best_practice_audits,majority,2,3,112,375dbda1e8323ea8520c1f6256c9b927c68151c652c6b58105a00d1ab2271c9c,yes,yes,0.9999999989999999,0,2
supply_chain_disclosure_best_practice_audits,majority,2,1,113,b19887857cd233945689ec8336c60d2f73d70846421c657f0be1c6a92bbc7518,yes,yes,0.9999999989999999,0,2
supply_chain_disclosure_best_practice_audits,majority,2,3,114,f0a3886cf3e1d2070dc523492943cfcd3e499d24b52fc793a0fb7725adfe16f2,yes,yes,0.9999999989999999,0,2
supply_chain_disclosure_best_practice_audits,majority,2,3,115,376f27182efb4c1fe0ce63cffb0beea5d342c2296eb0f8a9e57769b2078f92c6,yes,yes,0.9999999989999999,0,2
supply_chain_disclosure_best_practice_audits,majority,2,3,116,672f49a21e2f43bf1d7affa3e679d9d23f2677e346077297c3ce8c69996abc9f,yes,yes,0.9999999989999999,0,2
supply_chain_disclosure_best_practice_audits,majority,2,0,117,e04a261511b639d13eff7977e3a3d96a624c24da4e20bcea440d03ce7e3ae68e,yes,yes,0.9999999989999999,0,2
supply_chain_disclosure_best_practice_audits,majority,2,0,118,c95024d3b100f9153f41395f2e5c661f54c684d7d8038f764a81c77987cd944c,yes,yes,0.9999999989999999,0,2
supply_chain_disclosure_best_practice_audits,majority,2,4,119,0c2fd8335e8a32cd836ad0fac339e53728d9dd1b1739ac86260707d4b7cf5102,yes,yes,0.9999999989999999,0,2
supply_chain_disclosure_best_practice_audits,majority,2,4,120,fc4c958267d1a005d1c9d5f0ac60c24f69650d1fbb89a618551194f3abb45a0a,yes,yes,0.9999999989999999,0,2
supply_chain_disclosure_best_practice_audits,majority,2,3,121,0efe9e66d9baf00c14469130c1d532f4abeb43c7f893eae6a44dab6313d4fb74,yes,yes,0.9999999989999999,0,2
supply_chain_disclosure_best_practice_audits,majority,2,1,122,459a17fd7ed2fb62ccf60f909dab8f4e9f41f8f620571c720e0d6449b3243f1c,yes,yes,0.9999999989999999,0,2
supply_chain_disclosure_best_practice_audits,majority,2,2,123,8c190cb913388a32b8ef0c5126e5c392d243b3583fd89923b21d8621b7f16f97,yes,yes,0.9999999989999999,0,2
supply_chain_disclosure_best_practice_audits,majority,2,0,124,dece42af518250889be48080639ae862a6244394a9cfabf7ce7c4af677218640,yes,yes,0.9999999989999999,0,2
supply_chain_disclosure_best_practice_audits,majority,2,0,125,40b7a53af6c489016a3c39a0c23daaf2b4ff6197c2b53acaf1ee59067d17b38a,yes,yes,0.9999999989999999,0,2
supply_chain_disclosure_best_practice_audits,majority,2,1,126,929891ba31548db1aa694753669e3c24a30e1788a99151d98b539c39011f0c6e,yes,yes,0.9999999989999999,0,2
supply_chain_disclosure_best_practice_audits,majority,2,4,127,9ffb371008bdf3d9905cc135199ff19454aa55be24ff6556d8f180a5a82601c4,yes,yes,0.9999999989999999,0,2
supply_chain_disclosure_best_practice_audits,majority,2,1,128,4cbcd769a0f437d0d8cac94bce5b472c7304848c39ba945db73525d09dd92f29,yes,yes,0.9999999989999999,0,2
supply_chain_disclosure_best_practice_audits,majority,2,4,129,28443bea33a9cfa2056f9e550d7afacc19053d096a108db12f87a2e90de7ad14,yes,yes,0.9999999989999999,0,2
supply_chain_disclosure_best_practice_audits,majority,2,3,130,53b1a4e96ad74195e550599949adc135a68d11a2761b215e2d3c5f78fac20ff4,yes,yes,0.9999999989999999,0,2
supply_chain_disclosure_best_practice_audits,majority,2,4,131,457aa4a03d6d45f3e6544e847d352d46186cccc1f81d8cb481bf644db7af99f3,yes,yes,0.9999999989999999,0,2
supply_chain_disclosure_best_practice_audits,majority,2,0,132,b36c6cc2c4974c8c6877811a1a305dea8be3cb2d15bde1c0c9eb16c92139773f,yes,yes,0.9999999989999999,0,2
supply_chain_disclosure_best_practice_audits,majority,2,4,133,95a16109c1891d82eeafded1e727f6561d5e8c7475e3e4e26d3c11ca744c6547,yes,yes,0.9999999989999999,0,2
supply_chain_disclosure_best_practice_audits,majority,2,2,134,921b410be7bc7b2de67384cb33f2212547c80d1e0d373fde36b9efa85af4bbd2,yes,yes,0.9999999989999999,0,2
supply_chain_disclosure_best_practice_audits,majority,2,1,135,4a3619506781d26fc853745317c36841d51d17c4453fa9792f2a6ec932c1b7f9,yes,yes,0.9999999989999999,0,2
supply_chain_disclosure_best_practice_audits,majority,2,4,136,30a167de20776b14c84cbc4a797def3569824661dd4a47f98a8e2cf261e55c03,yes,yes,0.9999999989999999,0,2
supply_chain_disclosure_best_practice_audits,majority,2,2,137,391ccdc3a1a0f1231bbac5db1ce4e442afa3f3d79dc8b4293b88f93209811a6d,yes,yes,0.9999999989999999,0,2
supply_chain_disclosure_best_practice_audits,majority,2,1,138,151ef6b81c9ba20818d173a6b34a499bd330ac8b55583759ebc444cb3e997ee9,yes,yes,0.9999999989999999,0,2
supply_chain_disclosure_best_practice_audits,majority,2,2,139,00f788466575e92cb6cd9b6bece2b76116328a72f455bfbf1b31c1a61e42a48e,yes,yes,0.9999999989999999,0,2
supply_chain_disclosure_best_practice_audits,majority,2,1,140,ef2c6382e5dc53301bd218ec96105515da4a8331f35b814e7a7f38ea085ce13f,yes,yes,0.9999999989999999,0,2
supply_chain_disclosure_best_practice_audits,majority,2,3,141,04288152a54520da15135a2da000a2cf47ca7108eb4ed77b37713dc7ead5834b,yes,yes,0.9999999989999999,0,2
supply_chain_disclosure_best_practice_audits,majority,2,0,142,78781bf0a8697fd3f3409d0b8bd3967222d89b46f61f1ec355bda7d55721e5e4,yes,yes,0.9999999989999999,0,2
supply_chain_disclosure_best_practice_audits,majority,2,4,143,3c7c5ae2aa151786ba4a73c291ce5e1a0a2b03a30c29cf3328495fb37d9aece7,yes,yes,0.9999999989999999,0,2
supply_chain_disclosure_best_practice_audits,majority,2,3,144,2509ba56d644ea014a3e0fa3d0d6874c3cd2c6a28788f805fd9c6758e313ab8f,yes,yes,0.9999999989999999,0,2
supply_chain_disclosure_best_practice_audits,majority,2,4,145,01eca6a511ea344abc3cf6dee3b61342273cacd73fd16da7f8f69dbf49142d75,yes,yes,0.9999999989999999,0,2
supply_chain_disclosure_best_practice_audits,majority,2,3,146,a16e8a50ee6e37a4589de3344628e84d9c80280c3ba92ec3972f6b853cbf7c2e,yes,yes,0.9999999989999999,0,2
supply_chain_disclosure_best_practice_audits,majority,2,2,147,45bd51009e1e64c672134259f2b5ede08866a003283780b51c4818c318a172fc,yes,yes,0.9999999989999999,0,2
supply_chain_disclosure_best_practice_audits,majority,2,4,148,9e1afd1f029efd031171df47a2ca39fb5420f30cd60b2fd9e1b0a8875cd25e49,yes,yes,0.9999999989999999,0,2
supply_chain_disclosure_best_practice_audits,majority,2,0,149,4b31ff48711f468ee6a1562ebc1e3389c382fd1c448638c0eda617de2469b754,yes,yes,0.9999999989999999,0,2
supply_chain_disclosure_best_practice_audits,majority,2,4,150,0d783ce52643a830262a183e1f3340dfa5e11782478d1c01ad53d0076c4c73d4,yes,yes,0.9999999989999999,0,2
supply_chain_disclosure_best_practice_audits,majority,2,2,151,baace2e4253ecc8d61872f3b64835bb002f2a49a97e7d4c31adc7b078bc0a85f,yes,yes,0.9999999989999999,0,2
supply_chain_disclosure_best_practice_audits,majority,2,2,152,396d5edabfc1cc0317011328bc857e25c1640c119ce86f4b99f02862697e7df8,yes,yes,0.9999999989999999,0,2
supply_chain_disclosure_best_practice_audits,majority,2,2,153,0c532687e912f2d64ff38f5eed8a18b3179c544a30dd454a0e4adc0617bafbef,yes,yes,0.9999999989999999,0,2
supply_chain_disclosure_best_practice_audits,majority,2,2,154,607ecb634c0681303ee57bf7366b51214e7db74d4d4c0675d3806628cffdbffb,yes,yes,0.9999999989999999,0,2
supply_chain_disclosure_best_practice_audits,majority,2,0,155,14759c3262b6131be28f172314d3243dbc099f7cb099c03a4e85397e876c8b56,yes,yes,0.9999999989999999,0,2
supply_chain_disclosure_best_practice_audits,majority,2,3,156,32260ecf26035d5e5df015a53c55c1fa3414a446aee4f3709c38ccf58df0ca66,yes,yes,0.9999999989999999,0,2
supply_chain_disclosure_best_practice_audits,majority,2,4,157,5ae1b1df5103d563678ef0e3bd377743146e4315d7a2bf0c895ece3a203e57a5,yes,yes,0.9999999989999999,0,2
supply_chain_disclosure_best_practice_audits,majority,2,3,158,5d1fc63f4139faae3bfe28443da26e285c4bb8f1d308b6ff4b7b1b75cc2c1e80,yes,yes,0.9999999989999999,0,2
supply_chain_disclosure_best_practice_audits,majority,2,0,159,39e33483b6daed03fd99c05cd1c125e6b18f5af6c51ec943acdeaa4b1ee84166,yes,yes,0.9999999989999999,0,2
supply_chain_disclosure_best_practice_audits,majority,2,1,160,3daa8ec03c0ed46a2b9f72cbb4723307035f5c52b6f89d28317e2a6b303d6247,yes,yes,0.9999999989999999,0,2
supply_chain_disclosure_best_practice_audits,majority,2,2,161,0c82ffaee114b837e9f974f4e80361b373b8c00d329a258aa8a80fb9b1f4e398,yes,yes,0.9999999989999999,0,2
supply_chain_disclosure_best_practice_audits,majority,2,0,162,07c6e827cc6c23cd27132b4c99cdd5e4258ea66c0b532d59b29055c8e5cedc14,yes,yes,0.9999999989999999,0,2
supply_chain_disclosure_best_practice_audits,majority,2,3,163,575b6c919a2ada10f464c7b46bc2b934726e9c993c82384121938de3ec6d3259,yes,yes,0.9999999989999999,0,2
supply_chain_disclosure_best_practice_audits,majority,2,3,164,21bfadb1e773c7ba5a13997f0fb26b6975502bebe37fe323b42580c521a1600f,yes,yes,0.9999999989999999,0,2
supply_chain_disclosure_best_practice_audits,majority,2,3,165,562ebd404575617d0f8d7b9efb34742cf5ddd488563c2500c9aec2ca6c214663,yes,yes,0.9999999989999999,0,2
supply_chain_disclosure_best_practice_audits,majority,2,1,166,78456786d204455184c362ece71adf15b8e1a55b2b2e857ebb83507e9881cb4e,yes,yes,0.9999999989999999,0,2
supply_chain_disclosure_best_practice_audits,majority,2,4,167,6ea4297c021e920636315a3b8cd9f75283c91cc9053cccc8f74a085fac3ff9e6,yes,yes,0.9999999989999999,0,2
supply_chain_disclosure_best_practice_audits,majority,2,2,168,d7246cb68425a99318147f0f1fe2dcbb042807eb08603cbe9904847610a446e0,yes,yes,0.9999999989999999,0,2
supply_chain_disclosure_best_practice_audits,majority,2,0,169,f8401a13ab0b03ea07669144d0d263b35b0c21e834a4da3c577de48bdf482495,yes,yes,0.9999999989999999,0,2
supply_chain_disclosure_best_practice_audits,majority,2,1,170,a4e29359bcaec8e1536b48faecaba98004ae3f5854c7402ba7740252b24e59ec,yes,yes,0.9999999989999999,0,2
supply_chain_disclosure_best_practice_audits,majority,2,4,171,61bcec93f20473c4dd8792a0590cd52ebb4e73b93cce84104e1821b66585ae36,yes,yes,0.9999999989999999,0,2
supply_chain_disclosure_best_practice_audits,majority,2,1,172,051d82ea698c7defeb37ae5b11301eca98346930ddd52562f9aea2bbac1b413d,yes,yes,0.9999999989999999,0,2
supply_chain_disclosure_best_practice_audits,majority,2,0,173,ef497929adb29de6160875c9594ed91f6ec6548653bca2492ebcd49f7324e9b1,yes,yes,0.9999999989999999,0,2
supply_chain_disclosure_best_practice_audits,majority,2,3,174,93bb3e29ce9e7036bd4c6725e22905194dfbb28fbe4e38678c89b9588ae43da4,yes,yes,0.9999999989999999,0,2
supply_chain_disclosure_best_practice_audits,majority,2,3,175,dd5ea83860728cd69a48d8ee326e7998b3e4d597bd167390eff08fab3423660d,yes,yes,0.9999999989999999,0,2
supply_chain_disclosure_best_practice_audits,majority,2,4,176,acf95ae6504008b3675b5a6e1d34dcf3e2ae5a31a2c52ab178689b08b1e52318,yes,yes,0.9999999989999999,0,2
supply_chain_disclosure_best_practice_audits,majority,2,0,177,feb00174787409b226e12959e1eec4d9c76105dcc553753d24bfa85b06fa13a8,yes,yes,0.9999999989999999,0,2
supply_chain_disclosure_best_practice_audits,majority,2,1,178,4e157c907f1a39c4736c42962bdcd0647aba4fc2d56996b1a7d865e6fed2b387,yes,yes,0.9999999989999999,0,2
supply_chain_disclosure_best_practice_audits,majority,2,4,179,b01aaacbff761f1d09ba1fd4477b90c6e5723fbf33f70d4a6c4092180818be85,yes,yes,0.9999999989999999,0,2
supply_chain_disclosure_best_practice_audits,majority,2,2,180,21caaa5906e5a0b027392e17755bdb5e69f2fbeeab9457431ce75f2563ed54f7,yes,yes,0.9999999989999999,0,2
supply_chain_disclosure_best_practice_audits,majority,2,3,181,596504be5142fc5222baf19af3a06f62e1c31bdf6053136081a7aa8300a515c0,yes,yes,0.9999999989999999,0,2
supply_chain_disclosure_best_practice_audits,majority,2,2,182,b0825404cd40d6659e58b65251fa3700b8ca36acce0c7e74e5ec60d73f009c2b,yes,yes,0.9999999989999999,0,2
supply_chain_disclosure_best_practice_audits,majority,2,2,183,2c330a1ba17f5fd6fcbe0c35d683859c0e61aae4aad2422c88ecae48ec2fb137,yes,yes,0.9999999989999999,0,2
supply_chain_disclosure_best_practice_audits,majority,2,0,184,1531fdb46dfdd8cefa201ef9546bdc219dc7ec61de3612565a5a597833bca11c,yes,yes,0.9999999989999999,0,2
supply_chain_disclosure_best_practice_audits,majority,2,2,185,ed5516e94ba0f9873e91a7c51a694a4b275288be9b383d487d2c473eec82d333,yes,yes,0.9999999989999999,0,2
supply_chain_disclosure_best_practice_audits,majority,2,3,186,d03e6766a02ffc8423ba39940ce8a69fd03ea5e93edfb327af258dabd75c9e5e,yes,yes,0.9999999989999999,0,2
supply_chain_disclosure_best_practice_audits,majority,2,1,187,8a81109a73b838cbc58d4bf69f51eb6f1dee99da7818cde561d4cc9350058f7c,yes,yes,0.9999999989999999,0,2
supply_chain_disclosure_best_practice_audits,majority,2,4,188,ad8df74a5604a274f191b30942519d471ef007f2cb2afc12ca66cd73490f140b,yes,yes,0.9999999989999999,0,2
supply_chain_disclosure_best_practice_audits,majority,2,4,189,3236cea34e746c2854726aafd2b42f4c763e91efd983f92bd5d46b37934ce701,yes,yes,0.9999999989999999,0,2
supply_chain_disclosure_best_practice_audits,majority,2,0,190,244d7fc55eab9fe22ac8639ef434c9d3948c9bedb7453b1980ec8f1229bb2c68,yes,yes,0.9999999989999999,0,2
supply_chain_disclosure_best_practice_audits,majority,2,3,191,5b777db784a0ad2ff2f63cd6ac341cec919f6db8e66c1a7c8afcca4bda0856f1,yes,yes,0.9999999989999999,0,2
supply_chain_disclosure_best_practice_audits,majority,2,1,192,a536c2e629791ea99d535deb51d04d6950ca7e778e2b8fabd5107530ecf3b63d,yes,yes,0.9999999989999999,0,2
supply_chain_disclosure_best_practice_audits,majority,2,2,193,c1782493d0a641f2d98c277b11023e4adb7fa2fc203ee4dac76fa3dd572915e8,yes,yes,0.9999999989999999,0,2
supply_chain_disclosure_best_practice_audits,majority,2,2,194,c7792639dfd396f47fe6f339c6da513ede7315959767ab9dafb88309769dbab6,yes,yes,0.9999999989999999,0,2
supply_chain_disclosure_best_practice_audits,majority,2,1,195,ae215269eaa9afcae52c3c7fad43d01a78c9e122205651439d9bf2e5671676af,yes,yes,0.9999999989999999,0,2
supply_chain_disclosure_best_practice_audits,majority,2,4,196,30079533bf5c7357cd70f9cf1cbc13700f5c3e515d3c5ebbe55c0943cb3cd3d3,yes,yes,0.9999999989999999,0,2
supply_chain_disclosure_best_practice_audits,majority,2,1,197,ef8843ad04ca905381cc9dc85e84a4c4e9c5a2861f05e5fce9fa5066e7f7876d,yes,yes,0.9999999989999999,0,2
supply_chain_disclosure_best_practice_audits,majority,2,2,198,7c18061590aa800422b5635e324664e2dc3382d93bdd896d73512fd499719d54,yes,yes,0.9999999989999999,0,2
supply_chain_disclosure_best_practice_audits,majority,2,2,199,56c25d4eb4588f13327a6b3f6d1bf423858c24d3e72ca640819f1aff6fffb588,yes,yes,0.9999999989999999,0,2
supply_chain_disclosure_best_practice_audits,majority,2,4,200,37fb8de488cb40c4b049e28e90cefa770eb07d1059f2e68c706d35d39deaf7a6,yes,yes,0.9999999989999999,0,2
supply_chain_disclosure_best_practice_audits,majority,2,2,201,d6943bae94c68dbe413f37141c963ec0da0f265c3d6cd601971199d07c838bcf,yes,yes,0.9999999989999999,0,2
supply_chain_disclosure_best_practice_audits,majority,2,2,202,738411246babffb6b853c81c2ab34295e5db281b7e730293ed8d1ad31e1d30cb,yes,yes,0.9999999989999999,0,2
supply_chain_disclosure_best_practice_audits,majority,2,4,203,4d4c98bf199646728c2a7b80140d0f8bfa90311619ddd101e7e81d8da51eba3f,yes,yes,0.9999999989999999,0,2
supply_chain_disclosure_best_practice_audits,majority,2,1,204,3887f474ec6dfe32935833b72b870ee0ee25207e9c2d7cad91f1d4792356e278,yes,yes,0.9999999989999999,0,2
supply_chain_disclosure_best_practice_audits,majority,2,0,205,5183361573f996b8425904aba330bdb33a14f3a40e5a13d71f8a4dfa32ee601c,yes,yes,0.9999999989999999,0,2
supply_chain_disclosure_best_practice_audits,majority,2,0,206,b7fef818a202c62579781f6a16fdc3fbe95b7014de4c7fc7c0bfd72085b49111,yes,yes,0.9999999989999999,0,2
supply_chain_disclosure_best_practice_audits,majority,2,1,207,7f71163235d108c9e78fa664d5bef08dabfa91cfbbdcd9f3d08391db22af380a,yes,yes,0.9999999989999999,0,2
supply_chain_disclosure_best_practice_audits,majority,2,0,208,5695147a701cc755d386897ef3916ae914a81943569ef4fe344ca24a43d906ee,yes,yes,0.9999999989999999,0,2
supply_chain_disclosure_best_practice_audits,majority,2,2,209,b18c36bddd3d7b476ce5b9e82b759a1230ce387c9ef91dd060c50f7a7fb551f5,yes,yes,0.9999999989999999,0,2
supply_chain_disclosure_best_practice_audits,majority,2,4,210,0a76fce024d1ded8f815f5aeddfd0f478fe16661931e2f3658f76bca65572613,yes,yes,0.9999999989999999,0,2
supply_chain_disclosure_best_practice_audits,majority,2,4,211,b5f480ca28f49024bd818f6af65275cc36a6022530a28fa2648ddb7da3f86839,yes,yes,0.9999999989999999,0,2
supply_chain_disclosure_best_practice_audits,majority,2,2,212,255fd01e686472de43e42c9c117018713274490a02b2df34c1bc9ea698083b88,yes,yes,0.9999999989999999,0,2
supply_chain_disclosure_best_practice_audits,majority,2,0,213,c1b7a9f6e0096a280a7cff21a3d2d2a788fda487fb4778bff25572d53d220dd8,yes,yes,0.9999999989999999,0,2
supply_chain_disclosure_best_practice_audits,majority,2,1,214,8e4caa63c82cc004c6a03ff6278f68d26b0d6195e385e25392f38000f093728e,yes,yes,0.9999999989999999,0,2
supply_chain_disclosure_best_practice_audits,majority,2,0,215,5246f2f270d78e6a7ee150dfeb414ed591d6d868246b224415d78f8dcb33c791,yes,yes,0.9999999989999999,0,2
supply_chain_disclosure_best_practice_audits,majority,2,0,216,dc87f2b33f12048f543e0a8cc1526f23fe4e72f15a6f2f1decf2a602f0eadf1b,yes,yes,0.9999999989999999,0,2
supply_chain_disclosure_best_practice_audits,majority,2,1,217,3045163bc73fcda0d5d8a7800ea68f83f22b0d7e71099dbf8bf7030daca5c21a,yes,yes,0.9999999989999999,0,2
supply_chain_disclosure_best_practice_audits,majority,2,4,218,4c7d5ee51cc7b5700e6104e6c501ce5b41ed859fcf48fdb1057af364fba88a8e,yes,yes,0.9999999989999999,0,2
supply_chain_disclosure_best_practice_audits,majority,2,3,219,bd4c1f1cf2fc2181caa3f8384bb1b4d9195039f6a32c4609aa60fff706567b74,yes,yes,0.9999999989999999,0,2
supply_chain_disclosure_best_practice_audits,majority,2,3,220,77ad10e7c8d412c275543817ff3fbae1b314666dc24e6b51452fee9982cb31ec,yes,yes,0.9999999989999999,0,2
supply_chain_disclosure_best_practice_audits,majority,2,3,221,be62d87c4255e3586bdf7df9901d04563f034fa4e1c974936be58d86bae1221c,yes,yes,0.9999999989999999,0,2
supply_chain_disclosure_best_practice_audits,majority,2,4,222,c28332da856f34b6a44fb9b64740e960ec60cbce5cfb5a4d5a7697e4796c9b42,yes,yes,0.9999999989999999,0,2
supply_chain_disclosure_best_practice_audits,majority,2,0,223,f5a6277f734ce623abb70561bc333f40c516432889b7170fe537795f0b0d1dfe,yes,yes,0.9999999989999999,0,2
supply_chain_disclosure_best_practice_audits,majority,2,4,224,c40939ccc68ff214deef38f965d504bec913cb7a2f3c74d2ece1a45866e275d9,yes,yes,0.9999999989999999,0,2
supply_chain_disclosure_best_practice_audits,majority,2,0,225,829a910f071a32bcafaaa8663dbdf625ce4b5548e0b6c349d0dc9ac3703a1122,yes,yes,0.9999999989999999,0,2
supply_chain_disclosure_best_practice_audits,majority,2,3,226,f1638844a53628837ad5d89cfcdeecc0f5bb34cfc57eb62570e26ff4a1cf62da,yes,yes,0.9999999989999999,0,2
supply_chain_disclosure_best_practice_audits,majority,2,3,227,902f081f4eba26153cd2c7c4a497205b912767790306d278827259370ff02e5a,yes,yes,0.9999999989999999,0,2
supply_chain_disclosure_best_practice_audits,majority,2,4,228,ca1da196f15bf1f779e22e5e1a695d8b7a71804e15e2d5e7feff77800f931548,yes,yes,0.9999999989999999,0,2
supply_chain_disclosure_best_practice_audits,majority,2,0,229,5f6bc442d00e4fa861670fafbb8a27c94547c1508938c9d29e3d899bfc2ba60c,yes,yes,0.9999999989999999,0,2
supply_chain_disclosure_best_practice_audits,majority,2,4,230,f2c4a70d75d38bdb8ddcf24ce6b3bbc1270aa929b58238973c10a2f20dcf0d75,yes,yes,0.9999999989999999,0,2
supply_chain_disclosure_best_practice_audits,majority,2,4,231,8bf9eb09cc0e8fd59010ab76b7c69b9e1e43c539995dc000c6861a83b2d81707,yes,yes,0.9999999989999999,0,2
supply_chain_disclosure_best_practice_audits,majority,2,3,232,f7cf08b6965795f5c7d3d054023aac6ccdeabdb48f991c84e2931966f6ad041d,yes,yes,0.9999999989999999,0,2
supply_chain_disclosure_best_practice_audits,majority,2,3,233,1c7fa227e0dc0b3f0683ec2411f95409c3417c9b96f8516a9f76bb71971c3978,yes,yes,0.9999999989999999,0,2
supply_chain_disclosure_best_practice_audits,majority,2,4,234,5f24817add32407e6acc884463b789a68919be44f960ad31c19f73970ec67edd,yes,yes,0.9999999989999999,0,2
supply_chain_disclosure_best_practice_audits,majority,2,3,235,f3669d8939961578a7f23f5801a8f8915334ee6e2197feeaffc15c7042fe0c20,yes,yes,0.9999999989999999,0,2
supply_chain_disclosure_best_practice_audits,majority,2,1,236,06c17d0d305d5233112fb0bca036055b06f839ff3e6eef40071ed1a3802d4a7e,yes,yes,0.9999999989999999,0,2
supply_chain_disclosure_best_practice_audits,majority,2,3,237,f3e83ec97ee5386134f54fd9a9f7c19f68cc121dc9f6f5ba2618dfcd1c4b3b66,yes,yes,0.9999999989999999,0,2
supply_chain_disclosure_best_practice_audits,majority,2,3,238,f894ff8baed215fe478a03c4f70e0ae70f1dee90d635e8bf521bcf7c2c5d5d8c,yes,yes,0.9999999989999999,0,2
supply_chain_disclosure_best_practice_audits,majority,2,2,239,0959b643a8baf490de768c9a042a1cff4f7ba07e8c3a35f1d3c88073b5c659bb,yes,yes,0.9999999989999999,0,2
supply_chain_disclosure_best_practice_audits,majority,2,4,240,c603ec107332b17d63d9c056e5827a42faf80cee9ecf616f78b74d7b26aca002,yes,yes,0.9999999989999999,0,2
supply_chain_disclosure_best_practice_audits,majority,2,2,241,cff6dc284e486a2f018540356c568bd866b086fd09ab993a34321b8282b62dff,yes,yes,0.9999999989999999,0,2
supply_chain_disclosure_best_practice_audits,majority,2,0,242,f1ffa5b7ab4faafc9099101fbcac382df8a721f39c48a1fb4eff0f8263e12ddd,yes,yes,0.9999999989999999,0,2
supply_chain_disclosure_best_practice_audits,majority,2,1,243,7358882b282e44427d46aa23e131b40ce9cb810d4046b9b5b1b29019a7bafd97,yes,yes,0.9999999989999999,0,2
supply_chain_disclosure_best_practice_audits,majority,2,3,244,39716913d74b739a4abccba43e643a747078c53268d60308a0981129848fe379,yes,yes,0.9999999989999999,0,2
supply_chain_disclosure_best_practice_audits,majority,2,3,245,aacaba1b480efdbb8a8d7f064c31e6c8bb5d15a859dde769c4e38d8f39544726,yes,yes,0.9999999989999999,0,2
supply_chain_disclosure_best_practice_audits,majority,2,0,246,625e4fb7cc51b77995b363889fc63bbadb80c2bc91fb2880c1018ab4741d3b7c,yes,yes,0.9999999989999999,0,2
supply_chain_disclosure_best_practice_audits,majority,2,3,247,cadb995cb17c99a0479f83cf2c9ef1624ee2362bfba9690abd6fcc060800c76a,yes,yes,0.9999999989999999,0,2
supply_chain_disclosure_best_practice_audits,majority,2,4,248,ab606b741090016f818eb0cb7e260b416330418b8003a89245993e73bf8630d0,yes,yes,0.9999999989999999,0,2
supply_chain_disclosure_best_practice_audits,majority,2,0,249,cc0bd56a8fa41797d21f3f767f99f08c0d47e85478b58e4221224373d2c04763,yes,yes,0.9999999989999999,0,2
supply_chain_disclosure_best_practice_audits,majority,2,2,250,1294ab0087ad5087a538686b745d3e7db23d18cc7f4f6f530cc80e2ac5f4db00,yes,yes,0.9999999989999999,0,2
supply_chain_disclosure_best_practice_audits,majority,2,0,251,94afabafc1a2e279104f1d46c17a267d3986bec668852ff48007a09bf59540ad,yes,yes,0.9999999989999999,0,2
supply_chain_disclosure_best_practice_audits,majority,2,3,252,6132d8d18112fa7d61ba37ff4d62b1c1c54f81b63eb04af24889c178eac1b7f5,yes,yes,0.9999999989999999,0,2
supply_chain_disclosure_best_practice_audits,majority,2,0,253,8c27ca919f3a1c88913da54bb4a77bba34322faffaf8e221698a9d377dbe8c52,yes,yes,0.9999999989999999,0,2
supply_chain_disclosure_best_practice_audits,majority,2,0,254,13a1d68844cb18a366fbe726bce7132ea31a4fbed461a3d8e40fe9c27604ab0c,yes,yes,0.9999999989999999,0,2
supply_chain_disclosure_best_practice_audits,majority,2,2,255,96815958503862c65f14b779ce716b39e74afb0aac85ec7b03e85152838e44b0,yes,yes,0.9999999989999999,0,2
supply_chain_disclosure_best_practice_audits,majority,2,3,256,73eed2cd61ac0ea6ae32683a83e2b0e5738d28779452c6ed7cb6f7eadd0e2261,yes,yes,0.9999999989999999,0,2
supply_chain_disclosure_best_practice_audits,majority,2,3,257,373083f104edd5a192773c0a179c9788a933c15a1571ba09d81e8033116bf6c4,yes,yes,0.9999999989999999,0,2
supply_chain_disclosure_best_practice_audits,majority,2,2,258,eade8098bb75f44ddc8f9427c116b373a4abfcf40e4dcf8e2774b900155008a0,yes,yes,0.9999999989999999,0,2
supply_chain_disclosure_best_practice_audits,majority,2,3,259,013f12d740fc3d68af91928317abf93d62dd424d19d1137d161e2693551f67e3,yes,yes,0.9999999989999999,0,2
supply_chain_disclosure_best_practice_audits,majority,2,3,260,bf3486f95c637ed4c0f6e7987cd08241cbaa680a7e6a37850cb43d0042e06cad,no,yes,0.9999999989999999,0,2
supply_chain_disclosure_best_practice_audits,majority,2,0,261,17b7c487cc98c7e8e49c1c50b503ac7d38f2734055411ae4ae7b698cb622add3,no,yes,0.9999999989999999,0,2
supply_chain_disclosure_best_practice_audits,majority,2,4,262,8af0b9f5fd790626bb4db3c123e1eb46e4ce609c0a22a6c74820808d33d2e351,no,yes,0.9999999989999999,0,2
supply_chain_disclosure_best_practice_audits,majority,2,0,263,4711f4cfb8352d9bee2590efd786b65a53292b22ea7e088a282787c6669af84d,no,yes,0.9999999989999999,0,2
supply_chain_disclosure_best_practice_audits,majority,2,2,264,6280d5d3a4a66af42f0a860a6e1bef945aaac4cd6695915cab72224d2110b691,no,yes,0.9999999989999999,0,2
supply_chain_disclosure_best_practice_audits,majority,2,3,265,168f343929f3968913069fd4fe3ea2090bcc1a567ad31fa5d6834c9d9d8ee1d5,no,yes,0.9999999989999999,0,2
supply_chain_disclosure_best_practice_audits,majority,2,2,266,71386be1f3486406f1a3cf5dfee5e266834f063cbf2bfb914213afe0d7458bb1,no,yes,0.9999999989999999,0,2
supply_chain_disclosure_best_practice_audits,majority,2,4,267,00768c68746cc07a0855f2e858ea0b79d89c52616ea96f63e3b7d7113ad78409,no,yes,0.9999999989999999,0,2
supply_chain_disclosure_best_practice_audits,majority,2,2,268,73be09f2cbe8d3723f914f0901b9b1199c1c4b1c8cf68937bada35a3da53af17,no,yes,0.9999999989999999,0,2
supply_chain_disclosure_best_practice_audits,majority,2,1,269,96700d3c63698f7fc8d4ea778f120a3d46929a5734a3c86cfa59d7a160ef608e,no,yes,0.9999999989999999,0,2
supply_chain_disclosure_best_practice_audits,majority,2,4,270,b11583189d07bb6c3452ea92f85ffc89db81f8f0bb7f000a3d4b4d62e7eec5c0,no,yes,0.9999999989999999,0,2
supply_chain_disclosure_best_practice_audits,majority,2,2,271,2c33b85eaa7cbe07fb355c5e6f1156c2063261897778d650af9ba90bc60754c2,no,yes,0.9999999989999999,0,2
supply_chain_disclosure_best_practice_audits,majority,2,4,272,203ed0f85c23f811b2013c75119ab4107bb94611678786bf334e168d337dfd91,no,yes,0.9999999989999999,0,2
supply_chain_disclosure_best_practice_audits,majority,2,3,273,29f5a73f0eb2112c2e8648ba539c6e8540af14f4e9972e5f4dc3409460c124a7,no,yes,0.9999999989999999,0,2
supply_chain_disclosure_best_practice_audits,majority,2,1,274,529fbe231a56762bee94fca3a926dfbe380e1a1a4899d3eee0104c0f6d69fd90,no,yes,0.9999999989999999,0,2
supply_chain_disclosure_best_practice_audits,majority,2,2,275,c4a4dd3902ba1e7f9bd8aec6700ede838bef8b038357041988488f41c58fd818,no,yes,0.9999999989999999,0,2
supply_chain_disclosure_best_practice_audits,majority,2,4,276,072d2e8050c2b36c8c5ff2c7aff95b88f8fd6cccc76368e10be132a17e092b7d,no,yes,0.9999999989999999,0,2
supply_chain_disclosure_best_practice_audits,majority,2,2,277,a86f11debb6ead7654a11b993c384f748c0211f80d9cf6ec15379718865bb14b,no,yes,0.9999999989999999,0,2
supply_chain_disclosure_best_practice_audits,majority,2,4,278,dec95cde6289a27cf2fa4c129a8fe002cd9efe24fe0c76194cd80b81d4d25646,no,yes,0.9999999989999999,0,2
supply_chain_disclosure_best_practice_audits,majority,2,1,279,278a88f973ea6da6e167d46d0b191eee85edd560cf58a096d19bf9f0385f078f,no,yes,0.9999999989999999,0,2
supply_chain_disclosure_best_practice_audits,majority,2,0,280,9f9d1126a707de4b474cf7e0fc08299ad856bdb4a0bfe68914a374466df2ba79,no,yes,0.9999999989999999,0,2
supply_chain_disclosure_best_practice_audits,majority,2,3,281,49e44d01a8d96ebc8362b1012e8fe169fc8ba19015002d2415f18d38e34e543f,no,yes,0.9999999989999999,0,2
supply_chain_disclosure_best_practice_audits,majority,2,3,282,7aff74a42e71a0efa775083fed4b831acd81e1c7a72ea3ab95fa0010cbd1b047,no,yes,0.9999999989999999,0,2
supply_chain_disclosure_best_practice_audits,majority,2,1,283,c0e1213a6c7f271618273d37e7c4d80e49f79f3cb5a1276394122a181df3af93,no,yes,0.9999999989999999,0,2
supply_chain_disclosure_best_practice_audits,majority,2,0,284,162326a6ce5c56ccf790f70cb837962b40b3bc3287e736e1be05be79c4e6bce9,no,yes,0.9999999989999999,0,2
supply_chain_disclosure_best_practice_audits,majority,2,1,285,446398bfee4175c67b2956599c14af90b0edd482e1dce8163481a203948007dd,no,yes,0.9999999989999999,0,2
supply_chain_disclosure_best_practice_audits,majority,2,0,286,ba33f9b515db096d9ae8836a3b69ce9148b85a2f3bd641c7a5fcba3f6b073736,no,yes,0.9999999989999999,0,2
supply_chain_disclosure_best_practice_audits,majority,2,3,287,0b218c20d44772c56168aad84ee04aa59a41e91c16b8af3ec7318f2db50abac9,no,yes,0.9999999989999999,0,2
supply_chain_disclosure_best_practice_audits,majority,2,0,288,a6098775d1f58c7495bade73c71a163bda773200d559daf386859c20452c9497,no,yes,0.9999999989999999,0,2
supply_chain_disclosure_best_practice_audits,majority,2,2,289,0bb83f5175555cfaa916ed3929534af9f11e955ce4ff57612f69713e94993937,no,yes,0.9999999989999999,0,2
supply_chain_disclosure_best_practice_audits,majority,2,2,290,389a4e760129e6e54975f074004e2fec1753d42f1e48343f1b10d47d6fcac37e,no,yes,0.9999999989999999,0,2
supply_chain_disclosure_best_practice_audits,majority,2,4,291,d57214d0e9a179e422fbe3b51666f953ceda30db4a7ce444e66f35c2904d4c84,no,yes,0.9999999989999999,0,2
supply_chain_disclosure_best_practice_audits,majority,2,0,292,4f3067260931b33e6f0dcd9414705fb435db8f6aac3bf072fcf443d96f77932c,no,yes,0.9999999989999999,0,2
supply_chain_disclosure_best_practice_audits,majority,2,1,293,143076a0b6c3b4b2c37750896a92e809870b097c81c38be1d50dce2c008d9eb2,no,yes,0.9999999989999999,0,2
supply_chain_disclosure_best_practice_audits,majority,2,2,294,3bce2b75988d047a0d7a0deea7d519effb6c58310ec68cc20fa6cce9c3b54f1b,no,yes,0.9999999989999999,0,2
supply_chain_disclosure_best_practice_audits,majority,2,4,295,5ba25ab1ef701ffb4ef46c65dacf4c7fff4bf56cb6c3b355c39768b828753eb2,no,yes,0.9999999989999999,0,2
supply_chain_disclosure_best_practice_audits,majority,2,0,296,c09af0b827ba4837bfe03f4efcc035c576b40c281b86c6d5cf4d9a9452124fe4,no,yes,0.9999999989999999,0,2
supply_chain_disclosure_best_practice_audits,majority,2,4,297,d318eaf94df22e65541a2d801bf35239ef508dd99ccf9a378d2f01328b1b29f8,no,yes,0.9999999989999999,0,2
supply_chain_disclosure_best_practice_audits,majority,2,4,298,b215c45d50089d0cd1585a907239c94da9543ad54bd7a50f9cf22478364ff754,no,yes,0.9999999989999999,0,2
supply_chain_disclosure_best_practice_audits,majority,2,3,299,9d071de4e714afecba60136fc13d2fd5d799fa73ec323fa5b32f33261331fc95,no,yes,0.9999999989999999,0,2
supply_chain_disclosure_best_practice_audits,majority,2,1,300,b48a0124d9c28eba8793c0639caa52128545630d8a846c28ab4f01eb7cde60e0,no,yes,0.9999999989999999,0,2
supply_chain_disclosure_best_practice_audits,majority,2,1,301,f604a8e5fc84e2cb8f3210b72d51555bfad329c64660c42250ca1403fec24f72,no,yes,0.9999999989999999,0,2
supply_chain_disclosure_best_practice_audits,majority,2,2,302,dfd391e41957d1ac236feb8094f25b8ef1bb5bb23df2361d1e0b96cdcf4d8334,no,yes,0.9999999989999999,0,2
supply_chain_disclosure_best_practice_audits,majority,2,0,303,da6cb12627d752d97c8b74cd52766dd24bf238718d113b3b633ccfb1b8a34605,no,yes,0.9999999989999999,0,2
supply_chain_disclosure_best_practice_audits,majority,2,4,304,968b24534319b3352bfda7565390677a43bff36eba314281473cc77c382f7459,no,yes,0.9999999989999999,0,2
supply_chain_disclosure_best_practice_audits,majority,2,3,305,4441c0b5b2cc678233438e17f40bbaa0525429c3e46d1ba3068a07a61b93ac90,no,yes,0.9999999989999999,0,2
supply_chain_disclosure_best_practice_audits,majority,2,2,306,e7be9434bab5ee26ff724ad366dd76a6eb91f1c4d40da2a6a8cacdadec1b2cef,no,yes,0.9999999989999999,0,2
supply_chain_disclosure_best_practice_audits,majority,2,1,307,f4f4adbea45122fdb1d3bbd6cd8cdeb27833cdb5d576db84c1eda5e29dcaee5f,no,yes,0.9999999989999999,0,2
supply_chain_disclosure_best_practice_audits,majority,2,1,308,23cc46b8e873878abcf6bddaef16294515cd6ff0c31f4b9c469cf5d98cd31970,no,yes,0.9999999989999999,0,2
supply_chain_disclosure_best_practice_audits,majority,2,3,309,4812c78abc5dfdced8315b1ba8d4b75c05311b916aa75c4d90debdfc6f969f74,no,yes,0.9999999989999999,0,2
supply_chain_disclosure_best_practice_audits,majority,2,3,310,83f36822a559802b4975bbd8ddaa42349b8ee30eaf1e14b895b064dc2d783343,no,yes,0.9999999989999999,0,2
supply_chain_disclosure_best_practice_audits,majority,2,2,311,6bd5e103d0200987b6d5a975589d665847c4a5cb70be72a8ec7b797be539ca1b,no,yes,0.9999999989999999,0,2
supply_chain_disclosure_best_practice_audits,majority,2,2,312,396db51b94e5987c9f4291a20606d3214010cae759f026fc485bfdccb44d32fa,no,yes,0.9999999989999999,0,2
supply_chain_disclosure_best_practice_audits,majority,2,0,313,32aac534cc8c69b44cffb558d1687dde646c903551f4716d35f361ff9dfef7bc,no,yes,0.9999999989999999,0,2
supply_chain_disclosure_best_practice_audits,majority,2,0,314,cbd37b5b1d68d6e3051fe7d37866a22b605c82f43a4558b539cc921a761165da,no,yes,0.9999999989999999,0,2
supply_chain_disclosure_best_practice_audits,majority,2,2,315,93385e4040b8a9e2244312c589f32c019276499f4d77dc979a43a063da101d79,no,yes,0.9999999989999999,0,2
supply_chain_disclosure_best_practice_audits,majority,2,1,316,fd5ab74802751c150fc6ffc9f5fc04a7520d18f5e369c5198e123110ae82e19b,no,yes,0.9999999989999999,0,2
supply_chain_disclosure_best_practice_audits,majority,2,2,317,c39413cbf6175d72ce6425d54415f612eb915e3a715f188af606596ffd3c5c5a,no,yes,0.9999999989999999,0,2
supply_chain_disclosure_best_practice_audits,majority,2,3,318,d13bde6dbbb3e00674ae5199051fa37761040e06ca97d1fcddd06d1ca5a95012,no,yes,0.9999999989999999,0,2
supply_chain_disclosure_best_practice_audits,majority,2,1,319,a70cae38bc14a6f8f9ff25c6f6fc01da33d93a293a9faa412ec7fd88b01dab57,no,yes,0.9999999989999999,0,2
supply_chain_disclosure_best_practice_audits,majority,2,0,320,3d8984baef0ba18103046a21a24eaa95a7315dac31f46efd9d70b2de535cb462,no,yes,0.9999999989999999,0,2
supply_chain_disclosure_best_practice_audits,majority,2,1,321,27802664c2d01aa9a779698077273b0dfbb4e4c37c59ec27a359740e25c22b42,no,yes,0.9999999989999999,0,2
supply_chain_disclosure_best_practice_audits,majority,2,1,322,c8ba7ee2aff1efe743ffdd333d82a22572e92a917542d07d056d220a47de9d41,no,yes,0.9999999989999999,0,2
supply_chain_disclosure_best_practice_audits,majority,2,3,323,3197363915acc24a03e50b624d5514a7aae17a858feaebce00133fca51c8ab4e,no,yes,0.9999999989999999,0,2
supply_chain_disclosure_best_practice_audits,majority,2,1,324,0befd85c57d5cc436139e85b69ed400d5bef008c4e62d3c2edc68db2816c720d,no,yes,0.9999999989999999,0,2
supply_chain_disclosure_best_practice_audits,majority,2,0,325,511c8ce5808e6bd8d67a22f804e04fe11901c30d1c6316a4cf9d7ecf7650b4e7,no,yes,0.9999999989999999,0,2
supply_chain_disclosure_best_practice_audits,majority,2,0,326,c27e6fadd2b0b3eb12322506eb24c1c751d3d78f654dde666d6ae98bea4843d6,no,yes,0.9999999989999999,0,2
supply_chain_disclosure_best_practice_audits,majority,2,3,327,31bd0760ea5f242b9f1c3214f1def028d570d735060898e3dfe0692b784765c6,no,yes,0.9999999989999999,0,2
supply_chain_disclosure_best_practice_audits,majority,2,3,328,0605d4ef497301876468cc2abc3991419cb67ab9f6f44508b0849ad5cf2bc53a,no,yes,0.9999999989999999,0,2
supply_chain_disclosure_best_practice_audits,majority,2,2,329,61fdcfca449fbfdb032d1d9c17f754d30f1640a83287a1b9920ca671c0bc204f,no,yes,0.9999999989999999,0,2
supply_chain_disclosure_best_practice_audits,majority,2,4,330,cde51c4232abd6a3d2b26f8ef8d8222f4018c74db11f9042f8d1f02d7b38d0ee,no,yes,0.9999999989999999,0,2
supply_chain_disclosure_best_practice_audits,majority,2,2,331,319f9e927445f3d22c3c88b50343f05c4b5e9652ee4c548d6428c7fbfa6ddb18,no,yes,0.9999999989999999,0,2
supply_chain_disclosure_best_practice_audits,majority,2,0,332,189c16c1e54172f9e82ad90fdfd5e678727d91bda7c553e141882e572dd268de,no,yes,0.9999999989999999,0,2
supply_chain_disclosure_best_practice_audits,majority,2,2,333,50bc448a6e56c7b8a2cc2d46b2f97fd9cb0e9d4e8d9c08464f7f83ce1087ca64,no,yes,0.9999999989999999,0,2
supply_chain_disclosure_best_practice_audits,majority,2,4,334,1d40ab814671064c78b4e4b52104b7c67dd683a3660819cf3f84d9f8fb431067,no,yes,0.9999999989999999,0,2
supply_chain_disclosure_best_practice_audits,majority,2,2,335,616072472d0a990fbc711a6602843e35e185e74e6783dad5587dc1a74f7564b5,no,yes,0.9999999989999999,0,2
supply_chain_disclosure_best_practice_audits,majority,2,0,336,4b44ec066ecab4f9d6bf9bd182434dd023a65373af82a4b71049e0e039377bb5,no,yes,0.9999999989999999,0,2
supply_chain_disclosure_best_practice_audits,majority,2,4,337,f75e522355c0c0d4675648d8939f58f0ec9be70cb95841db451b5e375c1a89e0,no,yes,0.9999999989999999,0,2
supply_chain_disclosure_best_practice_audits,majority,2,4,338,fa6b3e76ad96618009ffc2f157f3ca4d543344f3dc774b60cb2107497173bbb2,no,yes,0.9999999989999999,0,2
supply_chain_disclosure_best_practice_audits,majority,2,2,339,4a0ff924d0af0c575b3be2e72b34334f61fac916dfdeef18d4d8b2786d5a055c,no,yes,0.9999999989999999,0,2
supply_chain_disclosure_best_practice_audits,majority,2,3,340,a2c3a52ee094219ed5814abd08612de2476dc3c07d49af67be0302a80c6214d6,no,yes,0.9999999989999999,0,2
supply_chain_disclosure_best_practice_audits,majority,2,4,341,95fc1e387da1c2ef3c88f6b5a13bd043d0bcb9d99736badacc5810f4e69f6ead,no,yes,0.9999999989999999,0,2
supply_chain_disclosure_best_practice_audits,majority,2,4,342,890c6a25c312a4255ede6c1b5569bef48435d8858fb1ad26a3a541896113f791,no,yes,0.9999999989999999,0,2
supply_chain_disclosure_best_practice_audits,majority,2,0,343,1d04a8b5ec608d80d692c827ee93b276d14a3b5ce3ce5e5d38c1f64046ca2164,no,yes,0.9999999989999999,0,2
supply_chain_disclosure_best_practice_audits,majority,2,3,344,5b2dad8f75d721ee621a1a59f7a9a94122fc51b61d681720d8f6feb20955f873,no,yes,0.9999999989999999,0,2
supply_chain_disclosure_best_practice_audits,majority,2,3,345,4742b083f9d4160e57ed034142afeb23e254b242fcf6a61c5610897189c37d0d,no,yes,0.9999999989999999,0,2
supply_chain_disclosure_best_practice_audits,majority,2,4,346,b33ee53ceb9352753d8eed3360ba28d8c47838544e26df87b06b0629f85abbc7,no,yes,0.9999999989999999,0,2
supply_chain_disclosure_best_practice_audits,majority,2,0,347,a691807189c6dff4664d336078a034a8af9d49c86e0f4379c3c0d5ca80cd47a0,no,yes,0.9999999989999999,0,2
supply_chain_disclosure_best_practice_audits,majority,2,1,348,03916a7e2107458575027c95858e95e02f45009f5bcecbbba957af619f214e96,no,yes,0.9999999989999999,0,2
supply_chain_disclosure_best_practice_audits,majority,2,3,349,337eac86a7ed305d725b924b7de373c3d0504a440bba1405decf7be11c2b34a9,no,yes,0.9999999989999999,0,2
supply_chain_disclosure_best_practice_audits,majority,2,1,350,4bc5542025350d91bbe713d5ef7111c64ee186faec13989fbff30704352647b7,no,yes,0.9999999989999999,0,2
supply_chain_disclosure_best_practice_audits,majority,2,2,351,7c74070fd3590918c058469fa3c201147083b789e575edc07df20c082a180302,no,yes,0.9999999989999999,0,2
supply_chain_disclosure_best_practice_audits,majority,2,3,352,d0664eb101108ed4106770b8ccbb1a8919975cf2aad682315cd97a0b5eeb99c8,no,yes,0.9999999989999999,0,2
supply_chain_disclosure_best_practice_audits,majority,2,0,353,c60dd149ee7c246d148509fae225b586775c8507972ab1eabbf727c5f8e7c79f,no,yes,0.9999999989999999,0,2
supply_chain_disclosure_best_practice_audits,majority,2,0,354,28e5e89e983fe11d4fe513af1d2e124be02e54440e1013f26e37f42a95fae74c,no,yes,0.9999999989999999,0,2
supply_chain_disclosure_best_practice_audits,majority,2,2,355,be342d0ba3afd69f4b1ed982cddc42bdd2bc8627333f859b23a80eefae95323b,no,yes,0.9999999989999999,0,2
supply_chain_disclosure_best_practice_audits,majority,2,2,356,b1a10b2ac1ff6205d95bf78c935c9e215fb3e7febd37a5c41c5f6a90a71b8321,no,yes,0.9999999989999999,0,2
supply_chain_disclosure_best_practice_audits,majority,2,3,357,583b8ebb8255f9589f012b68d1273468b40591ee99033e845869c2c21f2aebe1,no,yes,0.9999999989999999,0,2
supply_chain_disclosure_best_practice_audits,majority,2,4,358,1893fb2f00cc58f4377a2868cc85f79105500067ec465ee406df6811a2ba6fab,no,yes,0.9999999989999999,0,2
supply_chain_disclosure_best_practice_audits,majority,2,0,359,82a8133be0fa802002cb741817aeefae6af67d1b167f8d2597832bea8b4bcae2,no,yes,0.9999999989999999,0,2
supply_chain_disclosure_best_practice_audits,majority,2,1,360,6330f93d46deabef60b77631dddbd90916bf329a1274ab475af4034e0414e801,no,yes,0.9999999989999999,0,2
supply_chain_disclosure_best_practice_audits,majority,2,0,361,a755105d219ad2c94dad6fb3e687221d0988b19734b874d618caee0c39428703,no,yes,0.9999999989999999,0,2
supply_chain_disclosure_best_practice_audits,majority,2,4,362,1ae6dcfd7fda95f910cd66b4dadbe426f4d4f3805170498ffc16446a4b816227,no,yes,0.9999999989999999,0,2
supply_chain_disclosure_best_practice_audits,majority,2,1,363,6005d637aec6968fd09b9156f9c4b42cea3ea4cf5711a412c8199a74e6b0da6d,no,yes,0.9999999989999999,0,2
supply_chain_disclosure_best_practice_audits,majority,2,1,364,e22eb40d5a0e35ac139d6625ba9fe83b5d9cc62fe73344788c6fbf34601eb66e,no,yes,0.9999999989999999,0,2
supply_chain_disclosure_best_practice_audits,majority,2,4,365,b0ca0d813fe62b540b47121478904fe14e2847113e1093363f19f3c530ffd780,no,yes,0.9999999989999999,0,2
supply_chain_disclosure_best_practice_audits,majority,2,4,366,126cf937cb1a759c366b806643329bf0d1541ae8cc5d4d3ab1291fab336e0e2f,no,yes,0.9999999989999999,0,2
supply_chain_disclosure_best_practice_audits,majority,2,1,367,b3ba7ed6334a095408711307b7b6d765a247957b2d8cf2c3fb74aab1848d4478,no,yes,0.9999999989999999,0,2
supply_chain_disclosure_best_practice_audits,majority,2,3,368,42252d18326239ebb7a4bd9a369d958b552ade3a81818a7b33b5c7a254186386,no,yes,0.9999999989999999,0,2
supply_chain_disclosure_best_practice_audits,majority,2,0,369,1d8ec0aa2dde44562bea9e56edd84aafdefd120268eb03e844526b3528ccc5fb,no,yes,0.9999999989999999,0,2
supply_chain_disclosure_best_practice_audits,majority,2,2,370,d62cebfdc280570fae7895fb04d0666af038f0325c877e2bf486cc8aab9b741f,no,yes,0.9999999989999999,0,2
supply_chain_disclosure_best_practice_audits,majority,2,4,371,18b3aa7da2676a92694698ba51e9d1406f32f4d2e6a4f456717df617b747dc27,no,yes,0.9999999989999999,0,2
supply_chain_disclosure_best_practice_audits,majority,2,1,372,d2101f76c6dfeb150215dfc3c747d278ed02b68c118346418eff466ec7e58111,no,yes,0.9999999989999999,0,2
supply_chain_disclosure_best_practice_audits,majority,2,3,373,04ab2f27eec1c522ad9e668f4c68200eeab67868264dbf343658dc8d9a1c8f45,no,yes,0.9999999989999999,0,2
supply_chain_disclosure_best_practice_audits,majority,2,3,374,98d820923bcd03faee2d85e8d8a5a6c16f2d445795a1c658130203c5766b0497,no,yes,0.9999999989999999,0,2
supply_chain_disclosure_best_practice_audits,majority,2,1,375,f712982ec8f374fc723b5aee46de82200f2a4f333ae3e6fb45e1aecd1916c30d,no,yes,0.9999999989999999,0,2
supply_chain_disclosure_best_practice_audits,majority,2,0,376,d56330358a4f915da1d08b99375ace062ef622d4a645a2c4476474c8a6303f10,no,yes,0.9999999989999999,0,2
supply_chain_disclosure_best_practice_audits,majority,2,1,377,1b424930328a00849ed3e051ff08961ed0d9abdacf308421a660728083fa9062,no,yes,0.9999999989999999,0,2
supply_chain_disclosure_best_practice_audits,majority,2,3,378,e08f36d3835ba4da0d6cb67088f631323be5705467f895cfcf7cacab604f8d65,no,yes,0.9999999989999999,0,2
