task,candidate,repeat,fold,item_idx,text_sha256,gold,pred,p_pred,kept,set_size
supply_chain_disclosure_best_practice_audits,embed_base_logreg,0,4,0,9d54e6c772949bfb6b364e2d7006fb131ac4294d6529566b2d88c78014eb6a1d,yes,yes,0.5698170065879822,0,2
supply_chain_disclosure_best_practice_audits,embed_base_logreg,0,4,1,6bd8ec1448ec24fd291dc77052268939f67f9cfea5b76bd69388e542e0b53419,yes,yes,0.5551360249519348,0,2
supply_chain_disclosure_best_practice_audits,embed_base_logreg,0,2,2,cfd25f9be7d33e9e2626fa8f008705300a927fdffb8d298eb046111abadd5313,yes,yes,0.6072763204574585,0,2
supply_chain_disclosure_best_practice_audits,embed_base_logreg,0,2,3,2f6b42c2613958a15c6634faad8dce008342e61c935053e805fb0f1fff7e4aa5,yes,yes,0.7846532464027405,1,1
supply_chain_disclosure_best_practice_audits,embed_base_logreg,0,0,4,dd521a35f676e54ddd4c10353a5b613a177a8c4ab4053780ebfac40ccda839f6,yes,yes,0.6319260001182556,0,2
supply_chain_disclosure_best_practice_audits,embed_base_logreg,0,3,5,33e4c0559a94c7dce28fd5c76870036003e5e62eed6cf35cdc1c63a6b0a6569f,yes,no,0.5078997460633592,0,2
supply_chain_disclosure_best_practice_audits,embed_base_logreg,0,3,6,fb9db00dc94a7d11b1f1dc759bdaa0ab4132a345c4f4c79fa1b99a4f3feabec7,yes,yes,0.5436424016952515,0,2
supply_chain_disclosure_best_practice_audits,embed_base_logreg,0,4,7,a3a6ab356fbf9711c2b5414d31490eead3dd8e73d43141d8c1c133c314b5f163,yes,yes,0.5517196655273438,0,2
supply_chain_disclosure_best_practice_audits,embed_base_logreg,0,1,8,7a0cea15013a413c9095a12a26a110ad23082840e0980ef5ea664df3aa587c79,yes,no,0.8778860968823858,1,1
supply_chain_disclosure_best_practice_audits,embed_base_logreg,0,1,9,ded19f85f9c4d9d7f469200e17647cd8ecc12c2da48288385855657ec1b5adf5,yes,yes,0.8191049695014954,1,1
supply_chain_disclosure_best_practice_audits,embed_base_logreg,0,0,10,edbc6a22c498b82bac2202f1e46acbeaedfb015c0444653d0b0aeb6099e37ff7,yes,yes,0.7175828218460083,1,1
supply_chain_disclosure_best_practice_audits,embed_base_logreg,0,1,11,72cbb74b67a42c66920815b763cc6896803bfbe9a4dde82490f10909e1dfcbec,yes,yes,0.7454261183738708,0,2
supply_chain_disclosure_best_practice_audits,embed_base_logreg,0,1,12,b6f77759748e520cb2650c9d05bfabeb352e52aeb1c443de23d4c8058ffbae34,yes,yes,0.8864883780479431,1,1
supply_chain_disclosure_best_practice_audits,embed_base_logreg,0,1,13,dade26e8398dbb799fd50eb54dbcd3e6ab8b4c274c793f921a58a02434c8b920,yes,yes,0.5536687970161438,0,2
supply_chain_disclosure_best_practice_audits,embed_base_logreg,0,4,14,ca680947ea1c383262052c8e93e441eefb9f5c56853cfdc57b710b6763858524,yes,no,0.5591080022124051,0,2
supply_chain_disclosure_best_practice_audits,embed_base_logreg,0,2,15,6567baee48eaca37363905900994df097ee69c55020b441e3135e706805c61aa,yes,yes,0.9163608551025391,1,1
supply_chain_disclosure_best_practice_audits,embed_base_logreg,0,4,16,3f83f1e16a6ae23ed6f0bb9678979f85323df70d52e5af7828b1bed5744918b1,yes,no,0.5563215017318726,0,2
supply_chain_disclosure_best_practice_audits,embed_base_logreg,0,1,17,37ed9ddde655fb5e0bedd0751e547d4b678cb2a4faeb1a803f4fde03b96df247,yes,yes,0.5000863075256348,0,2
supply_chain_disclosure_best_practice_audits,embed_base_logreg,0,3,18,927e63eace0a5b571aaae87c06d33ec73b502b226e5e07f69211aac675c9199d,yes,yes,0.5772444605827332,0,2
supply_chain_disclosure_best_practice_audits,embed_base_logreg,0,4,19,67595c9be4cf851988bc1fc7cdcedef276346c043520046d91bb26c48edac6cc,yes,yes,0.5362078547477722,0,2
supply_chain_disclosure_best_practice_audits,embed_base_logreg,0,0,20,97859a9430e770c53776bdb64bcac6e1057b25056282b1a971f3143449b8ae52,yes,yes,0.5522129535675049,0,2
supply_chain_disclosure_best_practice_audits,embed_base_logreg,0,4,21,d70648593b74ef9e2bc2de57c4dd94c2323fa8cd58e0083ea94ae75980c167fd,yes,yes,0.5583330392837524,0,2
supply_chain_disclosure_best_practice_audits,embed_base_logreg,0,2,22,52f6bfce60e5ece10730f4e80ac4d6d0a44cf613425838d5b0805482b44527f6,yes,no,0.6973033159167563,0,2
supply_chain_disclosure_best_practice_audits,embed_base_logreg,0,2,23,e50372eb04052599ab62fed9665c237fbb1fafd32f6502757f0d0bc648ee5072,yes,yes,0.7076040506362915,0,2
supply_chain_disclosure_best_practice_audits,embed_base_logreg,0,2,24,450bbed24b34b5272d476f23a5de997f8ff5490a0e106d7cdec0c059964c5c25,yes,yes,0.7599219083786011,1,1
supply_chain_disclosure_best_practice_audits,embed_base_logreg,0,3,25,f2116c063ca557116fe78a21ccd8f5607276835e91875fc11bf12932dddc984f,yes,no,0.5727888175014014,0,2
supply_chain_disclosure_best_practice_audits,embed_base_logreg,0,2,26,aafd7fd03c4909c8dc45f9cb2cd65c636a86fc13ac4f6c08c449151b9a47fef7,yes,no,0.527489423751831,0,2
supply_chain_disclosure_best_practice_audits,embed_base_logreg,0,4,27,33043270153f967b1fcebdd792621661d4f1066634cad83e35b51a515630ac38,yes,yes,0.570470929145813,1,1
supply_chain_disclosure_best_practice_audits,embed_base_logreg,0,0,28,43294ee8c35a7c5c0a600a0522b094cbf6660d69944080ca876844efa92382dc,yes,no,0.5358631770570033,0,2
supply_chain_disclosure_best_practice_audits,embed_base_logreg,0,3,29,b68f1b883214616d4922a65d201ee2ea9db1a0122864b78ccbbf5ee46c7a8f7b,yes,yes,0.5791592001914978,0,2
supply_chain_disclosure_best_practice_audits,embed_base_logreg,0,2,30,7310ac62e99a4e8b1a34fce3d7086304d24c92e3534b4100b1c05e58506ac4b1,yes,no,0.5930306734731593,0,2
supply_chain_disclosure_best_practice_audits,embed_base_logreg,0,1,31,b32275d570cb22080951b4812db4ef3e116eb01260737efd0035c8ac82e331f9,yes,no,0.6336491107940674,0,2
supply_chain_disclosure_best_practice_audits,embed_base_logreg,0,1,32,052895a7e776122c3bd93f43e5a766518ea710c81cd2d76001ab5d8e1a8e9576,yes,yes,0.5765215754508972,0,2
supply_chain_disclosure_best_practice_audits,embed_base_logreg,0,4,33,92cd4852e93b427437a48160221b761b265339694e1e9e4b6fbb4078283d47dd,yes,yes,0.5195596218109131,0,2
supply_chain_disclosure_best_practice_audits,embed_base_logreg,0,2,34,a63bbe340e7e5559ab344685986e27ba29e7856a2bb43f559677d60bd6372b49,yes,yes,0.8166330456733704,1,1
supply_chain_disclosure_best_practice_audits,embed_base_logreg,0,2,35,4c66ac71222d0b9ea3d8106a65704219a05af6e124369c676e6d84e9e05eef96,yes,yes,0.8513128757476807,1,1
supply_chain_disclosure_best_practice_audits,embed_base_logreg,0,1,36,5a71be10ab1bfb61b9c98e5a9adce211ebf7cc64b75c2fe894b2da8f4f438624,yes,yes,0.5654680132865906,0,2
supply_chain_disclosure_best_practice_audits,embed_base_logreg,0,1,37,7a943e9ef37d479a877b40d230449fde8ef8985c43c5795a2b67ad1a560ec3dd,yes,no,0.5592882799890124,0,2
supply_chain_disclosure_best_practice_audits,embed_base_logreg,0,4,38,eebfae389e1805a6524964b0a815e9e64c44ec4245148015e3ee4de8084556cf,yes,yes,0.5418763160705566,0,2
supply_chain_disclosure_best_practice_audits,embed_base_logreg,0,2,39,242ffbc9b3e5ff9fb89c658b1348a67d708b3cbbc0707ba7991cf585da68498d,yes,yes,0.6547814607620239,0,2
supply_chain_disclosure_best_practice_audits,embed_base_logreg,0,4,40,6d4f73e7a6d1fea0e78502ec3d78016b8d7cc091321e361a13bcbc1c64abbc92,yes,no,0.5798512697219849,1,1
supply_chain_disclosure_best_practice_audits,embed_base_logreg,0,2,41,e91b405667ff2e3c59a366f14d4e69a85adf7b37adfbe5cc0d4f68d3ff850477,yes,yes,0.681430459022522,0,2
supply_chain_disclosure_best_practice_audits,embed_base_logreg,0,4,42,df4b5ecfdae8b9a769a3ceef89c8f2943eff05ffdb56a25b5ff2517b2a5774ad,yes,yes,0.5186899900436401,0,2
supply_chain_disclosure_best_practice_audits,embed_base_logreg,0,1,43,68dff8e9beb989b03b38607e665e4d5372e148fe089e55d47bec6692aea9c76a,yes,yes,0.7569129467010498,1,1
supply_chain_disclosure_best_practice_audits,embed_base_logreg,0,2,44,473f02f9766d1a9408898f92db8c82504af7648bb43d66a2d58ba393ad110cea,yes,yes,0.8065694570541382,1,1
supply_chain_disclosure_best_practice_audits,embed_base_logreg,0,1,45,40b81122b3ce13d0b02d3855a778d59dfa74dfe699922ad1cd59e4c945a11085,yes,yes,0.6431320905685425,0,2
supply_chain_disclosure_best_practice_audits,embed_base_logreg,0,1,46,be386186c94960b560719aa9801a2b53b610974576c933522e3bf0b7de9f75ee,yes,no,0.6345411539077759,0,2
supply_chain_disclosure_best_practice_audits,embed_base_logreg,0,0,47,54ba1171dd088353ea0094c11e682cce0bda3cce8961ca9686b40b33a7462851,yes,yes,0.6044026017189026,0,2
supply_chain_disclosure_best_practice_audits,embed_base_logreg,0,2,48,a5cd9829d0bb6680b12c38d718acd91f080de69f112a33da5f30ee6a651da5bd,yes,no,0.513466611905891,0,2
supply_chain_disclosure_best_practice_audits,embed_base_logreg,0,0,49,a60b58ec65949fd64e04a7930db1d4f38f18d50de6cc77f83c3a1f018bb35971,yes,yes,0.6053861975669861,0,2
supply_chain_disclosure_best_practice_audits,embed_base_logreg,0,2,50,258ee064efae6bfc773d9e688e0e04507092de9bb4d6c023bdd08088ce9b7d0a,yes,yes,0.5684890151023865,0,2
supply_chain_disclosure_best_practice_audits,embed_base_logreg,0,0,51,3bb5ff0604197b2135281a129b8db0a49cf99b97683131f2595801f5a3538e48,yes,no,0.5367307066917419,0,2
supply_chain_disclosure_best_practice_audits,embed_base_logreg,0,3,52,4124b6eeb003417bd70564ba2fde31be4a267b867426f07b7e40d3a5a42b955e,yes,no,0.5517590045928955,0,2
supply_chain_disclosure_best_practice_audits,embed_base_logreg,0,3,53,6795adbe04130c6f667f1f3bfdf4477f9426ec504d554b86e3442d6bc01c64b3,yes,yes,0.6964346766471863,1,1
supply_chain_disclosure_best_practice_audits,embed_base_logreg,0,4,54,b624a5abb6fe61a77543f57ce95b180f41e23f122d7ea978a7f03a9080d0c117,yes,no,0.554011344909668,0,2
supply_chain_disclosure_best_practice_audits,embed_base_logreg,0,2,55,6434dbb7f593fcc55b97b67e6ab2b3bc4e6b0d9e0842c8fdbf3d79acd062e711,yes,yes,0.5990972518920898,0,2
supply_chain_disclosure_best_practice_audits,embed_base_logreg,0,3,56,2c5af191cf4c83284d0d480817f743f471028484b87e6533b0919f79d8be73da,yes,yes,0.6129000186920166,0,2
supply_chain_disclosure_best_practice_audits,embed_base_logreg,0,3,57,1a95135ede09d2e63bd6b4a843062ac4af61a3fd3b03ede6d720351b54846dc4,yes,yes,0.6395267248153687,1,1
supply_chain_disclosure_best_practice_audits,embed_base_logreg,0,3,58,1810bea0a08d73c32b1805b8831178ca0ab8528b2d0f8ac88247661a6e69f8e7,yes,no,0.579162061214447,0,2
supply_chain_disclosure_best_practice_audits,embed_base_logreg,0,4,59,5a2d69bd4e38c3951efb30708a40e3f4a39f104d84721cbf8c545d5ebbf5a979,yes,no,0.5238325439741449,0,2
supply_chain_disclosure_best_practice_audits,embed_base_logreg,0,1,60,46835c7ca7f9d3ed9aac3bf85af18fe4658a5d4cecd054ad6219f1b379266b5a,yes,yes,0.6016179323196411,0,2
supply_chain_disclosure_best_practice_audits,embed_base_logreg,0,0,61,19d22a3d9ae55ee79ad31bf1a33f28b73bf1af23a659ff9b50fd6a039c3c1015,yes,yes,0.6764664053916931,1,1
supply_chain_disclosure_best_practice_audits,embed_base_logreg,0,4,62,e0675a87b1557858af49db8846e7da2a54792cca0f4b6687547a06bc21752a64,yes,yes,0.5244003534317017,0,2
supply_chain_disclosure_best_practice_audits,embed_base_logreg,0,1,63,88e18396e51fd530b25dbdba867dee981f99e3bc9ee3e4495b541d3afb24f860,yes,no,0.6583227115369651,0,2
supply_chain_disclosure_best_practice_audits,embed_base_logreg,0,1,64,30c8b45d4999cf9de8c3c9318059611dc084dd5f81ec50a3ffefb4c434ea5d10,yes,yes,0.5023124814033508,0,2
supply_chain_disclosure_best_practice_audits,embed_base_logreg,0,0,65,bcc7c3c9238c4ca25a297bba82702f037934c89e424571ce800b424c2d72eb99,yes,yes,0.6160571575164795,0,2
supply_chain_disclosure_best_practice_audits,embed_base_logreg,0,0,66,d37dc7efcf545e24ea668accb8a8fc8c4b2d71c9a6b66829b6e7f5ad5887c55d,yes,yes,0.6531755924224854,1,1
supply_chain_disclosure_best_practice_audits,embed_base_logreg,0,4,67,1ff72a935e2581a73389e968b07a918171d3a71863f799670ce20e0422a77bc1,yes,yes,0.5035564303398132,0,2
supply_chain_disclosure_best_practice_audits,embed_base_logreg,0,2,68,7c213e830f4b18be4e5435844ebc2482efb5672c7e559006f5c1c21d16cce21f,yes,yes,0.7450035214424133,1,1
supply_chain_disclosure_best_practice_audits,embed_base_logreg,0,0,69,ca21f83512fd7ebfb00825a9d23131822aec5c635857f75025dae20d8e2aeab9,yes,yes,0.6350257992744446,0,2
supply_chain_disclosure_best_practice_audits,embed_base_logreg,0,3,70,583603f2fa828ad5e7283f6a522153df983d96151dd424e878bb41f458ff420a,yes,yes,0.6325737833976746,1,1
supply_chain_disclosure_best_practice_audits,embed_base_logreg,0,2,71,68f670418f0909105c1cb8844772825fb4ba489c72634c139452928eca657515,yes,yes,0.8447571992874146,1,1
supply_chain_disclosure_best_practice_audits,embed_base_logreg,0,4,72,a1ee39468479a4129fcd404c7b033a1667904771c45acb07969e94a5c816f741,yes,yes,0.5636234879493713,0,2
supply_chain_disclosure_best_practice_audits,embed_base_logreg,0,0,73,1bbaf32745507e45914fe877698c77e2517b9dcb02e59aefb755e2cb05b3b6ce,yes,yes,0.6218922138214111,0,2
supply_chain_disclosure_best_practice_audits,embed_base_logreg,0,3,74,6441a25c7e9aacdd81cbb5eb9006df4554ef2b778c49f73b61cb1a87d1e664a7,yes,yes,0.7777619361877441,1,1
supply_chain_disclosure_best_practice_audits,embed_base_logreg,0,0,75,7effe61be9495286cb7aa152dfe4bb187087cfbbadfd5ae74615afccc94ca5a2,yes,yes,0.5087042450904846,0,2
supply_chain_disclosure_best_practice_audits,embed_base_logreg,0,1,76,55149e53ccbcecf5b2bec61a13a083d8c80ef7d940bce4e69759bd859b75cf27,yes,yes,0.6820605397224426,0,2
supply_chain_disclosure_best_practice_audits,embed_base_logreg,0,1,77,ee9e57c3f7c911b1fd365b5aaadb5a15128e352364d4bec56ec84467d3ff736a,yes,yes,0.5155582427978516,0,2
supply_chain_disclosure_best_practice_audits,embed_base_logreg,0,2,78,d7b7e1ac46290add16f23c8195170499df669318e8158462abe68741792c3fc7,yes,yes,0.8751951456069946,1,1
supply_chain_disclosure_best_practice_audits,embed_base_logreg,0,4,79,4319a82278965a186ff1f30c53989cec45e638b378eab1febcbeb65f23fabe9f,yes,yes,0.5664235949516296,0,2
supply_chain_disclosure_best_practice_audits,embed_base_logreg,0,2,80,15e57eb32f969fcd0a6f49e9976788796a20f6e9807cda15d025765d4a4c6250,yes,yes,0.6827792525291443,0,2
supply_chain_disclosure_best_practice_audits,embed_base_logreg,0,2,81,f1e998799add05735d8e4ef8a7b0680c19790187dbe70fb785f32d106cac896b,yes,no,0.5847911660435449,0,2
supply_chain_disclosure_best_practice_audits,embed_base_logreg,0,3,82,db23799cc5ac6832bc82fc3c56b81ffda2cf099b7bb8dfc04851c7cc978d3860,yes,yes,0.7134496569633484,1,1
supply_chain_disclosure_best_practice_audits,embed_base_logreg,0,3,83,2ebf21b254356e063ec495bc48e8b427c9cef0e023d6c440ab4695d670fac424,yes,yes,0.6088809967041016,0,2
supply_chain_disclosure_best_practice_audits,embed_base_logreg,0,0,84,f5f05ce191f8e498e77d5a82efe0cc9b7b0caca2cbd03855b4a3c04dd5326f82,yes,yes,0.5460521578788757,0,2
supply_chain_disclosure_best_practice_audits,embed_base_logreg,0,3,85,235ce0ea6083794379941800918b143e04bd02e90f6ca0df77dc219a03def0fb,yes,no,0.5021414607125085,0,2
supply_chain_disclosure_best_practice_audits,embed_base_logreg,0,0,86,675f9e573acd9ee413ee4098ecee6e28c67fb1251f10e277dc5f8251151e9da2,yes,no,0.512861863161977,0,2
supply_chain_disclosure_best_practice_audits,embed_base_logreg,0,1,87,2ff95ae87bf0173ba35ce7803ee7e2b6c3e55da5408e2849e2db1bf6be370c1f,yes,yes,0.5215656161308289,0,2
supply_chain_disclosure_best_practice_audits,embed_base_logreg,0,2,88,c3c72b3814c06b5ae24ea5616a76e6e34d5e65a037e85d1de1b714979534a508,yes,yes,0.5294066071510315,0,2
supply_chain_disclosure_best_practice_audits,embed_base_logreg,0,4,89,1abad7524e193958a5e4e30aeee808127f7d6f94b84907ba346c856b1352d506,yes,yes,0.5354408025741577,0,2
supply_chain_disclosure_best_practice_audits,embed_base_logreg,0,1,90,d226bbab5779ded49db4f0c92048f30f3308fbc33dddc21c3f553fe8f87fcbf8,yes,yes,0.7940714359283447,1,1
supply_chain_disclosure_best_practice_audits,embed_base_logreg,0,4,91,3b4741877764990637a1268063f65f78bb8e594eae6d2906fe8bcd9f4257c7ff,yes,yes,0.5381298661231995,0,2
supply_chain_disclosure_best_practice_audits,embed_base_logreg,0,0,92,3bd73a7cf410fc9b3e1ae11778d1f9a5e608ca828bdf80e624f9d0fe092636d8,yes,yes,0.5762087106704712,0,2
supply_chain_disclosure_best_practice_audits,embed_base_logreg,0,3,93,f8a69fcaa6995a987c838bf9355ef0f34e73d762cad7adb46499a4919cd21260,yes,yes,0.5952504873275757,0,2
supply_chain_disclosure_best_practice_audits,embed_base_logreg,0,0,94,2bc816bdb532b4fc74face24637b167b5cd6b7a156ba66b8ecdecca78ddb7a5e,yes,yes,0.6028618216514587,0,2
supply_chain_disclosure_best_practice_audits,embed_base_logreg,0,4,95,ab4d67c424e351a53a77b8c8217460def7339c7690bda9807f188c277abf99df,yes,no,0.5392966431169701,0,2
supply_chain_disclosure_best_practice_audits,embed_base_logreg,0,4,96,5acad3a53814dc166c294d6012ee4d9876377e6c7dc9bcd4cb545aae89327aaa,yes,yes,0.5745304822921753,1,1
supply_chain_disclosure_best_practice_audits,embed_base_logreg,0,4,97,025abd17b4aa8cd2ca7b64367d0dae8246cac55217afb5378a32edc5cb032028,yes,yes,0.5043085217475891,0,2
supply_chain_disclosure_best_practice_audits,embed_base_logreg,0,4,98,8009af26f9d7407e1ae55cfc4779b4b279c3d930f343295afcb1dabb6c4f5771,yes,yes,0.6104850769042969,1,1
supply_chain_disclosure_best_practice_audits,embed_base_logreg,0,0,99,20ffaa2b9dbb70e5796aaeb58543484710a8828de00250b6639f69c9e65bc92a,yes,no,0.5104708823702002,0,2
supply_chain_disclosure_best_practice_audits,embed_base_logreg,0,1,100,459bed595f402efcac27f2132f647c7bad0622691786e37af3b3902fe7ed6d30,yes,yes,0.8049987554550171,1,1
supply_chain_disclosure_best_practice_audits,embed_base_logreg,0,1,101,031856afb140c703e4a301ce8e6393551af830f3c4945305e23735bdc5dc5e8d,yes,yes,0.7521672248840332,1,1
supply_chain_disclosure_best_practice_audits,embed_base_logreg,0,4,102,6be5c550eecd21d8130ce8d2534fda585336bbd469b636be126d1930496943ef,yes,no,0.5130176544189453,0,2
supply_chain_disclosure_best_practice_audits,embed_base_logreg,0,3,103,cb1d66fe19e860b6174d574ad92b146dcfb31769b3f045c4268b796d39ace598,yes,yes,0.6579031348228455,1,1
supply_chain_disclosure_best_practice_audits,embed_base_logreg,0,1,104,b8f56656615d580b345dadc70ccbde392c6aa9477d92ffd07eb5fd126fb52749,yes,yes,0.8007999062538147,1,1
supply_chain_disclosure_best_practice_audits,embed_base_logreg,0,1,105,e1e9ff82d278af02d188aaab6558d189bc48fdbc54aed68d83ed47c4cbc0ff08,yes,yes,0.8624952435493469,1,1
supply_chain_disclosure_best_practice_audits,embed_base_logreg,0,2,106,5d2e2af1f56ad0b84e2849ad94c7f9b8502c7f564e8e9948112364d32f117415,yes,yes,0.6954687833786011,0,2
supply_chain_disclosure_best_practice_audits,embed_base_logreg,0,2,107,7c0433d913d5d9e83b1a7479c578dedbb65de78fd669dac303b240517f525ac7,yes,yes,0.609944760799408,0,2
supply_chain_disclosure_best_practice_audits,embed_base_logreg,0,2,108,487257cd89e1e218cee478fba0884b272dc42d42a47b82dd366d389a8b5db279,yes,no,0.5289749941535296,0,2
supply_chain_disclosure_best_practice_audits,embed_base_logreg,0,2,109,a65ed6ff518a4c68f06e526e47cb1116cb4661c3ed635c6780dd4806b5cde7bb,yes,yes,0.7795349359512329,1,1
supply_chain_disclosure_best_practice_audits,embed_base_logreg,0,4,110,6c8d0687947cec71e1a1cb8a1383c11e0adb47d0e54ea48aafdb5a03e950fee1,yes,no,0.512293085089532,0,2
supply_chain_disclosure_best_practice_audits,embed_base_logreg,0,2,111,642eb832cde6ce9f5b08d631301f2eeff3be1414e98cb19a29c1e9a2ba1c24c6,yes,yes,0.7143105268478394,0,2
supply_chain_disclosure_best_practice_audits,embed_base_logreg,0,1,112,375dbda1e8323ea8520c1f6256c9b927c68151c652c6b58105a00d1ab2271c9c,yes,yes,0.71537184715271,0,2
supply_chain_disclosure_best_practice_audits,embed_base_logreg,0,3,113,b19887857cd233945689ec8336c60d2f73d70846421c657f0be1c6a92bbc7518,yes,no,0.5400838255882263,0,2
supply_chain_disclosure_best_practice_audits,embed_base_logreg,0,4,114,f0a3886cf3e1d2070dc523492943cfcd3e499d24b52fc793a0fb7725adfe16f2,yes,yes,0.6042793393135071,1,1
supply_chain_disclosure_best_practice_audits,embed_base_logreg,0,3,115,376f27182efb4c1fe0ce63cffb0beea5d342c2296eb0f8a9e57769b2078f92c6,yes,yes,0.5215998888015747,0,2
supply_chain_disclosure_best_practice_audits,embed_base_logreg,0,1,116,672f49a21e2f43bf1d7affa3e679d9d23f2677e346077297c3ce8c69996abc9f,yes,no,0.6035427867310409,0,2
supply_chain_disclosure_best_practice_audits,embed_base_logreg,0,2,117,e04a261511b639d13eff7977e3a3d96a624c24da4e20bcea440d03ce7e3ae68e,yes,yes,0.9064982533454895,1,1
supply_chain_disclosure_best_practice_audits,embed_base_logreg,0,3,118,c95024d3b100f9153f41395f2e5c661f54c684d7d8038f764a81c77987cd944c,yes,yes,0.76301509141922,1,1
supply_chain_disclosure_best_practice_audits,embed_base_logreg,0,1,119,0c2fd8335e8a32cd836ad0fac339e53728d9dd1b1739ac86260707d4b7cf5102,yes,yes,0.6598228216171265,0,2
supply_chain_disclosure_best_practice_audits,embed_base_logreg,0,4,120,fc4c958267d1a005d1c9d5f0ac60c24f69650d1fbb89a618551194f3abb45a0a,yes,yes,0.5154051184654236,0,2
supply_chain_disclosure_best_practice_audits,embed_base_logreg,0,3,121,0efe9e66d9baf00c14469130c1d532f4abeb43c7f893eae6a44dab6313d4fb74,yes,yes,0.6236411929130554,0,2
supply_chain_disclosure_best_practice_audits,embed_base_logreg,0,3,122,459a17fd7ed2fb62ccf60f909dab8f4e9f41f8f620571c720e0d6449b3243f1c,yes,yes,0.5082458257675171,0,2
supply_chain_disclosure_best_practice_audits,embed_base_logreg,0,3,123,8c190cb913388a32b8ef0c5126e5c392d243b3583fd89923b21d8621b7f16f97,yes,yes,0.6349174976348877,1,1
supply_chain_disclosure_best_practice_audits,embed_base_logreg,0,4,124,dece42af518250889be48080639ae862a6244394a9cfabf7ce7c4af677218640,yes,yes,0.5643067955970764,0,2
supply_chain_disclosure_best_practice_audits,embed_base_logreg,0,0,125,40b7a53af6c489016a3c39a0c23daaf2b4ff6197c2b53acaf1ee59067d17b38a,yes,yes,0.5213530659675598,0,2
supply_chain_disclosure_best_practice_audits,embed_base_logreg,0,0,126,929891ba31548db1aa694753669e3c24a30e1788a99151d98b539c39011f0c6e,yes,yes,0.5380299687385559,0,2
supply_chain_disclosure_best_practice_audits,embed_base_logreg,0,4,127,9ffb371008bdf3d9905cc135199ff19454aa55be24ff6556d8f180a5a82601c4,yes,yes,0.634004533290863,1,1
supply_chain_disclosure_best_practice_audits,embed_base_logreg,0,2,128,4cbcd769a0f437d0d8cac94bce5b472c7304848c39ba945db73525d09dd92f29,yes,no,0.6732502975091249,0,2
supply_chain_disclosure_best_practice_audits,embed_base_logreg,0,0,129,28443bea33a9cfa2056f9e550d7afacc19053d096a108db12f87a2e90de7ad14,yes,no,0.5270188011830688,0,2
supply_chain_disclosure_best_practice_audits,embed_base_logreg,0,0,130,53b1a4e96ad74195e550599949adc135a68d11a2761b215e2d3c5f78fac20ff4,yes,yes,0.6224794387817383,0,2
supply_chain_disclosure_best_practice_audits,embed_base_logreg,0,1,131,457aa4a03d6d45f3e6544e847d352d46186cccc1f81d8cb481bf644db7af99f3,yes,no,0.5825561881065369,0,2
supply_chain_disclosure_best_practice_audits,embed_base_logreg,0,4,132,b36c6cc2c4974c8c6877811a1a305dea8be3cb2d15bde1c0c9eb16c92139773f,yes,yes,0.570838212966919,1,1
supply_chain_disclosure_best_practice_audits,embed_base_logreg,0,3,133,95a16109c1891d82eeafded1e727f6561d5e8c7475e3e4e26d3c11ca744c6547,yes,yes,0.5502069592475891,0,2
supply_chain_disclosure_best_practice_audits,embed_base_logreg,0,3,134,921b410be7bc7b2de67384cb33f2212547c80d1e0d373fde36b9efa85af4bbd2,yes,yes,0.6370766758918762,1,1
supply_chain_disclosure_best_practice_audits,embed_base_logreg,0,2,135,4a3619506781d26fc853745317c36841d51d17c4453fa9792f2a6ec932c1b7f9,yes,yes,0.8654080629348755,1,1
supply_chain_disclosure_best_practice_audits,embed_base_logreg,0,4,136,30a167de20776b14c84cbc4a797def3569824661dd4a47f98a8e2cf261e55c03,yes,yes,0.5102168917655945,0,2
supply_chain_disclosure_best_practice_audits,embed_base_logreg,0,2,137,391ccdc3a1a0f1231bbac5db1ce4e442afa3f3d79dc8b4293b88f93209811a6d,yes,yes,0.8330612778663635,1,1
supply_chain_disclosure_best_practice_audits,embed_base_logreg,0,2,138,151ef6b81c9ba20818d173a6b34a499bd330ac8b55583759ebc444cb3e997ee9,yes,no,0.5848919327524881,0,2
supply_chain_disclosure_best_practice_audits,embed_base_logreg,0,3,139,00f788466575e92cb6cd9b6bece2b76116328a72f455bfbf1b31c1a61e42a48e,yes,no,0.6524306730160317,1,1
supply_chain_disclosure_best_practice_audits,embed_base_logreg,0,0,140,ef2c6382e5dc53301bd218ec96105515da4a8331f35b814e7a7f38ea085ce13f,yes,yes,0.6640467643737793,1,1
supply_chain_disclosure_best_practice_audits,embed_base_logreg,0,2,141,04288152a54520da15135a2da000a2cf47ca7108eb4ed77b37713dc7ead5834b,yes,yes,0.7406896352767944,1,1
supply_chain_disclosure_best_practice_audits,embed_base_logreg,0,0,142,78781bf0a8697fd3f3409d0b8bd3967222d89b46f61f1ec355bda7d55721e5e4,yes,yes,0.5305193066596985,0,2
supply_chain_disclosure_best_practice_audits,embed_base_logreg,0,3,143,3c7c5ae2aa151786ba4a73c291ce5e1a0a2b03a30c29cf3328495fb37d9aece7,yes,yes,0.6406276822090149,1,1
supply_chain_disclosure_best_practice_audits,embed_base_logreg,0,0,144,2509ba56d644ea014a3e0fa3d0d6874c3cd2c6a28788f805fd9c6758e313ab8f,yes,yes,0.5378029346466064,0,2
supply_chain_disclosure_best_practice_audits,embed_base_logreg,0,1,145,01eca6a511ea344abc3cf6dee3b61342273cacd73fd16da7f8f69dbf49142d75,yes,yes,0.7457807064056396,0,2
supply_chain_disclosure_best_practice_audits,embed_base_logreg,0,4,146,a16e8a50ee6e37a4589de3344628e84d9c80280c3ba92ec3972f6b853cbf7c2e,yes,yes,0.599388599395752,1,1
supply_chain_disclosure_best_practice_audits,embed_base_logreg,0,3,147,45bd51009e1e64c672134259f2b5ede08866a003283780b51c4818c318a172fc,yes,no,0.5657284259796143,0,2
supply_chain_disclosure_best_practice_audits,embed_base_logreg,0,4,148,9e1afd1f029efd031171df47a2ca39fb5420f30cd60b2fd9e1b0a8875cd25e49,yes,yes,0.5508576035499573,0,2
supply_chain_disclosure_best_practice_audits,embed_base_logreg,0,0,149,4b31ff48711f468ee6a1562ebc1e3389c382fd1c448638c0eda617de2469b754,yes,yes,0.5708637833595276,0,2
supply_chain_disclosure_best_practice_audits,embed_base_logreg,0,0,150,0d783ce52643a830262a183e1f3340dfa5e11782478d1c01ad53d0076c4c73d4,yes,yes,0.692538857460022,1,1
supply_chain_disclosure_best_practice_audits,embed_base_logreg,0,1,151,baace2e4253ecc8d61872f3b64835bb002f2a49a97e7d4c31adc7b078bc0a85f,yes,yes,0.7700280547142029,1,1
supply_chain_disclosure_best_practice_audits,embed_base_logreg,0,4,152,396d5edabfc1cc0317011328bc857e25c1640c119ce86f4b99f02862697e7df8,yes,no,0.5544767379760742,0,2
supply_chain_disclosure_best_practice_audits,embed_base_logreg,0,3,153,0c532687e912f2d64ff38f5eed8a18b3179c544a30dd454a0e4adc0617bafbef,yes,yes,0.5254918932914734,0,2
supply_chain_disclosure_best_practice_audits,embed_base_logreg,0,3,154,607ecb634c0681303ee57bf7366b51214e7db74d4d4c0675d3806628cffdbffb,yes,yes,0.57970130443573,0,2
supply_chain_disclosure_best_practice_audits,embed_base_logreg,0,3,155,14759c3262b6131be28f172314d3243dbc099f7cb099c03a4e85397e876c8b56,yes,yes,0.7346682548522949,1,1
supply_chain_disclosure_best_practice_audits,embed_base_logreg,0,3,156,32260ecf26035d5e5df015a53c55c1fa3414a446aee4f3709c38ccf58df0ca66,yes,yes,0.558445155620575,0,2
supply_chain_disclosure_best_practice_audits,embed_base_logreg,0,1,157,5ae1b1df5103d563678ef0e3bd377743146e4315d7a2bf0c895ece3a203e57a5,yes,no,0.8316115016995147,1,1
supply_chain_disclosure_best_practice_audits,embed_base_logreg,0,4,158,5d1fc63f4139faae3bfe28443da26e285c4bb8f1d308b6ff4b7b1b75cc2c1e80,yes,yes,0.5063300728797913,0,2
supply_chain_disclosure_best_practice_audits,embed_base_logreg,0,2,159,39e33483b6daed03fd99c05cd1c125e6b18f5af6c51ec943acdeaa4b1ee84166,yes,no,0.7042906284332275,0,2
supply_chain_disclosure_best_practice_audits,embed_base_logreg,0,0,160,3daa8ec03c0ed46a2b9f72cbb4723307035f5c52b6f89d28317e2a6b303d6247,yes,no,0.7443340794940567,1,1
supply_chain_disclosure_best_practice_audits,embed_base_logreg,0,3,161,0c82ffaee114b837e9f974f4e80361b373b8c00d329a258aa8a80fb9b1f4e398,yes,no,0.6053956566633089,0,2
supply_chain_disclosure_best_practice_audits,embed_base_logreg,0,0,162,07c6e827cc6c23cd27132b4c99cdd5e4258ea66c0b532d59b29055c8e5cedc14,yes,yes,0.5889347791671753,0,2
supply_chain_disclosure_best_practice_audits,embed_base_logreg,0,4,163,575b6c919a2ada10f464c7b46bc2b934726e9c993c82384121938de3ec6d3259,yes,yes,0.612985372543335,1,1
supply_chain_disclosure_best_practice_audits,embed_base_logreg,0,4,164,21bfadb1e773c7ba5a13997f0fb26b6975502bebe37fe323b42580c521a1600f,yes,yes,0.5981228351593018,1,1
supply_chain_disclosure_best_practice_audits,embed_base_logreg,0,1,165,562ebd404575617d0f8d7b9efb34742cf5ddd488563c2500c9aec2ca6c214663,yes,yes,0.7523214221000671,1,1
supply_chain_disclosure_best_practice_audits,embed_base_logreg,0,0,166,78456786d204455184c362ece71adf15b8e1a55b2b2e857ebb83507e9881cb4e,yes,yes,0.5940592885017395,0,2
supply_chain_disclosure_best_practice_audits,embed_base_logreg,0,2,167,6ea4297c021e920636315a3b8cd9f75283c91cc9053cccc8f74a085fac3ff9e6,yes,no,0.606286066957893,0,2
supply_chain_disclosure_best_practice_audits,embed_base_logreg,0,2,168,d7246cb68425a99318147f0f1fe2dcbb042807eb08603cbe9904847610a446e0,yes,yes,0.7111204266548157,0,2
supply_chain_disclosure_best_practice_audits,embed_base_logreg,0,1,169,f8401a13ab0b03ea07669144d0d263b35b0c21e834a4da3c577de48bdf482495,yes,yes,0.8018160462379456,1,1
supply_chain_disclosure_best_practice_audits,embed_base_logreg,0,3,170,a4e29359bcaec8e1536b48faecaba98004ae3f5854c7402ba7740252b24e59ec,yes,no,0.5153311491012573,0,2
supply_chain_disclosure_best_practice_audits,embed_base_logreg,0,3,171,61bcec93f20473c4dd8792a0590cd52ebb4e73b93cce84104e1821b66585ae36,yes,yes,0.526580810546875,0,2
supply_chain_disclosure_best_practice_audits,embed_base_logreg,0,1,172,051d82ea698c7defeb37ae5b11301eca98346930ddd52562f9aea2bbac1b413d,yes,yes,0.6478493213653564,0,2
supply_chain_disclosure_best_practice_audits,embed_base_logreg,0,1,173,ef497929adb29de6160875c9594ed91f6ec6548653bca2492ebcd49f7324e9b1,yes,yes,0.5247397422790527,0,2
supply_chain_disclosure_best_practice_audits,embed_base_logreg,0,0,174,93bb3e29ce9e7036bd4c6725e22905194dfbb28fbe4e38678c89b9588ae43da4,yes,no,0.628526508808136,0,2
supply_chain_disclosure_best_practice_audits,embed_base_logreg,0,2,175,dd5ea83860728cd69a48d8ee326e7998b3e4d597bd167390eff08fab3423660d,yes,no,0.5428853034973145,0,2
supply_chain_disclosure_best_practice_audits,embed_base_logreg,0,1,176,acf95ae6504008b3675b5a6e1d34dcf3e2ae5a31a2c52ab178689b08b1e52318,yes,yes,0.7691425085067749,1,1
supply_chain_disclosure_best_practice_audits,embed_base_logreg,0,1,177,feb00174787409b226e12959e1eec4d9c76105dcc553753d24bfa85b06fa13a8,yes,no,0.5957459388895613,0,2
supply_chain_disclosure_best_practice_audits,embed_base_logreg,0,1,178,4e157c907f1a39c4736c42962bdcd0647aba4fc2d56996b1a7d865e6fed2b387,yes,yes,0.774921715259552,1,1
supply_chain_disclosure_best_practice_audits,embed_base_logreg,0,2,179,b01aaacbff761f1d09ba1fd4477b90c6e5723fbf33f70d4a6c4092180818be85,yes,yes,0.6710869073867798,0,2
supply_chain_disclosure_best_practice_audits,embed_base_logreg,0,0,180,21caaa5906e5a0b027392e17755bdb5e69f2fbeeab9457431ce75f2563ed54f7,yes,yes,0.616809070110321,0,2
supply_chain_disclosure_best_practice_audits,embed_base_logreg,0,3,181,596504be5142fc5222baf19af3a06f62e1c31bdf6053136081a7aa8300a515c0,yes,yes,0.6159313917160034,0,2
supply_chain_disclosure_best_practice_audits,embed_base_logreg,0,4,182,b0825404cd40d6659e58b65251fa3700b8ca36acce0c7e74e5ec60d73f009c2b,yes,yes,0.5405781865119934,0,2
supply_chain_disclosure_best_practice_audits,embed_base_logreg,0,4,183,2c330a1ba17f5fd6fcbe0c35d683859c0e61aae4aad2422c88ecae48ec2fb137,yes,yes,0.5402159690856934,0,2
supply_chain_disclosure_best_practice_audits,embed_base_logreg,0,1,184,1531fdb46dfdd8cefa201ef9546bdc219dc7ec61de3612565a5a597833bca11c,yes,no,0.5216224789619446,0,2
supply_chain_disclosure_best_practice_audits,embed_base_logreg,0,4,185,ed5516e94ba0f9873e91a7c51a694a4b275288be9b383d487d2c473eec82d333,yes,yes,0.5943624973297119,1,1
supply_chain_disclosure_best_practice_audits,embed_base_logreg,0,4,186,d03e6766a02ffc8423ba39940ce8a69fd03ea5e93edfb327af258dabd75c9e5e,yes,yes,0.5258832573890686,0,2
supply_chain_disclosure_best_practice_audits,embed_base_logreg,0,3,187,8a81109a73b838cbc58d4bf69f51eb6f1dee99da7818cde561d4cc9350058f7c,yes,yes,0.632244348526001,1,1
supply_chain_disclosure_best_practice_audits,embed_base_logreg,0,1,188,ad8df74a5604a274f191b30942519d471ef007f2cb2afc12ca66cd73490f140b,yes,yes,0.7988710999488831,1,1
supply_chain_disclosure_best_practice_audits,embed_base_logreg,0,1,189,3236cea34e746c2854726aafd2b42f4c763e91efd983f92bd5d46b37934ce701,yes,no,0.5099478960037231,0,2
supply_chain_disclosure_best_practice_audits,embed_base_logreg,0,1,190,244d7fc55eab9fe22ac8639ef434c9d3948c9bedb7453b1980ec8f1229bb2c68,yes,yes,0.6938018202781677,0,2
supply_chain_disclosure_best_practice_audits,embed_base_logreg,0,2,191,5b777db784a0ad2ff2f63cd6ac341cec919f6db8e66c1a7c8afcca4bda0856f1,yes,yes,0.7563310265541077,1,1
supply_chain_disclosure_best_practice_audits,embed_base_logreg,0,4,192,a536c2e629791ea99d535deb51d04d6950ca7e778e2b8fabd5107530ecf3b63d,yes,yes,0.633705735206604,1,1
supply_chain_disclosure_best_practice_audits,embed_base_logreg,0,2,193,c1782493d0a641f2d98c277b11023e4adb7fa2fc203ee4dac76fa3dd572915e8,yes,yes,0.818112313747406,1,1
supply_chain_disclosure_best_practice_audits,embed_base_logreg,0,4,194,c7792639dfd396f47fe6f339c6da513ede7315959767ab9dafb88309769dbab6,yes,yes,0.5652470588684082,0,2
supply_chain_disclosure_best_practice_audits,embed_base_logreg,0,0,195,ae215269eaa9afcae52c3c7fad43d01a78c9e122205651439d9bf2e5671676af,yes,yes,0.5640521049499512,0,2
supply_chain_disclosure_best_practice_audits,embed_base_logreg,0,1,196,30079533bf5c7357cd70f9cf1cbc13700f5c3e515d3c5ebbe55c0943cb3cd3d3,yes,yes,0.7385779023170471,0,2
supply_chain_disclosure_best_practice_audits,embed_base_logreg,0,0,197,ef8843ad04ca905381cc9dc85e84a4c4e9c5a2861f05e5fce9fa5066e7f7876d,yes,yes,0.6420141458511353,1,1
supply_chain_disclosure_best_practice_audits,embed_base_logreg,0,0,198,7c18061590aa800422b5635e324664e2dc3382d93bdd896d73512fd499719d54,yes,yes,0.5799954533576965,0,2
supply_chain_disclosure_best_practice_audits,embed_base_logreg,0,4,199,56c25d4eb4588f13327a6b3f6d1bf423858c24d3e72ca640819f1aff6fffb588,yes,yes,0.5306997299194336,0,2
supply_chain_disclosure_best_practice_audits,embed_base_logreg,0,3,200,37fb8de488cb40c4b049e28e90cefa770eb07d1059f2e68c706d35d39deaf7a6,yes,no,0.6308951377868652,1,1
supply_chain_disclosure_best_practice_audits,embed_base_logreg,0,0,201,d6943bae94c68dbe413f37141c963ec0da0f265c3d6cd601971199d07c838bcf,yes,yes,0.5060617327690125,0,2
supply_chain_disclosure_best_practice_audits,embed_base_logreg,0,4,202,738411246babffb6b853c81c2ab34295e5db281b7e730293ed8d1ad31e1d30cb,yes,yes,0.5261709690093994,0,2
supply_chain_disclosure_best_practice_audits,embed_base_logreg,0,0,203,4d4c98bf199646728c2a7b80140d0f8bfa90311619ddd101e7e81d8da51eba3f,yes,no,0.5045174956321716,0,2
supply_chain_disclosure_best_practice_audits,embed_base_logreg,0,1,204,3887f474ec6dfe32935833b72b870ee0ee25207e9c2d7cad91f1d4792356e278,yes,no,0.5103549957275391,0,2
supply_chain_disclosure_best_practice_audits,embed_base_logreg,0,3,205,5183361573f996b8425904aba330bdb33a14f3a40e5a13d71f8a4dfa32ee601c,yes,yes,0.5427531599998474,0,2
supply_chain_disclosure_best_practice_audits,embed_base_logreg,0,0,206,b7fef818a202c62579781f6a16fdc3fbe95b7014de4c7fc7c0bfd72085b49111,yes,yes,0.6267141699790955,0,2
supply_chain_disclosure_best_practice_audits,embed_base_logreg,0,0,207,7f71163235d108c9e78fa664d5bef08dabfa91cfbbdcd9f3d08391db22af380a,yes,yes,0.6314991116523743,0,2
supply_chain_disclosure_best_practice_audits,embed_base_logreg,0,1,208,5695147a701cc755d386897ef3916ae914a81943569ef4fe344ca24a43d906ee,yes,yes,0.607547402381897,0,2
supply_chain_disclosure_best_practice_audits,embed_base_logreg,0,2,209,b18c36bddd3d7b476ce5b9e82b759a1230ce387c9ef91dd060c50f7a7fb551f5,yes,yes,0.5698633790016174,0,2
supply_chain_disclosure_best_practice_audits,embed_base_logreg,0,0,210,0a76fce024d1ded8f815f5aeddfd0f478fe16661931e2f3658f76bca65572613,yes,yes,0.7393981218338013,1,1
supply_chain_disclosure_best_practice_audits,embed_base_logreg,0,4,211,b5f480ca28f49024bd818f6af65275cc36a6022530a28fa2648ddb7da3f86839,yes,yes,0.502535343170166,0,2
supply_chain_disclosure_best_practice_audits,embed_base_logreg,0,0,212,255fd01e686472de43e42c9c117018713274490a02b2df34c1bc9ea698083b88,yes,yes,0.6632799506187439,1,1
supply_chain_disclosure_best_practice_audits,embed_base_logreg,0,3,213,c1b7a9f6e0096a280a7cff21a3d2d2a788fda487fb4778bff25572d53d220dd8,yes,no,0.5634534955024719,0,2
supply_chain_disclosure_best_practice_audits,embed_base_logreg,0,0,214,8e4caa63c82cc004c6a03ff6278f68d26b0d6195e385e25392f38000f093728e,yes,no,0.5898601833027547,0,2
supply_chain_disclosure_best_practice_audits,embed_base_logreg,0,4,215,5246f2f270d78e6a7ee150dfeb414ed591d6d868246b224415d78f8dcb33c791,yes,yes,0.5819081664085388,1,1
supply_chain_disclosure_best_practice_audits,embed_base_logreg,0,1,216,dc87f2b33f12048f543e0a8cc1526f23fe4e72f15a6f2f1decf2a602f0eadf1b,yes,yes,0.9073953032493591,1,1
supply_chain_disclosure_best_practice_audits,embed_base_logreg,0,2,217,3045163bc73fcda0d5d8a7800ea68f83f22b0d7e71099dbf8bf7030daca5c21a,yes,yes,0.5133379101753235,0,2
supply_chain_disclosure_best_practice_audits,embed_base_logreg,0,3,218,4c7d5ee51cc7b5700e6104e6c501ce5b41ed859fcf48fdb1057af364fba88a8e,yes,no,0.519633277665577,0,2
supply_chain_disclosure_best_practice_audits,embed_base_logreg,0,3,219,bd4c1f1cf2fc2181caa3f8384bb1b4d9195039f6a32c4609aa60fff706567b74,yes,yes,0.516983687877655,0,2
supply_chain_disclosure_best_practice_audits,embed_base_logreg,0,0,220,77ad10e7c8d412c275543817ff3fbae1b314666dc24e6b51452fee9982cb31ec,yes,yes,0.6887734532356262,1,1
supply_chain_disclosure_best_practice_audits,embed_base_logreg,0,3,221,be62d87c4255e3586bdf7df9901d04563f034fa4e1c974936be58d86bae1221c,yes,yes,0.5656715035438538,0,2
supply_chain_disclosure_best_practice_audits,embed_base_logreg,0,1,222,c28332da856f34b6a44fb9b64740e960ec60cbce5cfb5a4d5a7697e4796c9b42,yes,yes,0.6861445307731628,0,2
supply_chain_disclosure_best_practice_audits,embed_base_logreg,0,2,223,f5a6277f734ce623abb70561bc333f40c516432889b7170fe537795f0b0d1dfe,yes,yes,0.6995565295219421,0,2
supply_chain_disclosure_best_practice_audits,embed_base_logreg,0,2,224,c40939ccc68ff214deef38f965d504bec913cb7a2f3c74d2ece1a45866e275d9,yes,no,0.6009286821165288,0,2
supply_chain_disclosure_best_practice_audits,embed_base_logreg,0,3,225,829a910f071a32bcafaaa8663dbdf625ce4b5548e0b6c349d0dc9ac3703a1122,yes,yes,0.506615936756134,0,2
supply_chain_disclosure_best_practice_audits,embed_base_logreg,0,0,226,f1638844a53628837ad5d89cfcdeecc0f5bb34cfc57eb62570e26ff4a1cf62da,yes,no,0.6121787842458849,0,2
supply_chain_disclosure_best_practice_audits,embed_base_logreg,0,2,227,902f081f4eba26153cd2c7c4a497205b912767790306d278827259370ff02e5a,yes,yes,0.5027062892913818,0,2
supply_chain_disclosure_best_practice_audits,embed_base_logreg,0,0,228,ca1da196f15bf1f779e22e5e1a695d8b7a71804e15e2d5e7feff77800f931548,yes,yes,0.6986256837844849,1,1
supply_chain_disclosure_best_practice_audits,embed_base_logreg,0,2,229,5f6bc442d00e4fa861670fafbb8a27c94547c1508938c9d29e3d899bfc2ba60c,yes,yes,0.8032214641571045,1,1
supply_chain_disclosure_best_practice_audits,embed_base_logreg,0,2,230,f2c4a70d75d38bdb8ddcf24ce6b3bbc1270aa929b58238973c10a2f20dcf0d75,yes,yes,0.7917361259460449,1,1
supply_chain_disclosure_best_practice_audits,embed_base_logreg,0,3,231,8bf9eb09cc0e8fd59010ab76b7c69b9e1e43c539995dc000c6861a83b2d81707,yes,no,0.5923863472823397,0,2
supply_chain_disclosure_best_practice_audits,embed_base_logreg,0,3,232,f7cf08b6965795f5c7d3d054023aac6ccdeabdb48f991c84e2931966f6ad041d,yes,no,0.5127681646575977,0,2
supply_chain_disclosure_best_practice_audits,embed_base_logreg,0,3,233,1c7fa227e0dc0b3f0683ec2411f95409c3417c9b96f8516a9f76bb71971c3978,yes,no,0.544066309928894,0,2
supply_chain_disclosure_best_practice_audits,embed_base_logreg,0,2,234,5f24817add32407e6acc884463b789a68919be44f960ad31c19f73970ec67edd,yes,no,0.6919090954038232,0,2
supply_chain_disclosure_best_practice_audits,embed_base_logreg,0,3,235,f3669d8939961578a7f23f5801a8f8915334ee6e2197feeaffc15c7042fe0c20,yes,yes,0.639328122138977,1,1
supply_chain_disclosure_best_practice_audits,embed_base_logreg,0,0,236,06c17d0d305d5233112fb0bca036055b06f839ff3e6eef40071ed1a3802d4a7e,yes,yes,0.6729183197021484,1,1
supply_chain_disclosure_best_practice_audits,embed_base_logreg,0,4,237,f3e83ec97ee5386134f54fd9a9f7c19f68cc121dc9f6f5ba2618dfcd1c4b3b66,yes,yes,0.5161381959915161,0,2
supply_chain_disclosure_best_practice_audits,embed_base_logreg,0,3,238,f894ff8baed215fe478a03c4f70e0ae70f1dee90d635e8bf521bcf7c2c5d5d8c,yes,no,0.5005836636001963,0,2
supply_chain_disclosure_best_practice_audits,embed_base_logreg,0,0,239,0959b643a8baf490de768c9a042a1cff4f7ba07e8c3a35f1d3c88073b5c659bb,yes,yes,0.5226954817771912,0,2
supply_chain_disclosure_best_practice_audits,embed_base_logreg,0,4,240,c603ec107332b17d63d9c056e5827a42faf80cee9ecf616f78b74d7b26aca002,yes,no,0.5041105897459564,0,2
supply_chain_disclosure_best_practice_audits,embed_base_logreg,0,0,241,cff6dc284e486a2f018540356c568bd866b086fd09ab993a34321b8282b62dff,yes,no,0.6297899672326436,0,2
supply_chain_disclosure_best_practice_audits,embed_base_logreg,0,4,242,f1ffa5b7ab4faafc9099101fbcac382df8a721f39c48a1fb4eff0f8263e12ddd,yes,yes,0.564453125,0,2
supply_chain_disclosure_best_practice_audits,embed_base_logreg,0,0,243,7358882b282e44427d46aa23e131b40ce9cb810d4046b9b5b1b29019a7bafd97,yes,yes,0.6215936541557312,0,2
supply_chain_disclosure_best_practice_audits,embed_base_logreg,0,1,244,39716913d74b739a4abccba43e643a747078c53268d60308a0981129848fe379,yes,yes,0.9093181490898132,1,1
supply_chain_disclosure_best_practice_audits,embed_base_logreg,0,2,245,aacaba1b480efdbb8a8d7f064c31e6c8bb5d15a859dde769c4e38d8f39544726,yes,yes,0.5094226002693176,0,2
supply_chain_disclosure_best_practice_audits,embed_base_logreg,0,4,246,625e4fb7cc51b77995b363889fc63bbadb80c2bc91fb2880c1018ab4741d3b7c,yes,yes,0.5389289259910583,0,2
supply_chain_disclosure_best_practice_audits,embed_base_logreg,0,2,247,cadb995cb17c99a0479f83cf2c9ef1624ee2362bfba9690abd6fcc060800c76a,yes,yes,0.7443423867225647,1,1
supply_chain_disclosure_best_practice_audits,embed_base_logreg,0,1,248,ab606b741090016f818eb0cb7e260b416330418b8003a89245993e73bf8630d0,yes,no,0.5655218362808228,0,2
supply_chain_disclosure_best_practice_audits,embed_base_logreg,0,0,249,cc0bd56a8fa41797d21f3f767f99f08c0d47e85478b58e4221224373d2c04763,yes,no,0.5787619948387146,0,2
supply_chain_disclosure_best_practice_audits,embed_base_logreg,0,1,250,1294ab0087ad5087a538686b745d3e7db23d18cc7f4f6f530cc80e2ac5f4db00,yes,yes,0.7941067218780518,1,1
supply_chain_disclosure_best_practice_audits,embed_base_logreg,0,1,251,94afabafc1a2e279104f1d46c17a267d3986bec668852ff48007a09bf59540ad,yes,yes,0.86048424243927,1,1
supply_chain_disclosure_best_practice_audits,embed_base_logreg,0,3,252,6132d8d18112fa7d61ba37ff4d62b1c1c54f81b63eb04af24889c178eac1b7f5,yes,yes,0.744580090045929,1,1
supply_chain_disclosure_best_practice_audits,embed_base_logreg,0,0,253,8c27ca919f3a1c88913da54bb4a77bba34322faffaf8e221698a9d377dbe8c52,yes,yes,0.5072531700134277,0,2
supply_chain_disclosure_best_practice_audits,embed_base_logreg,0,2,254,13a1d68844cb18a366fbe726bce7132ea31a4fbed461a3d8e40fe9c27604ab0c,yes,yes,0.6630215048789978,0,2
supply_chain_disclosure_best_practice_audits,embed_base_logreg,0,1,255,96815958503862c65f14b779ce716b39e74afb0aac85ec7b03e85152838e44b0,yes,yes,0.696923017501831,0,2
supply_chain_disclosure_best_practice_audits,embed_base_logreg,0,3,256,73eed2cd61ac0ea6ae32683a83e2b0e5738d28779452c6ed7cb6f7eadd0e2261,yes,yes,0.5718276500701904,0,2
supply_chain_disclosure_best_practice_audits,embed_base_logreg,0,3,257,373083f104edd5a192773c0a179c9788a933c15a1571ba09d81e8033116bf6c4,yes,yes,0.6013033986091614,0,2
supply_chain_disclosure_best_practice_audits,embed_base_logreg,0,2,258,eade8098bb75f44ddc8f9427c116b373a4abfcf40e4dcf8e2774b900155008a0,yes,yes,0.6889083981513977,0,2
supply_chain_disclosure_best_practice_audits,embed_base_logreg,0,0,259,013f12d740fc3d68af91928317abf93d62dd424d19d1137d161e2693551f67e3,yes,yes,0.5840560793876648,0,2
supply_chain_disclosure_best_practice_audits,embed_base_logreg,0,0,260,bf3486f95c637ed4c0f6e7987cd08241cbaa680a7e6a37850cb43d0042e06cad,no,no,0.5911502242088318,0,2
supply_chain_disclosure_best_practice_audits,embed_base_logreg,0,2,261,17b7c487cc98c7e8e49c1c50b503ac7d38f2734055411ae4ae7b698cb622add3,no,no,0.8198865652084351,1,1
supply_chain_disclosure_best_practice_audits,embed_base_logreg,0,2,262,8af0b9f5fd790626bb4db3c123e1eb46e4ce609c0a22a6c74820808d33d2e351,no,no,0.5877045217840516,0,2
supply_chain_disclosure_best_practice_audits,embed_base_logreg,0,1,263,4711f4cfb8352d9bee2590efd786b65a53292b22ea7e088a282787c6669af84d,no,no,0.852414476090454,1,1
supply_chain_disclosure_best_practice_audits,embed_base_logreg,0,3,264,6280d5d3a4a66af42f0a860a6e1bef945aaac4cd6695915cab72224d2110b691,no,yes,0.5006303191184998,0,2
supply_chain_disclosure_best_practice_audits,embed_base_logreg,0,0,265,168f343929f3968913069fd4fe3ea2090bcc1a567ad31fa5d6834c9d9d8ee1d5,no,no,0.5660266280174255,0,2
supply_chain_disclosure_best_practice_audits,embed_base_logreg,0,4,266,71386be1f3486406f1a3cf5dfee5e266834f063cbf2bfb914213afe0d7458bb1,no,yes,0.547727644443512,0,2
supply_chain_disclosure_best_practice_audits,embed_base_logreg,0,3,267,00768c68746cc07a0855f2e858ea0b79d89c52616ea96f63e3b7d7113ad78409,no,yes,0.6061654090881348,0,2
supply_chain_disclosure_best_practice_audits,embed_base_logreg,0,0,268,73be09f2cbe8d3723f914f0901b9b1199c1c4b1c8cf68937bada35a3da53af17,no,yes,0.5062464475631714,0,2
supply_chain_disclosure_best_practice_audits,embed_base_logreg,0,2,269,96700d3c63698f7fc8d4ea778f120a3d46929a5734a3c86cfa59d7a160ef608e,no,yes,0.6424157023429871,0,2
supply_chain_disclosure_best_practice_audits,embed_base_logreg,0,3,270,b11583189d07bb6c3452ea92f85ffc89db81f8f0bb7f000a3d4b4d62e7eec5c0,no,no,0.5112951993942261,0,2
supply_chain_disclosure_best_practice_audits,embed_base_logreg,0,4,271,2c33b85eaa7cbe07fb355c5e6f1156c2063261897778d650af9ba90bc60754c2,no,no,0.5166801810264587,0,2
supply_chain_disclosure_best_practice_audits,embed_base_logreg,0,2,272,203ed0f85c23f811b2013c75119ab4107bb94611678786bf334e168d337dfd91,no,yes,0.5156278014183044,0,2
supply_chain_disclosure_best_practice_audits,embed_base_logreg,0,3,273,29f5a73f0eb2112c2e8648ba539c6e8540af14f4e9972e5f4dc3409460c124a7,no,no,0.598104101475951,0,2
supply_chain_disclosure_best_practice_audits,embed_base_logreg,0,3,274,529fbe231a56762bee94fca3a926dfbe380e1a1a4899d3eee0104c0f6d69fd90,no,yes,0.5420591831207275,0,2
supply_chain_disclosure_best_practice_audits,embed_base_logreg,0,2,275,c4a4dd3902ba1e7f9bd8aec6700ede838bef8b038357041988488f41c58fd818,no,yes,0.674916684627533,0,2
supply_chain_disclosure_best_practice_audits,embed_base_logreg,0,0,276,072d2e8050c2b36c8c5ff2c7aff95b88f8fd6cccc76368e10be132a17e092b7d,no,no,0.5320179462432861,0,2
supply_chain_disclosure_best_practice_audits,embed_base_logreg,0,1,277,a86f11debb6ead7654a11b993c384f748c0211f80d9cf6ec15379718865bb14b,no,no,0.6621936757026218,0,2
supply_chain_disclosure_best_practice_audits,embed_base_logreg,0,3,278,dec95cde6289a27cf2fa4c129a8fe002cd9efe24fe0c76194cd80b81d4d25646,no,no,0.5500516891479492,0,2
supply_chain_disclosure_best_practice_audits,embed_base_logreg,0,4,279,278a88f973ea6da6e167d46d0b191eee85edd560cf58a096d19bf9f0385f078f,no,yes,0.5218207240104675,0,2
supply_chain_disclosure_best_practice_audits,embed_base_logreg,0,1,280,9f9d1126a707de4b474cf7e0fc08299ad856bdb4a0bfe68914a374466df2ba79,no,no,0.5713968447267069,0,2
supply_chain_disclosure_best_practice_audits,embed_base_logreg,0,1,281,49e44d01a8d96ebc8362b1012e8fe169fc8ba19015002d2415f18d38e34e543f,no,no,0.8324819555138959,1,1
supply_chain_disclosure_best_practice_audits,embed_base_logreg,0,1,282,7aff74a42e71a0efa775083fed4b831acd81e1c7a72ea3ab95fa0010cbd1b047,no,no,0.7480438724743166,1,1
supply_chain_disclosure_best_practice_audits,embed_base_logreg,0,3,283,c0e1213a6c7f271618273d37e7c4d80e49f79f3cb5a1276394122a181df3af93,no,no,0.5824490785598755,0,2
supply_chain_disclosure_best_practice_audits,embed_base_logreg,0,2,284,162326a6ce5c56ccf790f70cb837962b40b3bc3287e736e1be05be79c4e6bce9,no,yes,0.8233821988105774,1,1
supply_chain_disclosure_best_practice_audits,embed_base_logreg,0,2,285,446398bfee4175c67b2956599c14af90b0edd482e1dce8163481a203948007dd,no,no,0.6019200682640076,0,2
supply_chain_disclosure_best_practice_audits,embed_base_logreg,0,1,286,ba33f9b515db096d9ae8836a3b69ce9148b85a2f3bd641c7a5fcba3f6b073736,no,no,0.8359038358316397,1,1
supply_chain_disclosure_best_practice_audits,embed_base_logreg,0,2,287,0b218c20d44772c56168aad84ee04aa59a41e91c16b8af3ec7318f2db50abac9,no,yes,0.7123163938522339,0,2
supply_chain_disclosure_best_practice_audits,embed_base_logreg,0,3,288,a6098775d1f58c7495bade73c71a163bda773200d559daf386859c20452c9497,no,yes,0.5572768449783325,0,2
supply_chain_disclosure_best_practice_audits,embed_base_logreg,0,2,289,0bb83f5175555cfaa916ed3929534af9f11e955ce4ff57612f69713e94993937,no,no,0.5924941301345825,0,2
supply_chain_disclosure_best_practice_audits,embed_base_logreg,0,4,290,389a4e760129e6e54975f074004e2fec1753d42f1e48343f1b10d47d6fcac37e,no,yes,0.5164365768432617,0,2
supply_chain_disclosure_best_practice_audits,embed_base_logreg,0,2,291,d57214d0e9a179e422fbe3b51666f953ceda30db4a7ce444e66f35c2904d4c84,no,no,0.7379609566319274,1,1
supply_chain_disclosure_best_practice_audits,embed_base_logreg,0,4,292,4f3067260931b33e6f0dcd9414705fb435db8f6aac3bf072fcf443d96f77932c,no,yes,0.5179887413978577,0,2
supply_chain_disclosure_best_practice_audits,embed_base_logreg,0,2,293,143076a0b6c3b4b2c37750896a92e809870b097c81c38be1d50dce2c008d9eb2,no,no,0.8079429864883423,1,1
supply_chain_disclosure_best_practice_audits,embed_base_logreg,0,4,294,3bce2b75988d047a0d7a0deea7d519effb6c58310ec68cc20fa6cce9c3b54f1b,no,yes,0.5641419291496277,0,2
supply_chain_disclosure_best_practice_audits,embed_base_logreg,0,4,295,5ba25ab1ef701ffb4ef46c65dacf4c7fff4bf56cb6c3b355c39768b828753eb2,no,no,0.5393031674831161,0,2
supply_chain_disclosure_best_practice_audits,embed_base_logreg,0,3,296,c09af0b827ba4837bfe03f4efcc035c576b40c281b86c6d5cf4d9a9452124fe4,no,yes,0.5364122986793518,0,2
supply_chain_disclosure_best_practice_audits,embed_base_logreg,0,0,297,d318eaf94df22e65541a2d801bf35239ef508dd99ccf9a378d2f01328b1b29f8,no,yes,0.6555647253990173,1,1
supply_chain_disclosure_best_practice_audits,embed_base_logreg,0,3,298,b215c45d50089d0cd1585a907239c94da9543ad54bd7a50f9cf22478364ff754,no,yes,0.708488941192627,1,1
supply_chain_disclosure_best_practice_audits,embed_base_logreg,0,0,299,9d071de4e714afecba60136fc13d2fd5d799fa73ec323fa5b32f33261331fc95,no,no,0.6430313778827005,1,1
supply_chain_disclosure_best_practice_audits,embed_base_logreg,0,0,300,b48a0124d9c28eba8793c0639caa52128545630d8a846c28ab4f01eb7cde60e0,no,no,0.7250453017638534,1,1
supply_chain_disclosure_best_practice_audits,embed_base_logreg,0,4,301,f604a8e5fc84e2cb8f3210b72d51555bfad329c64660c42250ca1403fec24f72,no,yes,0.5160040259361267,0,2
supply_chain_disclosure_best_practice_audits,embed_base_logreg,0,4,302,dfd391e41957d1ac236feb8094f25b8ef1bb5bb23df2361d1e0b96cdcf4d8334,no,no,0.5145267844200134,0,2
supply_chain_disclosure_best_practice_audits,embed_base_logreg,0,0,303,da6cb12627d752d97c8b74cd52766dd24bf238718d113b3b633ccfb1b8a34605,no,yes,0.6158527731895447,0,2
supply_chain_disclosure_best_practice_audits,embed_base_logreg,0,3,304,968b24534319b3352bfda7565390677a43bff36eba314281473cc77c382f7459,no,yes,0.5644590854644775,0,2
supply_chain_disclosure_best_practice_audits,embed_base_logreg,0,4,305,4441c0b5b2cc678233438e17f40bbaa0525429c3e46d1ba3068a07a61b93ac90,no,no,0.5597038102238234,0,2
supply_chain_disclosure_best_practice_audits,embed_base_logreg,0,0,306,e7be9434bab5ee26ff724ad366dd76a6eb91f1c4d40da2a6a8cacdadec1b2cef,no,no,0.5206940174102783,0,2
supply_chain_disclosure_best_practice_audits,embed_base_logreg,0,1,307,f4f4adbea45122fdb1d3bbd6cd8cdeb27833cdb5d576db84c1eda5e29dcaee5f,no,yes,0.6004202365875244,0,2
supply_chain_disclosure_best_practice_audits,embed_base_logreg,0,1,308,23cc46b8e873878abcf6bddaef16294515cd6ff0c31f4b9c469cf5d98cd31970,no,no,0.6267403364181519,0,2
supply_chain_disclosure_best_practice_audits,embed_base_logreg,0,3,309,4812c78abc5dfdced8315b1ba8d4b75c05311b916aa75c4d90debdfc6f969f74,no,no,0.6352878619644683,1,1
supply_chain_disclosure_best_practice_audits,embed_base_logreg,0,3,310,83f36822a559802b4975bbd8ddaa42349b8ee30eaf1e14b895b064dc2d783343,no,yes,0.5629521012306213,0,2
supply_chain_disclosure_best_practice_audits,embed_base_logreg,0,4,311,6bd5e103d0200987b6d5a975589d665847c4a5cb70be72a8ec7b797be539ca1b,no,no,0.5075850486755371,0,2
supply_chain_disclosure_best_practice_audits,embed_base_logreg,0,2,312,396db51b94e5987c9f4291a20606d3214010cae759f026fc485bfdccb44d32fa,no,yes,0.618389368057251,0,2
supply_chain_disclosure_best_practice_audits,embed_base_logreg,0,1,313,32aac534cc8c69b44cffb558d1687dde646c903551f4716d35f361ff9dfef7bc,no,yes,0.7077972888946533,0,2
supply_chain_disclosure_best_practice_audits,embed_base_logreg,0,3,314,cbd37b5b1d68d6e3051fe7d37866a22b605c82f43a4558b539cc921a761165da,no,no,0.5042789132678185,0,2
supply_chain_disclosure_best_practice_audits,embed_base_logreg,0,1,315,93385e4040b8a9e2244312c589f32c019276499f4d77dc979a43a063da101d79,no,no,0.6549513339996338,0,2
supply_chain_disclosure_best_practice_audits,embed_base_logreg,0,0,316,fd5ab74802751c150fc6ffc9f5fc04a7520d18f5e369c5198e123110ae82e19b,no,no,0.6935988664627075,1,1
supply_chain_disclosure_best_practice_audits,embed_base_logreg,0,2,317,c39413cbf6175d72ce6425d54415f612eb915e3a715f188af606596ffd3c5c5a,no,yes,0.6917813420295715,0,2
supply_chain_disclosure_best_practice_audits,embed_base_logreg,0,2,318,d13bde6dbbb3e00674ae5199051fa37761040e06ca97d1fcddd06d1ca5a95012,no,yes,0.5968016982078552,0,2
supply_chain_disclosure_best_practice_audits,embed_base_logreg,0,3,319,a70cae38bc14a6f8f9ff25c6f6fc01da33d93a293a9faa412ec7fd88b01dab57,no,yes,0.6251823306083679,0,2
supply_chain_disclosure_best_practice_audits,embed_base_logreg,0,1,320,3d8984baef0ba18103046a21a24eaa95a7315dac31f46efd9d70b2de535cb462,no,no,0.8124288562664048,1,1
supply_chain_disclosure_best_practice_audits,embed_base_logreg,0,0,321,27802664c2d01aa9a779698077273b0dfbb4e4c37c59ec27a359740e25c22b42,no,no,0.6496278643608093,1,1
supply_chain_disclosure_best_practice_audits,embed_base_logreg,0,4,322,c8ba7ee2aff1efe743ffdd333d82a22572e92a917542d07d056d220a47de9d41,no,no,0.6314446926116943,1,1
supply_chain_disclosure_best_practice_audits,embed_base_logreg,0,0,323,3197363915acc24a03e50b624d5514a7aae17a858feaebce00133fca51c8ab4e,no,no,0.5652699638983597,0,2
supply_chain_disclosure_best_practice_audits,embed_base_logreg,0,0,324,0befd85c57d5cc436139e85b69ed400d5bef008c4e62d3c2edc68db2816c720d,no,yes,0.6748363375663757,1,1
supply_chain_disclosure_best_practice_audits,embed_base_logreg,0,1,325,511c8ce5808e6bd8d67a22f804e04fe11901c30d1c6316a4cf9d7ecf7650b4e7,no,yes,0.6808071136474609,0,2
supply_chain_disclosure_best_practice_audits,embed_base_logreg,0,4,326,c27e6fadd2b0b3eb12322506eb24c1c751d3d78f654dde666d6ae98bea4843d6,no,no,0.504373923074422,0,2
supply_chain_disclosure_best_practice_audits,embed_base_logreg,0,0,327,31bd0760ea5f242b9f1c3214f1def028d570d735060898e3dfe0692b784765c6,no,no,0.5118364691734314,0,2
supply_chain_disclosure_best_practice_audits,embed_base_logreg,0,1,328,0605d4ef497301876468cc2abc3991419cb67ab9f6f44508b0849ad5cf2bc53a,no,yes,0.5149610638618469,0,2
supply_chain_disclosure_best_practice_audits,embed_base_logreg,0,0,329,61fdcfca449fbfdb032d1d9c17f754d30f1640a83287a1b9920ca671c0bc204f,no,no,0.5566784143447876,0,2
supply_chain_disclosure_best_practice_audits,embed_base_logreg,0,0,330,cde51c4232abd6a3d2b26f8ef8d8222f4018c74db11f9042f8d1f02d7b38d0ee,no,no,0.5083800402766454,0,2
supply_chain_disclosure_best_practice_audits,embed_base_logreg,0,4,331,319f9e927445f3d22c3c88b50343f05c4b5e9652ee4c548d6428c7fbfa6ddb18,no,yes,0.5598862767219543,0,2
supply_chain_disclosure_best_practice_audits,embed_base_logreg,0,4,332,189c16c1e54172f9e82ad90fdfd5e678727d91bda7c553e141882e572dd268de,no,no,0.583150327205658,1,1
supply_chain_disclosure_best_practice_audits,embed_base_logreg,0,2,333,50bc448a6e56c7b8a2cc2d46b2f97fd9cb0e9d4e8d9c08464f7f83ce1087ca64,no,yes,0.5049870610237122,0,2
supply_chain_disclosure_best_practice_audits,embed_base_logreg,0,1,334,1d40ab814671064c78b4e4b52104b7c67dd683a3660819cf3f84d9f8fb431067,no,no,0.6953673362731934,0,2
supply_chain_disclosure_best_practice_audits,embed_base_logreg,0,2,335,616072472d0a990fbc711a6602843e35e185e74e6783dad5587dc1a74f7564b5,no,yes,0.6367738842964172,0,2
supply_chain_disclosure_best_practice_audits,embed_base_logreg,0,4,336,4b44ec066ecab4f9d6bf9bd182434dd023a65373af82a4b71049e0e039377bb5,no,no,0.5689127445220947,0,2
supply_chain_disclosure_best_practice_audits,embed_base_logreg,0,2,337,f75e522355c0c0d4675648d8939f58f0ec9be70cb95841db451b5e375c1a89e0,no,no,0.6209580302238464,0,2
supply_chain_disclosure_best_practice_audits,embed_base_logreg,0,4,338,fa6b3e76ad96618009ffc2f157f3ca4d543344f3dc774b60cb2107497173bbb2,no,no,0.5807207649731408,1,1
supply_chain_disclosure_best_practice_audits,embed_base_logreg,0,0,339,4a0ff924d0af0c575b3be2e72b34334f61fac916dfdeef18d4d8b2786d5a055c,no,no,0.6055860338930478,0,2
supply_chain_disclosure_best_practice_audits,embed_base_logreg,0,4,340,a2c3a52ee094219ed5814abd08612de2476dc3c07d49af67be0302a80c6214d6,no,no,0.5246763073004392,0,2
supply_chain_disclosure_best_practice_audits,embed_base_logreg,0,1,341,95fc1e387da1c2ef3c88f6b5a13bd043d0bcb9d99736badacc5810f4e69f6ead,no,yes,0.5552995800971985,0,2
supply_chain_disclosure_best_practice_audits,embed_base_logreg,0,3,342,890c6a25c312a4255ede6c1b5569bef48435d8858fb1ad26a3a541896113f791,no,no,0.571706635603111,0,2
supply_chain_disclosure_best_practice_audits,embed_base_logreg,0,3,343,1d04a8b5ec608d80d692c827ee93b276d14a3b5ce3ce5e5d38c1f64046ca2164,no,no,0.5467763110034558,0,2
supply_chain_disclosure_best_practice_audits,embed_base_logreg,0,0,344,5b2dad8f75d721ee621a1a59f7a9a94122fc51b61d681720d8f6feb20955f873,no,no,0.5632152389521826,0,2
supply_chain_disclosure_best_practice_audits,embed_base_logreg,0,1,345,4742b083f9d4160e57ed034142afeb23e254b242fcf6a61c5610897189c37d0d,no,yes,0.6590116620063782,0,2
supply_chain_disclosure_best_practice_audits,embed_base_logreg,0,1,346,b33ee53ceb9352753d8eed3360ba28d8c47838544e26df87b06b0629f85abbc7,no,yes,0.8821108937263489,1,1
supply_chain_disclosure_best_practice_audits,embed_base_logreg,0,2,347,a691807189c6dff4664d336078a034a8af9d49c86e0f4379c3c0d5ca80cd47a0,no,no,0.5166123951491,0,2
supply_chain_disclosure_best_practice_audits,embed_base_logreg,0,3,348,03916a7e2107458575027c95858e95e02f45009f5bcecbbba957af619f214e96,no,no,0.5082044449983703,0,2
supply_chain_disclosure_best_practice_audits,embed_base_logreg,0,0,349,337eac86a7ed305d725b924b7de373c3d0504a440bba1405decf7be11c2b34a9,no,yes,0.6228395104408264,0,2
supply_chain_disclosure_best_practice_audits,embed_base_logreg,0,4,350,4bc5542025350d91bbe713d5ef7111c64ee186faec13989fbff30704352647b7,no,yes,0.5292741060256958,0,2
supply_chain_disclosure_best_practice_audits,embed_base_logreg,0,1,351,7c74070fd3590918c058469fa3c201147083b789e575edc07df20c082a180302,no,no,0.8835134308744945,1,1
supply_chain_disclosure_best_practice_audits,embed_base_logreg,0,2,352,d0664eb101108ed4106770b8ccbb1a8919975cf2aad682315cd97a0b5eeb99c8,no,no,0.5549098418626142,0,2
supply_chain_disclosure_best_practice_audits,embed_base_logreg,0,1,353,c60dd149ee7c246d148509fae225b586775c8507972ab1eabbf727c5f8e7c79f,no,no,0.6378621053058536,0,2
supply_chain_disclosure_best_practice_audits,embed_base_logreg,0,3,354,28e5e89e983fe11d4fe513af1d2e124be02e54440e1013f26e37f42a95fae74c,no,yes,0.5233006477355957,0,2
supply_chain_disclosure_best_practice_audits,embed_base_logreg,0,4,355,be342d0ba3afd69f4b1ed982cddc42bdd2bc8627333f859b23a80eefae95323b,no,no,0.5628869365785439,0,2
supply_chain_disclosure_best_practice_audits,embed_base_logreg,0,4,356,b1a10b2ac1ff6205d95bf78c935c9e215fb3e7febd37a5c41c5f6a90a71b8321,no,no,0.5681727955289843,0,2
supply_chain_disclosure_best_practice_audits,embed_base_logreg,0,3,357,583b8ebb8255f9589f012b68d1273468b40591ee99033e845869c2c21f2aebe1,no,no,0.5565825700759888,0,2
supply_chain_disclosure_best_practice_audits,embed_base_logreg,0,1,358,1893fb2f00cc58f4377a2868cc85f79105500067ec465ee406df6811a2ba6fab,no,yes,0.7967319488525391,1,1
supply_chain_disclosure_best_practice_audits,embed_base_logreg,0,3,359,82a8133be0fa802002cb741817aeefae6af67d1b167f8d2597832bea8b4bcae2,no,no,0.5959964812995052,0,2
supply_chain_disclosure_best_practice_audits,embed_base_logreg,0,3,360,6330f93d46deabef60b77631dddbd90916bf329a1274ab475af4034e0414e801,no,no,0.5749808721238635,0,2
supply_chain_disclosure_best_practice_audits,embed_base_logreg,0,4,361,a755105d219ad2c94dad6fb3e687221d0988b19734b874d618caee0c39428703,no,no,0.5220877528190613,0,2
supply_chain_disclosure_best_practice_audits,embed_base_logreg,0,3,362,1ae6dcfd7fda95f910cd66b4dadbe426f4d4f3805170498ffc16446a4b816227,no,yes,0.5058877468109131,0,2
supply_chain_disclosure_best_practice_audits,embed_base_logreg,0,1,363,6005d637aec6968fd09b9156f9c4b42cea3ea4cf5711a412c8199a74e6b0da6d,no,yes,0.6013453006744385,0,2
supply_chain_disclosure_best_practice_audits,embed_base_logreg,0,2,364,e22eb40d5a0e35ac139d6625ba9fe83b5d9cc62fe73344788c6fbf34601eb66e,no,no,0.9348190109377804,1,1
supply_chain_disclosure_best_practice_audits,embed_base_logreg,0,0,365,b0ca0d813fe62b540b47121478904fe14e2847113e1093363f19f3c530ffd780,no,yes,0.6056584119796753,0,2
supply_chain_disclosure_best_practice_audits,embed_base_logreg,0,0,366,126cf937cb1a759c366b806643329bf0d1541ae8cc5d4d3ab1291fab336e0e2f,no,no,0.5957111297759751,0,2
supply_chain_disclosure_best_practice_audits,embed_base_logreg,0,2,367,b3ba7ed6334a095408711307b7b6d765a247957b2d8cf2c3fb74aab1848d4478,no,no,0.557200057590006,0,2
supply_chain_disclosure_best_practice_audits,embed_base_logreg,0,3,368,42252d18326239ebb7a4bd9a369d958b552ade3a81818a7b33b5c7a254186386,no,no,0.5167773365974426,0,2
supply_chain_disclosure_best_practice_audits,embed_base_logreg,0,0,369,1d8ec0aa2dde44562bea9e56edd84aafdefd120268eb03e844526b3528ccc5fb,no,no,0.6003299355506897,0,2
supply_chain_disclosure_best_practice_audits,embed_base_logreg,0,1,370,d62cebfdc280570fae7895fb04d0666af038f0325c877e2bf486cc8aab9b741f,no,no,0.7024955749511719,0,2
supply_chain_disclosure_best_practice_audits,embed_base_logreg,0,2,371,18b3aa7da2676a92694698ba51e9d1406f32f4d2e6a4f456717df617b747dc27,no,no,0.6519001722335815,0,2
supply_chain_disclosure_best_practice_audits,embed_base_logreg,0,0,372,d2101f76c6dfeb150215dfc3c747d278ed02b68c118346418eff466ec7e58111,no,yes,0.5511634349822998,0,2
supply_chain_disclosure_best_practice_audits,embed_base_logreg,0,1,373,04ab2f27eec1c522ad9e668f4c68200eeab67868264dbf343658dc8d9a1c8f45,no,no,0.5692827531909123,0,2
supply_chain_disclosure_best_practice_audits,embed_base_logreg,0,0,374,98d820923bcd03faee2d85e8d8a5a6c16f2d445795a1c658130203c5766b0497,no,no,0.5317881107330322,0,2
supply_chain_disclosure_best_practice_audits,embed_base_logreg,0,2,375,f712982ec8f374fc723b5aee46de82200f2a4f333ae3e6fb45e1aecd1916c30d,no,no,0.600867748260498,0,2
supply_chain_disclosure_best_practice_audits,embed_base_logreg,0,4,376,d56330358a4f915da1d08b99375ace062ef622d4a645a2c4476474c8a6303f10,no,no,0.5551028417081487,0,2
supply_chain_disclosure_best_practice_audits,embed_base_logreg,0,1,377,1b424930328a00849ed3e051ff08961ed0d9abdacf308421a660728083fa9062,no,no,0.6230995840757961,0,2
supply_chain_disclosure_best_practice_audits,embed_base_logreg,0,2,378,e08f36d3835ba4da0d6cb67088f631323be5705467f895cfcf7cacab604f8d65,no,no,0.5494538709358534,0,2
supply_chain_disclosure_best_practice_audits,embed_base_logreg,1,2,0,9d54e6c772949bfb6b364e2d7006fb131ac4294d6529566b2d88c78014eb6a1d,yes,yes,0.7872154712677002,1,1
supply_chain_disclosure_best_practice_audits,embed_base_logreg,1,2,1,6bd8ec1448ec24fd291dc77052268939f67f9cfea5b76bd69388e542e0b53419,yes,yes,0.7590611577033997,1,1
supply_chain_disclosure_best_practice_audits,embed_base_logreg,1,3,2,cfd25f9be7d33e9e2626fa8f008705300a927fdffb8d298eb046111abadd5313,yes,yes,0.5292547345161438,0,2
supply_chain_disclosure_best_practice_audits,embed_base_logreg,1,1,3,2f6b42c2613958a15c6634faad8dce008342e61c935053e805fb0f1fff7e4aa5,yes,yes,0.5484942197799683,0,2
supply_chain_disclosure_best_practice_audits,embed_base_logreg,1,1,4,dd521a35f676e54ddd4c10353a5b613a177a8c4ab4053780ebfac40ccda839f6,yes,yes,0.5115768909454346,0,2
supply_chain_disclosure_best_practice_audits,embed_base_logreg,1,4,5,33e4c0559a94c7dce28fd5c76870036003e5e62eed6cf35cdc1c63a6b0a6569f,yes,yes,0.5652733445167542,0,2
supply_chain_disclosure_best_practice_audits,embed_base_logreg,1,3,6,fb9db00dc94a7d11b1f1dc759bdaa0ab4132a345c4f4c79fa1b99a4f3feabec7,yes,yes,0.5603403449058533,0,2
supply_chain_disclosure_best_practice_audits,embed_base_logreg,1,3,7,a3a6ab356fbf9711c2b5414d31490eead3dd8e73d43141d8c1c133c314b5f163,yes,yes,0.5960622429847717,0,2
supply_chain_disclosure_best_practice_audits,embed_base_logreg,1,1,8,7a0cea15013a413c9095a12a26a110ad23082840e0980ef5ea664df3aa587c79,yes,no,0.5749229021393388,1,1
supply_chain_disclosure_best_practice_audits,embed_base_logreg,1,1,9,ded19f85f9c4d9d7f469200e17647cd8ecc12c2da48288385855657ec1b5adf5,yes,yes,0.5482807159423828,0,2
supply_chain_disclosure_best_practice_audits,embed_base_logreg,1,1,10,edbc6a22c498b82bac2202f1e46acbeaedfb015c0444653d0b0aeb6099e37ff7,yes,yes,0.5564030408859253,0,2
supply_chain_disclosure_best_practice_audits,embed_base_logreg,1,4,11,72cbb74b67a42c66920815b763cc6896803bfbe9a4dde82490f10909e1dfcbec,yes,yes,0.6409911513328552,1,1
supply_chain_disclosure_best_practice_audits,embed_base_logreg,1,0,12,b6f77759748e520cb2650c9d05bfabeb352e52aeb1c443de23d4c8058ffbae34,yes,yes,0.5122876167297363,1,1
supply_chain_disclosure_best_practice_audits,embed_base_logreg,1,3,13,dade26e8398dbb799fd50eb54dbcd3e6ab8b4c274c793f921a58a02434c8b920,yes,yes,0.5145699977874756,0,2
supply_chain_disclosure_best_practice_audits,embed_base_logreg,1,3,14,ca680947ea1c383262052c8e93e441eefb9f5c56853cfdc57b710b6763858524,yes,no,0.6659351388831395,1,1
supply_chain_disclosure_best_practice_audits,embed_base_logreg,1,4,15,6567baee48eaca37363905900994df097ee69c55020b441e3135e706805c61aa,yes,yes,0.8163183927536011,1,1
supply_chain_disclosure_best_practice_audits,embed_base_logreg,1,3,16,3f83f1e16a6ae23ed6f0bb9678979f85323df70d52e5af7828b1bed5744918b1,yes,no,0.5559513568878174,0,2
supply_chain_disclosure_best_practice_audits,embed_base_logreg,1,1,17,37ed9ddde655fb5e0bedd0751e547d4b678cb2a4faeb1a803f4fde03b96df247,yes,yes,0.530462920665741,0,2
supply_chain_disclosure_best_practice_audits,embed_base_logreg,1,2,18,927e63eace0a5b571aaae87c06d33ec73b502b226e5e07f69211aac675c9199d,yes,yes,0.6969627737998962,0,2
supply_chain_disclosure_best_practice_audits,embed_base_logreg,1,3,19,67595c9be4cf851988bc1fc7cdcedef276346c043520046d91bb26c48edac6cc,yes,yes,0.5867849588394165,0,2
supply_chain_disclosure_best_practice_audits,embed_base_logreg,1,4,20,97859a9430e770c53776bdb64bcac6e1057b25056282b1a971f3143449b8ae52,yes,yes,0.5266904234886169,0,2
supply_chain_disclosure_best_practice_audits,embed_base_logreg,1,0,21,d70648593b74ef9e2bc2de57c4dd94c2323fa8cd58e0083ea94ae75980c167fd,yes,no,0.5035591125488281,0,2
supply_chain_disclosure_best_practice_audits,embed_base_logreg,1,2,22,52f6bfce60e5ece10730f4e80ac4d6d0a44cf613425838d5b0805482b44527f6,yes,no,0.6236630082130432,0,2
supply_chain_disclosure_best_practice_audits,embed_base_logreg,1,2,23,e50372eb04052599ab62fed9665c237fbb1fafd32f6502757f0d0bc648ee5072,yes,yes,0.746306836605072,1,1
supply_chain_disclosure_best_practice_audits,embed_base_logreg,1,0,24,450bbed24b34b5272d476f23a5de997f8ff5490a0e106d7cdec0c059964c5c25,yes,yes,0.5062360763549805,0,2
supply_chain_disclosure_best_practice_audits,embed_base_logreg,1,0,25,f2116c063ca557116fe78a21ccd8f5607276835e91875fc11bf12932dddc984f,yes,no,0.5018266289881876,0,2
supply_chain_disclosure_best_practice_audits,embed_base_logreg,1,3,26,aafd7fd03c4909c8dc45f9cb2cd65c636a86fc13ac4f6c08c449151b9a47fef7,yes,yes,0.5137730240821838,0,2
supply_chain_disclosure_best_practice_audits,embed_base_logreg,1,1,27,33043270153f967b1fcebdd792621661d4f1066634cad83e35b51a515630ac38,yes,yes,0.5187315344810486,0,2
supply_chain_disclosure_best_practice_audits,embed_base_logreg,1,3,28,43294ee8c35a7c5c0a600a0522b094cbf6660d69944080ca876844efa92382dc,yes,yes,0.5096160769462585,0,2
supply_chain_disclosure_best_practice_audits,embed_base_logreg,1,1,29,b68f1b883214616d4922a65d201ee2ea9db1a0122864b78ccbbf5ee46c7a8f7b,yes,yes,0.5563193559646606,0,2
supply_chain_disclosure_best_practice_audits,embed_base_logreg,1,1,30,7310ac62e99a4e8b1a34fce3d7086304d24c92e3534b4100b1c05e58506ac4b1,yes,no,0.5076384544372559,0,2
supply_chain_disclosure_best_practice_audits,embed_base_logreg,1,2,31,b32275d570cb22080951b4812db4ef3e116eb01260737efd0035c8ac82e331f9,yes,yes,0.574977457523346,0,2
supply_chain_disclosure_best_practice_audits,embed_base_logreg,1,1,32,052895a7e776122c3bd93f43e5a766518ea710c81cd2d76001ab5d8e1a8e9576,yes,yes,0.5105418562889099,0,2
supply_chain_disclosure_best_practice_audits,embed_base_logreg,1,0,33,92cd4852e93b427437a48160221b761b265339694e1e9e4b6fbb4078283d47dd,yes,yes,0.5057549476623535,0,2
supply_chain_disclosure_best_practice_audits,embed_base_logreg,1,2,34,a63bbe340e7e5559ab344685986e27ba29e7856a2bb43f559677d60bd6372b49,yes,yes,0.7277564406394958,0,2
supply_chain_disclosure_best_practice_audits,embed_base_logreg,1,3,35,4c66ac71222d0b9ea3d8106a65704219a05af6e124369c676e6d84e9e05eef96,yes,yes,0.7470113039016724,1,1
supply_chain_disclosure_best_practice_audits,embed_base_logreg,1,4,36,5a71be10ab1bfb61b9c98e5a9adce211ebf7cc64b75c2fe894b2da8f4f438624,yes,no,0.5773921012878418,0,2
supply_chain_disclosure_best_practice_audits,embed_base_logreg,1,2,37,7a943e9ef37d479a877b40d230449fde8ef8985c43c5795a2b67ad1a560ec3dd,yes,no,0.6333804130554199,0,2
supply_chain_disclosure_best_practice_audits,embed_base_logreg,1,2,38,eebfae389e1805a6524964b0a815e9e64c44ec4245148015e3ee4de8084556cf,yes,yes,0.7884414196014404,1,1
supply_chain_disclosure_best_practice_audits,embed_base_logreg,1,0,39,242ffbc9b3e5ff9fb89c658b1348a67d708b3cbbc0707ba7991cf585da68498d,yes,yes,0.502927839756012,0,2
supply_chain_disclosure_best_practice_audits,embed_base_logreg,1,0,40,6d4f73e7a6d1fea0e78502ec3d78016b8d7cc091321e361a13bcbc1c64abbc92,yes,yes,0.5005596876144409,0,2
supply_chain_disclosure_best_practice_audits,embed_base_logreg,1,3,41,e91b405667ff2e3c59a366f14d4e69a85adf7b37adfbe5cc0d4f68d3ff850477,yes,yes,0.5837795734405518,0,2
supply_chain_disclosure_best_practice_audits,embed_base_logreg,1,0,42,df4b5ecfdae8b9a769a3ceef89c8f2943eff05ffdb56a25b5ff2517b2a5774ad,yes,yes,0.5011517405509949,0,2
supply_chain_disclosure_best_practice_audits,embed_base_logreg,1,4,43,68dff8e9beb989b03b38607e665e4d5372e148fe089e55d47bec6692aea9c76a,yes,yes,0.5886676907539368,0,2
supply_chain_disclosure_best_practice_audits,embed_base_logreg,1,4,44,473f02f9766d1a9408898f92db8c82504af7648bb43d66a2d58ba393ad110cea,yes,yes,0.619912326335907,0,2
supply_chain_disclosure_best_practice_audits,embed_base_logreg,1,3,45,40b81122b3ce13d0b02d3855a778d59dfa74dfe699922ad1cd59e4c945a11085,yes,yes,0.6044506430625916,0,2
supply_chain_disclosure_best_practice_audits,embed_base_logreg,1,3,46,be386186c94960b560719aa9801a2b53b610974576c933522e3bf0b7de9f75ee,yes,yes,0.5875977873802185,0,2
supply_chain_disclosure_best_practice_audits,embed_base_logreg,1,0,47,54ba1171dd088353ea0094c11e682cce0bda3cce8961ca9686b40b33a7462851,yes,yes,0.5120155215263367,1,1
supply_chain_disclosure_best_practice_audits,embed_base_logreg,1,2,48,a5cd9829d0bb6680b12c38d718acd91f080de69f112a33da5f30ee6a651da5bd,yes,no,0.5482970476150513,0,2
supply_chain_disclosure_best_practice_audits,embed_base_logreg,1,0,49,a60b58ec65949fd64e04a7930db1d4f38f18d50de6cc77f83c3a1f018bb35971,yes,yes,0.5042834281921387,0,2
supply_chain_disclosure_best_practice_audits,embed_base_logreg,1,2,50,258ee064efae6bfc773d9e688e0e04507092de9bb4d6c023bdd08088ce9b7d0a,yes,no,0.6002526879310608,0,2
supply_chain_disclosure_best_practice_audits,embed_base_logreg,1,0,51,3bb5ff0604197b2135281a129b8db0a49cf99b97683131f2595801f5a3538e48,yes,yes,0.5056512355804443,0,2
supply_chain_disclosure_best_practice_audits,embed_base_logreg,1,3,52,4124b6eeb003417bd70564ba2fde31be4a267b867426f07b7e40d3a5a42b955e,yes,no,0.5233755111694336,0,2
supply_chain_disclosure_best_practice_audits,embed_base_logreg,1,2,53,6795adbe04130c6f667f1f3bfdf4477f9426ec504d554b86e3442d6bc01c64b3,yes,yes,0.6269469857215881,0,2
supply_chain_disclosure_best_practice_audits,embed_base_logreg,1,4,54,b624a5abb6fe61a77543f57ce95b180f41e23f122d7ea978a7f03a9080d0c117,yes,no,0.5089451670646667,0,2
supply_chain_disclosure_best_practice_audits,embed_base_logreg,1,0,55,6434dbb7f593fcc55b97b67e6ab2b3bc4e6b0d9e0842c8fdbf3d79acd062e711,yes,yes,0.5022459030151367,0,2
supply_chain_disclosure_best_practice_audits,embed_base_logreg,1,4,56,2c5af191cf4c83284d0d480817f743f471028484b87e6533b0919f79d8be73da,yes,yes,0.5953206419944763,0,2
supply_chain_disclosure_best_practice_audits,embed_base_logreg,1,3,57,1a95135ede09d2e63bd6b4a843062ac4af61a3fd3b03ede6d720351b54846dc4,yes,yes,0.6418521404266357,1,1
supply_chain_disclosure_best_practice_audits,embed_base_logreg,1,0,58,1810bea0a08d73c32b1805b8831178ca0ab8528b2d0f8ac88247661a6e69f8e7,yes,no,0.5060319900512695,0,2
supply_chain_disclosure_best_practice_audits,embed_base_logreg,1,3,59,5a2d69bd4e38c3951efb30708a40e3f4a39f104d84721cbf8c545d5ebbf5a979,yes,no,0.5871837139129639,0,2
supply_chain_disclosure_best_practice_audits,embed_base_logreg,1,0,60,46835c7ca7f9d3ed9aac3bf85af18fe4658a5d4cecd054ad6219f1b379266b5a,yes,yes,0.5114158391952515,1,1
supply_chain_disclosure_best_practice_audits,embed_base_logreg,1,4,61,19d22a3d9ae55ee79ad31bf1a33f28b73bf1af23a659ff9b50fd6a039c3c1015,yes,yes,0.70631343126297,1,1
supply_chain_disclosure_best_practice_audits,embed_base_logreg,1,2,62,e0675a87b1557858af49db8846e7da2a54792cca0f4b6687547a06bc21752a64,yes,yes,0.5734133124351501,0,2
supply_chain_disclosure_best_practice_audits,embed_base_logreg,1,0,63,88e18396e51fd530b25dbdba867dee981f99e3bc9ee3e4495b541d3afb24f860,yes,no,0.50562928600224,0,2
supply_chain_disclosure_best_practice_audits,embed_base_logreg,1,2,64,30c8b45d4999cf9de8c3c9318059611dc084dd5f81ec50a3ffefb4c434ea5d10,yes,yes,0.5572423934936523,0,2
supply_chain_disclosure_best_practice_audits,embed_base_logreg,1,3,65,bcc7c3c9238c4ca25a297bba82702f037934c89e424571ce800b424c2d72eb99,yes,yes,0.6330456137657166,1,1
supply_chain_disclosure_best_practice_audits,embed_base_logreg,1,2,66,d37dc7efcf545e24ea668accb8a8fc8c4b2d71c9a6b66829b6e7f5ad5887c55d,yes,yes,0.6279630661010742,0,2
supply_chain_disclosure_best_practice_audits,embed_base_logreg,1,0,67,1ff72a935e2581a73389e968b07a918171d3a71863f799670ce20e0422a77bc1,yes,yes,0.5039886832237244,0,2
supply_chain_disclosure_best_practice_audits,embed_base_logreg,1,0,68,7c213e830f4b18be4e5435844ebc2482efb5672c7e559006f5c1c21d16cce21f,yes,no,0.5007743835449219,0,2
supply_chain_disclosure_best_practice_audits,embed_base_logreg,1,4,69,ca21f83512fd7ebfb00825a9d23131822aec5c635857f75025dae20d8e2aeab9,yes,yes,0.5994382500648499,0,2
supply_chain_disclosure_best_practice_audits,embed_base_logreg,1,3,70,583603f2fa828ad5e7283f6a522153df983d96151dd424e878bb41f458ff420a,yes,yes,0.5699813961982727,0,2
supply_chain_disclosure_best_practice_audits,embed_base_logreg,1,0,71,68f670418f0909105c1cb8844772825fb4ba489c72634c139452928eca657515,yes,yes,0.516598641872406,1,1
supply_chain_disclosure_best_practice_audits,embed_base_logreg,1,0,72,a1ee39468479a4129fcd404c7b033a1667904771c45acb07969e94a5c816f741,yes,yes,0.5125672817230225,1,1
supply_chain_disclosure_best_practice_audits,embed_base_logreg,1,0,73,1bbaf32745507e45914fe877698c77e2517b9dcb02e59aefb755e2cb05b3b6ce,yes,yes,0.5014480948448181,0,2
supply_chain_disclosure_best_practice_audits,embed_base_logreg,1,0,74,6441a25c7e9aacdd81cbb5eb9006df4554ef2b778c49f73b61cb1a87d1e664a7,yes,yes,0.5148552656173706,1,1
supply_chain_disclosure_best_practice_audits,embed_base_logreg,1,4,75,7effe61be9495286cb7aa152dfe4bb187087cfbbadfd5ae74615afccc94ca5a2,yes,no,0.5412797927856445,0,2
supply_chain_disclosure_best_practice_audits,embed_base_logreg,1,1,76,55149e53ccbcecf5b2bec61a13a083d8c80ef7d940bce4e69759bd859b75cf27,yes,yes,0.5608147978782654,1,1
supply_chain_disclosure_best_practice_audits,embed_base_logreg,1,1,77,ee9e57c3f7c911b1fd365b5aaadb5a15128e352364d4bec56ec84467d3ff736a,yes,yes,0.5092434287071228,0,2
supply_chain_disclosure_best_practice_audits,embed_base_logreg,1,3,78,d7b7e1ac46290add16f23c8195170499df669318e8158462abe68741792c3fc7,yes,yes,0.6777387261390686,1,1
supply_chain_disclosure_best_practice_audits,embed_base_logreg,1,0,79,4319a82278965a186ff1f30c53989cec45e638b378eab1febcbeb65f23fabe9f,yes,no,0.5010838657940586,0,2
supply_chain_disclosure_best_practice_audits,embed_base_logreg,1,1,80,15e57eb32f969fcd0a6f49e9976788796a20f6e9807cda15d025765d4a4c6250,yes,yes,0.5131125450134277,0,2
supply_chain_disclosure_best_practice_audits,embed_base_logreg,1,2,81,f1e998799add05735d8e4ef8a7b0680c19790187dbe70fb785f32d106cac896b,yes,yes,0.5717335343360901,0,2
supply_chain_disclosure_best_practice_audits,embed_base_logreg,1,0,82,db23799cc5ac6832bc82fc3c56b81ffda2cf099b7bb8dfc04851c7cc978d3860,yes,yes,0.5110846757888794,1,1
supply_chain_disclosure_best_practice_audits,embed_base_logreg,1,0,83,2ebf21b254356e063ec495bc48e8b427c9cef0e023d6c440ab4695d670fac424,yes,yes,0.5229809880256653,1,1
supply_chain_disclosure_best_practice_audits,embed_base_logreg,1,4,84,f5f05ce191f8e498e77d5a82efe0cc9b7b0caca2cbd03855b4a3c04dd5326f82,yes,yes,0.5719670057296753,0,2
supply_chain_disclosure_best_practice_audits,embed_base_logreg,1,3,85,235ce0ea6083794379941800918b143e04bd02e90f6ca0df77dc219a03def0fb,yes,no,0.5165089522751853,0,2
supply_chain_disclosure_best_practice_audits,embed_base_logreg,1,0,86,675f9e573acd9ee413ee4098ecee6e28c67fb1251f10e277dc5f8251151e9da2,yes,no,0.5064872654225607,0,2
supply_chain_disclosure_best_practice_audits,embed_base_logreg,1,2,87,2ff95ae87bf0173ba35ce7803ee7e2b6c3e55da5408e2849e2db1bf6be370c1f,yes,yes,0.709974467754364,0,2
supply_chain_disclosure_best_practice_audits,embed_base_logreg,1,2,88,c3c72b3814c06b5ae24ea5616a76e6e34d5e65a037e85d1de1b714979534a508,yes,yes,0.8259623050689697,1,1
supply_chain_disclosure_best_practice_audits,embed_base_logreg,1,3,89,1abad7524e193958a5e4e30aeee808127f7d6f94b84907ba346c856b1352d506,yes,yes,0.5464276075363159,0,2
supply_chain_disclosure_best_practice_audits,embed_base_logreg,1,4,90,d226bbab5779ded49db4f0c92048f30f3308fbc33dddc21c3f553fe8f87fcbf8,yes,yes,0.6481475234031677,1,1
supply_chain_disclosure_best_practice_audits,embed_base_logreg,1,0,91,3b4741877764990637a1268063f65f78bb8e594eae6d2906fe8bcd9f4257c7ff,yes,yes,0.504308819770813,0,2
supply_chain_disclosure_best_practice_audits,embed_base_logreg,1,2,92,3bd73a7cf410fc9b3e1ae11778d1f9a5e608ca828bdf80e624f9d0fe092636d8,yes,yes,0.6769800782203674,0,2
supply_chain_disclosure_best_practice_audits,embed_base_logreg,1,4,93,f8a69fcaa6995a987c838bf9355ef0f34e73d762cad7adb46499a4919cd21260,yes,yes,0.5370483994483948,0,2
supply_chain_disclosure_best_practice_audits,embed_base_logreg,1,3,94,2bc816bdb532b4fc74face24637b167b5cd6b7a156ba66b8ecdecca78ddb7a5e,yes,yes,0.646428644657135,1,1
supply_chain_disclosure_best_practice_audits,embed_base_logreg,1,3,95,ab4d67c424e351a53a77b8c8217460def7339c7690bda9807f188c277abf99df,yes,no,0.5490019157826329,0,2
supply_chain_disclosure_best_practice_audits,embed_base_logreg,1,4,96,5acad3a53814dc166c294d6012ee4d9876377e6c7dc9bcd4cb545aae89327aaa,yes,yes,0.5233271718025208,0,2
supply_chain_disclosure_best_practice_audits,embed_base_logreg,1,1,97,025abd17b4aa8cd2ca7b64367d0dae8246cac55217afb5378a32edc5cb032028,yes,no,0.5050740838050842,0,2
supply_chain_disclosure_best_practice_audits,embed_base_logreg,1,0,98,8009af26f9d7407e1ae55cfc4779b4b279c3d930f343295afcb1dabb6c4f5771,yes,yes,0.5066949129104614,0,2
supply_chain_disclosure_best_practice_audits,embed_base_logreg,1,4,99,20ffaa2b9dbb70e5796aaeb58543484710a8828de00250b6639f69c9e65bc92a,yes,no,0.5146784935795812,0,2
supply_chain_disclosure_best_practice_audits,embed_base_logreg,1,3,100,459bed595f402efcac27f2132f647c7bad0622691786e37af3b3902fe7ed6d30,yes,yes,0.7202035188674927,1,1
supply_chain_disclosure_best_practice_audits,embed_base_logreg,1,4,101,031856afb140c703e4a301ce8e6393551af830f3c4945305e23735bdc5dc5e8d,yes,yes,0.5596434473991394,0,2
supply_chain_disclosure_best_practice_audits,embed_base_logreg,1,1,102,6be5c550eecd21d8130ce8d2534fda585336bbd469b636be126d1930496943ef,yes,yes,0.5082709789276123,0,2
supply_chain_disclosure_best_practice_audits,embed_base_logreg,1,1,103,cb1d66fe19e860b6174d574ad92b146dcfb31769b3f045c4268b796d39ace598,yes,yes,0.5239197015762329,0,2
supply_chain_disclosure_best_practice_audits,embed_base_logreg,1,2,104,b8f56656615d580b345dadc70ccbde392c6aa9477d92ffd07eb5fd126fb52749,yes,yes,0.6648145318031311,0,2
supply_chain_disclosure_best_practice_audits,embed_base_logreg,1,4,105,e1e9ff82d278af02d188aaab6558d189bc48fdbc54aed68d83ed47c4cbc0ff08,yes,yes,0.7736457586288452,1,1
supply_chain_disclosure_best_practice_audits,embed_base_logreg,1,1,106,5d2e2af1f56ad0b84e2849ad94c7f9b8502c7f564e8e9948112364d32f117415,yes,yes,0.5130611062049866,0,2
supply_chain_disclosure_best_practice_audits,embed_base_logreg,1,1,107,7c0433d913d5d9e83b1a7479c578dedbb65de78fd669dac303b240517f525ac7,yes,yes,0.5051649212837219,0,2
supply_chain_disclosure_best_practice_audits,embed_base_logreg,1,0,108,487257cd89e1e218cee478fba0884b272dc42d42a47b82dd366d389a8b5db279,yes,yes,0.501683235168457,0,2
supply_chain_disclosure_best_practice_audits,embed_base_logreg,1,0,109,a65ed6ff518a4c68f06e526e47cb1116cb4661c3ed635c6780dd4806b5cde7bb,yes,yes,0.5043935179710388,0,2
supply_chain_disclosure_best_practice_audits,embed_base_logreg,1,2,110,6c8d0687947cec71e1a1cb8a1383c11e0adb47d0e54ea48aafdb5a03e950fee1,yes,yes,0.5806906819343567,0,2
supply_chain_disclosure_best_practice_audits,embed_base_logreg,1,0,111,642eb832cde6ce9f5b08d631301f2eeff3be1414e98cb19a29c1e9a2ba1c24c6,yes,yes,0.5027756690979004,0,2
supply_chain_disclosure_best_practice_audits,embed_base_logreg,1,4,112,375dbda1e8323ea8520c1f6256c9b927c68151c652c6b58105a00d1ab2271c9c,yes,yes,0.6592369079589844,1,1
supply_chain_disclosure_best_practice_audits,embed_base_logreg,1,2,113,b19887857cd233945689ec8336c60d2f73d70846421c657f0be1c6a92bbc7518,yes,no,0.561424195766449,0,2
supply_chain_disclosure_best_practice_audits,embed_base_logreg,1,2,114,f0a3886cf3e1d2070dc523492943cfcd3e499d24b52fc793a0fb7725adfe16f2,yes,yes,0.8280176520347595,1,1
supply_chain_disclosure_best_practice_audits,embed_base_logreg,1,0,115,376f27182efb4c1fe0ce63cffb0beea5d342c2296eb0f8a9e57769b2078f92c6,yes,no,0.5028584153311972,0,2
supply_chain_disclosure_best_practice_audits,embed_base_logreg,1,4,116,672f49a21e2f43bf1d7affa3e679d9d23f2677e346077297c3ce8c69996abc9f,yes,no,0.6146688278118125,0,2
supply_chain_disclosure_best_practice_audits,embed_base_logreg,1,1,117,e04a261511b639d13eff7977e3a3d96a624c24da4e20bcea440d03ce7e3ae68e,yes,yes,0.5522726774215698,0,2
supply_chain_disclosure_best_practice_audits,embed_base_logreg,1,3,118,c95024d3b100f9153f41395f2e5c661f54c684d7d8038f764a81c77987cd944c,yes,yes,0.7016857862472534,1,1
supply_chain_disclosure_best_practice_audits,embed_base_logreg,1,1,119,0c2fd8335e8a32cd836ad0fac339e53728d9dd1b1739ac86260707d4b7cf5102,yes,yes,0.5050458908081055,0,2
supply_chain_disclosure_best_practice_audits,embed_base_logreg,1,1,120,fc4c958267d1a005d1c9d5f0ac60c24f69650d1fbb89a618551194f3abb45a0a,yes,yes,0.5154157876968384,0,2
supply_chain_disclosure_best_practice_audits,embed_base_logreg,1,4,121,0efe9e66d9baf00c14469130c1d532f4abeb43c7f893eae6a44dab6313d4fb74,yes,yes,0.6348272562026978,0,2
supply_chain_disclosure_best_practice_audits,embed_base_logreg,1,1,122,459a17fd7ed2fb62ccf60f909dab8f4e9f41f8f620571c720e0d6449b3243f1c,yes,yes,0.5244433283805847,0,2
supply_chain_disclosure_best_practice_audits,embed_base_logreg,1,1,123,8c190cb913388a32b8ef0c5126e5c392d243b3583fd89923b21d8621b7f16f97,yes,yes,0.5124505162239075,0,2
supply_chain_disclosure_best_practice_audits,embed_base_logreg,1,3,124,dece42af518250889be48080639ae862a6244394a9cfabf7ce7c4af677218640,yes,yes,0.5310730338096619,0,2
supply_chain_disclosure_best_practice_audits,embed_base_logreg,1,4,125,40b7a53af6c489016a3c39a0c23daaf2b4ff6197c2b53acaf1ee59067d17b38a,yes,yes,0.5795494318008423,0,2
supply_chain_disclosure_best_practice_audits,embed_base_logreg,1,2,126,929891ba31548db1aa694753669e3c24a30e1788a99151d98b539c39011f0c6e,yes,yes,0.6471031308174133,0,2
supply_chain_disclosure_best_practice_audits,embed_base_logreg,1,4,127,9ffb371008bdf3d9905cc135199ff19454aa55be24ff6556d8f180a5a82601c4,yes,yes,0.7469684481620789,1,1
supply_chain_disclosure_best_practice_audits,embed_base_logreg,1,1,128,4cbcd769a0f437d0d8cac94bce5b472c7304848c39ba945db73525d09dd92f29,yes,no,0.515579104423523,0,2
supply_chain_disclosure_best_practice_audits,embed_base_logreg,1,3,129,28443bea33a9cfa2056f9e550d7afacc19053d096a108db12f87a2e90de7ad14,yes,no,0.5594722199282711,0,2
supply_chain_disclosure_best_practice_audits,embed_base_logreg,1,1,130,53b1a4e96ad74195e550599949adc135a68d11a2761b215e2d3c5f78fac20ff4,yes,yes,0.5137782096862793,0,2
supply_chain_disclosure_best_practice_audits,embed_base_logreg,1,4,131,457aa4a03d6d45f3e6544e847d352d46186cccc1f81d8cb481bf644db7af99f3,yes,yes,0.5552611351013184,0,2
supply_chain_disclosure_best_practice_audits,embed_base_logreg,1,2,132,b36c6cc2c4974c8c6877811a1a305dea8be3cb2d15bde1c0c9eb16c92139773f,yes,yes,0.7925394773483276,1,1
supply_chain_disclosure_best_practice_audits,embed_base_logreg,1,4,133,95a16109c1891d82eeafded1e727f6561d5e8c7475e3e4e26d3c11ca744c6547,yes,no,0.5095983147621155,0,2
supply_chain_disclosure_best_practice_audits,embed_base_logreg,1,0,134,921b410be7bc7b2de67384cb33f2212547c80d1e0d373fde36b9efa85af4bbd2,yes,yes,0.5139040946960449,1,1
supply_chain_disclosure_best_practice_audits,embed_base_logreg,1,1,135,4a3619506781d26fc853745317c36841d51d17c4453fa9792f2a6ec932c1b7f9,yes,yes,0.5881823897361755,1,1
supply_chain_disclosure_best_practice_audits,embed_base_logreg,1,2,136,30a167de20776b14c84cbc4a797def3569824661dd4a47f98a8e2cf261e55c03,yes,yes,0.5528905391693115,0,2
supply_chain_disclosure_best_practice_audits,embed_base_logreg,1,2,137,391ccdc3a1a0f1231bbac5db1ce4e442afa3f3d79dc8b4293b88f93209811a6d,yes,yes,0.6837998628616333,0,2
supply_chain_disclosure_best_practice_audits,embed_base_logreg,1,0,138,151ef6b81c9ba20818d173a6b34a499bd330ac8b55583759ebc444cb3e997ee9,yes,no,0.5063952803611755,0,2
supply_chain_disclosure_best_practice_audits,embed_base_logreg,1,1,139,00f788466575e92cb6cd9b6bece2b76116328a72f455bfbf1b31c1a61e42a48e,yes,no,0.5386795837080602,0,2
supply_chain_disclosure_best_practice_audits,embed_base_logreg,1,0,140,ef2c6382e5dc53301bd218ec96105515da4a8331f35b814e7a7f38ea085ce13f,yes,yes,0.5063883662223816,0,2
supply_chain_disclosure_best_practice_audits,embed_base_logreg,1,0,141,04288152a54520da15135a2da000a2cf47ca7108eb4ed77b37713dc7ead5834b,yes,yes,0.5050650238990784,0,2
supply_chain_disclosure_best_practice_audits,embed_base_logreg,1,1,142,78781bf0a8697fd3f3409d0b8bd3967222d89b46f61f1ec355bda7d55721e5e4,yes,yes,0.5199496746063232,0,2
supply_chain_disclosure_best_practice_audits,embed_base_logreg,1,3,143,3c7c5ae2aa151786ba4a73c291ce5e1a0a2b03a30c29cf3328495fb37d9aece7,yes,yes,0.6765943169593811,1,1
supply_chain_disclosure_best_practice_audits,embed_base_logreg,1,2,144,2509ba56d644ea014a3e0fa3d0d6874c3cd2c6a28788f805fd9c6758e313ab8f,yes,yes,0.5338876843452454,0,2
supply_chain_disclosure_best_practice_audits,embed_base_logreg,1,4,145,01eca6a511ea344abc3cf6dee3b61342273cacd73fd16da7f8f69dbf49142d75,yes,yes,0.6282064914703369,0,2
supply_chain_disclosure_best_practice_audits,embed_base_logreg,1,2,146,a16e8a50ee6e37a4589de3344628e84d9c80280c3ba92ec3972f6b853cbf7c2e,yes,yes,0.7843096852302551,1,1
supply_chain_disclosure_best_practice_audits,embed_base_logreg,1,3,147,45bd51009e1e64c672134259f2b5ede08866a003283780b51c4818c318a172fc,yes,no,0.5946349501609802,0,2
supply_chain_disclosure_best_practice_audits,embed_base_logreg,1,4,148,9e1afd1f029efd031171df47a2ca39fb5420f30cd60b2fd9e1b0a8875cd25e49,yes,yes,0.5985828042030334,0,2
supply_chain_disclosure_best_practice_audits,embed_base_logreg,1,1,149,4b31ff48711f468ee6a1562ebc1e3389c382fd1c448638c0eda617de2469b754,yes,yes,0.5291644930839539,0,2
supply_chain_disclosure_best_practice_audits,embed_base_logreg,1,0,150,0d783ce52643a830262a183e1f3340dfa5e11782478d1c01ad53d0076c4c73d4,yes,yes,0.5158773064613342,1,1
supply_chain_disclosure_best_practice_audits,embed_base_logreg,1,0,151,baace2e4253ecc8d61872f3b64835bb002f2a49a97e7d4c31adc7b078bc0a85f,yes,yes,0.5101432204246521,1,1
supply_chain_disclosure_best_practice_audits,embed_base_logreg,1,2,152,396d5edabfc1cc0317011328bc857e25c1640c119ce86f4b99f02862697e7df8,yes,no,0.7423273921012878,1,1
supply_chain_disclosure_best_practice_audits,embed_base_logreg,1,1,153,0c532687e912f2d64ff38f5eed8a18b3179c544a30dd454a0e4adc0617bafbef,yes,yes,0.5390183329582214,0,2
supply_chain_disclosure_best_practice_audits,embed_base_logreg,1,4,154,607ecb634c0681303ee57bf7366b51214e7db74d4d4c0675d3806628cffdbffb,yes,yes,0.5193830132484436,0,2
supply_chain_disclosure_best_practice_audits,embed_base_logreg,1,2,155,14759c3262b6131be28f172314d3243dbc099f7cb099c03a4e85397e876c8b56,yes,yes,0.8629100322723389,1,1
supply_chain_disclosure_best_practice_audits,embed_base_logreg,1,3,156,32260ecf26035d5e5df015a53c55c1fa3414a446aee4f3709c38ccf58df0ca66,yes,yes,0.5484865307807922,0,2
supply_chain_disclosure_best_practice_audits,embed_base_logreg,1,3,157,5ae1b1df5103d563678ef0e3bd377743146e4315d7a2bf0c895ece3a203e57a5,yes,no,0.7297491809800511,1,1
supply_chain_disclosure_best_practice_audits,embed_base_logreg,1,3,158,5d1fc63f4139faae3bfe28443da26e285c4bb8f1d308b6ff4b7b1b75cc2c1e80,yes,no,0.5086870789527893,0,2
supply_chain_disclosure_best_practice_audits,embed_base_logreg,1,1,159,39e33483b6daed03fd99c05cd1c125e6b18f5af6c51ec943acdeaa4b1ee84166,yes,yes,0.5099030137062073,0,2
supply_chain_disclosure_best_practice_audits,embed_base_logreg,1,1,160,3daa8ec03c0ed46a2b9f72cbb4723307035f5c52b6f89d28317e2a6b303d6247,yes,no,0.5572408437728882,0,2
supply_chain_disclosure_best_practice_audits,embed_base_logreg,1,4,161,0c82ffaee114b837e9f974f4e80361b373b8c00d329a258aa8a80fb9b1f4e398,yes,yes,0.528673529624939,0,2
supply_chain_disclosure_best_practice_audits,embed_base_logreg,1,2,162,07c6e827cc6c23cd27132b4c99cdd5e4258ea66c0b532d59b29055c8e5cedc14,yes,yes,0.7333101034164429,1,1
supply_chain_disclosure_best_practice_audits,embed_base_logreg,1,2,163,575b6c919a2ada10f464c7b46bc2b934726e9c993c82384121938de3ec6d3259,yes,yes,0.8269123435020447,1,1
supply_chain_disclosure_best_practice_audits,embed_base_logreg,1,0,164,21bfadb1e773c7ba5a13997f0fb26b6975502bebe37fe323b42580c521a1600f,yes,yes,0.5167704224586487,1,1
supply_chain_disclosure_best_practice_audits,embed_base_logreg,1,0,165,562ebd404575617d0f8d7b9efb34742cf5ddd488563c2500c9aec2ca6c214663,yes,yes,0.5040488839149475,0,2
supply_chain_disclosure_best_practice_audits,embed_base_logreg,1,1,166,78456786d204455184c362ece71adf15b8e1a55b2b2e857ebb83507e9881cb4e,yes,yes,0.514815628528595,0,2
supply_chain_disclosure_best_practice_audits,embed_base_logreg,1,1,167,6ea4297c021e920636315a3b8cd9f75283c91cc9053cccc8f74a085fac3ff9e6,yes,no,0.5077784061431885,0,2
supply_chain_disclosure_best_practice_audits,embed_base_logreg,1,4,168,d7246cb68425a99318147f0f1fe2dcbb042807eb08603cbe9904847610a446e0,yes,yes,0.6025566458702087,0,2
supply_chain_disclosure_best_practice_audits,embed_base_logreg,1,4,169,f8401a13ab0b03ea07669144d0d263b35b0c21e834a4da3c577de48bdf482495,yes,yes,0.6000654697418213,0,2
supply_chain_disclosure_best_practice_audits,embed_base_logreg,1,4,170,a4e29359bcaec8e1536b48faecaba98004ae3f5854c7402ba7740252b24e59ec,yes,yes,0.5788070559501648,0,2
supply_chain_disclosure_best_practice_audits,embed_base_logreg,1,3,171,61bcec93f20473c4dd8792a0590cd52ebb4e73b93cce84104e1821b66585ae36,yes,yes,0.5392337441444397,0,2
supply_chain_disclosure_best_practice_audits,embed_base_logreg,1,0,172,051d82ea698c7defeb37ae5b11301eca98346930ddd52562f9aea2bbac1b413d,yes,yes,0.5011005997657776,0,2
supply_chain_disclosure_best_practice_audits,embed_base_logreg,1,1,173,ef497929adb29de6160875c9594ed91f6ec6548653bca2492ebcd49f7324e9b1,yes,yes,0.5006960034370422,0,2
supply_chain_disclosure_best_practice_audits,embed_base_logreg,1,2,174,93bb3e29ce9e7036bd4c6725e22905194dfbb28fbe4e38678c89b9588ae43da4,yes,yes,0.531225860118866,0,2
supply_chain_disclosure_best_practice_audits,embed_base_logreg,1,4,175,dd5ea83860728cd69a48d8ee326e7998b3e4d597bd167390eff08fab3423660d,yes,no,0.5178218042201341,0,2
supply_chain_disclosure_best_practice_audits,embed_base_logreg,1,3,176,acf95ae6504008b3675b5a6e1d34dcf3e2ae5a31a2c52ab178689b08b1e52318,yes,yes,0.6931176781654358,1,1
supply_chain_disclosure_best_practice_audits,embed_base_logreg,1,2,177,feb00174787409b226e12959e1eec4d9c76105dcc553753d24bfa85b06fa13a8,yes,no,0.5300995707511902,0,2
supply_chain_disclosure_best_practice_audits,embed_base_logreg,1,1,178,4e157c907f1a39c4736c42962bdcd0647aba4fc2d56996b1a7d865e6fed2b387,yes,yes,0.5585099458694458,1,1
supply_chain_disclosure_best_practice_audits,embed_base_logreg,1,3,179,b01aaacbff761f1d09ba1fd4477b90c6e5723fbf33f70d4a6c4092180818be85,yes,yes,0.5629473328590393,0,2
supply_chain_disclosure_best_practice_audits,embed_base_logreg,1,3,180,21caaa5906e5a0b027392e17755bdb5e69f2fbeeab9457431ce75f2563ed54f7,yes,yes,0.5778141617774963,0,2
supply_chain_disclosure_best_practice_audits,embed_base_logreg,1,2,181,596504be5142fc5222baf19af3a06f62e1c31bdf6053136081a7aa8300a515c0,yes,yes,0.5590054392814636,0,2
supply_chain_disclosure_best_practice_audits,embed_base_logreg,1,2,182,b0825404cd40d6659e58b65251fa3700b8ca36acce0c7e74e5ec60d73f009c2b,yes,yes,0.6118236780166626,0,2
supply_chain_disclosure_best_practice_audits,embed_base_logreg,1,2,183,2c330a1ba17f5fd6fcbe0c35d683859c0e61aae4aad2422c88ecae48ec2fb137,yes,yes,0.6659445762634277,0,2
supply_chain_disclosure_best_practice_audits,embed_base_logreg,1,4,184,1531fdb46dfdd8cefa201ef9546bdc219dc7ec61de3612565a5a597833bca11c,yes,yes,0.5387025475502014,0,2
supply_chain_disclosure_best_practice_audits,embed_base_logreg,1,0,185,ed5516e94ba0f9873e91a7c51a694a4b275288be9b383d487d2c473eec82d333,yes,yes,0.5148857831954956,1,1
supply_chain_disclosure_best_practice_audits,embed_base_logreg,1,1,186,d03e6766a02ffc8423ba39940ce8a69fd03ea5e93edfb327af258dabd75c9e5e,yes,yes,0.5072191953659058,0,2
supply_chain_disclosure_best_practice_audits,embed_base_logreg,1,4,187,8a81109a73b838cbc58d4bf69f51eb6f1dee99da7818cde561d4cc9350058f7c,yes,yes,0.5882468819618225,0,2
supply_chain_disclosure_best_practice_audits,embed_base_logreg,1,1,188,ad8df74a5604a274f191b30942519d471ef007f2cb2afc12ca66cd73490f140b,yes,yes,0.5664144158363342,1,1
supply_chain_disclosure_best_practice_audits,embed_base_logreg,1,3,189,3236cea34e746c2854726aafd2b42f4c763e91efd983f92bd5d46b37934ce701,yes,yes,0.5074270367622375,0,2
supply_chain_disclosure_best_practice_audits,embed_base_logreg,1,2,190,244d7fc55eab9fe22ac8639ef434c9d3948c9bedb7453b1980ec8f1229bb2c68,yes,yes,0.6545661091804504,0,2
supply_chain_disclosure_best_practice_audits,embed_base_logreg,1,4,191,5b777db784a0ad2ff2f63cd6ac341cec919f6db8e66c1a7c8afcca4bda0856f1,yes,yes,0.6375083923339844,1,1
supply_chain_disclosure_best_practice_audits,embed_base_logreg,1,1,192,a536c2e629791ea99d535deb51d04d6950ca7e778e2b8fabd5107530ecf3b63d,yes,yes,0.5554395318031311,0,2
supply_chain_disclosure_best_practice_audits,embed_base_logreg,1,4,193,c1782493d0a641f2d98c277b11023e4adb7fa2fc203ee4dac76fa3dd572915e8,yes,yes,0.6243234872817993,0,2
supply_chain_disclosure_best_practice_audits,embed_base_logreg,1,0,194,c7792639dfd396f47fe6f339c6da513ede7315959767ab9dafb88309769dbab6,yes,yes,0.505675196647644,0,2
supply_chain_disclosure_best_practice_audits,embed_base_logreg,1,4,195,ae215269eaa9afcae52c3c7fad43d01a78c9e122205651439d9bf2e5671676af,yes,yes,0.548914909362793,0,2
supply_chain_disclosure_best_practice_audits,embed_base_logreg,1,0,196,30079533bf5c7357cd70f9cf1cbc13700f5c3e515d3c5ebbe55c0943cb3cd3d3,yes,yes,0.5001612901687622,0,2
supply_chain_disclosure_best_practice_audits,embed_base_logreg,1,3,197,ef8843ad04ca905381cc9dc85e84a4c4e9c5a2861f05e5fce9fa5066e7f7876d,yes,yes,0.6440430879592896,1,1
supply_chain_disclosure_best_practice_audits,embed_base_logreg,1,4,198,7c18061590aa800422b5635e324664e2dc3382d93bdd896d73512fd499719d54,yes,yes,0.5304126143455505,0,2
supply_chain_disclosure_best_practice_audits,embed_base_logreg,1,3,199,56c25d4eb4588f13327a6b3f6d1bf423858c24d3e72ca640819f1aff6fffb588,yes,yes,0.6726986169815063,1,1
supply_chain_disclosure_best_practice_audits,embed_base_logreg,1,3,200,37fb8de488cb40c4b049e28e90cefa770eb07d1059f2e68c706d35d39deaf7a6,yes,no,0.5717791489296898,0,2
supply_chain_disclosure_best_practice_audits,embed_base_logreg,1,0,201,d6943bae94c68dbe413f37141c963ec0da0f265c3d6cd601971199d07c838bcf,yes,yes,0.5043660998344421,0,2
supply_chain_disclosure_best_practice_audits,embed_base_logreg,1,3,202,738411246babffb6b853c81c2ab34295e5db281b7e730293ed8d1ad31e1d30cb,yes,yes,0.6886838674545288,1,1
supply_chain_disclosure_best_practice_audits,embed_base_logreg,1,4,203,4d4c98bf199646728c2a7b80140d0f8bfa90311619ddd101e7e81d8da51eba3f,yes,yes,0.5414767861366272,0,2
supply_chain_disclosure_best_practice_audits,embed_base_logreg,1,2,204,3887f474ec6dfe32935833b72b870ee0ee25207e9c2d7cad91f1d4792356e278,yes,no,0.5416141587014747,0,2
supply_chain_disclosure_best_practice_audits,embed_base_logreg,1,4,205,5183361573f996b8425904aba330bdb33a14f3a40e5a13d71f8a4dfa32ee601c,yes,yes,0.5986226201057434,0,2
supply_chain_disclosure_best_practice_audits,embed_base_logreg,1,3,206,b7fef818a202c62579781f6a16fdc3fbe95b7014de4c7fc7c0bfd72085b49111,yes,yes,0.615413248538971,1,1
supply_chain_disclosure_best_practice_audits,embed_base_logreg,1,3,207,7f71163235d108c9e78fa664d5bef08dabfa91cfbbdcd9f3d08391db22af380a,yes,yes,0.6117266416549683,1,1
supply_chain_disclosure_best_practice_audits,embed_base_logreg,1,4,208,5695147a701cc755d386897ef3916ae914a81943569ef4fe344ca24a43d906ee,yes,yes,0.6181212663650513,0,2
supply_chain_disclosure_best_practice_audits,embed_base_logreg,1,1,209,b18c36bddd3d7b476ce5b9e82b759a1230ce387c9ef91dd060c50f7a7fb551f5,yes,no,0.5019529908313456,0,2
supply_chain_disclosure_best_practice_audits,embed_base_logreg,1,4,210,0a76fce024d1ded8f815f5aeddfd0f478fe16661931e2f3658f76bca65572613,yes,yes,0.6987602114677429,1,1
supply_chain_disclosure_best_practice_audits,embed_base_logreg,1,0,211,b5f480ca28f49024bd818f6af65275cc36a6022530a28fa2648ddb7da3f86839,yes,yes,0.5053322315216064,0,2
supply_chain_disclosure_best_practice_audits,embed_base_logreg,1,4,212,255fd01e686472de43e42c9c117018713274490a02b2df34c1bc9ea698083b88,yes,yes,0.660052478313446,1,1
supply_chain_disclosure_best_practice_audits,embed_base_logreg,1,1,213,c1b7a9f6e0096a280a7cff21a3d2d2a788fda487fb4778bff25572d53d220dd8,yes,no,0.5048385262489319,0,2
supply_chain_disclosure_best_practice_audits,embed_base_logreg,1,2,214,8e4caa63c82cc004c6a03ff6278f68d26b0d6195e385e25392f38000f093728e,yes,no,0.7839341397265833,1,1
supply_chain_disclosure_best_practice_audits,embed_base_logreg,1,0,215,5246f2f270d78e6a7ee150dfeb414ed591d6d868246b224415d78f8dcb33c791,yes,yes,0.5070765018463135,0,2
supply_chain_disclosure_best_practice_audits,embed_base_logreg,1,4,216,dc87f2b33f12048f543e0a8cc1526f23fe4e72f15a6f2f1decf2a602f0eadf1b,yes,yes,0.7293317317962646,1,1
supply_chain_disclosure_best_practice_audits,embed_base_logreg,1,3,217,3045163bc73fcda0d5d8a7800ea68f83f22b0d7e71099dbf8bf7030daca5c21a,yes,no,0.5857944663105746,0,2
supply_chain_disclosure_best_practice_audits,embed_base_logreg,1,0,218,4c7d5ee51cc7b5700e6104e6c501ce5b41ed859fcf48fdb1057af364fba88a8e,yes,yes,0.5045163631439209,0,2
supply_chain_disclosure_best_practice_audits,embed_base_logreg,1,2,219,bd4c1f1cf2fc2181caa3f8384bb1b4d9195039f6a32c4609aa60fff706567b74,yes,no,0.5218878984451294,0,2
supply_chain_disclosure_best_practice_audits,embed_base_logreg,1,0,220,77ad10e7c8d412c275543817ff3fbae1b314666dc24e6b51452fee9982cb31ec,yes,yes,0.5125781893730164,1,1
supply_chain_disclosure_best_practice_audits,embed_base_logreg,1,1,221,be62d87c4255e3586bdf7df9901d04563f034fa4e1c974936be58d86bae1221c,yes,yes,0.5186659693717957,0,2
supply_chain_disclosure_best_practice_audits,embed_base_logreg,1,1,222,c28332da856f34b6a44fb9b64740e960ec60cbce5cfb5a4d5a7697e4796c9b42,yes,yes,0.5629191994667053,1,1
supply_chain_disclosure_best_practice_audits,embed_base_logreg,1,2,223,f5a6277f734ce623abb70561bc333f40c516432889b7170fe537795f0b0d1dfe,yes,yes,0.6326473951339722,0,2
supply_chain_disclosure_best_practice_audits,embed_base_logreg,1,3,224,c40939ccc68ff214deef38f965d504bec913cb7a2f3c74d2ece1a45866e275d9,yes,no,0.6031065583229065,0,2
supply_chain_disclosure_best_practice_audits,embed_base_logreg,1,1,225,829a910f071a32bcafaaa8663dbdf625ce4b5548e0b6c349d0dc9ac3703a1122,yes,no,0.5102835297584534,0,2
supply_chain_disclosure_best_practice_audits,embed_base_logreg,1,2,226,f1638844a53628837ad5d89cfcdeecc0f5bb34cfc57eb62570e26ff4a1cf62da,yes,no,0.5658522675677459,0,2
supply_chain_disclosure_best_practice_audits,embed_base_logreg,1,3,227,902f081f4eba26153cd2c7c4a497205b912767790306d278827259370ff02e5a,yes,no,0.5132917165756226,0,2
supply_chain_disclosure_best_practice_audits,embed_base_logreg,1,4,228,ca1da196f15bf1f779e22e5e1a695d8b7a71804e15e2d5e7feff77800f931548,yes,yes,0.6820549964904785,1,1
supply_chain_disclosure_best_practice_audits,embed_base_logreg,1,2,229,5f6bc442d00e4fa861670fafbb8a27c94547c1508938c9d29e3d899bfc2ba60c,yes,yes,0.6269469857215881,0,2
supply_chain_disclosure_best_practice_audits,embed_base_logreg,1,2,230,f2c4a70d75d38bdb8ddcf24ce6b3bbc1270aa929b58238973c10a2f20dcf0d75,yes,yes,0.7899667024612427,1,1
supply_chain_disclosure_best_practice_audits,embed_base_logreg,1,3,231,8bf9eb09cc0e8fd59010ab76b7c69b9e1e43c539995dc000c6861a83b2d81707,yes,no,0.6137728508182511,1,1
supply_chain_disclosure_best_practice_audits,embed_base_logreg,1,3,232,f7cf08b6965795f5c7d3d054023aac6ccdeabdb48f991c84e2931966f6ad041d,yes,yes,0.5009217262268066,0,2
supply_chain_disclosure_best_practice_audits,embed_base_logreg,1,4,233,1c7fa227e0dc0b3f0683ec2411f95409c3417c9b96f8516a9f76bb71971c3978,yes,yes,0.5296347141265869,0,2
supply_chain_disclosure_best_practice_audits,embed_base_logreg,1,1,234,5f24817add32407e6acc884463b789a68919be44f960ad31c19f73970ec67edd,yes,no,0.5308294454464151,0,2
supply_chain_disclosure_best_practice_audits,embed_base_logreg,1,4,235,f3669d8939961578a7f23f5801a8f8915334ee6e2197feeaffc15c7042fe0c20,yes,yes,0.6043041348457336,0,2
supply_chain_disclosure_best_practice_audits,embed_base_logreg,1,1,236,06c17d0d305d5233112fb0bca036055b06f839ff3e6eef40071ed1a3802d4a7e,yes,yes,0.5377997756004333,0,2
supply_chain_disclosure_best_practice_audits,embed_base_logreg,1,1,237,f3e83ec97ee5386134f54fd9a9f7c19f68cc121dc9f6f5ba2618dfcd1c4b3b66,yes,yes,0.5122997164726257,0,2
supply_chain_disclosure_best_practice_audits,embed_base_logreg,1,3,238,f894ff8baed215fe478a03c4f70e0ae70f1dee90d635e8bf521bcf7c2c5d5d8c,yes,yes,0.5491577386856079,0,2
supply_chain_disclosure_best_practice_audits,embed_base_logreg,1,1,239,0959b643a8baf490de768c9a042a1cff4f7ba07e8c3a35f1d3c88073b5c659bb,yes,yes,0.5091001987457275,0,2
supply_chain_disclosure_best_practice_audits,embed_base_logreg,1,0,240,c603ec107332b17d63d9c056e5827a42faf80cee9ecf616f78b74d7b26aca002,yes,yes,0.5026652216911316,0,2
supply_chain_disclosure_best_practice_audits,embed_base_logreg,1,1,241,cff6dc284e486a2f018540356c568bd866b086fd09ab993a34321b8282b62dff,yes,no,0.5134080801429772,0,2
supply_chain_disclosure_best_practice_audits,embed_base_logreg,1,0,242,f1ffa5b7ab4faafc9099101fbcac382df8a721f39c48a1fb4eff0f8263e12ddd,yes,yes,0.5136412382125854,1,1
supply_chain_disclosure_best_practice_audits,embed_base_logreg,1,2,243,7358882b282e44427d46aa23e131b40ce9cb810d4046b9b5b1b29019a7bafd97,yes,yes,0.6864089369773865,0,2
supply_chain_disclosure_best_practice_audits,embed_base_logreg,1,1,244,39716913d74b739a4abccba43e643a747078c53268d60308a0981129848fe379,yes,yes,0.5374981164932251,0,2
supply_chain_disclosure_best_practice_audits,embed_base_logreg,1,1,245,aacaba1b480efdbb8a8d7f064c31e6c8bb5d15a859dde769c4e38d8f39544726,yes,yes,0.5451548099517822,0,2
supply_chain_disclosure_best_practice_audits,embed_base_logreg,1,2,246,625e4fb7cc51b77995b363889fc63bbadb80c2bc91fb2880c1018ab4741d3b7c,yes,yes,0.5715029239654541,0,2
supply_chain_disclosure_best_practice_audits,embed_base_logreg,1,0,247,cadb995cb17c99a0479f83cf2c9ef1624ee2362bfba9690abd6fcc060800c76a,yes,yes,0.5073655247688293,0,2
supply_chain_disclosure_best_practice_audits,embed_base_logreg,1,3,248,ab606b741090016f818eb0cb7e260b416330418b8003a89245993e73bf8630d0,yes,yes,0.5493602752685547,0,2
supply_chain_disclosure_best_practice_audits,embed_base_logreg,1,0,249,cc0bd56a8fa41797d21f3f767f99f08c0d47e85478b58e4221224373d2c04763,yes,yes,0.5014194846153259,0,2
supply_chain_disclosure_best_practice_audits,embed_base_logreg,1,3,250,1294ab0087ad5087a538686b745d3e7db23d18cc7f4f6f530cc80e2ac5f4db00,yes,yes,0.666769802570343,1,1
supply_chain_disclosure_best_practice_audits,embed_base_logreg,1,4,251,94afabafc1a2e279104f1d46c17a267d3986bec668852ff48007a09bf59540ad,yes,yes,0.726425290107727,1,1
supply_chain_disclosure_best_practice_audits,embed_base_logreg,1,2,252,6132d8d18112fa7d61ba37ff4d62b1c1c54f81b63eb04af24889c178eac1b7f5,yes,yes,0.8484045267105103,1,1
supply_chain_disclosure_best_practice_audits,embed_base_logreg,1,3,253,8c27ca919f3a1c88913da54bb4a77bba34322faffaf8e221698a9d377dbe8c52,yes,yes,0.5406861901283264,0,2
supply_chain_disclosure_best_practice_audits,embed_base_logreg,1,4,254,13a1d68844cb18a366fbe726bce7132ea31a4fbed461a3d8e40fe9c27604ab0c,yes,no,0.5118650045435129,0,2
supply_chain_disclosure_best_practice_audits,embed_base_logreg,1,2,255,96815958503862c65f14b779ce716b39e74afb0aac85ec7b03e85152838e44b0,yes,yes,0.5094559788703918,0,2
supply_chain_disclosure_best_practice_audits,embed_base_logreg,1,2,256,73eed2cd61ac0ea6ae32683a83e2b0e5738d28779452c6ed7cb6f7eadd0e2261,yes,yes,0.573613703250885,0,2
supply_chain_disclosure_best_practice_audits,embed_base_logreg,1,1,257,373083f104edd5a192773c0a179c9788a933c15a1571ba09d81e8033116bf6c4,yes,yes,0.5082342028617859,0,2
supply_chain_disclosure_best_practice_audits,embed_base_logreg,1,4,258,eade8098bb75f44ddc8f9427c116b373a4abfcf40e4dcf8e2774b900155008a0,yes,yes,0.6256731748580933,0,2
supply_chain_disclosure_best_practice_audits,embed_base_logreg,1,2,259,013f12d740fc3d68af91928317abf93d62dd424d19d1137d161e2693551f67e3,yes,yes,0.6113476753234863,0,2
supply_chain_disclosure_best_practice_audits,embed_base_logreg,1,2,260,bf3486f95c637ed4c0f6e7987cd08241cbaa680a7e6a37850cb43d0042e06cad,no,no,0.7112138271331787,0,2
supply_chain_disclosure_best_practice_audits,embed_base_logreg,1,2,261,17b7c487cc98c7e8e49c1c50b503ac7d38f2734055411ae4ae7b698cb622add3,no,no,0.7504259236093473,1,1
supply_chain_disclosure_best_practice_audits,embed_base_logreg,1,2,262,8af0b9f5fd790626bb4db3c123e1eb46e4ce609c0a22a6c74820808d33d2e351,no,no,0.6480837464332581,0,2
supply_chain_disclosure_best_practice_audits,embed_base_logreg,1,0,263,4711f4cfb8352d9bee2590efd786b65a53292b22ea7e088a282787c6669af84d,no,no,0.51857590675354,1,1
supply_chain_disclosure_best_practice_audits,embed_base_logreg,1,2,264,6280d5d3a4a66af42f0a860a6e1bef945aaac4cd6695915cab72224d2110b691,no,no,0.5606182646567146,0,2
supply_chain_disclosure_best_practice_audits,embed_base_logreg,1,2,265,168f343929f3968913069fd4fe3ea2090bcc1a567ad31fa5d6834c9d9d8ee1d5,no,no,0.6239656209945679,0,2
supply_chain_disclosure_best_practice_audits,embed_base_logreg,1,1,266,71386be1f3486406f1a3cf5dfee5e266834f063cbf2bfb914213afe0d7458bb1,no,yes,0.5219599008560181,0,2
supply_chain_disclosure_best_practice_audits,embed_base_logreg,1,0,267,00768c68746cc07a0855f2e858ea0b79d89c52616ea96f63e3b7d7113ad78409,no,yes,0.5090439319610596,0,2
supply_chain_disclosure_best_practice_audits,embed_base_logreg,1,3,268,73be09f2cbe8d3723f914f0901b9b1199c1c4b1c8cf68937bada35a3da53af17,no,no,0.5380493402481079,0,2
supply_chain_disclosure_best_practice_audits,embed_base_logreg,1,2,269,96700d3c63698f7fc8d4ea778f120a3d46929a5734a3c86cfa59d7a160ef608e,no,yes,0.5828530192375183,0,2
supply_chain_disclosure_best_practice_audits,embed_base_logreg,1,0,270,b11583189d07bb6c3452ea92f85ffc89db81f8f0bb7f000a3d4b4d62e7eec5c0,no,no,0.5056059209821844,0,2
supply_chain_disclosure_best_practice_audits,embed_base_logreg,1,1,271,2c33b85eaa7cbe07fb355c5e6f1156c2063261897778d650af9ba90bc60754c2,no,no,0.5103310942649841,0,2
supply_chain_disclosure_best_practice_audits,embed_base_logreg,1,0,272,203ed0f85c23f811b2013c75119ab4107bb94611678786bf334e168d337dfd91,no,no,0.5023405701619557,0,2
supply_chain_disclosure_best_practice_audits,embed_base_logreg,1,3,273,29f5a73f0eb2112c2e8648ba539c6e8540af14f4e9972e5f4dc3409460c124a7,no,no,0.5855516791343689,0,2
supply_chain_disclosure_best_practice_audits,embed_base_logreg,1,1,274,529fbe231a56762bee94fca3a926dfbe380e1a1a4899d3eee0104c0f6d69fd90,no,yes,0.5083404779434204,0,2
supply_chain_disclosure_best_practice_audits,embed_base_logreg,1,2,275,c4a4dd3902ba1e7f9bd8aec6700ede838bef8b038357041988488f41c58fd818,no,no,0.5392720103263855,0,2
supply_chain_disclosure_best_practice_audits,embed_base_logreg,1,3,276,072d2e8050c2b36c8c5ff2c7aff95b88f8fd6cccc76368e10be132a17e092b7d,no,yes,0.5202136635780334,0,2
supply_chain_disclosure_best_practice_audits,embed_base_logreg,1,0,277,a86f11debb6ead7654a11b993c384f748c0211f80d9cf6ec15379718865bb14b,no,yes,0.5021681785583496,0,2
supply_chain_disclosure_best_practice_audits,embed_base_logreg,1,4,278,dec95cde6289a27cf2fa4c129a8fe002cd9efe24fe0c76194cd80b81d4d25646,no,no,0.639715850353241,1,1
supply_chain_disclosure_best_practice_audits,embed_base_logreg,1,1,279,278a88f973ea6da6e167d46d0b191eee85edd560cf58a096d19bf9f0385f078f,no,yes,0.5397843718528748,0,2
supply_chain_disclosure_best_practice_audits,embed_base_logreg,1,2,280,9f9d1126a707de4b474cf7e0fc08299ad856bdb4a0bfe68914a374466df2ba79,no,yes,0.8297533392906189,1,1
supply_chain_disclosure_best_practice_audits,embed_base_logreg,1,1,281,49e44d01a8d96ebc8362b1012e8fe169fc8ba19015002d2415f18d38e34e543f,no,no,0.5529184937477112,0,2
supply_chain_disclosure_best_practice_audits,embed_base_logreg,1,0,282,7aff74a42e71a0efa775083fed4b831acd81e1c7a72ea3ab95fa0010cbd1b047,no,no,0.5043604524243013,0,2
supply_chain_disclosure_best_practice_audits,embed_base_logreg,1,4,283,c0e1213a6c7f271618273d37e7c4d80e49f79f3cb5a1276394122a181df3af93,no,no,0.5256197295898279,0,2
supply_chain_disclosure_best_practice_audits,embed_base_logreg,1,2,284,162326a6ce5c56ccf790f70cb837962b40b3bc3287e736e1be05be79c4e6bce9,no,yes,0.7832666039466858,1,1
supply_chain_disclosure_best_practice_audits,embed_base_logreg,1,0,285,446398bfee4175c67b2956599c14af90b0edd482e1dce8163481a203948007dd,no,no,0.5097067356109619,0,2
supply_chain_disclosure_best_practice_audits,embed_base_logreg,1,4,286,ba33f9b515db096d9ae8836a3b69ce9148b85a2f3bd641c7a5fcba3f6b073736,no,no,0.7221719241789557,1,1
supply_chain_disclosure_best_practice_audits,embed_base_logreg,1,1,287,0b218c20d44772c56168aad84ee04aa59a41e91c16b8af3ec7318f2db50abac9,no,yes,0.5089859366416931,0,2
supply_chain_disclosure_best_practice_audits,embed_base_logreg,1,1,288,a6098775d1f58c7495bade73c71a163bda773200d559daf386859c20452c9497,no,yes,0.5075408816337585,0,2
supply_chain_disclosure_best_practice_audits,embed_base_logreg,1,3,289,0bb83f5175555cfaa916ed3929534af9f11e955ce4ff57612f69713e94993937,no,no,0.536573545234607,0,2
supply_chain_disclosure_best_practice_audits,embed_base_logreg,1,4,290,389a4e760129e6e54975f074004e2fec1753d42f1e48343f1b10d47d6fcac37e,no,yes,0.5750158429145813,0,2
supply_chain_disclosure_best_practice_audits,embed_base_logreg,1,4,291,d57214d0e9a179e422fbe3b51666f953ceda30db4a7ce444e66f35c2904d4c84,no,no,0.6013843417167664,0,2
supply_chain_disclosure_best_practice_audits,embed_base_logreg,1,1,292,4f3067260931b33e6f0dcd9414705fb435db8f6aac3bf072fcf443d96f77932c,no,yes,0.5229146480560303,0,2
supply_chain_disclosure_best_practice_audits,embed_base_logreg,1,4,293,143076a0b6c3b4b2c37750896a92e809870b097c81c38be1d50dce2c008d9eb2,no,no,0.644182562828064,1,1
supply_chain_disclosure_best_practice_audits,embed_base_logreg,1,1,294,3bce2b75988d047a0d7a0deea7d519effb6c58310ec68cc20fa6cce9c3b54f1b,no,yes,0.5177600979804993,0,2
supply_chain_disclosure_best_practice_audits,embed_base_logreg,1,4,295,5ba25ab1ef701ffb4ef46c65dacf4c7fff4bf56cb6c3b355c39768b828753eb2,no,no,0.5842403347563844,0,2
supply_chain_disclosure_best_practice_audits,embed_base_logreg,1,4,296,c09af0b827ba4837bfe03f4efcc035c576b40c281b86c6d5cf4d9a9452124fe4,no,no,0.5274852357064117,0,2
supply_chain_disclosure_best_practice_audits,embed_base_logreg,1,3,297,d318eaf94df22e65541a2d801bf35239ef508dd99ccf9a378d2f01328b1b29f8,no,yes,0.6573053002357483,1,1
supply_chain_disclosure_best_practice_audits,embed_base_logreg,1,4,298,b215c45d50089d0cd1585a907239c94da9543ad54bd7a50f9cf22478364ff754,no,yes,0.6766641139984131,1,1
supply_chain_disclosure_best_practice_audits,embed_base_logreg,1,4,299,9d071de4e714afecba60136fc13d2fd5d799fa73ec323fa5b32f33261331fc95,no,no,0.6072248816490173,0,2
supply_chain_disclosure_best_practice_audits,embed_base_logreg,1,3,300,b48a0124d9c28eba8793c0639caa52128545630d8a846c28ab4f01eb7cde60e0,no,no,0.7094972729682922,1,1
supply_chain_disclosure_best_practice_audits,embed_base_logreg,1,4,301,f604a8e5fc84e2cb8f3210b72d51555bfad329c64660c42250ca1403fec24f72,no,no,0.5204048752784729,0,2
supply_chain_disclosure_best_practice_audits,embed_base_logreg,1,3,302,dfd391e41957d1ac236feb8094f25b8ef1bb5bb23df2361d1e0b96cdcf4d8334,no,no,0.5482912659645081,0,2
supply_chain_disclosure_best_practice_audits,embed_base_logreg,1,1,303,da6cb12627d752d97c8b74cd52766dd24bf238718d113b3b633ccfb1b8a34605,no,yes,0.5348626971244812,0,2
supply_chain_disclosure_best_practice_audits,embed_base_logreg,1,0,304,968b24534319b3352bfda7565390677a43bff36eba314281473cc77c382f7459,no,yes,0.5007851123809814,0,2
supply_chain_disclosure_best_practice_audits,embed_base_logreg,1,4,305,4441c0b5b2cc678233438e17f40bbaa0525429c3e46d1ba3068a07a61b93ac90,no,no,0.5399771928787231,0,2
supply_chain_disclosure_best_practice_audits,embed_base_logreg,1,4,306,e7be9434bab5ee26ff724ad366dd76a6eb91f1c4d40da2a6a8cacdadec1b2cef,no,yes,0.5254906415939331,0,2
supply_chain_disclosure_best_practice_audits,embed_base_logreg,1,1,307,f4f4adbea45122fdb1d3bbd6cd8cdeb27833cdb5d576db84c1eda5e29dcaee5f,no,no,0.5221416794615483,0,2
supply_chain_disclosure_best_practice_audits,embed_base_logreg,1,1,308,23cc46b8e873878abcf6bddaef16294515cd6ff0c31f4b9c469cf5d98cd31970,no,no,0.51648758302666,0,2
supply_chain_disclosure_best_practice_audits,embed_base_logreg,1,4,309,4812c78abc5dfdced8315b1ba8d4b75c05311b916aa75c4d90debdfc6f969f74,no,no,0.6470395519447193,1,1
supply_chain_disclosure_best_practice_audits,embed_base_logreg,1,4,310,83f36822a559802b4975bbd8ddaa42349b8ee30eaf1e14b895b064dc2d783343,no,no,0.5503851339335779,0,2
supply_chain_disclosure_best_practice_audits,embed_base_logreg,1,2,311,6bd5e103d0200987b6d5a975589d665847c4a5cb70be72a8ec7b797be539ca1b,no,yes,0.5958280563354492,0,2
supply_chain_disclosure_best_practice_audits,embed_base_logreg,1,3,312,396db51b94e5987c9f4291a20606d3214010cae759f026fc485bfdccb44d32fa,no,yes,0.5596556663513184,0,2
supply_chain_disclosure_best_practice_audits,embed_base_logreg,1,2,313,32aac534cc8c69b44cffb558d1687dde646c903551f4716d35f361ff9dfef7bc,no,yes,0.664501965045929,0,2
supply_chain_disclosure_best_practice_audits,embed_base_logreg,1,1,314,cbd37b5b1d68d6e3051fe7d37866a22b605c82f43a4558b539cc921a761165da,no,yes,0.5034204721450806,0,2
supply_chain_disclosure_best_practice_audits,embed_base_logreg,1,4,315,93385e4040b8a9e2244312c589f32c019276499f4d77dc979a43a063da101d79,no,no,0.5578687191009521,0,2
supply_chain_disclosure_best_practice_audits,embed_base_logreg,1,0,316,fd5ab74802751c150fc6ffc9f5fc04a7520d18f5e369c5198e123110ae82e19b,no,no,0.5111894759890281,1,1
supply_chain_disclosure_best_practice_audits,embed_base_logreg,1,3,317,c39413cbf6175d72ce6425d54415f612eb915e3a715f188af606596ffd3c5c5a,no,yes,0.6914107799530029,1,1
supply_chain_disclosure_best_practice_audits,embed_base_logreg,1,4,318,d13bde6dbbb3e00674ae5199051fa37761040e06ca97d1fcddd06d1ca5a95012,no,yes,0.5204274654388428,0,2
supply_chain_disclosure_best_practice_audits,embed_base_logreg,1,0,319,a70cae38bc14a6f8f9ff25c6f6fc01da33d93a293a9faa412ec7fd88b01dab57,no,yes,0.5017865896224976,0,2
supply_chain_disclosure_best_practice_audits,embed_base_logreg,1,4,320,3d8984baef0ba18103046a21a24eaa95a7315dac31f46efd9d70b2de535cb462,no,no,0.6939716935157776,1,1
supply_chain_disclosure_best_practice_audits,embed_base_logreg,1,2,321,27802664c2d01aa9a779698077273b0dfbb4e4c37c59ec27a359740e25c22b42,no,no,0.6716964244842529,0,2
supply_chain_disclosure_best_practice_audits,embed_base_logreg,1,3,322,c8ba7ee2aff1efe743ffdd333d82a22572e92a917542d07d056d220a47de9d41,no,no,0.8224450104700026,1,1
supply_chain_disclosure_best_practice_audits,embed_base_logreg,1,2,323,3197363915acc24a03e50b624d5514a7aae17a858feaebce00133fca51c8ab4e,no,no,0.6793197190964305,0,2
supply_chain_disclosure_best_practice_audits,embed_base_logreg,1,4,324,0befd85c57d5cc436139e85b69ed400d5bef008c4e62d3c2edc68db2816c720d,no,yes,0.5904430747032166,0,2
supply_chain_disclosure_best_practice_audits,embed_base_logreg,1,2,325,511c8ce5808e6bd8d67a22f804e04fe11901c30d1c6316a4cf9d7ecf7650b4e7,no,yes,0.6821450591087341,0,2
supply_chain_disclosure_best_practice_audits,embed_base_logreg,1,0,326,c27e6fadd2b0b3eb12322506eb24c1c751d3d78f654dde666d6ae98bea4843d6,no,no,0.5035946519254044,0,2
supply_chain_disclosure_best_practice_audits,embed_base_logreg,1,1,327,31bd0760ea5f242b9f1c3214f1def028d570d735060898e3dfe0692b784765c6,no,no,0.5005035549552308,0,2
supply_chain_disclosure_best_practice_audits,embed_base_logreg,1,2,328,0605d4ef497301876468cc2abc3991419cb67ab9f6f44508b0849ad5cf2bc53a,no,no,0.5747321248054504,0,2
supply_chain_disclosure_best_practice_audits,embed_base_logreg,1,2,329,61fdcfca449fbfdb032d1d9c17f754d30f1640a83287a1b9920ca671c0bc204f,no,no,0.5358009338378906,0,2
supply_chain_disclosure_best_practice_audits,embed_base_logreg,1,1,330,cde51c4232abd6a3d2b26f8ef8d8222f4018c74db11f9042f8d1f02d7b38d0ee,no,no,0.5068529995338023,0,2
supply_chain_disclosure_best_practice_audits,embed_base_logreg,1,4,331,319f9e927445f3d22c3c88b50343f05c4b5e9652ee4c548d6428c7fbfa6ddb18,no,yes,0.5264924168586731,0,2
supply_chain_disclosure_best_practice_audits,embed_base_logreg,1,1,332,189c16c1e54172f9e82ad90fdfd5e678727d91bda7c553e141882e572dd268de,no,no,0.5028416960584612,0,2
supply_chain_disclosure_best_practice_audits,embed_base_logreg,1,2,333,50bc448a6e56c7b8a2cc2d46b2f97fd9cb0e9d4e8d9c08464f7f83ce1087ca64,no,no,0.5046037435531616,0,2
supply_chain_disclosure_best_practice_audits,embed_base_logreg,1,0,334,1d40ab814671064c78b4e4b52104b7c67dd683a3660819cf3f84d9f8fb431067,no,no,0.5106785297393799,1,1
supply_chain_disclosure_best_practice_audits,embed_base_logreg,1,1,335,616072472d0a990fbc711a6602843e35e185e74e6783dad5587dc1a74f7564b5,no,yes,0.5045822858810425,0,2
supply_chain_disclosure_best_practice_audits,embed_base_logreg,1,1,336,4b44ec066ecab4f9d6bf9bd182434dd023a65373af82a4b71049e0e039377bb5,no,no,0.52806556224823,0,2
supply_chain_disclosure_best_practice_audits,embed_base_logreg,1,0,337,f75e522355c0c0d4675648d8939f58f0ec9be70cb95841db451b5e375c1a89e0,no,no,0.5018066167831421,0,2
supply_chain_disclosure_best_practice_audits,embed_base_logreg,1,2,338,fa6b3e76ad96618009ffc2f157f3ca4d543344f3dc774b60cb2107497173bbb2,no,no,0.6220574193579728,0,2
supply_chain_disclosure_best_practice_audits,embed_base_logreg,1,1,339,4a0ff924d0af0c575b3be2e72b34334f61fac916dfdeef18d4d8b2786d5a055c,no,no,0.5265235900878906,0,2
supply_chain_disclosure_best_practice_audits,embed_base_logreg,1,0,340,a2c3a52ee094219ed5814abd08612de2476dc3c07d49af67be0302a80c6214d6,no,yes,0.5052300095558167,0,2
supply_chain_disclosure_best_practice_audits,embed_base_logreg,1,2,341,95fc1e387da1c2ef3c88f6b5a13bd043d0bcb9d99736badacc5810f4e69f6ead,no,no,0.6156586592095691,0,2
supply_chain_disclosure_best_practice_audits,embed_base_logreg,1,0,342,890c6a25c312a4255ede6c1b5569bef48435d8858fb1ad26a3a541896113f791,no,yes,0.5013474822044373,0,2
supply_chain_disclosure_best_practice_audits,embed_base_logreg,1,1,343,1d04a8b5ec608d80d692c827ee93b276d14a3b5ce3ce5e5d38c1f64046ca2164,no,yes,0.5065839290618896,0,2
supply_chain_disclosure_best_practice_audits,embed_base_logreg,1,2,344,5b2dad8f75d721ee621a1a59f7a9a94122fc51b61d681720d8f6feb20955f873,no,no,0.5381147265434265,0,2
supply_chain_disclosure_best_practice_audits,embed_base_logreg,1,3,345,4742b083f9d4160e57ed034142afeb23e254b242fcf6a61c5610897189c37d0d,no,yes,0.5642080903053284,0,2
supply_chain_disclosure_best_practice_audits,embed_base_logreg,1,3,346,b33ee53ceb9352753d8eed3360ba28d8c47838544e26df87b06b0629f85abbc7,no,yes,0.5882840156555176,0,2
supply_chain_disclosure_best_practice_audits,embed_base_logreg,1,3,347,a691807189c6dff4664d336078a034a8af9d49c86e0f4379c3c0d5ca80cd47a0,no,no,0.653350830078125,1,1
supply_chain_disclosure_best_practice_audits,embed_base_logreg,1,2,348,03916a7e2107458575027c95858e95e02f45009f5bcecbbba957af619f214e96,no,no,0.5450533466025189,0,2
supply_chain_disclosure_best_practice_audits,embed_base_logreg,1,3,349,337eac86a7ed305d725b924b7de373c3d0504a440bba1405decf7be11c2b34a9,no,yes,0.729116678237915,1,1
supply_chain_disclosure_best_practice_audits,embed_base_logreg,1,1,350,4bc5542025350d91bbe713d5ef7111c64ee186faec13989fbff30704352647b7,no,yes,0.5049622058868408,0,2
supply_chain_disclosure_best_practice_audits,embed_base_logreg,1,4,351,7c74070fd3590918c058469fa3c201147083b789e575edc07df20c082a180302,no,no,0.6813343560297979,1,1
supply_chain_disclosure_best_practice_audits,embed_base_logreg,1,0,352,d0664eb101108ed4106770b8ccbb1a8919975cf2aad682315cd97a0b5eeb99c8,no,no,0.503714904078397,0,2
supply_chain_disclosure_best_practice_audits,embed_base_logreg,1,2,353,c60dd149ee7c246d148509fae225b586775c8507972ab1eabbf727c5f8e7c79f,no,no,0.6788726055286111,0,2
supply_chain_disclosure_best_practice_audits,embed_base_logreg,1,3,354,28e5e89e983fe11d4fe513af1d2e124be02e54440e1013f26e37f42a95fae74c,no,no,0.5794236832685377,0,2
supply_chain_disclosure_best_practice_audits,embed_base_logreg,1,0,355,be342d0ba3afd69f4b1ed982cddc42bdd2bc8627333f859b23a80eefae95323b,no,no,0.5050308704376221,0,2
supply_chain_disclosure_best_practice_audits,embed_base_logreg,1,3,356,b1a10b2ac1ff6205d95bf78c935c9e215fb3e7febd37a5c41c5f6a90a71b8321,no,no,0.7077408818083739,1,1
supply_chain_disclosure_best_practice_audits,embed_base_logreg,1,1,357,583b8ebb8255f9589f012b68d1273468b40591ee99033e845869c2c21f2aebe1,no,yes,0.5048214793205261,0,2
supply_chain_disclosure_best_practice_audits,embed_base_logreg,1,0,358,1893fb2f00cc58f4377a2868cc85f79105500067ec465ee406df6811a2ba6fab,no,yes,0.5143240094184875,1,1
supply_chain_disclosure_best_practice_audits,embed_base_logreg,1,0,359,82a8133be0fa802002cb741817aeefae6af67d1b167f8d2597832bea8b4bcae2,no,yes,0.500887930393219,0,2
supply_chain_disclosure_best_practice_audits,embed_base_logreg,1,3,360,6330f93d46deabef60b77631dddbd90916bf329a1274ab475af4034e0414e801,no,no,0.6626910168734496,1,1
supply_chain_disclosure_best_practice_audits,embed_base_logreg,1,4,361,a755105d219ad2c94dad6fb3e687221d0988b19734b874d618caee0c39428703,no,no,0.5846047401428223,0,2
supply_chain_disclosure_best_practice_audits,embed_base_logreg,1,3,362,1ae6dcfd7fda95f910cd66b4dadbe426f4d4f3805170498ffc16446a4b816227,no,no,0.5565963983535767,0,2
supply_chain_disclosure_best_practice_audits,embed_base_logreg,1,3,363,6005d637aec6968fd09b9156f9c4b42cea3ea4cf5711a412c8199a74e6b0da6d,no,yes,0.5913456082344055,0,2
supply_chain_disclosure_best_practice_audits,embed_base_logreg,1,1,364,e22eb40d5a0e35ac139d6625ba9fe83b5d9cc62fe73344788c6fbf34601eb66e,no,no,0.5294809341430664,0,2
supply_chain_disclosure_best_practice_audits,embed_base_logreg,1,3,365,b0ca0d813fe62b540b47121478904fe14e2847113e1093363f19f3c530ffd780,no,yes,0.6040864586830139,0,2
supply_chain_disclosure_best_practice_audits,embed_base_logreg,1,4,366,126cf937cb1a759c366b806643329bf0d1541ae8cc5d4d3ab1291fab336e0e2f,no,no,0.5945633827019746,0,2
supply_chain_disclosure_best_practice_audits,embed_base_logreg,1,3,367,b3ba7ed6334a095408711307b7b6d765a247957b2d8cf2c3fb74aab1848d4478,no,no,0.5155967627643574,0,2
supply_chain_disclosure_best_practice_audits,embed_base_logreg,1,3,368,42252d18326239ebb7a4bd9a369d958b552ade3a81818a7b33b5c7a254186386,no,no,0.5136570930480957,0,2
supply_chain_disclosure_best_practice_audits,embed_base_logreg,1,0,369,1d8ec0aa2dde44562bea9e56edd84aafdefd120268eb03e844526b3528ccc5fb,no,yes,0.5021293759346008,0,2
supply_chain_disclosure_best_practice_audits,embed_base_logreg,1,1,370,d62cebfdc280570fae7895fb04d0666af038f0325c877e2bf486cc8aab9b741f,no,no,0.5140984058380127,0,2
supply_chain_disclosure_best_practice_audits,embed_base_logreg,1,0,371,18b3aa7da2676a92694698ba51e9d1406f32f4d2e6a4f456717df617b747dc27,no,no,0.5021546929432543,0,2
supply_chain_disclosure_best_practice_audits,embed_base_logreg,1,2,372,d2101f76c6dfeb150215dfc3c747d278ed02b68c118346418eff466ec7e58111,no,yes,0.5940696001052856,0,2
supply_chain_disclosure_best_practice_audits,embed_base_logreg,1,0,373,04ab2f27eec1c522ad9e668f4c68200eeab67868264dbf343658dc8d9a1c8f45,no,no,0.506138265132904,0,2
supply_chain_disclosure_best_practice_audits,embed_base_logreg,1,3,374,98d820923bcd03faee2d85e8d8a5a6c16f2d445795a1c658130203c5766b0497,no,no,0.5058397054672241,0,2
supply_chain_disclosure_best_practice_audits,embed_base_logreg,1,0,375,f712982ec8f374fc723b5aee46de82200f2a4f333ae3e6fb45e1aecd1916c30d,no,no,0.5035011768341064,0,2
supply_chain_disclosure_best_practice_audits,embed_base_logreg,1,0,376,d56330358a4f915da1d08b99375ace062ef622d4a645a2c4476474c8a6303f10,no,no,0.5063229950166641,0,2
supply_chain_disclosure_best_practice_audits,embed_base_logreg,1,2,377,1b424930328a00849ed3e051ff08961ed0d9abdacf308421a660728083fa9062,no,no,0.6439523100852966,0,2
supply_chain_disclosure_best_practice_audits,embed_base_logreg,1,3,378,e08f36d3835ba4da0d6cb67088f631323be5705467f895cfcf7cacab604f8d65,no,no,0.5791670256604858,0,2
supply_chain_disclosure_best_practice_audits,embed_base_logreg,2,4,0,9d54e6c772949bfb6b364e2d7006fb131ac4294d6529566b2d88c78014eb6a1d,yes,yes,0.5170866250991821,0,2
supply_chain_disclosure_best_practice_audits,embed_base_logreg,2,1,1,6bd8ec1448ec24fd291dc77052268939f67f9cfea5b76bd69388e542e0b53419,yes,yes,0.5010517835617065,0,2
supply_chain_disclosure_best_practice_audits,embed_base_logreg,2,0,2,cfd25f9be7d33e9e2626fa8f008705300a927fdffb8d298eb046111abadd5313,yes,yes,0.6397668719291687,0,2
supply_chain_disclosure_best_practice_audits,embed_base_logreg,2,0,3,2f6b42c2613958a15c6634faad8dce008342e61c935053e805fb0f1fff7e4aa5,yes,yes,0.8424628376960754,1,1
supply_chain_disclosure_best_practice_audits,embed_base_logreg,2,1,4,dd521a35f676e54ddd4c10353a5b613a177a8c4ab4053780ebfac40ccda839f6,yes,yes,0.5040115714073181,0,2
supply_chain_disclosure_best_practice_audits,embed_base_logreg,2,0,5,33e4c0559a94c7dce28fd5c76870036003e5e62eed6cf35cdc1c63a6b0a6569f,yes,yes,0.5570693612098694,0,2
supply_chain_disclosure_best_practice_audits,embed_base_logreg,2,0,6,fb9db00dc94a7d11b1f1dc759bdaa0ab4132a345c4f4c79fa1b99a4f3feabec7,yes,yes,0.6434586048126221,0,2
supply_chain_disclosure_best_practice_audits,embed_base_logreg,2,0,7,a3a6ab356fbf9711c2b5414d31490eead3dd8e73d43141d8c1c133c314b5f163,yes,yes,0.6552777886390686,0,2
supply_chain_disclosure_best_practice_audits,embed_base_logreg,2,2,8,7a0cea15013a413c9095a12a26a110ad23082840e0980ef5ea664df3aa587c79,yes,no,0.8310512900352478,1,1
supply_chain_disclosure_best_practice_audits,embed_base_logreg,2,1,9,ded19f85f9c4d9d7f469200e17647cd8ecc12c2da48288385855657ec1b5adf5,yes,yes,0.5085334777832031,0,2
supply_chain_disclosure_best_practice_audits,embed_base_logreg,2,0,10,edbc6a22c498b82bac2202f1e46acbeaedfb015c0444653d0b0aeb6099e37ff7,yes,yes,0.844064474105835,1,1
supply_chain_disclosure_best_practice_audits,embed_base_logreg,2,1,11,72cbb74b67a42c66920815b763cc6896803bfbe9a4dde82490f10909e1dfcbec,yes,yes,0.5032512545585632,0,2
supply_chain_disclosure_best_practice_audits,embed_base_logreg,2,0,12,b6f77759748e520cb2650c9d05bfabeb352e52aeb1c443de23d4c8058ffbae34,yes,yes,0.8721619248390198,1,1
supply_chain_disclosure_best_practice_audits,embed_base_logreg,2,0,13,dade26e8398dbb799fd50eb54dbcd3e6ab8b4c274c793f921a58a02434c8b920,yes,yes,0.6318153142929077,0,2
supply_chain_disclosure_best_practice_audits,embed_base_logreg,2,3,14,ca680947ea1c383262052c8e93e441eefb9f5c56853cfdc57b710b6763858524,yes,no,0.7656240691430589,0,2
supply_chain_disclosure_best_practice_audits,embed_base_logreg,2,3,15,6567baee48eaca37363905900994df097ee69c55020b441e3135e706805c61aa,yes,yes,0.9780846834182739,1,1
supply_chain_disclosure_best_practice_audits,embed_base_logreg,2,0,16,3f83f1e16a6ae23ed6f0bb9678979f85323df70d52e5af7828b1bed5744918b1,yes,no,0.5068272503264919,0,2
supply_chain_disclosure_best_practice_audits,embed_base_logreg,2,0,17,37ed9ddde655fb5e0bedd0751e547d4b678cb2a4faeb1a803f4fde03b96df247,yes,yes,0.6905049085617065,0,2
supply_chain_disclosure_best_practice_audits,embed_base_logreg,2,1,18,927e63eace0a5b571aaae87c06d33ec73b502b226e5e07f69211aac675c9199d,yes,yes,0.5020127892494202,0,2
supply_chain_disclosure_best_practice_audits,embed_base_logreg,2,4,19,67595c9be4cf851988bc1fc7cdcedef276346c043520046d91bb26c48edac6cc,yes,yes,0.5135756731033325,0,2
supply_chain_disclosure_best_practice_audits,embed_base_logreg,2,1,20,97859a9430e770c53776bdb64bcac6e1057b25056282b1a971f3143449b8ae52,yes,yes,0.5007659196853638,0,2
supply_chain_disclosure_best_practice_audits,embed_base_logreg,2,1,21,d70648593b74ef9e2bc2de57c4dd94c2323fa8cd58e0083ea94ae75980c167fd,yes,no,0.5016404240834587,0,2
supply_chain_disclosure_best_practice_audits,embed_base_logreg,2,0,22,52f6bfce60e5ece10730f4e80ac4d6d0a44cf613425838d5b0805482b44527f6,yes,no,0.5393770933151245,0,2
supply_chain_disclosure_best_practice_audits,embed_base_logreg,2,4,23,e50372eb04052599ab62fed9665c237fbb1fafd32f6502757f0d0bc648ee5072,yes,yes,0.5217507481575012,0,2
supply_chain_disclosure_best_practice_audits,embed_base_logreg,2,3,24,450bbed24b34b5272d476f23a5de997f8ff5490a0e106d7cdec0c059964c5c25,yes,yes,0.7041400074958801,0,2
supply_chain_disclosure_best_practice_audits,embed_base_logreg,2,4,25,f2116c063ca557116fe78a21ccd8f5607276835e91875fc11bf12932dddc984f,yes,no,0.5058492572858708,0,2
supply_chain_disclosure_best_practice_audits,embed_base_logreg,2,2,26,aafd7fd03c4909c8dc45f9cb2cd65c636a86fc13ac4f6c08c449151b9a47fef7,yes,yes,0.6511058211326599,0,2
supply_chain_disclosure_best_practice_audits,embed_base_logreg,2,2,27,33043270153f967b1fcebdd792621661d4f1066634cad83e35b51a515630ac38,yes,yes,0.6906148791313171,0,2
supply_chain_disclosure_best_practice_audits,embed_base_logreg,2,3,28,43294ee8c35a7c5c0a600a0522b094cbf6660d69944080ca876844efa92382dc,yes,no,0.5486595630645752,0,2
supply_chain_disclosure_best_practice_audits,embed_base_logreg,2,3,29,b68f1b883214616d4922a65d201ee2ea9db1a0122864b78ccbbf5ee46c7a8f7b,yes,yes,0.7413368821144104,0,2
supply_chain_disclosure_best_practice_audits,embed_base_logreg,2,1,30,7310ac62e99a4e8b1a34fce3d7086304d24c92e3534b4100b1c05e58506ac4b1,yes,no,0.5048900993135601,0,2
supply_chain_disclosure_best_practice_audits,embed_base_logreg,2,0,31,b32275d570cb22080951b4812db4ef3e116eb01260737efd0035c8ac82e331f9,yes,no,0.6782715522727832,0,2
supply_chain_disclosure_best_practice_audits,embed_base_logreg,2,3,32,052895a7e776122c3bd93f43e5a766518ea710c81cd2d76001ab5d8e1a8e9576,yes,yes,0.5578736662864685,0,2
supply_chain_disclosure_best_practice_audits,embed_base_logreg,2,2,33,92cd4852e93b427437a48160221b761b265339694e1e9e4b6fbb4078283d47dd,yes,yes,0.6615903973579407,0,2
supply_chain_disclosure_best_practice_audits,embed_base_logreg,2,0,34,a63bbe340e7e5559ab344685986e27ba29e7856a2bb43f559677d60bd6372b49,yes,yes,0.8163462281227112,1,1
supply_chain_disclosure_best_practice_audits,embed_base_logreg,2,2,35,4c66ac71222d0b9ea3d8106a65704219a05af6e124369c676e6d84e9e05eef96,yes,yes,0.8648622632026672,1,1
supply_chain_disclosure_best_practice_audits,embed_base_logreg,2,0,36,5a71be10ab1bfb61b9c98e5a9adce211ebf7cc64b75c2fe894b2da8f4f438624,yes,no,0.7372983474344508,0,2
supply_chain_disclosure_best_practice_audits,embed_base_logreg,2,2,37,7a943e9ef37d479a877b40d230449fde8ef8985c43c5795a2b67ad1a560ec3dd,yes,no,0.5847399830818176,0,2
supply_chain_disclosure_best_practice_audits,embed_base_logreg,2,0,38,eebfae389e1805a6524964b0a815e9e64c44ec4245148015e3ee4de8084556cf,yes,yes,0.7092447876930237,0,2
supply_chain_disclosure_best_practice_audits,embed_base_logreg,2,0,39,242ffbc9b3e5ff9fb89c658b1348a67d708b3cbbc0707ba7991cf585da68498d,yes,yes,0.5552423000335693,0,2
supply_chain_disclosure_best_practice_audits,embed_base_logreg,2,3,40,6d4f73e7a6d1fea0e78502ec3d78016b8d7cc091321e361a13bcbc1c64abbc92,yes,no,0.7526493072509766,0,2
supply_chain_disclosure_best_practice_audits,embed_base_logreg,2,2,41,e91b405667ff2e3c59a366f14d4e69a85adf7b37adfbe5cc0d4f68d3ff850477,yes,yes,0.564978301525116,0,2
supply_chain_disclosure_best_practice_audits,embed_base_logreg,2,4,42,df4b5ecfdae8b9a769a3ceef89c8f2943eff05ffdb56a25b5ff2517b2a5774ad,yes,no,0.5129523873329163,0,2
supply_chain_disclosure_best_practice_audits,embed_base_logreg,2,2,43,68dff8e9beb989b03b38607e665e4d5372e148fe089e55d47bec6692aea9c76a,yes,yes,0.6461873650550842,0,2
supply_chain_disclosure_best_practice_audits,embed_base_logreg,2,3,44,473f02f9766d1a9408898f92db8c82504af7648bb43d66a2d58ba393ad110cea,yes,yes,0.8488481640815735,1,1
supply_chain_disclosure_best_practice_audits,embed_base_logreg,2,2,45,40b81122b3ce13d0b02d3855a778d59dfa74dfe699922ad1cd59e4c945a11085,yes,yes,0.67925626039505,0,2
supply_chain_disclosure_best_practice_audits,embed_base_logreg,2,4,46,be386186c94960b560719aa9801a2b53b610974576c933522e3bf0b7de9f75ee,yes,yes,0.5197376608848572,0,2
supply_chain_disclosure_best_practice_audits,embed_base_logreg,2,0,47,54ba1171dd088353ea0094c11e682cce0bda3cce8961ca9686b40b33a7462851,yes,yes,0.8284786343574524,1,1
supply_chain_disclosure_best_practice_audits,embed_base_logreg,2,2,48,a5cd9829d0bb6680b12c38d718acd91f080de69f112a33da5f30ee6a651da5bd,yes,yes,0.6314738392829895,0,2
supply_chain_disclosure_best_practice_audits,embed_base_logreg,2,4,49,a60b58ec65949fd64e04a7930db1d4f38f18d50de6cc77f83c3a1f018bb35971,yes,yes,0.5213441848754883,0,2
supply_chain_disclosure_best_practice_audits,embed_base_logreg,2,3,50,258ee064efae6bfc773d9e688e0e04507092de9bb4d6c023bdd08088ce9b7d0a,yes,yes,0.5320918560028076,0,2
supply_chain_disclosure_best_practice_audits,embed_base_logreg,2,1,51,3bb5ff0604197b2135281a129b8db0a49cf99b97683131f2595801f5a3538e48,yes,yes,0.502656102180481,0,2
supply_chain_disclosure_best_practice_audits,embed_base_logreg,2,3,52,4124b6eeb003417bd70564ba2fde31be4a267b867426f07b7e40d3a5a42b955e,yes,no,0.5176882898118582,0,2
supply_chain_disclosure_best_practice_audits,embed_base_logreg,2,2,53,6795adbe04130c6f667f1f3bfdf4477f9426ec504d554b86e3442d6bc01c64b3,yes,yes,0.7806168794631958,1,1
supply_chain_disclosure_best_practice_audits,embed_base_logreg,2,4,54,b624a5abb6fe61a77543f57ce95b180f41e23f122d7ea978a7f03a9080d0c117,yes,no,0.5060819538260088,0,2
supply_chain_disclosure_best_practice_audits,embed_base_logreg,2,1,55,6434dbb7f593fcc55b97b67e6ab2b3bc4e6b0d9e0842c8fdbf3d79acd062e711,yes,yes,0.5008807182312012,0,2
supply_chain_disclosure_best_practice_audits,embed_base_logreg,2,0,56,2c5af191cf4c83284d0d480817f743f471028484b87e6533b0919f79d8be73da,yes,yes,0.6363796591758728,0,2
supply_chain_disclosure_best_practice_audits,embed_base_logreg,2,1,57,1a95135ede09d2e63bd6b4a843062ac4af61a3fd3b03ede6d720351b54846dc4,yes,yes,0.5117207765579224,1,1
supply_chain_disclosure_best_practice_audits,embed_base_logreg,2,3,58,1810bea0a08d73c32b1805b8831178ca0ab8528b2d0f8ac88247661a6e69f8e7,yes,no,0.7789195892053782,0,2
supply_chain_disclosure_best_practice_audits,embed_base_logreg,2,2,59,5a2d69bd4e38c3951efb30708a40e3f4a39f104d84721cbf8c545d5ebbf5a979,yes,no,0.5885349687497309,0,2
supply_chain_disclosure_best_practice_audits,embed_base_logreg,2,0,60,46835c7ca7f9d3ed9aac3bf85af18fe4658a5d4cecd054ad6219f1b379266b5a,yes,yes,0.663844108581543,0,2
supply_chain_disclosure_best_practice_audits,embed_base_logreg,2,4,61,19d22a3d9ae55ee79ad31bf1a33f28b73bf1af23a659ff9b50fd6a039c3c1015,yes,yes,0.5160306096076965,0,2
supply_chain_disclosure_best_practice_audits,embed_base_logreg,2,2,62,e0675a87b1557858af49db8846e7da2a54792cca0f4b6687547a06bc21752a64,yes,yes,0.5548131465911865,0,2
supply_chain_disclosure_best_practice_audits,embed_base_logreg,2,2,63,88e18396e51fd530b25dbdba867dee981f99e3bc9ee3e4495b541d3afb24f860,yes,no,0.9016022950888364,1,1
supply_chain_disclosure_best_practice_audits,embed_base_logreg,2,3,64,30c8b45d4999cf9de8c3c9318059611dc084dd5f81ec50a3ffefb4c434ea5d10,yes,yes,0.5429297089576721,0,2
supply_chain_disclosure_best_practice_audits,embed_base_logreg,2,2,65,bcc7c3c9238c4ca25a297bba82702f037934c89e424571ce800b424c2d72eb99,yes,yes,0.7496887445449829,1,1
supply_chain_disclosure_best_practice_audits,embed_base_logreg,2,2,66,d37dc7efcf545e24ea668accb8a8fc8c4b2d71c9a6b66829b6e7f5ad5887c55d,yes,yes,0.7461854219436646,1,1
supply_chain_disclosure_best_practice_audits,embed_base_logreg,2,2,67,1ff72a935e2581a73389e968b07a918171d3a71863f799670ce20e0422a77bc1,yes,yes,0.5107936859130859,0,2
supply_chain_disclosure_best_practice_audits,embed_base_logreg,2,4,68,7c213e830f4b18be4e5435844ebc2482efb5672c7e559006f5c1c21d16cce21f,yes,yes,0.5124993324279785,0,2
supply_chain_disclosure_best_practice_audits,embed_base_logreg,2,4,69,ca21f83512fd7ebfb00825a9d23131822aec5c635857f75025dae20d8e2aeab9,yes,yes,0.5144681930541992,0,2
supply_chain_disclosure_best_practice_audits,embed_base_logreg,2,2,70,583603f2fa828ad5e7283f6a522153df983d96151dd424e878bb41f458ff420a,yes,yes,0.739457368850708,1,1
supply_chain_disclosure_best_practice_audits,embed_base_logreg,2,3,71,68f670418f0909105c1cb8844772825fb4ba489c72634c139452928eca657515,yes,yes,0.8495388031005859,1,1
supply_chain_disclosure_best_practice_audits,embed_base_logreg,2,1,72,a1ee39468479a4129fcd404c7b033a1667904771c45acb07969e94a5c816f741,yes,yes,0.5132405757904053,1,1
supply_chain_disclosure_best_practice_audits,embed_base_logreg,2,4,73,1bbaf32745507e45914fe877698c77e2517b9dcb02e59aefb755e2cb05b3b6ce,yes,yes,0.5327929854393005,1,1
supply_chain_disclosure_best_practice_audits,embed_base_logreg,2,3,74,6441a25c7e9aacdd81cbb5eb9006df4554ef2b778c49f73b61cb1a87d1e664a7,yes,yes,0.8687388300895691,1,1
supply_chain_disclosure_best_practice_audits,embed_base_logreg,2,1,75,7effe61be9495286cb7aa152dfe4bb187087cfbbadfd5ae74615afccc94ca5a2,yes,yes,0.5031818747520447,0,2
supply_chain_disclosure_best_practice_audits,embed_base_logreg,2,4,76,55149e53ccbcecf5b2bec61a13a083d8c80ef7d940bce4e69759bd859b75cf27,yes,yes,0.533481240272522,1,1
supply_chain_disclosure_best_practice_audits,embed_base_logreg,2,3,77,ee9e57c3f7c911b1fd365b5aaadb5a15128e352364d4bec56ec84467d3ff736a,yes,yes,0.5340474843978882,0,2
supply_chain_disclosure_best_practice_audits,embed_base_logreg,2,4,78,d7b7e1ac46290add16f23c8195170499df669318e8158462abe68741792c3fc7,yes,yes,0.535728931427002,1,1
supply_chain_disclosure_best_practice_audits,embed_base_logreg,2,3,79,4319a82278965a186ff1f30c53989cec45e638b378eab1febcbeb65f23fabe9f,yes,yes,0.7587532997131348,0,2
supply_chain_disclosure_best_practice_audits,embed_base_logreg,2,0,80,15e57eb32f969fcd0a6f49e9976788796a20f6e9807cda15d025765d4a4c6250,yes,yes,0.7415218353271484,0,2
supply_chain_disclosure_best_practice_audits,embed_base_logreg,2,4,81,f1e998799add05735d8e4ef8a7b0680c19790187dbe70fb785f32d106cac896b,yes,yes,0.5096265077590942,0,2
supply_chain_disclosure_best_practice_audits,embed_base_logreg,2,4,82,db23799cc5ac6832bc82fc3c56b81ffda2cf099b7bb8dfc04851c7cc978d3860,yes,yes,0.5333146452903748,1,1
supply_chain_disclosure_best_practice_audits,embed_base_logreg,2,1,83,2ebf21b254356e063ec495bc48e8b427c9cef0e023d6c440ab4695d670fac424,yes,yes,0.5223421454429626,1,1
supply_chain_disclosure_best_practice_audits,embed_base_logreg,2,0,84,f5f05ce191f8e498e77d5a82efe0cc9b7b0caca2cbd03855b4a3c04dd5326f82,yes,yes,0.6110811829566956,0,2
supply_chain_disclosure_best_practice_audits,embed_base_logreg,2,2,85,235ce0ea6083794379941800918b143e04bd02e90f6ca0df77dc219a03def0fb,yes,no,0.5300760865211487,0,2
supply_chain_disclosure_best_practice_audits,embed_base_logreg,2,2,86,675f9e573acd9ee413ee4098ecee6e28c67fb1251f10e277dc5f8251151e9da2,yes,yes,0.607886791229248,0,2
supply_chain_disclosure_best_practice_audits,embed_base_logreg,2,4,87,2ff95ae87bf0173ba35ce7803ee7e2b6c3e55da5408e2849e2db1bf6be370c1f,yes,yes,0.5091050863265991,0,2
supply_chain_disclosure_best_practice_audits,embed_base_logreg,2,4,88,c3c72b3814c06b5ae24ea5616a76e6e34d5e65a037e85d1de1b714979534a508,yes,yes,0.5162352919578552,0,2
supply_chain_disclosure_best_practice_audits,embed_base_logreg,2,3,89,1abad7524e193958a5e4e30aeee808127f7d6f94b84907ba346c856b1352d506,yes,yes,0.6713913679122925,0,2
supply_chain_disclosure_best_practice_audits,embed_base_logreg,2,3,90,d226bbab5779ded49db4f0c92048f30f3308fbc33dddc21c3f553fe8f87fcbf8,yes,yes,0.8306066393852234,1,1
supply_chain_disclosure_best_practice_audits,embed_base_logreg,2,2,91,3b4741877764990637a1268063f65f78bb8e594eae6d2906fe8bcd9f4257c7ff,yes,yes,0.7356484532356262,1,1
supply_chain_disclosure_best_practice_audits,embed_base_logreg,2,4,92,3bd73a7cf410fc9b3e1ae11778d1f9a5e608ca828bdf80e624f9d0fe092636d8,yes,yes,0.5289295315742493,1,1
supply_chain_disclosure_best_practice_audits,embed_base_logreg,2,1,93,f8a69fcaa6995a987c838bf9355ef0f34e73d762cad7adb46499a4919cd21260,yes,no,0.5005003064721731,0,2
supply_chain_disclosure_best_practice_audits,embed_base_logreg,2,4,94,2bc816bdb532b4fc74face24637b167b5cd6b7a156ba66b8ecdecca78ddb7a5e,yes,yes,0.522342324256897,0,2
supply_chain_disclosure_best_practice_audits,embed_base_logreg,2,3,95,ab4d67c424e351a53a77b8c8217460def7339c7690bda9807f188c277abf99df,yes,no,0.6594684320529828,0,2
supply_chain_disclosure_best_practice_audits,embed_base_logreg,2,1,96,5acad3a53814dc166c294d6012ee4d9876377e6c7dc9bcd4cb545aae89327aaa,yes,yes,0.5110551118850708,1,1
supply_chain_disclosure_best_practice_audits,embed_base_logreg,2,0,97,025abd17b4aa8cd2ca7b64367d0dae8246cac55217afb5378a32edc5cb032028,yes,no,0.6556332111358643,0,2
supply_chain_disclosure_best_practice_audits,embed_base_logreg,2,1,98,8009af26f9d7407e1ae55cfc4779b4b279c3d930f343295afcb1dabb6c4f5771,yes,yes,0.5106284618377686,1,1
supply_chain_disclosure_best_practice_audits,embed_base_logreg,2,3,99,20ffaa2b9dbb70e5796aaeb58543484710a8828de00250b6639f69c9e65bc92a,yes,no,0.5544250176675622,0,2
supply_chain_disclosure_best_practice_audits,embed_base_logreg,2,1,100,459bed595f402efcac27f2132f647c7bad0622691786e37af3b3902fe7ed6d30,yes,yes,0.5034855604171753,0,2
supply_chain_disclosure_best_practice_audits,embed_base_logreg,2,4,101,031856afb140c703e4a301ce8e6393551af830f3c4945305e23735bdc5dc5e8d,yes,yes,0.5280343890190125,0,2
supply_chain_disclosure_best_practice_audits,embed_base_logreg,2,0,102,6be5c550eecd21d8130ce8d2534fda585336bbd469b636be126d1930496943ef,yes,no,0.5978430509567261,0,2
supply_chain_disclosure_best_practice_audits,embed_base_logreg,2,2,103,cb1d66fe19e860b6174d574ad92b146dcfb31769b3f045c4268b796d39ace598,yes,yes,0.8412117958068848,1,1
supply_chain_disclosure_best_practice_audits,embed_base_logreg,2,0,104,b8f56656615d580b345dadc70ccbde392c6aa9477d92ffd07eb5fd126fb52749,yes,yes,0.7929946184158325,0,2
supply_chain_disclosure_best_practice_audits,embed_base_logreg,2,1,105,e1e9ff82d278af02d188aaab6558d189bc48fdbc54aed68d83ed47c4cbc0ff08,yes,yes,0.52329021692276,1,1
supply_chain_disclosure_best_practice_audits,embed_base_logreg,2,1,106,5d2e2af1f56ad0b84e2849ad94c7f9b8502c7f564e8e9948112364d32f117415,yes,yes,0.5000381469726562,0,2
supply_chain_disclosure_best_practice_audits,embed_base_logreg,2,0,107,7c0433d913d5d9e83b1a7479c578dedbb65de78fd669dac303b240517f525ac7,yes,yes,0.6267135143280029,0,2
supply_chain_disclosure_best_practice_audits,embed_base_logreg,2,1,108,487257cd89e1e218cee478fba0884b272dc42d42a47b82dd366d389a8b5db279,yes,yes,0.5004050731658936,0,2
supply_chain_disclosure_best_practice_audits,embed_base_logreg,2,3,109,a65ed6ff518a4c68f06e526e47cb1116cb4661c3ed635c6780dd4806b5cde7bb,yes,yes,0.7765197157859802,0,2
supply_chain_disclosure_best_practice_audits,embed_base_logreg,2,4,110,6c8d0687947cec71e1a1cb8a1383c11e0adb47d0e54ea48aafdb5a03e950fee1,yes,yes,0.5093016028404236,0,2
supply_chain_disclosure_best_practice_audits,embed_base_logreg,2,2,111,642eb832cde6ce9f5b08d631301f2eeff3be1414e98cb19a29c1e9a2ba1c24c6,yes,yes,0.6398726105690002,0,2
supply_chain_disclosure_best_practice_audits,embed_base_logreg,2,1,112,375dbda1e8323ea8520c1f6256c9b927c68151c652c6b58105a00d1ab2271c9c,yes,yes,0.5129988789558411,1,1
supply_chain_disclosure_best_practice_audits,embed_base_logreg,2,4,113,b19887857cd233945689ec8336c60d2f73d70846421c657f0be1c6a92bbc7518,yes,no,0.5164582575423045,0,2
supply_chain_disclosure_best_practice_audits,embed_base_logreg,2,2,114,f0a3886cf3e1d2070dc523492943cfcd3e499d24b52fc793a0fb7725adfe16f2,yes,yes,0.8520335555076599,1,1
supply_chain_disclosure_best_practice_audits,embed_base_logreg,2,0,115,376f27182efb4c1fe0ce63cffb0beea5d342c2296eb0f8a9e57769b2078f92c6,yes,no,0.7203511595726013,0,2
supply_chain_disclosure_best_practice_audits,embed_base_logreg,2,1,116,672f49a21e2f43bf1d7affa3e679d9d23f2677e346077297c3ce8c69996abc9f,yes,yes,0.5002559423446655,0,2
supply_chain_disclosure_best_practice_audits,embed_base_logreg,2,0,117,e04a261511b639d13eff7977e3a3d96a624c24da4e20bcea440d03ce7e3ae68e,yes,yes,0.8750810027122498,1,1
supply_chain_disclosure_best_practice_audits,embed_base_logreg,2,0,118,c95024d3b100f9153f41395f2e5c661f54c684d7d8038f764a81c77987cd944c,yes,yes,0.8342527151107788,1,1
supply_chain_disclosure_best_practice_audits,embed_base_logreg,2,1,119,0c2fd8335e8a32cd836ad0fac339e53728d9dd1b1739ac86260707d4b7cf5102,yes,yes,0.505163311958313,0,2
supply_chain_disclosure_best_practice_audits,embed_base_logreg,2,2,120,fc4c958267d1a005d1c9d5f0ac60c24f69650d1fbb89a618551194f3abb45a0a,yes,yes,0.5849911570549011,0,2
supply_chain_disclosure_best_practice_audits,embed_base_logreg,2,0,121,0efe9e66d9baf00c14469130c1d532f4abeb43c7f893eae6a44dab6313d4fb74,yes,yes,0.7236451506614685,0,2
supply_chain_disclosure_best_practice_audits,embed_base_logreg,2,4,122,459a17fd7ed2fb62ccf60f909dab8f4e9f41f8f620571c720e0d6449b3243f1c,yes,yes,0.5169024467468262,0,2
supply_chain_disclosure_best_practice_audits,embed_base_logreg,2,1,123,8c190cb913388a32b8ef0c5126e5c392d243b3583fd89923b21d8621b7f16f97,yes,yes,0.5008244514465332,0,2
supply_chain_disclosure_best_practice_audits,embed_base_logreg,2,3,124,dece42af518250889be48080639ae862a6244394a9cfabf7ce7c4af677218640,yes,yes,0.6104852557182312,0,2
supply_chain_disclosure_best_practice_audits,embed_base_logreg,2,2,125,40b7a53af6c489016a3c39a0c23daaf2b4ff6197c2b53acaf1ee59067d17b38a,yes,yes,0.5975121855735779,0,2
supply_chain_disclosure_best_practice_audits,embed_base_logreg,2,3,126,929891ba31548db1aa694753669e3c24a30e1788a99151d98b539c39011f0c6e,yes,yes,0.6673323512077332,0,2
supply_chain_disclosure_best_practice_audits,embed_base_logreg,2,2,127,9ffb371008bdf3d9905cc135199ff19454aa55be24ff6556d8f180a5a82601c4,yes,yes,0.8940567374229431,1,1
supply_chain_disclosure_best_practice_audits,embed_base_logreg,2,1,128,4cbcd769a0f437d0d8cac94bce5b472c7304848c39ba945db73525d09dd92f29,yes,yes,0.5027968883514404,0,2
supply_chain_disclosure_best_practice_audits,embed_base_logreg,2,1,129,28443bea33a9cfa2056f9e550d7afacc19053d096a108db12f87a2e90de7ad14,yes,no,0.5009985119401965,0,2
supply_chain_disclosure_best_practice_audits,embed_base_logreg,2,4,130,53b1a4e96ad74195e550599949adc135a68d11a2761b215e2d3c5f78fac20ff4,yes,yes,0.5053214430809021,0,2
supply_chain_disclosure_best_practice_audits,embed_base_logreg,2,4,131,457aa4a03d6d45f3e6544e847d352d46186cccc1f81d8cb481bf644db7af99f3,yes,yes,0.5033761262893677,0,2
supply_chain_disclosure_best_practice_audits,embed_base_logreg,2,1,132,b36c6cc2c4974c8c6877811a1a305dea8be3cb2d15bde1c0c9eb16c92139773f,yes,yes,0.5096993446350098,1,1
supply_chain_disclosure_best_practice_audits,embed_base_logreg,2,3,133,95a16109c1891d82eeafded1e727f6561d5e8c7475e3e4e26d3c11ca744c6547,yes,yes,0.555225133895874,0,2
supply_chain_disclosure_best_practice_audits,embed_base_logreg,2,4,134,921b410be7bc7b2de67384cb33f2212547c80d1e0d373fde36b9efa85af4bbd2,yes,yes,0.5196508765220642,0,2
supply_chain_disclosure_best_practice_audits,embed_base_logreg,2,2,135,4a3619506781d26fc853745317c36841d51d17c4453fa9792f2a6ec932c1b7f9,yes,yes,0.8444094061851501,1,1
supply_chain_disclosure_best_practice_audits,embed_base_logreg,2,0,136,30a167de20776b14c84cbc4a797def3569824661dd4a47f98a8e2cf261e55c03,yes,no,0.5855875611305237,0,2
supply_chain_disclosure_best_practice_audits,embed_base_logreg,2,0,137,391ccdc3a1a0f1231bbac5db1ce4e442afa3f3d79dc8b4293b88f93209811a6d,yes,yes,0.7147424221038818,0,2
supply_chain_disclosure_best_practice_audits,embed_base_logreg,2,4,138,151ef6b81c9ba20818d173a6b34a499bd330ac8b55583759ebc444cb3e997ee9,yes,no,0.5512658357620239,1,1
supply_chain_disclosure_best_practice_audits,embed_base_logreg,2,4,139,00f788466575e92cb6cd9b6bece2b76116328a72f455bfbf1b31c1a61e42a48e,yes,no,0.5441486239433289,1,1
supply_chain_disclosure_best_practice_audits,embed_base_logreg,2,3,140,ef2c6382e5dc53301bd218ec96105515da4a8331f35b814e7a7f38ea085ce13f,yes,yes,0.8122879266738892,1,1
supply_chain_disclosure_best_practice_audits,embed_base_logreg,2,2,141,04288152a54520da15135a2da000a2cf47ca7108eb4ed77b37713dc7ead5834b,yes,yes,0.6735936999320984,0,2
supply_chain_disclosure_best_practice_audits,embed_base_logreg,2,3,142,78781bf0a8697fd3f3409d0b8bd3967222d89b46f61f1ec355bda7d55721e5e4,yes,yes,0.6376646757125854,0,2
supply_chain_disclosure_best_practice_audits,embed_base_logreg,2,1,143,3c7c5ae2aa151786ba4a73c291ce5e1a0a2b03a30c29cf3328495fb37d9aece7,yes,yes,0.5136264562606812,1,1
supply_chain_disclosure_best_practice_audits,embed_base_logreg,2,1,144,2509ba56d644ea014a3e0fa3d0d6874c3cd2c6a28788f805fd9c6758e313ab8f,yes,no,0.5015633255709209,0,2
supply_chain_disclosure_best_practice_audits,embed_base_logreg,2,1,145,01eca6a511ea344abc3cf6dee3b61342273cacd73fd16da7f8f69dbf49142d75,yes,yes,0.5071753263473511,0,2
supply_chain_disclosure_best_practice_audits,embed_base_logreg,2,1,146,a16e8a50ee6e37a4589de3344628e84d9c80280c3ba92ec3972f6b853cbf7c2e,yes,yes,0.5091754198074341,1,1
supply_chain_disclosure_best_practice_audits,embed_base_logreg,2,3,147,45bd51009e1e64c672134259f2b5ede08866a003283780b51c4818c318a172fc,yes,no,0.7135365221958316,0,2
supply_chain_disclosure_best_practice_audits,embed_base_logreg,2,3,148,9e1afd1f029efd031171df47a2ca39fb5420f30cd60b2fd9e1b0a8875cd25e49,yes,yes,0.7783239483833313,0,2
supply_chain_disclosure_best_practice_audits,embed_base_logreg,2,2,149,4b31ff48711f468ee6a1562ebc1e3389c382fd1c448638c0eda617de2469b754,yes,yes,0.5730435848236084,0,2
supply_chain_disclosure_best_practice_audits,embed_base_logreg,2,4,150,0d783ce52643a830262a183e1f3340dfa5e11782478d1c01ad53d0076c4c73d4,yes,yes,0.5278754830360413,0,2
supply_chain_disclosure_best_practice_audits,embed_base_logreg,2,2,151,baace2e4253ecc8d61872f3b64835bb002f2a49a97e7d4c31adc7b078bc0a85f,yes,yes,0.7207694053649902,0,2
supply_chain_disclosure_best_practice_audits,embed_base_logreg,2,0,152,396d5edabfc1cc0317011328bc857e25c1640c119ce86f4b99f02862697e7df8,yes,no,0.5895699262619019,0,2
supply_chain_disclosure_best_practice_audits,embed_base_logreg,2,1,153,0c532687e912f2d64ff38f5eed8a18b3179c544a30dd454a0e4adc0617bafbef,yes,yes,0.5123008489608765,1,1
supply_chain_disclosure_best_practice_audits,embed_base_logreg,2,2,154,607ecb634c0681303ee57bf7366b51214e7db74d4d4c0675d3806628cffdbffb,yes,yes,0.6459252238273621,0,2
supply_chain_disclosure_best_practice_audits,embed_base_logreg,2,2,155,14759c3262b6131be28f172314d3243dbc099f7cb099c03a4e85397e876c8b56,yes,yes,0.8595048189163208,1,1
supply_chain_disclosure_best_practice_audits,embed_base_logreg,2,4,156,32260ecf26035d5e5df015a53c55c1fa3414a446aee4f3709c38ccf58df0ca66,yes,yes,0.5269906520843506,0,2
supply_chain_disclosure_best_practice_audits,embed_base_logreg,2,3,157,5ae1b1df5103d563678ef0e3bd377743146e4315d7a2bf0c895ece3a203e57a5,yes,no,0.6976855993270874,0,2
supply_chain_disclosure_best_practice_audits,embed_base_logreg,2,2,158,5d1fc63f4139faae3bfe28443da26e285c4bb8f1d308b6ff4b7b1b75cc2c1e80,yes,yes,0.6752559542655945,0,2
supply_chain_disclosure_best_practice_audits,embed_base_logreg,2,2,159,39e33483b6daed03fd99c05cd1c125e6b18f5af6c51ec943acdeaa4b1ee84166,yes,no,0.6153483574196207,0,2
supply_chain_disclosure_best_practice_audits,embed_base_logreg,2,3,160,3daa8ec03c0ed46a2b9f72cbb4723307035f5c52b6f89d28317e2a6b303d6247,yes,no,0.5231738246433086,0,2
supply_chain_disclosure_best_practice_audits,embed_base_logreg,2,1,161,0c82ffaee114b837e9f974f4e80361b373b8c00d329a258aa8a80fb9b1f4e398,yes,yes,0.512323796749115,1,1
supply_chain_disclosure_best_practice_audits,embed_base_logreg,2,3,162,07c6e827cc6c23cd27132b4c99cdd5e4258ea66c0b532d59b29055c8e5cedc14,yes,yes,0.8431331515312195,1,1
supply_chain_disclosure_best_practice_audits,embed_base_logreg,2,4,163,575b6c919a2ada10f464c7b46bc2b934726e9c993c82384121938de3ec6d3259,yes,yes,0.5264405012130737,0,2
supply_chain_disclosure_best_practice_audits,embed_base_logreg,2,2,164,21bfadb1e773c7ba5a13997f0fb26b6975502bebe37fe323b42580c521a1600f,yes,yes,0.7716526985168457,1,1
supply_chain_disclosure_best_practice_audits,embed_base_logreg,2,4,165,562ebd404575617d0f8d7b9efb34742cf5ddd488563c2500c9aec2ca6c214663,yes,yes,0.5303695201873779,1,1
supply_chain_disclosure_best_practice_audits,embed_base_logreg,2,1,166,78456786d204455184c362ece71adf15b8e1a55b2b2e857ebb83507e9881cb4e,yes,yes,0.5013017058372498,0,2
supply_chain_disclosure_best_practice_audits,embed_base_logreg,2,0,167,6ea4297c021e920636315a3b8cd9f75283c91cc9053cccc8f74a085fac3ff9e6,yes,no,0.7111512422561646,0,2
supply_chain_disclosure_best_practice_audits,embed_base_logreg,2,4,168,d7246cb68425a99318147f0f1fe2dcbb042807eb08603cbe9904847610a446e0,yes,yes,0.5053205490112305,0,2
supply_chain_disclosure_best_practice_audits,embed_base_logreg,2,1,169,f8401a13ab0b03ea07669144d0d263b35b0c21e834a4da3c577de48bdf482495,yes,yes,0.5067235827445984,0,2
supply_chain_disclosure_best_practice_audits,embed_base_logreg,2,4,170,a4e29359bcaec8e1536b48faecaba98004ae3f5854c7402ba7740252b24e59ec,yes,yes,0.5093978047370911,0,2
supply_chain_disclosure_best_practice_audits,embed_base_logreg,2,4,171,61bcec93f20473c4dd8792a0590cd52ebb4e73b93cce84104e1821b66585ae36,yes,no,0.5262788377321113,0,2
supply_chain_disclosure_best_practice_audits,embed_base_logreg,2,3,172,051d82ea698c7defeb37ae5b11301eca98346930ddd52562f9aea2bbac1b413d,yes,yes,0.6426865458488464,0,2
supply_chain_disclosure_best_practice_audits,embed_base_logreg,2,0,173,ef497929adb29de6160875c9594ed91f6ec6548653bca2492ebcd49f7324e9b1,yes,yes,0.5757246613502502,0,2
supply_chain_disclosure_best_practice_audits,embed_base_logreg,2,4,174,93bb3e29ce9e7036bd4c6725e22905194dfbb28fbe4e38678c89b9588ae43da4,yes,no,0.5529637501526996,1,1
supply_chain_disclosure_best_practice_audits,embed_base_logreg,2,3,175,dd5ea83860728cd69a48d8ee326e7998b3e4d597bd167390eff08fab3423660d,yes,no,0.5230305038979499,0,2
supply_chain_disclosure_best_practice_audits,embed_base_logreg,2,1,176,acf95ae6504008b3675b5a6e1d34dcf3e2ae5a31a2c52ab178689b08b1e52318,yes,yes,0.507008969783783,0,2
supply_chain_disclosure_best_practice_audits,embed_base_logreg,2,0,177,feb00174787409b226e12959e1eec4d9c76105dcc553753d24bfa85b06fa13a8,yes,no,0.5866585795087046,0,2
supply_chain_disclosure_best_practice_audits,embed_base_logreg,2,1,178,4e157c907f1a39c4736c42962bdcd0647aba4fc2d56996b1a7d865e6fed2b387,yes,yes,0.5151298642158508,1,1
supply_chain_disclosure_best_practice_audits,embed_base_logreg,2,4,179,b01aaacbff761f1d09ba1fd4477b90c6e5723fbf33f70d4a6c4092180818be85,yes,yes,0.5241950154304504,0,2
supply_chain_disclosure_best_practice_audits,embed_base_logreg,2,4,180,21caaa5906e5a0b027392e17755bdb5e69f2fbeeab9457431ce75f2563ed54f7,yes,yes,0.5271172523498535,0,2
supply_chain_disclosure_best_practice_audits,embed_base_logreg,2,3,181,596504be5142fc5222baf19af3a06f62e1c31bdf6053136081a7aa8300a515c0,yes,yes,0.6672261953353882,0,2
supply_chain_disclosure_best_practice_audits,embed_base_logreg,2,0,182,b0825404cd40d6659e58b65251fa3700b8ca36acce0c7e74e5ec60d73f009c2b,yes,yes,0.7041122913360596,0,2
supply_chain_disclosure_best_practice_audits,embed_base_logreg,2,1,183,2c330a1ba17f5fd6fcbe0c35d683859c0e61aae4aad2422c88ecae48ec2fb137,yes,no,0.5029990822970594,0,2
supply_chain_disclosure_best_practice_audits,embed_base_logreg,2,2,184,1531fdb46dfdd8cefa201ef9546bdc219dc7ec61de3612565a5a597833bca11c,yes,no,0.5264675617218018,0,2
supply_chain_disclosure_best_practice_audits,embed_base_logreg,2,2,185,ed5516e94ba0f9873e91a7c51a694a4b275288be9b383d487d2c473eec82d333,yes,yes,0.8605741262435913,1,1
supply_chain_disclosure_best_practice_audits,embed_base_logreg,2,4,186,d03e6766a02ffc8423ba39940ce8a69fd03ea5e93edfb327af258dabd75c9e5e,yes,no,0.5012346655498345,0,2
supply_chain_disclosure_best_practice_audits,embed_base_logreg,2,3,187,8a81109a73b838cbc58d4bf69f51eb6f1dee99da7818cde561d4cc9350058f7c,yes,yes,0.77569580078125,0,2
supply_chain_disclosure_best_practice_audits,embed_base_logreg,2,2,188,ad8df74a5604a274f191b30942519d471ef007f2cb2afc12ca66cd73490f140b,yes,yes,0.7157734036445618,0,2
supply_chain_disclosure_best_practice_audits,embed_base_logreg,2,3,189,3236cea34e746c2854726aafd2b42f4c763e91efd983f92bd5d46b37934ce701,yes,no,0.555972158908844,0,2
supply_chain_disclosure_best_practice_audits,embed_base_logreg,2,2,190,244d7fc55eab9fe22ac8639ef434c9d3948c9bedb7453b1980ec8f1229bb2c68,yes,yes,0.721885085105896,0,2
supply_chain_disclosure_best_practice_audits,embed_base_logreg,2,3,191,5b777db784a0ad2ff2f63cd6ac341cec919f6db8e66c1a7c8afcca4bda0856f1,yes,yes,0.8542689681053162,1,1
supply_chain_disclosure_best_practice_audits,embed_base_logreg,2,2,192,a536c2e629791ea99d535deb51d04d6950ca7e778e2b8fabd5107530ecf3b63d,yes,yes,0.7875187397003174,1,1
supply_chain_disclosure_best_practice_audits,embed_base_logreg,2,0,193,c1782493d0a641f2d98c277b11023e4adb7fa2fc203ee4dac76fa3dd572915e8,yes,yes,0.7155517935752869,0,2
supply_chain_disclosure_best_practice_audits,embed_base_logreg,2,1,194,c7792639dfd396f47fe6f339c6da513ede7315959767ab9dafb88309769dbab6,yes,yes,0.5052626729011536,0,2
supply_chain_disclosure_best_practice_audits,embed_base_logreg,2,4,195,ae215269eaa9afcae52c3c7fad43d01a78c9e122205651439d9bf2e5671676af,yes,no,0.5101651549339294,0,2
supply_chain_disclosure_best_practice_audits,embed_base_logreg,2,3,196,30079533bf5c7357cd70f9cf1cbc13700f5c3e515d3c5ebbe55c0943cb3cd3d3,yes,yes,0.730141818523407,0,2
supply_chain_disclosure_best_practice_audits,embed_base_logreg,2,4,197,ef8843ad04ca905381cc9dc85e84a4c4e9c5a2861f05e5fce9fa5066e7f7876d,yes,yes,0.5208907127380371,0,2
supply_chain_disclosure_best_practice_audits,embed_base_logreg,2,0,198,7c18061590aa800422b5635e324664e2dc3382d93bdd896d73512fd499719d54,yes,yes,0.702779233455658,0,2
supply_chain_disclosure_best_practice_audits,embed_base_logreg,2,0,199,56c25d4eb4588f13327a6b3f6d1bf423858c24d3e72ca640819f1aff6fffb588,yes,yes,0.7658483982086182,0,2
supply_chain_disclosure_best_practice_audits,embed_base_logreg,2,1,200,37fb8de488cb40c4b049e28e90cefa770eb07d1059f2e68c706d35d39deaf7a6,yes,no,0.5049769727892586,0,2
supply_chain_disclosure_best_practice_audits,embed_base_logreg,2,0,201,d6943bae94c68dbe413f37141c963ec0da0f265c3d6cd601971199d07c838bcf,yes,yes,0.6395991444587708,0,2
supply_chain_disclosure_best_practice_audits,embed_base_logreg,2,2,202,738411246babffb6b853c81c2ab34295e5db281b7e730293ed8d1ad31e1d30cb,yes,yes,0.5038346648216248,0,2
supply_chain_disclosure_best_practice_audits,embed_base_logreg,2,3,203,4d4c98bf199646728c2a7b80140d0f8bfa90311619ddd101e7e81d8da51eba3f,yes,yes,0.5581474304199219,0,2
supply_chain_disclosure_best_practice_audits,embed_base_logreg,2,4,204,3887f474ec6dfe32935833b72b870ee0ee25207e9c2d7cad91f1d4792356e278,yes,yes,0.5048328638076782,0,2
supply_chain_disclosure_best_practice_audits,embed_base_logreg,2,1,205,5183361573f996b8425904aba330bdb33a14f3a40e5a13d71f8a4dfa32ee601c,yes,yes,0.5032752156257629,0,2
supply_chain_disclosure_best_practice_audits,embed_base_logreg,2,2,206,b7fef818a202c62579781f6a16fdc3fbe95b7014de4c7fc7c0bfd72085b49111,yes,yes,0.6674441695213318,0,2
supply_chain_disclosure_best_practice_audits,embed_base_logreg,2,4,207,7f71163235d108c9e78fa664d5bef08dabfa91cfbbdcd9f3d08391db22af380a,yes,yes,0.5335463285446167,1,1
supply_chain_disclosure_best_practice_audits,embed_base_logreg,2,1,208,5695147a701cc755d386897ef3916ae914a81943569ef4fe344ca24a43d906ee,yes,yes,0.5009621977806091,0,2
supply_chain_disclosure_best_practice_audits,embed_base_logreg,2,4,209,b18c36bddd3d7b476ce5b9e82b759a1230ce387c9ef91dd060c50f7a7fb551f5,yes,no,0.5036858916282654,0,2
supply_chain_disclosure_best_practice_audits,embed_base_logreg,2,2,210,0a76fce024d1ded8f815f5aeddfd0f478fe16661931e2f3658f76bca65572613,yes,yes,0.8891481757164001,1,1
supply_chain_disclosure_best_practice_audits,embed_base_logreg,2,0,211,b5f480ca28f49024bd818f6af65275cc36a6022530a28fa2648ddb7da3f86839,yes,yes,0.7036049962043762,0,2
supply_chain_disclosure_best_practice_audits,embed_base_logreg,2,3,212,255fd01e686472de43e42c9c117018713274490a02b2df34c1bc9ea698083b88,yes,yes,0.7675777077674866,0,2
supply_chain_disclosure_best_practice_audits,embed_base_logreg,2,4,213,c1b7a9f6e0096a280a7cff21a3d2d2a788fda487fb4778bff25572d53d220dd8,yes,yes,0.5045187473297119,0,2
supply_chain_disclosure_best_practice_audits,embed_base_logreg,2,3,214,8e4caa63c82cc004c6a03ff6278f68d26b0d6195e385e25392f38000f093728e,yes,no,0.7237643599510193,0,2
supply_chain_disclosure_best_practice_audits,embed_base_logreg,2,0,215,5246f2f270d78e6a7ee150dfeb414ed591d6d868246b224415d78f8dcb33c791,yes,yes,0.7097440361976624,0,2
supply_chain_disclosure_best_practice_audits,embed_base_logreg,2,1,216,dc87f2b33f12048f543e0a8cc1526f23fe4e72f15a6f2f1decf2a602f0eadf1b,yes,yes,0.518043041229248,1,1
supply_chain_disclosure_best_practice_audits,embed_base_logreg,2,1,217,3045163bc73fcda0d5d8a7800ea68f83f22b0d7e71099dbf8bf7030daca5c21a,yes,no,0.505331814289093,0,2
supply_chain_disclosure_best_practice_audits,embed_base_logreg,2,1,218,4c7d5ee51cc7b5700e6104e6c501ce5b41ed859fcf48fdb1057af364fba88a8e,yes,no,0.5010058283805847,0,2
supply_chain_disclosure_best_practice_audits,embed_base_logreg,2,0,219,bd4c1f1cf2fc2181caa3f8384bb1b4d9195039f6a32c4609aa60fff706567b74,yes,no,0.5851376231055744,0,2
supply_chain_disclosure_best_practice_audits,embed_base_logreg,2,4,220,77ad10e7c8d412c275543817ff3fbae1b314666dc24e6b51452fee9982cb31ec,yes,yes,0.5192694067955017,0,2
supply_chain_disclosure_best_practice_audits,embed_base_logreg,2,3,221,be62d87c4255e3586bdf7df9901d04563f034fa4e1c974936be58d86bae1221c,yes,yes,0.5698283910751343,0,2
supply_chain_disclosure_best_practice_audits,embed_base_logreg,2,3,222,c28332da856f34b6a44fb9b64740e960ec60cbce5cfb5a4d5a7697e4796c9b42,yes,yes,0.7651143074035645,0,2
supply_chain_disclosure_best_practice_audits,embed_base_logreg,2,1,223,f5a6277f734ce623abb70561bc333f40c516432889b7170fe537795f0b0d1dfe,yes,yes,0.5044171810150146,0,2
supply_chain_disclosure_best_practice_audits,embed_base_logreg,2,1,224,c40939ccc68ff214deef38f965d504bec913cb7a2f3c74d2ece1a45866e275d9,yes,no,0.504218578338623,0,2
supply_chain_disclosure_best_practice_audits,embed_base_logreg,2,2,225,829a910f071a32bcafaaa8663dbdf625ce4b5548e0b6c349d0dc9ac3703a1122,yes,yes,0.5561220049858093,0,2
supply_chain_disclosure_best_practice_audits,embed_base_logreg,2,4,226,f1638844a53628837ad5d89cfcdeecc0f5bb34cfc57eb62570e26ff4a1cf62da,yes,no,0.5331337451934814,1,1
supply_chain_disclosure_best_practice_audits,embed_base_logreg,2,3,227,902f081f4eba26153cd2c7c4a497205b912767790306d278827259370ff02e5a,yes,no,0.5170139228407717,0,2
supply_chain_disclosure_best_practice_audits,embed_base_logreg,2,2,228,ca1da196f15bf1f779e22e5e1a695d8b7a71804e15e2d5e7feff77800f931548,yes,yes,0.8735076189041138,1,1
supply_chain_disclosure_best_practice_audits,embed_base_logreg,2,3,229,5f6bc442d00e4fa861670fafbb8a27c94547c1508938c9d29e3d899bfc2ba60c,yes,yes,0.7731413245201111,0,2
supply_chain_disclosure_best_practice_audits,embed_base_logreg,2,4,230,f2c4a70d75d38bdb8ddcf24ce6b3bbc1270aa929b58238973c10a2f20dcf0d75,yes,yes,0.5129559636116028,0,2
supply_chain_disclosure_best_practice_audits,embed_base_logreg,2,2,231,8bf9eb09cc0e8fd59010ab76b7c69b9e1e43c539995dc000c6861a83b2d81707,yes,no,0.8259720556148274,1,1
supply_chain_disclosure_best_practice_audits,embed_base_logreg,2,2,232,f7cf08b6965795f5c7d3d054023aac6ccdeabdb48f991c84e2931966f6ad041d,yes,yes,0.5076646208763123,0,2
supply_chain_disclosure_best_practice_audits,embed_base_logreg,2,0,233,1c7fa227e0dc0b3f0683ec2411f95409c3417c9b96f8516a9f76bb71971c3978,yes,yes,0.563443660736084,0,2
supply_chain_disclosure_best_practice_audits,embed_base_logreg,2,0,234,5f24817add32407e6acc884463b789a68919be44f960ad31c19f73970ec67edd,yes,no,0.772774719380579,0,2
supply_chain_disclosure_best_practice_audits,embed_base_logreg,2,2,235,f3669d8939961578a7f23f5801a8f8915334ee6e2197feeaffc15c7042fe0c20,yes,yes,0.7677763104438782,1,1
supply_chain_disclosure_best_practice_audits,embed_base_logreg,2,4,236,06c17d0d305d5233112fb0bca036055b06f839ff3e6eef40071ed1a3802d4a7e,yes,yes,0.5243476033210754,0,2
supply_chain_disclosure_best_practice_audits,embed_base_logreg,2,3,237,f3e83ec97ee5386134f54fd9a9f7c19f68cc121dc9f6f5ba2618dfcd1c4b3b66,yes,yes,0.8667153716087341,1,1
supply_chain_disclosure_best_practice_audits,embed_base_logreg,2,2,238,f894ff8baed215fe478a03c4f70e0ae70f1dee90d635e8bf521bcf7c2c5d5d8c,yes,yes,0.7370728254318237,1,1
supply_chain_disclosure_best_practice_audits,embed_base_logreg,2,1,239,0959b643a8baf490de768c9a042a1cff4f7ba07e8c3a35f1d3c88073b5c659bb,yes,no,0.5006549507574722,0,2
supply_chain_disclosure_best_practice_audits,embed_base_logreg,2,2,240,c603ec107332b17d63d9c056e5827a42faf80cee9ecf616f78b74d7b26aca002,yes,no,0.5617849826812744,0,2
supply_chain_disclosure_best_practice_audits,embed_base_logreg,2,1,241,cff6dc284e486a2f018540356c568bd866b086fd09ab993a34321b8282b62dff,yes,no,0.5048388092267868,0,2
supply_chain_disclosure_best_practice_audits,embed_base_logreg,2,3,242,f1ffa5b7ab4faafc9099101fbcac382df8a721f39c48a1fb4eff0f8263e12ddd,yes,yes,0.8372484445571899,1,1
supply_chain_disclosure_best_practice_audits,embed_base_logreg,2,3,243,7358882b282e44427d46aa23e131b40ce9cb810d4046b9b5b1b29019a7bafd97,yes,yes,0.7058891654014587,0,2
supply_chain_disclosure_best_practice_audits,embed_base_logreg,2,4,244,39716913d74b739a4abccba43e643a747078c53268d60308a0981129848fe379,yes,yes,0.5435549020767212,1,1
supply_chain_disclosure_best_practice_audits,embed_base_logreg,2,0,245,aacaba1b480efdbb8a8d7f064c31e6c8bb5d15a859dde769c4e38d8f39544726,yes,yes,0.6799687147140503,0,2
supply_chain_disclosure_best_practice_audits,embed_base_logreg,2,3,246,625e4fb7cc51b77995b363889fc63bbadb80c2bc91fb2880c1018ab4741d3b7c,yes,no,0.5549700425556314,0,2
supply_chain_disclosure_best_practice_audits,embed_base_logreg,2,0,247,cadb995cb17c99a0479f83cf2c9ef1624ee2362bfba9690abd6fcc060800c76a,yes,yes,0.7895521521568298,0,2
supply_chain_disclosure_best_practice_audits,embed_base_logreg,2,1,248,ab606b741090016f818eb0cb7e260b416330418b8003a89245993e73bf8630d0,yes,yes,0.5083746314048767,0,2
supply_chain_disclosure_best_practice_audits,embed_base_logreg,2,0,249,cc0bd56a8fa41797d21f3f767f99f08c0d47e85478b58e4221224373d2c04763,yes,yes,0.6899267435073853,0,2
supply_chain_disclosure_best_practice_audits,embed_base_logreg,2,2,250,1294ab0087ad5087a538686b745d3e7db23d18cc7f4f6f530cc80e2ac5f4db00,yes,yes,0.6565058827400208,0,2
supply_chain_disclosure_best_practice_audits,embed_base_logreg,2,4,251,94afabafc1a2e279104f1d46c17a267d3986bec668852ff48007a09bf59540ad,yes,yes,0.5456182360649109,1,1
supply_chain_disclosure_best_practice_audits,embed_base_logreg,2,0,252,6132d8d18112fa7d61ba37ff4d62b1c1c54f81b63eb04af24889c178eac1b7f5,yes,yes,0.8757653832435608,1,1
supply_chain_disclosure_best_practice_audits,embed_base_logreg,2,1,253,8c27ca919f3a1c88913da54bb4a77bba34322faffaf8e221698a9d377dbe8c52,yes,no,0.5041344015558242,0,2
supply_chain_disclosure_best_practice_audits,embed_base_logreg,2,0,254,13a1d68844cb18a366fbe726bce7132ea31a4fbed461a3d8e40fe9c27604ab0c,yes,no,0.5570559335632344,0,2
supply_chain_disclosure_best_practice_audits,embed_base_logreg,2,3,255,96815958503862c65f14b779ce716b39e74afb0aac85ec7b03e85152838e44b0,yes,yes,0.5630545616149902,0,2
supply_chain_disclosure_best_practice_audits,embed_base_logreg,2,3,256,73eed2cd61ac0ea6ae32683a83e2b0e5738d28779452c6ed7cb6f7eadd0e2261,yes,yes,0.5723581314086914,0,2
supply_chain_disclosure_best_practice_audits,embed_base_logreg,2,0,257,373083f104edd5a192773c0a179c9788a933c15a1571ba09d81e8033116bf6c4,yes,yes,0.710015594959259,0,2
supply_chain_disclosure_best_practice_audits,embed_base_logreg,2,0,258,eade8098bb75f44ddc8f9427c116b373a4abfcf40e4dcf8e2774b900155008a0,yes,yes,0.8226823210716248,1,1
supply_chain_disclosure_best_practice_audits,embed_base_logreg,2,3,259,013f12d740fc3d68af91928317abf93d62dd424d19d1137d161e2693551f67e3,yes,yes,0.6135086417198181,0,2
supply_chain_disclosure_best_practice_audits,embed_base_logreg,2,1,260,bf3486f95c637ed4c0f6e7987cd08241cbaa680a7e6a37850cb43d0042e06cad,no,no,0.5084924697875977,0,2
supply_chain_disclosure_best_practice_audits,embed_base_logreg,2,4,261,17b7c487cc98c7e8e49c1c50b503ac7d38f2734055411ae4ae7b698cb622add3,no,no,0.5364302236905627,1,1
supply_chain_disclosure_best_practice_audits,embed_base_logreg,2,0,262,8af0b9f5fd790626bb4db3c123e1eb46e4ce609c0a22a6c74820808d33d2e351,no,no,0.638065237941302,0,2
supply_chain_disclosure_best_practice_audits,embed_base_logreg,2,2,263,4711f4cfb8352d9bee2590efd786b65a53292b22ea7e088a282787c6669af84d,no,no,0.8734813332557678,1,1
supply_chain_disclosure_best_practice_audits,embed_base_logreg,2,1,264,6280d5d3a4a66af42f0a860a6e1bef945aaac4cd6695915cab72224d2110b691,no,no,0.5078720895090076,0,2
supply_chain_disclosure_best_practice_audits,embed_base_logreg,2,0,265,168f343929f3968913069fd4fe3ea2090bcc1a567ad31fa5d6834c9d9d8ee1d5,no,no,0.756009720444969,0,2
supply_chain_disclosure_best_practice_audits,embed_base_logreg,2,4,266,71386be1f3486406f1a3cf5dfee5e266834f063cbf2bfb914213afe0d7458bb1,no,yes,0.5071356892585754,0,2
supply_chain_disclosure_best_practice_audits,embed_base_logreg,2,2,267,00768c68746cc07a0855f2e858ea0b79d89c52616ea96f63e3b7d7113ad78409,no,yes,0.5638481974601746,0,2
supply_chain_disclosure_best_practice_audits,embed_base_logreg,2,0,268,73be09f2cbe8d3723f914f0901b9b1199c1c4b1c8cf68937bada35a3da53af17,no,no,0.5456723137400243,0,2
supply_chain_disclosure_best_practice_audits,embed_base_logreg,2,4,269,96700d3c63698f7fc8d4ea778f120a3d46929a5734a3c86cfa59d7a160ef608e,no,yes,0.5030640363693237,0,2
supply_chain_disclosure_best_practice_audits,embed_base_logreg,2,1,270,b11583189d07bb6c3452ea92f85ffc89db81f8f0bb7f000a3d4b4d62e7eec5c0,no,no,0.5037997961044312,0,2
supply_chain_disclosure_best_practice_audits,embed_base_logreg,2,1,271,2c33b85eaa7cbe07fb355c5e6f1156c2063261897778d650af9ba90bc60754c2,no,no,0.5010884404182434,0,2
supply_chain_disclosure_best_practice_audits,embed_base_logreg,2,3,272,203ed0f85c23f811b2013c75119ab4107bb94611678786bf334e168d337dfd91,no,yes,0.5034112930297852,0,2
supply_chain_disclosure_best_practice_audits,embed_base_logreg,2,1,273,29f5a73f0eb2112c2e8648ba539c6e8540af14f4e9972e5f4dc3409460c124a7,no,no,0.5009180158103104,0,2
supply_chain_disclosure_best_practice_audits,embed_base_logreg,2,0,274,529fbe231a56762bee94fca3a926dfbe380e1a1a4899d3eee0104c0f6d69fd90,no,yes,0.5330701470375061,0,2
supply_chain_disclosure_best_practice_audits,embed_base_logreg,2,1,275,c4a4dd3902ba1e7f9bd8aec6700ede838bef8b038357041988488f41c58fd818,no,no,0.5022461414337158,0,2
supply_chain_disclosure_best_practice_audits,embed_base_logreg,2,4,276,072d2e8050c2b36c8c5ff2c7aff95b88f8fd6cccc76368e10be132a17e092b7d,no,yes,0.5308135151863098,1,1
supply_chain_disclosure_best_practice_audits,embed_base_logreg,2,4,277,a86f11debb6ead7654a11b993c384f748c0211f80d9cf6ec15379718865bb14b,no,no,0.5248216547018782,0,2
supply_chain_disclosure_best_practice_audits,embed_base_logreg,2,3,278,dec95cde6289a27cf2fa4c129a8fe002cd9efe24fe0c76194cd80b81d4d25646,no,no,0.7495607733726501,0,2
supply_chain_disclosure_best_practice_audits,embed_base_logreg,2,3,279,278a88f973ea6da6e167d46d0b191eee85edd560cf58a096d19bf9f0385f078f,no,no,0.5050340890884399,0,2
supply_chain_disclosure_best_practice_audits,embed_base_logreg,2,0,280,9f9d1126a707de4b474cf7e0fc08299ad856bdb4a0bfe68914a374466df2ba79,no,yes,0.7423327565193176,0,2
supply_chain_disclosure_best_practice_audits,embed_base_logreg,2,2,281,49e44d01a8d96ebc8362b1012e8fe169fc8ba19015002d2415f18d38e34e543f,no,no,0.8989725775940163,1,1
supply_chain_disclosure_best_practice_audits,embed_base_logreg,2,2,282,7aff74a42e71a0efa775083fed4b831acd81e1c7a72ea3ab95fa0010cbd1b047,no,no,0.7083395930629848,0,2
supply_chain_disclosure_best_practice_audits,embed_base_logreg,2,1,283,c0e1213a6c7f271618273d37e7c4d80e49f79f3cb5a1276394122a181df3af93,no,no,0.5010595470982655,0,2
supply_chain_disclosure_best_practice_audits,embed_base_logreg,2,2,284,162326a6ce5c56ccf790f70cb837962b40b3bc3287e736e1be05be79c4e6bce9,no,yes,0.8301693201065063,1,1
supply_chain_disclosure_best_practice_audits,embed_base_logreg,2,3,285,446398bfee4175c67b2956599c14af90b0edd482e1dce8163481a203948007dd,no,no,0.6280418821585739,0,2
supply_chain_disclosure_best_practice_audits,embed_base_logreg,2,1,286,ba33f9b515db096d9ae8836a3b69ce9148b85a2f3bd641c7a5fcba3f6b073736,no,no,0.5132889900591668,1,1
supply_chain_disclosure_best_practice_audits,embed_base_logreg,2,0,287,0b218c20d44772c56168aad84ee04aa59a41e91c16b8af3ec7318f2db50abac9,no,yes,0.6003283858299255,0,2
supply_chain_disclosure_best_practice_audits,embed_base_logreg,2,4,288,a6098775d1f58c7495bade73c71a163bda773200d559daf386859c20452c9497,no,no,0.5000908225747698,0,2
supply_chain_disclosure_best_practice_audits,embed_base_logreg,2,2,289,0bb83f5175555cfaa916ed3929534af9f11e955ce4ff57612f69713e94993937,no,yes,0.562491238117218,0,2
supply_chain_disclosure_best_practice_audits,embed_base_logreg,2,3,290,389a4e760129e6e54975f074004e2fec1753d42f1e48343f1b10d47d6fcac37e,no,no,0.523030296654412,0,2
supply_chain_disclosure_best_practice_audits,embed_base_logreg,2,1,291,d57214d0e9a179e422fbe3b51666f953ceda30db4a7ce444e66f35c2904d4c84,no,no,0.5042328984806805,0,2
supply_chain_disclosure_best_practice_audits,embed_base_logreg,2,4,292,4f3067260931b33e6f0dcd9414705fb435db8f6aac3bf072fcf443d96f77932c,no,yes,0.5008066296577454,0,2
supply_chain_disclosure_best_practice_audits,embed_base_logreg,2,4,293,143076a0b6c3b4b2c37750896a92e809870b097c81c38be1d50dce2c008d9eb2,no,no,0.5402799248695374,1,1
supply_chain_disclosure_best_practice_audits,embed_base_logreg,2,0,294,3bce2b75988d047a0d7a0deea7d519effb6c58310ec68cc20fa6cce9c3b54f1b,no,yes,0.646571695804596,0,2
supply_chain_disclosure_best_practice_audits,embed_base_logreg,2,2,295,5ba25ab1ef701ffb4ef46c65dacf4c7fff4bf56cb6c3b355c39768b828753eb2,no,no,0.6666246056556702,0,2
supply_chain_disclosure_best_practice_audits,embed_base_logreg,2,2,296,c09af0b827ba4837bfe03f4efcc035c576b40c281b86c6d5cf4d9a9452124fe4,no,yes,0.569656491279602,0,2
supply_chain_disclosure_best_practice_audits,embed_base_logreg,2,4,297,d318eaf94df22e65541a2d801bf35239ef508dd99ccf9a378d2f01328b1b29f8,no,yes,0.5464751720428467,1,1
supply_chain_disclosure_best_practice_audits,embed_base_logreg,2,0,298,b215c45d50089d0cd1585a907239c94da9543ad54bd7a50f9cf22478364ff754,no,yes,0.7731802463531494,0,2
supply_chain_disclosure_best_practice_audits,embed_base_logreg,2,2,299,9d071de4e714afecba60136fc13d2fd5d799fa73ec323fa5b32f33261331fc95,no,no,0.730635404586792,0,2
supply_chain_disclosure_best_practice_audits,embed_base_logreg,2,0,300,b48a0124d9c28eba8793c0639caa52128545630d8a846c28ab4f01eb7cde60e0,no,no,0.8342576622962952,1,1
supply_chain_disclosure_best_practice_audits,embed_base_logreg,2,2,301,f604a8e5fc84e2cb8f3210b72d51555bfad329c64660c42250ca1403fec24f72,no,no,0.5833999936759474,0,2
supply_chain_disclosure_best_practice_audits,embed_base_logreg,2,3,302,dfd391e41957d1ac236feb8094f25b8ef1bb5bb23df2361d1e0b96cdcf4d8334,no,yes,0.505928099155426,0,2
supply_chain_disclosure_best_practice_audits,embed_base_logreg,2,3,303,da6cb12627d752d97c8b74cd52766dd24bf238718d113b3b633ccfb1b8a34605,no,yes,0.8311505317687988,1,1
supply_chain_disclosure_best_practice_audits,embed_base_logreg,2,1,304,968b24534319b3352bfda7565390677a43bff36eba314281473cc77c382f7459,no,no,0.5021639466285706,0,2
supply_chain_disclosure_best_practice_audits,embed_base_logreg,2,3,305,4441c0b5b2cc678233438e17f40bbaa0525429c3e46d1ba3068a07a61b93ac90,no,no,0.6289675831794739,0,2
supply_chain_disclosure_best_practice_audits,embed_base_logreg,2,2,306,e7be9434bab5ee26ff724ad366dd76a6eb91f1c4d40da2a6a8cacdadec1b2cef,no,yes,0.7270044684410095,0,2
supply_chain_disclosure_best_practice_audits,embed_base_logreg,2,2,307,f4f4adbea45122fdb1d3bbd6cd8cdeb27833cdb5d576db84c1eda5e29dcaee5f,no,no,0.5801632577229517,0,2
supply_chain_disclosure_best_practice_audits,embed_base_logreg,2,2,308,23cc46b8e873878abcf6bddaef16294515cd6ff0c31f4b9c469cf5d98cd31970,no,yes,0.5232141017913818,0,2
supply_chain_disclosure_best_practice_audits,embed_base_logreg,2,3,309,4812c78abc5dfdced8315b1ba8d4b75c05311b916aa75c4d90debdfc6f969f74,no,no,0.7725873108593719,0,2
supply_chain_disclosure_best_practice_audits,embed_base_logreg,2,4,310,83f36822a559802b4975bbd8ddaa42349b8ee30eaf1e14b895b064dc2d783343,no,yes,0.5100290179252625,0,2
supply_chain_disclosure_best_practice_audits,embed_base_logreg,2,1,311,6bd5e103d0200987b6d5a975589d665847c4a5cb70be72a8ec7b797be539ca1b,no,no,0.5019113421440125,0,2
supply_chain_disclosure_best_practice_audits,embed_base_logreg,2,0,312,396db51b94e5987c9f4291a20606d3214010cae759f026fc485bfdccb44d32fa,no,yes,0.6023789048194885,0,2
supply_chain_disclosure_best_practice_audits,embed_base_logreg,2,1,313,32aac534cc8c69b44cffb558d1687dde646c903551f4716d35f361ff9dfef7bc,no,yes,0.502945065498352,0,2
supply_chain_disclosure_best_practice_audits,embed_base_logreg,2,1,314,cbd37b5b1d68d6e3051fe7d37866a22b605c82f43a4558b539cc921a761165da,no,yes,0.5009524822235107,0,2
supply_chain_disclosure_best_practice_audits,embed_base_logreg,2,3,315,93385e4040b8a9e2244312c589f32c019276499f4d77dc979a43a063da101d79,no,no,0.5524462296829751,0,2
supply_chain_disclosure_best_practice_audits,embed_base_logreg,2,2,316,fd5ab74802751c150fc6ffc9f5fc04a7520d18f5e369c5198e123110ae82e19b,no,no,0.7778818127197298,1,1
supply_chain_disclosure_best_practice_audits,embed_base_logreg,2,0,317,c39413cbf6175d72ce6425d54415f612eb915e3a715f188af606596ffd3c5c5a,no,yes,0.8018944263458252,0,2
supply_chain_disclosure_best_practice_audits,embed_base_logreg,2,2,318,d13bde6dbbb3e00674ae5199051fa37761040e06ca97d1fcddd06d1ca5a95012,no,yes,0.6295384168624878,0,2
supply_chain_disclosure_best_practice_audits,embed_base_logreg,2,3,319,a70cae38bc14a6f8f9ff25c6f6fc01da33d93a293a9faa412ec7fd88b01dab57,no,yes,0.6453425884246826,0,2
supply_chain_disclosure_best_practice_audits,embed_base_logreg,2,4,320,3d8984baef0ba18103046a21a24eaa95a7315dac31f46efd9d70b2de535cb462,no,no,0.5133955478668213,0,2
supply_chain_disclosure_best_practice_audits,embed_base_logreg,2,3,321,27802664c2d01aa9a779698077273b0dfbb4e4c37c59ec27a359740e25c22b42,no,no,0.5110814571380615,0,2
supply_chain_disclosure_best_practice_audits,embed_base_logreg,2,2,322,c8ba7ee2aff1efe743ffdd333d82a22572e92a917542d07d056d220a47de9d41,no,no,0.8886016673490529,1,1
supply_chain_disclosure_best_practice_audits,embed_base_logreg,2,2,323,3197363915acc24a03e50b624d5514a7aae17a858feaebce00133fca51c8ab4e,no,yes,0.5616978406906128,0,2
supply_chain_disclosure_best_practice_audits,embed_base_logreg,2,4,324,0befd85c57d5cc436139e85b69ed400d5bef008c4e62d3c2edc68db2816c720d,no,yes,0.5174975395202637,0,2
supply_chain_disclosure_best_practice_audits,embed_base_logreg,2,3,325,511c8ce5808e6bd8d67a22f804e04fe11901c30d1c6316a4cf9d7ecf7650b4e7,no,yes,0.7573615908622742,0,2
supply_chain_disclosure_best_practice_audits,embed_base_logreg,2,3,326,c27e6fadd2b0b3eb12322506eb24c1c751d3d78f654dde666d6ae98bea4843d6,no,no,0.5703406929969788,0,2
supply_chain_disclosure_best_practice_audits,embed_base_logreg,2,3,327,31bd0760ea5f242b9f1c3214f1def028d570d735060898e3dfe0692b784765c6,no,yes,0.6374221444129944,0,2
supply_chain_disclosure_best_practice_audits,embed_base_logreg,2,1,328,0605d4ef497301876468cc2abc3991419cb67ab9f6f44508b0849ad5cf2bc53a,no,yes,0.5009751915931702,0,2
supply_chain_disclosure_best_practice_audits,embed_base_logreg,2,0,329,61fdcfca449fbfdb032d1d9c17f754d30f1640a83287a1b9920ca671c0bc204f,no,no,0.7751256342996007,0,2
supply_chain_disclosure_best_practice_audits,embed_base_logreg,2,4,330,cde51c4232abd6a3d2b26f8ef8d8222f4018c74db11f9042f8d1f02d7b38d0ee,no,yes,0.5017457008361816,0,2
supply_chain_disclosure_best_practice_audits,embed_base_logreg,2,3,331,319f9e927445f3d22c3c88b50343f05c4b5e9652ee4c548d6428c7fbfa6ddb18,no,yes,0.7745504975318909,0,2
supply_chain_disclosure_best_practice_audits,embed_base_logreg,2,3,332,189c16c1e54172f9e82ad90fdfd5e678727d91bda7c553e141882e572dd268de,no,no,0.7097988128662109,0,2
supply_chain_disclosure_best_practice_audits,embed_base_logreg,2,4,333,50bc448a6e56c7b8a2cc2d46b2f97fd9cb0e9d4e8d9c08464f7f83ce1087ca64,no,yes,0.5267844200134277,0,2
supply_chain_disclosure_best_practice_audits,embed_base_logreg,2,0,334,1d40ab814671064c78b4e4b52104b7c67dd683a3660819cf3f84d9f8fb431067,no,no,0.7469895108637068,0,2
supply_chain_disclosure_best_practice_audits,embed_base_logreg,2,1,335,616072472d0a990fbc711a6602843e35e185e74e6783dad5587dc1a74f7564b5,no,no,0.5011435747146606,0,2
supply_chain_disclosure_best_practice_audits,embed_base_logreg,2,1,336,4b44ec066ecab4f9d6bf9bd182434dd023a65373af82a4b71049e0e039377bb5,no,no,0.5132920895007875,1,1
supply_chain_disclosure_best_practice_audits,embed_base_logreg,2,4,337,f75e522355c0c0d4675648d8939f58f0ec9be70cb95841db451b5e375c1a89e0,no,no,0.5166374598931509,0,2
supply_chain_disclosure_best_practice_audits,embed_base_logreg,2,2,338,fa6b3e76ad96618009ffc2f157f3ca4d543344f3dc774b60cb2107497173bbb2,no,no,0.6155454103811208,0,2
supply_chain_disclosure_best_practice_audits,embed_base_logreg,2,3,339,4a0ff924d0af0c575b3be2e72b34334f61fac916dfdeef18d4d8b2786d5a055c,no,yes,0.5944932103157043,0,2
supply_chain_disclosure_best_practice_audits,embed_base_logreg,2,0,340,a2c3a52ee094219ed5814abd08612de2476dc3c07d49af67be0302a80c6214d6,no,no,0.5042170286178589,0,2
supply_chain_disclosure_best_practice_audits,embed_base_logreg,2,3,341,95fc1e387da1c2ef3c88f6b5a13bd043d0bcb9d99736badacc5810f4e69f6ead,no,yes,0.536434531211853,0,2
supply_chain_disclosure_best_practice_audits,embed_base_logreg,2,3,342,890c6a25c312a4255ede6c1b5569bef48435d8858fb1ad26a3a541896113f791,no,no,0.6926341263244786,0,2
supply_chain_disclosure_best_practice_audits,embed_base_logreg,2,4,343,1d04a8b5ec608d80d692c827ee93b276d14a3b5ce3ce5e5d38c1f64046ca2164,no,no,0.5085562316013506,0,2
supply_chain_disclosure_best_practice_audits,embed_base_logreg,2,4,344,5b2dad8f75d721ee621a1a59f7a9a94122fc51b61d681720d8f6feb20955f873,no,no,0.5155203496074781,0,2
supply_chain_disclosure_best_practice_audits,embed_base_logreg,2,2,345,4742b083f9d4160e57ed034142afeb23e254b242fcf6a61c5610897189c37d0d,no,yes,0.6891061663627625,0,2
supply_chain_disclosure_best_practice_audits,embed_base_logreg,2,1,346,b33ee53ceb9352753d8eed3360ba28d8c47838544e26df87b06b0629f85abbc7,no,yes,0.5092546343803406,1,1
supply_chain_disclosure_best_practice_audits,embed_base_logreg,2,4,347,a691807189c6dff4664d336078a034a8af9d49c86e0f4379c3c0d5ca80cd47a0,no,no,0.5575523210301303,1,1
supply_chain_disclosure_best_practice_audits,embed_base_logreg,2,0,348,03916a7e2107458575027c95858e95e02f45009f5bcecbbba957af619f214e96,no,yes,0.6264201998710632,0,2
supply_chain_disclosure_best_practice_audits,embed_base_logreg,2,1,349,337eac86a7ed305d725b924b7de373c3d0504a440bba1405decf7be11c2b34a9,no,yes,0.5201210975646973,1,1
supply_chain_disclosure_best_practice_audits,embed_base_logreg,2,2,350,4bc5542025350d91bbe713d5ef7111c64ee186faec13989fbff30704352647b7,no,yes,0.5021089315414429,0,2
supply_chain_disclosure_best_practice_audits,embed_base_logreg,2,3,351,7c74070fd3590918c058469fa3c201147083b789e575edc07df20c082a180302,no,no,0.9234545689306473,1,1
supply_chain_disclosure_best_practice_audits,embed_base_logreg,2,4,352,d0664eb101108ed4106770b8ccbb1a8919975cf2aad682315cd97a0b5eeb99c8,no,no,0.5109453797340393,0,2
supply_chain_disclosure_best_practice_audits,embed_base_logreg,2,4,353,c60dd149ee7c246d148509fae225b586775c8507972ab1eabbf727c5f8e7c79f,no,no,0.5054598005253017,0,2
supply_chain_disclosure_best_practice_audits,embed_base_logreg,2,2,354,28e5e89e983fe11d4fe513af1d2e124be02e54440e1013f26e37f42a95fae74c,no,no,0.5355307896277073,0,2
supply_chain_disclosure_best_practice_audits,embed_base_logreg,2,0,355,be342d0ba3afd69f4b1ed982cddc42bdd2bc8627333f859b23a80eefae95323b,no,no,0.6694563826756591,0,2
supply_chain_disclosure_best_practice_audits,embed_base_logreg,2,2,356,b1a10b2ac1ff6205d95bf78c935c9e215fb3e7febd37a5c41c5f6a90a71b8321,no,no,0.5868087410926819,0,2
supply_chain_disclosure_best_practice_audits,embed_base_logreg,2,0,357,583b8ebb8255f9589f012b68d1273468b40591ee99033e845869c2c21f2aebe1,no,yes,0.563904881477356,0,2
supply_chain_disclosure_best_practice_audits,embed_base_logreg,2,4,358,1893fb2f00cc58f4377a2868cc85f79105500067ec465ee406df6811a2ba6fab,no,yes,0.5380948781967163,1,1
supply_chain_disclosure_best_practice_audits,embed_base_logreg,2,0,359,82a8133be0fa802002cb741817aeefae6af67d1b167f8d2597832bea8b4bcae2,no,no,0.5201171481574431,0,2
supply_chain_disclosure_best_practice_audits,embed_base_logreg,2,1,360,6330f93d46deabef60b77631dddbd90916bf329a1274ab475af4034e0414e801,no,no,0.5080622283201746,0,2
supply_chain_disclosure_best_practice_audits,embed_base_logreg,2,3,361,a755105d219ad2c94dad6fb3e687221d0988b19734b874d618caee0c39428703,no,no,0.7657689566279793,0,2
supply_chain_disclosure_best_practice_audits,embed_base_logreg,2,0,362,1ae6dcfd7fda95f910cd66b4dadbe426f4d4f3805170498ffc16446a4b816227,no,no,0.6332024335861206,0,2
supply_chain_disclosure_best_practice_audits,embed_base_logreg,2,4,363,6005d637aec6968fd09b9156f9c4b42cea3ea4cf5711a412c8199a74e6b0da6d,no,yes,0.5159672498703003,0,2
supply_chain_disclosure_best_practice_audits,embed_base_logreg,2,0,364,e22eb40d5a0e35ac139d6625ba9fe83b5d9cc62fe73344788c6fbf34601eb66e,no,no,0.9280521481048796,1,1
supply_chain_disclosure_best_practice_audits,embed_base_logreg,2,4,365,b0ca0d813fe62b540b47121478904fe14e2847113e1093363f19f3c530ffd780,no,yes,0.5275262594223022,0,2
supply_chain_disclosure_best_practice_audits,embed_base_logreg,2,1,366,126cf937cb1a759c366b806643329bf0d1541ae8cc5d4d3ab1291fab336e0e2f,no,no,0.5051636099815369,0,2
supply_chain_disclosure_best_practice_audits,embed_base_logreg,2,0,367,b3ba7ed6334a095408711307b7b6d765a247957b2d8cf2c3fb74aab1848d4478,no,no,0.5553074048551143,0,2
supply_chain_disclosure_best_practice_audits,embed_base_logreg,2,1,368,42252d18326239ebb7a4bd9a369d958b552ade3a81818a7b33b5c7a254186386,no,no,0.5023793578147888,0,2
supply_chain_disclosure_best_practice_audits,embed_base_logreg,2,3,369,1d8ec0aa2dde44562bea9e56edd84aafdefd120268eb03e844526b3528ccc5fb,no,no,0.5702053478421375,0,2
supply_chain_disclosure_best_practice_audits,embed_base_logreg,2,1,370,d62cebfdc280570fae7895fb04d0666af038f0325c877e2bf486cc8aab9b741f,no,no,0.5063267795346147,0,2
supply_chain_disclosure_best_practice_audits,embed_base_logreg,2,2,371,18b3aa7da2676a92694698ba51e9d1406f32f4d2e6a4f456717df617b747dc27,no,no,0.7246872186660767,0,2
supply_chain_disclosure_best_practice_audits,embed_base_logreg,2,1,372,d2101f76c6dfeb150215dfc3c747d278ed02b68c118346418eff466ec7e58111,no,yes,0.500593900680542,0,2
supply_chain_disclosure_best_practice_audits,embed_base_logreg,2,0,373,04ab2f27eec1c522ad9e668f4c68200eeab67868264dbf343658dc8d9a1c8f45,no,no,0.7128358483314514,0,2
supply_chain_disclosure_best_practice_audits,embed_base_logreg,2,0,374,98d820923bcd03faee2d85e8d8a5a6c16f2d445795a1c658130203c5766b0497,no,no,0.6389681696891785,0,2
supply_chain_disclosure_best_practice_audits,embed_base_logreg,2,0,375,f712982ec8f374fc723b5aee46de82200f2a4f333ae3e6fb45e1aecd1916c30d,no,no,0.6612145900726318,0,2
supply_chain_disclosure_best_practice_audits,embed_base_logreg,2,2,376,d56330358a4f915da1d08b99375ace062ef622d4a645a2c4476474c8a6303f10,no,no,0.635672945847301,0,2
supply_chain_disclosure_best_practice_audits,embed_base_logreg,2,3,377,1b424930328a00849ed3e051ff08961ed0d9abdacf308421a660728083fa9062,no,no,0.6078689098358154,0,2
supply_chain_disclosure_best_practice_audits,embed_base_logreg,2,1,378,e08f36d3835ba4da0d6cb67088f631323be5705467f895cfcf7cacab604f8d65,no,no,0.508278623470027,0,2
