task,candidate,repeat,fold,item_idx,text_sha256,gold,pred,p_pred,kept,set_size
supply_chain_disclosure_best_practice_audits,embed_small_logreg,0,0,0,9d54e6c772949bfb6b364e2d7006fb131ac4294d6529566b2d88c78014eb6a1d,yes,yes,0.5665241479873657,1,1
supply_chain_disclosure_best_practice_audits,embed_small_logreg,0,1,1,6bd8ec1448ec24fd291dc77052268939f67f9cfea5b76bd69388e542e0b53419,yes,yes,0.6027349829673767,0,2
supply_chain_disclosure_best_practice_audits,embed_small_logreg,0,0,2,cfd25f9be7d33e9e2626fa8f008705300a927fdffb8d298eb046111abadd5313,yes,yes,0.5093668103218079,0,2
supply_chain_disclosure_best_practice_audits,embed_small_logreg,0,2,3,2f6b42c2613958a15c6634faad8dce008342e61c935053e805fb0f1fff7e4aa5,yes,yes,0.6548206806182861,0,2
supply_chain_disclosure_best_practice_audits,embed_small_logreg,0,3,4,dd521a35f676e54ddd4c10353a5b613a177a8c4ab4053780ebfac40ccda839f6,yes,yes,0.5962871313095093,0,2
supply_chain_disclosure_best_practice_audits,embed_small_logreg,0,1,5,33e4c0559a94c7dce28fd5c76870036003e5e62eed6cf35cdc1c63a6b0a6569f,yes,no,0.5220271944999695,0,2
supply_chain_disclosure_best_practice_audits,embed_small_logreg,0,4,6,fb9db00dc94a7d11b1f1dc759bdaa0ab4132a345c4f4c79fa1b99a4f3feabec7,yes,yes,0.5079173445701599,0,2
supply_chain_disclosure_best_practice_audits,embed_small_logreg,0,3,7,a3a6ab356fbf9711c2b5414d31490eead3dd8e73d43141d8c1c133c314b5f163,yes,yes,0.519194483757019,0,2
supply_chain_disclosure_best_practice_audits,embed_small_logreg,0,1,8,7a0cea15013a413c9095a12a26a110ad23082840e0980ef5ea664df3aa587c79,yes,no,0.7674144024761678,1,1
supply_chain_disclosure_best_practice_audits,embed_small_logreg,0,3,9,ded19f85f9c4d9d7f469200e17647cd8ecc12c2da48288385855657ec1b5adf5,yes,yes,0.6588858366012573,0,2
supply_chain_disclosure_best_practice_audits,embed_small_logreg,0,3,10,edbc6a22c498b82bac2202f1e46acbeaedfb015c0444653d0b0aeb6099e37ff7,yes,yes,0.7506846189498901,1,1
supply_chain_disclosure_best_practice_audits,embed_small_logreg,0,2,11,72cbb74b67a42c66920815b763cc6896803bfbe9a4dde82490f10909e1dfcbec,yes,yes,0.6079531311988831,0,2
supply_chain_disclosure_best_practice_audits,embed_small_logreg,0,4,12,b6f77759748e520cb2650c9d05bfabeb352e52aeb1c443de23d4c8058ffbae34,yes,yes,0.5028864741325378,0,2
supply_chain_disclosure_best_practice_audits,embed_small_logreg,0,0,13,dade26e8398dbb799fd50eb54dbcd3e6ab8b4c274c793f921a58a02434c8b920,yes,yes,0.5810126066207886,1,1
supply_chain_disclosure_best_practice_audits,embed_small_logreg,0,3,14,ca680947ea1c383262052c8e93e441eefb9f5c56853cfdc57b710b6763858524,yes,no,0.7427387833595276,1,1
supply_chain_disclosure_best_practice_audits,embed_small_logreg,0,1,15,6567baee48eaca37363905900994df097ee69c55020b441e3135e706805c61aa,yes,yes,0.7043337821960449,1,1
supply_chain_disclosure_best_practice_audits,embed_small_logreg,0,1,16,3f83f1e16a6ae23ed6f0bb9678979f85323df70d52e5af7828b1bed5744918b1,yes,no,0.5500037834049398,0,2
supply_chain_disclosure_best_practice_audits,embed_small_logreg,0,3,17,37ed9ddde655fb5e0bedd0751e547d4b678cb2a4faeb1a803f4fde03b96df247,yes,yes,0.6220589280128479,0,2
supply_chain_disclosure_best_practice_audits,embed_small_logreg,0,3,18,927e63eace0a5b571aaae87c06d33ec73b502b226e5e07f69211aac675c9199d,yes,yes,0.5387467741966248,0,2
supply_chain_disclosure_best_practice_audits,embed_small_logreg,0,1,19,67595c9be4cf851988bc1fc7cdcedef276346c043520046d91bb26c48edac6cc,yes,no,0.5188397169113159,0,2
supply_chain_disclosure_best_practice_audits,embed_small_logreg,0,4,20,97859a9430e770c53776bdb64bcac6e1057b25056282b1a971f3143449b8ae52,yes,no,0.5019151121948693,0,2
supply_chain_disclosure_best_practice_audits,embed_small_logreg,0,4,21,d70648593b74ef9e2bc2de57c4dd94c2323fa8cd58e0083ea94ae75980c167fd,yes,no,0.5005511045455933,0,2
supply_chain_disclosure_best_practice_audits,embed_small_logreg,0,1,22,52f6bfce60e5ece10730f4e80ac4d6d0a44cf613425838d5b0805482b44527f6,yes,no,0.5330336252758987,0,2
supply_chain_disclosure_best_practice_audits,embed_small_logreg,0,3,23,e50372eb04052599ab62fed9665c237fbb1fafd32f6502757f0d0bc648ee5072,yes,yes,0.7212696075439453,1,1
supply_chain_disclosure_best_practice_audits,embed_small_logreg,0,2,24,450bbed24b34b5272d476f23a5de997f8ff5490a0e106d7cdec0c059964c5c25,yes,yes,0.7176304459571838,0,2
supply_chain_disclosure_best_practice_audits,embed_small_logreg,0,3,25,f2116c063ca557116fe78a21ccd8f5607276835e91875fc11bf12932dddc984f,yes,yes,0.6238170862197876,0,2
supply_chain_disclosure_best_practice_audits,embed_small_logreg,0,1,26,aafd7fd03c4909c8dc45f9cb2cd65c636a86fc13ac4f6c08c449151b9a47fef7,yes,yes,0.6312107443809509,0,2
supply_chain_disclosure_best_practice_audits,embed_small_logreg,0,2,27,33043270153f967b1fcebdd792621661d4f1066634cad83e35b51a515630ac38,yes,yes,0.5865376591682434,0,2
supply_chain_disclosure_best_practice_audits,embed_small_logreg,0,3,28,43294ee8c35a7c5c0a600a0522b094cbf6660d69944080ca876844efa92382dc,yes,no,0.5007815211778426,0,2
supply_chain_disclosure_best_practice_audits,embed_small_logreg,0,1,29,b68f1b883214616d4922a65d201ee2ea9db1a0122864b78ccbbf5ee46c7a8f7b,yes,yes,0.5843255519866943,0,2
supply_chain_disclosure_best_practice_audits,embed_small_logreg,0,1,30,7310ac62e99a4e8b1a34fce3d7086304d24c92e3534b4100b1c05e58506ac4b1,yes,yes,0.5579608082771301,0,2
supply_chain_disclosure_best_practice_audits,embed_small_logreg,0,0,31,b32275d570cb22080951b4812db4ef3e116eb01260737efd0035c8ac82e331f9,yes,yes,0.5045995116233826,0,2
supply_chain_disclosure_best_practice_audits,embed_small_logreg,0,4,32,052895a7e776122c3bd93f43e5a766518ea710c81cd2d76001ab5d8e1a8e9576,yes,yes,0.5071023106575012,0,2
supply_chain_disclosure_best_practice_audits,embed_small_logreg,0,4,33,92cd4852e93b427437a48160221b761b265339694e1e9e4b6fbb4078283d47dd,yes,yes,0.503070592880249,0,2
supply_chain_disclosure_best_practice_audits,embed_small_logreg,0,2,34,a63bbe340e7e5559ab344685986e27ba29e7856a2bb43f559677d60bd6372b49,yes,yes,0.7032848596572876,0,2
supply_chain_disclosure_best_practice_audits,embed_small_logreg,0,1,35,4c66ac71222d0b9ea3d8106a65704219a05af6e124369c676e6d84e9e05eef96,yes,yes,0.7189834713935852,1,1
supply_chain_disclosure_best_practice_audits,embed_small_logreg,0,2,36,5a71be10ab1bfb61b9c98e5a9adce211ebf7cc64b75c2fe894b2da8f4f438624,yes,yes,0.5375267267227173,0,2
supply_chain_disclosure_best_practice_audits,embed_small_logreg,0,3,37,7a943e9ef37d479a877b40d230449fde8ef8985c43c5795a2b67ad1a560ec3dd,yes,no,0.6838618720728716,1,1
supply_chain_disclosure_best_practice_audits,embed_small_logreg,0,1,38,eebfae389e1805a6524964b0a815e9e64c44ec4245148015e3ee4de8084556cf,yes,yes,0.700599730014801,1,1
supply_chain_disclosure_best_practice_audits,embed_small_logreg,0,4,39,242ffbc9b3e5ff9fb89c658b1348a67d708b3cbbc0707ba7991cf585da68498d,yes,no,0.5000936835976337,0,2
supply_chain_disclosure_best_practice_audits,embed_small_logreg,0,2,40,6d4f73e7a6d1fea0e78502ec3d78016b8d7cc091321e361a13bcbc1c64abbc92,yes,yes,0.5191450715065002,0,2
supply_chain_disclosure_best_practice_audits,embed_small_logreg,0,0,41,e91b405667ff2e3c59a366f14d4e69a85adf7b37adfbe5cc0d4f68d3ff850477,yes,yes,0.5124146342277527,0,2
supply_chain_disclosure_best_practice_audits,embed_small_logreg,0,3,42,df4b5ecfdae8b9a769a3ceef89c8f2943eff05ffdb56a25b5ff2517b2a5774ad,yes,yes,0.5991145372390747,0,2
supply_chain_disclosure_best_practice_audits,embed_small_logreg,0,3,43,68dff8e9beb989b03b38607e665e4d5372e148fe089e55d47bec6692aea9c76a,yes,no,0.5817019766061909,0,2
supply_chain_disclosure_best_practice_audits,embed_small_logreg,0,2,44,473f02f9766d1a9408898f92db8c82504af7648bb43d66a2d58ba393ad110cea,yes,yes,0.708020806312561,0,2
supply_chain_disclosure_best_practice_audits,embed_small_logreg,0,0,45,40b81122b3ce13d0b02d3855a778d59dfa74dfe699922ad1cd59e4c945a11085,yes,yes,0.5114831328392029,0,2
supply_chain_disclosure_best_practice_audits,embed_small_logreg,0,0,46,be386186c94960b560719aa9801a2b53b610974576c933522e3bf0b7de9f75ee,yes,yes,0.5159178376197815,0,2
supply_chain_disclosure_best_practice_audits,embed_small_logreg,0,1,47,54ba1171dd088353ea0094c11e682cce0bda3cce8961ca9686b40b33a7462851,yes,yes,0.588535487651825,0,2
supply_chain_disclosure_best_practice_audits,embed_small_logreg,0,2,48,a5cd9829d0bb6680b12c38d718acd91f080de69f112a33da5f30ee6a651da5bd,yes,yes,0.8353920578956604,1,1
supply_chain_disclosure_best_practice_audits,embed_small_logreg,0,1,49,a60b58ec65949fd64e04a7930db1d4f38f18d50de6cc77f83c3a1f018bb35971,yes,yes,0.575661838054657,0,2
supply_chain_disclosure_best_practice_audits,embed_small_logreg,0,0,50,258ee064efae6bfc773d9e688e0e04507092de9bb4d6c023bdd08088ce9b7d0a,yes,no,0.5263888239860535,0,2
supply_chain_disclosure_best_practice_audits,embed_small_logreg,0,2,51,3bb5ff0604197b2135281a129b8db0a49cf99b97683131f2595801f5a3538e48,yes,yes,0.7633503079414368,1,1
supply_chain_disclosure_best_practice_audits,embed_small_logreg,0,4,52,4124b6eeb003417bd70564ba2fde31be4a267b867426f07b7e40d3a5a42b955e,yes,no,0.5026608109474182,0,2
supply_chain_disclosure_best_practice_audits,embed_small_logreg,0,2,53,6795adbe04130c6f667f1f3bfdf4477f9426ec504d554b86e3442d6bc01c64b3,yes,yes,0.8280065655708313,1,1
supply_chain_disclosure_best_practice_audits,embed_small_logreg,0,1,54,b624a5abb6fe61a77543f57ce95b180f41e23f122d7ea978a7f03a9080d0c117,yes,no,0.5639419387596268,0,2
supply_chain_disclosure_best_practice_audits,embed_small_logreg,0,1,55,6434dbb7f593fcc55b97b67e6ab2b3bc4e6b0d9e0842c8fdbf3d79acd062e711,yes,yes,0.5403102040290833,0,2
supply_chain_disclosure_best_practice_audits,embed_small_logreg,0,4,56,2c5af191cf4c83284d0d480817f743f471028484b87e6533b0919f79d8be73da,yes,yes,0.5035563707351685,0,2
supply_chain_disclosure_best_practice_audits,embed_small_logreg,0,4,57,1a95135ede09d2e63bd6b4a843062ac4af61a3fd3b03ede6d720351b54846dc4,yes,yes,0.5098677277565002,1,1
supply_chain_disclosure_best_practice_audits,embed_small_logreg,0,1,58,1810bea0a08d73c32b1805b8831178ca0ab8528b2d0f8ac88247661a6e69f8e7,yes,no,0.5807454412953424,0,2
supply_chain_disclosure_best_practice_audits,embed_small_logreg,0,2,59,5a2d69bd4e38c3951efb30708a40e3f4a39f104d84721cbf8c545d5ebbf5a979,yes,yes,0.5178003907203674,0,2
supply_chain_disclosure_best_practice_audits,embed_small_logreg,0,1,60,46835c7ca7f9d3ed9aac3bf85af18fe4658a5d4cecd054ad6219f1b379266b5a,yes,yes,0.515148937702179,0,2
supply_chain_disclosure_best_practice_audits,embed_small_logreg,0,4,61,19d22a3d9ae55ee79ad31bf1a33f28b73bf1af23a659ff9b50fd6a039c3c1015,yes,yes,0.5011644959449768,0,2
supply_chain_disclosure_best_practice_audits,embed_small_logreg,0,3,62,e0675a87b1557858af49db8846e7da2a54792cca0f4b6687547a06bc21752a64,yes,yes,0.5502627491950989,0,2
supply_chain_disclosure_best_practice_audits,embed_small_logreg,0,0,63,88e18396e51fd530b25dbdba867dee981f99e3bc9ee3e4495b541d3afb24f860,yes,yes,0.5269065499305725,0,2
supply_chain_disclosure_best_practice_audits,embed_small_logreg,0,2,64,30c8b45d4999cf9de8c3c9318059611dc084dd5f81ec50a3ffefb4c434ea5d10,yes,yes,0.7638159990310669,1,1
supply_chain_disclosure_best_practice_audits,embed_small_logreg,0,1,65,bcc7c3c9238c4ca25a297bba82702f037934c89e424571ce800b424c2d72eb99,yes,yes,0.6520360708236694,0,2
supply_chain_disclosure_best_practice_audits,embed_small_logreg,0,0,66,d37dc7efcf545e24ea668accb8a8fc8c4b2d71c9a6b66829b6e7f5ad5887c55d,yes,yes,0.5638371109962463,1,1
supply_chain_disclosure_best_practice_audits,embed_small_logreg,0,3,67,1ff72a935e2581a73389e968b07a918171d3a71863f799670ce20e0422a77bc1,yes,yes,0.6469932794570923,0,2
supply_chain_disclosure_best_practice_audits,embed_small_logreg,0,4,68,7c213e830f4b18be4e5435844ebc2482efb5672c7e559006f5c1c21d16cce21f,yes,no,0.5021659135818481,0,2
supply_chain_disclosure_best_practice_audits,embed_small_logreg,0,3,69,ca21f83512fd7ebfb00825a9d23131822aec5c635857f75025dae20d8e2aeab9,yes,yes,0.7259216904640198,1,1
supply_chain_disclosure_best_practice_audits,embed_small_logreg,0,4,70,583603f2fa828ad5e7283f6a522153df983d96151dd424e878bb41f458ff420a,yes,yes,0.5120441317558289,1,1
supply_chain_disclosure_best_practice_audits,embed_small_logreg,0,0,71,68f670418f0909105c1cb8844772825fb4ba489c72634c139452928eca657515,yes,yes,0.6196953654289246,1,1
supply_chain_disclosure_best_practice_audits,embed_small_logreg,0,1,72,a1ee39468479a4129fcd404c7b033a1667904771c45acb07969e94a5c816f741,yes,yes,0.7171013355255127,1,1
supply_chain_disclosure_best_practice_audits,embed_small_logreg,0,0,73,1bbaf32745507e45914fe877698c77e2517b9dcb02e59aefb755e2cb05b3b6ce,yes,yes,0.5015279054641724,0,2
supply_chain_disclosure_best_practice_audits,embed_small_logreg,0,3,74,6441a25c7e9aacdd81cbb5eb9006df4554ef2b778c49f73b61cb1a87d1e664a7,yes,yes,0.885475218296051,1,1
supply_chain_disclosure_best_practice_audits,embed_small_logreg,0,1,75,7effe61be9495286cb7aa152dfe4bb187087cfbbadfd5ae74615afccc94ca5a2,yes,yes,0.5256556272506714,0,2
supply_chain_disclosure_best_practice_audits,embed_small_logreg,0,3,76,55149e53ccbcecf5b2bec61a13a083d8c80ef7d940bce4e69759bd859b75cf27,yes,yes,0.7817203402519226,1,1
supply_chain_disclosure_best_practice_audits,embed_small_logreg,0,4,77,ee9e57c3f7c911b1fd365b5aaadb5a15128e352364d4bec56ec84467d3ff736a,yes,yes,0.5018366575241089,0,2
supply_chain_disclosure_best_practice_audits,embed_small_logreg,0,1,78,d7b7e1ac46290add16f23c8195170499df669318e8158462abe68741792c3fc7,yes,yes,0.7025989294052124,1,1
supply_chain_disclosure_best_practice_audits,embed_small_logreg,0,2,79,4319a82278965a186ff1f30c53989cec45e638b378eab1febcbeb65f23fabe9f,yes,yes,0.7156153321266174,0,2
supply_chain_disclosure_best_practice_audits,embed_small_logreg,0,3,80,15e57eb32f969fcd0a6f49e9976788796a20f6e9807cda15d025765d4a4c6250,yes,yes,0.5593502521514893,0,2
supply_chain_disclosure_best_practice_audits,embed_small_logreg,0,0,81,f1e998799add05735d8e4ef8a7b0680c19790187dbe70fb785f32d106cac896b,yes,no,0.5132024441123737,0,2
supply_chain_disclosure_best_practice_audits,embed_small_logreg,0,0,82,db23799cc5ac6832bc82fc3c56b81ffda2cf099b7bb8dfc04851c7cc978d3860,yes,yes,0.5803648233413696,1,1
supply_chain_disclosure_best_practice_audits,embed_small_logreg,0,2,83,2ebf21b254356e063ec495bc48e8b427c9cef0e023d6c440ab4695d670fac424,yes,yes,0.759448766708374,1,1
supply_chain_disclosure_best_practice_audits,embed_small_logreg,0,1,84,f5f05ce191f8e498e77d5a82efe0cc9b7b0caca2cbd03855b4a3c04dd5326f82,yes,yes,0.6160155534744263,0,2
supply_chain_disclosure_best_practice_audits,embed_small_logreg,0,0,85,235ce0ea6083794379941800918b143e04bd02e90f6ca0df77dc219a03def0fb,yes,no,0.5124533772468567,0,2
supply_chain_disclosure_best_practice_audits,embed_small_logreg,0,3,86,675f9e573acd9ee413ee4098ecee6e28c67fb1251f10e277dc5f8251151e9da2,yes,yes,0.6120394468307495,0,2
supply_chain_disclosure_best_practice_audits,embed_small_logreg,0,3,87,2ff95ae87bf0173ba35ce7803ee7e2b6c3e55da5408e2849e2db1bf6be370c1f,yes,yes,0.6006553173065186,0,2
supply_chain_disclosure_best_practice_audits,embed_small_logreg,0,2,88,c3c72b3814c06b5ae24ea5616a76e6e34d5e65a037e85d1de1b714979534a508,yes,no,0.7845708365610491,1,1
supply_chain_disclosure_best_practice_audits,embed_small_logreg,0,0,89,1abad7524e193958a5e4e30aeee808127f7d6f94b84907ba346c856b1352d506,yes,yes,0.5461076498031616,0,2
supply_chain_disclosure_best_practice_audits,embed_small_logreg,0,4,90,d226bbab5779ded49db4f0c92048f30f3308fbc33dddc21c3f553fe8f87fcbf8,yes,yes,0.5053000450134277,0,2
supply_chain_disclosure_best_practice_audits,embed_small_logreg,0,0,91,3b4741877764990637a1268063f65f78bb8e594eae6d2906fe8bcd9f4257c7ff,yes,yes,0.5447452664375305,0,2
supply_chain_disclosure_best_practice_audits,embed_small_logreg,0,1,92,3bd73a7cf410fc9b3e1ae11778d1f9a5e608ca828bdf80e624f9d0fe092636d8,yes,yes,0.5548538565635681,0,2
supply_chain_disclosure_best_practice_audits,embed_small_logreg,0,2,93,f8a69fcaa6995a987c838bf9355ef0f34e73d762cad7adb46499a4919cd21260,yes,no,0.5184503793716431,0,2
supply_chain_disclosure_best_practice_audits,embed_small_logreg,0,4,94,2bc816bdb532b4fc74face24637b167b5cd6b7a156ba66b8ecdecca78ddb7a5e,yes,no,0.5000214576721191,0,2
supply_chain_disclosure_best_practice_audits,embed_small_logreg,0,3,95,ab4d67c424e351a53a77b8c8217460def7339c7690bda9807f188c277abf99df,yes,yes,0.5164077281951904,0,2
supply_chain_disclosure_best_practice_audits,embed_small_logreg,0,1,96,5acad3a53814dc166c294d6012ee4d9876377e6c7dc9bcd4cb545aae89327aaa,yes,yes,0.5197809338569641,0,2
supply_chain_disclosure_best_practice_audits,embed_small_logreg,0,2,97,025abd17b4aa8cd2ca7b64367d0dae8246cac55217afb5378a32edc5cb032028,yes,yes,0.5335162878036499,0,2
supply_chain_disclosure_best_practice_audits,embed_small_logreg,0,0,98,8009af26f9d7407e1ae55cfc4779b4b279c3d930f343295afcb1dabb6c4f5771,yes,yes,0.5586572885513306,1,1
supply_chain_disclosure_best_practice_audits,embed_small_logreg,0,1,99,20ffaa2b9dbb70e5796aaeb58543484710a8828de00250b6639f69c9e65bc92a,yes,yes,0.5718690156936646,0,2
supply_chain_disclosure_best_practice_audits,embed_small_logreg,0,0,100,459bed595f402efcac27f2132f647c7bad0622691786e37af3b3902fe7ed6d30,yes,yes,0.5461746454238892,0,2
supply_chain_disclosure_best_practice_audits,embed_small_logreg,0,2,101,031856afb140c703e4a301ce8e6393551af830f3c4945305e23735bdc5dc5e8d,yes,no,0.5419434309005737,0,2
supply_chain_disclosure_best_practice_audits,embed_small_logreg,0,2,102,6be5c550eecd21d8130ce8d2534fda585336bbd469b636be126d1930496943ef,yes,no,0.5255600057375429,0,2
supply_chain_disclosure_best_practice_audits,embed_small_logreg,0,1,103,cb1d66fe19e860b6174d574ad92b146dcfb31769b3f045c4268b796d39ace598,yes,yes,0.7088499069213867,1,1
supply_chain_disclosure_best_practice_audits,embed_small_logreg,0,1,104,b8f56656615d580b345dadc70ccbde392c6aa9477d92ffd07eb5fd126fb52749,yes,yes,0.5112450122833252,0,2
supply_chain_disclosure_best_practice_audits,embed_small_logreg,0,2,105,e1e9ff82d278af02d188aaab6558d189bc48fdbc54aed68d83ed47c4cbc0ff08,yes,yes,0.8344346284866333,1,1
supply_chain_disclosure_best_practice_audits,embed_small_logreg,0,0,106,5d2e2af1f56ad0b84e2849ad94c7f9b8502c7f564e8e9948112364d32f117415,yes,yes,0.5245346426963806,0,2
supply_chain_disclosure_best_practice_audits,embed_small_logreg,0,0,107,7c0433d913d5d9e83b1a7479c578dedbb65de78fd669dac303b240517f525ac7,yes,no,0.5079160777355409,0,2
supply_chain_disclosure_best_practice_audits,embed_small_logreg,0,2,108,487257cd89e1e218cee478fba0884b272dc42d42a47b82dd366d389a8b5db279,yes,yes,0.5196756720542908,0,2
supply_chain_disclosure_best_practice_audits,embed_small_logreg,0,0,109,a65ed6ff518a4c68f06e526e47cb1116cb4661c3ed635c6780dd4806b5cde7bb,yes,yes,0.5002120733261108,0,2
supply_chain_disclosure_best_practice_audits,embed_small_logreg,0,1,110,6c8d0687947cec71e1a1cb8a1383c11e0adb47d0e54ea48aafdb5a03e950fee1,yes,no,0.5701558589935303,0,2
supply_chain_disclosure_best_practice_audits,embed_small_logreg,0,2,111,642eb832cde6ce9f5b08d631301f2eeff3be1414e98cb19a29c1e9a2ba1c24c6,yes,yes,0.5806899666786194,0,2
supply_chain_disclosure_best_practice_audits,embed_small_logreg,0,4,112,375dbda1e8323ea8520c1f6256c9b927c68151c652c6b58105a00d1ab2271c9c,yes,yes,0.506319522857666,0,2
supply_chain_disclosure_best_practice_audits,embed_small_logreg,0,1,113,b19887857cd233945689ec8336c60d2f73d70846421c657f0be1c6a92bbc7518,yes,yes,0.5050657987594604,0,2
supply_chain_disclosure_best_practice_audits,embed_small_logreg,0,4,114,f0a3886cf3e1d2070dc523492943cfcd3e499d24b52fc793a0fb7725adfe16f2,yes,yes,0.5076159238815308,0,2
supply_chain_disclosure_best_practice_audits,embed_small_logreg,0,2,115,376f27182efb4c1fe0ce63cffb0beea5d342c2296eb0f8a9e57769b2078f92c6,yes,no,0.6539999842643738,0,2
supply_chain_disclosure_best_practice_audits,embed_small_logreg,0,3,116,672f49a21e2f43bf1d7affa3e679d9d23f2677e346077297c3ce8c69996abc9f,yes,yes,0.6700930595397949,1,1
supply_chain_disclosure_best_practice_audits,embed_small_logreg,0,0,117,e04a261511b639d13eff7977e3a3d96a624c24da4e20bcea440d03ce7e3ae68e,yes,yes,0.5229525566101074,0,2
supply_chain_disclosure_best_practice_audits,embed_small_logreg,0,2,118,c95024d3b100f9153f41395f2e5c661f54c684d7d8038f764a81c77987cd944c,yes,yes,0.875931441783905,1,1
supply_chain_disclosure_best_practice_audits,embed_small_logreg,0,0,119,0c2fd8335e8a32cd836ad0fac339e53728d9dd1b1739ac86260707d4b7cf5102,yes,yes,0.5783773064613342,1,1
supply_chain_disclosure_best_practice_audits,embed_small_logreg,0,3,120,fc4c958267d1a005d1c9d5f0ac60c24f69650d1fbb89a618551194f3abb45a0a,yes,yes,0.7913551330566406,1,1
supply_chain_disclosure_best_practice_audits,embed_small_logreg,0,3,121,0efe9e66d9baf00c14469130c1d532f4abeb43c7f893eae6a44dab6313d4fb74,yes,yes,0.7848408222198486,1,1
supply_chain_disclosure_best_practice_audits,embed_small_logreg,0,2,122,459a17fd7ed2fb62ccf60f909dab8f4e9f41f8f620571c720e0d6449b3243f1c,yes,yes,0.5617552995681763,0,2
supply_chain_disclosure_best_practice_audits,embed_small_logreg,0,0,123,8c190cb913388a32b8ef0c5126e5c392d243b3583fd89923b21d8621b7f16f97,yes,yes,0.5253377556800842,0,2
supply_chain_disclosure_best_practice_audits,embed_small_logreg,0,2,124,dece42af518250889be48080639ae862a6244394a9cfabf7ce7c4af677218640,yes,yes,0.562225341796875,0,2
supply_chain_disclosure_best_practice_audits,embed_small_logreg,0,0,125,40b7a53af6c489016a3c39a0c23daaf2b4ff6197c2b53acaf1ee59067d17b38a,yes,no,0.5190406883048806,0,2
supply_chain_disclosure_best_practice_audits,embed_small_logreg,0,0,126,929891ba31548db1aa694753669e3c24a30e1788a99151d98b539c39011f0c6e,yes,no,0.5142151270572879,0,2
supply_chain_disclosure_best_practice_audits,embed_small_logreg,0,2,127,9ffb371008bdf3d9905cc135199ff19454aa55be24ff6556d8f180a5a82601c4,yes,yes,0.7679539322853088,1,1
supply_chain_disclosure_best_practice_audits,embed_small_logreg,0,2,128,4cbcd769a0f437d0d8cac94bce5b472c7304848c39ba945db73525d09dd92f29,yes,no,0.6121348325054298,0,2
supply_chain_disclosure_best_practice_audits,embed_small_logreg,0,2,129,28443bea33a9cfa2056f9e550d7afacc19053d096a108db12f87a2e90de7ad14,yes,no,0.510957852332528,0,2
supply_chain_disclosure_best_practice_audits,embed_small_logreg,0,0,130,53b1a4e96ad74195e550599949adc135a68d11a2761b215e2d3c5f78fac20ff4,yes,yes,0.5141839385032654,0,2
supply_chain_disclosure_best_practice_audits,embed_small_logreg,0,2,131,457aa4a03d6d45f3e6544e847d352d46186cccc1f81d8cb481bf644db7af99f3,yes,yes,0.6989401578903198,0,2
supply_chain_disclosure_best_practice_audits,embed_small_logreg,0,1,132,b36c6cc2c4974c8c6877811a1a305dea8be3cb2d15bde1c0c9eb16c92139773f,yes,yes,0.6655278205871582,0,2
supply_chain_disclosure_best_practice_audits,embed_small_logreg,0,1,133,95a16109c1891d82eeafded1e727f6561d5e8c7475e3e4e26d3c11ca744c6547,yes,no,0.5483782887458801,0,2
supply_chain_disclosure_best_practice_audits,embed_small_logreg,0,2,134,921b410be7bc7b2de67384cb33f2212547c80d1e0d373fde36b9efa85af4bbd2,yes,yes,0.7522503733634949,1,1
supply_chain_disclosure_best_practice_audits,embed_small_logreg,0,3,135,4a3619506781d26fc853745317c36841d51d17c4453fa9792f2a6ec932c1b7f9,yes,yes,0.7928982377052307,1,1
supply_chain_disclosure_best_practice_audits,embed_small_logreg,0,3,136,30a167de20776b14c84cbc4a797def3569824661dd4a47f98a8e2cf261e55c03,yes,yes,0.7505175471305847,1,1
supply_chain_disclosure_best_practice_audits,embed_small_logreg,0,0,137,391ccdc3a1a0f1231bbac5db1ce4e442afa3f3d79dc8b4293b88f93209811a6d,yes,yes,0.551705539226532,0,2
supply_chain_disclosure_best_practice_audits,embed_small_logreg,0,4,138,151ef6b81c9ba20818d173a6b34a499bd330ac8b55583759ebc444cb3e997ee9,yes,no,0.5042179822921753,0,2
supply_chain_disclosure_best_practice_audits,embed_small_logreg,0,2,139,00f788466575e92cb6cd9b6bece2b76116328a72f455bfbf1b31c1a61e42a48e,yes,no,0.5183544004453897,0,2
supply_chain_disclosure_best_practice_audits,embed_small_logreg,0,3,140,ef2c6382e5dc53301bd218ec96105515da4a8331f35b814e7a7f38ea085ce13f,yes,yes,0.8593211770057678,1,1
supply_chain_disclosure_best_practice_audits,embed_small_logreg,0,4,141,04288152a54520da15135a2da000a2cf47ca7108eb4ed77b37713dc7ead5834b,yes,yes,0.5029019713401794,0,2
supply_chain_disclosure_best_practice_audits,embed_small_logreg,0,0,142,78781bf0a8697fd3f3409d0b8bd3967222d89b46f61f1ec355bda7d55721e5e4,yes,no,0.5105204734361313,0,2
supply_chain_disclosure_best_practice_audits,embed_small_logreg,0,4,143,3c7c5ae2aa151786ba4a73c291ce5e1a0a2b03a30c29cf3328495fb37d9aece7,yes,yes,0.5168456435203552,1,1
supply_chain_disclosure_best_practice_audits,embed_small_logreg,0,1,144,2509ba56d644ea014a3e0fa3d0d6874c3cd2c6a28788f805fd9c6758e313ab8f,yes,no,0.5127704296341666,0,2
supply_chain_disclosure_best_practice_audits,embed_small_logreg,0,3,145,01eca6a511ea344abc3cf6dee3b61342273cacd73fd16da7f8f69dbf49142d75,yes,yes,0.5340222120285034,0,2
supply_chain_disclosure_best_practice_audits,embed_small_logreg,0,0,146,a16e8a50ee6e37a4589de3344628e84d9c80280c3ba92ec3972f6b853cbf7c2e,yes,yes,0.5508556962013245,0,2
supply_chain_disclosure_best_practice_audits,embed_small_logreg,0,0,147,45bd51009e1e64c672134259f2b5ede08866a003283780b51c4818c318a172fc,yes,yes,0.5290941596031189,0,2
supply_chain_disclosure_best_practice_audits,embed_small_logreg,0,1,148,9e1afd1f029efd031171df47a2ca39fb5420f30cd60b2fd9e1b0a8875cd25e49,yes,yes,0.6177568435668945,0,2
supply_chain_disclosure_best_practice_audits,embed_small_logreg,0,0,149,4b31ff48711f468ee6a1562ebc1e3389c382fd1c448638c0eda617de2469b754,yes,yes,0.6005118489265442,1,1
supply_chain_disclosure_best_practice_audits,embed_small_logreg,0,2,150,0d783ce52643a830262a183e1f3340dfa5e11782478d1c01ad53d0076c4c73d4,yes,yes,0.6070329546928406,0,2
supply_chain_disclosure_best_practice_audits,embed_small_logreg,0,2,151,baace2e4253ecc8d61872f3b64835bb002f2a49a97e7d4c31adc7b078bc0a85f,yes,yes,0.625554621219635,0,2
supply_chain_disclosure_best_practice_audits,embed_small_logreg,0,3,152,396d5edabfc1cc0317011328bc857e25c1640c119ce86f4b99f02862697e7df8,yes,no,0.626582145690918,0,2
supply_chain_disclosure_best_practice_audits,embed_small_logreg,0,2,153,0c532687e912f2d64ff38f5eed8a18b3179c544a30dd454a0e4adc0617bafbef,yes,yes,0.8831964731216431,1,1
supply_chain_disclosure_best_practice_audits,embed_small_logreg,0,0,154,607ecb634c0681303ee57bf7366b51214e7db74d4d4c0675d3806628cffdbffb,yes,yes,0.5243038535118103,0,2
supply_chain_disclosure_best_practice_audits,embed_small_logreg,0,4,155,14759c3262b6131be28f172314d3243dbc099f7cb099c03a4e85397e876c8b56,yes,yes,0.5032398700714111,0,2
supply_chain_disclosure_best_practice_audits,embed_small_logreg,0,4,156,32260ecf26035d5e5df015a53c55c1fa3414a446aee4f3709c38ccf58df0ca66,yes,yes,0.5031678676605225,0,2
supply_chain_disclosure_best_practice_audits,embed_small_logreg,0,3,157,5ae1b1df5103d563678ef0e3bd377743146e4315d7a2bf0c895ece3a203e57a5,yes,no,0.7912966248779483,1,1
supply_chain_disclosure_best_practice_audits,embed_small_logreg,0,0,158,5d1fc63f4139faae3bfe28443da26e285c4bb8f1d308b6ff4b7b1b75cc2c1e80,yes,no,0.5400148469205246,0,2
supply_chain_disclosure_best_practice_audits,embed_small_logreg,0,1,159,39e33483b6daed03fd99c05cd1c125e6b18f5af6c51ec943acdeaa4b1ee84166,yes,no,0.5599886345859955,0,2
supply_chain_disclosure_best_practice_audits,embed_small_logreg,0,2,160,3daa8ec03c0ed46a2b9f72cbb4723307035f5c52b6f89d28317e2a6b303d6247,yes,no,0.6542825698852539,0,2
supply_chain_disclosure_best_practice_audits,embed_small_logreg,0,1,161,0c82ffaee114b837e9f974f4e80361b373b8c00d329a258aa8a80fb9b1f4e398,yes,yes,0.5755332708358765,0,2
supply_chain_disclosure_best_practice_audits,embed_small_logreg,0,0,162,07c6e827cc6c23cd27132b4c99cdd5e4258ea66c0b532d59b29055c8e5cedc14,yes,yes,0.5035419464111328,0,2
supply_chain_disclosure_best_practice_audits,embed_small_logreg,0,2,163,575b6c919a2ada10f464c7b46bc2b934726e9c993c82384121938de3ec6d3259,yes,yes,0.8039430379867554,1,1
supply_chain_disclosure_best_practice_audits,embed_small_logreg,0,3,164,21bfadb1e773c7ba5a13997f0fb26b6975502bebe37fe323b42580c521a1600f,yes,yes,0.8903859853744507,1,1
supply_chain_disclosure_best_practice_audits,embed_small_logreg,0,4,165,562ebd404575617d0f8d7b9efb34742cf5ddd488563c2500c9aec2ca6c214663,yes,yes,0.5017369389533997,0,2
supply_chain_disclosure_best_practice_audits,embed_small_logreg,0,4,166,78456786d204455184c362ece71adf15b8e1a55b2b2e857ebb83507e9881cb4e,yes,yes,0.5066521167755127,0,2
supply_chain_disclosure_best_practice_audits,embed_small_logreg,0,1,167,6ea4297c021e920636315a3b8cd9f75283c91cc9053cccc8f74a085fac3ff9e6,yes,yes,0.5732104182243347,0,2
supply_chain_disclosure_best_practice_audits,embed_small_logreg,0,2,168,d7246cb68425a99318147f0f1fe2dcbb042807eb08603cbe9904847610a446e0,yes,yes,0.539560854434967,0,2
supply_chain_disclosure_best_practice_audits,embed_small_logreg,0,0,169,f8401a13ab0b03ea07669144d0d263b35b0c21e834a4da3c577de48bdf482495,yes,yes,0.5207169055938721,0,2
supply_chain_disclosure_best_practice_audits,embed_small_logreg,0,4,170,a4e29359bcaec8e1536b48faecaba98004ae3f5854c7402ba7740252b24e59ec,yes,yes,0.5094864964485168,1,1
supply_chain_disclosure_best_practice_audits,embed_small_logreg,0,4,171,61bcec93f20473c4dd8792a0590cd52ebb4e73b93cce84104e1821b66585ae36,yes,no,0.505877002898544,0,2
supply_chain_disclosure_best_practice_audits,embed_small_logreg,0,4,172,051d82ea698c7defeb37ae5b11301eca98346930ddd52562f9aea2bbac1b413d,yes,yes,0.5016603469848633,0,2
supply_chain_disclosure_best_practice_audits,embed_small_logreg,0,3,173,ef497929adb29de6160875c9594ed91f6ec6548653bca2492ebcd49f7324e9b1,yes,yes,0.5591333508491516,0,2
supply_chain_disclosure_best_practice_audits,embed_small_logreg,0,3,174,93bb3e29ce9e7036bd4c6725e22905194dfbb28fbe4e38678c89b9588ae43da4,yes,no,0.7996948242232975,1,1
supply_chain_disclosure_best_practice_audits,embed_small_logreg,0,2,175,dd5ea83860728cd69a48d8ee326e7998b3e4d597bd167390eff08fab3423660d,yes,no,0.5442860722541809,0,2
supply_chain_disclosure_best_practice_audits,embed_small_logreg,0,1,176,acf95ae6504008b3675b5a6e1d34dcf3e2ae5a31a2c52ab178689b08b1e52318,yes,yes,0.5411059260368347,0,2
supply_chain_disclosure_best_practice_audits,embed_small_logreg,0,4,177,feb00174787409b226e12959e1eec4d9c76105dcc553753d24bfa85b06fa13a8,yes,no,0.5007836669449905,0,2
supply_chain_disclosure_best_practice_audits,embed_small_logreg,0,3,178,4e157c907f1a39c4736c42962bdcd0647aba4fc2d56996b1a7d865e6fed2b387,yes,yes,0.7785105109214783,1,1
supply_chain_disclosure_best_practice_audits,embed_small_logreg,0,1,179,b01aaacbff761f1d09ba1fd4477b90c6e5723fbf33f70d4a6c4092180818be85,yes,yes,0.5227585434913635,0,2
supply_chain_disclosure_best_practice_audits,embed_small_logreg,0,3,180,21caaa5906e5a0b027392e17755bdb5e69f2fbeeab9457431ce75f2563ed54f7,yes,yes,0.6934930086135864,1,1
supply_chain_disclosure_best_practice_audits,embed_small_logreg,0,1,181,596504be5142fc5222baf19af3a06f62e1c31bdf6053136081a7aa8300a515c0,yes,no,0.593347430229187,0,2
supply_chain_disclosure_best_practice_audits,embed_small_logreg,0,1,182,b0825404cd40d6659e58b65251fa3700b8ca36acce0c7e74e5ec60d73f009c2b,yes,yes,0.6335391402244568,0,2
supply_chain_disclosure_best_practice_audits,embed_small_logreg,0,4,183,2c330a1ba17f5fd6fcbe0c35d683859c0e61aae4aad2422c88ecae48ec2fb137,yes,no,0.5005735754966736,0,2
supply_chain_disclosure_best_practice_audits,embed_small_logreg,0,2,184,1531fdb46dfdd8cefa201ef9546bdc219dc7ec61de3612565a5a597833bca11c,yes,yes,0.6282707452774048,0,2
supply_chain_disclosure_best_practice_audits,embed_small_logreg,0,1,185,ed5516e94ba0f9873e91a7c51a694a4b275288be9b383d487d2c473eec82d333,yes,yes,0.6907328963279724,1,1
supply_chain_disclosure_best_practice_audits,embed_small_logreg,0,3,186,d03e6766a02ffc8423ba39940ce8a69fd03ea5e93edfb327af258dabd75c9e5e,yes,yes,0.5962175726890564,0,2
supply_chain_disclosure_best_practice_audits,embed_small_logreg,0,1,187,8a81109a73b838cbc58d4bf69f51eb6f1dee99da7818cde561d4cc9350058f7c,yes,yes,0.6553292870521545,0,2
supply_chain_disclosure_best_practice_audits,embed_small_logreg,0,2,188,ad8df74a5604a274f191b30942519d471ef007f2cb2afc12ca66cd73490f140b,yes,yes,0.7677218317985535,1,1
supply_chain_disclosure_best_practice_audits,embed_small_logreg,0,4,189,3236cea34e746c2854726aafd2b42f4c763e91efd983f92bd5d46b37934ce701,yes,yes,0.5028504729270935,0,2
supply_chain_disclosure_best_practice_audits,embed_small_logreg,0,4,190,244d7fc55eab9fe22ac8639ef434c9d3948c9bedb7453b1980ec8f1229bb2c68,yes,no,0.5003539323806763,0,2
supply_chain_disclosure_best_practice_audits,embed_small_logreg,0,0,191,5b777db784a0ad2ff2f63cd6ac341cec919f6db8e66c1a7c8afcca4bda0856f1,yes,yes,0.5595883727073669,1,1
supply_chain_disclosure_best_practice_audits,embed_small_logreg,0,1,192,a536c2e629791ea99d535deb51d04d6950ca7e778e2b8fabd5107530ecf3b63d,yes,yes,0.7484171986579895,1,1
supply_chain_disclosure_best_practice_audits,embed_small_logreg,0,0,193,c1782493d0a641f2d98c277b11023e4adb7fa2fc203ee4dac76fa3dd572915e8,yes,yes,0.5508583784103394,0,2
supply_chain_disclosure_best_practice_audits,embed_small_logreg,0,4,194,c7792639dfd396f47fe6f339c6da513ede7315959767ab9dafb88309769dbab6,yes,no,0.5028093903419557,0,2
supply_chain_disclosure_best_practice_audits,embed_small_logreg,0,3,195,ae215269eaa9afcae52c3c7fad43d01a78c9e122205651439d9bf2e5671676af,yes,no,0.5637631584335315,0,2
supply_chain_disclosure_best_practice_audits,embed_small_logreg,0,4,196,30079533bf5c7357cd70f9cf1cbc13700f5c3e515d3c5ebbe55c0943cb3cd3d3,yes,yes,0.50136399269104,0,2
supply_chain_disclosure_best_practice_audits,embed_small_logreg,0,0,197,ef8843ad04ca905381cc9dc85e84a4c4e9c5a2861f05e5fce9fa5066e7f7876d,yes,yes,0.5238170623779297,0,2
supply_chain_disclosure_best_practice_audits,embed_small_logreg,0,0,198,7c18061590aa800422b5635e324664e2dc3382d93bdd896d73512fd499719d54,yes,no,0.5017510056495667,0,2
supply_chain_disclosure_best_practice_audits,embed_small_logreg,0,4,199,56c25d4eb4588f13327a6b3f6d1bf423858c24d3e72ca640819f1aff6fffb588,yes,yes,0.5001799464225769,0,2
supply_chain_disclosure_best_practice_audits,embed_small_logreg,0,0,200,37fb8de488cb40c4b049e28e90cefa770eb07d1059f2e68c706d35d39deaf7a6,yes,no,0.535620943773417,0,2
supply_chain_disclosure_best_practice_audits,embed_small_logreg,0,2,201,d6943bae94c68dbe413f37141c963ec0da0f265c3d6cd601971199d07c838bcf,yes,no,0.6658491889879349,0,2
supply_chain_disclosure_best_practice_audits,embed_small_logreg,0,3,202,738411246babffb6b853c81c2ab34295e5db281b7e730293ed8d1ad31e1d30cb,yes,no,0.6245191693305969,0,2
supply_chain_disclosure_best_practice_audits,embed_small_logreg,0,4,203,4d4c98bf199646728c2a7b80140d0f8bfa90311619ddd101e7e81d8da51eba3f,yes,yes,0.5001312494277954,0,2
supply_chain_disclosure_best_practice_audits,embed_small_logreg,0,4,204,3887f474ec6dfe32935833b72b870ee0ee25207e9c2d7cad91f1d4792356e278,yes,yes,0.5022748112678528,0,2
supply_chain_disclosure_best_practice_audits,embed_small_logreg,0,3,205,5183361573f996b8425904aba330bdb33a14f3a40e5a13d71f8a4dfa32ee601c,yes,yes,0.6044095158576965,0,2
supply_chain_disclosure_best_practice_audits,embed_small_logreg,0,0,206,b7fef818a202c62579781f6a16fdc3fbe95b7014de4c7fc7c0bfd72085b49111,yes,yes,0.5406181216239929,0,2
supply_chain_disclosure_best_practice_audits,embed_small_logreg,0,4,207,7f71163235d108c9e78fa664d5bef08dabfa91cfbbdcd9f3d08391db22af380a,yes,yes,0.5042681097984314,0,2
supply_chain_disclosure_best_practice_audits,embed_small_logreg,0,0,208,5695147a701cc755d386897ef3916ae914a81943569ef4fe344ca24a43d906ee,yes,yes,0.5374664068222046,0,2
supply_chain_disclosure_best_practice_audits,embed_small_logreg,0,3,209,b18c36bddd3d7b476ce5b9e82b759a1230ce387c9ef91dd060c50f7a7fb551f5,yes,yes,0.5152344703674316,0,2
supply_chain_disclosure_best_practice_audits,embed_small_logreg,0,3,210,0a76fce024d1ded8f815f5aeddfd0f478fe16661931e2f3658f76bca65572613,yes,yes,0.8428245782852173,1,1
supply_chain_disclosure_best_practice_audits,embed_small_logreg,0,4,211,b5f480ca28f49024bd818f6af65275cc36a6022530a28fa2648ddb7da3f86839,yes,yes,0.50104820728302,0,2
supply_chain_disclosure_best_practice_audits,embed_small_logreg,0,3,212,255fd01e686472de43e42c9c117018713274490a02b2df34c1bc9ea698083b88,yes,yes,0.5658730268478394,0,2
supply_chain_disclosure_best_practice_audits,embed_small_logreg,0,4,213,c1b7a9f6e0096a280a7cff21a3d2d2a788fda487fb4778bff25572d53d220dd8,yes,no,0.5041835308074951,0,2
supply_chain_disclosure_best_practice_audits,embed_small_logreg,0,1,214,8e4caa63c82cc004c6a03ff6278f68d26b0d6195e385e25392f38000f093728e,yes,no,0.6035744964011164,0,2
supply_chain_disclosure_best_practice_audits,embed_small_logreg,0,2,215,5246f2f270d78e6a7ee150dfeb414ed591d6d868246b224415d78f8dcb33c791,yes,yes,0.6183763146400452,0,2
supply_chain_disclosure_best_practice_audits,embed_small_logreg,0,3,216,dc87f2b33f12048f543e0a8cc1526f23fe4e72f15a6f2f1decf2a602f0eadf1b,yes,yes,0.8202395439147949,1,1
supply_chain_disclosure_best_practice_audits,embed_small_logreg,0,2,217,3045163bc73fcda0d5d8a7800ea68f83f22b0d7e71099dbf8bf7030daca5c21a,yes,yes,0.5612719655036926,0,2
supply_chain_disclosure_best_practice_audits,embed_small_logreg,0,0,218,4c7d5ee51cc7b5700e6104e6c501ce5b41ed859fcf48fdb1057af364fba88a8e,yes,no,0.5174934709819117,0,2
supply_chain_disclosure_best_practice_audits,embed_small_logreg,0,0,219,bd4c1f1cf2fc2181caa3f8384bb1b4d9195039f6a32c4609aa60fff706567b74,yes,yes,0.5136992335319519,0,2
supply_chain_disclosure_best_practice_audits,embed_small_logreg,0,4,220,77ad10e7c8d412c275543817ff3fbae1b314666dc24e6b51452fee9982cb31ec,yes,yes,0.5046467185020447,0,2
supply_chain_disclosure_best_practice_audits,embed_small_logreg,0,0,221,be62d87c4255e3586bdf7df9901d04563f034fa4e1c974936be58d86bae1221c,yes,yes,0.5506400465965271,0,2
supply_chain_disclosure_best_practice_audits,embed_small_logreg,0,4,222,c28332da856f34b6a44fb9b64740e960ec60cbce5cfb5a4d5a7697e4796c9b42,yes,yes,0.5195869207382202,1,1
supply_chain_disclosure_best_practice_audits,embed_small_logreg,0,4,223,f5a6277f734ce623abb70561bc333f40c516432889b7170fe537795f0b0d1dfe,yes,yes,0.5115216374397278,1,1
supply_chain_disclosure_best_practice_audits,embed_small_logreg,0,2,224,c40939ccc68ff214deef38f965d504bec913cb7a2f3c74d2ece1a45866e275d9,yes,no,0.6389882754978023,0,2
supply_chain_disclosure_best_practice_audits,embed_small_logreg,0,3,225,829a910f071a32bcafaaa8663dbdf625ce4b5548e0b6c349d0dc9ac3703a1122,yes,no,0.6128079891204834,0,2
supply_chain_disclosure_best_practice_audits,embed_small_logreg,0,2,226,f1638844a53628837ad5d89cfcdeecc0f5bb34cfc57eb62570e26ff4a1cf62da,yes,no,0.6992521286010742,0,2
supply_chain_disclosure_best_practice_audits,embed_small_logreg,0,0,227,902f081f4eba26153cd2c7c4a497205b912767790306d278827259370ff02e5a,yes,yes,0.5053424835205078,0,2
supply_chain_disclosure_best_practice_audits,embed_small_logreg,0,1,228,ca1da196f15bf1f779e22e5e1a695d8b7a71804e15e2d5e7feff77800f931548,yes,yes,0.7676355242729187,1,1
supply_chain_disclosure_best_practice_audits,embed_small_logreg,0,3,229,5f6bc442d00e4fa861670fafbb8a27c94547c1508938c9d29e3d899bfc2ba60c,yes,yes,0.7913314700126648,1,1
supply_chain_disclosure_best_practice_audits,embed_small_logreg,0,4,230,f2c4a70d75d38bdb8ddcf24ce6b3bbc1270aa929b58238973c10a2f20dcf0d75,yes,yes,0.5011179447174072,0,2
supply_chain_disclosure_best_practice_audits,embed_small_logreg,0,4,231,8bf9eb09cc0e8fd59010ab76b7c69b9e1e43c539995dc000c6861a83b2d81707,yes,no,0.501864492893219,0,2
supply_chain_disclosure_best_practice_audits,embed_small_logreg,0,4,232,f7cf08b6965795f5c7d3d054023aac6ccdeabdb48f991c84e2931966f6ad041d,yes,yes,0.5011506676673889,0,2
supply_chain_disclosure_best_practice_audits,embed_small_logreg,0,1,233,1c7fa227e0dc0b3f0683ec2411f95409c3417c9b96f8516a9f76bb71971c3978,yes,no,0.5654092003527046,0,2
supply_chain_disclosure_best_practice_audits,embed_small_logreg,0,2,234,5f24817add32407e6acc884463b789a68919be44f960ad31c19f73970ec67edd,yes,no,0.6142005920410156,0,2
supply_chain_disclosure_best_practice_audits,embed_small_logreg,0,1,235,f3669d8939961578a7f23f5801a8f8915334ee6e2197feeaffc15c7042fe0c20,yes,yes,0.5510199069976807,0,2
supply_chain_disclosure_best_practice_audits,embed_small_logreg,0,3,236,06c17d0d305d5233112fb0bca036055b06f839ff3e6eef40071ed1a3802d4a7e,yes,yes,0.7705163955688477,1,1
supply_chain_disclosure_best_practice_audits,embed_small_logreg,0,3,237,f3e83ec97ee5386134f54fd9a9f7c19f68cc121dc9f6f5ba2618dfcd1c4b3b66,yes,yes,0.7097506523132324,1,1
supply_chain_disclosure_best_practice_audits,embed_small_logreg,0,4,238,f894ff8baed215fe478a03c4f70e0ae70f1dee90d635e8bf521bcf7c2c5d5d8c,yes,yes,0.5035156011581421,0,2
supply_chain_disclosure_best_practice_audits,embed_small_logreg,0,3,239,0959b643a8baf490de768c9a042a1cff4f7ba07e8c3a35f1d3c88073b5c659bb,yes,yes,0.6063914895057678,0,2
supply_chain_disclosure_best_practice_audits,embed_small_logreg,0,3,240,c603ec107332b17d63d9c056e5827a42faf80cee9ecf616f78b74d7b26aca002,yes,yes,0.8149320483207703,1,1
supply_chain_disclosure_best_practice_audits,embed_small_logreg,0,0,241,cff6dc284e486a2f018540356c568bd866b086fd09ab993a34321b8282b62dff,yes,no,0.5560667514801025,1,1
supply_chain_disclosure_best_practice_audits,embed_small_logreg,0,0,242,f1ffa5b7ab4faafc9099101fbcac382df8a721f39c48a1fb4eff0f8263e12ddd,yes,no,0.5159949064254761,0,2
supply_chain_disclosure_best_practice_audits,embed_small_logreg,0,3,243,7358882b282e44427d46aa23e131b40ce9cb810d4046b9b5b1b29019a7bafd97,yes,yes,0.7370477318763733,1,1
supply_chain_disclosure_best_practice_audits,embed_small_logreg,0,4,244,39716913d74b739a4abccba43e643a747078c53268d60308a0981129848fe379,yes,yes,0.5035867691040039,0,2
supply_chain_disclosure_best_practice_audits,embed_small_logreg,0,1,245,aacaba1b480efdbb8a8d7f064c31e6c8bb5d15a859dde769c4e38d8f39544726,yes,yes,0.7370529770851135,1,1
supply_chain_disclosure_best_practice_audits,embed_small_logreg,0,3,246,625e4fb7cc51b77995b363889fc63bbadb80c2bc91fb2880c1018ab4741d3b7c,yes,yes,0.6074283719062805,0,2
supply_chain_disclosure_best_practice_audits,embed_small_logreg,0,1,247,cadb995cb17c99a0479f83cf2c9ef1624ee2362bfba9690abd6fcc060800c76a,yes,yes,0.6537154912948608,0,2
supply_chain_disclosure_best_practice_audits,embed_small_logreg,0,2,248,ab606b741090016f818eb0cb7e260b416330418b8003a89245993e73bf8630d0,yes,yes,0.758758008480072,1,1
supply_chain_disclosure_best_practice_audits,embed_small_logreg,0,2,249,cc0bd56a8fa41797d21f3f767f99f08c0d47e85478b58e4221224373d2c04763,yes,yes,0.7275823354721069,1,1
supply_chain_disclosure_best_practice_audits,embed_small_logreg,0,2,250,1294ab0087ad5087a538686b745d3e7db23d18cc7f4f6f530cc80e2ac5f4db00,yes,yes,0.6642112135887146,0,2
supply_chain_disclosure_best_practice_audits,embed_small_logreg,0,4,251,94afabafc1a2e279104f1d46c17a267d3986bec668852ff48007a09bf59540ad,yes,yes,0.5086867809295654,1,1
supply_chain_disclosure_best_practice_audits,embed_small_logreg,0,0,252,6132d8d18112fa7d61ba37ff4d62b1c1c54f81b63eb04af24889c178eac1b7f5,yes,yes,0.5172511339187622,0,2
supply_chain_disclosure_best_practice_audits,embed_small_logreg,0,4,253,8c27ca919f3a1c88913da54bb4a77bba34322faffaf8e221698a9d377dbe8c52,yes,no,0.5075762120611604,0,2
supply_chain_disclosure_best_practice_audits,embed_small_logreg,0,4,254,13a1d68844cb18a366fbe726bce7132ea31a4fbed461a3d8e40fe9c27604ab0c,yes,yes,0.5108896493911743,1,1
supply_chain_disclosure_best_practice_audits,embed_small_logreg,0,1,255,96815958503862c65f14b779ce716b39e74afb0aac85ec7b03e85152838e44b0,yes,no,0.6058558821678162,0,2
supply_chain_disclosure_best_practice_audits,embed_small_logreg,0,2,256,73eed2cd61ac0ea6ae32683a83e2b0e5738d28779452c6ed7cb6f7eadd0e2261,yes,yes,0.7927756905555725,1,1
supply_chain_disclosure_best_practice_audits,embed_small_logreg,0,1,257,373083f104edd5a192773c0a179c9788a933c15a1571ba09d81e8033116bf6c4,yes,yes,0.666637659072876,0,2
supply_chain_disclosure_best_practice_audits,embed_small_logreg,0,0,258,eade8098bb75f44ddc8f9427c116b373a4abfcf40e4dcf8e2774b900155008a0,yes,yes,0.563391923904419,1,1
supply_chain_disclosure_best_practice_audits,embed_small_logreg,0,4,259,013f12d740fc3d68af91928317abf93d62dd424d19d1137d161e2693551f67e3,yes,no,0.5002281814881617,0,2
supply_chain_disclosure_best_practice_audits,embed_small_logreg,0,3,260,bf3486f95c637ed4c0f6e7987cd08241cbaa680a7e6a37850cb43d0042e06cad,no,no,0.7557637095451355,1,1
supply_chain_disclosure_best_practice_audits,embed_small_logreg,0,4,261,17b7c487cc98c7e8e49c1c50b503ac7d38f2734055411ae4ae7b698cb622add3,no,no,0.5119901742938109,1,1
supply_chain_disclosure_best_practice_audits,embed_small_logreg,0,3,262,8af0b9f5fd790626bb4db3c123e1eb46e4ce609c0a22a6c74820808d33d2e351,no,no,0.6682303944757463,1,1
supply_chain_disclosure_best_practice_audits,embed_small_logreg,0,4,263,4711f4cfb8352d9bee2590efd786b65a53292b22ea7e088a282787c6669af84d,no,no,0.5107044577598572,1,1
supply_chain_disclosure_best_practice_audits,embed_small_logreg,0,4,264,6280d5d3a4a66af42f0a860a6e1bef945aaac4cd6695915cab72224d2110b691,no,no,0.5142415165901184,1,1
supply_chain_disclosure_best_practice_audits,embed_small_logreg,0,3,265,168f343929f3968913069fd4fe3ea2090bcc1a567ad31fa5d6834c9d9d8ee1d5,no,yes,0.5662961006164551,0,2
supply_chain_disclosure_best_practice_audits,embed_small_logreg,0,4,266,71386be1f3486406f1a3cf5dfee5e266834f063cbf2bfb914213afe0d7458bb1,no,yes,0.5050225257873535,0,2
supply_chain_disclosure_best_practice_audits,embed_small_logreg,0,4,267,00768c68746cc07a0855f2e858ea0b79d89c52616ea96f63e3b7d7113ad78409,no,yes,0.5072743892669678,0,2
supply_chain_disclosure_best_practice_audits,embed_small_logreg,0,3,268,73be09f2cbe8d3723f914f0901b9b1199c1c4b1c8cf68937bada35a3da53af17,no,yes,0.5828819870948792,0,2
supply_chain_disclosure_best_practice_audits,embed_small_logreg,0,3,269,96700d3c63698f7fc8d4ea778f120a3d46929a5734a3c86cfa59d7a160ef608e,no,no,0.6434832619582634,0,2
supply_chain_disclosure_best_practice_audits,embed_small_logreg,0,2,270,b11583189d07bb6c3452ea92f85ffc89db81f8f0bb7f000a3d4b4d62e7eec5c0,no,yes,0.5835233926773071,0,2
supply_chain_disclosure_best_practice_audits,embed_small_logreg,0,0,271,2c33b85eaa7cbe07fb355c5e6f1156c2063261897778d650af9ba90bc60754c2,no,no,0.5166265368461609,0,2
supply_chain_disclosure_best_practice_audits,embed_small_logreg,0,0,272,203ed0f85c23f811b2013c75119ab4107bb94611678786bf334e168d337dfd91,no,no,0.5528142287488511,0,2
supply_chain_disclosure_best_practice_audits,embed_small_logreg,0,4,273,29f5a73f0eb2112c2e8648ba539c6e8540af14f4e9972e5f4dc3409460c124a7,no,yes,0.516201376914978,1,1
supply_chain_disclosure_best_practice_audits,embed_small_logreg,0,0,274,529fbe231a56762bee94fca3a926dfbe380e1a1a4899d3eee0104c0f6d69fd90,no,yes,0.5014784336090088,0,2
supply_chain_disclosure_best_practice_audits,embed_small_logreg,0,0,275,c4a4dd3902ba1e7f9bd8aec6700ede838bef8b038357041988488f41c58fd818,no,no,0.539121405456108,0,2
supply_chain_disclosure_best_practice_audits,embed_small_logreg,0,1,276,072d2e8050c2b36c8c5ff2c7aff95b88f8fd6cccc76368e10be132a17e092b7d,no,yes,0.6668722033500671,0,2
supply_chain_disclosure_best_practice_audits,embed_small_logreg,0,4,277,a86f11debb6ead7654a11b993c384f748c0211f80d9cf6ec15379718865bb14b,no,yes,0.5058891177177429,0,2
supply_chain_disclosure_best_practice_audits,embed_small_logreg,0,0,278,dec95cde6289a27cf2fa4c129a8fe002cd9efe24fe0c76194cd80b81d4d25646,no,no,0.5450515909508344,0,2
supply_chain_disclosure_best_practice_audits,embed_small_logreg,0,3,279,278a88f973ea6da6e167d46d0b191eee85edd560cf58a096d19bf9f0385f078f,no,yes,0.6030128598213196,0,2
supply_chain_disclosure_best_practice_audits,embed_small_logreg,0,0,280,9f9d1126a707de4b474cf7e0fc08299ad856bdb4a0bfe68914a374466df2ba79,no,no,0.5730983018875122,1,1
supply_chain_disclosure_best_practice_audits,embed_small_logreg,0,1,281,49e44d01a8d96ebc8362b1012e8fe169fc8ba19015002d2415f18d38e34e543f,no,no,0.5687343904753211,0,2
supply_chain_disclosure_best_practice_audits,embed_small_logreg,0,1,282,7aff74a42e71a0efa775083fed4b831acd81e1c7a72ea3ab95fa0010cbd1b047,no,yes,0.5109040141105652,0,2
supply_chain_disclosure_best_practice_audits,embed_small_logreg,0,0,283,c0e1213a6c7f271618273d37e7c4d80e49f79f3cb5a1276394122a181df3af93,no,no,0.5081832560355442,0,2
supply_chain_disclosure_best_practice_audits,embed_small_logreg,0,4,284,162326a6ce5c56ccf790f70cb837962b40b3bc3287e736e1be05be79c4e6bce9,no,no,0.5016425251960754,0,2
supply_chain_disclosure_best_practice_audits,embed_small_logreg,0,2,285,446398bfee4175c67b2956599c14af90b0edd482e1dce8163481a203948007dd,no,no,0.7178751016296416,0,2
supply_chain_disclosure_best_practice_audits,embed_small_logreg,0,2,286,ba33f9b515db096d9ae8836a3b69ce9148b85a2f3bd641c7a5fcba3f6b073736,no,no,0.6906423362898131,0,2
supply_chain_disclosure_best_practice_audits,embed_small_logreg,0,1,287,0b218c20d44772c56168aad84ee04aa59a41e91c16b8af3ec7318f2db50abac9,no,yes,0.593353271484375,0,2
supply_chain_disclosure_best_practice_audits,embed_small_logreg,0,0,288,a6098775d1f58c7495bade73c71a163bda773200d559daf386859c20452c9497,no,yes,0.5176078081130981,0,2
supply_chain_disclosure_best_practice_audits,embed_small_logreg,0,4,289,0bb83f5175555cfaa916ed3929534af9f11e955ce4ff57612f69713e94993937,no,no,0.5092604008537411,1,1
supply_chain_disclosure_best_practice_audits,embed_small_logreg,0,2,290,389a4e760129e6e54975f074004e2fec1753d42f1e48343f1b10d47d6fcac37e,no,yes,0.6389411687850952,0,2
supply_chain_disclosure_best_practice_audits,embed_small_logreg,0,2,291,d57214d0e9a179e422fbe3b51666f953ceda30db4a7ce444e66f35c2904d4c84,no,no,0.5238272107788089,0,2
supply_chain_disclosure_best_practice_audits,embed_small_logreg,0,2,292,4f3067260931b33e6f0dcd9414705fb435db8f6aac3bf072fcf443d96f77932c,no,yes,0.500512957572937,0,2
supply_chain_disclosure_best_practice_audits,embed_small_logreg,0,0,293,143076a0b6c3b4b2c37750896a92e809870b097c81c38be1d50dce2c008d9eb2,no,no,0.537827594941032,0,2
supply_chain_disclosure_best_practice_audits,embed_small_logreg,0,4,294,3bce2b75988d047a0d7a0deea7d519effb6c58310ec68cc20fa6cce9c3b54f1b,no,no,0.501124128665801,0,2
supply_chain_disclosure_best_practice_audits,embed_small_logreg,0,4,295,5ba25ab1ef701ffb4ef46c65dacf4c7fff4bf56cb6c3b355c39768b828753eb2,no,yes,0.5023075938224792,0,2
supply_chain_disclosure_best_practice_audits,embed_small_logreg,0,0,296,c09af0b827ba4837bfe03f4efcc035c576b40c281b86c6d5cf4d9a9452124fe4,no,no,0.5395668745040894,0,2
supply_chain_disclosure_best_practice_audits,embed_small_logreg,0,3,297,d318eaf94df22e65541a2d801bf35239ef508dd99ccf9a378d2f01328b1b29f8,no,yes,0.8608698844909668,1,1
supply_chain_disclosure_best_practice_audits,embed_small_logreg,0,1,298,b215c45d50089d0cd1585a907239c94da9543ad54bd7a50f9cf22478364ff754,no,yes,0.7189071178436279,1,1
supply_chain_disclosure_best_practice_audits,embed_small_logreg,0,4,299,9d071de4e714afecba60136fc13d2fd5d799fa73ec323fa5b32f33261331fc95,no,no,0.5017961114109721,0,2
supply_chain_disclosure_best_practice_audits,embed_small_logreg,0,4,300,b48a0124d9c28eba8793c0639caa52128545630d8a846c28ab4f01eb7cde60e0,no,no,0.521404997152239,1,1
supply_chain_disclosure_best_practice_audits,embed_small_logreg,0,3,301,f604a8e5fc84e2cb8f3210b72d51555bfad329c64660c42250ca1403fec24f72,no,yes,0.5241859555244446,0,2
supply_chain_disclosure_best_practice_audits,embed_small_logreg,0,2,302,dfd391e41957d1ac236feb8094f25b8ef1bb5bb23df2361d1e0b96cdcf4d8334,no,no,0.5478370026398598,0,2
supply_chain_disclosure_best_practice_audits,embed_small_logreg,0,3,303,da6cb12627d752d97c8b74cd52766dd24bf238718d113b3b633ccfb1b8a34605,no,yes,0.6272847652435303,0,2
supply_chain_disclosure_best_practice_audits,embed_small_logreg,0,2,304,968b24534319b3352bfda7565390677a43bff36eba314281473cc77c382f7459,no,no,0.6355835199356079,0,2
supply_chain_disclosure_best_practice_audits,embed_small_logreg,0,2,305,4441c0b5b2cc678233438e17f40bbaa0525429c3e46d1ba3068a07a61b93ac90,no,no,0.806703507900238,1,1
supply_chain_disclosure_best_practice_audits,embed_small_logreg,0,0,306,e7be9434bab5ee26ff724ad366dd76a6eb91f1c4d40da2a6a8cacdadec1b2cef,no,yes,0.5097575783729553,0,2
supply_chain_disclosure_best_practice_audits,embed_small_logreg,0,4,307,f4f4adbea45122fdb1d3bbd6cd8cdeb27833cdb5d576db84c1eda5e29dcaee5f,no,no,0.5132417831790979,1,1
supply_chain_disclosure_best_practice_audits,embed_small_logreg,0,1,308,23cc46b8e873878abcf6bddaef16294515cd6ff0c31f4b9c469cf5d98cd31970,no,no,0.5540030167699759,0,2
supply_chain_disclosure_best_practice_audits,embed_small_logreg,0,4,309,4812c78abc5dfdced8315b1ba8d4b75c05311b916aa75c4d90debdfc6f969f74,no,no,0.5073263049125671,0,2
supply_chain_disclosure_best_practice_audits,embed_small_logreg,0,3,310,83f36822a559802b4975bbd8ddaa42349b8ee30eaf1e14b895b064dc2d783343,no,yes,0.7284787893295288,1,1
supply_chain_disclosure_best_practice_audits,embed_small_logreg,0,2,311,6bd5e103d0200987b6d5a975589d665847c4a5cb70be72a8ec7b797be539ca1b,no,no,0.5566084550800459,0,2
supply_chain_disclosure_best_practice_audits,embed_small_logreg,0,1,312,396db51b94e5987c9f4291a20606d3214010cae759f026fc485bfdccb44d32fa,no,no,0.6120654526968435,0,2
supply_chain_disclosure_best_practice_audits,embed_small_logreg,0,1,313,32aac534cc8c69b44cffb558d1687dde646c903551f4716d35f361ff9dfef7bc,no,yes,0.6333712339401245,0,2
supply_chain_disclosure_best_practice_audits,embed_small_logreg,0,4,314,cbd37b5b1d68d6e3051fe7d37866a22b605c82f43a4558b539cc921a761165da,no,yes,0.5101027488708496,1,1
supply_chain_disclosure_best_practice_audits,embed_small_logreg,0,0,315,93385e4040b8a9e2244312c589f32c019276499f4d77dc979a43a063da101d79,no,no,0.5226620279949299,0,2
supply_chain_disclosure_best_practice_audits,embed_small_logreg,0,2,316,fd5ab74802751c150fc6ffc9f5fc04a7520d18f5e369c5198e123110ae82e19b,no,no,0.5685037205069149,0,2
supply_chain_disclosure_best_practice_audits,embed_small_logreg,0,3,317,c39413cbf6175d72ce6425d54415f612eb915e3a715f188af606596ffd3c5c5a,no,yes,0.8465368747711182,1,1
supply_chain_disclosure_best_practice_audits,embed_small_logreg,0,0,318,d13bde6dbbb3e00674ae5199051fa37761040e06ca97d1fcddd06d1ca5a95012,no,yes,0.5101263523101807,0,2
supply_chain_disclosure_best_practice_audits,embed_small_logreg,0,0,319,a70cae38bc14a6f8f9ff25c6f6fc01da33d93a293a9faa412ec7fd88b01dab57,no,yes,0.5447009205818176,0,2
supply_chain_disclosure_best_practice_audits,embed_small_logreg,0,1,320,3d8984baef0ba18103046a21a24eaa95a7315dac31f46efd9d70b2de535cb462,no,yes,0.6296893954277039,0,2
supply_chain_disclosure_best_practice_audits,embed_small_logreg,0,1,321,27802664c2d01aa9a779698077273b0dfbb4e4c37c59ec27a359740e25c22b42,no,no,0.5474738045774044,0,2
supply_chain_disclosure_best_practice_audits,embed_small_logreg,0,2,322,c8ba7ee2aff1efe743ffdd333d82a22572e92a917542d07d056d220a47de9d41,no,no,0.8125092033299567,1,1
supply_chain_disclosure_best_practice_audits,embed_small_logreg,0,3,323,3197363915acc24a03e50b624d5514a7aae17a858feaebce00133fca51c8ab4e,no,no,0.5584658550758914,0,2
supply_chain_disclosure_best_practice_audits,embed_small_logreg,0,4,324,0befd85c57d5cc436139e85b69ed400d5bef008c4e62d3c2edc68db2816c720d,no,yes,0.5125431418418884,1,1
supply_chain_disclosure_best_practice_audits,embed_small_logreg,0,1,325,511c8ce5808e6bd8d67a22f804e04fe11901c30d1c6316a4cf9d7ecf7650b4e7,no,yes,0.5712782144546509,0,2
supply_chain_disclosure_best_practice_audits,embed_small_logreg,0,0,326,c27e6fadd2b0b3eb12322506eb24c1c751d3d78f654dde666d6ae98bea4843d6,no,no,0.5015896558761597,0,2
supply_chain_disclosure_best_practice_audits,embed_small_logreg,0,3,327,31bd0760ea5f242b9f1c3214f1def028d570d735060898e3dfe0692b784765c6,no,yes,0.5473024249076843,0,2
supply_chain_disclosure_best_practice_audits,embed_small_logreg,0,3,328,0605d4ef497301876468cc2abc3991419cb67ab9f6f44508b0849ad5cf2bc53a,no,no,0.6372887898299459,0,2
supply_chain_disclosure_best_practice_audits,embed_small_logreg,0,0,329,61fdcfca449fbfdb032d1d9c17f754d30f1640a83287a1b9920ca671c0bc204f,no,no,0.5480130747552789,0,2
supply_chain_disclosure_best_practice_audits,embed_small_logreg,0,2,330,cde51c4232abd6a3d2b26f8ef8d8222f4018c74db11f9042f8d1f02d7b38d0ee,no,no,0.6246674246986933,0,2
supply_chain_disclosure_best_practice_audits,embed_small_logreg,0,2,331,319f9e927445f3d22c3c88b50343f05c4b5e9652ee4c548d6428c7fbfa6ddb18,no,yes,0.624834418296814,0,2
supply_chain_disclosure_best_practice_audits,embed_small_logreg,0,3,332,189c16c1e54172f9e82ad90fdfd5e678727d91bda7c553e141882e572dd268de,no,no,0.5517192482948303,0,2
supply_chain_disclosure_best_practice_audits,embed_small_logreg,0,2,333,50bc448a6e56c7b8a2cc2d46b2f97fd9cb0e9d4e8d9c08464f7f83ce1087ca64,no,yes,0.9036503434181213,1,1
supply_chain_disclosure_best_practice_audits,embed_small_logreg,0,2,334,1d40ab814671064c78b4e4b52104b7c67dd683a3660819cf3f84d9f8fb431067,no,yes,0.55194091796875,0,2
supply_chain_disclosure_best_practice_audits,embed_small_logreg,0,3,335,616072472d0a990fbc711a6602843e35e185e74e6783dad5587dc1a74f7564b5,no,yes,0.5789013504981995,0,2
supply_chain_disclosure_best_practice_audits,embed_small_logreg,0,3,336,4b44ec066ecab4f9d6bf9bd182434dd023a65373af82a4b71049e0e039377bb5,no,no,0.7925270081679969,1,1
supply_chain_disclosure_best_practice_audits,embed_small_logreg,0,1,337,f75e522355c0c0d4675648d8939f58f0ec9be70cb95841db451b5e375c1a89e0,no,no,0.583629846572876,0,2
supply_chain_disclosure_best_practice_audits,embed_small_logreg,0,0,338,fa6b3e76ad96618009ffc2f157f3ca4d543344f3dc774b60cb2107497173bbb2,no,no,0.5781134194697911,1,1
supply_chain_disclosure_best_practice_audits,embed_small_logreg,0,4,339,4a0ff924d0af0c575b3be2e72b34334f61fac916dfdeef18d4d8b2786d5a055c,no,no,0.5034558622999232,0,2
supply_chain_disclosure_best_practice_audits,embed_small_logreg,0,1,340,a2c3a52ee094219ed5814abd08612de2476dc3c07d49af67be0302a80c6214d6,no,no,0.6170401573181152,0,2
supply_chain_disclosure_best_practice_audits,embed_small_logreg,0,3,341,95fc1e387da1c2ef3c88f6b5a13bd043d0bcb9d99736badacc5810f4e69f6ead,no,no,0.5766945905478421,0,2
supply_chain_disclosure_best_practice_audits,embed_small_logreg,0,0,342,890c6a25c312a4255ede6c1b5569bef48435d8858fb1ad26a3a541896113f791,no,yes,0.5284366011619568,0,2
supply_chain_disclosure_best_practice_audits,embed_small_logreg,0,2,343,1d04a8b5ec608d80d692c827ee93b276d14a3b5ce3ce5e5d38c1f64046ca2164,no,yes,0.6672483086585999,0,2
supply_chain_disclosure_best_practice_audits,embed_small_logreg,0,1,344,5b2dad8f75d721ee621a1a59f7a9a94122fc51b61d681720d8f6feb20955f873,no,no,0.6250312142064806,0,2
supply_chain_disclosure_best_practice_audits,embed_small_logreg,0,4,345,4742b083f9d4160e57ed034142afeb23e254b242fcf6a61c5610897189c37d0d,no,yes,0.5050626397132874,0,2
supply_chain_disclosure_best_practice_audits,embed_small_logreg,0,3,346,b33ee53ceb9352753d8eed3360ba28d8c47838544e26df87b06b0629f85abbc7,no,yes,0.6528241634368896,0,2
supply_chain_disclosure_best_practice_audits,embed_small_logreg,0,0,347,a691807189c6dff4664d336078a034a8af9d49c86e0f4379c3c0d5ca80cd47a0,no,no,0.5333576202392578,0,2
supply_chain_disclosure_best_practice_audits,embed_small_logreg,0,1,348,03916a7e2107458575027c95858e95e02f45009f5bcecbbba957af619f214e96,no,yes,0.585532009601593,0,2
supply_chain_disclosure_best_practice_audits,embed_small_logreg,0,2,349,337eac86a7ed305d725b924b7de373c3d0504a440bba1405decf7be11c2b34a9,no,yes,0.6467369794845581,0,2
supply_chain_disclosure_best_practice_audits,embed_small_logreg,0,1,350,4bc5542025350d91bbe713d5ef7111c64ee186faec13989fbff30704352647b7,no,yes,0.6683183312416077,0,2
supply_chain_disclosure_best_practice_audits,embed_small_logreg,0,2,351,7c74070fd3590918c058469fa3c201147083b789e575edc07df20c082a180302,no,no,0.7325881937917529,1,1
supply_chain_disclosure_best_practice_audits,embed_small_logreg,0,2,352,d0664eb101108ed4106770b8ccbb1a8919975cf2aad682315cd97a0b5eeb99c8,no,yes,0.5321488380432129,0,2
supply_chain_disclosure_best_practice_audits,embed_small_logreg,0,2,353,c60dd149ee7c246d148509fae225b586775c8507972ab1eabbf727c5f8e7c79f,no,yes,0.6766400337219238,0,2
supply_chain_disclosure_best_practice_audits,embed_small_logreg,0,2,354,28e5e89e983fe11d4fe513af1d2e124be02e54440e1013f26e37f42a95fae74c,no,no,0.567877037290423,0,2
supply_chain_disclosure_best_practice_audits,embed_small_logreg,0,0,355,be342d0ba3afd69f4b1ed982cddc42bdd2bc8627333f859b23a80eefae95323b,no,no,0.5200404524803162,0,2
supply_chain_disclosure_best_practice_audits,embed_small_logreg,0,4,356,b1a10b2ac1ff6205d95bf78c935c9e215fb3e7febd37a5c41c5f6a90a71b8321,no,no,0.504653826494629,0,2
supply_chain_disclosure_best_practice_audits,embed_small_logreg,0,3,357,583b8ebb8255f9589f012b68d1273468b40591ee99033e845869c2c21f2aebe1,no,no,0.7023803978448988,1,1
supply_chain_disclosure_best_practice_audits,embed_small_logreg,0,0,358,1893fb2f00cc58f4377a2868cc85f79105500067ec465ee406df6811a2ba6fab,no,yes,0.5087229013442993,0,2
supply_chain_disclosure_best_practice_audits,embed_small_logreg,0,1,359,82a8133be0fa802002cb741817aeefae6af67d1b167f8d2597832bea8b4bcae2,no,no,0.6004539728164673,0,2
supply_chain_disclosure_best_practice_audits,embed_small_logreg,0,4,360,6330f93d46deabef60b77631dddbd90916bf329a1274ab475af4034e0414e801,no,no,0.5084789991378784,1,1
supply_chain_disclosure_best_practice_audits,embed_small_logreg,0,1,361,a755105d219ad2c94dad6fb3e687221d0988b19734b874d618caee0c39428703,no,no,0.5406408148813004,0,2
supply_chain_disclosure_best_practice_audits,embed_small_logreg,0,3,362,1ae6dcfd7fda95f910cd66b4dadbe426f4d4f3805170498ffc16446a4b816227,no,no,0.5408774453140066,0,2
supply_chain_disclosure_best_practice_audits,embed_small_logreg,0,1,363,6005d637aec6968fd09b9156f9c4b42cea3ea4cf5711a412c8199a74e6b0da6d,no,yes,0.5914515256881714,0,2
supply_chain_disclosure_best_practice_audits,embed_small_logreg,0,1,364,e22eb40d5a0e35ac139d6625ba9fe83b5d9cc62fe73344788c6fbf34601eb66e,no,no,0.518316924571991,0,2
supply_chain_disclosure_best_practice_audits,embed_small_logreg,0,3,365,b0ca0d813fe62b540b47121478904fe14e2847113e1093363f19f3c530ffd780,no,yes,0.5785826444625854,0,2
supply_chain_disclosure_best_practice_audits,embed_small_logreg,0,4,366,126cf937cb1a759c366b806643329bf0d1541ae8cc5d4d3ab1291fab336e0e2f,no,no,0.5040513873100281,0,2
supply_chain_disclosure_best_practice_audits,embed_small_logreg,0,1,367,b3ba7ed6334a095408711307b7b6d765a247957b2d8cf2c3fb74aab1848d4478,no,no,0.6484506130218506,0,2
supply_chain_disclosure_best_practice_audits,embed_small_logreg,0,2,368,42252d18326239ebb7a4bd9a369d958b552ade3a81818a7b33b5c7a254186386,no,yes,0.6993228197097778,0,2
supply_chain_disclosure_best_practice_audits,embed_small_logreg,0,4,369,1d8ec0aa2dde44562bea9e56edd84aafdefd120268eb03e844526b3528ccc5fb,no,no,0.5049941690264395,0,2
supply_chain_disclosure_best_practice_audits,embed_small_logreg,0,2,370,d62cebfdc280570fae7895fb04d0666af038f0325c877e2bf486cc8aab9b741f,no,no,0.5497884914215949,0,2
supply_chain_disclosure_best_practice_audits,embed_small_logreg,0,3,371,18b3aa7da2676a92694698ba51e9d1406f32f4d2e6a4f456717df617b747dc27,no,no,0.5179028511047363,0,2
supply_chain_disclosure_best_practice_audits,embed_small_logreg,0,3,372,d2101f76c6dfeb150215dfc3c747d278ed02b68c118346418eff466ec7e58111,no,yes,0.5018731355667114,0,2
supply_chain_disclosure_best_practice_audits,embed_small_logreg,0,1,373,04ab2f27eec1c522ad9e668f4c68200eeab67868264dbf343658dc8d9a1c8f45,no,yes,0.5515431761741638,0,2
supply_chain_disclosure_best_practice_audits,embed_small_logreg,0,0,374,98d820923bcd03faee2d85e8d8a5a6c16f2d445795a1c658130203c5766b0497,no,no,0.5368601243752278,0,2
supply_chain_disclosure_best_practice_audits,embed_small_logreg,0,0,375,f712982ec8f374fc723b5aee46de82200f2a4f333ae3e6fb45e1aecd1916c30d,no,no,0.576816976070404,1,1
supply_chain_disclosure_best_practice_audits,embed_small_logreg,0,1,376,d56330358a4f915da1d08b99375ace062ef622d4a645a2c4476474c8a6303f10,no,no,0.6010738015174866,0,2
supply_chain_disclosure_best_practice_audits,embed_small_logreg,0,1,377,1b424930328a00849ed3e051ff08961ed0d9abdacf308421a660728083fa9062,no,yes,0.5332790613174438,0,2
supply_chain_disclosure_best_practice_audits,embed_small_logreg,0,0,378,e08f36d3835ba4da0d6cb67088f631323be5705467f895cfcf7cacab604f8d65,no,no,0.5517560839653015,0,2
supply_chain_disclosure_best_practice_audits,embed_small_logreg,1,1,0,9d54e6c772949bfb6b364e2d7006fb131ac4294d6529566b2d88c78014eb6a1d,yes,yes,0.527565062046051,0,2
supply_chain_disclosure_best_practice_audits,embed_small_logreg,1,3,1,6bd8ec1448ec24fd291dc77052268939f67f9cfea5b76bd69388e542e0b53419,yes,yes,0.5198987126350403,0,2
supply_chain_disclosure_best_practice_audits,embed_small_logreg,1,4,2,cfd25f9be7d33e9e2626fa8f008705300a927fdffb8d298eb046111abadd5313,yes,yes,0.6052936315536499,0,2
supply_chain_disclosure_best_practice_audits,embed_small_logreg,1,4,3,2f6b42c2613958a15c6634faad8dce008342e61c935053e805fb0f1fff7e4aa5,yes,yes,0.6756445169448853,0,2
supply_chain_disclosure_best_practice_audits,embed_small_logreg,1,4,4,dd521a35f676e54ddd4c10353a5b613a177a8c4ab4053780ebfac40ccda839f6,yes,yes,0.6294803023338318,0,2
supply_chain_disclosure_best_practice_audits,embed_small_logreg,1,2,5,33e4c0559a94c7dce28fd5c76870036003e5e62eed6cf35cdc1c63a6b0a6569f,yes,no,0.5644185711270145,1,1
supply_chain_disclosure_best_practice_audits,embed_small_logreg,1,4,6,fb9db00dc94a7d11b1f1dc759bdaa0ab4132a345c4f4c79fa1b99a4f3feabec7,yes,no,0.5365449030236928,0,2
supply_chain_disclosure_best_practice_audits,embed_small_logreg,1,0,7,a3a6ab356fbf9711c2b5414d31490eead3dd8e73d43141d8c1c133c314b5f163,yes,no,0.5016594082611623,0,2
supply_chain_disclosure_best_practice_audits,embed_small_logreg,1,4,8,7a0cea15013a413c9095a12a26a110ad23082840e0980ef5ea664df3aa587c79,yes,no,0.8061781881398502,1,1
supply_chain_disclosure_best_practice_audits,embed_small_logreg,1,4,9,ded19f85f9c4d9d7f469200e17647cd8ecc12c2da48288385855657ec1b5adf5,yes,yes,0.6055637001991272,0,2
supply_chain_disclosure_best_practice_audits,embed_small_logreg,1,0,10,edbc6a22c498b82bac2202f1e46acbeaedfb015c0444653d0b0aeb6099e37ff7,yes,yes,0.5192978978157043,1,1
supply_chain_disclosure_best_practice_audits,embed_small_logreg,1,3,11,72cbb74b67a42c66920815b763cc6896803bfbe9a4dde82490f10909e1dfcbec,yes,yes,0.507851243019104,0,2
supply_chain_disclosure_best_practice_audits,embed_small_logreg,1,4,12,b6f77759748e520cb2650c9d05bfabeb352e52aeb1c443de23d4c8058ffbae34,yes,yes,0.7472378611564636,0,2
supply_chain_disclosure_best_practice_audits,embed_small_logreg,1,3,13,dade26e8398dbb799fd50eb54dbcd3e6ab8b4c274c793f921a58a02434c8b920,yes,yes,0.5382933020591736,1,1
supply_chain_disclosure_best_practice_audits,embed_small_logreg,1,2,14,ca680947ea1c383262052c8e93e441eefb9f5c56853cfdc57b710b6763858524,yes,no,0.5275554656982422,0,2
supply_chain_disclosure_best_practice_audits,embed_small_logreg,1,0,15,6567baee48eaca37363905900994df097ee69c55020b441e3135e706805c61aa,yes,yes,0.5239277482032776,1,1
supply_chain_disclosure_best_practice_audits,embed_small_logreg,1,3,16,3f83f1e16a6ae23ed6f0bb9678979f85323df70d52e5af7828b1bed5744918b1,yes,no,0.5035580992698669,0,2
supply_chain_disclosure_best_practice_audits,embed_small_logreg,1,2,17,37ed9ddde655fb5e0bedd0751e547d4b678cb2a4faeb1a803f4fde03b96df247,yes,no,0.5063637344132741,0,2
supply_chain_disclosure_best_practice_audits,embed_small_logreg,1,2,18,927e63eace0a5b571aaae87c06d33ec73b502b226e5e07f69211aac675c9199d,yes,yes,0.5793262124061584,1,1
supply_chain_disclosure_best_practice_audits,embed_small_logreg,1,3,19,67595c9be4cf851988bc1fc7cdcedef276346c043520046d91bb26c48edac6cc,yes,yes,0.5000329613685608,0,2
supply_chain_disclosure_best_practice_audits,embed_small_logreg,1,0,20,97859a9430e770c53776bdb64bcac6e1057b25056282b1a971f3143449b8ae52,yes,yes,0.5027273893356323,0,2
supply_chain_disclosure_best_practice_audits,embed_small_logreg,1,1,21,d70648593b74ef9e2bc2de57c4dd94c2323fa8cd58e0083ea94ae75980c167fd,yes,yes,0.5175526738166809,0,2
supply_chain_disclosure_best_practice_audits,embed_small_logreg,1,3,22,52f6bfce60e5ece10730f4e80ac4d6d0a44cf613425838d5b0805482b44527f6,yes,no,0.5076501218184792,0,2
supply_chain_disclosure_best_practice_audits,embed_small_logreg,1,1,23,e50372eb04052599ab62fed9665c237fbb1fafd32f6502757f0d0bc648ee5072,yes,yes,0.5226777791976929,0,2
supply_chain_disclosure_best_practice_audits,embed_small_logreg,1,1,24,450bbed24b34b5272d476f23a5de997f8ff5490a0e106d7cdec0c059964c5c25,yes,yes,0.5182061195373535,0,2
supply_chain_disclosure_best_practice_audits,embed_small_logreg,1,2,25,f2116c063ca557116fe78a21ccd8f5607276835e91875fc11bf12932dddc984f,yes,no,0.5147656048904179,0,2
supply_chain_disclosure_best_practice_audits,embed_small_logreg,1,1,26,aafd7fd03c4909c8dc45f9cb2cd65c636a86fc13ac4f6c08c449151b9a47fef7,yes,yes,0.5161521434783936,0,2
supply_chain_disclosure_best_practice_audits,embed_small_logreg,1,3,27,33043270153f967b1fcebdd792621661d4f1066634cad83e35b51a515630ac38,yes,yes,0.5148025155067444,0,2
supply_chain_disclosure_best_practice_audits,embed_small_logreg,1,1,28,43294ee8c35a7c5c0a600a0522b094cbf6660d69944080ca876844efa92382dc,yes,yes,0.5027816295623779,0,2
supply_chain_disclosure_best_practice_audits,embed_small_logreg,1,3,29,b68f1b883214616d4922a65d201ee2ea9db1a0122864b78ccbbf5ee46c7a8f7b,yes,yes,0.5026490092277527,0,2
supply_chain_disclosure_best_practice_audits,embed_small_logreg,1,1,30,7310ac62e99a4e8b1a34fce3d7086304d24c92e3534b4100b1c05e58506ac4b1,yes,yes,0.5054444074630737,0,2
supply_chain_disclosure_best_practice_audits,embed_small_logreg,1,0,31,b32275d570cb22080951b4812db4ef3e116eb01260737efd0035c8ac82e331f9,yes,yes,0.5066198110580444,0,2
supply_chain_disclosure_best_practice_audits,embed_small_logreg,1,3,32,052895a7e776122c3bd93f43e5a766518ea710c81cd2d76001ab5d8e1a8e9576,yes,yes,0.5168792605400085,0,2
supply_chain_disclosure_best_practice_audits,embed_small_logreg,1,1,33,92cd4852e93b427437a48160221b761b265339694e1e9e4b6fbb4078283d47dd,yes,yes,0.506838321685791,0,2
supply_chain_disclosure_best_practice_audits,embed_small_logreg,1,2,34,a63bbe340e7e5559ab344685986e27ba29e7856a2bb43f559677d60bd6372b49,yes,yes,0.5356258153915405,0,2
supply_chain_disclosure_best_practice_audits,embed_small_logreg,1,3,35,4c66ac71222d0b9ea3d8106a65704219a05af6e124369c676e6d84e9e05eef96,yes,yes,0.5287489295005798,1,1
supply_chain_disclosure_best_practice_audits,embed_small_logreg,1,3,36,5a71be10ab1bfb61b9c98e5a9adce211ebf7cc64b75c2fe894b2da8f4f438624,yes,no,0.5134811997413635,0,2
supply_chain_disclosure_best_practice_audits,embed_small_logreg,1,2,37,7a943e9ef37d479a877b40d230449fde8ef8985c43c5795a2b67ad1a560ec3dd,yes,no,0.5378512304380902,0,2
supply_chain_disclosure_best_practice_audits,embed_small_logreg,1,1,38,eebfae389e1805a6524964b0a815e9e64c44ec4245148015e3ee4de8084556cf,yes,yes,0.5324925780296326,0,2
supply_chain_disclosure_best_practice_audits,embed_small_logreg,1,1,39,242ffbc9b3e5ff9fb89c658b1348a67d708b3cbbc0707ba7991cf585da68498d,yes,no,0.5188920497894287,0,2
supply_chain_disclosure_best_practice_audits,embed_small_logreg,1,0,40,6d4f73e7a6d1fea0e78502ec3d78016b8d7cc091321e361a13bcbc1c64abbc92,yes,yes,0.5023773312568665,0,2
supply_chain_disclosure_best_practice_audits,embed_small_logreg,1,1,41,e91b405667ff2e3c59a366f14d4e69a85adf7b37adfbe5cc0d4f68d3ff850477,yes,yes,0.5184144973754883,0,2
supply_chain_disclosure_best_practice_audits,embed_small_logreg,1,1,42,df4b5ecfdae8b9a769a3ceef89c8f2943eff05ffdb56a25b5ff2517b2a5774ad,yes,no,0.5003935694694519,0,2
supply_chain_disclosure_best_practice_audits,embed_small_logreg,1,1,43,68dff8e9beb989b03b38607e665e4d5372e148fe089e55d47bec6692aea9c76a,yes,yes,0.5219878554344177,0,2
supply_chain_disclosure_best_practice_audits,embed_small_logreg,1,4,44,473f02f9766d1a9408898f92db8c82504af7648bb43d66a2d58ba393ad110cea,yes,yes,0.6760212182998657,0,2
supply_chain_disclosure_best_practice_audits,embed_small_logreg,1,3,45,40b81122b3ce13d0b02d3855a778d59dfa74dfe699922ad1cd59e4c945a11085,yes,yes,0.5034306645393372,0,2
supply_chain_disclosure_best_practice_audits,embed_small_logreg,1,0,46,be386186c94960b560719aa9801a2b53b610974576c933522e3bf0b7de9f75ee,yes,yes,0.5038461685180664,0,2
supply_chain_disclosure_best_practice_audits,embed_small_logreg,1,1,47,54ba1171dd088353ea0094c11e682cce0bda3cce8961ca9686b40b33a7462851,yes,no,0.502114042576729,0,2
supply_chain_disclosure_best_practice_audits,embed_small_logreg,1,1,48,a5cd9829d0bb6680b12c38d718acd91f080de69f112a33da5f30ee6a651da5bd,yes,yes,0.5160555839538574,0,2
supply_chain_disclosure_best_practice_audits,embed_small_logreg,1,4,49,a60b58ec65949fd64e04a7930db1d4f38f18d50de6cc77f83c3a1f018bb35971,yes,no,0.5271807312965393,0,2
supply_chain_disclosure_best_practice_audits,embed_small_logreg,1,3,50,258ee064efae6bfc773d9e688e0e04507092de9bb4d6c023bdd08088ce9b7d0a,yes,no,0.5189235055767445,0,2
supply_chain_disclosure_best_practice_audits,embed_small_logreg,1,3,51,3bb5ff0604197b2135281a129b8db0a49cf99b97683131f2595801f5a3538e48,yes,yes,0.5347565412521362,1,1
supply_chain_disclosure_best_practice_audits,embed_small_logreg,1,2,52,4124b6eeb003417bd70564ba2fde31be4a267b867426f07b7e40d3a5a42b955e,yes,no,0.5336966514587402,0,2
supply_chain_disclosure_best_practice_audits,embed_small_logreg,1,4,53,6795adbe04130c6f667f1f3bfdf4477f9426ec504d554b86e3442d6bc01c64b3,yes,yes,0.7360283732414246,0,2
supply_chain_disclosure_best_practice_audits,embed_small_logreg,1,2,54,b624a5abb6fe61a77543f57ce95b180f41e23f122d7ea978a7f03a9080d0c117,yes,no,0.5272855162620544,0,2
supply_chain_disclosure_best_practice_audits,embed_small_logreg,1,4,55,6434dbb7f593fcc55b97b67e6ab2b3bc4e6b0d9e0842c8fdbf3d79acd062e711,yes,yes,0.7148038744926453,0,2
supply_chain_disclosure_best_practice_audits,embed_small_logreg,1,0,56,2c5af191cf4c83284d0d480817f743f471028484b87e6533b0919f79d8be73da,yes,yes,0.5038306713104248,0,2
supply_chain_disclosure_best_practice_audits,embed_small_logreg,1,3,57,1a95135ede09d2e63bd6b4a843062ac4af61a3fd3b03ede6d720351b54846dc4,yes,yes,0.5313095450401306,1,1
supply_chain_disclosure_best_practice_audits,embed_small_logreg,1,1,58,1810bea0a08d73c32b1805b8831178ca0ab8528b2d0f8ac88247661a6e69f8e7,yes,no,0.5156562174661095,0,2
supply_chain_disclosure_best_practice_audits,embed_small_logreg,1,3,59,5a2d69bd4e38c3951efb30708a40e3f4a39f104d84721cbf8c545d5ebbf5a979,yes,no,0.5039817094802856,0,2
supply_chain_disclosure_best_practice_audits,embed_small_logreg,1,2,60,46835c7ca7f9d3ed9aac3bf85af18fe4658a5d4cecd054ad6219f1b379266b5a,yes,no,0.5060615539550781,0,2
supply_chain_disclosure_best_practice_audits,embed_small_logreg,1,0,61,19d22a3d9ae55ee79ad31bf1a33f28b73bf1af23a659ff9b50fd6a039c3c1015,yes,yes,0.5029723048210144,0,2
supply_chain_disclosure_best_practice_audits,embed_small_logreg,1,2,62,e0675a87b1557858af49db8846e7da2a54792cca0f4b6687547a06bc21752a64,yes,no,0.5483405753475599,0,2
supply_chain_disclosure_best_practice_audits,embed_small_logreg,1,4,63,88e18396e51fd530b25dbdba867dee981f99e3bc9ee3e4495b541d3afb24f860,yes,yes,0.5958778858184814,0,2
supply_chain_disclosure_best_practice_audits,embed_small_logreg,1,0,64,30c8b45d4999cf9de8c3c9318059611dc084dd5f81ec50a3ffefb4c434ea5d10,yes,yes,0.5054706931114197,0,2
supply_chain_disclosure_best_practice_audits,embed_small_logreg,1,1,65,bcc7c3c9238c4ca25a297bba82702f037934c89e424571ce800b424c2d72eb99,yes,yes,0.5274384021759033,0,2
supply_chain_disclosure_best_practice_audits,embed_small_logreg,1,0,66,d37dc7efcf545e24ea668accb8a8fc8c4b2d71c9a6b66829b6e7f5ad5887c55d,yes,yes,0.5122444033622742,1,1
supply_chain_disclosure_best_practice_audits,embed_small_logreg,1,1,67,1ff72a935e2581a73389e968b07a918171d3a71863f799670ce20e0422a77bc1,yes,no,0.5043849349021912,0,2
supply_chain_disclosure_best_practice_audits,embed_small_logreg,1,2,68,7c213e830f4b18be4e5435844ebc2482efb5672c7e559006f5c1c21d16cce21f,yes,no,0.5276551842689514,0,2
supply_chain_disclosure_best_practice_audits,embed_small_logreg,1,4,69,ca21f83512fd7ebfb00825a9d23131822aec5c635857f75025dae20d8e2aeab9,yes,yes,0.700764000415802,0,2
supply_chain_disclosure_best_practice_audits,embed_small_logreg,1,2,70,583603f2fa828ad5e7283f6a522153df983d96151dd424e878bb41f458ff420a,yes,yes,0.6179718375205994,1,1
supply_chain_disclosure_best_practice_audits,embed_small_logreg,1,0,71,68f670418f0909105c1cb8844772825fb4ba489c72634c139452928eca657515,yes,yes,0.5104374289512634,0,2
supply_chain_disclosure_best_practice_audits,embed_small_logreg,1,3,72,a1ee39468479a4129fcd404c7b033a1667904771c45acb07969e94a5c816f741,yes,yes,0.5167999863624573,0,2
supply_chain_disclosure_best_practice_audits,embed_small_logreg,1,1,73,1bbaf32745507e45914fe877698c77e2517b9dcb02e59aefb755e2cb05b3b6ce,yes,yes,0.5118021368980408,0,2
supply_chain_disclosure_best_practice_audits,embed_small_logreg,1,2,74,6441a25c7e9aacdd81cbb5eb9006df4554ef2b778c49f73b61cb1a87d1e664a7,yes,yes,0.6641826033592224,1,1
supply_chain_disclosure_best_practice_audits,embed_small_logreg,1,4,75,7effe61be9495286cb7aa152dfe4bb187087cfbbadfd5ae74615afccc94ca5a2,yes,yes,0.6069917678833008,0,2
supply_chain_disclosure_best_practice_audits,embed_small_logreg,1,0,76,55149e53ccbcecf5b2bec61a13a083d8c80ef7d940bce4e69759bd859b75cf27,yes,yes,0.5245266556739807,1,1
supply_chain_disclosure_best_practice_audits,embed_small_logreg,1,4,77,ee9e57c3f7c911b1fd365b5aaadb5a15128e352364d4bec56ec84467d3ff736a,yes,yes,0.6436400413513184,0,2
supply_chain_disclosure_best_practice_audits,embed_small_logreg,1,1,78,d7b7e1ac46290add16f23c8195170499df669318e8158462abe68741792c3fc7,yes,yes,0.5480400323867798,1,1
supply_chain_disclosure_best_practice_audits,embed_small_logreg,1,0,79,4319a82278965a186ff1f30c53989cec45e638b378eab1febcbeb65f23fabe9f,yes,yes,0.5020783543586731,0,2
supply_chain_disclosure_best_practice_audits,embed_small_logreg,1,3,80,15e57eb32f969fcd0a6f49e9976788796a20f6e9807cda15d025765d4a4c6250,yes,no,0.5171955227851868,0,2
supply_chain_disclosure_best_practice_audits,embed_small_logreg,1,4,81,f1e998799add05735d8e4ef8a7b0680c19790187dbe70fb785f32d106cac896b,yes,no,0.565729873351153,0,2
supply_chain_disclosure_best_practice_audits,embed_small_logreg,1,1,82,db23799cc5ac6832bc82fc3c56b81ffda2cf099b7bb8dfc04851c7cc978d3860,yes,yes,0.5443843007087708,1,1
supply_chain_disclosure_best_practice_audits,embed_small_logreg,1,4,83,2ebf21b254356e063ec495bc48e8b427c9cef0e023d6c440ab4695d670fac424,yes,yes,0.8839734196662903,1,1
supply_chain_disclosure_best_practice_audits,embed_small_logreg,1,4,84,f5f05ce191f8e498e77d5a82efe0cc9b7b0caca2cbd03855b4a3c04dd5326f82,yes,no,0.5285891136947538,0,2
supply_chain_disclosure_best_practice_audits,embed_small_logreg,1,4,85,235ce0ea6083794379941800918b143e04bd02e90f6ca0df77dc219a03def0fb,yes,no,0.6462177634239197,0,2
supply_chain_disclosure_best_practice_audits,embed_small_logreg,1,4,86,675f9e573acd9ee413ee4098ecee6e28c67fb1251f10e277dc5f8251151e9da2,yes,yes,0.5481783747673035,0,2
supply_chain_disclosure_best_practice_audits,embed_small_logreg,1,2,87,2ff95ae87bf0173ba35ce7803ee7e2b6c3e55da5408e2849e2db1bf6be370c1f,yes,yes,0.5060872435569763,0,2
supply_chain_disclosure_best_practice_audits,embed_small_logreg,1,2,88,c3c72b3814c06b5ae24ea5616a76e6e34d5e65a037e85d1de1b714979534a508,yes,no,0.5900474610910577,1,1
supply_chain_disclosure_best_practice_audits,embed_small_logreg,1,0,89,1abad7524e193958a5e4e30aeee808127f7d6f94b84907ba346c856b1352d506,yes,yes,0.5152019262313843,1,1
supply_chain_disclosure_best_practice_audits,embed_small_logreg,1,0,90,d226bbab5779ded49db4f0c92048f30f3308fbc33dddc21c3f553fe8f87fcbf8,yes,yes,0.5056168437004089,0,2
supply_chain_disclosure_best_practice_audits,embed_small_logreg,1,0,91,3b4741877764990637a1268063f65f78bb8e594eae6d2906fe8bcd9f4257c7ff,yes,yes,0.5026979446411133,0,2
supply_chain_disclosure_best_practice_audits,embed_small_logreg,1,2,92,3bd73a7cf410fc9b3e1ae11778d1f9a5e608ca828bdf80e624f9d0fe092636d8,yes,yes,0.5247082114219666,0,2
supply_chain_disclosure_best_practice_audits,embed_small_logreg,1,0,93,f8a69fcaa6995a987c838bf9355ef0f34e73d762cad7adb46499a4919cd21260,yes,no,0.5024164319038391,0,2
supply_chain_disclosure_best_practice_audits,embed_small_logreg,1,3,94,2bc816bdb532b4fc74face24637b167b5cd6b7a156ba66b8ecdecca78ddb7a5e,yes,yes,0.5114746689796448,0,2
supply_chain_disclosure_best_practice_audits,embed_small_logreg,1,2,95,ab4d67c424e351a53a77b8c8217460def7339c7690bda9807f188c277abf99df,yes,no,0.5320134162902832,0,2
supply_chain_disclosure_best_practice_audits,embed_small_logreg,1,0,96,5acad3a53814dc166c294d6012ee4d9876377e6c7dc9bcd4cb545aae89327aaa,yes,yes,0.5106521844863892,0,2
supply_chain_disclosure_best_practice_audits,embed_small_logreg,1,0,97,025abd17b4aa8cd2ca7b64367d0dae8246cac55217afb5378a32edc5cb032028,yes,no,0.5066502094268799,0,2
supply_chain_disclosure_best_practice_audits,embed_small_logreg,1,0,98,8009af26f9d7407e1ae55cfc4779b4b279c3d930f343295afcb1dabb6c4f5771,yes,yes,0.5041557550430298,0,2
supply_chain_disclosure_best_practice_audits,embed_small_logreg,1,0,99,20ffaa2b9dbb70e5796aaeb58543484710a8828de00250b6639f69c9e65bc92a,yes,no,0.5011875778790587,0,2
supply_chain_disclosure_best_practice_audits,embed_small_logreg,1,0,100,459bed595f402efcac27f2132f647c7bad0622691786e37af3b3902fe7ed6d30,yes,no,0.5045830161745255,0,2
supply_chain_disclosure_best_practice_audits,embed_small_logreg,1,3,101,031856afb140c703e4a301ce8e6393551af830f3c4945305e23735bdc5dc5e8d,yes,yes,0.5201219916343689,0,2
supply_chain_disclosure_best_practice_audits,embed_small_logreg,1,3,102,6be5c550eecd21d8130ce8d2534fda585336bbd469b636be126d1930496943ef,yes,yes,0.5172398090362549,0,2
supply_chain_disclosure_best_practice_audits,embed_small_logreg,1,2,103,cb1d66fe19e860b6174d574ad92b146dcfb31769b3f045c4268b796d39ace598,yes,yes,0.541843056678772,0,2
supply_chain_disclosure_best_practice_audits,embed_small_logreg,1,2,104,b8f56656615d580b345dadc70ccbde392c6aa9477d92ffd07eb5fd126fb52749,yes,no,0.5032311527958169,0,2
supply_chain_disclosure_best_practice_audits,embed_small_logreg,1,3,105,e1e9ff82d278af02d188aaab6558d189bc48fdbc54aed68d83ed47c4cbc0ff08,yes,yes,0.5320228934288025,1,1
supply_chain_disclosure_best_practice_audits,embed_small_logreg,1,4,106,5d2e2af1f56ad0b84e2849ad94c7f9b8502c7f564e8e9948112364d32f117415,yes,yes,0.7570511102676392,0,2
supply_chain_disclosure_best_practice_audits,embed_small_logreg,1,1,107,7c0433d913d5d9e83b1a7479c578dedbb65de78fd669dac303b240517f525ac7,yes,no,0.5021928548812866,0,2
supply_chain_disclosure_best_practice_audits,embed_small_logreg,1,3,108,487257cd89e1e218cee478fba0884b272dc42d42a47b82dd366d389a8b5db279,yes,no,0.5051968248247154,0,2
supply_chain_disclosure_best_practice_audits,embed_small_logreg,1,0,109,a65ed6ff518a4c68f06e526e47cb1116cb4661c3ed635c6780dd4806b5cde7bb,yes,yes,0.5020644664764404,0,2
supply_chain_disclosure_best_practice_audits,embed_small_logreg,1,0,110,6c8d0687947cec71e1a1cb8a1383c11e0adb47d0e54ea48aafdb5a03e950fee1,yes,no,0.500647783279419,0,2
supply_chain_disclosure_best_practice_audits,embed_small_logreg,1,1,111,642eb832cde6ce9f5b08d631301f2eeff3be1414e98cb19a29c1e9a2ba1c24c6,yes,yes,0.5224471688270569,0,2
supply_chain_disclosure_best_practice_audits,embed_small_logreg,1,0,112,375dbda1e8323ea8520c1f6256c9b927c68151c652c6b58105a00d1ab2271c9c,yes,yes,0.5078859925270081,0,2
supply_chain_disclosure_best_practice_audits,embed_small_logreg,1,0,113,b19887857cd233945689ec8336c60d2f73d70846421c657f0be1c6a92bbc7518,yes,no,0.5005044787971831,0,2
supply_chain_disclosure_best_practice_audits,embed_small_logreg,1,2,114,f0a3886cf3e1d2070dc523492943cfcd3e499d24b52fc793a0fb7725adfe16f2,yes,yes,0.5343171954154968,0,2
supply_chain_disclosure_best_practice_audits,embed_small_logreg,1,3,115,376f27182efb4c1fe0ce63cffb0beea5d342c2296eb0f8a9e57769b2078f92c6,yes,no,0.5094818472862244,0,2
supply_chain_disclosure_best_practice_audits,embed_small_logreg,1,4,116,672f49a21e2f43bf1d7affa3e679d9d23f2677e346077297c3ce8c69996abc9f,yes,yes,0.7860932946205139,1,1
supply_chain_disclosure_best_practice_audits,embed_small_logreg,1,2,117,e04a261511b639d13eff7977e3a3d96a624c24da4e20bcea440d03ce7e3ae68e,yes,yes,0.5541761517524719,1,1
supply_chain_disclosure_best_practice_audits,embed_small_logreg,1,3,118,c95024d3b100f9153f41395f2e5c661f54c684d7d8038f764a81c77987cd944c,yes,yes,0.5411002039909363,1,1
supply_chain_disclosure_best_practice_audits,embed_small_logreg,1,4,119,0c2fd8335e8a32cd836ad0fac339e53728d9dd1b1739ac86260707d4b7cf5102,yes,yes,0.7295444011688232,0,2
supply_chain_disclosure_best_practice_audits,embed_small_logreg,1,0,120,fc4c958267d1a005d1c9d5f0ac60c24f69650d1fbb89a618551194f3abb45a0a,yes,yes,0.506639838218689,0,2
supply_chain_disclosure_best_practice_audits,embed_small_logreg,1,1,121,0efe9e66d9baf00c14469130c1d532f4abeb43c7f893eae6a44dab6313d4fb74,yes,yes,0.5365035533905029,1,1
supply_chain_disclosure_best_practice_audits,embed_small_logreg,1,3,122,459a17fd7ed2fb62ccf60f909dab8f4e9f41f8f620571c720e0d6449b3243f1c,yes,no,0.5075619220733643,0,2
supply_chain_disclosure_best_practice_audits,embed_small_logreg,1,3,123,8c190cb913388a32b8ef0c5126e5c392d243b3583fd89923b21d8621b7f16f97,yes,no,0.5054478049278259,0,2
supply_chain_disclosure_best_practice_audits,embed_small_logreg,1,2,124,dece42af518250889be48080639ae862a6244394a9cfabf7ce7c4af677218640,yes,yes,0.5700990557670593,1,1
supply_chain_disclosure_best_practice_audits,embed_small_logreg,1,2,125,40b7a53af6c489016a3c39a0c23daaf2b4ff6197c2b53acaf1ee59067d17b38a,yes,no,0.5403061074109705,0,2
supply_chain_disclosure_best_practice_audits,embed_small_logreg,1,3,126,929891ba31548db1aa694753669e3c24a30e1788a99151d98b539c39011f0c6e,yes,no,0.5091591033088894,0,2
supply_chain_disclosure_best_practice_audits,embed_small_logreg,1,0,127,9ffb371008bdf3d9905cc135199ff19454aa55be24ff6556d8f180a5a82601c4,yes,yes,0.5138717293739319,1,1
supply_chain_disclosure_best_practice_audits,embed_small_logreg,1,1,128,4cbcd769a0f437d0d8cac94bce5b472c7304848c39ba945db73525d09dd92f29,yes,no,0.5061105338898142,0,2
supply_chain_disclosure_best_practice_audits,embed_small_logreg,1,2,129,28443bea33a9cfa2056f9e550d7afacc19053d096a108db12f87a2e90de7ad14,yes,no,0.5412750244140625,0,2
supply_chain_disclosure_best_practice_audits,embed_small_logreg,1,1,130,53b1a4e96ad74195e550599949adc135a68d11a2761b215e2d3c5f78fac20ff4,yes,no,0.5022212117248412,0,2
supply_chain_disclosure_best_practice_audits,embed_small_logreg,1,3,131,457aa4a03d6d45f3e6544e847d352d46186cccc1f81d8cb481bf644db7af99f3,yes,no,0.5105862617492676,0,2
supply_chain_disclosure_best_practice_audits,embed_small_logreg,1,4,132,b36c6cc2c4974c8c6877811a1a305dea8be3cb2d15bde1c0c9eb16c92139773f,yes,yes,0.7578288316726685,0,2
supply_chain_disclosure_best_practice_audits,embed_small_logreg,1,1,133,95a16109c1891d82eeafded1e727f6561d5e8c7475e3e4e26d3c11ca744c6547,yes,yes,0.500316858291626,0,2
supply_chain_disclosure_best_practice_audits,embed_small_logreg,1,2,134,921b410be7bc7b2de67384cb33f2212547c80d1e0d373fde36b9efa85af4bbd2,yes,yes,0.5072497129440308,0,2
supply_chain_disclosure_best_practice_audits,embed_small_logreg,1,3,135,4a3619506781d26fc853745317c36841d51d17c4453fa9792f2a6ec932c1b7f9,yes,yes,0.5624231100082397,1,1
supply_chain_disclosure_best_practice_audits,embed_small_logreg,1,3,136,30a167de20776b14c84cbc4a797def3569824661dd4a47f98a8e2cf261e55c03,yes,yes,0.5205573439598083,0,2
supply_chain_disclosure_best_practice_audits,embed_small_logreg,1,3,137,391ccdc3a1a0f1231bbac5db1ce4e442afa3f3d79dc8b4293b88f93209811a6d,yes,yes,0.5017462968826294,0,2
supply_chain_disclosure_best_practice_audits,embed_small_logreg,1,3,138,151ef6b81c9ba20818d173a6b34a499bd330ac8b55583759ebc444cb3e997ee9,yes,no,0.5128270387649536,0,2
supply_chain_disclosure_best_practice_audits,embed_small_logreg,1,1,139,00f788466575e92cb6cd9b6bece2b76116328a72f455bfbf1b31c1a61e42a48e,yes,no,0.5183003103226516,0,2
supply_chain_disclosure_best_practice_audits,embed_small_logreg,1,0,140,ef2c6382e5dc53301bd218ec96105515da4a8331f35b814e7a7f38ea085ce13f,yes,yes,0.5058053731918335,0,2
supply_chain_disclosure_best_practice_audits,embed_small_logreg,1,2,141,04288152a54520da15135a2da000a2cf47ca7108eb4ed77b37713dc7ead5834b,yes,no,0.5427356362342834,0,2
supply_chain_disclosure_best_practice_audits,embed_small_logreg,1,0,142,78781bf0a8697fd3f3409d0b8bd3967222d89b46f61f1ec355bda7d55721e5e4,yes,no,0.5003607123982694,0,2
supply_chain_disclosure_best_practice_audits,embed_small_logreg,1,3,143,3c7c5ae2aa151786ba4a73c291ce5e1a0a2b03a30c29cf3328495fb37d9aece7,yes,yes,0.5372570753097534,1,1
supply_chain_disclosure_best_practice_audits,embed_small_logreg,1,3,144,2509ba56d644ea014a3e0fa3d0d6874c3cd2c6a28788f805fd9c6758e313ab8f,yes,no,0.5018355995963693,0,2
supply_chain_disclosure_best_practice_audits,embed_small_logreg,1,4,145,01eca6a511ea344abc3cf6dee3b61342273cacd73fd16da7f8f69dbf49142d75,yes,yes,0.7042283415794373,0,2
supply_chain_disclosure_best_practice_audits,embed_small_logreg,1,1,146,a16e8a50ee6e37a4589de3344628e84d9c80280c3ba92ec3972f6b853cbf7c2e,yes,yes,0.5421201586723328,1,1
supply_chain_disclosure_best_practice_audits,embed_small_logreg,1,3,147,45bd51009e1e64c672134259f2b5ede08866a003283780b51c4818c318a172fc,yes,no,0.5019514411106276,0,2
supply_chain_disclosure_best_practice_audits,embed_small_logreg,1,4,148,9e1afd1f029efd031171df47a2ca39fb5420f30cd60b2fd9e1b0a8875cd25e49,yes,yes,0.7470319867134094,0,2
supply_chain_disclosure_best_practice_audits,embed_small_logreg,1,0,149,4b31ff48711f468ee6a1562ebc1e3389c382fd1c448638c0eda617de2469b754,yes,yes,0.5158495306968689,1,1
supply_chain_disclosure_best_practice_audits,embed_small_logreg,1,0,150,0d783ce52643a830262a183e1f3340dfa5e11782478d1c01ad53d0076c4c73d4,yes,yes,0.5073741674423218,0,2
supply_chain_disclosure_best_practice_audits,embed_small_logreg,1,3,151,baace2e4253ecc8d61872f3b64835bb002f2a49a97e7d4c31adc7b078bc0a85f,yes,yes,0.5126263499259949,0,2
supply_chain_disclosure_best_practice_audits,embed_small_logreg,1,0,152,396d5edabfc1cc0317011328bc857e25c1640c119ce86f4b99f02862697e7df8,yes,no,0.5062620488923177,0,2
supply_chain_disclosure_best_practice_audits,embed_small_logreg,1,2,153,0c532687e912f2d64ff38f5eed8a18b3179c544a30dd454a0e4adc0617bafbef,yes,yes,0.5447832942008972,0,2
supply_chain_disclosure_best_practice_audits,embed_small_logreg,1,0,154,607ecb634c0681303ee57bf7366b51214e7db74d4d4c0675d3806628cffdbffb,yes,yes,0.5106635689735413,0,2
supply_chain_disclosure_best_practice_audits,embed_small_logreg,1,3,155,14759c3262b6131be28f172314d3243dbc099f7cb099c03a4e85397e876c8b56,yes,yes,0.5105404853820801,0,2
supply_chain_disclosure_best_practice_audits,embed_small_logreg,1,3,156,32260ecf26035d5e5df015a53c55c1fa3414a446aee4f3709c38ccf58df0ca66,yes,yes,0.5135442018508911,0,2
supply_chain_disclosure_best_practice_audits,embed_small_logreg,1,4,157,5ae1b1df5103d563678ef0e3bd377743146e4315d7a2bf0c895ece3a203e57a5,yes,no,0.790142834186554,1,1
supply_chain_disclosure_best_practice_audits,embed_small_logreg,1,2,158,5d1fc63f4139faae3bfe28443da26e285c4bb8f1d308b6ff4b7b1b75cc2c1e80,yes,no,0.5117231607437134,0,2
supply_chain_disclosure_best_practice_audits,embed_small_logreg,1,0,159,39e33483b6daed03fd99c05cd1c125e6b18f5af6c51ec943acdeaa4b1ee84166,yes,no,0.5003278106353339,0,2
supply_chain_disclosure_best_practice_audits,embed_small_logreg,1,2,160,3daa8ec03c0ed46a2b9f72cbb4723307035f5c52b6f89d28317e2a6b303d6247,yes,no,0.6487002968788147,1,1
supply_chain_disclosure_best_practice_audits,embed_small_logreg,1,3,161,0c82ffaee114b837e9f974f4e80361b373b8c00d329a258aa8a80fb9b1f4e398,yes,yes,0.5269836783409119,1,1
supply_chain_disclosure_best_practice_audits,embed_small_logreg,1,1,162,07c6e827cc6c23cd27132b4c99cdd5e4258ea66c0b532d59b29055c8e5cedc14,yes,yes,0.5003217458724976,0,2
supply_chain_disclosure_best_practice_audits,embed_small_logreg,1,4,163,575b6c919a2ada10f464c7b46bc2b934726e9c993c82384121938de3ec6d3259,yes,yes,0.670692503452301,0,2
supply_chain_disclosure_best_practice_audits,embed_small_logreg,1,1,164,21bfadb1e773c7ba5a13997f0fb26b6975502bebe37fe323b42580c521a1600f,yes,yes,0.5550895929336548,1,1
supply_chain_disclosure_best_practice_audits,embed_small_logreg,1,3,165,562ebd404575617d0f8d7b9efb34742cf5ddd488563c2500c9aec2ca6c214663,yes,yes,0.5185796022415161,0,2
supply_chain_disclosure_best_practice_audits,embed_small_logreg,1,4,166,78456786d204455184c362ece71adf15b8e1a55b2b2e857ebb83507e9881cb4e,yes,yes,0.6455532908439636,0,2
supply_chain_disclosure_best_practice_audits,embed_small_logreg,1,3,167,6ea4297c021e920636315a3b8cd9f75283c91cc9053cccc8f74a085fac3ff9e6,yes,yes,0.5034308433532715,0,2
supply_chain_disclosure_best_practice_audits,embed_small_logreg,1,2,168,d7246cb68425a99318147f0f1fe2dcbb042807eb08603cbe9904847610a446e0,yes,yes,0.5432649850845337,0,2
supply_chain_disclosure_best_practice_audits,embed_small_logreg,1,1,169,f8401a13ab0b03ea07669144d0d263b35b0c21e834a4da3c577de48bdf482495,yes,yes,0.5100937485694885,0,2
supply_chain_disclosure_best_practice_audits,embed_small_logreg,1,1,170,a4e29359bcaec8e1536b48faecaba98004ae3f5854c7402ba7740252b24e59ec,yes,yes,0.5418234467506409,1,1
supply_chain_disclosure_best_practice_audits,embed_small_logreg,1,1,171,61bcec93f20473c4dd8792a0590cd52ebb4e73b93cce84104e1821b66585ae36,yes,no,0.517014280468651,0,2
supply_chain_disclosure_best_practice_audits,embed_small_logreg,1,2,172,051d82ea698c7defeb37ae5b11301eca98346930ddd52562f9aea2bbac1b413d,yes,yes,0.5585896372795105,1,1
supply_chain_disclosure_best_practice_audits,embed_small_logreg,1,3,173,ef497929adb29de6160875c9594ed91f6ec6548653bca2492ebcd49f7324e9b1,yes,yes,0.5018351078033447,0,2
supply_chain_disclosure_best_practice_audits,embed_small_logreg,1,4,174,93bb3e29ce9e7036bd4c6725e22905194dfbb28fbe4e38678c89b9588ae43da4,yes,no,0.8505327448090093,1,1
supply_chain_disclosure_best_practice_audits,embed_small_logreg,1,2,175,dd5ea83860728cd69a48d8ee326e7998b3e4d597bd167390eff08fab3423660d,yes,yes,0.5204459428787231,0,2
supply_chain_disclosure_best_practice_audits,embed_small_logreg,1,2,176,acf95ae6504008b3675b5a6e1d34dcf3e2ae5a31a2c52ab178689b08b1e52318,yes,yes,0.5179976224899292,0,2
supply_chain_disclosure_best_practice_audits,embed_small_logreg,1,2,177,feb00174787409b226e12959e1eec4d9c76105dcc553753d24bfa85b06fa13a8,yes,yes,0.559973418712616,1,1
supply_chain_disclosure_best_practice_audits,embed_small_logreg,1,2,178,4e157c907f1a39c4736c42962bdcd0647aba4fc2d56996b1a7d865e6fed2b387,yes,yes,0.6292579770088196,1,1
supply_chain_disclosure_best_practice_audits,embed_small_logreg,1,1,179,b01aaacbff761f1d09ba1fd4477b90c6e5723fbf33f70d4a6c4092180818be85,yes,yes,0.5125043988227844,0,2
supply_chain_disclosure_best_practice_audits,embed_small_logreg,1,1,180,21caaa5906e5a0b027392e17755bdb5e69f2fbeeab9457431ce75f2563ed54f7,yes,yes,0.5091667771339417,0,2
supply_chain_disclosure_best_practice_audits,embed_small_logreg,1,3,181,596504be5142fc5222baf19af3a06f62e1c31bdf6053136081a7aa8300a515c0,yes,no,0.5291429162025452,1,1
supply_chain_disclosure_best_practice_audits,embed_small_logreg,1,1,182,b0825404cd40d6659e58b65251fa3700b8ca36acce0c7e74e5ec60d73f009c2b,yes,yes,0.5166060328483582,0,2
supply_chain_disclosure_best_practice_audits,embed_small_logreg,1,4,183,2c330a1ba17f5fd6fcbe0c35d683859c0e61aae4aad2422c88ecae48ec2fb137,yes,yes,0.5195100903511047,0,2
supply_chain_disclosure_best_practice_audits,embed_small_logreg,1,3,184,1531fdb46dfdd8cefa201ef9546bdc219dc7ec61de3612565a5a597833bca11c,yes,yes,0.5156580805778503,0,2
supply_chain_disclosure_best_practice_audits,embed_small_logreg,1,4,185,ed5516e94ba0f9873e91a7c51a694a4b275288be9b383d487d2c473eec82d333,yes,yes,0.7117571830749512,0,2
supply_chain_disclosure_best_practice_audits,embed_small_logreg,1,4,186,d03e6766a02ffc8423ba39940ce8a69fd03ea5e93edfb327af258dabd75c9e5e,yes,no,0.5220663547515869,0,2
supply_chain_disclosure_best_practice_audits,embed_small_logreg,1,0,187,8a81109a73b838cbc58d4bf69f51eb6f1dee99da7818cde561d4cc9350058f7c,yes,yes,0.5058688521385193,0,2
supply_chain_disclosure_best_practice_audits,embed_small_logreg,1,0,188,ad8df74a5604a274f191b30942519d471ef007f2cb2afc12ca66cd73490f140b,yes,yes,0.5064979791641235,0,2
supply_chain_disclosure_best_practice_audits,embed_small_logreg,1,1,189,3236cea34e746c2854726aafd2b42f4c763e91efd983f92bd5d46b37934ce701,yes,yes,0.5013567209243774,0,2
supply_chain_disclosure_best_practice_audits,embed_small_logreg,1,4,190,244d7fc55eab9fe22ac8639ef434c9d3948c9bedb7453b1980ec8f1229bb2c68,yes,yes,0.5323145985603333,0,2
supply_chain_disclosure_best_practice_audits,embed_small_logreg,1,1,191,5b777db784a0ad2ff2f63cd6ac341cec919f6db8e66c1a7c8afcca4bda0856f1,yes,yes,0.5054007172584534,0,2
supply_chain_disclosure_best_practice_audits,embed_small_logreg,1,2,192,a536c2e629791ea99d535deb51d04d6950ca7e778e2b8fabd5107530ecf3b63d,yes,yes,0.6266162395477295,1,1
supply_chain_disclosure_best_practice_audits,embed_small_logreg,1,3,193,c1782493d0a641f2d98c277b11023e4adb7fa2fc203ee4dac76fa3dd572915e8,yes,yes,0.518490195274353,0,2
supply_chain_disclosure_best_practice_audits,embed_small_logreg,1,2,194,c7792639dfd396f47fe6f339c6da513ede7315959767ab9dafb88309769dbab6,yes,yes,0.5001153945922852,0,2
supply_chain_disclosure_best_practice_audits,embed_small_logreg,1,1,195,ae215269eaa9afcae52c3c7fad43d01a78c9e122205651439d9bf2e5671676af,yes,yes,0.500727117061615,0,2
supply_chain_disclosure_best_practice_audits,embed_small_logreg,1,4,196,30079533bf5c7357cd70f9cf1cbc13700f5c3e515d3c5ebbe55c0943cb3cd3d3,yes,yes,0.7465744614601135,0,2
supply_chain_disclosure_best_practice_audits,embed_small_logreg,1,2,197,ef8843ad04ca905381cc9dc85e84a4c4e9c5a2861f05e5fce9fa5066e7f7876d,yes,no,0.512274980545044,0,2
supply_chain_disclosure_best_practice_audits,embed_small_logreg,1,0,198,7c18061590aa800422b5635e324664e2dc3382d93bdd896d73512fd499719d54,yes,yes,0.5125251412391663,1,1
supply_chain_disclosure_best_practice_audits,embed_small_logreg,1,3,199,56c25d4eb4588f13327a6b3f6d1bf423858c24d3e72ca640819f1aff6fffb588,yes,no,0.5096341219653451,0,2
supply_chain_disclosure_best_practice_audits,embed_small_logreg,1,0,200,37fb8de488cb40c4b049e28e90cefa770eb07d1059f2e68c706d35d39deaf7a6,yes,no,0.5037963240207337,0,2
supply_chain_disclosure_best_practice_audits,embed_small_logreg,1,2,201,d6943bae94c68dbe413f37141c963ec0da0f265c3d6cd601971199d07c838bcf,yes,no,0.5208249092102051,0,2
supply_chain_disclosure_best_practice_audits,embed_small_logreg,1,4,202,738411246babffb6b853c81c2ab34295e5db281b7e730293ed8d1ad31e1d30cb,yes,yes,0.6884053945541382,0,2
supply_chain_disclosure_best_practice_audits,embed_small_logreg,1,2,203,4d4c98bf199646728c2a7b80140d0f8bfa90311619ddd101e7e81d8da51eba3f,yes,no,0.5213706648758252,0,2
supply_chain_disclosure_best_practice_audits,embed_small_logreg,1,4,204,3887f474ec6dfe32935833b72b870ee0ee25207e9c2d7cad91f1d4792356e278,yes,no,0.6495568945871858,0,2
supply_chain_disclosure_best_practice_audits,embed_small_logreg,1,4,205,5183361573f996b8425904aba330bdb33a14f3a40e5a13d71f8a4dfa32ee601c,yes,yes,0.7010555863380432,0,2
supply_chain_disclosure_best_practice_audits,embed_small_logreg,1,0,206,b7fef818a202c62579781f6a16fdc3fbe95b7014de4c7fc7c0bfd72085b49111,yes,yes,0.5018858313560486,0,2
supply_chain_disclosure_best_practice_audits,embed_small_logreg,1,2,207,7f71163235d108c9e78fa664d5bef08dabfa91cfbbdcd9f3d08391db22af380a,yes,yes,0.5221232175827026,0,2
supply_chain_disclosure_best_practice_audits,embed_small_logreg,1,4,208,5695147a701cc755d386897ef3916ae914a81943569ef4fe344ca24a43d906ee,yes,yes,0.7738860249519348,1,1
supply_chain_disclosure_best_practice_audits,embed_small_logreg,1,1,209,b18c36bddd3d7b476ce5b9e82b759a1230ce387c9ef91dd060c50f7a7fb551f5,yes,no,0.5012543797492981,0,2
supply_chain_disclosure_best_practice_audits,embed_small_logreg,1,0,210,0a76fce024d1ded8f815f5aeddfd0f478fe16661931e2f3658f76bca65572613,yes,yes,0.5052251219749451,0,2
supply_chain_disclosure_best_practice_audits,embed_small_logreg,1,2,211,b5f480ca28f49024bd818f6af65275cc36a6022530a28fa2648ddb7da3f86839,yes,no,0.5030919909477234,0,2
supply_chain_disclosure_best_practice_audits,embed_small_logreg,1,4,212,255fd01e686472de43e42c9c117018713274490a02b2df34c1bc9ea698083b88,yes,yes,0.5780889987945557,0,2
supply_chain_disclosure_best_practice_audits,embed_small_logreg,1,3,213,c1b7a9f6e0096a280a7cff21a3d2d2a788fda487fb4778bff25572d53d220dd8,yes,no,0.5147804175251847,0,2
supply_chain_disclosure_best_practice_audits,embed_small_logreg,1,0,214,8e4caa63c82cc004c6a03ff6278f68d26b0d6195e385e25392f38000f093728e,yes,no,0.5066380349803556,0,2
supply_chain_disclosure_best_practice_audits,embed_small_logreg,1,3,215,5246f2f270d78e6a7ee150dfeb414ed591d6d868246b224415d78f8dcb33c791,yes,yes,0.5221120119094849,1,1
supply_chain_disclosure_best_practice_audits,embed_small_logreg,1,2,216,dc87f2b33f12048f543e0a8cc1526f23fe4e72f15a6f2f1decf2a602f0eadf1b,yes,yes,0.6081697940826416,1,1
supply_chain_disclosure_best_practice_audits,embed_small_logreg,1,1,217,3045163bc73fcda0d5d8a7800ea68f83f22b0d7e71099dbf8bf7030daca5c21a,yes,yes,0.5028364658355713,0,2
supply_chain_disclosure_best_practice_audits,embed_small_logreg,1,4,218,4c7d5ee51cc7b5700e6104e6c501ce5b41ed859fcf48fdb1057af364fba88a8e,yes,no,0.7348207016342669,0,2
supply_chain_disclosure_best_practice_audits,embed_small_logreg,1,1,219,bd4c1f1cf2fc2181caa3f8384bb1b4d9195039f6a32c4609aa60fff706567b74,yes,yes,0.5140436887741089,0,2
supply_chain_disclosure_best_practice_audits,embed_small_logreg,1,2,220,77ad10e7c8d412c275543817ff3fbae1b314666dc24e6b51452fee9982cb31ec,yes,yes,0.5168428421020508,0,2
supply_chain_disclosure_best_practice_audits,embed_small_logreg,1,4,221,be62d87c4255e3586bdf7df9901d04563f034fa4e1c974936be58d86bae1221c,yes,yes,0.6360145807266235,0,2
supply_chain_disclosure_best_practice_audits,embed_small_logreg,1,1,222,c28332da856f34b6a44fb9b64740e960ec60cbce5cfb5a4d5a7697e4796c9b42,yes,yes,0.5549590587615967,1,1
supply_chain_disclosure_best_practice_audits,embed_small_logreg,1,1,223,f5a6277f734ce623abb70561bc333f40c516432889b7170fe537795f0b0d1dfe,yes,yes,0.5365375280380249,1,1
supply_chain_disclosure_best_practice_audits,embed_small_logreg,1,1,224,c40939ccc68ff214deef38f965d504bec913cb7a2f3c74d2ece1a45866e275d9,yes,no,0.5184051394462585,0,2
supply_chain_disclosure_best_practice_audits,embed_small_logreg,1,3,225,829a910f071a32bcafaaa8663dbdf625ce4b5548e0b6c349d0dc9ac3703a1122,yes,no,0.5317619880508784,1,1
supply_chain_disclosure_best_practice_audits,embed_small_logreg,1,4,226,f1638844a53628837ad5d89cfcdeecc0f5bb34cfc57eb62570e26ff4a1cf62da,yes,yes,0.6225123405456543,0,2
supply_chain_disclosure_best_practice_audits,embed_small_logreg,1,2,227,902f081f4eba26153cd2c7c4a497205b912767790306d278827259370ff02e5a,yes,yes,0.52528315782547,0,2
supply_chain_disclosure_best_practice_audits,embed_small_logreg,1,3,228,ca1da196f15bf1f779e22e5e1a695d8b7a71804e15e2d5e7feff77800f931548,yes,yes,0.5396533608436584,1,1
supply_chain_disclosure_best_practice_audits,embed_small_logreg,1,0,229,5f6bc442d00e4fa861670fafbb8a27c94547c1508938c9d29e3d899bfc2ba60c,yes,yes,0.5063597559928894,0,2
supply_chain_disclosure_best_practice_audits,embed_small_logreg,1,1,230,f2c4a70d75d38bdb8ddcf24ce6b3bbc1270aa929b58238973c10a2f20dcf0d75,yes,yes,0.5246289372444153,0,2
supply_chain_disclosure_best_practice_audits,embed_small_logreg,1,4,231,8bf9eb09cc0e8fd59010ab76b7c69b9e1e43c539995dc000c6861a83b2d81707,yes,no,0.556402862071991,0,2
supply_chain_disclosure_best_practice_audits,embed_small_logreg,1,0,232,f7cf08b6965795f5c7d3d054023aac6ccdeabdb48f991c84e2931966f6ad041d,yes,no,0.5031781792640686,0,2
supply_chain_disclosure_best_practice_audits,embed_small_logreg,1,0,233,1c7fa227e0dc0b3f0683ec2411f95409c3417c9b96f8516a9f76bb71971c3978,yes,no,0.5051920413970947,0,2
supply_chain_disclosure_best_practice_audits,embed_small_logreg,1,4,234,5f24817add32407e6acc884463b789a68919be44f960ad31c19f73970ec67edd,yes,no,0.7466188073158264,0,2
supply_chain_disclosure_best_practice_audits,embed_small_logreg,1,4,235,f3669d8939961578a7f23f5801a8f8915334ee6e2197feeaffc15c7042fe0c20,yes,yes,0.7695454359054565,1,1
supply_chain_disclosure_best_practice_audits,embed_small_logreg,1,1,236,06c17d0d305d5233112fb0bca036055b06f839ff3e6eef40071ed1a3802d4a7e,yes,yes,0.5159846544265747,0,2
supply_chain_disclosure_best_practice_audits,embed_small_logreg,1,2,237,f3e83ec97ee5386134f54fd9a9f7c19f68cc121dc9f6f5ba2618dfcd1c4b3b66,yes,yes,0.5061556100845337,0,2
supply_chain_disclosure_best_practice_audits,embed_small_logreg,1,2,238,f894ff8baed215fe478a03c4f70e0ae70f1dee90d635e8bf521bcf7c2c5d5d8c,yes,yes,0.5716107487678528,1,1
supply_chain_disclosure_best_practice_audits,embed_small_logreg,1,2,239,0959b643a8baf490de768c9a042a1cff4f7ba07e8c3a35f1d3c88073b5c659bb,yes,yes,0.5100573897361755,0,2
supply_chain_disclosure_best_practice_audits,embed_small_logreg,1,4,240,c603ec107332b17d63d9c056e5827a42faf80cee9ecf616f78b74d7b26aca002,yes,yes,0.8160961270332336,1,1
supply_chain_disclosure_best_practice_audits,embed_small_logreg,1,1,241,cff6dc284e486a2f018540356c568bd866b086fd09ab993a34321b8282b62dff,yes,no,0.5096588134765625,0,2
supply_chain_disclosure_best_practice_audits,embed_small_logreg,1,3,242,f1ffa5b7ab4faafc9099101fbcac382df8a721f39c48a1fb4eff0f8263e12ddd,yes,yes,0.5128740072250366,0,2
supply_chain_disclosure_best_practice_audits,embed_small_logreg,1,2,243,7358882b282e44427d46aa23e131b40ce9cb810d4046b9b5b1b29019a7bafd97,yes,yes,0.5314419865608215,0,2
supply_chain_disclosure_best_practice_audits,embed_small_logreg,1,0,244,39716913d74b739a4abccba43e643a747078c53268d60308a0981129848fe379,yes,yes,0.503755509853363,0,2
supply_chain_disclosure_best_practice_audits,embed_small_logreg,1,0,245,aacaba1b480efdbb8a8d7f064c31e6c8bb5d15a859dde769c4e38d8f39544726,yes,yes,0.5163589119911194,1,1
supply_chain_disclosure_best_practice_audits,embed_small_logreg,1,1,246,625e4fb7cc51b77995b363889fc63bbadb80c2bc91fb2880c1018ab4741d3b7c,yes,yes,0.5223583579063416,0,2
supply_chain_disclosure_best_practice_audits,embed_small_logreg,1,2,247,cadb995cb17c99a0479f83cf2c9ef1624ee2362bfba9690abd6fcc060800c76a,yes,yes,0.5921723246574402,1,1
supply_chain_disclosure_best_practice_audits,embed_small_logreg,1,1,248,ab606b741090016f818eb0cb7e260b416330418b8003a89245993e73bf8630d0,yes,yes,0.5553456544876099,1,1
supply_chain_disclosure_best_practice_audits,embed_small_logreg,1,0,249,cc0bd56a8fa41797d21f3f767f99f08c0d47e85478b58e4221224373d2c04763,yes,yes,0.5041729807853699,0,2
supply_chain_disclosure_best_practice_audits,embed_small_logreg,1,0,250,1294ab0087ad5087a538686b745d3e7db23d18cc7f4f6f530cc80e2ac5f4db00,yes,yes,0.5082728862762451,0,2
supply_chain_disclosure_best_practice_audits,embed_small_logreg,1,4,251,94afabafc1a2e279104f1d46c17a267d3986bec668852ff48007a09bf59540ad,yes,yes,0.6938733458518982,0,2
supply_chain_disclosure_best_practice_audits,embed_small_logreg,1,4,252,6132d8d18112fa7d61ba37ff4d62b1c1c54f81b63eb04af24889c178eac1b7f5,yes,yes,0.6311036348342896,0,2
supply_chain_disclosure_best_practice_audits,embed_small_logreg,1,0,253,8c27ca919f3a1c88913da54bb4a77bba34322faffaf8e221698a9d377dbe8c52,yes,no,0.5115517530307696,1,1
supply_chain_disclosure_best_practice_audits,embed_small_logreg,1,4,254,13a1d68844cb18a366fbe726bce7132ea31a4fbed461a3d8e40fe9c27604ab0c,yes,yes,0.5911346077919006,0,2
supply_chain_disclosure_best_practice_audits,embed_small_logreg,1,4,255,96815958503862c65f14b779ce716b39e74afb0aac85ec7b03e85152838e44b0,yes,no,0.6411494612693787,0,2
supply_chain_disclosure_best_practice_audits,embed_small_logreg,1,2,256,73eed2cd61ac0ea6ae32683a83e2b0e5738d28779452c6ed7cb6f7eadd0e2261,yes,yes,0.5169854164123535,0,2
supply_chain_disclosure_best_practice_audits,embed_small_logreg,1,0,257,373083f104edd5a192773c0a179c9788a933c15a1571ba09d81e8033116bf6c4,yes,yes,0.503409743309021,0,2
supply_chain_disclosure_best_practice_audits,embed_small_logreg,1,4,258,eade8098bb75f44ddc8f9427c116b373a4abfcf40e4dcf8e2774b900155008a0,yes,yes,0.696743905544281,0,2
supply_chain_disclosure_best_practice_audits,embed_small_logreg,1,1,259,013f12d740fc3d68af91928317abf93d62dd424d19d1137d161e2693551f67e3,yes,yes,0.5026217699050903,0,2
supply_chain_disclosure_best_practice_audits,embed_small_logreg,1,4,260,bf3486f95c637ed4c0f6e7987cd08241cbaa680a7e6a37850cb43d0042e06cad,no,no,0.7258925221594417,0,2
supply_chain_disclosure_best_practice_audits,embed_small_logreg,1,0,261,17b7c487cc98c7e8e49c1c50b503ac7d38f2734055411ae4ae7b698cb622add3,no,no,0.5115703191885257,1,1
supply_chain_disclosure_best_practice_audits,embed_small_logreg,1,0,262,8af0b9f5fd790626bb4db3c123e1eb46e4ce609c0a22a6c74820808d33d2e351,no,no,0.5075137766454749,0,2
supply_chain_disclosure_best_practice_audits,embed_small_logreg,1,1,263,4711f4cfb8352d9bee2590efd786b65a53292b22ea7e088a282787c6669af84d,no,no,0.524626954656036,0,2
supply_chain_disclosure_best_practice_audits,embed_small_logreg,1,0,264,6280d5d3a4a66af42f0a860a6e1bef945aaac4cd6695915cab72224d2110b691,no,no,0.5111986246347837,0,2
supply_chain_disclosure_best_practice_audits,embed_small_logreg,1,2,265,168f343929f3968913069fd4fe3ea2090bcc1a567ad31fa5d6834c9d9d8ee1d5,no,yes,0.5368280410766602,0,2
supply_chain_disclosure_best_practice_audits,embed_small_logreg,1,2,266,71386be1f3486406f1a3cf5dfee5e266834f063cbf2bfb914213afe0d7458bb1,no,yes,0.5310026407241821,0,2
supply_chain_disclosure_best_practice_audits,embed_small_logreg,1,3,267,00768c68746cc07a0855f2e858ea0b79d89c52616ea96f63e3b7d7113ad78409,no,yes,0.5272509455680847,1,1
supply_chain_disclosure_best_practice_audits,embed_small_logreg,1,4,268,73be09f2cbe8d3723f914f0901b9b1199c1c4b1c8cf68937bada35a3da53af17,no,yes,0.6270325183868408,0,2
supply_chain_disclosure_best_practice_audits,embed_small_logreg,1,0,269,96700d3c63698f7fc8d4ea778f120a3d46929a5734a3c86cfa59d7a160ef608e,no,yes,0.5003520250320435,0,2
supply_chain_disclosure_best_practice_audits,embed_small_logreg,1,1,270,b11583189d07bb6c3452ea92f85ffc89db81f8f0bb7f000a3d4b4d62e7eec5c0,no,yes,0.5156444907188416,0,2
supply_chain_disclosure_best_practice_audits,embed_small_logreg,1,2,271,2c33b85eaa7cbe07fb355c5e6f1156c2063261897778d650af9ba90bc60754c2,no,no,0.5359401543158246,0,2
supply_chain_disclosure_best_practice_audits,embed_small_logreg,1,2,272,203ed0f85c23f811b2013c75119ab4107bb94611678786bf334e168d337dfd91,no,no,0.5306044975103288,0,2
supply_chain_disclosure_best_practice_audits,embed_small_logreg,1,1,273,29f5a73f0eb2112c2e8648ba539c6e8540af14f4e9972e5f4dc3409460c124a7,no,yes,0.5353456139564514,1,1
supply_chain_disclosure_best_practice_audits,embed_small_logreg,1,4,274,529fbe231a56762bee94fca3a926dfbe380e1a1a4899d3eee0104c0f6d69fd90,no,yes,0.7024180293083191,0,2
supply_chain_disclosure_best_practice_audits,embed_small_logreg,1,2,275,c4a4dd3902ba1e7f9bd8aec6700ede838bef8b038357041988488f41c58fd818,no,no,0.5104969892053899,0,2
supply_chain_disclosure_best_practice_audits,embed_small_logreg,1,1,276,072d2e8050c2b36c8c5ff2c7aff95b88f8fd6cccc76368e10be132a17e092b7d,no,yes,0.5423200726509094,1,1
supply_chain_disclosure_best_practice_audits,embed_small_logreg,1,4,277,a86f11debb6ead7654a11b993c384f748c0211f80d9cf6ec15379718865bb14b,no,yes,0.7545096278190613,0,2
supply_chain_disclosure_best_practice_audits,embed_small_logreg,1,1,278,dec95cde6289a27cf2fa4c129a8fe002cd9efe24fe0c76194cd80b81d4d25646,no,no,0.5017181784426623,0,2
supply_chain_disclosure_best_practice_audits,embed_small_logreg,1,1,279,278a88f973ea6da6e167d46d0b191eee85edd560cf58a096d19bf9f0385f078f,no,yes,0.5198343396186829,0,2
supply_chain_disclosure_best_practice_audits,embed_small_logreg,1,0,280,9f9d1126a707de4b474cf7e0fc08299ad856bdb4a0bfe68914a374466df2ba79,no,no,0.503347143431093,0,2
supply_chain_disclosure_best_practice_audits,embed_small_logreg,1,1,281,49e44d01a8d96ebc8362b1012e8fe169fc8ba19015002d2415f18d38e34e543f,no,no,0.5186575055122375,0,2
supply_chain_disclosure_best_practice_audits,embed_small_logreg,1,3,282,7aff74a42e71a0efa775083fed4b831acd81e1c7a72ea3ab95fa0010cbd1b047,no,yes,0.5091333985328674,0,2
supply_chain_disclosure_best_practice_audits,embed_small_logreg,1,0,283,c0e1213a6c7f271618273d37e7c4d80e49f79f3cb5a1276394122a181df3af93,no,yes,0.5032251477241516,0,2
supply_chain_disclosure_best_practice_audits,embed_small_logreg,1,3,284,162326a6ce5c56ccf790f70cb837962b40b3bc3287e736e1be05be79c4e6bce9,no,yes,0.5082074403762817,0,2
supply_chain_disclosure_best_practice_audits,embed_small_logreg,1,3,285,446398bfee4175c67b2956599c14af90b0edd482e1dce8163481a203948007dd,no,no,0.5167912244796753,0,2
supply_chain_disclosure_best_practice_audits,embed_small_logreg,1,4,286,ba33f9b515db096d9ae8836a3b69ce9148b85a2f3bd641c7a5fcba3f6b073736,no,no,0.6136506978765338,0,2
supply_chain_disclosure_best_practice_audits,embed_small_logreg,1,0,287,0b218c20d44772c56168aad84ee04aa59a41e91c16b8af3ec7318f2db50abac9,no,yes,0.5029273629188538,0,2
supply_chain_disclosure_best_practice_audits,embed_small_logreg,1,4,288,a6098775d1f58c7495bade73c71a163bda773200d559daf386859c20452c9497,no,yes,0.5892794132232666,0,2
supply_chain_disclosure_best_practice_audits,embed_small_logreg,1,0,289,0bb83f5175555cfaa916ed3929534af9f11e955ce4ff57612f69713e94993937,no,no,0.5052368640899658,0,2
supply_chain_disclosure_best_practice_audits,embed_small_logreg,1,3,290,389a4e760129e6e54975f074004e2fec1753d42f1e48343f1b10d47d6fcac37e,no,yes,0.5086070895195007,0,2
supply_chain_disclosure_best_practice_audits,embed_small_logreg,1,3,291,d57214d0e9a179e422fbe3b51666f953ceda30db4a7ce444e66f35c2904d4c84,no,yes,0.5193966627120972,0,2
supply_chain_disclosure_best_practice_audits,embed_small_logreg,1,0,292,4f3067260931b33e6f0dcd9414705fb435db8f6aac3bf072fcf443d96f77932c,no,yes,0.5131464600563049,1,1
supply_chain_disclosure_best_practice_audits,embed_small_logreg,1,4,293,143076a0b6c3b4b2c37750896a92e809870b097c81c38be1d50dce2c008d9eb2,no,no,0.660699983260035,0,2
supply_chain_disclosure_best_practice_audits,embed_small_logreg,1,4,294,3bce2b75988d047a0d7a0deea7d519effb6c58310ec68cc20fa6cce9c3b54f1b,no,no,0.8363464003256917,1,1
supply_chain_disclosure_best_practice_audits,embed_small_logreg,1,3,295,5ba25ab1ef701ffb4ef46c65dacf4c7fff4bf56cb6c3b355c39768b828753eb2,no,no,0.509529605791855,0,2
supply_chain_disclosure_best_practice_audits,embed_small_logreg,1,0,296,c09af0b827ba4837bfe03f4efcc035c576b40c281b86c6d5cf4d9a9452124fe4,no,no,0.5062762347973515,0,2
supply_chain_disclosure_best_practice_audits,embed_small_logreg,1,4,297,d318eaf94df22e65541a2d801bf35239ef508dd99ccf9a378d2f01328b1b29f8,no,yes,0.8607829809188843,1,1
supply_chain_disclosure_best_practice_audits,embed_small_logreg,1,3,298,b215c45d50089d0cd1585a907239c94da9543ad54bd7a50f9cf22478364ff754,no,yes,0.5485379695892334,1,1
supply_chain_disclosure_best_practice_audits,embed_small_logreg,1,0,299,9d071de4e714afecba60136fc13d2fd5d799fa73ec323fa5b32f33261331fc95,no,no,0.5007181018376916,0,2
supply_chain_disclosure_best_practice_audits,embed_small_logreg,1,3,300,b48a0124d9c28eba8793c0639caa52128545630d8a846c28ab4f01eb7cde60e0,no,no,0.5616496968760996,1,1
supply_chain_disclosure_best_practice_audits,embed_small_logreg,1,3,301,f604a8e5fc84e2cb8f3210b72d51555bfad329c64660c42250ca1403fec24f72,no,no,0.5126807689666748,0,2
supply_chain_disclosure_best_practice_audits,embed_small_logreg,1,0,302,dfd391e41957d1ac236feb8094f25b8ef1bb5bb23df2361d1e0b96cdcf4d8334,no,no,0.5002210289305755,0,2
supply_chain_disclosure_best_practice_audits,embed_small_logreg,1,2,303,da6cb12627d752d97c8b74cd52766dd24bf238718d113b3b633ccfb1b8a34605,no,yes,0.5324311256408691,0,2
supply_chain_disclosure_best_practice_audits,embed_small_logreg,1,0,304,968b24534319b3352bfda7565390677a43bff36eba314281473cc77c382f7459,no,no,0.501136079464438,0,2
supply_chain_disclosure_best_practice_audits,embed_small_logreg,1,2,305,4441c0b5b2cc678233438e17f40bbaa0525429c3e46d1ba3068a07a61b93ac90,no,no,0.6086983862131353,1,1
supply_chain_disclosure_best_practice_audits,embed_small_logreg,1,0,306,e7be9434bab5ee26ff724ad366dd76a6eb91f1c4d40da2a6a8cacdadec1b2cef,no,no,0.5065070541652159,0,2
supply_chain_disclosure_best_practice_audits,embed_small_logreg,1,1,307,f4f4adbea45122fdb1d3bbd6cd8cdeb27833cdb5d576db84c1eda5e29dcaee5f,no,no,0.5354547660188307,1,1
supply_chain_disclosure_best_practice_audits,embed_small_logreg,1,2,308,23cc46b8e873878abcf6bddaef16294515cd6ff0c31f4b9c469cf5d98cd31970,no,yes,0.5073821544647217,0,2
supply_chain_disclosure_best_practice_audits,embed_small_logreg,1,4,309,4812c78abc5dfdced8315b1ba8d4b75c05311b916aa75c4d90debdfc6f969f74,no,no,0.6745582818984985,0,2
supply_chain_disclosure_best_practice_audits,embed_small_logreg,1,4,310,83f36822a559802b4975bbd8ddaa42349b8ee30eaf1e14b895b064dc2d783343,no,yes,0.8954527974128723,1,1
supply_chain_disclosure_best_practice_audits,embed_small_logreg,1,1,311,6bd5e103d0200987b6d5a975589d665847c4a5cb70be72a8ec7b797be539ca1b,no,yes,0.5000886917114258,0,2
supply_chain_disclosure_best_practice_audits,embed_small_logreg,1,3,312,396db51b94e5987c9f4291a20606d3214010cae759f026fc485bfdccb44d32fa,no,no,0.5246839366947431,1,1
supply_chain_disclosure_best_practice_audits,embed_small_logreg,1,0,313,32aac534cc8c69b44cffb558d1687dde646c903551f4716d35f361ff9dfef7bc,no,yes,0.5021703839302063,0,2
supply_chain_disclosure_best_practice_audits,embed_small_logreg,1,2,314,cbd37b5b1d68d6e3051fe7d37866a22b605c82f43a4558b539cc921a761165da,no,yes,0.57103031873703,1,1
supply_chain_disclosure_best_practice_audits,embed_small_logreg,1,1,315,93385e4040b8a9e2244312c589f32c019276499f4d77dc979a43a063da101d79,no,no,0.5251296162605286,0,2
supply_chain_disclosure_best_practice_audits,embed_small_logreg,1,0,316,fd5ab74802751c150fc6ffc9f5fc04a7520d18f5e369c5198e123110ae82e19b,no,no,0.5004422813785756,0,2
supply_chain_disclosure_best_practice_audits,embed_small_logreg,1,1,317,c39413cbf6175d72ce6425d54415f612eb915e3a715f188af606596ffd3c5c5a,no,yes,0.5412017107009888,1,1
supply_chain_disclosure_best_practice_audits,embed_small_logreg,1,2,318,d13bde6dbbb3e00674ae5199051fa37761040e06ca97d1fcddd06d1ca5a95012,no,yes,0.52557772397995,0,2
supply_chain_disclosure_best_practice_audits,embed_small_logreg,1,3,319,a70cae38bc14a6f8f9ff25c6f6fc01da33d93a293a9faa412ec7fd88b01dab57,no,yes,0.514212965965271,0,2
supply_chain_disclosure_best_practice_audits,embed_small_logreg,1,3,320,3d8984baef0ba18103046a21a24eaa95a7315dac31f46efd9d70b2de535cb462,no,yes,0.530627965927124,1,1
supply_chain_disclosure_best_practice_audits,embed_small_logreg,1,3,321,27802664c2d01aa9a779698077273b0dfbb4e4c37c59ec27a359740e25c22b42,no,no,0.5111957940815626,0,2
supply_chain_disclosure_best_practice_audits,embed_small_logreg,1,2,322,c8ba7ee2aff1efe743ffdd333d82a22572e92a917542d07d056d220a47de9d41,no,no,0.6426770878635969,1,1
supply_chain_disclosure_best_practice_audits,embed_small_logreg,1,2,323,3197363915acc24a03e50b624d5514a7aae17a858feaebce00133fca51c8ab4e,no,no,0.5617682337760925,1,1
supply_chain_disclosure_best_practice_audits,embed_small_logreg,1,2,324,0befd85c57d5cc436139e85b69ed400d5bef008c4e62d3c2edc68db2816c720d,no,yes,0.6018614768981934,1,1
supply_chain_disclosure_best_practice_audits,embed_small_logreg,1,3,325,511c8ce5808e6bd8d67a22f804e04fe11901c30d1c6316a4cf9d7ecf7650b4e7,no,yes,0.5040222406387329,0,2
supply_chain_disclosure_best_practice_audits,embed_small_logreg,1,0,326,c27e6fadd2b0b3eb12322506eb24c1c751d3d78f654dde666d6ae98bea4843d6,no,yes,0.5000302791595459,0,2
supply_chain_disclosure_best_practice_audits,embed_small_logreg,1,0,327,31bd0760ea5f242b9f1c3214f1def028d570d735060898e3dfe0692b784765c6,no,yes,0.5028864145278931,0,2
supply_chain_disclosure_best_practice_audits,embed_small_logreg,1,2,328,0605d4ef497301876468cc2abc3991419cb67ab9f6f44508b0849ad5cf2bc53a,no,yes,0.5073888301849365,0,2
supply_chain_disclosure_best_practice_audits,embed_small_logreg,1,2,329,61fdcfca449fbfdb032d1d9c17f754d30f1640a83287a1b9920ca671c0bc204f,no,no,0.5158836245536804,0,2
supply_chain_disclosure_best_practice_audits,embed_small_logreg,1,1,330,cde51c4232abd6a3d2b26f8ef8d8222f4018c74db11f9042f8d1f02d7b38d0ee,no,no,0.5253927864251371,0,2
supply_chain_disclosure_best_practice_audits,embed_small_logreg,1,3,331,319f9e927445f3d22c3c88b50343f05c4b5e9652ee4c548d6428c7fbfa6ddb18,no,yes,0.5163840055465698,0,2
supply_chain_disclosure_best_practice_audits,embed_small_logreg,1,1,332,189c16c1e54172f9e82ad90fdfd5e678727d91bda7c553e141882e572dd268de,no,yes,0.5039578080177307,0,2
supply_chain_disclosure_best_practice_audits,embed_small_logreg,1,2,333,50bc448a6e56c7b8a2cc2d46b2f97fd9cb0e9d4e8d9c08464f7f83ce1087ca64,no,yes,0.6329246163368225,1,1
supply_chain_disclosure_best_practice_audits,embed_small_logreg,1,4,334,1d40ab814671064c78b4e4b52104b7c67dd683a3660819cf3f84d9f8fb431067,no,yes,0.813636064529419,1,1
supply_chain_disclosure_best_practice_audits,embed_small_logreg,1,2,335,616072472d0a990fbc711a6602843e35e185e74e6783dad5587dc1a74f7564b5,no,yes,0.5470417737960815,0,2
supply_chain_disclosure_best_practice_audits,embed_small_logreg,1,2,336,4b44ec066ecab4f9d6bf9bd182434dd023a65373af82a4b71049e0e039377bb5,no,no,0.5368168514018312,0,2
supply_chain_disclosure_best_practice_audits,embed_small_logreg,1,4,337,f75e522355c0c0d4675648d8939f58f0ec9be70cb95841db451b5e375c1a89e0,no,yes,0.5090522170066833,0,2
supply_chain_disclosure_best_practice_audits,embed_small_logreg,1,4,338,fa6b3e76ad96618009ffc2f157f3ca4d543344f3dc774b60cb2107497173bbb2,no,no,0.7601820826530457,0,2
supply_chain_disclosure_best_practice_audits,embed_small_logreg,1,3,339,4a0ff924d0af0c575b3be2e72b34334f61fac916dfdeef18d4d8b2786d5a055c,no,no,0.5101008415222168,0,2
supply_chain_disclosure_best_practice_audits,embed_small_logreg,1,1,340,a2c3a52ee094219ed5814abd08612de2476dc3c07d49af67be0302a80c6214d6,no,no,0.5049957036972046,0,2
supply_chain_disclosure_best_practice_audits,embed_small_logreg,1,0,341,95fc1e387da1c2ef3c88f6b5a13bd043d0bcb9d99736badacc5810f4e69f6ead,no,no,0.5053514392778706,0,2
supply_chain_disclosure_best_practice_audits,embed_small_logreg,1,2,342,890c6a25c312a4255ede6c1b5569bef48435d8858fb1ad26a3a541896113f791,no,yes,0.5171535015106201,0,2
supply_chain_disclosure_best_practice_audits,embed_small_logreg,1,4,343,1d04a8b5ec608d80d692c827ee93b276d14a3b5ce3ce5e5d38c1f64046ca2164,no,yes,0.7348644137382507,0,2
supply_chain_disclosure_best_practice_audits,embed_small_logreg,1,1,344,5b2dad8f75d721ee621a1a59f7a9a94122fc51b61d681720d8f6feb20955f873,no,no,0.5171204209327698,0,2
supply_chain_disclosure_best_practice_audits,embed_small_logreg,1,0,345,4742b083f9d4160e57ed034142afeb23e254b242fcf6a61c5610897189c37d0d,no,no,0.5009272694587708,0,2
supply_chain_disclosure_best_practice_audits,embed_small_logreg,1,2,346,b33ee53ceb9352753d8eed3360ba28d8c47838544e26df87b06b0629f85abbc7,no,yes,0.529059112071991,0,2
supply_chain_disclosure_best_practice_audits,embed_small_logreg,1,1,347,a691807189c6dff4664d336078a034a8af9d49c86e0f4379c3c0d5ca80cd47a0,no,no,0.5361280281505576,1,1
supply_chain_disclosure_best_practice_audits,embed_small_logreg,1,4,348,03916a7e2107458575027c95858e95e02f45009f5bcecbbba957af619f214e96,no,no,0.526481032371521,0,2
supply_chain_disclosure_best_practice_audits,embed_small_logreg,1,4,349,337eac86a7ed305d725b924b7de373c3d0504a440bba1405decf7be11c2b34a9,no,yes,0.6376157402992249,0,2
supply_chain_disclosure_best_practice_audits,embed_small_logreg,1,3,350,4bc5542025350d91bbe713d5ef7111c64ee186faec13989fbff30704352647b7,no,yes,0.5027952790260315,0,2
supply_chain_disclosure_best_practice_audits,embed_small_logreg,1,1,351,7c74070fd3590918c058469fa3c201147083b789e575edc07df20c082a180302,no,no,0.5381830334663391,1,1
supply_chain_disclosure_best_practice_audits,embed_small_logreg,1,4,352,d0664eb101108ed4106770b8ccbb1a8919975cf2aad682315cd97a0b5eeb99c8,no,yes,0.6400242447853088,0,2
supply_chain_disclosure_best_practice_audits,embed_small_logreg,1,2,353,c60dd149ee7c246d148509fae225b586775c8507972ab1eabbf727c5f8e7c79f,no,yes,0.5460098385810852,0,2
supply_chain_disclosure_best_practice_audits,embed_small_logreg,1,3,354,28e5e89e983fe11d4fe513af1d2e124be02e54440e1013f26e37f42a95fae74c,no,no,0.5129908323287964,0,2
supply_chain_disclosure_best_practice_audits,embed_small_logreg,1,3,355,be342d0ba3afd69f4b1ed982cddc42bdd2bc8627333f859b23a80eefae95323b,no,no,0.5281364760358191,1,1
supply_chain_disclosure_best_practice_audits,embed_small_logreg,1,3,356,b1a10b2ac1ff6205d95bf78c935c9e215fb3e7febd37a5c41c5f6a90a71b8321,no,no,0.5165537749693923,0,2
supply_chain_disclosure_best_practice_audits,embed_small_logreg,1,0,357,583b8ebb8255f9589f012b68d1273468b40591ee99033e845869c2c21f2aebe1,no,no,0.5017668604850769,0,2
supply_chain_disclosure_best_practice_audits,embed_small_logreg,1,4,358,1893fb2f00cc58f4377a2868cc85f79105500067ec465ee406df6811a2ba6fab,no,no,0.5604305434355301,0,2
supply_chain_disclosure_best_practice_audits,embed_small_logreg,1,4,359,82a8133be0fa802002cb741817aeefae6af67d1b167f8d2597832bea8b4bcae2,no,no,0.7236220240592957,0,2
supply_chain_disclosure_best_practice_audits,embed_small_logreg,1,0,360,6330f93d46deabef60b77631dddbd90916bf329a1274ab475af4034e0414e801,no,no,0.5063495635986328,0,2
supply_chain_disclosure_best_practice_audits,embed_small_logreg,1,2,361,a755105d219ad2c94dad6fb3e687221d0988b19734b874d618caee0c39428703,no,no,0.536222235447831,0,2
supply_chain_disclosure_best_practice_audits,embed_small_logreg,1,1,362,1ae6dcfd7fda95f910cd66b4dadbe426f4d4f3805170498ffc16446a4b816227,no,no,0.5006358474303529,0,2
supply_chain_disclosure_best_practice_audits,embed_small_logreg,1,1,363,6005d637aec6968fd09b9156f9c4b42cea3ea4cf5711a412c8199a74e6b0da6d,no,yes,0.5197652578353882,0,2
supply_chain_disclosure_best_practice_audits,embed_small_logreg,1,1,364,e22eb40d5a0e35ac139d6625ba9fe83b5d9cc62fe73344788c6fbf34601eb66e,no,yes,0.5122873783111572,0,2
supply_chain_disclosure_best_practice_audits,embed_small_logreg,1,4,365,b0ca0d813fe62b540b47121478904fe14e2847113e1093363f19f3c530ffd780,no,yes,0.5922532081604004,0,2
supply_chain_disclosure_best_practice_audits,embed_small_logreg,1,1,366,126cf937cb1a759c366b806643329bf0d1541ae8cc5d4d3ab1291fab336e0e2f,no,no,0.5215867913242218,0,2
supply_chain_disclosure_best_practice_audits,embed_small_logreg,1,1,367,b3ba7ed6334a095408711307b7b6d765a247957b2d8cf2c3fb74aab1848d4478,no,no,0.529138461623742,0,2
supply_chain_disclosure_best_practice_audits,embed_small_logreg,1,0,368,42252d18326239ebb7a4bd9a369d958b552ade3a81818a7b33b5c7a254186386,no,yes,0.5102987885475159,0,2
supply_chain_disclosure_best_practice_audits,embed_small_logreg,1,3,369,1d8ec0aa2dde44562bea9e56edd84aafdefd120268eb03e844526b3528ccc5fb,no,no,0.5068292466750965,0,2
supply_chain_disclosure_best_practice_audits,embed_small_logreg,1,4,370,d62cebfdc280570fae7895fb04d0666af038f0325c877e2bf486cc8aab9b741f,no,no,0.575038296728185,0,2
supply_chain_disclosure_best_practice_audits,embed_small_logreg,1,4,371,18b3aa7da2676a92694698ba51e9d1406f32f4d2e6a4f456717df617b747dc27,no,yes,0.5140683054924011,0,2
supply_chain_disclosure_best_practice_audits,embed_small_logreg,1,0,372,d2101f76c6dfeb150215dfc3c747d278ed02b68c118346418eff466ec7e58111,no,yes,0.5003476142883301,0,2
supply_chain_disclosure_best_practice_audits,embed_small_logreg,1,1,373,04ab2f27eec1c522ad9e668f4c68200eeab67868264dbf343658dc8d9a1c8f45,no,yes,0.5013481378555298,0,2
supply_chain_disclosure_best_practice_audits,embed_small_logreg,1,3,374,98d820923bcd03faee2d85e8d8a5a6c16f2d445795a1c658130203c5766b0497,no,no,0.5053409488600775,0,2
supply_chain_disclosure_best_practice_audits,embed_small_logreg,1,3,375,f712982ec8f374fc723b5aee46de82200f2a4f333ae3e6fb45e1aecd1916c30d,no,no,0.5192884052011846,0,2
supply_chain_disclosure_best_practice_audits,embed_small_logreg,1,1,376,d56330358a4f915da1d08b99375ace062ef622d4a645a2c4476474c8a6303f10,no,no,0.5202799880421165,0,2
supply_chain_disclosure_best_practice_audits,embed_small_logreg,1,2,377,1b424930328a00849ed3e051ff08961ed0d9abdacf308421a660728083fa9062,no,yes,0.5301125049591064,0,2
supply_chain_disclosure_best_practice_audits,embed_small_logreg,1,2,378,e08f36d3835ba4da0d6cb67088f631323be5705467f895cfcf7cacab604f8d65,no,no,0.7215881132606234,1,1
supply_chain_disclosure_best_practice_audits,embed_small_logreg,2,1,0,9d54e6c772949bfb6b364e2d7006fb131ac4294d6529566b2d88c78014eb6a1d,yes,yes,0.6661128401756287,0,2
supply_chain_disclosure_best_practice_audits,embed_small_logreg,2,2,1,6bd8ec1448ec24fd291dc77052268939f67f9cfea5b76bd69388e542e0b53419,yes,yes,0.5695663690567017,0,2
supply_chain_disclosure_best_practice_audits,embed_small_logreg,2,2,2,cfd25f9be7d33e9e2626fa8f008705300a927fdffb8d298eb046111abadd5313,yes,yes,0.550772488117218,0,2
supply_chain_disclosure_best_practice_audits,embed_small_logreg,2,2,3,2f6b42c2613958a15c6634faad8dce008342e61c935053e805fb0f1fff7e4aa5,yes,yes,0.6028397679328918,0,2
supply_chain_disclosure_best_practice_audits,embed_small_logreg,2,3,4,dd521a35f676e54ddd4c10353a5b613a177a8c4ab4053780ebfac40ccda839f6,yes,yes,0.5053715109825134,0,2
supply_chain_disclosure_best_practice_audits,embed_small_logreg,2,4,5,33e4c0559a94c7dce28fd5c76870036003e5e62eed6cf35cdc1c63a6b0a6569f,yes,no,0.5080614241379924,0,2
supply_chain_disclosure_best_practice_audits,embed_small_logreg,2,2,6,fb9db00dc94a7d11b1f1dc759bdaa0ab4132a345c4f4c79fa1b99a4f3feabec7,yes,yes,0.6754093170166016,0,2
supply_chain_disclosure_best_practice_audits,embed_small_logreg,2,4,7,a3a6ab356fbf9711c2b5414d31490eead3dd8e73d43141d8c1c133c314b5f163,yes,yes,0.507476270198822,0,2
supply_chain_disclosure_best_practice_audits,embed_small_logreg,2,4,8,7a0cea15013a413c9095a12a26a110ad23082840e0980ef5ea664df3aa587c79,yes,no,0.6159326021651209,1,1
supply_chain_disclosure_best_practice_audits,embed_small_logreg,2,4,9,ded19f85f9c4d9d7f469200e17647cd8ecc12c2da48288385855657ec1b5adf5,yes,yes,0.5550848841667175,0,2
supply_chain_disclosure_best_practice_audits,embed_small_logreg,2,2,10,edbc6a22c498b82bac2202f1e46acbeaedfb015c0444653d0b0aeb6099e37ff7,yes,yes,0.5544396638870239,0,2
supply_chain_disclosure_best_practice_audits,embed_small_logreg,2,0,11,72cbb74b67a42c66920815b763cc6896803bfbe9a4dde82490f10909e1dfcbec,yes,no,0.5025482773780823,0,2
supply_chain_disclosure_best_practice_audits,embed_small_logreg,2,2,12,b6f77759748e520cb2650c9d05bfabeb352e52aeb1c443de23d4c8058ffbae34,yes,yes,0.7446417808532715,1,1
supply_chain_disclosure_best_practice_audits,embed_small_logreg,2,4,13,dade26e8398dbb799fd50eb54dbcd3e6ab8b4c274c793f921a58a02434c8b920,yes,yes,0.5638817548751831,0,2
supply_chain_disclosure_best_practice_audits,embed_small_logreg,2,3,14,ca680947ea1c383262052c8e93e441eefb9f5c56853cfdc57b710b6763858524,yes,no,0.5018713474273682,0,2
supply_chain_disclosure_best_practice_audits,embed_small_logreg,2,0,15,6567baee48eaca37363905900994df097ee69c55020b441e3135e706805c61aa,yes,yes,0.5284222960472107,1,1
supply_chain_disclosure_best_practice_audits,embed_small_logreg,2,3,16,3f83f1e16a6ae23ed6f0bb9678979f85323df70d52e5af7828b1bed5744918b1,yes,yes,0.5022581219673157,0,2
supply_chain_disclosure_best_practice_audits,embed_small_logreg,2,0,17,37ed9ddde655fb5e0bedd0751e547d4b678cb2a4faeb1a803f4fde03b96df247,yes,yes,0.5026993155479431,0,2
supply_chain_disclosure_best_practice_audits,embed_small_logreg,2,1,18,927e63eace0a5b571aaae87c06d33ec73b502b226e5e07f69211aac675c9199d,yes,yes,0.8399915099143982,1,1
supply_chain_disclosure_best_practice_audits,embed_small_logreg,2,1,19,67595c9be4cf851988bc1fc7cdcedef276346c043520046d91bb26c48edac6cc,yes,yes,0.50071781873703,0,2
supply_chain_disclosure_best_practice_audits,embed_small_logreg,2,2,20,97859a9430e770c53776bdb64bcac6e1057b25056282b1a971f3143449b8ae52,yes,yes,0.5149779915809631,0,2
supply_chain_disclosure_best_practice_audits,embed_small_logreg,2,2,21,d70648593b74ef9e2bc2de57c4dd94c2323fa8cd58e0083ea94ae75980c167fd,yes,yes,0.5615220665931702,0,2
supply_chain_disclosure_best_practice_audits,embed_small_logreg,2,0,22,52f6bfce60e5ece10730f4e80ac4d6d0a44cf613425838d5b0805482b44527f6,yes,yes,0.5025442838668823,0,2
supply_chain_disclosure_best_practice_audits,embed_small_logreg,2,1,23,e50372eb04052599ab62fed9665c237fbb1fafd32f6502757f0d0bc648ee5072,yes,yes,0.819304883480072,1,1
supply_chain_disclosure_best_practice_audits,embed_small_logreg,2,3,24,450bbed24b34b5272d476f23a5de997f8ff5490a0e106d7cdec0c059964c5c25,yes,yes,0.5067804455757141,0,2
supply_chain_disclosure_best_practice_audits,embed_small_logreg,2,4,25,f2116c063ca557116fe78a21ccd8f5607276835e91875fc11bf12932dddc984f,yes,yes,0.5027477741241455,0,2
supply_chain_disclosure_best_practice_audits,embed_small_logreg,2,0,26,aafd7fd03c4909c8dc45f9cb2cd65c636a86fc13ac4f6c08c449151b9a47fef7,yes,yes,0.5029504895210266,0,2
supply_chain_disclosure_best_practice_audits,embed_small_logreg,2,2,27,33043270153f967b1fcebdd792621661d4f1066634cad83e35b51a515630ac38,yes,yes,0.7820717096328735,1,1
supply_chain_disclosure_best_practice_audits,embed_small_logreg,2,2,28,43294ee8c35a7c5c0a600a0522b094cbf6660d69944080ca876844efa92382dc,yes,yes,0.5173240900039673,0,2
supply_chain_disclosure_best_practice_audits,embed_small_logreg,2,4,29,b68f1b883214616d4922a65d201ee2ea9db1a0122864b78ccbbf5ee46c7a8f7b,yes,yes,0.5415738821029663,0,2
supply_chain_disclosure_best_practice_audits,embed_small_logreg,2,1,30,7310ac62e99a4e8b1a34fce3d7086304d24c92e3534b4100b1c05e58506ac4b1,yes,no,0.5389955639839172,0,2
supply_chain_disclosure_best_practice_audits,embed_small_logreg,2,3,31,b32275d570cb22080951b4812db4ef3e116eb01260737efd0035c8ac82e331f9,yes,yes,0.5095681548118591,1,1
supply_chain_disclosure_best_practice_audits,embed_small_logreg,2,2,32,052895a7e776122c3bd93f43e5a766518ea710c81cd2d76001ab5d8e1a8e9576,yes,yes,0.5382484793663025,0,2
supply_chain_disclosure_best_practice_audits,embed_small_logreg,2,0,33,92cd4852e93b427437a48160221b761b265339694e1e9e4b6fbb4078283d47dd,yes,yes,0.5012563467025757,0,2
supply_chain_disclosure_best_practice_audits,embed_small_logreg,2,1,34,a63bbe340e7e5559ab344685986e27ba29e7856a2bb43f559677d60bd6372b49,yes,yes,0.7966940402984619,1,1
supply_chain_disclosure_best_practice_audits,embed_small_logreg,2,2,35,4c66ac71222d0b9ea3d8106a65704219a05af6e124369c676e6d84e9e05eef96,yes,yes,0.823793351650238,1,1
supply_chain_disclosure_best_practice_audits,embed_small_logreg,2,0,36,5a71be10ab1bfb61b9c98e5a9adce211ebf7cc64b75c2fe894b2da8f4f438624,yes,no,0.5056600419980275,0,2
supply_chain_disclosure_best_practice_audits,embed_small_logreg,2,1,37,7a943e9ef37d479a877b40d230449fde8ef8985c43c5795a2b67ad1a560ec3dd,yes,yes,0.5143252015113831,0,2
supply_chain_disclosure_best_practice_audits,embed_small_logreg,2,4,38,eebfae389e1805a6524964b0a815e9e64c44ec4245148015e3ee4de8084556cf,yes,yes,0.5973116755485535,1,1
supply_chain_disclosure_best_practice_audits,embed_small_logreg,2,4,39,242ffbc9b3e5ff9fb89c658b1348a67d708b3cbbc0707ba7991cf585da68498d,yes,yes,0.5065455436706543,0,2
supply_chain_disclosure_best_practice_audits,embed_small_logreg,2,1,40,6d4f73e7a6d1fea0e78502ec3d78016b8d7cc091321e361a13bcbc1c64abbc92,yes,yes,0.6727204918861389,0,2
supply_chain_disclosure_best_practice_audits,embed_small_logreg,2,2,41,e91b405667ff2e3c59a366f14d4e69a85adf7b37adfbe5cc0d4f68d3ff850477,yes,yes,0.5233503580093384,0,2
supply_chain_disclosure_best_practice_audits,embed_small_logreg,2,1,42,df4b5ecfdae8b9a769a3ceef89c8f2943eff05ffdb56a25b5ff2517b2a5774ad,yes,yes,0.6080801486968994,0,2
supply_chain_disclosure_best_practice_audits,embed_small_logreg,2,4,43,68dff8e9beb989b03b38607e665e4d5372e148fe089e55d47bec6692aea9c76a,yes,yes,0.5177805423736572,0,2
supply_chain_disclosure_best_practice_audits,embed_small_logreg,2,1,44,473f02f9766d1a9408898f92db8c82504af7648bb43d66a2d58ba393ad110cea,yes,yes,0.8203824162483215,1,1
supply_chain_disclosure_best_practice_audits,embed_small_logreg,2,3,45,40b81122b3ce13d0b02d3855a778d59dfa74dfe699922ad1cd59e4c945a11085,yes,yes,0.5066319108009338,0,2
supply_chain_disclosure_best_practice_audits,embed_small_logreg,2,1,46,be386186c94960b560719aa9801a2b53b610974576c933522e3bf0b7de9f75ee,yes,yes,0.6709725856781006,0,2
supply_chain_disclosure_best_practice_audits,embed_small_logreg,2,4,47,54ba1171dd088353ea0094c11e682cce0bda3cce8961ca9686b40b33a7462851,yes,yes,0.5232572555541992,0,2
supply_chain_disclosure_best_practice_audits,embed_small_logreg,2,4,48,a5cd9829d0bb6680b12c38d718acd91f080de69f112a33da5f30ee6a651da5bd,yes,yes,0.5603758096694946,0,2
supply_chain_disclosure_best_practice_audits,embed_small_logreg,2,2,49,a60b58ec65949fd64e04a7930db1d4f38f18d50de6cc77f83c3a1f018bb35971,yes,yes,0.5043861269950867,0,2
supply_chain_disclosure_best_practice_audits,embed_small_logreg,2,1,50,258ee064efae6bfc773d9e688e0e04507092de9bb4d6c023bdd08088ce9b7d0a,yes,yes,0.5353323221206665,0,2
supply_chain_disclosure_best_practice_audits,embed_small_logreg,2,2,51,3bb5ff0604197b2135281a129b8db0a49cf99b97683131f2595801f5a3538e48,yes,no,0.6312889048841269,0,2
supply_chain_disclosure_best_practice_audits,embed_small_logreg,2,4,52,4124b6eeb003417bd70564ba2fde31be4a267b867426f07b7e40d3a5a42b955e,yes,no,0.5544003082990554,0,2
supply_chain_disclosure_best_practice_audits,embed_small_logreg,2,3,53,6795adbe04130c6f667f1f3bfdf4477f9426ec504d554b86e3442d6bc01c64b3,yes,yes,0.5070925951004028,0,2
supply_chain_disclosure_best_practice_audits,embed_small_logreg,2,4,54,b624a5abb6fe61a77543f57ce95b180f41e23f122d7ea978a7f03a9080d0c117,yes,no,0.5318773984909058,0,2
supply_chain_disclosure_best_practice_audits,embed_small_logreg,2,0,55,6434dbb7f593fcc55b97b67e6ab2b3bc4e6b0d9e0842c8fdbf3d79acd062e711,yes,yes,0.5031501650810242,0,2
supply_chain_disclosure_best_practice_audits,embed_small_logreg,2,2,56,2c5af191cf4c83284d0d480817f743f471028484b87e6533b0919f79d8be73da,yes,yes,0.7273196578025818,1,1
supply_chain_disclosure_best_practice_audits,embed_small_logreg,2,2,57,1a95135ede09d2e63bd6b4a843062ac4af61a3fd3b03ede6d720351b54846dc4,yes,yes,0.6883341073989868,0,2
supply_chain_disclosure_best_practice_audits,embed_small_logreg,2,3,58,1810bea0a08d73c32b1805b8831178ca0ab8528b2d0f8ac88247661a6e69f8e7,yes,no,0.50020314753661,0,2
supply_chain_disclosure_best_practice_audits,embed_small_logreg,2,4,59,5a2d69bd4e38c3951efb30708a40e3f4a39f104d84721cbf8c545d5ebbf5a979,yes,yes,0.5011867880821228,0,2
supply_chain_disclosure_best_practice_audits,embed_small_logreg,2,1,60,46835c7ca7f9d3ed9aac3bf85af18fe4658a5d4cecd054ad6219f1b379266b5a,yes,yes,0.5081461668014526,0,2
supply_chain_disclosure_best_practice_audits,embed_small_logreg,2,4,61,19d22a3d9ae55ee79ad31bf1a33f28b73bf1af23a659ff9b50fd6a039c3c1015,yes,yes,0.5431236028671265,0,2
supply_chain_disclosure_best_practice_audits,embed_small_logreg,2,3,62,e0675a87b1557858af49db8846e7da2a54792cca0f4b6687547a06bc21752a64,yes,no,0.5026071221413351,0,2
supply_chain_disclosure_best_practice_audits,embed_small_logreg,2,2,63,88e18396e51fd530b25dbdba867dee981f99e3bc9ee3e4495b541d3afb24f860,yes,yes,0.6337710022926331,0,2
supply_chain_disclosure_best_practice_audits,embed_small_logreg,2,0,64,30c8b45d4999cf9de8c3c9318059611dc084dd5f81ec50a3ffefb4c434ea5d10,yes,yes,0.5064990520477295,0,2
supply_chain_disclosure_best_practice_audits,embed_small_logreg,2,4,65,bcc7c3c9238c4ca25a297bba82702f037934c89e424571ce800b424c2d72eb99,yes,yes,0.5707258582115173,1,1
supply_chain_disclosure_best_practice_audits,embed_small_logreg,2,3,66,d37dc7efcf545e24ea668accb8a8fc8c4b2d71c9a6b66829b6e7f5ad5887c55d,yes,yes,0.5086884498596191,0,2
supply_chain_disclosure_best_practice_audits,embed_small_logreg,2,2,67,1ff72a935e2581a73389e968b07a918171d3a71863f799670ce20e0422a77bc1,yes,yes,0.5387701392173767,0,2
supply_chain_disclosure_best_practice_audits,embed_small_logreg,2,0,68,7c213e830f4b18be4e5435844ebc2482efb5672c7e559006f5c1c21d16cce21f,yes,yes,0.5008842945098877,0,2
supply_chain_disclosure_best_practice_audits,embed_small_logreg,2,0,69,ca21f83512fd7ebfb00825a9d23131822aec5c635857f75025dae20d8e2aeab9,yes,yes,0.5022148489952087,0,2
supply_chain_disclosure_best_practice_audits,embed_small_logreg,2,1,70,583603f2fa828ad5e7283f6a522153df983d96151dd424e878bb41f458ff420a,yes,yes,0.7691184282302856,1,1
supply_chain_disclosure_best_practice_audits,embed_small_logreg,2,3,71,68f670418f0909105c1cb8844772825fb4ba489c72634c139452928eca657515,yes,yes,0.5107364058494568,1,1
supply_chain_disclosure_best_practice_audits,embed_small_logreg,2,3,72,a1ee39468479a4129fcd404c7b033a1667904771c45acb07969e94a5c816f741,yes,yes,0.5095863342285156,1,1
supply_chain_disclosure_best_practice_audits,embed_small_logreg,2,3,73,1bbaf32745507e45914fe877698c77e2517b9dcb02e59aefb755e2cb05b3b6ce,yes,yes,0.5033397078514099,0,2
supply_chain_disclosure_best_practice_audits,embed_small_logreg,2,3,74,6441a25c7e9aacdd81cbb5eb9006df4554ef2b778c49f73b61cb1a87d1e664a7,yes,yes,0.5176763534545898,1,1
supply_chain_disclosure_best_practice_audits,embed_small_logreg,2,1,75,7effe61be9495286cb7aa152dfe4bb187087cfbbadfd5ae74615afccc94ca5a2,yes,yes,0.5098074078559875,0,2
supply_chain_disclosure_best_practice_audits,embed_small_logreg,2,1,76,55149e53ccbcecf5b2bec61a13a083d8c80ef7d940bce4e69759bd859b75cf27,yes,yes,0.745424211025238,0,2
supply_chain_disclosure_best_practice_audits,embed_small_logreg,2,2,77,ee9e57c3f7c911b1fd365b5aaadb5a15128e352364d4bec56ec84467d3ff736a,yes,yes,0.7542936205863953,1,1
supply_chain_disclosure_best_practice_audits,embed_small_logreg,2,2,78,d7b7e1ac46290add16f23c8195170499df669318e8158462abe68741792c3fc7,yes,yes,0.8809771537780762,1,1
supply_chain_disclosure_best_practice_audits,embed_small_logreg,2,4,79,4319a82278965a186ff1f30c53989cec45e638b378eab1febcbeb65f23fabe9f,yes,yes,0.5217982530593872,0,2
supply_chain_disclosure_best_practice_audits,embed_small_logreg,2,1,80,15e57eb32f969fcd0a6f49e9976788796a20f6e9807cda15d025765d4a4c6250,yes,yes,0.6249001026153564,0,2
supply_chain_disclosure_best_practice_audits,embed_small_logreg,2,4,81,f1e998799add05735d8e4ef8a7b0680c19790187dbe70fb785f32d106cac896b,yes,no,0.5514500141143799,0,2
supply_chain_disclosure_best_practice_audits,embed_small_logreg,2,4,82,db23799cc5ac6832bc82fc3c56b81ffda2cf099b7bb8dfc04851c7cc978d3860,yes,yes,0.6004294157028198,1,1
supply_chain_disclosure_best_practice_audits,embed_small_logreg,2,4,83,2ebf21b254356e063ec495bc48e8b427c9cef0e023d6c440ab4695d670fac424,yes,yes,0.6242022514343262,1,1
supply_chain_disclosure_best_practice_audits,embed_small_logreg,2,2,84,f5f05ce191f8e498e77d5a82efe0cc9b7b0caca2cbd03855b4a3c04dd5326f82,yes,yes,0.5844666361808777,0,2
supply_chain_disclosure_best_practice_audits,embed_small_logreg,2,1,85,235ce0ea6083794379941800918b143e04bd02e90f6ca0df77dc219a03def0fb,yes,no,0.5769254989348204,0,2
supply_chain_disclosure_best_practice_audits,embed_small_logreg,2,4,86,675f9e573acd9ee413ee4098ecee6e28c67fb1251f10e277dc5f8251151e9da2,yes,yes,0.5115390419960022,0,2
supply_chain_disclosure_best_practice_audits,embed_small_logreg,2,1,87,2ff95ae87bf0173ba35ce7803ee7e2b6c3e55da5408e2849e2db1bf6be370c1f,yes,yes,0.635396420955658,0,2
supply_chain_disclosure_best_practice_audits,embed_small_logreg,2,3,88,c3c72b3814c06b5ae24ea5616a76e6e34d5e65a037e85d1de1b714979534a508,yes,yes,0.5049710869789124,0,2
supply_chain_disclosure_best_practice_audits,embed_small_logreg,2,0,89,1abad7524e193958a5e4e30aeee808127f7d6f94b84907ba346c856b1352d506,yes,yes,0.518119215965271,1,1
supply_chain_disclosure_best_practice_audits,embed_small_logreg,2,0,90,d226bbab5779ded49db4f0c92048f30f3308fbc33dddc21c3f553fe8f87fcbf8,yes,yes,0.5056677460670471,0,2
supply_chain_disclosure_best_practice_audits,embed_small_logreg,2,0,91,3b4741877764990637a1268063f65f78bb8e594eae6d2906fe8bcd9f4257c7ff,yes,yes,0.5015709400177002,0,2
supply_chain_disclosure_best_practice_audits,embed_small_logreg,2,2,92,3bd73a7cf410fc9b3e1ae11778d1f9a5e608ca828bdf80e624f9d0fe092636d8,yes,yes,0.6044721603393555,0,2
supply_chain_disclosure_best_practice_audits,embed_small_logreg,2,0,93,f8a69fcaa6995a987c838bf9355ef0f34e73d762cad7adb46499a4919cd21260,yes,no,0.5070595741271973,0,2
supply_chain_disclosure_best_practice_audits,embed_small_logreg,2,0,94,2bc816bdb532b4fc74face24637b167b5cd6b7a156ba66b8ecdecca78ddb7a5e,yes,yes,0.5020676851272583,0,2
supply_chain_disclosure_best_practice_audits,embed_small_logreg,2,3,95,ab4d67c424e351a53a77b8c8217460def7339c7690bda9807f188c277abf99df,yes,no,0.5024998784065247,0,2
supply_chain_disclosure_best_practice_audits,embed_small_logreg,2,4,96,5acad3a53814dc166c294d6012ee4d9876377e6c7dc9bcd4cb545aae89327aaa,yes,yes,0.5514217615127563,0,2
supply_chain_disclosure_best_practice_audits,embed_small_logreg,2,3,97,025abd17b4aa8cd2ca7b64367d0dae8246cac55217afb5378a32edc5cb032028,yes,no,0.504692554473877,0,2
supply_chain_disclosure_best_practice_audits,embed_small_logreg,2,0,98,8009af26f9d7407e1ae55cfc4779b4b279c3d930f343295afcb1dabb6c4f5771,yes,yes,0.5073869824409485,0,2
supply_chain_disclosure_best_practice_audits,embed_small_logreg,2,1,99,20ffaa2b9dbb70e5796aaeb58543484710a8828de00250b6639f69c9e65bc92a,yes,yes,0.6773141026496887,0,2
supply_chain_disclosure_best_practice_audits,embed_small_logreg,2,1,100,459bed595f402efcac27f2132f647c7bad0622691786e37af3b3902fe7ed6d30,yes,yes,0.704395592212677,0,2
supply_chain_disclosure_best_practice_audits,embed_small_logreg,2,1,101,031856afb140c703e4a301ce8e6393551af830f3c4945305e23735bdc5dc5e8d,yes,yes,0.6334463357925415,0,2
supply_chain_disclosure_best_practice_audits,embed_small_logreg,2,0,102,6be5c550eecd21d8130ce8d2534fda585336bbd469b636be126d1930496943ef,yes,yes,0.5059852004051208,0,2
supply_chain_disclosure_best_practice_audits,embed_small_logreg,2,0,103,cb1d66fe19e860b6174d574ad92b146dcfb31769b3f045c4268b796d39ace598,yes,yes,0.5118462443351746,1,1
supply_chain_disclosure_best_practice_audits,embed_small_logreg,2,1,104,b8f56656615d580b345dadc70ccbde392c6aa9477d92ffd07eb5fd126fb52749,yes,yes,0.5882858633995056,0,2
supply_chain_disclosure_best_practice_audits,embed_small_logreg,2,4,105,e1e9ff82d278af02d188aaab6558d189bc48fdbc54aed68d83ed47c4cbc0ff08,yes,yes,0.591116189956665,1,1
supply_chain_disclosure_best_practice_audits,embed_small_logreg,2,0,106,5d2e2af1f56ad0b84e2849ad94c7f9b8502c7f564e8e9948112364d32f117415,yes,yes,0.5038021206855774,0,2
supply_chain_disclosure_best_practice_audits,embed_small_logreg,2,1,107,7c0433d913d5d9e83b1a7479c578dedbb65de78fd669dac303b240517f525ac7,yes,yes,0.5135736465454102,0,2
supply_chain_disclosure_best_practice_audits,embed_small_logreg,2,0,108,487257cd89e1e218cee478fba0884b272dc42d42a47b82dd366d389a8b5db279,yes,yes,0.5013338327407837,0,2
supply_chain_disclosure_best_practice_audits,embed_small_logreg,2,0,109,a65ed6ff518a4c68f06e526e47cb1116cb4661c3ed635c6780dd4806b5cde7bb,yes,no,0.5003227144575928,0,2
supply_chain_disclosure_best_practice_audits,embed_small_logreg,2,2,110,6c8d0687947cec71e1a1cb8a1383c11e0adb47d0e54ea48aafdb5a03e950fee1,yes,no,0.6351254175640767,0,2
supply_chain_disclosure_best_practice_audits,embed_small_logreg,2,1,111,642eb832cde6ce9f5b08d631301f2eeff3be1414e98cb19a29c1e9a2ba1c24c6,yes,yes,0.6120589375495911,0,2
supply_chain_disclosure_best_practice_audits,embed_small_logreg,2,3,112,375dbda1e8323ea8520c1f6256c9b927c68151c652c6b58105a00d1ab2271c9c,yes,yes,0.5045644640922546,0,2
supply_chain_disclosure_best_practice_audits,embed_small_logreg,2,0,113,b19887857cd233945689ec8336c60d2f73d70846421c657f0be1c6a92bbc7518,yes,no,0.506302133390371,0,2
supply_chain_disclosure_best_practice_audits,embed_small_logreg,2,4,114,f0a3886cf3e1d2070dc523492943cfcd3e499d24b52fc793a0fb7725adfe16f2,yes,yes,0.5491757392883301,0,2
supply_chain_disclosure_best_practice_audits,embed_small_logreg,2,2,115,376f27182efb4c1fe0ce63cffb0beea5d342c2296eb0f8a9e57769b2078f92c6,yes,no,0.6250709108987179,0,2
supply_chain_disclosure_best_practice_audits,embed_small_logreg,2,3,116,672f49a21e2f43bf1d7affa3e679d9d23f2677e346077297c3ce8c69996abc9f,yes,yes,0.513454020023346,1,1
supply_chain_disclosure_best_practice_audits,embed_small_logreg,2,3,117,e04a261511b639d13eff7977e3a3d96a624c24da4e20bcea440d03ce7e3ae68e,yes,yes,0.5105293393135071,1,1
supply_chain_disclosure_best_practice_audits,embed_small_logreg,2,3,118,c95024d3b100f9153f41395f2e5c661f54c684d7d8038f764a81c77987cd944c,yes,yes,0.507790207862854,0,2
supply_chain_disclosure_best_practice_audits,embed_small_logreg,2,4,119,0c2fd8335e8a32cd836ad0fac339e53728d9dd1b1739ac86260707d4b7cf5102,yes,yes,0.59928959608078,1,1
supply_chain_disclosure_best_practice_audits,embed_small_logreg,2,1,120,fc4c958267d1a005d1c9d5f0ac60c24f69650d1fbb89a618551194f3abb45a0a,yes,yes,0.7023392915725708,0,2
supply_chain_disclosure_best_practice_audits,embed_small_logreg,2,3,121,0efe9e66d9baf00c14469130c1d532f4abeb43c7f893eae6a44dab6313d4fb74,yes,yes,0.5086540579795837,0,2
supply_chain_disclosure_best_practice_audits,embed_small_logreg,2,3,122,459a17fd7ed2fb62ccf60f909dab8f4e9f41f8f620571c720e0d6449b3243f1c,yes,no,0.5064604878425598,0,2
supply_chain_disclosure_best_practice_audits,embed_small_logreg,2,3,123,8c190cb913388a32b8ef0c5126e5c392d243b3583fd89923b21d8621b7f16f97,yes,no,0.5045909881591797,0,2
supply_chain_disclosure_best_practice_audits,embed_small_logreg,2,2,124,dece42af518250889be48080639ae862a6244394a9cfabf7ce7c4af677218640,yes,yes,0.5374837517738342,0,2
supply_chain_disclosure_best_practice_audits,embed_small_logreg,2,1,125,40b7a53af6c489016a3c39a0c23daaf2b4ff6197c2b53acaf1ee59067d17b38a,yes,no,0.5490631893556359,0,2
supply_chain_disclosure_best_practice_audits,embed_small_logreg,2,4,126,929891ba31548db1aa694753669e3c24a30e1788a99151d98b539c39011f0c6e,yes,no,0.512417539584114,0,2
supply_chain_disclosure_best_practice_audits,embed_small_logreg,2,3,127,9ffb371008bdf3d9905cc135199ff19454aa55be24ff6556d8f180a5a82601c4,yes,yes,0.5151487588882446,1,1
supply_chain_disclosure_best_practice_audits,embed_small_logreg,2,3,128,4cbcd769a0f437d0d8cac94bce5b472c7304848c39ba945db73525d09dd92f29,yes,yes,0.5023511052131653,0,2
supply_chain_disclosure_best_practice_audits,embed_small_logreg,2,0,129,28443bea33a9cfa2056f9e550d7afacc19053d096a108db12f87a2e90de7ad14,yes,no,0.5025886297225952,0,2
supply_chain_disclosure_best_practice_audits,embed_small_logreg,2,3,130,53b1a4e96ad74195e550599949adc135a68d11a2761b215e2d3c5f78fac20ff4,yes,yes,0.5062757134437561,0,2
supply_chain_disclosure_best_practice_audits,embed_small_logreg,2,4,131,457aa4a03d6d45f3e6544e847d352d46186cccc1f81d8cb481bf644db7af99f3,yes,yes,0.5128987431526184,0,2
supply_chain_disclosure_best_practice_audits,embed_small_logreg,2,1,132,b36c6cc2c4974c8c6877811a1a305dea8be3cb2d15bde1c0c9eb16c92139773f,yes,yes,0.8140801787376404,1,1
supply_chain_disclosure_best_practice_audits,embed_small_logreg,2,2,133,95a16109c1891d82eeafded1e727f6561d5e8c7475e3e4e26d3c11ca744c6547,yes,no,0.5918637337725242,0,2
supply_chain_disclosure_best_practice_audits,embed_small_logreg,2,0,134,921b410be7bc7b2de67384cb33f2212547c80d1e0d373fde36b9efa85af4bbd2,yes,yes,0.5160002708435059,1,1
supply_chain_disclosure_best_practice_audits,embed_small_logreg,2,3,135,4a3619506781d26fc853745317c36841d51d17c4453fa9792f2a6ec932c1b7f9,yes,yes,0.5226516723632812,1,1
supply_chain_disclosure_best_practice_audits,embed_small_logreg,2,2,136,30a167de20776b14c84cbc4a797def3569824661dd4a47f98a8e2cf261e55c03,yes,yes,0.6533302664756775,0,2
supply_chain_disclosure_best_practice_audits,embed_small_logreg,2,1,137,391ccdc3a1a0f1231bbac5db1ce4e442afa3f3d79dc8b4293b88f93209811a6d,yes,yes,0.7232703566551208,0,2
supply_chain_disclosure_best_practice_audits,embed_small_logreg,2,3,138,151ef6b81c9ba20818d173a6b34a499bd330ac8b55583759ebc444cb3e997ee9,yes,no,0.5046321003248662,0,2
supply_chain_disclosure_best_practice_audits,embed_small_logreg,2,2,139,00f788466575e92cb6cd9b6bece2b76116328a72f455bfbf1b31c1a61e42a48e,yes,yes,0.5205169916152954,0,2
supply_chain_disclosure_best_practice_audits,embed_small_logreg,2,0,140,ef2c6382e5dc53301bd218ec96105515da4a8331f35b814e7a7f38ea085ce13f,yes,yes,0.506892204284668,0,2
supply_chain_disclosure_best_practice_audits,embed_small_logreg,2,4,141,04288152a54520da15135a2da000a2cf47ca7108eb4ed77b37713dc7ead5834b,yes,yes,0.5214177370071411,0,2
supply_chain_disclosure_best_practice_audits,embed_small_logreg,2,3,142,78781bf0a8697fd3f3409d0b8bd3967222d89b46f61f1ec355bda7d55721e5e4,yes,no,0.5012796521186829,0,2
supply_chain_disclosure_best_practice_audits,embed_small_logreg,2,0,143,3c7c5ae2aa151786ba4a73c291ce5e1a0a2b03a30c29cf3328495fb37d9aece7,yes,yes,0.5213740468025208,1,1
supply_chain_disclosure_best_practice_audits,embed_small_logreg,2,1,144,2509ba56d644ea014a3e0fa3d0d6874c3cd2c6a28788f805fd9c6758e313ab8f,yes,yes,0.6100767850875854,0,2
supply_chain_disclosure_best_practice_audits,embed_small_logreg,2,0,145,01eca6a511ea344abc3cf6dee3b61342273cacd73fd16da7f8f69dbf49142d75,yes,yes,0.5045689940452576,0,2
supply_chain_disclosure_best_practice_audits,embed_small_logreg,2,3,146,a16e8a50ee6e37a4589de3344628e84d9c80280c3ba92ec3972f6b853cbf7c2e,yes,yes,0.5089905858039856,1,1
supply_chain_disclosure_best_practice_audits,embed_small_logreg,2,2,147,45bd51009e1e64c672134259f2b5ede08866a003283780b51c4818c318a172fc,yes,yes,0.5466706156730652,0,2
supply_chain_disclosure_best_practice_audits,embed_small_logreg,2,3,148,9e1afd1f029efd031171df47a2ca39fb5420f30cd60b2fd9e1b0a8875cd25e49,yes,yes,0.5036342144012451,0,2
supply_chain_disclosure_best_practice_audits,embed_small_logreg,2,2,149,4b31ff48711f468ee6a1562ebc1e3389c382fd1c448638c0eda617de2469b754,yes,yes,0.6851521134376526,0,2
supply_chain_disclosure_best_practice_audits,embed_small_logreg,2,0,150,0d783ce52643a830262a183e1f3340dfa5e11782478d1c01ad53d0076c4c73d4,yes,yes,0.5093506574630737,0,2
supply_chain_disclosure_best_practice_audits,embed_small_logreg,2,3,151,baace2e4253ecc8d61872f3b64835bb002f2a49a97e7d4c31adc7b078bc0a85f,yes,yes,0.5007195472717285,0,2
supply_chain_disclosure_best_practice_audits,embed_small_logreg,2,4,152,396d5edabfc1cc0317011328bc857e25c1640c119ce86f4b99f02862697e7df8,yes,no,0.5264216818339134,0,2
supply_chain_disclosure_best_practice_audits,embed_small_logreg,2,0,153,0c532687e912f2d64ff38f5eed8a18b3179c544a30dd454a0e4adc0617bafbef,yes,yes,0.5273136496543884,1,1
supply_chain_disclosure_best_practice_audits,embed_small_logreg,2,4,154,607ecb634c0681303ee57bf7366b51214e7db74d4d4c0675d3806628cffdbffb,yes,yes,0.5843781232833862,1,1
supply_chain_disclosure_best_practice_audits,embed_small_logreg,2,1,155,14759c3262b6131be28f172314d3243dbc099f7cb099c03a4e85397e876c8b56,yes,yes,0.6752846240997314,0,2
supply_chain_disclosure_best_practice_audits,embed_small_logreg,2,4,156,32260ecf26035d5e5df015a53c55c1fa3414a446aee4f3709c38ccf58df0ca66,yes,yes,0.5416940450668335,0,2
supply_chain_disclosure_best_practice_audits,embed_small_logreg,2,4,157,5ae1b1df5103d563678ef0e3bd377743146e4315d7a2bf0c895ece3a203e57a5,yes,no,0.5457744598388672,0,2
supply_chain_disclosure_best_practice_audits,embed_small_logreg,2,2,158,5d1fc63f4139faae3bfe28443da26e285c4bb8f1d308b6ff4b7b1b75cc2c1e80,yes,no,0.5733963847160339,0,2
supply_chain_disclosure_best_practice_audits,embed_small_logreg,2,0,159,39e33483b6daed03fd99c05cd1c125e6b18f5af6c51ec943acdeaa4b1ee84166,yes,no,0.5000026226043701,0,2
supply_chain_disclosure_best_practice_audits,embed_small_logreg,2,3,160,3daa8ec03c0ed46a2b9f72cbb4723307035f5c52b6f89d28317e2a6b303d6247,yes,no,0.5107626762758888,1,1
supply_chain_disclosure_best_practice_audits,embed_small_logreg,2,2,161,0c82ffaee114b837e9f974f4e80361b373b8c00d329a258aa8a80fb9b1f4e398,yes,yes,0.5318813920021057,0,2
supply_chain_disclosure_best_practice_audits,embed_small_logreg,2,1,162,07c6e827cc6c23cd27132b4c99cdd5e4258ea66c0b532d59b29055c8e5cedc14,yes,yes,0.5932645797729492,0,2
supply_chain_disclosure_best_practice_audits,embed_small_logreg,2,0,163,575b6c919a2ada10f464c7b46bc2b934726e9c993c82384121938de3ec6d3259,yes,yes,0.5033809542655945,0,2
supply_chain_disclosure_best_practice_audits,embed_small_logreg,2,3,164,21bfadb1e773c7ba5a13997f0fb26b6975502bebe37fe323b42580c521a1600f,yes,yes,0.5194668173789978,1,1
supply_chain_disclosure_best_practice_audits,embed_small_logreg,2,4,165,562ebd404575617d0f8d7b9efb34742cf5ddd488563c2500c9aec2ca6c214663,yes,yes,0.5590988993644714,0,2
supply_chain_disclosure_best_practice_audits,embed_small_logreg,2,0,166,78456786d204455184c362ece71adf15b8e1a55b2b2e857ebb83507e9881cb4e,yes,yes,0.5064089894294739,0,2
supply_chain_disclosure_best_practice_audits,embed_small_logreg,2,3,167,6ea4297c021e920636315a3b8cd9f75283c91cc9053cccc8f74a085fac3ff9e6,yes,no,0.5034129769627147,0,2
supply_chain_disclosure_best_practice_audits,embed_small_logreg,2,0,168,d7246cb68425a99318147f0f1fe2dcbb042807eb08603cbe9904847610a446e0,yes,yes,0.5047007203102112,0,2
supply_chain_disclosure_best_practice_audits,embed_small_logreg,2,0,169,f8401a13ab0b03ea07669144d0d263b35b0c21e834a4da3c577de48bdf482495,yes,no,0.5017663836479187,0,2
supply_chain_disclosure_best_practice_audits,embed_small_logreg,2,2,170,a4e29359bcaec8e1536b48faecaba98004ae3f5854c7402ba7740252b24e59ec,yes,yes,0.5265947580337524,0,2
supply_chain_disclosure_best_practice_audits,embed_small_logreg,2,3,171,61bcec93f20473c4dd8792a0590cd52ebb4e73b93cce84104e1821b66585ae36,yes,no,0.5044224262237549,0,2
supply_chain_disclosure_best_practice_audits,embed_small_logreg,2,3,172,051d82ea698c7defeb37ae5b11301eca98346930ddd52562f9aea2bbac1b413d,yes,yes,0.5016053318977356,0,2
supply_chain_disclosure_best_practice_audits,embed_small_logreg,2,1,173,ef497929adb29de6160875c9594ed91f6ec6548653bca2492ebcd49f7324e9b1,yes,yes,0.635505735874176,0,2
supply_chain_disclosure_best_practice_audits,embed_small_logreg,2,2,174,93bb3e29ce9e7036bd4c6725e22905194dfbb28fbe4e38678c89b9588ae43da4,yes,no,0.5341870943959681,0,2
supply_chain_disclosure_best_practice_audits,embed_small_logreg,2,4,175,dd5ea83860728cd69a48d8ee326e7998b3e4d597bd167390eff08fab3423660d,yes,no,0.5235881805419922,0,2
supply_chain_disclosure_best_practice_audits,embed_small_logreg,2,4,176,acf95ae6504008b3675b5a6e1d34dcf3e2ae5a31a2c52ab178689b08b1e52318,yes,yes,0.5455645322799683,0,2
supply_chain_disclosure_best_practice_audits,embed_small_logreg,2,2,177,feb00174787409b226e12959e1eec4d9c76105dcc553753d24bfa85b06fa13a8,yes,no,0.5484862164114053,0,2
supply_chain_disclosure_best_practice_audits,embed_small_logreg,2,4,178,4e157c907f1a39c4736c42962bdcd0647aba4fc2d56996b1a7d865e6fed2b387,yes,yes,0.5825697779655457,1,1
supply_chain_disclosure_best_practice_audits,embed_small_logreg,2,3,179,b01aaacbff761f1d09ba1fd4477b90c6e5723fbf33f70d4a6c4092180818be85,yes,yes,0.5092471837997437,1,1
supply_chain_disclosure_best_practice_audits,embed_small_logreg,2,3,180,21caaa5906e5a0b027392e17755bdb5e69f2fbeeab9457431ce75f2563ed54f7,yes,yes,0.5013896226882935,0,2
supply_chain_disclosure_best_practice_audits,embed_small_logreg,2,1,181,596504be5142fc5222baf19af3a06f62e1c31bdf6053136081a7aa8300a515c0,yes,no,0.5768248438835144,0,2
supply_chain_disclosure_best_practice_audits,embed_small_logreg,2,1,182,b0825404cd40d6659e58b65251fa3700b8ca36acce0c7e74e5ec60d73f009c2b,yes,yes,0.7779394388198853,1,1
supply_chain_disclosure_best_practice_audits,embed_small_logreg,2,1,183,2c330a1ba17f5fd6fcbe0c35d683859c0e61aae4aad2422c88ecae48ec2fb137,yes,yes,0.613601803779602,0,2
supply_chain_disclosure_best_practice_audits,embed_small_logreg,2,1,184,1531fdb46dfdd8cefa201ef9546bdc219dc7ec61de3612565a5a597833bca11c,yes,no,0.5006059258995674,0,2
supply_chain_disclosure_best_practice_audits,embed_small_logreg,2,0,185,ed5516e94ba0f9873e91a7c51a694a4b275288be9b383d487d2c473eec82d333,yes,yes,0.511854350566864,1,1
supply_chain_disclosure_best_practice_audits,embed_small_logreg,2,4,186,d03e6766a02ffc8423ba39940ce8a69fd03ea5e93edfb327af258dabd75c9e5e,yes,no,0.5053950397552538,0,2
supply_chain_disclosure_best_practice_audits,embed_small_logreg,2,4,187,8a81109a73b838cbc58d4bf69f51eb6f1dee99da7818cde561d4cc9350058f7c,yes,yes,0.586708664894104,1,1
supply_chain_disclosure_best_practice_audits,embed_small_logreg,2,4,188,ad8df74a5604a274f191b30942519d471ef007f2cb2afc12ca66cd73490f140b,yes,yes,0.6185659766197205,1,1
supply_chain_disclosure_best_practice_audits,embed_small_logreg,2,3,189,3236cea34e746c2854726aafd2b42f4c763e91efd983f92bd5d46b37934ce701,yes,yes,0.5028978586196899,0,2
supply_chain_disclosure_best_practice_audits,embed_small_logreg,2,1,190,244d7fc55eab9fe22ac8639ef434c9d3948c9bedb7453b1980ec8f1229bb2c68,yes,yes,0.5075863599777222,0,2
supply_chain_disclosure_best_practice_audits,embed_small_logreg,2,4,191,5b777db784a0ad2ff2f63cd6ac341cec919f6db8e66c1a7c8afcca4bda0856f1,yes,yes,0.538866400718689,0,2
supply_chain_disclosure_best_practice_audits,embed_small_logreg,2,4,192,a536c2e629791ea99d535deb51d04d6950ca7e778e2b8fabd5107530ecf3b63d,yes,yes,0.6105126142501831,1,1
supply_chain_disclosure_best_practice_audits,embed_small_logreg,2,3,193,c1782493d0a641f2d98c277b11023e4adb7fa2fc203ee4dac76fa3dd572915e8,yes,yes,0.507129967212677,0,2
supply_chain_disclosure_best_practice_audits,embed_small_logreg,2,4,194,c7792639dfd396f47fe6f339c6da513ede7315959767ab9dafb88309769dbab6,yes,yes,0.5065469741821289,0,2
supply_chain_disclosure_best_practice_audits,embed_small_logreg,2,3,195,ae215269eaa9afcae52c3c7fad43d01a78c9e122205651439d9bf2e5671676af,yes,no,0.5046976654321651,0,2
supply_chain_disclosure_best_practice_audits,embed_small_logreg,2,2,196,30079533bf5c7357cd70f9cf1cbc13700f5c3e515d3c5ebbe55c0943cb3cd3d3,yes,yes,0.6842477321624756,0,2
supply_chain_disclosure_best_practice_audits,embed_small_logreg,2,2,197,ef8843ad04ca905381cc9dc85e84a4c4e9c5a2861f05e5fce9fa5066e7f7876d,yes,yes,0.6678931713104248,0,2
supply_chain_disclosure_best_practice_audits,embed_small_logreg,2,3,198,7c18061590aa800422b5635e324664e2dc3382d93bdd896d73512fd499719d54,yes,yes,0.5089390277862549,1,1
supply_chain_disclosure_best_practice_audits,embed_small_logreg,2,0,199,56c25d4eb4588f13327a6b3f6d1bf423858c24d3e72ca640819f1aff6fffb588,yes,no,0.5045015811920166,0,2
supply_chain_disclosure_best_practice_audits,embed_small_logreg,2,1,200,37fb8de488cb40c4b049e28e90cefa770eb07d1059f2e68c706d35d39deaf7a6,yes,yes,0.5236228704452515,0,2
supply_chain_disclosure_best_practice_audits,embed_small_logreg,2,1,201,d6943bae94c68dbe413f37141c963ec0da0f265c3d6cd601971199d07c838bcf,yes,no,0.7277883508142338,0,2
supply_chain_disclosure_best_practice_audits,embed_small_logreg,2,3,202,738411246babffb6b853c81c2ab34295e5db281b7e730293ed8d1ad31e1d30cb,yes,no,0.5040940046310425,0,2
supply_chain_disclosure_best_practice_audits,embed_small_logreg,2,0,203,4d4c98bf199646728c2a7b80140d0f8bfa90311619ddd101e7e81d8da51eba3f,yes,no,0.5000992864340756,0,2
supply_chain_disclosure_best_practice_audits,embed_small_logreg,2,0,204,3887f474ec6dfe32935833b72b870ee0ee25207e9c2d7cad91f1d4792356e278,yes,no,0.5005812794143343,0,2
supply_chain_disclosure_best_practice_audits,embed_small_logreg,2,3,205,5183361573f996b8425904aba330bdb33a14f3a40e5a13d71f8a4dfa32ee601c,yes,yes,0.5027851462364197,0,2
supply_chain_disclosure_best_practice_audits,embed_small_logreg,2,2,206,b7fef818a202c62579781f6a16fdc3fbe95b7014de4c7fc7c0bfd72085b49111,yes,yes,0.5832579135894775,0,2
supply_chain_disclosure_best_practice_audits,embed_small_logreg,2,0,207,7f71163235d108c9e78fa664d5bef08dabfa91cfbbdcd9f3d08391db22af380a,yes,yes,0.5029975175857544,0,2
supply_chain_disclosure_best_practice_audits,embed_small_logreg,2,2,208,5695147a701cc755d386897ef3916ae914a81943569ef4fe344ca24a43d906ee,yes,yes,0.6951409578323364,0,2
supply_chain_disclosure_best_practice_audits,embed_small_logreg,2,2,209,b18c36bddd3d7b476ce5b9e82b759a1230ce387c9ef91dd060c50f7a7fb551f5,yes,yes,0.5510626435279846,0,2
supply_chain_disclosure_best_practice_audits,embed_small_logreg,2,2,210,0a76fce024d1ded8f815f5aeddfd0f478fe16661931e2f3658f76bca65572613,yes,yes,0.7271023988723755,1,1
supply_chain_disclosure_best_practice_audits,embed_small_logreg,2,0,211,b5f480ca28f49024bd818f6af65275cc36a6022530a28fa2648ddb7da3f86839,yes,no,0.502615749835968,0,2
supply_chain_disclosure_best_practice_audits,embed_small_logreg,2,0,212,255fd01e686472de43e42c9c117018713274490a02b2df34c1bc9ea698083b88,yes,yes,0.5018507242202759,0,2
supply_chain_disclosure_best_practice_audits,embed_small_logreg,2,2,213,c1b7a9f6e0096a280a7cff21a3d2d2a788fda487fb4778bff25572d53d220dd8,yes,yes,0.5012735724449158,0,2
supply_chain_disclosure_best_practice_audits,embed_small_logreg,2,1,214,8e4caa63c82cc004c6a03ff6278f68d26b0d6195e385e25392f38000f093728e,yes,no,0.7514746301095878,0,2
supply_chain_disclosure_best_practice_audits,embed_small_logreg,2,0,215,5246f2f270d78e6a7ee150dfeb414ed591d6d868246b224415d78f8dcb33c791,yes,yes,0.5039865970611572,0,2
supply_chain_disclosure_best_practice_audits,embed_small_logreg,2,3,216,dc87f2b33f12048f543e0a8cc1526f23fe4e72f15a6f2f1decf2a602f0eadf1b,yes,yes,0.5187695622444153,1,1
supply_chain_disclosure_best_practice_audits,embed_small_logreg,2,1,217,3045163bc73fcda0d5d8a7800ea68f83f22b0d7e71099dbf8bf7030daca5c21a,yes,no,0.729446530342102,0,2
supply_chain_disclosure_best_practice_audits,embed_small_logreg,2,3,218,4c7d5ee51cc7b5700e6104e6c501ce5b41ed859fcf48fdb1057af364fba88a8e,yes,no,0.5025239586830139,0,2
supply_chain_disclosure_best_practice_audits,embed_small_logreg,2,4,219,bd4c1f1cf2fc2181caa3f8384bb1b4d9195039f6a32c4609aa60fff706567b74,yes,yes,0.5207396745681763,0,2
supply_chain_disclosure_best_practice_audits,embed_small_logreg,2,3,220,77ad10e7c8d412c275543817ff3fbae1b314666dc24e6b51452fee9982cb31ec,yes,yes,0.5069361925125122,0,2
supply_chain_disclosure_best_practice_audits,embed_small_logreg,2,1,221,be62d87c4255e3586bdf7df9901d04563f034fa4e1c974936be58d86bae1221c,yes,yes,0.5972395539283752,0,2
supply_chain_disclosure_best_practice_audits,embed_small_logreg,2,2,222,c28332da856f34b6a44fb9b64740e960ec60cbce5cfb5a4d5a7697e4796c9b42,yes,yes,0.6321168541908264,0,2
supply_chain_disclosure_best_practice_audits,embed_small_logreg,2,0,223,f5a6277f734ce623abb70561bc333f40c516432889b7170fe537795f0b0d1dfe,yes,yes,0.5080485939979553,0,2
supply_chain_disclosure_best_practice_audits,embed_small_logreg,2,4,224,c40939ccc68ff214deef38f965d504bec913cb7a2f3c74d2ece1a45866e275d9,yes,no,0.5359636545181274,0,2
supply_chain_disclosure_best_practice_audits,embed_small_logreg,2,2,225,829a910f071a32bcafaaa8663dbdf625ce4b5548e0b6c349d0dc9ac3703a1122,yes,no,0.7167245363212984,0,2
supply_chain_disclosure_best_practice_audits,embed_small_logreg,2,3,226,f1638844a53628837ad5d89cfcdeecc0f5bb34cfc57eb62570e26ff4a1cf62da,yes,no,0.5081578493118286,0,2
supply_chain_disclosure_best_practice_audits,embed_small_logreg,2,0,227,902f081f4eba26153cd2c7c4a497205b912767790306d278827259370ff02e5a,yes,yes,0.5043805241584778,0,2
supply_chain_disclosure_best_practice_audits,embed_small_logreg,2,1,228,ca1da196f15bf1f779e22e5e1a695d8b7a71804e15e2d5e7feff77800f931548,yes,yes,0.952087938785553,1,1
supply_chain_disclosure_best_practice_audits,embed_small_logreg,2,0,229,5f6bc442d00e4fa861670fafbb8a27c94547c1508938c9d29e3d899bfc2ba60c,yes,yes,0.5074464082717896,0,2
supply_chain_disclosure_best_practice_audits,embed_small_logreg,2,4,230,f2c4a70d75d38bdb8ddcf24ce6b3bbc1270aa929b58238973c10a2f20dcf0d75,yes,yes,0.5337372422218323,0,2
supply_chain_disclosure_best_practice_audits,embed_small_logreg,2,1,231,8bf9eb09cc0e8fd59010ab76b7c69b9e1e43c539995dc000c6861a83b2d81707,yes,yes,0.6216376423835754,0,2
supply_chain_disclosure_best_practice_audits,embed_small_logreg,2,4,232,f7cf08b6965795f5c7d3d054023aac6ccdeabdb48f991c84e2931966f6ad041d,yes,no,0.5008760690689087,0,2
supply_chain_disclosure_best_practice_audits,embed_small_logreg,2,4,233,1c7fa227e0dc0b3f0683ec2411f95409c3417c9b96f8516a9f76bb71971c3978,yes,no,0.5221580111337301,0,2
supply_chain_disclosure_best_practice_audits,embed_small_logreg,2,0,234,5f24817add32407e6acc884463b789a68919be44f960ad31c19f73970ec67edd,yes,no,0.5094224214553833,0,2
supply_chain_disclosure_best_practice_audits,embed_small_logreg,2,2,235,f3669d8939961578a7f23f5801a8f8915334ee6e2197feeaffc15c7042fe0c20,yes,yes,0.8013808727264404,1,1
supply_chain_disclosure_best_practice_audits,embed_small_logreg,2,1,236,06c17d0d305d5233112fb0bca036055b06f839ff3e6eef40071ed1a3802d4a7e,yes,yes,0.7917559146881104,1,1
supply_chain_disclosure_best_practice_audits,embed_small_logreg,2,1,237,f3e83ec97ee5386134f54fd9a9f7c19f68cc121dc9f6f5ba2618dfcd1c4b3b66,yes,yes,0.7734971046447754,1,1
supply_chain_disclosure_best_practice_audits,embed_small_logreg,2,4,238,f894ff8baed215fe478a03c4f70e0ae70f1dee90d635e8bf521bcf7c2c5d5d8c,yes,yes,0.5233460664749146,0,2
supply_chain_disclosure_best_practice_audits,embed_small_logreg,2,2,239,0959b643a8baf490de768c9a042a1cff4f7ba07e8c3a35f1d3c88073b5c659bb,yes,yes,0.5489830374717712,0,2
supply_chain_disclosure_best_practice_audits,embed_small_logreg,2,2,240,c603ec107332b17d63d9c056e5827a42faf80cee9ecf616f78b74d7b26aca002,yes,yes,0.7500825524330139,1,1
supply_chain_disclosure_best_practice_audits,embed_small_logreg,2,1,241,cff6dc284e486a2f018540356c568bd866b086fd09ab993a34321b8282b62dff,yes,no,0.6545629501342773,0,2
supply_chain_disclosure_best_practice_audits,embed_small_logreg,2,0,242,f1ffa5b7ab4faafc9099101fbcac382df8a721f39c48a1fb4eff0f8263e12ddd,yes,yes,0.5053983330726624,0,2
supply_chain_disclosure_best_practice_audits,embed_small_logreg,2,1,243,7358882b282e44427d46aa23e131b40ce9cb810d4046b9b5b1b29019a7bafd97,yes,yes,0.8483944535255432,1,1
supply_chain_disclosure_best_practice_audits,embed_small_logreg,2,4,244,39716913d74b739a4abccba43e643a747078c53268d60308a0981129848fe379,yes,yes,0.570331871509552,1,1
supply_chain_disclosure_best_practice_audits,embed_small_logreg,2,1,245,aacaba1b480efdbb8a8d7f064c31e6c8bb5d15a859dde769c4e38d8f39544726,yes,yes,0.8760721683502197,1,1
supply_chain_disclosure_best_practice_audits,embed_small_logreg,2,0,246,625e4fb7cc51b77995b363889fc63bbadb80c2bc91fb2880c1018ab4741d3b7c,yes,yes,0.5096744298934937,0,2
supply_chain_disclosure_best_practice_audits,embed_small_logreg,2,2,247,cadb995cb17c99a0479f83cf2c9ef1624ee2362bfba9690abd6fcc060800c76a,yes,yes,0.659726083278656,0,2
supply_chain_disclosure_best_practice_audits,embed_small_logreg,2,4,248,ab606b741090016f818eb0cb7e260b416330418b8003a89245993e73bf8630d0,yes,yes,0.5920020937919617,1,1
supply_chain_disclosure_best_practice_audits,embed_small_logreg,2,3,249,cc0bd56a8fa41797d21f3f767f99f08c0d47e85478b58e4221224373d2c04763,yes,yes,0.5000582933425903,0,2
supply_chain_disclosure_best_practice_audits,embed_small_logreg,2,3,250,1294ab0087ad5087a538686b745d3e7db23d18cc7f4f6f530cc80e2ac5f4db00,yes,yes,0.5104306936264038,1,1
supply_chain_disclosure_best_practice_audits,embed_small_logreg,2,2,251,94afabafc1a2e279104f1d46c17a267d3986bec668852ff48007a09bf59540ad,yes,yes,0.7479420304298401,1,1
supply_chain_disclosure_best_practice_audits,embed_small_logreg,2,0,252,6132d8d18112fa7d61ba37ff4d62b1c1c54f81b63eb04af24889c178eac1b7f5,yes,yes,0.5051755905151367,0,2
supply_chain_disclosure_best_practice_audits,embed_small_logreg,2,2,253,8c27ca919f3a1c88913da54bb4a77bba34322faffaf8e221698a9d377dbe8c52,yes,no,0.6755008496194824,0,2
supply_chain_disclosure_best_practice_audits,embed_small_logreg,2,2,254,13a1d68844cb18a366fbe726bce7132ea31a4fbed461a3d8e40fe9c27604ab0c,yes,no,0.5646101236343384,0,2
supply_chain_disclosure_best_practice_audits,embed_small_logreg,2,4,255,96815958503862c65f14b779ce716b39e74afb0aac85ec7b03e85152838e44b0,yes,no,0.5417987108230591,0,2
supply_chain_disclosure_best_practice_audits,embed_small_logreg,2,1,256,73eed2cd61ac0ea6ae32683a83e2b0e5738d28779452c6ed7cb6f7eadd0e2261,yes,yes,0.8658477067947388,1,1
supply_chain_disclosure_best_practice_audits,embed_small_logreg,2,1,257,373083f104edd5a192773c0a179c9788a933c15a1571ba09d81e8033116bf6c4,yes,yes,0.58685702085495,0,2
supply_chain_disclosure_best_practice_audits,embed_small_logreg,2,0,258,eade8098bb75f44ddc8f9427c116b373a4abfcf40e4dcf8e2774b900155008a0,yes,yes,0.5098002552986145,0,2
supply_chain_disclosure_best_practice_audits,embed_small_logreg,2,0,259,013f12d740fc3d68af91928317abf93d62dd424d19d1137d161e2693551f67e3,yes,yes,0.5005553960800171,0,2
supply_chain_disclosure_best_practice_audits,embed_small_logreg,2,2,260,bf3486f95c637ed4c0f6e7987cd08241cbaa680a7e6a37850cb43d0042e06cad,no,no,0.7080062627792358,0,2
supply_chain_disclosure_best_practice_audits,embed_small_logreg,2,3,261,17b7c487cc98c7e8e49c1c50b503ac7d38f2734055411ae4ae7b698cb622add3,no,no,0.5114697217941284,1,1
supply_chain_disclosure_best_practice_audits,embed_small_logreg,2,1,262,8af0b9f5fd790626bb4db3c123e1eb46e4ce609c0a22a6c74820808d33d2e351,no,no,0.643315334418873,0,2
supply_chain_disclosure_best_practice_audits,embed_small_logreg,2,2,263,4711f4cfb8352d9bee2590efd786b65a53292b22ea7e088a282787c6669af84d,no,no,0.7876655820707803,1,1
supply_chain_disclosure_best_practice_audits,embed_small_logreg,2,2,264,6280d5d3a4a66af42f0a860a6e1bef945aaac4cd6695915cab72224d2110b691,no,no,0.737150251865387,1,1
supply_chain_disclosure_best_practice_audits,embed_small_logreg,2,3,265,168f343929f3968913069fd4fe3ea2090bcc1a567ad31fa5d6834c9d9d8ee1d5,no,yes,0.5076999068260193,0,2
supply_chain_disclosure_best_practice_audits,embed_small_logreg,2,0,266,71386be1f3486406f1a3cf5dfee5e266834f063cbf2bfb914213afe0d7458bb1,no,yes,0.5087078213691711,0,2
supply_chain_disclosure_best_practice_audits,embed_small_logreg,2,4,267,00768c68746cc07a0855f2e858ea0b79d89c52616ea96f63e3b7d7113ad78409,no,yes,0.539398729801178,0,2
supply_chain_disclosure_best_practice_audits,embed_small_logreg,2,0,268,73be09f2cbe8d3723f914f0901b9b1199c1c4b1c8cf68937bada35a3da53af17,no,yes,0.5046108961105347,0,2
supply_chain_disclosure_best_practice_audits,embed_small_logreg,2,4,269,96700d3c63698f7fc8d4ea778f120a3d46929a5734a3c86cfa59d7a160ef608e,no,yes,0.5122513175010681,0,2
supply_chain_disclosure_best_practice_audits,embed_small_logreg,2,3,270,b11583189d07bb6c3452ea92f85ffc89db81f8f0bb7f000a3d4b4d62e7eec5c0,no,no,0.5035825967788696,0,2
supply_chain_disclosure_best_practice_audits,embed_small_logreg,2,2,271,2c33b85eaa7cbe07fb355c5e6f1156c2063261897778d650af9ba90bc60754c2,no,no,0.7105711698532104,0,2
supply_chain_disclosure_best_practice_audits,embed_small_logreg,2,4,272,203ed0f85c23f811b2013c75119ab4107bb94611678786bf334e168d337dfd91,no,no,0.5569881796836853,0,2
supply_chain_disclosure_best_practice_audits,embed_small_logreg,2,3,273,29f5a73f0eb2112c2e8648ba539c6e8540af14f4e9972e5f4dc3409460c124a7,no,yes,0.518523097038269,1,1
supply_chain_disclosure_best_practice_audits,embed_small_logreg,2,0,274,529fbe231a56762bee94fca3a926dfbe380e1a1a4899d3eee0104c0f6d69fd90,no,yes,0.5052101612091064,0,2
supply_chain_disclosure_best_practice_audits,embed_small_logreg,2,1,275,c4a4dd3902ba1e7f9bd8aec6700ede838bef8b038357041988488f41c58fd818,no,yes,0.5208922028541565,0,2
supply_chain_disclosure_best_practice_audits,embed_small_logreg,2,1,276,072d2e8050c2b36c8c5ff2c7aff95b88f8fd6cccc76368e10be132a17e092b7d,no,yes,0.7273966073989868,0,2
supply_chain_disclosure_best_practice_audits,embed_small_logreg,2,3,277,a86f11debb6ead7654a11b993c384f748c0211f80d9cf6ec15379718865bb14b,no,yes,0.5032471418380737,0,2
supply_chain_disclosure_best_practice_audits,embed_small_logreg,2,2,278,dec95cde6289a27cf2fa4c129a8fe002cd9efe24fe0c76194cd80b81d4d25646,no,no,0.621128261089325,0,2
supply_chain_disclosure_best_practice_audits,embed_small_logreg,2,4,279,278a88f973ea6da6e167d46d0b191eee85edd560cf58a096d19bf9f0385f078f,no,yes,0.5350770354270935,0,2
supply_chain_disclosure_best_practice_audits,embed_small_logreg,2,3,280,9f9d1126a707de4b474cf7e0fc08299ad856bdb4a0bfe68914a374466df2ba79,no,no,0.5068018436431885,0,2
supply_chain_disclosure_best_practice_audits,embed_small_logreg,2,3,281,49e44d01a8d96ebc8362b1012e8fe169fc8ba19015002d2415f18d38e34e543f,no,no,0.5091682076454163,1,1
supply_chain_disclosure_best_practice_audits,embed_small_logreg,2,3,282,7aff74a42e71a0efa775083fed4b831acd81e1c7a72ea3ab95fa0010cbd1b047,no,yes,0.500709056854248,0,2
supply_chain_disclosure_best_practice_audits,embed_small_logreg,2,2,283,c0e1213a6c7f271618273d37e7c4d80e49f79f3cb5a1276394122a181df3af93,no,no,0.5834118127822876,0,2
supply_chain_disclosure_best_practice_audits,embed_small_logreg,2,3,284,162326a6ce5c56ccf790f70cb837962b40b3bc3287e736e1be05be79c4e6bce9,no,no,0.5012930631637573,0,2
supply_chain_disclosure_best_practice_audits,embed_small_logreg,2,0,285,446398bfee4175c67b2956599c14af90b0edd482e1dce8163481a203948007dd,no,no,0.5045976042747498,0,2
supply_chain_disclosure_best_practice_audits,embed_small_logreg,2,0,286,ba33f9b515db096d9ae8836a3b69ce9148b85a2f3bd641c7a5fcba3f6b073736,no,no,0.5082208069628718,0,2
supply_chain_disclosure_best_practice_audits,embed_small_logreg,2,1,287,0b218c20d44772c56168aad84ee04aa59a41e91c16b8af3ec7318f2db50abac9,no,yes,0.6743937134742737,0,2
supply_chain_disclosure_best_practice_audits,embed_small_logreg,2,2,288,a6098775d1f58c7495bade73c71a163bda773200d559daf386859c20452c9497,no,no,0.5198715770282871,0,2
supply_chain_disclosure_best_practice_audits,embed_small_logreg,2,4,289,0bb83f5175555cfaa916ed3929534af9f11e955ce4ff57612f69713e94993937,no,no,0.5449851751327515,0,2
supply_chain_disclosure_best_practice_audits,embed_small_logreg,2,3,290,389a4e760129e6e54975f074004e2fec1753d42f1e48343f1b10d47d6fcac37e,no,yes,0.5049271583557129,0,2
supply_chain_disclosure_best_practice_audits,embed_small_logreg,2,0,291,d57214d0e9a179e422fbe3b51666f953ceda30db4a7ce444e66f35c2904d4c84,no,yes,0.5007127523422241,0,2
supply_chain_disclosure_best_practice_audits,embed_small_logreg,2,0,292,4f3067260931b33e6f0dcd9414705fb435db8f6aac3bf072fcf443d96f77932c,no,yes,0.5106470584869385,0,2
supply_chain_disclosure_best_practice_audits,embed_small_logreg,2,2,293,143076a0b6c3b4b2c37750896a92e809870b097c81c38be1d50dce2c008d9eb2,no,no,0.6481766104698181,0,2
supply_chain_disclosure_best_practice_audits,embed_small_logreg,2,4,294,3bce2b75988d047a0d7a0deea7d519effb6c58310ec68cc20fa6cce9c3b54f1b,no,no,0.5111474990844727,0,2
supply_chain_disclosure_best_practice_audits,embed_small_logreg,2,4,295,5ba25ab1ef701ffb4ef46c65dacf4c7fff4bf56cb6c3b355c39768b828753eb2,no,no,0.5151392817497253,0,2
supply_chain_disclosure_best_practice_audits,embed_small_logreg,2,0,296,c09af0b827ba4837bfe03f4efcc035c576b40c281b86c6d5cf4d9a9452124fe4,no,no,0.5091066208748036,0,2
supply_chain_disclosure_best_practice_audits,embed_small_logreg,2,0,297,d318eaf94df22e65541a2d801bf35239ef508dd99ccf9a378d2f01328b1b29f8,no,yes,0.514247715473175,1,1
supply_chain_disclosure_best_practice_audits,embed_small_logreg,2,0,298,b215c45d50089d0cd1585a907239c94da9543ad54bd7a50f9cf22478364ff754,no,yes,0.5150200128555298,1,1
supply_chain_disclosure_best_practice_audits,embed_small_logreg,2,0,299,9d071de4e714afecba60136fc13d2fd5d799fa73ec323fa5b32f33261331fc95,no,yes,0.5014130473136902,0,2
supply_chain_disclosure_best_practice_audits,embed_small_logreg,2,3,300,b48a0124d9c28eba8793c0639caa52128545630d8a846c28ab4f01eb7cde60e0,no,no,0.516688883304596,1,1
supply_chain_disclosure_best_practice_audits,embed_small_logreg,2,0,301,f604a8e5fc84e2cb8f3210b72d51555bfad329c64660c42250ca1403fec24f72,no,no,0.5044779181480408,0,2
supply_chain_disclosure_best_practice_audits,embed_small_logreg,2,4,302,dfd391e41957d1ac236feb8094f25b8ef1bb5bb23df2361d1e0b96cdcf4d8334,no,no,0.5684147903795603,1,1
supply_chain_disclosure_best_practice_audits,embed_small_logreg,2,2,303,da6cb12627d752d97c8b74cd52766dd24bf238718d113b3b633ccfb1b8a34605,no,yes,0.5796256065368652,0,2
supply_chain_disclosure_best_practice_audits,embed_small_logreg,2,3,304,968b24534319b3352bfda7565390677a43bff36eba314281473cc77c382f7459,no,no,0.5082595499831304,0,2
supply_chain_disclosure_best_practice_audits,embed_small_logreg,2,2,305,4441c0b5b2cc678233438e17f40bbaa0525429c3e46d1ba3068a07a61b93ac90,no,no,0.6421171426773071,0,2
supply_chain_disclosure_best_practice_audits,embed_small_logreg,2,0,306,e7be9434bab5ee26ff724ad366dd76a6eb91f1c4d40da2a6a8cacdadec1b2cef,no,no,0.5071945190429688,0,2
supply_chain_disclosure_best_practice_audits,embed_small_logreg,2,4,307,f4f4adbea45122fdb1d3bbd6cd8cdeb27833cdb5d576db84c1eda5e29dcaee5f,no,no,0.5802868008613586,1,1
supply_chain_disclosure_best_practice_audits,embed_small_logreg,2,1,308,23cc46b8e873878abcf6bddaef16294515cd6ff0c31f4b9c469cf5d98cd31970,no,yes,0.5686128735542297,0,2
supply_chain_disclosure_best_practice_audits,embed_small_logreg,2,3,309,4812c78abc5dfdced8315b1ba8d4b75c05311b916aa75c4d90debdfc6f969f74,no,no,0.5112032890319824,1,1
supply_chain_disclosure_best_practice_audits,embed_small_logreg,2,4,310,83f36822a559802b4975bbd8ddaa42349b8ee30eaf1e14b895b064dc2d783343,no,yes,0.5365644097328186,0,2
supply_chain_disclosure_best_practice_audits,embed_small_logreg,2,4,311,6bd5e103d0200987b6d5a975589d665847c4a5cb70be72a8ec7b797be539ca1b,no,no,0.5181600451469421,0,2
supply_chain_disclosure_best_practice_audits,embed_small_logreg,2,2,312,396db51b94e5987c9f4291a20606d3214010cae759f026fc485bfdccb44d32fa,no,no,0.6923545002937317,0,2
supply_chain_disclosure_best_practice_audits,embed_small_logreg,2,1,313,32aac534cc8c69b44cffb558d1687dde646c903551f4716d35f361ff9dfef7bc,no,yes,0.8549241423606873,1,1
supply_chain_disclosure_best_practice_audits,embed_small_logreg,2,0,314,cbd37b5b1d68d6e3051fe7d37866a22b605c82f43a4558b539cc921a761165da,no,yes,0.5121407508850098,1,1
supply_chain_disclosure_best_practice_audits,embed_small_logreg,2,0,315,93385e4040b8a9e2244312c589f32c019276499f4d77dc979a43a063da101d79,no,no,0.5100401639938354,0,2
supply_chain_disclosure_best_practice_audits,embed_small_logreg,2,3,316,fd5ab74802751c150fc6ffc9f5fc04a7520d18f5e369c5198e123110ae82e19b,no,no,0.504084572074277,0,2
supply_chain_disclosure_best_practice_audits,embed_small_logreg,2,0,317,c39413cbf6175d72ce6425d54415f612eb915e3a715f188af606596ffd3c5c5a,no,yes,0.5093260407447815,0,2
supply_chain_disclosure_best_practice_audits,embed_small_logreg,2,3,318,d13bde6dbbb3e00674ae5199051fa37761040e06ca97d1fcddd06d1ca5a95012,no,no,0.5009659678031793,0,2
supply_chain_disclosure_best_practice_audits,embed_small_logreg,2,1,319,a70cae38bc14a6f8f9ff25c6f6fc01da33d93a293a9faa412ec7fd88b01dab57,no,yes,0.5259875059127808,0,2
supply_chain_disclosure_best_practice_audits,embed_small_logreg,2,0,320,3d8984baef0ba18103046a21a24eaa95a7315dac31f46efd9d70b2de535cb462,no,yes,0.5138376951217651,1,1
supply_chain_disclosure_best_practice_audits,embed_small_logreg,2,2,321,27802664c2d01aa9a779698077273b0dfbb4e4c37c59ec27a359740e25c22b42,no,yes,0.5703343152999878,0,2
supply_chain_disclosure_best_practice_audits,embed_small_logreg,2,4,322,c8ba7ee2aff1efe743ffdd333d82a22572e92a917542d07d056d220a47de9d41,no,no,0.6346138119697571,1,1
supply_chain_disclosure_best_practice_audits,embed_small_logreg,2,2,323,3197363915acc24a03e50b624d5514a7aae17a858feaebce00133fca51c8ab4e,no,yes,0.627226710319519,0,2
supply_chain_disclosure_best_practice_audits,embed_small_logreg,2,2,324,0befd85c57d5cc436139e85b69ed400d5bef008c4e62d3c2edc68db2816c720d,no,yes,0.5512115955352783,0,2
supply_chain_disclosure_best_practice_audits,embed_small_logreg,2,4,325,511c8ce5808e6bd8d67a22f804e04fe11901c30d1c6316a4cf9d7ecf7650b4e7,no,yes,0.5149679183959961,0,2
supply_chain_disclosure_best_practice_audits,embed_small_logreg,2,1,326,c27e6fadd2b0b3eb12322506eb24c1c751d3d78f654dde666d6ae98bea4843d6,no,yes,0.6143754720687866,0,2
supply_chain_disclosure_best_practice_audits,embed_small_logreg,2,3,327,31bd0760ea5f242b9f1c3214f1def028d570d735060898e3dfe0692b784765c6,no,yes,0.501609206199646,0,2
supply_chain_disclosure_best_practice_audits,embed_small_logreg,2,0,328,0605d4ef497301876468cc2abc3991419cb67ab9f6f44508b0849ad5cf2bc53a,no,no,0.504629373550415,0,2
supply_chain_disclosure_best_practice_audits,embed_small_logreg,2,0,329,61fdcfca449fbfdb032d1d9c17f754d30f1640a83287a1b9920ca671c0bc204f,no,no,0.5069867968559265,0,2
supply_chain_disclosure_best_practice_audits,embed_small_logreg,2,2,330,cde51c4232abd6a3d2b26f8ef8d8222f4018c74db11f9042f8d1f02d7b38d0ee,no,no,0.6005136370658875,0,2
supply_chain_disclosure_best_practice_audits,embed_small_logreg,2,4,331,319f9e927445f3d22c3c88b50343f05c4b5e9652ee4c548d6428c7fbfa6ddb18,no,yes,0.5283564925193787,0,2
supply_chain_disclosure_best_practice_audits,embed_small_logreg,2,0,332,189c16c1e54172f9e82ad90fdfd5e678727d91bda7c553e141882e572dd268de,no,yes,0.5103302001953125,0,2
supply_chain_disclosure_best_practice_audits,embed_small_logreg,2,1,333,50bc448a6e56c7b8a2cc2d46b2f97fd9cb0e9d4e8d9c08464f7f83ce1087ca64,no,yes,0.9226883053779602,1,1
supply_chain_disclosure_best_practice_audits,embed_small_logreg,2,2,334,1d40ab814671064c78b4e4b52104b7c67dd683a3660819cf3f84d9f8fb431067,no,yes,0.6502867937088013,0,2
supply_chain_disclosure_best_practice_audits,embed_small_logreg,2,0,335,616072472d0a990fbc711a6602843e35e185e74e6783dad5587dc1a74f7564b5,no,yes,0.5025022625923157,0,2
supply_chain_disclosure_best_practice_audits,embed_small_logreg,2,2,336,4b44ec066ecab4f9d6bf9bd182434dd023a65373af82a4b71049e0e039377bb5,no,no,0.6804690957069397,0,2
supply_chain_disclosure_best_practice_audits,embed_small_logreg,2,2,337,f75e522355c0c0d4675648d8939f58f0ec9be70cb95841db451b5e375c1a89e0,no,no,0.637057900428772,0,2
supply_chain_disclosure_best_practice_audits,embed_small_logreg,2,4,338,fa6b3e76ad96618009ffc2f157f3ca4d543344f3dc774b60cb2107497173bbb2,no,no,0.6036969603209782,1,1
supply_chain_disclosure_best_practice_audits,embed_small_logreg,2,2,339,4a0ff924d0af0c575b3be2e72b34334f61fac916dfdeef18d4d8b2786d5a055c,no,no,0.6267383098602295,0,2
supply_chain_disclosure_best_practice_audits,embed_small_logreg,2,1,340,a2c3a52ee094219ed5814abd08612de2476dc3c07d49af67be0302a80c6214d6,no,no,0.542225182056427,0,2
supply_chain_disclosure_best_practice_audits,embed_small_logreg,2,1,341,95fc1e387da1c2ef3c88f6b5a13bd043d0bcb9d99736badacc5810f4e69f6ead,no,no,0.5113433447079854,0,2
supply_chain_disclosure_best_practice_audits,embed_small_logreg,2,1,342,890c6a25c312a4255ede6c1b5569bef48435d8858fb1ad26a3a541896113f791,no,yes,0.6747123599052429,0,2
supply_chain_disclosure_best_practice_audits,embed_small_logreg,2,4,343,1d04a8b5ec608d80d692c827ee93b276d14a3b5ce3ce5e5d38c1f64046ca2164,no,yes,0.5269296169281006,0,2
supply_chain_disclosure_best_practice_audits,embed_small_logreg,2,3,344,5b2dad8f75d721ee621a1a59f7a9a94122fc51b61d681720d8f6feb20955f873,no,no,0.5098713788351827,1,1
supply_chain_disclosure_best_practice_audits,embed_small_logreg,2,4,345,4742b083f9d4160e57ed034142afeb23e254b242fcf6a61c5610897189c37d0d,no,no,0.5035808236474044,0,2
supply_chain_disclosure_best_practice_audits,embed_small_logreg,2,1,346,b33ee53ceb9352753d8eed3360ba28d8c47838544e26df87b06b0629f85abbc7,no,yes,0.7203791737556458,0,2
supply_chain_disclosure_best_practice_audits,embed_small_logreg,2,4,347,a691807189c6dff4664d336078a034a8af9d49c86e0f4379c3c0d5ca80cd47a0,no,no,0.5950230537361817,1,1
supply_chain_disclosure_best_practice_audits,embed_small_logreg,2,1,348,03916a7e2107458575027c95858e95e02f45009f5bcecbbba957af619f214e96,no,yes,0.5811626315116882,0,2
supply_chain_disclosure_best_practice_audits,embed_small_logreg,2,1,349,337eac86a7ed305d725b924b7de373c3d0504a440bba1405decf7be11c2b34a9,no,yes,0.7737336158752441,1,1
supply_chain_disclosure_best_practice_audits,embed_small_logreg,2,3,350,4bc5542025350d91bbe713d5ef7111c64ee186faec13989fbff30704352647b7,no,yes,0.5057861804962158,0,2
supply_chain_disclosure_best_practice_audits,embed_small_logreg,2,2,351,7c74070fd3590918c058469fa3c201147083b789e575edc07df20c082a180302,no,no,0.8303188557875327,1,1
supply_chain_disclosure_best_practice_audits,embed_small_logreg,2,4,352,d0664eb101108ed4106770b8ccbb1a8919975cf2aad682315cd97a0b5eeb99c8,no,no,0.5089909434318542,0,2
supply_chain_disclosure_best_practice_audits,embed_small_logreg,2,1,353,c60dd149ee7c246d148509fae225b586775c8507972ab1eabbf727c5f8e7c79f,no,yes,0.6031675338745117,0,2
supply_chain_disclosure_best_practice_audits,embed_small_logreg,2,0,354,28e5e89e983fe11d4fe513af1d2e124be02e54440e1013f26e37f42a95fae74c,no,no,0.5061222465670778,0,2
supply_chain_disclosure_best_practice_audits,embed_small_logreg,2,1,355,be342d0ba3afd69f4b1ed982cddc42bdd2bc8627333f859b23a80eefae95323b,no,no,0.8212344401706922,1,1
supply_chain_disclosure_best_practice_audits,embed_small_logreg,2,1,356,b1a10b2ac1ff6205d95bf78c935c9e215fb3e7febd37a5c41c5f6a90a71b8321,no,no,0.565039617865097,0,2
supply_chain_disclosure_best_practice_audits,embed_small_logreg,2,4,357,583b8ebb8255f9589f012b68d1273468b40591ee99033e845869c2c21f2aebe1,no,no,0.5549236370645869,0,2
supply_chain_disclosure_best_practice_audits,embed_small_logreg,2,3,358,1893fb2f00cc58f4377a2868cc85f79105500067ec465ee406df6811a2ba6fab,no,yes,0.5097157955169678,1,1
supply_chain_disclosure_best_practice_audits,embed_small_logreg,2,0,359,82a8133be0fa802002cb741817aeefae6af67d1b167f8d2597832bea8b4bcae2,no,yes,0.5002135038375854,0,2
supply_chain_disclosure_best_practice_audits,embed_small_logreg,2,3,360,6330f93d46deabef60b77631dddbd90916bf329a1274ab475af4034e0414e801,no,no,0.506860748137854,0,2
supply_chain_disclosure_best_practice_audits,embed_small_logreg,2,4,361,a755105d219ad2c94dad6fb3e687221d0988b19734b874d618caee0c39428703,no,no,0.5326422452926636,0,2
supply_chain_disclosure_best_practice_audits,embed_small_logreg,2,1,362,1ae6dcfd7fda95f910cd66b4dadbe426f4d4f3805170498ffc16446a4b816227,no,no,0.509143098916319,0,2
supply_chain_disclosure_best_practice_audits,embed_small_logreg,2,1,363,6005d637aec6968fd09b9156f9c4b42cea3ea4cf5711a412c8199a74e6b0da6d,no,yes,0.6712951064109802,0,2
supply_chain_disclosure_best_practice_audits,embed_small_logreg,2,3,364,e22eb40d5a0e35ac139d6625ba9fe83b5d9cc62fe73344788c6fbf34601eb66e,no,yes,0.5062664151191711,0,2
supply_chain_disclosure_best_practice_audits,embed_small_logreg,2,1,365,b0ca0d813fe62b540b47121478904fe14e2847113e1093363f19f3c530ffd780,no,yes,0.6633484959602356,0,2
supply_chain_disclosure_best_practice_audits,embed_small_logreg,2,2,366,126cf937cb1a759c366b806643329bf0d1541ae8cc5d4d3ab1291fab336e0e2f,no,yes,0.5368028879165649,0,2
supply_chain_disclosure_best_practice_audits,embed_small_logreg,2,2,367,b3ba7ed6334a095408711307b7b6d765a247957b2d8cf2c3fb74aab1848d4478,no,no,0.673962414264679,0,2
supply_chain_disclosure_best_practice_audits,embed_small_logreg,2,4,368,42252d18326239ebb7a4bd9a369d958b552ade3a81818a7b33b5c7a254186386,no,yes,0.5490550994873047,0,2
supply_chain_disclosure_best_practice_audits,embed_small_logreg,2,0,369,1d8ec0aa2dde44562bea9e56edd84aafdefd120268eb03e844526b3528ccc5fb,no,no,0.5045765487975911,0,2
supply_chain_disclosure_best_practice_audits,embed_small_logreg,2,2,370,d62cebfdc280570fae7895fb04d0666af038f0325c877e2bf486cc8aab9b741f,no,yes,0.6660085320472717,0,2
supply_chain_disclosure_best_practice_audits,embed_small_logreg,2,1,371,18b3aa7da2676a92694698ba51e9d1406f32f4d2e6a4f456717df617b747dc27,no,yes,0.5957889556884766,0,2
supply_chain_disclosure_best_practice_audits,embed_small_logreg,2,3,372,d2101f76c6dfeb150215dfc3c747d278ed02b68c118346418eff466ec7e58111,no,no,0.5021520853042603,0,2
supply_chain_disclosure_best_practice_audits,embed_small_logreg,2,4,373,04ab2f27eec1c522ad9e668f4c68200eeab67868264dbf343658dc8d9a1c8f45,no,yes,0.5078067779541016,0,2
supply_chain_disclosure_best_practice_audits,embed_small_logreg,2,2,374,98d820923bcd03faee2d85e8d8a5a6c16f2d445795a1c658130203c5766b0497,no,yes,0.6491483449935913,0,2
supply_chain_disclosure_best_practice_audits,embed_small_logreg,2,1,375,f712982ec8f374fc723b5aee46de82200f2a4f333ae3e6fb45e1aecd1916c30d,no,no,0.7142468690872192,0,2
supply_chain_disclosure_best_practice_audits,embed_small_logreg,2,3,376,d56330358a4f915da1d08b99375ace062ef622d4a645a2c4476474c8a6303f10,no,no,0.5104532089694378,1,1
supply_chain_disclosure_best_practice_audits,embed_small_logreg,2,1,377,1b424930328a00849ed3e051ff08961ed0d9abdacf308421a660728083fa9062,no,yes,0.59788978099823,0,2
supply_chain_disclosure_best_practice_audits,embed_small_logreg,2,3,378,e08f36d3835ba4da0d6cb67088f631323be5705467f895cfcf7cacab604f8d65,no,no,0.5192730581543761,1,1
