task,candidate,repeat,fold,item_idx,text_sha256,gold,pred,p_pred,kept,set_size
supply_chain_disclosure_best_practice_audits,tfidf_logreg,0,2,0,9d54e6c772949bfb6b364e2d7006fb131ac4294d6529566b2d88c78014eb6a1d,yes,yes,0.5509616750791195,1,1
supply_chain_disclosure_best_practice_audits,tfidf_logreg,0,1,1,6bd8ec1448ec24fd291dc77052268939f67f9cfea5b76bd69388e542e0b53419,yes,yes,0.549617709658055,1,1
supply_chain_disclosure_best_practice_audits,tfidf_logreg,0,1,2,cfd25f9be7d33e9e2626fa8f008705300a927fdffb8d298eb046111abadd5313,yes,yes,0.5231362282642893,0,2
supply_chain_disclosure_best_practice_audits,tfidf_logreg,0,0,3,2f6b42c2613958a15c6634faad8dce008342e61c935053e805fb0f1fff7e4aa5,yes,yes,0.5235481964988722,0,2
supply_chain_disclosure_best_practice_audits,tfidf_logreg,0,3,4,dd521a35f676e54ddd4c10353a5b613a177a8c4ab4053780ebfac40ccda839f6,yes,yes,0.7859276457484521,1,1
supply_chain_disclosure_best_practice_audits,tfidf_logreg,0,1,5,33e4c0559a94c7dce28fd5c76870036003e5e62eed6cf35cdc1c63a6b0a6569f,yes,yes,0.5040695456955465,0,2
supply_chain_disclosure_best_practice_audits,tfidf_logreg,0,4,6,fb9db00dc94a7d11b1f1dc759bdaa0ab4132a345c4f4c79fa1b99a4f3feabec7,yes,yes,0.5287183520606912,0,2
supply_chain_disclosure_best_practice_audits,tfidf_logreg,0,2,7,a3a6ab356fbf9711c2b5414d31490eead3dd8e73d43141d8c1c133c314b5f163,yes,yes,0.5187233050763191,0,2
supply_chain_disclosure_best_practice_audits,tfidf_logreg,0,3,8,7a0cea15013a413c9095a12a26a110ad23082840e0980ef5ea664df3aa587c79,yes,yes,0.7538498339648149,0,2
supply_chain_disclosure_best_practice_audits,tfidf_logreg,0,3,9,ded19f85f9c4d9d7f469200e17647cd8ecc12c2da48288385855657ec1b5adf5,yes,yes,0.8010164689854945,1,1
supply_chain_disclosure_best_practice_audits,tfidf_logreg,0,0,10,edbc6a22c498b82bac2202f1e46acbeaedfb015c0444653d0b0aeb6099e37ff7,yes,yes,0.5516820510624513,1,1
supply_chain_disclosure_best_practice_audits,tfidf_logreg,0,2,11,72cbb74b67a42c66920815b763cc6896803bfbe9a4dde82490f10909e1dfcbec,yes,yes,0.5047517633978069,0,2
supply_chain_disclosure_best_practice_audits,tfidf_logreg,0,1,12,b6f77759748e520cb2650c9d05bfabeb352e52aeb1c443de23d4c8058ffbae34,yes,yes,0.5604532753293632,1,1
supply_chain_disclosure_best_practice_audits,tfidf_logreg,0,4,13,dade26e8398dbb799fd50eb54dbcd3e6ab8b4c274c793f921a58a02434c8b920,yes,yes,0.5189083450787919,0,2
supply_chain_disclosure_best_practice_audits,tfidf_logreg,0,2,14,ca680947ea1c383262052c8e93e441eefb9f5c56853cfdc57b710b6763858524,yes,yes,0.5073460983054995,0,2
supply_chain_disclosure_best_practice_audits,tfidf_logreg,0,3,15,6567baee48eaca37363905900994df097ee69c55020b441e3135e706805c61aa,yes,yes,0.9349806616607453,1,1
supply_chain_disclosure_best_practice_audits,tfidf_logreg,0,1,16,3f83f1e16a6ae23ed6f0bb9678979f85323df70d52e5af7828b1bed5744918b1,yes,yes,0.5101231959711874,0,2
supply_chain_disclosure_best_practice_audits,tfidf_logreg,0,1,17,37ed9ddde655fb5e0bedd0751e547d4b678cb2a4faeb1a803f4fde03b96df247,yes,yes,0.5409965884356386,1,1
supply_chain_disclosure_best_practice_audits,tfidf_logreg,0,0,18,927e63eace0a5b571aaae87c06d33ec73b502b226e5e07f69211aac675c9199d,yes,yes,0.522006617149302,0,2
supply_chain_disclosure_best_practice_audits,tfidf_logreg,0,1,19,67595c9be4cf851988bc1fc7cdcedef276346c043520046d91bb26c48edac6cc,yes,yes,0.5191578063552958,0,2
supply_chain_disclosure_best_practice_audits,tfidf_logreg,0,0,20,97859a9430e770c53776bdb64bcac6e1057b25056282b1a971f3143449b8ae52,yes,yes,0.5059358436056756,0,2
supply_chain_disclosure_best_practice_audits,tfidf_logreg,0,3,21,d70648593b74ef9e2bc2de57c4dd94c2323fa8cd58e0083ea94ae75980c167fd,yes,yes,0.7511752310623208,0,2
supply_chain_disclosure_best_practice_audits,tfidf_logreg,0,4,22,52f6bfce60e5ece10730f4e80ac4d6d0a44cf613425838d5b0805482b44527f6,yes,yes,0.5178247461195539,0,2
supply_chain_disclosure_best_practice_audits,tfidf_logreg,0,3,23,e50372eb04052599ab62fed9665c237fbb1fafd32f6502757f0d0bc648ee5072,yes,yes,0.5994081546021149,0,2
supply_chain_disclosure_best_practice_audits,tfidf_logreg,0,1,24,450bbed24b34b5272d476f23a5de997f8ff5490a0e106d7cdec0c059964c5c25,yes,yes,0.5465361020409268,1,1
supply_chain_disclosure_best_practice_audits,tfidf_logreg,0,4,25,f2116c063ca557116fe78a21ccd8f5607276835e91875fc11bf12932dddc984f,yes,yes,0.5384103521074329,1,1
supply_chain_disclosure_best_practice_audits,tfidf_logreg,0,1,26,aafd7fd03c4909c8dc45f9cb2cd65c636a86fc13ac4f6c08c449151b9a47fef7,yes,yes,0.5184129652904611,0,2
supply_chain_disclosure_best_practice_audits,tfidf_logreg,0,1,27,33043270153f967b1fcebdd792621661d4f1066634cad83e35b51a515630ac38,yes,yes,0.5039681695147032,0,2
supply_chain_disclosure_best_practice_audits,tfidf_logreg,0,0,28,43294ee8c35a7c5c0a600a0522b094cbf6660d69944080ca876844efa92382dc,yes,yes,0.5141951265240193,0,2
supply_chain_disclosure_best_practice_audits,tfidf_logreg,0,3,29,b68f1b883214616d4922a65d201ee2ea9db1a0122864b78ccbbf5ee46c7a8f7b,yes,yes,0.9428909554931074,1,1
supply_chain_disclosure_best_practice_audits,tfidf_logreg,0,0,30,7310ac62e99a4e8b1a34fce3d7086304d24c92e3534b4100b1c05e58506ac4b1,yes,yes,0.5309935297778937,1,1
supply_chain_disclosure_best_practice_audits,tfidf_logreg,0,0,31,b32275d570cb22080951b4812db4ef3e116eb01260737efd0035c8ac82e331f9,yes,yes,0.5045897651778075,0,2
supply_chain_disclosure_best_practice_audits,tfidf_logreg,0,4,32,052895a7e776122c3bd93f43e5a766518ea710c81cd2d76001ab5d8e1a8e9576,yes,yes,0.5493139483883506,1,1
supply_chain_disclosure_best_practice_audits,tfidf_logreg,0,0,33,92cd4852e93b427437a48160221b761b265339694e1e9e4b6fbb4078283d47dd,yes,yes,0.5318825248675563,1,1
supply_chain_disclosure_best_practice_audits,tfidf_logreg,0,3,34,a63bbe340e7e5559ab344685986e27ba29e7856a2bb43f559677d60bd6372b49,yes,yes,0.903797023645628,1,1
supply_chain_disclosure_best_practice_audits,tfidf_logreg,0,3,35,4c66ac71222d0b9ea3d8106a65704219a05af6e124369c676e6d84e9e05eef96,yes,yes,0.933174019495328,1,1
supply_chain_disclosure_best_practice_audits,tfidf_logreg,0,2,36,5a71be10ab1bfb61b9c98e5a9adce211ebf7cc64b75c2fe894b2da8f4f438624,yes,yes,0.5057330887868451,0,2
supply_chain_disclosure_best_practice_audits,tfidf_logreg,0,0,37,7a943e9ef37d479a877b40d230449fde8ef8985c43c5795a2b67ad1a560ec3dd,yes,no,0.500558230769399,0,2
supply_chain_disclosure_best_practice_audits,tfidf_logreg,0,1,38,eebfae389e1805a6524964b0a815e9e64c44ec4245148015e3ee4de8084556cf,yes,yes,0.5357087867276831,1,1
supply_chain_disclosure_best_practice_audits,tfidf_logreg,0,2,39,242ffbc9b3e5ff9fb89c658b1348a67d708b3cbbc0707ba7991cf585da68498d,yes,yes,0.5063019531530597,0,2
supply_chain_disclosure_best_practice_audits,tfidf_logreg,0,0,40,6d4f73e7a6d1fea0e78502ec3d78016b8d7cc091321e361a13bcbc1c64abbc92,yes,no,0.5042933195222323,0,2
supply_chain_disclosure_best_practice_audits,tfidf_logreg,0,4,41,e91b405667ff2e3c59a366f14d4e69a85adf7b37adfbe5cc0d4f68d3ff850477,yes,yes,0.5354788409833724,1,1
supply_chain_disclosure_best_practice_audits,tfidf_logreg,0,1,42,df4b5ecfdae8b9a769a3ceef89c8f2943eff05ffdb56a25b5ff2517b2a5774ad,yes,yes,0.5199121917094562,0,2
supply_chain_disclosure_best_practice_audits,tfidf_logreg,0,4,43,68dff8e9beb989b03b38607e665e4d5372e148fe089e55d47bec6692aea9c76a,yes,yes,0.5091192745274161,0,2
supply_chain_disclosure_best_practice_audits,tfidf_logreg,0,1,44,473f02f9766d1a9408898f92db8c82504af7648bb43d66a2d58ba393ad110cea,yes,yes,0.5190833215270626,0,2
supply_chain_disclosure_best_practice_audits,tfidf_logreg,0,2,45,40b81122b3ce13d0b02d3855a778d59dfa74dfe699922ad1cd59e4c945a11085,yes,no,0.5023081913711932,0,2
supply_chain_disclosure_best_practice_audits,tfidf_logreg,0,3,46,be386186c94960b560719aa9801a2b53b610974576c933522e3bf0b7de9f75ee,yes,yes,0.9310112980469277,1,1
supply_chain_disclosure_best_practice_audits,tfidf_logreg,0,0,47,54ba1171dd088353ea0094c11e682cce0bda3cce8961ca9686b40b33a7462851,yes,yes,0.5419709817868674,1,1
supply_chain_disclosure_best_practice_audits,tfidf_logreg,0,1,48,a5cd9829d0bb6680b12c38d718acd91f080de69f112a33da5f30ee6a651da5bd,yes,yes,0.506628470826476,0,2
supply_chain_disclosure_best_practice_audits,tfidf_logreg,0,1,49,a60b58ec65949fd64e04a7930db1d4f38f18d50de6cc77f83c3a1f018bb35971,yes,yes,0.5310853900653033,0,2
supply_chain_disclosure_best_practice_audits,tfidf_logreg,0,3,50,258ee064efae6bfc773d9e688e0e04507092de9bb4d6c023bdd08088ce9b7d0a,yes,yes,0.7708698598816426,1,1
supply_chain_disclosure_best_practice_audits,tfidf_logreg,0,0,51,3bb5ff0604197b2135281a129b8db0a49cf99b97683131f2595801f5a3538e48,yes,yes,0.5472669273985746,1,1
supply_chain_disclosure_best_practice_audits,tfidf_logreg,0,3,52,4124b6eeb003417bd70564ba2fde31be4a267b867426f07b7e40d3a5a42b955e,yes,yes,0.7775255807042001,1,1
supply_chain_disclosure_best_practice_audits,tfidf_logreg,0,0,53,6795adbe04130c6f667f1f3bfdf4477f9426ec504d554b86e3442d6bc01c64b3,yes,yes,0.520585990858347,0,2
supply_chain_disclosure_best_practice_audits,tfidf_logreg,0,1,54,b624a5abb6fe61a77543f57ce95b180f41e23f122d7ea978a7f03a9080d0c117,yes,yes,0.5102258666731286,0,2
supply_chain_disclosure_best_practice_audits,tfidf_logreg,0,2,55,6434dbb7f593fcc55b97b67e6ab2b3bc4e6b0d9e0842c8fdbf3d79acd062e711,yes,yes,0.5736157219030187,1,1
supply_chain_disclosure_best_practice_audits,tfidf_logreg,0,0,56,2c5af191cf4c83284d0d480817f743f471028484b87e6533b0919f79d8be73da,yes,yes,0.5124176619666865,0,2
supply_chain_disclosure_best_practice_audits,tfidf_logreg,0,1,57,1a95135ede09d2e63bd6b4a843062ac4af61a3fd3b03ede6d720351b54846dc4,yes,yes,0.5361110663228392,1,1
supply_chain_disclosure_best_practice_audits,tfidf_logreg,0,4,58,1810bea0a08d73c32b1805b8831178ca0ab8528b2d0f8ac88247661a6e69f8e7,yes,no,0.5060083310834785,0,2
supply_chain_disclosure_best_practice_audits,tfidf_logreg,0,4,59,5a2d69bd4e38c3951efb30708a40e3f4a39f104d84721cbf8c545d5ebbf5a979,yes,yes,0.516843628814395,0,2
supply_chain_disclosure_best_practice_audits,tfidf_logreg,0,2,60,46835c7ca7f9d3ed9aac3bf85af18fe4658a5d4cecd054ad6219f1b379266b5a,yes,yes,0.519329358749985,0,2
supply_chain_disclosure_best_practice_audits,tfidf_logreg,0,2,61,19d22a3d9ae55ee79ad31bf1a33f28b73bf1af23a659ff9b50fd6a039c3c1015,yes,yes,0.535364875704208,1,1
supply_chain_disclosure_best_practice_audits,tfidf_logreg,0,0,62,e0675a87b1557858af49db8846e7da2a54792cca0f4b6687547a06bc21752a64,yes,yes,0.5483172471257634,1,1
supply_chain_disclosure_best_practice_audits,tfidf_logreg,0,0,63,88e18396e51fd530b25dbdba867dee981f99e3bc9ee3e4495b541d3afb24f860,yes,yes,0.5154737156242868,0,2
supply_chain_disclosure_best_practice_audits,tfidf_logreg,0,3,64,30c8b45d4999cf9de8c3c9318059611dc084dd5f81ec50a3ffefb4c434ea5d10,yes,yes,0.8535530262771078,1,1
supply_chain_disclosure_best_practice_audits,tfidf_logreg,0,2,65,bcc7c3c9238c4ca25a297bba82702f037934c89e424571ce800b424c2d72eb99,yes,yes,0.5301464684551925,1,1
supply_chain_disclosure_best_practice_audits,tfidf_logreg,0,4,66,d37dc7efcf545e24ea668accb8a8fc8c4b2d71c9a6b66829b6e7f5ad5887c55d,yes,yes,0.5348287126861403,1,1
supply_chain_disclosure_best_practice_audits,tfidf_logreg,0,4,67,1ff72a935e2581a73389e968b07a918171d3a71863f799670ce20e0422a77bc1,yes,yes,0.527584665967412,0,2
supply_chain_disclosure_best_practice_audits,tfidf_logreg,0,0,68,7c213e830f4b18be4e5435844ebc2482efb5672c7e559006f5c1c21d16cce21f,yes,yes,0.5464232396424261,1,1
supply_chain_disclosure_best_practice_audits,tfidf_logreg,0,0,69,ca21f83512fd7ebfb00825a9d23131822aec5c635857f75025dae20d8e2aeab9,yes,yes,0.5342743423988949,1,1
supply_chain_disclosure_best_practice_audits,tfidf_logreg,0,2,70,583603f2fa828ad5e7283f6a522153df983d96151dd424e878bb41f458ff420a,yes,yes,0.5153561735644125,0,2
supply_chain_disclosure_best_practice_audits,tfidf_logreg,0,1,71,68f670418f0909105c1cb8844772825fb4ba489c72634c139452928eca657515,yes,yes,0.560763597636053,1,1
supply_chain_disclosure_best_practice_audits,tfidf_logreg,0,1,72,a1ee39468479a4129fcd404c7b033a1667904771c45acb07969e94a5c816f741,yes,no,0.5058129650336578,0,2
supply_chain_disclosure_best_practice_audits,tfidf_logreg,0,2,73,1bbaf32745507e45914fe877698c77e2517b9dcb02e59aefb755e2cb05b3b6ce,yes,yes,0.5259054908275848,1,1
supply_chain_disclosure_best_practice_audits,tfidf_logreg,0,0,74,6441a25c7e9aacdd81cbb5eb9006df4554ef2b778c49f73b61cb1a87d1e664a7,yes,yes,0.5528222209043019,1,1
supply_chain_disclosure_best_practice_audits,tfidf_logreg,0,0,75,7effe61be9495286cb7aa152dfe4bb187087cfbbadfd5ae74615afccc94ca5a2,yes,yes,0.5421090520111693,1,1
supply_chain_disclosure_best_practice_audits,tfidf_logreg,0,4,76,55149e53ccbcecf5b2bec61a13a083d8c80ef7d940bce4e69759bd859b75cf27,yes,yes,0.5261252747498238,0,2
supply_chain_disclosure_best_practice_audits,tfidf_logreg,0,4,77,ee9e57c3f7c911b1fd365b5aaadb5a15128e352364d4bec56ec84467d3ff736a,yes,no,0.5063000829198598,0,2
supply_chain_disclosure_best_practice_audits,tfidf_logreg,0,1,78,d7b7e1ac46290add16f23c8195170499df669318e8158462abe68741792c3fc7,yes,yes,0.5493025825161884,1,1
supply_chain_disclosure_best_practice_audits,tfidf_logreg,0,3,79,4319a82278965a186ff1f30c53989cec45e638b378eab1febcbeb65f23fabe9f,yes,yes,0.7741764171253477,1,1
supply_chain_disclosure_best_practice_audits,tfidf_logreg,0,3,80,15e57eb32f969fcd0a6f49e9976788796a20f6e9807cda15d025765d4a4c6250,yes,yes,0.8610512695106936,1,1
supply_chain_disclosure_best_practice_audits,tfidf_logreg,0,3,81,f1e998799add05735d8e4ef8a7b0680c19790187dbe70fb785f32d106cac896b,yes,no,0.611419114327616,0,2
supply_chain_disclosure_best_practice_audits,tfidf_logreg,0,4,82,db23799cc5ac6832bc82fc3c56b81ffda2cf099b7bb8dfc04851c7cc978d3860,yes,yes,0.5224138871180825,0,2
supply_chain_disclosure_best_practice_audits,tfidf_logreg,0,3,83,2ebf21b254356e063ec495bc48e8b427c9cef0e023d6c440ab4695d670fac424,yes,yes,0.6868753736215342,0,2
supply_chain_disclosure_best_practice_audits,tfidf_logreg,0,4,84,f5f05ce191f8e498e77d5a82efe0cc9b7b0caca2cbd03855b4a3c04dd5326f82,yes,yes,0.5089604665647377,0,2
supply_chain_disclosure_best_practice_audits,tfidf_logreg,0,2,85,235ce0ea6083794379941800918b143e04bd02e90f6ca0df77dc219a03def0fb,yes,yes,0.5419162800097064,1,1
supply_chain_disclosure_best_practice_audits,tfidf_logreg,0,0,86,675f9e573acd9ee413ee4098ecee6e28c67fb1251f10e277dc5f8251151e9da2,yes,yes,0.5169808379562484,0,2
supply_chain_disclosure_best_practice_audits,tfidf_logreg,0,3,87,2ff95ae87bf0173ba35ce7803ee7e2b6c3e55da5408e2849e2db1bf6be370c1f,yes,yes,0.9217719193133779,1,1
supply_chain_disclosure_best_practice_audits,tfidf_logreg,0,2,88,c3c72b3814c06b5ae24ea5616a76e6e34d5e65a037e85d1de1b714979534a508,yes,yes,0.5500075989947322,1,1
supply_chain_disclosure_best_practice_audits,tfidf_logreg,0,3,89,1abad7524e193958a5e4e30aeee808127f7d6f94b84907ba346c856b1352d506,yes,yes,0.9260512988823437,1,1
supply_chain_disclosure_best_practice_audits,tfidf_logreg,0,1,90,d226bbab5779ded49db4f0c92048f30f3308fbc33dddc21c3f553fe8f87fcbf8,yes,yes,0.5358298650889934,1,1
supply_chain_disclosure_best_practice_audits,tfidf_logreg,0,2,91,3b4741877764990637a1268063f65f78bb8e594eae6d2906fe8bcd9f4257c7ff,yes,yes,0.5234138979443316,0,2
supply_chain_disclosure_best_practice_audits,tfidf_logreg,0,4,92,3bd73a7cf410fc9b3e1ae11778d1f9a5e608ca828bdf80e624f9d0fe092636d8,yes,yes,0.5492727100127572,1,1
supply_chain_disclosure_best_practice_audits,tfidf_logreg,0,4,93,f8a69fcaa6995a987c838bf9355ef0f34e73d762cad7adb46499a4919cd21260,yes,yes,0.5059256086268851,0,2
supply_chain_disclosure_best_practice_audits,tfidf_logreg,0,1,94,2bc816bdb532b4fc74face24637b167b5cd6b7a156ba66b8ecdecca78ddb7a5e,yes,yes,0.5194166417504382,0,2
supply_chain_disclosure_best_practice_audits,tfidf_logreg,0,4,95,ab4d67c424e351a53a77b8c8217460def7339c7690bda9807f188c277abf99df,yes,no,0.5022085089699284,0,2
supply_chain_disclosure_best_practice_audits,tfidf_logreg,0,4,96,5acad3a53814dc166c294d6012ee4d9876377e6c7dc9bcd4cb545aae89327aaa,yes,yes,0.5455721061967934,1,1
supply_chain_disclosure_best_practice_audits,tfidf_logreg,0,2,97,025abd17b4aa8cd2ca7b64367d0dae8246cac55217afb5378a32edc5cb032028,yes,yes,0.5172993115582253,0,2
supply_chain_disclosure_best_practice_audits,tfidf_logreg,0,0,98,8009af26f9d7407e1ae55cfc4779b4b279c3d930f343295afcb1dabb6c4f5771,yes,yes,0.5590495449603035,1,1
supply_chain_disclosure_best_practice_audits,tfidf_logreg,0,3,99,20ffaa2b9dbb70e5796aaeb58543484710a8828de00250b6639f69c9e65bc92a,yes,yes,0.8657022803257143,1,1
supply_chain_disclosure_best_practice_audits,tfidf_logreg,0,4,100,459bed595f402efcac27f2132f647c7bad0622691786e37af3b3902fe7ed6d30,yes,yes,0.5055232067048313,0,2
supply_chain_disclosure_best_practice_audits,tfidf_logreg,0,1,101,031856afb140c703e4a301ce8e6393551af830f3c4945305e23735bdc5dc5e8d,yes,yes,0.5283222199515539,0,2
supply_chain_disclosure_best_practice_audits,tfidf_logreg,0,2,102,6be5c550eecd21d8130ce8d2534fda585336bbd469b636be126d1930496943ef,yes,no,0.5084547396434664,0,2
supply_chain_disclosure_best_practice_audits,tfidf_logreg,0,1,103,cb1d66fe19e860b6174d574ad92b146dcfb31769b3f045c4268b796d39ace598,yes,yes,0.5436445000114091,1,1
supply_chain_disclosure_best_practice_audits,tfidf_logreg,0,3,104,b8f56656615d580b345dadc70ccbde392c6aa9477d92ffd07eb5fd126fb52749,yes,yes,0.7715116809773231,1,1
supply_chain_disclosure_best_practice_audits,tfidf_logreg,0,2,105,e1e9ff82d278af02d188aaab6558d189bc48fdbc54aed68d83ed47c4cbc0ff08,yes,yes,0.5352426394577214,1,1
supply_chain_disclosure_best_practice_audits,tfidf_logreg,0,0,106,5d2e2af1f56ad0b84e2849ad94c7f9b8502c7f564e8e9948112364d32f117415,yes,yes,0.5575281192941368,1,1
supply_chain_disclosure_best_practice_audits,tfidf_logreg,0,0,107,7c0433d913d5d9e83b1a7479c578dedbb65de78fd669dac303b240517f525ac7,yes,yes,0.5305392744707202,1,1
supply_chain_disclosure_best_practice_audits,tfidf_logreg,0,2,108,487257cd89e1e218cee478fba0884b272dc42d42a47b82dd366d389a8b5db279,yes,yes,0.5272086744601354,1,1
supply_chain_disclosure_best_practice_audits,tfidf_logreg,0,4,109,a65ed6ff518a4c68f06e526e47cb1116cb4661c3ed635c6780dd4806b5cde7bb,yes,yes,0.5169455592574055,0,2
supply_chain_disclosure_best_practice_audits,tfidf_logreg,0,3,110,6c8d0687947cec71e1a1cb8a1383c11e0adb47d0e54ea48aafdb5a03e950fee1,yes,yes,0.7440341237545698,0,2
supply_chain_disclosure_best_practice_audits,tfidf_logreg,0,0,111,642eb832cde6ce9f5b08d631301f2eeff3be1414e98cb19a29c1e9a2ba1c24c6,yes,yes,0.5365992436628957,1,1
supply_chain_disclosure_best_practice_audits,tfidf_logreg,0,1,112,375dbda1e8323ea8520c1f6256c9b927c68151c652c6b58105a00d1ab2271c9c,yes,yes,0.5690571325479796,1,1
supply_chain_disclosure_best_practice_audits,tfidf_logreg,0,0,113,b19887857cd233945689ec8336c60d2f73d70846421c657f0be1c6a92bbc7518,yes,yes,0.5144346301525026,0,2
supply_chain_disclosure_best_practice_audits,tfidf_logreg,0,2,114,f0a3886cf3e1d2070dc523492943cfcd3e499d24b52fc793a0fb7725adfe16f2,yes,yes,0.5621954715779389,1,1
supply_chain_disclosure_best_practice_audits,tfidf_logreg,0,1,115,376f27182efb4c1fe0ce63cffb0beea5d342c2296eb0f8a9e57769b2078f92c6,yes,yes,0.5095950575003536,0,2
supply_chain_disclosure_best_practice_audits,tfidf_logreg,0,4,116,672f49a21e2f43bf1d7affa3e679d9d23f2677e346077297c3ce8c69996abc9f,yes,yes,0.5338069317579878,1,1
supply_chain_disclosure_best_practice_audits,tfidf_logreg,0,3,117,e04a261511b639d13eff7977e3a3d96a624c24da4e20bcea440d03ce7e3ae68e,yes,yes,0.923261565195819,1,1
supply_chain_disclosure_best_practice_audits,tfidf_logreg,0,2,118,c95024d3b100f9153f41395f2e5c661f54c684d7d8038f764a81c77987cd944c,yes,yes,0.551225692087043,1,1
supply_chain_disclosure_best_practice_audits,tfidf_logreg,0,3,119,0c2fd8335e8a32cd836ad0fac339e53728d9dd1b1739ac86260707d4b7cf5102,yes,yes,0.6642816221320983,0,2
supply_chain_disclosure_best_practice_audits,tfidf_logreg,0,1,120,fc4c958267d1a005d1c9d5f0ac60c24f69650d1fbb89a618551194f3abb45a0a,yes,yes,0.5182632678950638,0,2
supply_chain_disclosure_best_practice_audits,tfidf_logreg,0,4,121,0efe9e66d9baf00c14469130c1d532f4abeb43c7f893eae6a44dab6313d4fb74,yes,yes,0.5294720800199929,1,1
supply_chain_disclosure_best_practice_audits,tfidf_logreg,0,1,122,459a17fd7ed2fb62ccf60f909dab8f4e9f41f8f620571c720e0d6449b3243f1c,yes,yes,0.5169961084543682,0,2
supply_chain_disclosure_best_practice_audits,tfidf_logreg,0,2,123,8c190cb913388a32b8ef0c5126e5c392d243b3583fd89923b21d8621b7f16f97,yes,yes,0.5305646963672886,1,1
supply_chain_disclosure_best_practice_audits,tfidf_logreg,0,4,124,dece42af518250889be48080639ae862a6244394a9cfabf7ce7c4af677218640,yes,yes,0.5200497784805969,0,2
supply_chain_disclosure_best_practice_audits,tfidf_logreg,0,3,125,40b7a53af6c489016a3c39a0c23daaf2b4ff6197c2b53acaf1ee59067d17b38a,yes,yes,0.9289323089561087,1,1
supply_chain_disclosure_best_practice_audits,tfidf_logreg,0,4,126,929891ba31548db1aa694753669e3c24a30e1788a99151d98b539c39011f0c6e,yes,no,0.5051636435721665,0,2
supply_chain_disclosure_best_practice_audits,tfidf_logreg,0,4,127,9ffb371008bdf3d9905cc135199ff19454aa55be24ff6556d8f180a5a82601c4,yes,yes,0.5571133700778931,1,1
supply_chain_disclosure_best_practice_audits,tfidf_logreg,0,2,128,4cbcd769a0f437d0d8cac94bce5b472c7304848c39ba945db73525d09dd92f29,yes,yes,0.5158896091549693,0,2
supply_chain_disclosure_best_practice_audits,tfidf_logreg,0,0,129,28443bea33a9cfa2056f9e550d7afacc19053d096a108db12f87a2e90de7ad14,yes,yes,0.5180894117443093,0,2
supply_chain_disclosure_best_practice_audits,tfidf_logreg,0,2,130,53b1a4e96ad74195e550599949adc135a68d11a2761b215e2d3c5f78fac20ff4,yes,yes,0.5294408913664417,1,1
supply_chain_disclosure_best_practice_audits,tfidf_logreg,0,2,131,457aa4a03d6d45f3e6544e847d352d46186cccc1f81d8cb481bf644db7af99f3,yes,no,0.5059332974971545,0,2
supply_chain_disclosure_best_practice_audits,tfidf_logreg,0,4,132,b36c6cc2c4974c8c6877811a1a305dea8be3cb2d15bde1c0c9eb16c92139773f,yes,yes,0.5098589297000986,0,2
supply_chain_disclosure_best_practice_audits,tfidf_logreg,0,1,133,95a16109c1891d82eeafded1e727f6561d5e8c7475e3e4e26d3c11ca744c6547,yes,yes,0.5096992107123566,0,2
supply_chain_disclosure_best_practice_audits,tfidf_logreg,0,0,134,921b410be7bc7b2de67384cb33f2212547c80d1e0d373fde36b9efa85af4bbd2,yes,yes,0.5213679497232693,0,2
supply_chain_disclosure_best_practice_audits,tfidf_logreg,0,3,135,4a3619506781d26fc853745317c36841d51d17c4453fa9792f2a6ec932c1b7f9,yes,yes,0.9139002179239663,1,1
supply_chain_disclosure_best_practice_audits,tfidf_logreg,0,0,136,30a167de20776b14c84cbc4a797def3569824661dd4a47f98a8e2cf261e55c03,yes,yes,0.52659500301289,0,2
supply_chain_disclosure_best_practice_audits,tfidf_logreg,0,2,137,391ccdc3a1a0f1231bbac5db1ce4e442afa3f3d79dc8b4293b88f93209811a6d,yes,yes,0.5008109674931963,0,2
supply_chain_disclosure_best_practice_audits,tfidf_logreg,0,2,138,151ef6b81c9ba20818d173a6b34a499bd330ac8b55583759ebc444cb3e997ee9,yes,no,0.5076870406824793,0,2
supply_chain_disclosure_best_practice_audits,tfidf_logreg,0,0,139,00f788466575e92cb6cd9b6bece2b76116328a72f455bfbf1b31c1a61e42a48e,yes,yes,0.5003800136073564,0,2
supply_chain_disclosure_best_practice_audits,tfidf_logreg,0,0,140,ef2c6382e5dc53301bd218ec96105515da4a8331f35b814e7a7f38ea085ce13f,yes,yes,0.5269186250254937,0,2
supply_chain_disclosure_best_practice_audits,tfidf_logreg,0,0,141,04288152a54520da15135a2da000a2cf47ca7108eb4ed77b37713dc7ead5834b,yes,yes,0.5330008290322991,1,1
supply_chain_disclosure_best_practice_audits,tfidf_logreg,0,2,142,78781bf0a8697fd3f3409d0b8bd3967222d89b46f61f1ec355bda7d55721e5e4,yes,yes,0.5159425755827556,0,2
supply_chain_disclosure_best_practice_audits,tfidf_logreg,0,1,143,3c7c5ae2aa151786ba4a73c291ce5e1a0a2b03a30c29cf3328495fb37d9aece7,yes,yes,0.5599712588738034,1,1
supply_chain_disclosure_best_practice_audits,tfidf_logreg,0,4,144,2509ba56d644ea014a3e0fa3d0d6874c3cd2c6a28788f805fd9c6758e313ab8f,yes,yes,0.5073103151029064,0,2
supply_chain_disclosure_best_practice_audits,tfidf_logreg,0,1,145,01eca6a511ea344abc3cf6dee3b61342273cacd73fd16da7f8f69dbf49142d75,yes,yes,0.5025819804383467,0,2
supply_chain_disclosure_best_practice_audits,tfidf_logreg,0,3,146,a16e8a50ee6e37a4589de3344628e84d9c80280c3ba92ec3972f6b853cbf7c2e,yes,yes,0.8830327422912958,1,1
supply_chain_disclosure_best_practice_audits,tfidf_logreg,0,2,147,45bd51009e1e64c672134259f2b5ede08866a003283780b51c4818c318a172fc,yes,yes,0.5336744191843059,1,1
supply_chain_disclosure_best_practice_audits,tfidf_logreg,0,1,148,9e1afd1f029efd031171df47a2ca39fb5420f30cd60b2fd9e1b0a8875cd25e49,yes,yes,0.5452540197891926,1,1
supply_chain_disclosure_best_practice_audits,tfidf_logreg,0,2,149,4b31ff48711f468ee6a1562ebc1e3389c382fd1c448638c0eda617de2469b754,yes,yes,0.5326143206938209,1,1
supply_chain_disclosure_best_practice_audits,tfidf_logreg,0,3,150,0d783ce52643a830262a183e1f3340dfa5e11782478d1c01ad53d0076c4c73d4,yes,no,0.5893116036642481,0,2
supply_chain_disclosure_best_practice_audits,tfidf_logreg,0,2,151,baace2e4253ecc8d61872f3b64835bb002f2a49a97e7d4c31adc7b078bc0a85f,yes,yes,0.5375137165863928,1,1
supply_chain_disclosure_best_practice_audits,tfidf_logreg,0,1,152,396d5edabfc1cc0317011328bc857e25c1640c119ce86f4b99f02862697e7df8,yes,no,0.5037194027818852,0,2
supply_chain_disclosure_best_practice_audits,tfidf_logreg,0,3,153,0c532687e912f2d64ff38f5eed8a18b3179c544a30dd454a0e4adc0617bafbef,yes,yes,0.9124278452849824,1,1
supply_chain_disclosure_best_practice_audits,tfidf_logreg,0,3,154,607ecb634c0681303ee57bf7366b51214e7db74d4d4c0675d3806628cffdbffb,yes,yes,0.7508904740000893,0,2
supply_chain_disclosure_best_practice_audits,tfidf_logreg,0,3,155,14759c3262b6131be28f172314d3243dbc099f7cb099c03a4e85397e876c8b56,yes,yes,0.6347629948548316,0,2
supply_chain_disclosure_best_practice_audits,tfidf_logreg,0,1,156,32260ecf26035d5e5df015a53c55c1fa3414a446aee4f3709c38ccf58df0ca66,yes,yes,0.5392736656134792,1,1
supply_chain_disclosure_best_practice_audits,tfidf_logreg,0,2,157,5ae1b1df5103d563678ef0e3bd377743146e4315d7a2bf0c895ece3a203e57a5,yes,no,0.5254185617250955,1,1
supply_chain_disclosure_best_practice_audits,tfidf_logreg,0,2,158,5d1fc63f4139faae3bfe28443da26e285c4bb8f1d308b6ff4b7b1b75cc2c1e80,yes,yes,0.5001090252005391,0,2
supply_chain_disclosure_best_practice_audits,tfidf_logreg,0,4,159,39e33483b6daed03fd99c05cd1c125e6b18f5af6c51ec943acdeaa4b1ee84166,yes,yes,0.501359459106839,0,2
supply_chain_disclosure_best_practice_audits,tfidf_logreg,0,2,160,3daa8ec03c0ed46a2b9f72cbb4723307035f5c52b6f89d28317e2a6b303d6247,yes,yes,0.5350721527657089,1,1
supply_chain_disclosure_best_practice_audits,tfidf_logreg,0,2,161,0c82ffaee114b837e9f974f4e80361b373b8c00d329a258aa8a80fb9b1f4e398,yes,yes,0.5314409765190679,1,1
supply_chain_disclosure_best_practice_audits,tfidf_logreg,0,1,162,07c6e827cc6c23cd27132b4c99cdd5e4258ea66c0b532d59b29055c8e5cedc14,yes,yes,0.5278681279634516,0,2
supply_chain_disclosure_best_practice_audits,tfidf_logreg,0,0,163,575b6c919a2ada10f464c7b46bc2b934726e9c993c82384121938de3ec6d3259,yes,no,0.5006997935745943,0,2
supply_chain_disclosure_best_practice_audits,tfidf_logreg,0,3,164,21bfadb1e773c7ba5a13997f0fb26b6975502bebe37fe323b42580c521a1600f,yes,yes,0.8291655804465284,1,1
supply_chain_disclosure_best_practice_audits,tfidf_logreg,0,1,165,562ebd404575617d0f8d7b9efb34742cf5ddd488563c2500c9aec2ca6c214663,yes,yes,0.557189462080041,1,1
supply_chain_disclosure_best_practice_audits,tfidf_logreg,0,0,166,78456786d204455184c362ece71adf15b8e1a55b2b2e857ebb83507e9881cb4e,yes,yes,0.5056375574572697,0,2
supply_chain_disclosure_best_practice_audits,tfidf_logreg,0,2,167,6ea4297c021e920636315a3b8cd9f75283c91cc9053cccc8f74a085fac3ff9e6,yes,yes,0.5004333339287192,0,2
supply_chain_disclosure_best_practice_audits,tfidf_logreg,0,3,168,d7246cb68425a99318147f0f1fe2dcbb042807eb08603cbe9904847610a446e0,yes,yes,0.8327592665207815,1,1
supply_chain_disclosure_best_practice_audits,tfidf_logreg,0,1,169,f8401a13ab0b03ea07669144d0d263b35b0c21e834a4da3c577de48bdf482495,yes,yes,0.5316925584570542,1,1
supply_chain_disclosure_best_practice_audits,tfidf_logreg,0,1,170,a4e29359bcaec8e1536b48faecaba98004ae3f5854c7402ba7740252b24e59ec,yes,yes,0.5400606727654742,1,1
supply_chain_disclosure_best_practice_audits,tfidf_logreg,0,2,171,61bcec93f20473c4dd8792a0590cd52ebb4e73b93cce84104e1821b66585ae36,yes,yes,0.5357130951862438,1,1
supply_chain_disclosure_best_practice_audits,tfidf_logreg,0,0,172,051d82ea698c7defeb37ae5b11301eca98346930ddd52562f9aea2bbac1b413d,yes,yes,0.5590002493903938,1,1
supply_chain_disclosure_best_practice_audits,tfidf_logreg,0,1,173,ef497929adb29de6160875c9594ed91f6ec6548653bca2492ebcd49f7324e9b1,yes,yes,0.5530832099495641,1,1
supply_chain_disclosure_best_practice_audits,tfidf_logreg,0,3,174,93bb3e29ce9e7036bd4c6725e22905194dfbb28fbe4e38678c89b9588ae43da4,yes,no,0.5780934790305262,0,2
supply_chain_disclosure_best_practice_audits,tfidf_logreg,0,4,175,dd5ea83860728cd69a48d8ee326e7998b3e4d597bd167390eff08fab3423660d,yes,yes,0.5137075362621296,0,2
supply_chain_disclosure_best_practice_audits,tfidf_logreg,0,4,176,acf95ae6504008b3675b5a6e1d34dcf3e2ae5a31a2c52ab178689b08b1e52318,yes,yes,0.5305072899003644,1,1
supply_chain_disclosure_best_practice_audits,tfidf_logreg,0,0,177,feb00174787409b226e12959e1eec4d9c76105dcc553753d24bfa85b06fa13a8,yes,yes,0.5052703352494486,0,2
supply_chain_disclosure_best_practice_audits,tfidf_logreg,0,0,178,4e157c907f1a39c4736c42962bdcd0647aba4fc2d56996b1a7d865e6fed2b387,yes,yes,0.5263884091873076,0,2
supply_chain_disclosure_best_practice_audits,tfidf_logreg,0,4,179,b01aaacbff761f1d09ba1fd4477b90c6e5723fbf33f70d4a6c4092180818be85,yes,yes,0.5280254240413869,0,2
supply_chain_disclosure_best_practice_audits,tfidf_logreg,0,3,180,21caaa5906e5a0b027392e17755bdb5e69f2fbeeab9457431ce75f2563ed54f7,yes,yes,0.950065363768614,1,1
supply_chain_disclosure_best_practice_audits,tfidf_logreg,0,1,181,596504be5142fc5222baf19af3a06f62e1c31bdf6053136081a7aa8300a515c0,yes,yes,0.5575249560576417,1,1
supply_chain_disclosure_best_practice_audits,tfidf_logreg,0,2,182,b0825404cd40d6659e58b65251fa3700b8ca36acce0c7e74e5ec60d73f009c2b,yes,yes,0.5610611885875917,1,1
supply_chain_disclosure_best_practice_audits,tfidf_logreg,0,4,183,2c330a1ba17f5fd6fcbe0c35d683859c0e61aae4aad2422c88ecae48ec2fb137,yes,yes,0.5141825800320593,0,2
supply_chain_disclosure_best_practice_audits,tfidf_logreg,0,0,184,1531fdb46dfdd8cefa201ef9546bdc219dc7ec61de3612565a5a597833bca11c,yes,yes,0.5259164643033809,0,2
supply_chain_disclosure_best_practice_audits,tfidf_logreg,0,4,185,ed5516e94ba0f9873e91a7c51a694a4b275288be9b383d487d2c473eec82d333,yes,yes,0.511949019647224,0,2
supply_chain_disclosure_best_practice_audits,tfidf_logreg,0,1,186,d03e6766a02ffc8423ba39940ce8a69fd03ea5e93edfb327af258dabd75c9e5e,yes,yes,0.5071140670647336,0,2
supply_chain_disclosure_best_practice_audits,tfidf_logreg,0,0,187,8a81109a73b838cbc58d4bf69f51eb6f1dee99da7818cde561d4cc9350058f7c,yes,yes,0.510422195126406,0,2
supply_chain_disclosure_best_practice_audits,tfidf_logreg,0,0,188,ad8df74a5604a274f191b30942519d471ef007f2cb2afc12ca66cd73490f140b,yes,yes,0.5529516322611502,1,1
supply_chain_disclosure_best_practice_audits,tfidf_logreg,0,1,189,3236cea34e746c2854726aafd2b42f4c763e91efd983f92bd5d46b37934ce701,yes,yes,0.5030498695935036,0,2
supply_chain_disclosure_best_practice_audits,tfidf_logreg,0,3,190,244d7fc55eab9fe22ac8639ef434c9d3948c9bedb7453b1980ec8f1229bb2c68,yes,yes,0.7428684625751575,0,2
supply_chain_disclosure_best_practice_audits,tfidf_logreg,0,3,191,5b777db784a0ad2ff2f63cd6ac341cec919f6db8e66c1a7c8afcca4bda0856f1,yes,yes,0.7857131259001094,1,1
supply_chain_disclosure_best_practice_audits,tfidf_logreg,0,1,192,a536c2e629791ea99d535deb51d04d6950ca7e778e2b8fabd5107530ecf3b63d,yes,yes,0.5485593724981283,1,1
supply_chain_disclosure_best_practice_audits,tfidf_logreg,0,2,193,c1782493d0a641f2d98c277b11023e4adb7fa2fc203ee4dac76fa3dd572915e8,yes,yes,0.5308818114113174,1,1
supply_chain_disclosure_best_practice_audits,tfidf_logreg,0,3,194,c7792639dfd396f47fe6f339c6da513ede7315959767ab9dafb88309769dbab6,yes,yes,0.8433624045730423,1,1
supply_chain_disclosure_best_practice_audits,tfidf_logreg,0,3,195,ae215269eaa9afcae52c3c7fad43d01a78c9e122205651439d9bf2e5671676af,yes,yes,0.8605534742376156,1,1
supply_chain_disclosure_best_practice_audits,tfidf_logreg,0,3,196,30079533bf5c7357cd70f9cf1cbc13700f5c3e515d3c5ebbe55c0943cb3cd3d3,yes,yes,0.913577550147689,1,1
supply_chain_disclosure_best_practice_audits,tfidf_logreg,0,2,197,ef8843ad04ca905381cc9dc85e84a4c4e9c5a2861f05e5fce9fa5066e7f7876d,yes,yes,0.5471673129874123,1,1
supply_chain_disclosure_best_practice_audits,tfidf_logreg,0,0,198,7c18061590aa800422b5635e324664e2dc3382d93bdd896d73512fd499719d54,yes,yes,0.5243317847118816,0,2
supply_chain_disclosure_best_practice_audits,tfidf_logreg,0,0,199,56c25d4eb4588f13327a6b3f6d1bf423858c24d3e72ca640819f1aff6fffb588,yes,yes,0.5011096842134977,0,2
supply_chain_disclosure_best_practice_audits,tfidf_logreg,0,1,200,37fb8de488cb40c4b049e28e90cefa770eb07d1059f2e68c706d35d39deaf7a6,yes,yes,0.5122212899532574,0,2
supply_chain_disclosure_best_practice_audits,tfidf_logreg,0,1,201,d6943bae94c68dbe413f37141c963ec0da0f265c3d6cd601971199d07c838bcf,yes,no,0.509559863379192,0,2
supply_chain_disclosure_best_practice_audits,tfidf_logreg,0,1,202,738411246babffb6b853c81c2ab34295e5db281b7e730293ed8d1ad31e1d30cb,yes,yes,0.5608973282804365,1,1
supply_chain_disclosure_best_practice_audits,tfidf_logreg,0,0,203,4d4c98bf199646728c2a7b80140d0f8bfa90311619ddd101e7e81d8da51eba3f,yes,yes,0.5064678956882395,0,2
supply_chain_disclosure_best_practice_audits,tfidf_logreg,0,3,204,3887f474ec6dfe32935833b72b870ee0ee25207e9c2d7cad91f1d4792356e278,yes,yes,0.8031761117378682,1,1
supply_chain_disclosure_best_practice_audits,tfidf_logreg,0,1,205,5183361573f996b8425904aba330bdb33a14f3a40e5a13d71f8a4dfa32ee601c,yes,yes,0.5049508382584895,0,2
supply_chain_disclosure_best_practice_audits,tfidf_logreg,0,3,206,b7fef818a202c62579781f6a16fdc3fbe95b7014de4c7fc7c0bfd72085b49111,yes,yes,0.8328321346996966,1,1
supply_chain_disclosure_best_practice_audits,tfidf_logreg,0,2,207,7f71163235d108c9e78fa664d5bef08dabfa91cfbbdcd9f3d08391db22af380a,yes,yes,0.5334601961914847,1,1
supply_chain_disclosure_best_practice_audits,tfidf_logreg,0,3,208,5695147a701cc755d386897ef3916ae914a81943569ef4fe344ca24a43d906ee,yes,yes,0.9053266127652644,1,1
supply_chain_disclosure_best_practice_audits,tfidf_logreg,0,0,209,b18c36bddd3d7b476ce5b9e82b759a1230ce387c9ef91dd060c50f7a7fb551f5,yes,yes,0.5139900367760107,0,2
supply_chain_disclosure_best_practice_audits,tfidf_logreg,0,2,210,0a76fce024d1ded8f815f5aeddfd0f478fe16661931e2f3658f76bca65572613,yes,yes,0.5408523809331797,1,1
supply_chain_disclosure_best_practice_audits,tfidf_logreg,0,2,211,b5f480ca28f49024bd818f6af65275cc36a6022530a28fa2648ddb7da3f86839,yes,yes,0.517899482577939,0,2
supply_chain_disclosure_best_practice_audits,tfidf_logreg,0,0,212,255fd01e686472de43e42c9c117018713274490a02b2df34c1bc9ea698083b88,yes,yes,0.5205797891859276,0,2
supply_chain_disclosure_best_practice_audits,tfidf_logreg,0,0,213,c1b7a9f6e0096a280a7cff21a3d2d2a788fda487fb4778bff25572d53d220dd8,yes,no,0.514894181297584,0,2
supply_chain_disclosure_best_practice_audits,tfidf_logreg,0,4,214,8e4caa63c82cc004c6a03ff6278f68d26b0d6195e385e25392f38000f093728e,yes,no,0.5174664713791648,0,2
supply_chain_disclosure_best_practice_audits,tfidf_logreg,0,2,215,5246f2f270d78e6a7ee150dfeb414ed591d6d868246b224415d78f8dcb33c791,yes,yes,0.5249511688766921,1,1
supply_chain_disclosure_best_practice_audits,tfidf_logreg,0,4,216,dc87f2b33f12048f543e0a8cc1526f23fe4e72f15a6f2f1decf2a602f0eadf1b,yes,yes,0.5476334523047014,1,1
supply_chain_disclosure_best_practice_audits,tfidf_logreg,0,4,217,3045163bc73fcda0d5d8a7800ea68f83f22b0d7e71099dbf8bf7030daca5c21a,yes,yes,0.515040883556649,0,2
supply_chain_disclosure_best_practice_audits,tfidf_logreg,0,2,218,4c7d5ee51cc7b5700e6104e6c501ce5b41ed859fcf48fdb1057af364fba88a8e,yes,yes,0.5107146884710099,0,2
supply_chain_disclosure_best_practice_audits,tfidf_logreg,0,1,219,bd4c1f1cf2fc2181caa3f8384bb1b4d9195039f6a32c4609aa60fff706567b74,yes,yes,0.5244335394926254,0,2
supply_chain_disclosure_best_practice_audits,tfidf_logreg,0,3,220,77ad10e7c8d412c275543817ff3fbae1b314666dc24e6b51452fee9982cb31ec,yes,yes,0.8598287359426509,1,1
supply_chain_disclosure_best_practice_audits,tfidf_logreg,0,2,221,be62d87c4255e3586bdf7df9901d04563f034fa4e1c974936be58d86bae1221c,yes,yes,0.527238744247694,1,1
supply_chain_disclosure_best_practice_audits,tfidf_logreg,0,4,222,c28332da856f34b6a44fb9b64740e960ec60cbce5cfb5a4d5a7697e4796c9b42,yes,yes,0.5362456313653132,1,1
supply_chain_disclosure_best_practice_audits,tfidf_logreg,0,4,223,f5a6277f734ce623abb70561bc333f40c516432889b7170fe537795f0b0d1dfe,yes,yes,0.5396229044112124,1,1
supply_chain_disclosure_best_practice_audits,tfidf_logreg,0,4,224,c40939ccc68ff214deef38f965d504bec913cb7a2f3c74d2ece1a45866e275d9,yes,yes,0.501191774183106,0,2
supply_chain_disclosure_best_practice_audits,tfidf_logreg,0,0,225,829a910f071a32bcafaaa8663dbdf625ce4b5548e0b6c349d0dc9ac3703a1122,yes,yes,0.5066296228610404,0,2
supply_chain_disclosure_best_practice_audits,tfidf_logreg,0,4,226,f1638844a53628837ad5d89cfcdeecc0f5bb34cfc57eb62570e26ff4a1cf62da,yes,no,0.5097962287659867,0,2
supply_chain_disclosure_best_practice_audits,tfidf_logreg,0,4,227,902f081f4eba26153cd2c7c4a497205b912767790306d278827259370ff02e5a,yes,yes,0.5258232108277496,0,2
supply_chain_disclosure_best_practice_audits,tfidf_logreg,0,0,228,ca1da196f15bf1f779e22e5e1a695d8b7a71804e15e2d5e7feff77800f931548,yes,yes,0.5397599404450831,1,1
supply_chain_disclosure_best_practice_audits,tfidf_logreg,0,0,229,5f6bc442d00e4fa861670fafbb8a27c94547c1508938c9d29e3d899bfc2ba60c,yes,yes,0.5205527604830636,0,2
supply_chain_disclosure_best_practice_audits,tfidf_logreg,0,3,230,f2c4a70d75d38bdb8ddcf24ce6b3bbc1270aa929b58238973c10a2f20dcf0d75,yes,yes,0.7568406685267159,0,2
supply_chain_disclosure_best_practice_audits,tfidf_logreg,0,3,231,8bf9eb09cc0e8fd59010ab76b7c69b9e1e43c539995dc000c6861a83b2d81707,yes,yes,0.8274845222624534,1,1
supply_chain_disclosure_best_practice_audits,tfidf_logreg,0,3,232,f7cf08b6965795f5c7d3d054023aac6ccdeabdb48f991c84e2931966f6ad041d,yes,yes,0.8379054578943608,1,1
supply_chain_disclosure_best_practice_audits,tfidf_logreg,0,3,233,1c7fa227e0dc0b3f0683ec2411f95409c3417c9b96f8516a9f76bb71971c3978,yes,yes,0.7139303519184502,0,2
supply_chain_disclosure_best_practice_audits,tfidf_logreg,0,4,234,5f24817add32407e6acc884463b789a68919be44f960ad31c19f73970ec67edd,yes,no,0.5026368038310334,0,2
supply_chain_disclosure_best_practice_audits,tfidf_logreg,0,2,235,f3669d8939961578a7f23f5801a8f8915334ee6e2197feeaffc15c7042fe0c20,yes,yes,0.5577726520404248,1,1
supply_chain_disclosure_best_practice_audits,tfidf_logreg,0,1,236,06c17d0d305d5233112fb0bca036055b06f839ff3e6eef40071ed1a3802d4a7e,yes,yes,0.5470407481389864,1,1
supply_chain_disclosure_best_practice_audits,tfidf_logreg,0,4,237,f3e83ec97ee5386134f54fd9a9f7c19f68cc121dc9f6f5ba2618dfcd1c4b3b66,yes,yes,0.5493839503683885,1,1
supply_chain_disclosure_best_practice_audits,tfidf_logreg,0,2,238,f894ff8baed215fe478a03c4f70e0ae70f1dee90d635e8bf521bcf7c2c5d5d8c,yes,yes,0.529397652796689,1,1
supply_chain_disclosure_best_practice_audits,tfidf_logreg,0,4,239,0959b643a8baf490de768c9a042a1cff4f7ba07e8c3a35f1d3c88073b5c659bb,yes,yes,0.5278562606692204,0,2
supply_chain_disclosure_best_practice_audits,tfidf_logreg,0,3,240,c603ec107332b17d63d9c056e5827a42faf80cee9ecf616f78b74d7b26aca002,yes,yes,0.929201444656438,1,1
supply_chain_disclosure_best_practice_audits,tfidf_logreg,0,4,241,cff6dc284e486a2f018540356c568bd866b086fd09ab993a34321b8282b62dff,yes,yes,0.5134785439651918,0,2
supply_chain_disclosure_best_practice_audits,tfidf_logreg,0,2,242,f1ffa5b7ab4faafc9099101fbcac382df8a721f39c48a1fb4eff0f8263e12ddd,yes,yes,0.5283687935475333,1,1
supply_chain_disclosure_best_practice_audits,tfidf_logreg,0,4,243,7358882b282e44427d46aa23e131b40ce9cb810d4046b9b5b1b29019a7bafd97,yes,yes,0.5311422399687354,1,1
supply_chain_disclosure_best_practice_audits,tfidf_logreg,0,3,244,39716913d74b739a4abccba43e643a747078c53268d60308a0981129848fe379,yes,yes,0.8153900349182981,1,1
supply_chain_disclosure_best_practice_audits,tfidf_logreg,0,0,245,aacaba1b480efdbb8a8d7f064c31e6c8bb5d15a859dde769c4e38d8f39544726,yes,yes,0.5332166585784749,1,1
supply_chain_disclosure_best_practice_audits,tfidf_logreg,0,1,246,625e4fb7cc51b77995b363889fc63bbadb80c2bc91fb2880c1018ab4741d3b7c,yes,yes,0.5170878558737502,0,2
supply_chain_disclosure_best_practice_audits,tfidf_logreg,0,0,247,cadb995cb17c99a0479f83cf2c9ef1624ee2362bfba9690abd6fcc060800c76a,yes,yes,0.533741327220118,1,1
supply_chain_disclosure_best_practice_audits,tfidf_logreg,0,1,248,ab606b741090016f818eb0cb7e260b416330418b8003a89245993e73bf8630d0,yes,yes,0.5530311721465552,1,1
supply_chain_disclosure_best_practice_audits,tfidf_logreg,0,3,249,cc0bd56a8fa41797d21f3f767f99f08c0d47e85478b58e4221224373d2c04763,yes,yes,0.8144251400701877,1,1
supply_chain_disclosure_best_practice_audits,tfidf_logreg,0,1,250,1294ab0087ad5087a538686b745d3e7db23d18cc7f4f6f530cc80e2ac5f4db00,yes,yes,0.5188314723126594,0,2
supply_chain_disclosure_best_practice_audits,tfidf_logreg,0,4,251,94afabafc1a2e279104f1d46c17a267d3986bec668852ff48007a09bf59540ad,yes,yes,0.5447911649597311,1,1
supply_chain_disclosure_best_practice_audits,tfidf_logreg,0,4,252,6132d8d18112fa7d61ba37ff4d62b1c1c54f81b63eb04af24889c178eac1b7f5,yes,yes,0.5129428463638781,0,2
supply_chain_disclosure_best_practice_audits,tfidf_logreg,0,4,253,8c27ca919f3a1c88913da54bb4a77bba34322faffaf8e221698a9d377dbe8c52,yes,yes,0.5083050439659286,0,2
supply_chain_disclosure_best_practice_audits,tfidf_logreg,0,4,254,13a1d68844cb18a366fbe726bce7132ea31a4fbed461a3d8e40fe9c27604ab0c,yes,yes,0.5549495028739686,1,1
supply_chain_disclosure_best_practice_audits,tfidf_logreg,0,2,255,96815958503862c65f14b779ce716b39e74afb0aac85ec7b03e85152838e44b0,yes,yes,0.5066100478038635,0,2
supply_chain_disclosure_best_practice_audits,tfidf_logreg,0,4,256,73eed2cd61ac0ea6ae32683a83e2b0e5738d28779452c6ed7cb6f7eadd0e2261,yes,yes,0.5344758854502696,1,1
supply_chain_disclosure_best_practice_audits,tfidf_logreg,0,2,257,373083f104edd5a192773c0a179c9788a933c15a1571ba09d81e8033116bf6c4,yes,yes,0.5013637156312201,0,2
supply_chain_disclosure_best_practice_audits,tfidf_logreg,0,0,258,eade8098bb75f44ddc8f9427c116b373a4abfcf40e4dcf8e2774b900155008a0,yes,yes,0.5566535892153016,1,1
supply_chain_disclosure_best_practice_audits,tfidf_logreg,0,3,259,013f12d740fc3d68af91928317abf93d62dd424d19d1137d161e2693551f67e3,yes,yes,0.8923398276331466,1,1
supply_chain_disclosure_best_practice_audits,tfidf_logreg,0,1,260,bf3486f95c637ed4c0f6e7987cd08241cbaa680a7e6a37850cb43d0042e06cad,no,no,0.5084144364611963,0,2
supply_chain_disclosure_best_practice_audits,tfidf_logreg,0,1,261,17b7c487cc98c7e8e49c1c50b503ac7d38f2734055411ae4ae7b698cb622add3,no,no,0.5065869477737155,0,2
supply_chain_disclosure_best_practice_audits,tfidf_logreg,0,0,262,8af0b9f5fd790626bb4db3c123e1eb46e4ce609c0a22a6c74820808d33d2e351,no,no,0.5071313344235724,0,2
supply_chain_disclosure_best_practice_audits,tfidf_logreg,0,3,263,4711f4cfb8352d9bee2590efd786b65a53292b22ea7e088a282787c6669af84d,no,no,0.7428818050785142,0,2
supply_chain_disclosure_best_practice_audits,tfidf_logreg,0,2,264,6280d5d3a4a66af42f0a860a6e1bef945aaac4cd6695915cab72224d2110b691,no,no,0.5142815082557572,0,2
supply_chain_disclosure_best_practice_audits,tfidf_logreg,0,2,265,168f343929f3968913069fd4fe3ea2090bcc1a567ad31fa5d6834c9d9d8ee1d5,no,no,0.5140602378604806,0,2
supply_chain_disclosure_best_practice_audits,tfidf_logreg,0,3,266,71386be1f3486406f1a3cf5dfee5e266834f063cbf2bfb914213afe0d7458bb1,no,yes,0.6685823568186727,0,2
supply_chain_disclosure_best_practice_audits,tfidf_logreg,0,3,267,00768c68746cc07a0855f2e858ea0b79d89c52616ea96f63e3b7d7113ad78409,no,yes,0.8517315695103204,1,1
supply_chain_disclosure_best_practice_audits,tfidf_logreg,0,4,268,73be09f2cbe8d3723f914f0901b9b1199c1c4b1c8cf68937bada35a3da53af17,no,yes,0.521643973366021,0,2
supply_chain_disclosure_best_practice_audits,tfidf_logreg,0,1,269,96700d3c63698f7fc8d4ea778f120a3d46929a5734a3c86cfa59d7a160ef608e,no,yes,0.501597908084988,0,2
supply_chain_disclosure_best_practice_audits,tfidf_logreg,0,3,270,b11583189d07bb6c3452ea92f85ffc89db81f8f0bb7f000a3d4b4d62e7eec5c0,no,yes,0.6651711326011325,0,2
supply_chain_disclosure_best_practice_audits,tfidf_logreg,0,0,271,2c33b85eaa7cbe07fb355c5e6f1156c2063261897778d650af9ba90bc60754c2,no,no,0.5291999703140372,1,1
supply_chain_disclosure_best_practice_audits,tfidf_logreg,0,4,272,203ed0f85c23f811b2013c75119ab4107bb94611678786bf334e168d337dfd91,no,yes,0.5040994009267538,0,2
supply_chain_disclosure_best_practice_audits,tfidf_logreg,0,1,273,29f5a73f0eb2112c2e8648ba539c6e8540af14f4e9972e5f4dc3409460c124a7,no,no,0.5023232104747943,0,2
supply_chain_disclosure_best_practice_audits,tfidf_logreg,0,1,274,529fbe231a56762bee94fca3a926dfbe380e1a1a4899d3eee0104c0f6d69fd90,no,yes,0.508079918697657,0,2
supply_chain_disclosure_best_practice_audits,tfidf_logreg,0,1,275,c4a4dd3902ba1e7f9bd8aec6700ede838bef8b038357041988488f41c58fd818,no,no,0.5065067421287971,0,2
supply_chain_disclosure_best_practice_audits,tfidf_logreg,0,2,276,072d2e8050c2b36c8c5ff2c7aff95b88f8fd6cccc76368e10be132a17e092b7d,no,no,0.5094121344593159,0,2
supply_chain_disclosure_best_practice_audits,tfidf_logreg,0,3,277,a86f11debb6ead7654a11b993c384f748c0211f80d9cf6ec15379718865bb14b,no,yes,0.7543130765042582,0,2
supply_chain_disclosure_best_practice_audits,tfidf_logreg,0,2,278,dec95cde6289a27cf2fa4c129a8fe002cd9efe24fe0c76194cd80b81d4d25646,no,no,0.5194701122076052,0,2
supply_chain_disclosure_best_practice_audits,tfidf_logreg,0,2,279,278a88f973ea6da6e167d46d0b191eee85edd560cf58a096d19bf9f0385f078f,no,yes,0.5383793193649782,1,1
supply_chain_disclosure_best_practice_audits,tfidf_logreg,0,4,280,9f9d1126a707de4b474cf7e0fc08299ad856bdb4a0bfe68914a374466df2ba79,no,yes,0.5206656317778271,0,2
supply_chain_disclosure_best_practice_audits,tfidf_logreg,0,3,281,49e44d01a8d96ebc8362b1012e8fe169fc8ba19015002d2415f18d38e34e543f,no,no,0.5762101113262932,0,2
supply_chain_disclosure_best_practice_audits,tfidf_logreg,0,2,282,7aff74a42e71a0efa775083fed4b831acd81e1c7a72ea3ab95fa0010cbd1b047,no,no,0.5108696333224596,0,2
supply_chain_disclosure_best_practice_audits,tfidf_logreg,0,4,283,c0e1213a6c7f271618273d37e7c4d80e49f79f3cb5a1276394122a181df3af93,no,yes,0.5031187465282588,0,2
supply_chain_disclosure_best_practice_audits,tfidf_logreg,0,0,284,162326a6ce5c56ccf790f70cb837962b40b3bc3287e736e1be05be79c4e6bce9,no,yes,0.5271650361477342,1,1
supply_chain_disclosure_best_practice_audits,tfidf_logreg,0,3,285,446398bfee4175c67b2956599c14af90b0edd482e1dce8163481a203948007dd,no,no,0.8637489868148231,1,1
supply_chain_disclosure_best_practice_audits,tfidf_logreg,0,0,286,ba33f9b515db096d9ae8836a3b69ce9148b85a2f3bd641c7a5fcba3f6b073736,no,no,0.5133201982893273,0,2
supply_chain_disclosure_best_practice_audits,tfidf_logreg,0,0,287,0b218c20d44772c56168aad84ee04aa59a41e91c16b8af3ec7318f2db50abac9,no,no,0.5065934521545494,0,2
supply_chain_disclosure_best_practice_audits,tfidf_logreg,0,4,288,a6098775d1f58c7495bade73c71a163bda773200d559daf386859c20452c9497,no,yes,0.5045020393410344,0,2
supply_chain_disclosure_best_practice_audits,tfidf_logreg,0,0,289,0bb83f5175555cfaa916ed3929534af9f11e955ce4ff57612f69713e94993937,no,no,0.514938683661964,0,2
supply_chain_disclosure_best_practice_audits,tfidf_logreg,0,2,290,389a4e760129e6e54975f074004e2fec1753d42f1e48343f1b10d47d6fcac37e,no,yes,0.5129362015169684,0,2
supply_chain_disclosure_best_practice_audits,tfidf_logreg,0,4,291,d57214d0e9a179e422fbe3b51666f953ceda30db4a7ce444e66f35c2904d4c84,no,no,0.5149227370197709,0,2
supply_chain_disclosure_best_practice_audits,tfidf_logreg,0,1,292,4f3067260931b33e6f0dcd9414705fb435db8f6aac3bf072fcf443d96f77932c,no,yes,0.5163483023760201,0,2
supply_chain_disclosure_best_practice_audits,tfidf_logreg,0,4,293,143076a0b6c3b4b2c37750896a92e809870b097c81c38be1d50dce2c008d9eb2,no,no,0.5102007984066053,0,2
supply_chain_disclosure_best_practice_audits,tfidf_logreg,0,1,294,3bce2b75988d047a0d7a0deea7d519effb6c58310ec68cc20fa6cce9c3b54f1b,no,no,0.5260664493004796,0,2
supply_chain_disclosure_best_practice_audits,tfidf_logreg,0,4,295,5ba25ab1ef701ffb4ef46c65dacf4c7fff4bf56cb6c3b355c39768b828753eb2,no,no,0.5180907904113589,0,2
supply_chain_disclosure_best_practice_audits,tfidf_logreg,0,3,296,c09af0b827ba4837bfe03f4efcc035c576b40c281b86c6d5cf4d9a9452124fe4,no,no,0.5280903490434627,0,2
supply_chain_disclosure_best_practice_audits,tfidf_logreg,0,0,297,d318eaf94df22e65541a2d801bf35239ef508dd99ccf9a378d2f01328b1b29f8,no,yes,0.5270005351827427,1,1
supply_chain_disclosure_best_practice_audits,tfidf_logreg,0,2,298,b215c45d50089d0cd1585a907239c94da9543ad54bd7a50f9cf22478364ff754,no,yes,0.5310402723565759,1,1
supply_chain_disclosure_best_practice_audits,tfidf_logreg,0,1,299,9d071de4e714afecba60136fc13d2fd5d799fa73ec323fa5b32f33261331fc95,no,yes,0.521194068756813,0,2
supply_chain_disclosure_best_practice_audits,tfidf_logreg,0,0,300,b48a0124d9c28eba8793c0639caa52128545630d8a846c28ab4f01eb7cde60e0,no,no,0.5295573108329896,1,1
supply_chain_disclosure_best_practice_audits,tfidf_logreg,0,4,301,f604a8e5fc84e2cb8f3210b72d51555bfad329c64660c42250ca1403fec24f72,no,no,0.5281512282161955,0,2
supply_chain_disclosure_best_practice_audits,tfidf_logreg,0,3,302,dfd391e41957d1ac236feb8094f25b8ef1bb5bb23df2361d1e0b96cdcf4d8334,no,no,0.5641713712743396,0,2
supply_chain_disclosure_best_practice_audits,tfidf_logreg,0,1,303,da6cb12627d752d97c8b74cd52766dd24bf238718d113b3b633ccfb1b8a34605,no,yes,0.5176712390084902,0,2
supply_chain_disclosure_best_practice_audits,tfidf_logreg,0,1,304,968b24534319b3352bfda7565390677a43bff36eba314281473cc77c382f7459,no,no,0.5127809854732841,0,2
supply_chain_disclosure_best_practice_audits,tfidf_logreg,0,3,305,4441c0b5b2cc678233438e17f40bbaa0525429c3e46d1ba3068a07a61b93ac90,no,no,0.8893212003359698,1,1
supply_chain_disclosure_best_practice_audits,tfidf_logreg,0,1,306,e7be9434bab5ee26ff724ad366dd76a6eb91f1c4d40da2a6a8cacdadec1b2cef,no,yes,0.5295742130487271,0,2
supply_chain_disclosure_best_practice_audits,tfidf_logreg,0,0,307,f4f4adbea45122fdb1d3bbd6cd8cdeb27833cdb5d576db84c1eda5e29dcaee5f,no,no,0.5170875109023516,0,2
supply_chain_disclosure_best_practice_audits,tfidf_logreg,0,1,308,23cc46b8e873878abcf6bddaef16294515cd6ff0c31f4b9c469cf5d98cd31970,no,no,0.5211054428102755,0,2
supply_chain_disclosure_best_practice_audits,tfidf_logreg,0,2,309,4812c78abc5dfdced8315b1ba8d4b75c05311b916aa75c4d90debdfc6f969f74,no,no,0.5131285121308506,0,2
supply_chain_disclosure_best_practice_audits,tfidf_logreg,0,1,310,83f36822a559802b4975bbd8ddaa42349b8ee30eaf1e14b895b064dc2d783343,no,yes,0.5014521437272212,0,2
supply_chain_disclosure_best_practice_audits,tfidf_logreg,0,4,311,6bd5e103d0200987b6d5a975589d665847c4a5cb70be72a8ec7b797be539ca1b,no,no,0.5111297922939406,0,2
supply_chain_disclosure_best_practice_audits,tfidf_logreg,0,0,312,396db51b94e5987c9f4291a20606d3214010cae759f026fc485bfdccb44d32fa,no,no,0.5246529660473002,0,2
supply_chain_disclosure_best_practice_audits,tfidf_logreg,0,0,313,32aac534cc8c69b44cffb558d1687dde646c903551f4716d35f361ff9dfef7bc,no,no,0.5006895593465821,0,2
supply_chain_disclosure_best_practice_audits,tfidf_logreg,0,2,314,cbd37b5b1d68d6e3051fe7d37866a22b605c82f43a4558b539cc921a761165da,no,yes,0.5079711600660658,0,2
supply_chain_disclosure_best_practice_audits,tfidf_logreg,0,3,315,93385e4040b8a9e2244312c589f32c019276499f4d77dc979a43a063da101d79,no,no,0.5115083270260954,0,2
supply_chain_disclosure_best_practice_audits,tfidf_logreg,0,3,316,fd5ab74802751c150fc6ffc9f5fc04a7520d18f5e369c5198e123110ae82e19b,no,no,0.5058413367035777,0,2
supply_chain_disclosure_best_practice_audits,tfidf_logreg,0,2,317,c39413cbf6175d72ce6425d54415f612eb915e3a715f188af606596ffd3c5c5a,no,yes,0.5355395262003433,1,1
supply_chain_disclosure_best_practice_audits,tfidf_logreg,0,2,318,d13bde6dbbb3e00674ae5199051fa37761040e06ca97d1fcddd06d1ca5a95012,no,yes,0.514435622808003,0,2
supply_chain_disclosure_best_practice_audits,tfidf_logreg,0,3,319,a70cae38bc14a6f8f9ff25c6f6fc01da33d93a293a9faa412ec7fd88b01dab57,no,no,0.5819057119808215,0,2
supply_chain_disclosure_best_practice_audits,tfidf_logreg,0,0,320,3d8984baef0ba18103046a21a24eaa95a7315dac31f46efd9d70b2de535cb462,no,no,0.5117864548915906,0,2
supply_chain_disclosure_best_practice_audits,tfidf_logreg,0,0,321,27802664c2d01aa9a779698077273b0dfbb4e4c37c59ec27a359740e25c22b42,no,no,0.51433647144225,0,2
supply_chain_disclosure_best_practice_audits,tfidf_logreg,0,4,322,c8ba7ee2aff1efe743ffdd333d82a22572e92a917542d07d056d220a47de9d41,no,no,0.5344027773456498,1,1
supply_chain_disclosure_best_practice_audits,tfidf_logreg,0,2,323,3197363915acc24a03e50b624d5514a7aae17a858feaebce00133fca51c8ab4e,no,no,0.5272856438244136,1,1
supply_chain_disclosure_best_practice_audits,tfidf_logreg,0,2,324,0befd85c57d5cc436139e85b69ed400d5bef008c4e62d3c2edc68db2816c720d,no,yes,0.5171357123314778,0,2
supply_chain_disclosure_best_practice_audits,tfidf_logreg,0,3,325,511c8ce5808e6bd8d67a22f804e04fe11901c30d1c6316a4cf9d7ecf7650b4e7,no,yes,0.8364882101262251,1,1
supply_chain_disclosure_best_practice_audits,tfidf_logreg,0,2,326,c27e6fadd2b0b3eb12322506eb24c1c751d3d78f654dde666d6ae98bea4843d6,no,yes,0.5124628275950588,0,2
supply_chain_disclosure_best_practice_audits,tfidf_logreg,0,0,327,31bd0760ea5f242b9f1c3214f1def028d570d735060898e3dfe0692b784765c6,no,yes,0.5125992379776045,0,2
supply_chain_disclosure_best_practice_audits,tfidf_logreg,0,1,328,0605d4ef497301876468cc2abc3991419cb67ab9f6f44508b0849ad5cf2bc53a,no,yes,0.5002077689491325,0,2
supply_chain_disclosure_best_practice_audits,tfidf_logreg,0,0,329,61fdcfca449fbfdb032d1d9c17f754d30f1640a83287a1b9920ca671c0bc204f,no,no,0.5190165447942776,0,2
supply_chain_disclosure_best_practice_audits,tfidf_logreg,0,3,330,cde51c4232abd6a3d2b26f8ef8d8222f4018c74db11f9042f8d1f02d7b38d0ee,no,yes,0.5066260269973254,0,2
supply_chain_disclosure_best_practice_audits,tfidf_logreg,0,2,331,319f9e927445f3d22c3c88b50343f05c4b5e9652ee4c548d6428c7fbfa6ddb18,no,no,0.509992067787466,0,2
supply_chain_disclosure_best_practice_audits,tfidf_logreg,0,0,332,189c16c1e54172f9e82ad90fdfd5e678727d91bda7c553e141882e572dd268de,no,yes,0.5039968085232767,0,2
supply_chain_disclosure_best_practice_audits,tfidf_logreg,0,1,333,50bc448a6e56c7b8a2cc2d46b2f97fd9cb0e9d4e8d9c08464f7f83ce1087ca64,no,no,0.5034870738940123,0,2
supply_chain_disclosure_best_practice_audits,tfidf_logreg,0,4,334,1d40ab814671064c78b4e4b52104b7c67dd683a3660819cf3f84d9f8fb431067,no,yes,0.5047600575826896,0,2
supply_chain_disclosure_best_practice_audits,tfidf_logreg,0,4,335,616072472d0a990fbc711a6602843e35e185e74e6783dad5587dc1a74f7564b5,no,yes,0.5069506936802443,0,2
supply_chain_disclosure_best_practice_audits,tfidf_logreg,0,0,336,4b44ec066ecab4f9d6bf9bd182434dd023a65373af82a4b71049e0e039377bb5,no,no,0.5121679529015037,0,2
supply_chain_disclosure_best_practice_audits,tfidf_logreg,0,1,337,f75e522355c0c0d4675648d8939f58f0ec9be70cb95841db451b5e375c1a89e0,no,no,0.5032032026228564,0,2
supply_chain_disclosure_best_practice_audits,tfidf_logreg,0,2,338,fa6b3e76ad96618009ffc2f157f3ca4d543344f3dc774b60cb2107497173bbb2,no,yes,0.5002584134331248,0,2
supply_chain_disclosure_best_practice_audits,tfidf_logreg,0,1,339,4a0ff924d0af0c575b3be2e72b34334f61fac916dfdeef18d4d8b2786d5a055c,no,no,0.507906912238264,0,2
supply_chain_disclosure_best_practice_audits,tfidf_logreg,0,1,340,a2c3a52ee094219ed5814abd08612de2476dc3c07d49af67be0302a80c6214d6,no,yes,0.53182755485663,1,1
supply_chain_disclosure_best_practice_audits,tfidf_logreg,0,3,341,95fc1e387da1c2ef3c88f6b5a13bd043d0bcb9d99736badacc5810f4e69f6ead,no,no,0.6825820161542253,0,2
supply_chain_disclosure_best_practice_audits,tfidf_logreg,0,4,342,890c6a25c312a4255ede6c1b5569bef48435d8858fb1ad26a3a541896113f791,no,no,0.5244301158344225,0,2
supply_chain_disclosure_best_practice_audits,tfidf_logreg,0,1,343,1d04a8b5ec608d80d692c827ee93b276d14a3b5ce3ce5e5d38c1f64046ca2164,no,yes,0.5270006640336252,0,2
supply_chain_disclosure_best_practice_audits,tfidf_logreg,0,0,344,5b2dad8f75d721ee621a1a59f7a9a94122fc51b61d681720d8f6feb20955f873,no,yes,0.5140843177205197,0,2
supply_chain_disclosure_best_practice_audits,tfidf_logreg,0,4,345,4742b083f9d4160e57ed034142afeb23e254b242fcf6a61c5610897189c37d0d,no,no,0.5059804353515615,0,2
supply_chain_disclosure_best_practice_audits,tfidf_logreg,0,4,346,b33ee53ceb9352753d8eed3360ba28d8c47838544e26df87b06b0629f85abbc7,no,yes,0.5189322835026945,0,2
supply_chain_disclosure_best_practice_audits,tfidf_logreg,0,3,347,a691807189c6dff4664d336078a034a8af9d49c86e0f4379c3c0d5ca80cd47a0,no,no,0.5345423538773684,0,2
supply_chain_disclosure_best_practice_audits,tfidf_logreg,0,4,348,03916a7e2107458575027c95858e95e02f45009f5bcecbbba957af619f214e96,no,yes,0.5045202796578684,0,2
supply_chain_disclosure_best_practice_audits,tfidf_logreg,0,1,349,337eac86a7ed305d725b924b7de373c3d0504a440bba1405decf7be11c2b34a9,no,yes,0.5257905448485278,0,2
supply_chain_disclosure_best_practice_audits,tfidf_logreg,0,3,350,4bc5542025350d91bbe713d5ef7111c64ee186faec13989fbff30704352647b7,no,yes,0.5008174636348546,0,2
supply_chain_disclosure_best_practice_audits,tfidf_logreg,0,2,351,7c74070fd3590918c058469fa3c201147083b789e575edc07df20c082a180302,no,no,0.5288813980601961,1,1
supply_chain_disclosure_best_practice_audits,tfidf_logreg,0,0,352,d0664eb101108ed4106770b8ccbb1a8919975cf2aad682315cd97a0b5eeb99c8,no,no,0.5054815459245902,0,2
supply_chain_disclosure_best_practice_audits,tfidf_logreg,0,3,353,c60dd149ee7c246d148509fae225b586775c8507972ab1eabbf727c5f8e7c79f,no,yes,0.5623078801855873,0,2
supply_chain_disclosure_best_practice_audits,tfidf_logreg,0,2,354,28e5e89e983fe11d4fe513af1d2e124be02e54440e1013f26e37f42a95fae74c,no,yes,0.5089137704307629,0,2
supply_chain_disclosure_best_practice_audits,tfidf_logreg,0,3,355,be342d0ba3afd69f4b1ed982cddc42bdd2bc8627333f859b23a80eefae95323b,no,no,0.5873802736767157,0,2
supply_chain_disclosure_best_practice_audits,tfidf_logreg,0,4,356,b1a10b2ac1ff6205d95bf78c935c9e215fb3e7febd37a5c41c5f6a90a71b8321,no,no,0.5080785489341142,0,2
supply_chain_disclosure_best_practice_audits,tfidf_logreg,0,3,357,583b8ebb8255f9589f012b68d1273468b40591ee99033e845869c2c21f2aebe1,no,yes,0.6439818974609706,0,2
supply_chain_disclosure_best_practice_audits,tfidf_logreg,0,2,358,1893fb2f00cc58f4377a2868cc85f79105500067ec465ee406df6811a2ba6fab,no,yes,0.5334158501790647,1,1
supply_chain_disclosure_best_practice_audits,tfidf_logreg,0,4,359,82a8133be0fa802002cb741817aeefae6af67d1b167f8d2597832bea8b4bcae2,no,no,0.5107415389949697,0,2
supply_chain_disclosure_best_practice_audits,tfidf_logreg,0,2,360,6330f93d46deabef60b77631dddbd90916bf329a1274ab475af4034e0414e801,no,no,0.5084097869304207,0,2
supply_chain_disclosure_best_practice_audits,tfidf_logreg,0,0,361,a755105d219ad2c94dad6fb3e687221d0988b19734b874d618caee0c39428703,no,yes,0.5121099732401013,0,2
supply_chain_disclosure_best_practice_audits,tfidf_logreg,0,0,362,1ae6dcfd7fda95f910cd66b4dadbe426f4d4f3805170498ffc16446a4b816227,no,no,0.5146120167326609,0,2
supply_chain_disclosure_best_practice_audits,tfidf_logreg,0,2,363,6005d637aec6968fd09b9156f9c4b42cea3ea4cf5711a412c8199a74e6b0da6d,no,yes,0.5028440199189371,0,2
supply_chain_disclosure_best_practice_audits,tfidf_logreg,0,3,364,e22eb40d5a0e35ac139d6625ba9fe83b5d9cc62fe73344788c6fbf34601eb66e,no,yes,0.5505917238518258,0,2
supply_chain_disclosure_best_practice_audits,tfidf_logreg,0,0,365,b0ca0d813fe62b540b47121478904fe14e2847113e1093363f19f3c530ffd780,no,yes,0.5243739076216639,0,2
supply_chain_disclosure_best_practice_audits,tfidf_logreg,0,2,366,126cf937cb1a759c366b806643329bf0d1541ae8cc5d4d3ab1291fab336e0e2f,no,no,0.5160168149536264,0,2
supply_chain_disclosure_best_practice_audits,tfidf_logreg,0,3,367,b3ba7ed6334a095408711307b7b6d765a247957b2d8cf2c3fb74aab1848d4478,no,no,0.5195862200450514,0,2
supply_chain_disclosure_best_practice_audits,tfidf_logreg,0,1,368,42252d18326239ebb7a4bd9a369d958b552ade3a81818a7b33b5c7a254186386,no,no,0.502201997883821,0,2
supply_chain_disclosure_best_practice_audits,tfidf_logreg,0,4,369,1d8ec0aa2dde44562bea9e56edd84aafdefd120268eb03e844526b3528ccc5fb,no,no,0.5289030604090175,1,1
supply_chain_disclosure_best_practice_audits,tfidf_logreg,0,0,370,d62cebfdc280570fae7895fb04d0666af038f0325c877e2bf486cc8aab9b741f,no,no,0.5011059752416973,0,2
supply_chain_disclosure_best_practice_audits,tfidf_logreg,0,1,371,18b3aa7da2676a92694698ba51e9d1406f32f4d2e6a4f456717df617b747dc27,no,no,0.5050064837628538,0,2
supply_chain_disclosure_best_practice_audits,tfidf_logreg,0,2,372,d2101f76c6dfeb150215dfc3c747d278ed02b68c118346418eff466ec7e58111,no,no,0.5207427693946232,0,2
supply_chain_disclosure_best_practice_audits,tfidf_logreg,0,0,373,04ab2f27eec1c522ad9e668f4c68200eeab67868264dbf343658dc8d9a1c8f45,no,no,0.511139858525913,0,2
supply_chain_disclosure_best_practice_audits,tfidf_logreg,0,3,374,98d820923bcd03faee2d85e8d8a5a6c16f2d445795a1c658130203c5766b0497,no,no,0.5765722127706538,0,2
supply_chain_disclosure_best_practice_audits,tfidf_logreg,0,4,375,f712982ec8f374fc723b5aee46de82200f2a4f333ae3e6fb45e1aecd1916c30d,no,yes,0.5076394004769397,0,2
supply_chain_disclosure_best_practice_audits,tfidf_logreg,0,1,376,d56330358a4f915da1d08b99375ace062ef622d4a645a2c4476474c8a6303f10,no,no,0.5198703151077224,0,2
supply_chain_disclosure_best_practice_audits,tfidf_logreg,0,4,377,1b424930328a00849ed3e051ff08961ed0d9abdacf308421a660728083fa9062,no,yes,0.5291015304711871,1,1
supply_chain_disclosure_best_practice_audits,tfidf_logreg,0,4,378,e08f36d3835ba4da0d6cb67088f631323be5705467f895cfcf7cacab604f8d65,no,yes,0.5090527375669138,0,2
supply_chain_disclosure_best_practice_audits,tfidf_logreg,1,2,0,9d54e6c772949bfb6b364e2d7006fb131ac4294d6529566b2d88c78014eb6a1d,yes,yes,0.637298081561984,1,1
supply_chain_disclosure_best_practice_audits,tfidf_logreg,1,2,1,6bd8ec1448ec24fd291dc77052268939f67f9cfea5b76bd69388e542e0b53419,yes,yes,0.6112906608634495,1,1
supply_chain_disclosure_best_practice_audits,tfidf_logreg,1,3,2,cfd25f9be7d33e9e2626fa8f008705300a927fdffb8d298eb046111abadd5313,yes,yes,0.7156467156240954,1,1
supply_chain_disclosure_best_practice_audits,tfidf_logreg,1,2,3,2f6b42c2613958a15c6634faad8dce008342e61c935053e805fb0f1fff7e4aa5,yes,yes,0.5631245996673192,1,1
supply_chain_disclosure_best_practice_audits,tfidf_logreg,1,4,4,dd521a35f676e54ddd4c10353a5b613a177a8c4ab4053780ebfac40ccda839f6,yes,yes,0.7183934747316567,0,2
supply_chain_disclosure_best_practice_audits,tfidf_logreg,1,0,5,33e4c0559a94c7dce28fd5c76870036003e5e62eed6cf35cdc1c63a6b0a6569f,yes,yes,0.504053896523622,0,2
supply_chain_disclosure_best_practice_audits,tfidf_logreg,1,0,6,fb9db00dc94a7d11b1f1dc759bdaa0ab4132a345c4f4c79fa1b99a4f3feabec7,yes,yes,0.5268897599515706,0,2
supply_chain_disclosure_best_practice_audits,tfidf_logreg,1,1,7,a3a6ab356fbf9711c2b5414d31490eead3dd8e73d43141d8c1c133c314b5f163,yes,yes,0.5602530390819647,0,2
supply_chain_disclosure_best_practice_audits,tfidf_logreg,1,0,8,7a0cea15013a413c9095a12a26a110ad23082840e0980ef5ea664df3aa587c79,yes,yes,0.5196425628332682,0,2
supply_chain_disclosure_best_practice_audits,tfidf_logreg,1,2,9,ded19f85f9c4d9d7f469200e17647cd8ecc12c2da48288385855657ec1b5adf5,yes,yes,0.5852869823772788,1,1
supply_chain_disclosure_best_practice_audits,tfidf_logreg,1,1,10,edbc6a22c498b82bac2202f1e46acbeaedfb015c0444653d0b0aeb6099e37ff7,yes,yes,0.7600313100218311,1,1
supply_chain_disclosure_best_practice_audits,tfidf_logreg,1,1,11,72cbb74b67a42c66920815b763cc6896803bfbe9a4dde82490f10909e1dfcbec,yes,yes,0.5936873105540986,0,2
supply_chain_disclosure_best_practice_audits,tfidf_logreg,1,1,12,b6f77759748e520cb2650c9d05bfabeb352e52aeb1c443de23d4c8058ffbae34,yes,yes,0.77284447852686,1,1
supply_chain_disclosure_best_practice_audits,tfidf_logreg,1,2,13,dade26e8398dbb799fd50eb54dbcd3e6ab8b4c274c793f921a58a02434c8b920,yes,yes,0.5554671730393675,1,1
supply_chain_disclosure_best_practice_audits,tfidf_logreg,1,4,14,ca680947ea1c383262052c8e93e441eefb9f5c56853cfdc57b710b6763858524,yes,yes,0.5621333234622332,0,2
supply_chain_disclosure_best_practice_audits,tfidf_logreg,1,4,15,6567baee48eaca37363905900994df097ee69c55020b441e3135e706805c61aa,yes,yes,0.8982973175112079,1,1
supply_chain_disclosure_best_practice_audits,tfidf_logreg,1,2,16,3f83f1e16a6ae23ed6f0bb9678979f85323df70d52e5af7828b1bed5744918b1,yes,no,0.5382589646896089,0,2
supply_chain_disclosure_best_practice_audits,tfidf_logreg,1,4,17,37ed9ddde655fb5e0bedd0751e547d4b678cb2a4faeb1a803f4fde03b96df247,yes,yes,0.761556454626899,1,1
supply_chain_disclosure_best_practice_audits,tfidf_logreg,1,1,18,927e63eace0a5b571aaae87c06d33ec73b502b226e5e07f69211aac675c9199d,yes,yes,0.6502367174270208,1,1
supply_chain_disclosure_best_practice_audits,tfidf_logreg,1,3,19,67595c9be4cf851988bc1fc7cdcedef276346c043520046d91bb26c48edac6cc,yes,yes,0.5978918619647867,0,2
supply_chain_disclosure_best_practice_audits,tfidf_logreg,1,3,20,97859a9430e770c53776bdb64bcac6e1057b25056282b1a971f3143449b8ae52,yes,yes,0.613477644957355,0,2
supply_chain_disclosure_best_practice_audits,tfidf_logreg,1,1,21,d70648593b74ef9e2bc2de57c4dd94c2323fa8cd58e0083ea94ae75980c167fd,yes,yes,0.6164631211266332,0,2
supply_chain_disclosure_best_practice_audits,tfidf_logreg,1,3,22,52f6bfce60e5ece10730f4e80ac4d6d0a44cf613425838d5b0805482b44527f6,yes,yes,0.6561970592099028,0,2
supply_chain_disclosure_best_practice_audits,tfidf_logreg,1,2,23,e50372eb04052599ab62fed9665c237fbb1fafd32f6502757f0d0bc648ee5072,yes,yes,0.5149368293007126,0,2
supply_chain_disclosure_best_practice_audits,tfidf_logreg,1,1,24,450bbed24b34b5272d476f23a5de997f8ff5490a0e106d7cdec0c059964c5c25,yes,yes,0.724406382729876,1,1
supply_chain_disclosure_best_practice_audits,tfidf_logreg,1,3,25,f2116c063ca557116fe78a21ccd8f5607276835e91875fc11bf12932dddc984f,yes,yes,0.7664515669152734,1,1
supply_chain_disclosure_best_practice_audits,tfidf_logreg,1,0,26,aafd7fd03c4909c8dc45f9cb2cd65c636a86fc13ac4f6c08c449151b9a47fef7,yes,yes,0.5211608124657485,0,2
supply_chain_disclosure_best_practice_audits,tfidf_logreg,1,1,27,33043270153f967b1fcebdd792621661d4f1066634cad83e35b51a515630ac38,yes,yes,0.5669020806018554,0,2
supply_chain_disclosure_best_practice_audits,tfidf_logreg,1,1,28,43294ee8c35a7c5c0a600a0522b094cbf6660d69944080ca876844efa92382dc,yes,yes,0.5699592168835611,0,2
supply_chain_disclosure_best_practice_audits,tfidf_logreg,1,0,29,b68f1b883214616d4922a65d201ee2ea9db1a0122864b78ccbbf5ee46c7a8f7b,yes,yes,0.562946799477216,1,1
supply_chain_disclosure_best_practice_audits,tfidf_logreg,1,3,30,7310ac62e99a4e8b1a34fce3d7086304d24c92e3534b4100b1c05e58506ac4b1,yes,yes,0.7910563819024141,1,1
supply_chain_disclosure_best_practice_audits,tfidf_logreg,1,3,31,b32275d570cb22080951b4812db4ef3e116eb01260737efd0035c8ac82e331f9,yes,yes,0.503575255584838,0,2
supply_chain_disclosure_best_practice_audits,tfidf_logreg,1,2,32,052895a7e776122c3bd93f43e5a766518ea710c81cd2d76001ab5d8e1a8e9576,yes,yes,0.6135499299948481,1,1
supply_chain_disclosure_best_practice_audits,tfidf_logreg,1,0,33,92cd4852e93b427437a48160221b761b265339694e1e9e4b6fbb4078283d47dd,yes,yes,0.5362795684898397,1,1
supply_chain_disclosure_best_practice_audits,tfidf_logreg,1,1,34,a63bbe340e7e5559ab344685986e27ba29e7856a2bb43f559677d60bd6372b49,yes,yes,0.6997539482599673,1,1
supply_chain_disclosure_best_practice_audits,tfidf_logreg,1,3,35,4c66ac71222d0b9ea3d8106a65704219a05af6e124369c676e6d84e9e05eef96,yes,yes,0.8297857480521086,1,1
supply_chain_disclosure_best_practice_audits,tfidf_logreg,1,3,36,5a71be10ab1bfb61b9c98e5a9adce211ebf7cc64b75c2fe894b2da8f4f438624,yes,yes,0.5508537046161198,0,2
supply_chain_disclosure_best_practice_audits,tfidf_logreg,1,2,37,7a943e9ef37d479a877b40d230449fde8ef8985c43c5795a2b67ad1a560ec3dd,yes,yes,0.5092063216425949,0,2
supply_chain_disclosure_best_practice_audits,tfidf_logreg,1,1,38,eebfae389e1805a6524964b0a815e9e64c44ec4245148015e3ee4de8084556cf,yes,yes,0.6811775020618459,1,1
supply_chain_disclosure_best_practice_audits,tfidf_logreg,1,1,39,242ffbc9b3e5ff9fb89c658b1348a67d708b3cbbc0707ba7991cf585da68498d,yes,yes,0.5076261842386677,0,2
supply_chain_disclosure_best_practice_audits,tfidf_logreg,1,2,40,6d4f73e7a6d1fea0e78502ec3d78016b8d7cc091321e361a13bcbc1c64abbc92,yes,no,0.5127004864068898,0,2
supply_chain_disclosure_best_practice_audits,tfidf_logreg,1,4,41,e91b405667ff2e3c59a366f14d4e69a85adf7b37adfbe5cc0d4f68d3ff850477,yes,yes,0.8371672738379211,1,1
supply_chain_disclosure_best_practice_audits,tfidf_logreg,1,1,42,df4b5ecfdae8b9a769a3ceef89c8f2943eff05ffdb56a25b5ff2517b2a5774ad,yes,yes,0.5823907351634194,0,2
supply_chain_disclosure_best_practice_audits,tfidf_logreg,1,1,43,68dff8e9beb989b03b38607e665e4d5372e148fe089e55d47bec6692aea9c76a,yes,yes,0.6301084801360588,1,1
supply_chain_disclosure_best_practice_audits,tfidf_logreg,1,4,44,473f02f9766d1a9408898f92db8c82504af7648bb43d66a2d58ba393ad110cea,yes,yes,0.7190157312403229,0,2
supply_chain_disclosure_best_practice_audits,tfidf_logreg,1,3,45,40b81122b3ce13d0b02d3855a778d59dfa74dfe699922ad1cd59e4c945a11085,yes,yes,0.5747925394281684,0,2
supply_chain_disclosure_best_practice_audits,tfidf_logreg,1,3,46,be386186c94960b560719aa9801a2b53b610974576c933522e3bf0b7de9f75ee,yes,yes,0.8292870858925754,1,1
supply_chain_disclosure_best_practice_audits,tfidf_logreg,1,4,47,54ba1171dd088353ea0094c11e682cce0bda3cce8961ca9686b40b33a7462851,yes,yes,0.8462930758549994,1,1
supply_chain_disclosure_best_practice_audits,tfidf_logreg,1,2,48,a5cd9829d0bb6680b12c38d718acd91f080de69f112a33da5f30ee6a651da5bd,yes,yes,0.5138312414985843,0,2
supply_chain_disclosure_best_practice_audits,tfidf_logreg,1,2,49,a60b58ec65949fd64e04a7930db1d4f38f18d50de6cc77f83c3a1f018bb35971,yes,yes,0.5773391585139976,1,1
supply_chain_disclosure_best_practice_audits,tfidf_logreg,1,4,50,258ee064efae6bfc773d9e688e0e04507092de9bb4d6c023bdd08088ce9b7d0a,yes,yes,0.6571681299989945,0,2
supply_chain_disclosure_best_practice_audits,tfidf_logreg,1,0,51,3bb5ff0604197b2135281a129b8db0a49cf99b97683131f2595801f5a3538e48,yes,yes,0.553300170945905,1,1
supply_chain_disclosure_best_practice_audits,tfidf_logreg,1,2,52,4124b6eeb003417bd70564ba2fde31be4a267b867426f07b7e40d3a5a42b955e,yes,yes,0.5709259437863691,1,1
supply_chain_disclosure_best_practice_audits,tfidf_logreg,1,0,53,6795adbe04130c6f667f1f3bfdf4477f9426ec504d554b86e3442d6bc01c64b3,yes,yes,0.5444698010506939,1,1
supply_chain_disclosure_best_practice_audits,tfidf_logreg,1,3,54,b624a5abb6fe61a77543f57ce95b180f41e23f122d7ea978a7f03a9080d0c117,yes,yes,0.7039260061535463,1,1
supply_chain_disclosure_best_practice_audits,tfidf_logreg,1,3,55,6434dbb7f593fcc55b97b67e6ab2b3bc4e6b0d9e0842c8fdbf3d79acd062e711,yes,yes,0.9323055007655883,1,1
supply_chain_disclosure_best_practice_audits,tfidf_logreg,1,4,56,2c5af191cf4c83284d0d480817f743f471028484b87e6533b0919f79d8be73da,yes,yes,0.6010438273811893,0,2
supply_chain_disclosure_best_practice_audits,tfidf_logreg,1,0,57,1a95135ede09d2e63bd6b4a843062ac4af61a3fd3b03ede6d720351b54846dc4,yes,yes,0.5310396781591604,1,1
supply_chain_disclosure_best_practice_audits,tfidf_logreg,1,3,58,1810bea0a08d73c32b1805b8831178ca0ab8528b2d0f8ac88247661a6e69f8e7,yes,no,0.5120370311887115,0,2
supply_chain_disclosure_best_practice_audits,tfidf_logreg,1,2,59,5a2d69bd4e38c3951efb30708a40e3f4a39f104d84721cbf8c545d5ebbf5a979,yes,yes,0.5589901624780352,1,1
supply_chain_disclosure_best_practice_audits,tfidf_logreg,1,3,60,46835c7ca7f9d3ed9aac3bf85af18fe4658a5d4cecd054ad6219f1b379266b5a,yes,yes,0.7161814537134045,1,1
supply_chain_disclosure_best_practice_audits,tfidf_logreg,1,3,61,19d22a3d9ae55ee79ad31bf1a33f28b73bf1af23a659ff9b50fd6a039c3c1015,yes,yes,0.8381690359945825,1,1
supply_chain_disclosure_best_practice_audits,tfidf_logreg,1,2,62,e0675a87b1557858af49db8846e7da2a54792cca0f4b6687547a06bc21752a64,yes,yes,0.6152098527750649,1,1
supply_chain_disclosure_best_practice_audits,tfidf_logreg,1,1,63,88e18396e51fd530b25dbdba867dee981f99e3bc9ee3e4495b541d3afb24f860,yes,yes,0.5720655731414408,0,2
supply_chain_disclosure_best_practice_audits,tfidf_logreg,1,3,64,30c8b45d4999cf9de8c3c9318059611dc084dd5f81ec50a3ffefb4c434ea5d10,yes,yes,0.722474469535036,1,1
supply_chain_disclosure_best_practice_audits,tfidf_logreg,1,4,65,bcc7c3c9238c4ca25a297bba82702f037934c89e424571ce800b424c2d72eb99,yes,yes,0.6878691646072292,0,2
supply_chain_disclosure_best_practice_audits,tfidf_logreg,1,3,66,d37dc7efcf545e24ea668accb8a8fc8c4b2d71c9a6b66829b6e7f5ad5887c55d,yes,yes,0.7830042403081121,1,1
supply_chain_disclosure_best_practice_audits,tfidf_logreg,1,1,67,1ff72a935e2581a73389e968b07a918171d3a71863f799670ce20e0422a77bc1,yes,yes,0.6428559533889318,1,1
supply_chain_disclosure_best_practice_audits,tfidf_logreg,1,1,68,7c213e830f4b18be4e5435844ebc2482efb5672c7e559006f5c1c21d16cce21f,yes,yes,0.7068176817887778,1,1
supply_chain_disclosure_best_practice_audits,tfidf_logreg,1,2,69,ca21f83512fd7ebfb00825a9d23131822aec5c635857f75025dae20d8e2aeab9,yes,yes,0.5803142300692354,1,1
supply_chain_disclosure_best_practice_audits,tfidf_logreg,1,2,70,583603f2fa828ad5e7283f6a522153df983d96151dd424e878bb41f458ff420a,yes,yes,0.5340435124500879,0,2
supply_chain_disclosure_best_practice_audits,tfidf_logreg,1,1,71,68f670418f0909105c1cb8844772825fb4ba489c72634c139452928eca657515,yes,yes,0.772735508125237,1,1
supply_chain_disclosure_best_practice_audits,tfidf_logreg,1,1,72,a1ee39468479a4129fcd404c7b033a1667904771c45acb07969e94a5c816f741,yes,yes,0.5099756457229279,0,2
supply_chain_disclosure_best_practice_audits,tfidf_logreg,1,2,73,1bbaf32745507e45914fe877698c77e2517b9dcb02e59aefb755e2cb05b3b6ce,yes,yes,0.5593928583624278,1,1
supply_chain_disclosure_best_practice_audits,tfidf_logreg,1,2,74,6441a25c7e9aacdd81cbb5eb9006df4554ef2b778c49f73b61cb1a87d1e664a7,yes,yes,0.641232624791988,1,1
supply_chain_disclosure_best_practice_audits,tfidf_logreg,1,0,75,7effe61be9495286cb7aa152dfe4bb187087cfbbadfd5ae74615afccc94ca5a2,yes,yes,0.5447009542977935,1,1
supply_chain_disclosure_best_practice_audits,tfidf_logreg,1,4,76,55149e53ccbcecf5b2bec61a13a083d8c80ef7d940bce4e69759bd859b75cf27,yes,yes,0.7674140003310524,1,1
supply_chain_disclosure_best_practice_audits,tfidf_logreg,1,3,77,ee9e57c3f7c911b1fd365b5aaadb5a15128e352364d4bec56ec84467d3ff736a,yes,no,0.5916557279965488,0,2
supply_chain_disclosure_best_practice_audits,tfidf_logreg,1,1,78,d7b7e1ac46290add16f23c8195170499df669318e8158462abe68741792c3fc7,yes,yes,0.7193184478258144,1,1
supply_chain_disclosure_best_practice_audits,tfidf_logreg,1,0,79,4319a82278965a186ff1f30c53989cec45e638b378eab1febcbeb65f23fabe9f,yes,yes,0.5135507668556344,0,2
supply_chain_disclosure_best_practice_audits,tfidf_logreg,1,4,80,15e57eb32f969fcd0a6f49e9976788796a20f6e9807cda15d025765d4a4c6250,yes,yes,0.8017866715758678,1,1
supply_chain_disclosure_best_practice_audits,tfidf_logreg,1,3,81,f1e998799add05735d8e4ef8a7b0680c19790187dbe70fb785f32d106cac896b,yes,yes,0.5121389247978628,0,2
supply_chain_disclosure_best_practice_audits,tfidf_logreg,1,3,82,db23799cc5ac6832bc82fc3c56b81ffda2cf099b7bb8dfc04851c7cc978d3860,yes,yes,0.7536802096217706,1,1
supply_chain_disclosure_best_practice_audits,tfidf_logreg,1,0,83,2ebf21b254356e063ec495bc48e8b427c9cef0e023d6c440ab4695d670fac424,yes,yes,0.5234513782079091,0,2
supply_chain_disclosure_best_practice_audits,tfidf_logreg,1,4,84,f5f05ce191f8e498e77d5a82efe0cc9b7b0caca2cbd03855b4a3c04dd5326f82,yes,yes,0.7777007130598814,1,1
supply_chain_disclosure_best_practice_audits,tfidf_logreg,1,4,85,235ce0ea6083794379941800918b143e04bd02e90f6ca0df77dc219a03def0fb,yes,yes,0.7043900450005768,0,2
supply_chain_disclosure_best_practice_audits,tfidf_logreg,1,3,86,675f9e573acd9ee413ee4098ecee6e28c67fb1251f10e277dc5f8251151e9da2,yes,yes,0.6975218136732602,0,2
supply_chain_disclosure_best_practice_audits,tfidf_logreg,1,2,87,2ff95ae87bf0173ba35ce7803ee7e2b6c3e55da5408e2849e2db1bf6be370c1f,yes,yes,0.5911806991806791,1,1
supply_chain_disclosure_best_practice_audits,tfidf_logreg,1,4,88,c3c72b3814c06b5ae24ea5616a76e6e34d5e65a037e85d1de1b714979534a508,yes,yes,0.7810197421080699,1,1
supply_chain_disclosure_best_practice_audits,tfidf_logreg,1,0,89,1abad7524e193958a5e4e30aeee808127f7d6f94b84907ba346c856b1352d506,yes,yes,0.551848593125231,1,1
supply_chain_disclosure_best_practice_audits,tfidf_logreg,1,2,90,d226bbab5779ded49db4f0c92048f30f3308fbc33dddc21c3f553fe8f87fcbf8,yes,yes,0.6066094259620934,1,1
supply_chain_disclosure_best_practice_audits,tfidf_logreg,1,4,91,3b4741877764990637a1268063f65f78bb8e594eae6d2906fe8bcd9f4257c7ff,yes,yes,0.7843004635036288,1,1
supply_chain_disclosure_best_practice_audits,tfidf_logreg,1,0,92,3bd73a7cf410fc9b3e1ae11778d1f9a5e608ca828bdf80e624f9d0fe092636d8,yes,yes,0.5511757226864988,1,1
supply_chain_disclosure_best_practice_audits,tfidf_logreg,1,2,93,f8a69fcaa6995a987c838bf9355ef0f34e73d762cad7adb46499a4919cd21260,yes,yes,0.5015638978993406,0,2
supply_chain_disclosure_best_practice_audits,tfidf_logreg,1,1,94,2bc816bdb532b4fc74face24637b167b5cd6b7a156ba66b8ecdecca78ddb7a5e,yes,yes,0.6097181013273832,0,2
supply_chain_disclosure_best_practice_audits,tfidf_logreg,1,2,95,ab4d67c424e351a53a77b8c8217460def7339c7690bda9807f188c277abf99df,yes,yes,0.5209514862822979,0,2
supply_chain_disclosure_best_practice_audits,tfidf_logreg,1,1,96,5acad3a53814dc166c294d6012ee4d9876377e6c7dc9bcd4cb545aae89327aaa,yes,yes,0.6981852837852368,1,1
supply_chain_disclosure_best_practice_audits,tfidf_logreg,1,3,97,025abd17b4aa8cd2ca7b64367d0dae8246cac55217afb5378a32edc5cb032028,yes,yes,0.6052988285301218,0,2
supply_chain_disclosure_best_practice_audits,tfidf_logreg,1,2,98,8009af26f9d7407e1ae55cfc4779b4b279c3d930f343295afcb1dabb6c4f5771,yes,yes,0.6524174955365228,1,1
supply_chain_disclosure_best_practice_audits,tfidf_logreg,1,1,99,20ffaa2b9dbb70e5796aaeb58543484710a8828de00250b6639f69c9e65bc92a,yes,yes,0.6662108966138092,1,1
supply_chain_disclosure_best_practice_audits,tfidf_logreg,1,2,100,459bed595f402efcac27f2132f647c7bad0622691786e37af3b3902fe7ed6d30,yes,yes,0.5519401453470153,1,1
supply_chain_disclosure_best_practice_audits,tfidf_logreg,1,2,101,031856afb140c703e4a301ce8e6393551af830f3c4945305e23735bdc5dc5e8d,yes,yes,0.5589291440921139,1,1
supply_chain_disclosure_best_practice_audits,tfidf_logreg,1,1,102,6be5c550eecd21d8130ce8d2534fda585336bbd469b636be126d1930496943ef,yes,yes,0.5129477305088879,0,2
supply_chain_disclosure_best_practice_audits,tfidf_logreg,1,4,103,cb1d66fe19e860b6174d574ad92b146dcfb31769b3f045c4268b796d39ace598,yes,yes,0.8492231762584261,1,1
supply_chain_disclosure_best_practice_audits,tfidf_logreg,1,1,104,b8f56656615d580b345dadc70ccbde392c6aa9477d92ffd07eb5fd126fb52749,yes,yes,0.623695363444853,0,2
supply_chain_disclosure_best_practice_audits,tfidf_logreg,1,4,105,e1e9ff82d278af02d188aaab6558d189bc48fdbc54aed68d83ed47c4cbc0ff08,yes,yes,0.8056979223294779,1,1
supply_chain_disclosure_best_practice_audits,tfidf_logreg,1,4,106,5d2e2af1f56ad0b84e2849ad94c7f9b8502c7f564e8e9948112364d32f117415,yes,yes,0.8987262300051309,1,1
supply_chain_disclosure_best_practice_audits,tfidf_logreg,1,3,107,7c0433d913d5d9e83b1a7479c578dedbb65de78fd669dac303b240517f525ac7,yes,yes,0.6823964698912639,0,2
supply_chain_disclosure_best_practice_audits,tfidf_logreg,1,2,108,487257cd89e1e218cee478fba0884b272dc42d42a47b82dd366d389a8b5db279,yes,yes,0.5833868020389491,1,1
supply_chain_disclosure_best_practice_audits,tfidf_logreg,1,2,109,a65ed6ff518a4c68f06e526e47cb1116cb4661c3ed635c6780dd4806b5cde7bb,yes,yes,0.5348362047677965,0,2
supply_chain_disclosure_best_practice_audits,tfidf_logreg,1,1,110,6c8d0687947cec71e1a1cb8a1383c11e0adb47d0e54ea48aafdb5a03e950fee1,yes,yes,0.5960298040554071,0,2
supply_chain_disclosure_best_practice_audits,tfidf_logreg,1,2,111,642eb832cde6ce9f5b08d631301f2eeff3be1414e98cb19a29c1e9a2ba1c24c6,yes,yes,0.6068899324654197,1,1
supply_chain_disclosure_best_practice_audits,tfidf_logreg,1,0,112,375dbda1e8323ea8520c1f6256c9b927c68151c652c6b58105a00d1ab2271c9c,yes,yes,0.567905263376277,1,1
supply_chain_disclosure_best_practice_audits,tfidf_logreg,1,3,113,b19887857cd233945689ec8336c60d2f73d70846421c657f0be1c6a92bbc7518,yes,yes,0.677363621267164,0,2
supply_chain_disclosure_best_practice_audits,tfidf_logreg,1,4,114,f0a3886cf3e1d2070dc523492943cfcd3e499d24b52fc793a0fb7725adfe16f2,yes,yes,0.8874505779804045,1,1
supply_chain_disclosure_best_practice_audits,tfidf_logreg,1,3,115,376f27182efb4c1fe0ce63cffb0beea5d342c2296eb0f8a9e57769b2078f92c6,yes,yes,0.5864603805559712,0,2
supply_chain_disclosure_best_practice_audits,tfidf_logreg,1,4,116,672f49a21e2f43bf1d7affa3e679d9d23f2677e346077297c3ce8c69996abc9f,yes,yes,0.6933092375748557,0,2
supply_chain_disclosure_best_practice_audits,tfidf_logreg,1,0,117,e04a261511b639d13eff7977e3a3d96a624c24da4e20bcea440d03ce7e3ae68e,yes,yes,0.5405467303095839,1,1
supply_chain_disclosure_best_practice_audits,tfidf_logreg,1,1,118,c95024d3b100f9153f41395f2e5c661f54c684d7d8038f764a81c77987cd944c,yes,yes,0.7082397286001773,1,1
supply_chain_disclosure_best_practice_audits,tfidf_logreg,1,4,119,0c2fd8335e8a32cd836ad0fac339e53728d9dd1b1739ac86260707d4b7cf5102,yes,yes,0.6431595456777855,0,2
supply_chain_disclosure_best_practice_audits,tfidf_logreg,1,4,120,fc4c958267d1a005d1c9d5f0ac60c24f69650d1fbb89a618551194f3abb45a0a,yes,yes,0.7011447140563583,0,2
supply_chain_disclosure_best_practice_audits,tfidf_logreg,1,2,121,0efe9e66d9baf00c14469130c1d532f4abeb43c7f893eae6a44dab6313d4fb74,yes,yes,0.587959666314397,1,1
supply_chain_disclosure_best_practice_audits,tfidf_logreg,1,0,122,459a17fd7ed2fb62ccf60f909dab8f4e9f41f8f620571c720e0d6449b3243f1c,yes,yes,0.520873416830403,0,2
supply_chain_disclosure_best_practice_audits,tfidf_logreg,1,1,123,8c190cb913388a32b8ef0c5126e5c392d243b3583fd89923b21d8621b7f16f97,yes,yes,0.6674379565146886,1,1
supply_chain_disclosure_best_practice_audits,tfidf_logreg,1,0,124,dece42af518250889be48080639ae862a6244394a9cfabf7ce7c4af677218640,yes,yes,0.5310567267888802,1,1
supply_chain_disclosure_best_practice_audits,tfidf_logreg,1,1,125,40b7a53af6c489016a3c39a0c23daaf2b4ff6197c2b53acaf1ee59067d17b38a,yes,yes,0.7249603958025376,1,1
supply_chain_disclosure_best_practice_audits,tfidf_logreg,1,4,126,929891ba31548db1aa694753669e3c24a30e1788a99151d98b539c39011f0c6e,yes,no,0.5633313660417159,0,2
supply_chain_disclosure_best_practice_audits,tfidf_logreg,1,2,127,9ffb371008bdf3d9905cc135199ff19454aa55be24ff6556d8f180a5a82601c4,yes,yes,0.638743024595261,1,1
supply_chain_disclosure_best_practice_audits,tfidf_logreg,1,0,128,4cbcd769a0f437d0d8cac94bce5b472c7304848c39ba945db73525d09dd92f29,yes,yes,0.5146199339013106,0,2
supply_chain_disclosure_best_practice_audits,tfidf_logreg,1,3,129,28443bea33a9cfa2056f9e550d7afacc19053d096a108db12f87a2e90de7ad14,yes,yes,0.5624037066834798,0,2
supply_chain_disclosure_best_practice_audits,tfidf_logreg,1,2,130,53b1a4e96ad74195e550599949adc135a68d11a2761b215e2d3c5f78fac20ff4,yes,yes,0.5611317303590402,1,1
supply_chain_disclosure_best_practice_audits,tfidf_logreg,1,0,131,457aa4a03d6d45f3e6544e847d352d46186cccc1f81d8cb481bf644db7af99f3,yes,yes,0.5034572840505025,0,2
supply_chain_disclosure_best_practice_audits,tfidf_logreg,1,1,132,b36c6cc2c4974c8c6877811a1a305dea8be3cb2d15bde1c0c9eb16c92139773f,yes,yes,0.5587168047254771,0,2
supply_chain_disclosure_best_practice_audits,tfidf_logreg,1,4,133,95a16109c1891d82eeafded1e727f6561d5e8c7475e3e4e26d3c11ca744c6547,yes,yes,0.7350909677635055,0,2
supply_chain_disclosure_best_practice_audits,tfidf_logreg,1,0,134,921b410be7bc7b2de67384cb33f2212547c80d1e0d373fde36b9efa85af4bbd2,yes,yes,0.5296886411823573,0,2
supply_chain_disclosure_best_practice_audits,tfidf_logreg,1,2,135,4a3619506781d26fc853745317c36841d51d17c4453fa9792f2a6ec932c1b7f9,yes,yes,0.6304682437990542,1,1
supply_chain_disclosure_best_practice_audits,tfidf_logreg,1,4,136,30a167de20776b14c84cbc4a797def3569824661dd4a47f98a8e2cf261e55c03,yes,yes,0.7481580480486958,0,2
supply_chain_disclosure_best_practice_audits,tfidf_logreg,1,0,137,391ccdc3a1a0f1231bbac5db1ce4e442afa3f3d79dc8b4293b88f93209811a6d,yes,yes,0.5095319509241292,0,2
supply_chain_disclosure_best_practice_audits,tfidf_logreg,1,2,138,151ef6b81c9ba20818d173a6b34a499bd330ac8b55583759ebc444cb3e997ee9,yes,no,0.5187386478376157,0,2
supply_chain_disclosure_best_practice_audits,tfidf_logreg,1,4,139,00f788466575e92cb6cd9b6bece2b76116328a72f455bfbf1b31c1a61e42a48e,yes,yes,0.577928912637806,0,2
supply_chain_disclosure_best_practice_audits,tfidf_logreg,1,3,140,ef2c6382e5dc53301bd218ec96105515da4a8331f35b814e7a7f38ea085ce13f,yes,yes,0.7685922467184261,1,1
supply_chain_disclosure_best_practice_audits,tfidf_logreg,1,4,141,04288152a54520da15135a2da000a2cf47ca7108eb4ed77b37713dc7ead5834b,yes,yes,0.804364259605391,1,1
supply_chain_disclosure_best_practice_audits,tfidf_logreg,1,0,142,78781bf0a8697fd3f3409d0b8bd3967222d89b46f61f1ec355bda7d55721e5e4,yes,yes,0.5157769503896498,0,2
supply_chain_disclosure_best_practice_audits,tfidf_logreg,1,4,143,3c7c5ae2aa151786ba4a73c291ce5e1a0a2b03a30c29cf3328495fb37d9aece7,yes,yes,0.9032609886121377,1,1
supply_chain_disclosure_best_practice_audits,tfidf_logreg,1,1,144,2509ba56d644ea014a3e0fa3d0d6874c3cd2c6a28788f805fd9c6758e313ab8f,yes,no,0.5227266638615025,0,2
supply_chain_disclosure_best_practice_audits,tfidf_logreg,1,2,145,01eca6a511ea344abc3cf6dee3b61342273cacd73fd16da7f8f69dbf49142d75,yes,yes,0.5386421136531763,0,2
supply_chain_disclosure_best_practice_audits,tfidf_logreg,1,1,146,a16e8a50ee6e37a4589de3344628e84d9c80280c3ba92ec3972f6b853cbf7c2e,yes,yes,0.6838197023676831,1,1
supply_chain_disclosure_best_practice_audits,tfidf_logreg,1,2,147,45bd51009e1e64c672134259f2b5ede08866a003283780b51c4818c318a172fc,yes,yes,0.5783246969829398,1,1
supply_chain_disclosure_best_practice_audits,tfidf_logreg,1,0,148,9e1afd1f029efd031171df47a2ca39fb5420f30cd60b2fd9e1b0a8875cd25e49,yes,yes,0.5486527310060111,1,1
supply_chain_disclosure_best_practice_audits,tfidf_logreg,1,1,149,4b31ff48711f468ee6a1562ebc1e3389c382fd1c448638c0eda617de2469b754,yes,yes,0.638539389376935,1,1
supply_chain_disclosure_best_practice_audits,tfidf_logreg,1,3,150,0d783ce52643a830262a183e1f3340dfa5e11782478d1c01ad53d0076c4c73d4,yes,no,0.5050319077819366,0,2
supply_chain_disclosure_best_practice_audits,tfidf_logreg,1,0,151,baace2e4253ecc8d61872f3b64835bb002f2a49a97e7d4c31adc7b078bc0a85f,yes,yes,0.5349642986536527,1,1
supply_chain_disclosure_best_practice_audits,tfidf_logreg,1,3,152,396d5edabfc1cc0317011328bc857e25c1640c119ce86f4b99f02862697e7df8,yes,no,0.5563917041347132,0,2
supply_chain_disclosure_best_practice_audits,tfidf_logreg,1,1,153,0c532687e912f2d64ff38f5eed8a18b3179c544a30dd454a0e4adc0617bafbef,yes,yes,0.7277159380730583,1,1
supply_chain_disclosure_best_practice_audits,tfidf_logreg,1,0,154,607ecb634c0681303ee57bf7366b51214e7db74d4d4c0675d3806628cffdbffb,yes,yes,0.5121550505954923,0,2
supply_chain_disclosure_best_practice_audits,tfidf_logreg,1,1,155,14759c3262b6131be28f172314d3243dbc099f7cb099c03a4e85397e876c8b56,yes,yes,0.6087641801123448,0,2
supply_chain_disclosure_best_practice_audits,tfidf_logreg,1,3,156,32260ecf26035d5e5df015a53c55c1fa3414a446aee4f3709c38ccf58df0ca66,yes,yes,0.8089992556432611,1,1
supply_chain_disclosure_best_practice_audits,tfidf_logreg,1,1,157,5ae1b1df5103d563678ef0e3bd377743146e4315d7a2bf0c895ece3a203e57a5,yes,no,0.6044906909049885,0,2
supply_chain_disclosure_best_practice_audits,tfidf_logreg,1,3,158,5d1fc63f4139faae3bfe28443da26e285c4bb8f1d308b6ff4b7b1b75cc2c1e80,yes,yes,0.5149815904719981,0,2
supply_chain_disclosure_best_practice_audits,tfidf_logreg,1,4,159,39e33483b6daed03fd99c05cd1c125e6b18f5af6c51ec943acdeaa4b1ee84166,yes,yes,0.5098535015204614,0,2
supply_chain_disclosure_best_practice_audits,tfidf_logreg,1,0,160,3daa8ec03c0ed46a2b9f72cbb4723307035f5c52b6f89d28317e2a6b303d6247,yes,yes,0.526618566836309,0,2
supply_chain_disclosure_best_practice_audits,tfidf_logreg,1,2,161,0c82ffaee114b837e9f974f4e80361b373b8c00d329a258aa8a80fb9b1f4e398,yes,yes,0.5581866571379481,1,1
supply_chain_disclosure_best_practice_audits,tfidf_logreg,1,1,162,07c6e827cc6c23cd27132b4c99cdd5e4258ea66c0b532d59b29055c8e5cedc14,yes,yes,0.6745379221187043,1,1
supply_chain_disclosure_best_practice_audits,tfidf_logreg,1,4,163,575b6c919a2ada10f464c7b46bc2b934726e9c993c82384121938de3ec6d3259,yes,yes,0.5112152937102158,0,2
supply_chain_disclosure_best_practice_audits,tfidf_logreg,1,3,164,21bfadb1e773c7ba5a13997f0fb26b6975502bebe37fe323b42580c521a1600f,yes,yes,0.8355257412760061,1,1
supply_chain_disclosure_best_practice_audits,tfidf_logreg,1,0,165,562ebd404575617d0f8d7b9efb34742cf5ddd488563c2500c9aec2ca6c214663,yes,yes,0.5547094996574161,1,1
supply_chain_disclosure_best_practice_audits,tfidf_logreg,1,2,166,78456786d204455184c362ece71adf15b8e1a55b2b2e857ebb83507e9881cb4e,yes,yes,0.5372453380059163,0,2
supply_chain_disclosure_best_practice_audits,tfidf_logreg,1,4,167,6ea4297c021e920636315a3b8cd9f75283c91cc9053cccc8f74a085fac3ff9e6,yes,yes,0.6225430552139813,0,2
supply_chain_disclosure_best_practice_audits,tfidf_logreg,1,0,168,d7246cb68425a99318147f0f1fe2dcbb042807eb08603cbe9904847610a446e0,yes,yes,0.5295075197286205,0,2
supply_chain_disclosure_best_practice_audits,tfidf_logreg,1,4,169,f8401a13ab0b03ea07669144d0d263b35b0c21e834a4da3c577de48bdf482495,yes,yes,0.8201457379567937,1,1
supply_chain_disclosure_best_practice_audits,tfidf_logreg,1,1,170,a4e29359bcaec8e1536b48faecaba98004ae3f5854c7402ba7740252b24e59ec,yes,yes,0.6897481631262847,1,1
supply_chain_disclosure_best_practice_audits,tfidf_logreg,1,4,171,61bcec93f20473c4dd8792a0590cd52ebb4e73b93cce84104e1821b66585ae36,yes,yes,0.7939404211014853,1,1
supply_chain_disclosure_best_practice_audits,tfidf_logreg,1,1,172,051d82ea698c7defeb37ae5b11301eca98346930ddd52562f9aea2bbac1b413d,yes,yes,0.7590018689533647,1,1
supply_chain_disclosure_best_practice_audits,tfidf_logreg,1,2,173,ef497929adb29de6160875c9594ed91f6ec6548653bca2492ebcd49f7324e9b1,yes,yes,0.6166612114230039,1,1
supply_chain_disclosure_best_practice_audits,tfidf_logreg,1,2,174,93bb3e29ce9e7036bd4c6725e22905194dfbb28fbe4e38678c89b9588ae43da4,yes,no,0.5309450980315107,0,2
supply_chain_disclosure_best_practice_audits,tfidf_logreg,1,1,175,dd5ea83860728cd69a48d8ee326e7998b3e4d597bd167390eff08fab3423660d,yes,yes,0.6019754987354878,0,2
supply_chain_disclosure_best_practice_audits,tfidf_logreg,1,3,176,acf95ae6504008b3675b5a6e1d34dcf3e2ae5a31a2c52ab178689b08b1e52318,yes,yes,0.7995998854172598,1,1
supply_chain_disclosure_best_practice_audits,tfidf_logreg,1,2,177,feb00174787409b226e12959e1eec4d9c76105dcc553753d24bfa85b06fa13a8,yes,yes,0.5179309419639657,0,2
supply_chain_disclosure_best_practice_audits,tfidf_logreg,1,2,178,4e157c907f1a39c4736c42962bdcd0647aba4fc2d56996b1a7d865e6fed2b387,yes,yes,0.5680481079826815,1,1
supply_chain_disclosure_best_practice_audits,tfidf_logreg,1,1,179,b01aaacbff761f1d09ba1fd4477b90c6e5723fbf33f70d4a6c4092180818be85,yes,yes,0.5991999825103616,0,2
supply_chain_disclosure_best_practice_audits,tfidf_logreg,1,0,180,21caaa5906e5a0b027392e17755bdb5e69f2fbeeab9457431ce75f2563ed54f7,yes,yes,0.553575422859393,1,1
supply_chain_disclosure_best_practice_audits,tfidf_logreg,1,2,181,596504be5142fc5222baf19af3a06f62e1c31bdf6053136081a7aa8300a515c0,yes,yes,0.6199441047706667,1,1
supply_chain_disclosure_best_practice_audits,tfidf_logreg,1,4,182,b0825404cd40d6659e58b65251fa3700b8ca36acce0c7e74e5ec60d73f009c2b,yes,yes,0.8880455006211131,1,1
supply_chain_disclosure_best_practice_audits,tfidf_logreg,1,3,183,2c330a1ba17f5fd6fcbe0c35d683859c0e61aae4aad2422c88ecae48ec2fb137,yes,yes,0.6021905190443358,0,2
supply_chain_disclosure_best_practice_audits,tfidf_logreg,1,1,184,1531fdb46dfdd8cefa201ef9546bdc219dc7ec61de3612565a5a597833bca11c,yes,yes,0.6184469605632322,0,2
supply_chain_disclosure_best_practice_audits,tfidf_logreg,1,4,185,ed5516e94ba0f9873e91a7c51a694a4b275288be9b383d487d2c473eec82d333,yes,yes,0.7284722392080554,0,2
supply_chain_disclosure_best_practice_audits,tfidf_logreg,1,3,186,d03e6766a02ffc8423ba39940ce8a69fd03ea5e93edfb327af258dabd75c9e5e,yes,yes,0.5830471577882492,0,2
supply_chain_disclosure_best_practice_audits,tfidf_logreg,1,4,187,8a81109a73b838cbc58d4bf69f51eb6f1dee99da7818cde561d4cc9350058f7c,yes,yes,0.626686142262906,0,2
supply_chain_disclosure_best_practice_audits,tfidf_logreg,1,2,188,ad8df74a5604a274f191b30942519d471ef007f2cb2afc12ca66cd73490f140b,yes,yes,0.6227360315665439,1,1
supply_chain_disclosure_best_practice_audits,tfidf_logreg,1,4,189,3236cea34e746c2854726aafd2b42f4c763e91efd983f92bd5d46b37934ce701,yes,yes,0.5834922902213814,0,2
supply_chain_disclosure_best_practice_audits,tfidf_logreg,1,2,190,244d7fc55eab9fe22ac8639ef434c9d3948c9bedb7453b1980ec8f1229bb2c68,yes,yes,0.5666214152574148,1,1
supply_chain_disclosure_best_practice_audits,tfidf_logreg,1,3,191,5b777db784a0ad2ff2f63cd6ac341cec919f6db8e66c1a7c8afcca4bda0856f1,yes,yes,0.5769211963156441,0,2
supply_chain_disclosure_best_practice_audits,tfidf_logreg,1,4,192,a536c2e629791ea99d535deb51d04d6950ca7e778e2b8fabd5107530ecf3b63d,yes,yes,0.8092887412776553,1,1
supply_chain_disclosure_best_practice_audits,tfidf_logreg,1,4,193,c1782493d0a641f2d98c277b11023e4adb7fa2fc203ee4dac76fa3dd572915e8,yes,yes,0.7107672351176265,0,2
supply_chain_disclosure_best_practice_audits,tfidf_logreg,1,1,194,c7792639dfd396f47fe6f339c6da513ede7315959767ab9dafb88309769dbab6,yes,yes,0.6317705495211772,1,1
supply_chain_disclosure_best_practice_audits,tfidf_logreg,1,0,195,ae215269eaa9afcae52c3c7fad43d01a78c9e122205651439d9bf2e5671676af,yes,yes,0.5455616340862675,1,1
supply_chain_disclosure_best_practice_audits,tfidf_logreg,1,3,196,30079533bf5c7357cd70f9cf1cbc13700f5c3e515d3c5ebbe55c0943cb3cd3d3,yes,yes,0.7434404066034739,1,1
supply_chain_disclosure_best_practice_audits,tfidf_logreg,1,4,197,ef8843ad04ca905381cc9dc85e84a4c4e9c5a2861f05e5fce9fa5066e7f7876d,yes,yes,0.8589007981292472,1,1
supply_chain_disclosure_best_practice_audits,tfidf_logreg,1,3,198,7c18061590aa800422b5635e324664e2dc3382d93bdd896d73512fd499719d54,yes,yes,0.7350844085804504,1,1
supply_chain_disclosure_best_practice_audits,tfidf_logreg,1,3,199,56c25d4eb4588f13327a6b3f6d1bf423858c24d3e72ca640819f1aff6fffb588,yes,yes,0.6032718811509385,0,2
supply_chain_disclosure_best_practice_audits,tfidf_logreg,1,0,200,37fb8de488cb40c4b049e28e90cefa770eb07d1059f2e68c706d35d39deaf7a6,yes,yes,0.5099708606057687,0,2
supply_chain_disclosure_best_practice_audits,tfidf_logreg,1,0,201,d6943bae94c68dbe413f37141c963ec0da0f265c3d6cd601971199d07c838bcf,yes,no,0.5034470678562288,0,2
supply_chain_disclosure_best_practice_audits,tfidf_logreg,1,0,202,738411246babffb6b853c81c2ab34295e5db281b7e730293ed8d1ad31e1d30cb,yes,yes,0.5735945118786304,1,1
supply_chain_disclosure_best_practice_audits,tfidf_logreg,1,1,203,4d4c98bf199646728c2a7b80140d0f8bfa90311619ddd101e7e81d8da51eba3f,yes,yes,0.5794548097254766,0,2
supply_chain_disclosure_best_practice_audits,tfidf_logreg,1,0,204,3887f474ec6dfe32935833b72b870ee0ee25207e9c2d7cad91f1d4792356e278,yes,yes,0.5156304482305825,0,2
supply_chain_disclosure_best_practice_audits,tfidf_logreg,1,3,205,5183361573f996b8425904aba330bdb33a14f3a40e5a13d71f8a4dfa32ee601c,yes,no,0.5090131218486953,0,2
supply_chain_disclosure_best_practice_audits,tfidf_logreg,1,4,206,b7fef818a202c62579781f6a16fdc3fbe95b7014de4c7fc7c0bfd72085b49111,yes,yes,0.7537138246308301,1,1
supply_chain_disclosure_best_practice_audits,tfidf_logreg,1,1,207,7f71163235d108c9e78fa664d5bef08dabfa91cfbbdcd9f3d08391db22af380a,yes,yes,0.6669706493227137,1,1
supply_chain_disclosure_best_practice_audits,tfidf_logreg,1,3,208,5695147a701cc755d386897ef3916ae914a81943569ef4fe344ca24a43d906ee,yes,yes,0.876623032762944,1,1
supply_chain_disclosure_best_practice_audits,tfidf_logreg,1,0,209,b18c36bddd3d7b476ce5b9e82b759a1230ce387c9ef91dd060c50f7a7fb551f5,yes,yes,0.5108224001472862,0,2
supply_chain_disclosure_best_practice_audits,tfidf_logreg,1,1,210,0a76fce024d1ded8f815f5aeddfd0f478fe16661931e2f3658f76bca65572613,yes,yes,0.6927822269260259,1,1
supply_chain_disclosure_best_practice_audits,tfidf_logreg,1,0,211,b5f480ca28f49024bd818f6af65275cc36a6022530a28fa2648ddb7da3f86839,yes,yes,0.5235799717676306,0,2
supply_chain_disclosure_best_practice_audits,tfidf_logreg,1,3,212,255fd01e686472de43e42c9c117018713274490a02b2df34c1bc9ea698083b88,yes,yes,0.6789882344794614,0,2
supply_chain_disclosure_best_practice_audits,tfidf_logreg,1,4,213,c1b7a9f6e0096a280a7cff21a3d2d2a788fda487fb4778bff25572d53d220dd8,yes,no,0.535245185336747,0,2
supply_chain_disclosure_best_practice_audits,tfidf_logreg,1,4,214,8e4caa63c82cc004c6a03ff6278f68d26b0d6195e385e25392f38000f093728e,yes,no,0.5837657902237956,0,2
supply_chain_disclosure_best_practice_audits,tfidf_logreg,1,4,215,5246f2f270d78e6a7ee150dfeb414ed591d6d868246b224415d78f8dcb33c791,yes,yes,0.731212568756482,0,2
supply_chain_disclosure_best_practice_audits,tfidf_logreg,1,4,216,dc87f2b33f12048f543e0a8cc1526f23fe4e72f15a6f2f1decf2a602f0eadf1b,yes,yes,0.846677177663211,1,1
supply_chain_disclosure_best_practice_audits,tfidf_logreg,1,2,217,3045163bc73fcda0d5d8a7800ea68f83f22b0d7e71099dbf8bf7030daca5c21a,yes,yes,0.5282669301248841,0,2
supply_chain_disclosure_best_practice_audits,tfidf_logreg,1,0,218,4c7d5ee51cc7b5700e6104e6c501ce5b41ed859fcf48fdb1057af364fba88a8e,yes,yes,0.5176212109275289,0,2
supply_chain_disclosure_best_practice_audits,tfidf_logreg,1,4,219,bd4c1f1cf2fc2181caa3f8384bb1b4d9195039f6a32c4609aa60fff706567b74,yes,yes,0.638115457950421,0,2
supply_chain_disclosure_best_practice_audits,tfidf_logreg,1,0,220,77ad10e7c8d412c275543817ff3fbae1b314666dc24e6b51452fee9982cb31ec,yes,yes,0.5243616768200196,0,2
supply_chain_disclosure_best_practice_audits,tfidf_logreg,1,3,221,be62d87c4255e3586bdf7df9901d04563f034fa4e1c974936be58d86bae1221c,yes,yes,0.678575874145944,0,2
supply_chain_disclosure_best_practice_audits,tfidf_logreg,1,0,222,c28332da856f34b6a44fb9b64740e960ec60cbce5cfb5a4d5a7697e4796c9b42,yes,yes,0.5417304605376754,1,1
supply_chain_disclosure_best_practice_audits,tfidf_logreg,1,0,223,f5a6277f734ce623abb70561bc333f40c516432889b7170fe537795f0b0d1dfe,yes,yes,0.5364832987035714,1,1
supply_chain_disclosure_best_practice_audits,tfidf_logreg,1,0,224,c40939ccc68ff214deef38f965d504bec913cb7a2f3c74d2ece1a45866e275d9,yes,yes,0.5049981761938596,0,2
supply_chain_disclosure_best_practice_audits,tfidf_logreg,1,2,225,829a910f071a32bcafaaa8663dbdf625ce4b5548e0b6c349d0dc9ac3703a1122,yes,yes,0.5157064264530478,0,2
supply_chain_disclosure_best_practice_audits,tfidf_logreg,1,3,226,f1638844a53628837ad5d89cfcdeecc0f5bb34cfc57eb62570e26ff4a1cf62da,yes,no,0.5258834136506033,0,2
supply_chain_disclosure_best_practice_audits,tfidf_logreg,1,1,227,902f081f4eba26153cd2c7c4a497205b912767790306d278827259370ff02e5a,yes,yes,0.6545071166999091,1,1
supply_chain_disclosure_best_practice_audits,tfidf_logreg,1,3,228,ca1da196f15bf1f779e22e5e1a695d8b7a71804e15e2d5e7feff77800f931548,yes,yes,0.8417280349179169,1,1
supply_chain_disclosure_best_practice_audits,tfidf_logreg,1,3,229,5f6bc442d00e4fa861670fafbb8a27c94547c1508938c9d29e3d899bfc2ba60c,yes,yes,0.846524490533977,1,1
supply_chain_disclosure_best_practice_audits,tfidf_logreg,1,2,230,f2c4a70d75d38bdb8ddcf24ce6b3bbc1270aa929b58238973c10a2f20dcf0d75,yes,yes,0.5306322697239317,0,2
supply_chain_disclosure_best_practice_audits,tfidf_logreg,1,0,231,8bf9eb09cc0e8fd59010ab76b7c69b9e1e43c539995dc000c6861a83b2d81707,yes,yes,0.5338513264353041,1,1
supply_chain_disclosure_best_practice_audits,tfidf_logreg,1,3,232,f7cf08b6965795f5c7d3d054023aac6ccdeabdb48f991c84e2931966f6ad041d,yes,yes,0.7741404502516716,1,1
supply_chain_disclosure_best_practice_audits,tfidf_logreg,1,1,233,1c7fa227e0dc0b3f0683ec2411f95409c3417c9b96f8516a9f76bb71971c3978,yes,yes,0.5844941854415069,0,2
supply_chain_disclosure_best_practice_audits,tfidf_logreg,1,0,234,5f24817add32407e6acc884463b789a68919be44f960ad31c19f73970ec67edd,yes,no,0.5018944762683843,0,2
supply_chain_disclosure_best_practice_audits,tfidf_logreg,1,0,235,f3669d8939961578a7f23f5801a8f8915334ee6e2197feeaffc15c7042fe0c20,yes,yes,0.5610446395495434,1,1
supply_chain_disclosure_best_practice_audits,tfidf_logreg,1,1,236,06c17d0d305d5233112fb0bca036055b06f839ff3e6eef40071ed1a3802d4a7e,yes,yes,0.7274817316011278,1,1
supply_chain_disclosure_best_practice_audits,tfidf_logreg,1,4,237,f3e83ec97ee5386134f54fd9a9f7c19f68cc121dc9f6f5ba2618dfcd1c4b3b66,yes,yes,0.8648580188308669,1,1
supply_chain_disclosure_best_practice_audits,tfidf_logreg,1,0,238,f894ff8baed215fe478a03c4f70e0ae70f1dee90d635e8bf521bcf7c2c5d5d8c,yes,yes,0.5316883111402722,1,1
supply_chain_disclosure_best_practice_audits,tfidf_logreg,1,0,239,0959b643a8baf490de768c9a042a1cff4f7ba07e8c3a35f1d3c88073b5c659bb,yes,yes,0.5221591603327013,0,2
supply_chain_disclosure_best_practice_audits,tfidf_logreg,1,1,240,c603ec107332b17d63d9c056e5827a42faf80cee9ecf616f78b74d7b26aca002,yes,yes,0.7563727385723314,1,1
supply_chain_disclosure_best_practice_audits,tfidf_logreg,1,4,241,cff6dc284e486a2f018540356c568bd866b086fd09ab993a34321b8282b62dff,yes,yes,0.600676469072753,0,2
supply_chain_disclosure_best_practice_audits,tfidf_logreg,1,0,242,f1ffa5b7ab4faafc9099101fbcac382df8a721f39c48a1fb4eff0f8263e12ddd,yes,yes,0.5324138838319852,1,1
supply_chain_disclosure_best_practice_audits,tfidf_logreg,1,1,243,7358882b282e44427d46aa23e131b40ce9cb810d4046b9b5b1b29019a7bafd97,yes,yes,0.6752455830300121,1,1
supply_chain_disclosure_best_practice_audits,tfidf_logreg,1,3,244,39716913d74b739a4abccba43e643a747078c53268d60308a0981129848fe379,yes,yes,0.5889212805212793,0,2
supply_chain_disclosure_best_practice_audits,tfidf_logreg,1,2,245,aacaba1b480efdbb8a8d7f064c31e6c8bb5d15a859dde769c4e38d8f39544726,yes,yes,0.5857995642148974,1,1
supply_chain_disclosure_best_practice_audits,tfidf_logreg,1,4,246,625e4fb7cc51b77995b363889fc63bbadb80c2bc91fb2880c1018ab4741d3b7c,yes,yes,0.6856597100637788,0,2
supply_chain_disclosure_best_practice_audits,tfidf_logreg,1,4,247,cadb995cb17c99a0479f83cf2c9ef1624ee2362bfba9690abd6fcc060800c76a,yes,yes,0.8081604802744067,1,1
supply_chain_disclosure_best_practice_audits,tfidf_logreg,1,0,248,ab606b741090016f818eb0cb7e260b416330418b8003a89245993e73bf8630d0,yes,yes,0.5537456230525147,1,1
supply_chain_disclosure_best_practice_audits,tfidf_logreg,1,2,249,cc0bd56a8fa41797d21f3f767f99f08c0d47e85478b58e4221224373d2c04763,yes,yes,0.5660588829798937,1,1
supply_chain_disclosure_best_practice_audits,tfidf_logreg,1,2,250,1294ab0087ad5087a538686b745d3e7db23d18cc7f4f6f530cc80e2ac5f4db00,yes,yes,0.5460085128746852,1,1
supply_chain_disclosure_best_practice_audits,tfidf_logreg,1,0,251,94afabafc1a2e279104f1d46c17a267d3986bec668852ff48007a09bf59540ad,yes,yes,0.5472334442410678,1,1
supply_chain_disclosure_best_practice_audits,tfidf_logreg,1,1,252,6132d8d18112fa7d61ba37ff4d62b1c1c54f81b63eb04af24889c178eac1b7f5,yes,yes,0.633283070804946,1,1
supply_chain_disclosure_best_practice_audits,tfidf_logreg,1,3,253,8c27ca919f3a1c88913da54bb4a77bba34322faffaf8e221698a9d377dbe8c52,yes,yes,0.5459788110891836,0,2
supply_chain_disclosure_best_practice_audits,tfidf_logreg,1,3,254,13a1d68844cb18a366fbe726bce7132ea31a4fbed461a3d8e40fe9c27604ab0c,yes,yes,0.8720576081624796,1,1
supply_chain_disclosure_best_practice_audits,tfidf_logreg,1,0,255,96815958503862c65f14b779ce716b39e74afb0aac85ec7b03e85152838e44b0,yes,yes,0.5104346983001401,0,2
supply_chain_disclosure_best_practice_audits,tfidf_logreg,1,3,256,73eed2cd61ac0ea6ae32683a83e2b0e5738d28779452c6ed7cb6f7eadd0e2261,yes,yes,0.6848045972931233,0,2
supply_chain_disclosure_best_practice_audits,tfidf_logreg,1,0,257,373083f104edd5a192773c0a179c9788a933c15a1571ba09d81e8033116bf6c4,yes,yes,0.5018748010033696,0,2
supply_chain_disclosure_best_practice_audits,tfidf_logreg,1,4,258,eade8098bb75f44ddc8f9427c116b373a4abfcf40e4dcf8e2774b900155008a0,yes,yes,0.8947231183689495,1,1
supply_chain_disclosure_best_practice_audits,tfidf_logreg,1,2,259,013f12d740fc3d68af91928317abf93d62dd424d19d1137d161e2693551f67e3,yes,yes,0.5955059269236115,1,1
supply_chain_disclosure_best_practice_audits,tfidf_logreg,1,1,260,bf3486f95c637ed4c0f6e7987cd08241cbaa680a7e6a37850cb43d0042e06cad,no,no,0.5810121286666978,0,2
supply_chain_disclosure_best_practice_audits,tfidf_logreg,1,0,261,17b7c487cc98c7e8e49c1c50b503ac7d38f2734055411ae4ae7b698cb622add3,no,no,0.5123490206489093,0,2
supply_chain_disclosure_best_practice_audits,tfidf_logreg,1,0,262,8af0b9f5fd790626bb4db3c123e1eb46e4ce609c0a22a6c74820808d33d2e351,no,no,0.5064320073629789,0,2
supply_chain_disclosure_best_practice_audits,tfidf_logreg,1,1,263,4711f4cfb8352d9bee2590efd786b65a53292b22ea7e088a282787c6669af84d,no,no,0.598506772034584,0,2
supply_chain_disclosure_best_practice_audits,tfidf_logreg,1,1,264,6280d5d3a4a66af42f0a860a6e1bef945aaac4cd6695915cab72224d2110b691,no,no,0.5276612723074813,0,2
supply_chain_disclosure_best_practice_audits,tfidf_logreg,1,3,265,168f343929f3968913069fd4fe3ea2090bcc1a567ad31fa5d6834c9d9d8ee1d5,no,no,0.5542329891499462,0,2
supply_chain_disclosure_best_practice_audits,tfidf_logreg,1,4,266,71386be1f3486406f1a3cf5dfee5e266834f063cbf2bfb914213afe0d7458bb1,no,yes,0.6059574533191725,0,2
supply_chain_disclosure_best_practice_audits,tfidf_logreg,1,3,267,00768c68746cc07a0855f2e858ea0b79d89c52616ea96f63e3b7d7113ad78409,no,yes,0.7871425272133157,1,1
supply_chain_disclosure_best_practice_audits,tfidf_logreg,1,2,268,73be09f2cbe8d3723f914f0901b9b1199c1c4b1c8cf68937bada35a3da53af17,no,yes,0.5667393854204367,1,1
supply_chain_disclosure_best_practice_audits,tfidf_logreg,1,1,269,96700d3c63698f7fc8d4ea778f120a3d46929a5734a3c86cfa59d7a160ef608e,no,yes,0.51331061699867,0,2
supply_chain_disclosure_best_practice_audits,tfidf_logreg,1,4,270,b11583189d07bb6c3452ea92f85ffc89db81f8f0bb7f000a3d4b4d62e7eec5c0,no,yes,0.6340661897854672,0,2
supply_chain_disclosure_best_practice_audits,tfidf_logreg,1,2,271,2c33b85eaa7cbe07fb355c5e6f1156c2063261897778d650af9ba90bc60754c2,no,no,0.5552355223311778,1,1
supply_chain_disclosure_best_practice_audits,tfidf_logreg,1,0,272,203ed0f85c23f811b2013c75119ab4107bb94611678786bf334e168d337dfd91,no,yes,0.5014730726070984,0,2
supply_chain_disclosure_best_practice_audits,tfidf_logreg,1,1,273,29f5a73f0eb2112c2e8648ba539c6e8540af14f4e9972e5f4dc3409460c124a7,no,yes,0.5127788072257866,0,2
supply_chain_disclosure_best_practice_audits,tfidf_logreg,1,0,274,529fbe231a56762bee94fca3a926dfbe380e1a1a4899d3eee0104c0f6d69fd90,no,yes,0.5129675208896212,0,2
supply_chain_disclosure_best_practice_audits,tfidf_logreg,1,0,275,c4a4dd3902ba1e7f9bd8aec6700ede838bef8b038357041988488f41c58fd818,no,no,0.5074230058125843,0,2
supply_chain_disclosure_best_practice_audits,tfidf_logreg,1,3,276,072d2e8050c2b36c8c5ff2c7aff95b88f8fd6cccc76368e10be132a17e092b7d,no,no,0.5013779272999364,0,2
supply_chain_disclosure_best_practice_audits,tfidf_logreg,1,0,277,a86f11debb6ead7654a11b993c384f748c0211f80d9cf6ec15379718865bb14b,no,yes,0.5287140299858077,0,2
supply_chain_disclosure_best_practice_audits,tfidf_logreg,1,4,278,dec95cde6289a27cf2fa4c129a8fe002cd9efe24fe0c76194cd80b81d4d25646,no,no,0.6241987409741049,0,2
supply_chain_disclosure_best_practice_audits,tfidf_logreg,1,3,279,278a88f973ea6da6e167d46d0b191eee85edd560cf58a096d19bf9f0385f078f,no,yes,0.8325838251216553,1,1
supply_chain_disclosure_best_practice_audits,tfidf_logreg,1,3,280,9f9d1126a707de4b474cf7e0fc08299ad856bdb4a0bfe68914a374466df2ba79,no,yes,0.7298061972053153,1,1
supply_chain_disclosure_best_practice_audits,tfidf_logreg,1,3,281,49e44d01a8d96ebc8362b1012e8fe169fc8ba19015002d2415f18d38e34e543f,no,no,0.5845825452978446,0,2
supply_chain_disclosure_best_practice_audits,tfidf_logreg,1,1,282,7aff74a42e71a0efa775083fed4b831acd81e1c7a72ea3ab95fa0010cbd1b047,no,no,0.5378814427245003,0,2
supply_chain_disclosure_best_practice_audits,tfidf_logreg,1,2,283,c0e1213a6c7f271618273d37e7c4d80e49f79f3cb5a1276394122a181df3af93,no,yes,0.5256742622602311,0,2
supply_chain_disclosure_best_practice_audits,tfidf_logreg,1,0,284,162326a6ce5c56ccf790f70cb837962b40b3bc3287e736e1be05be79c4e6bce9,no,yes,0.536152875389853,1,1
supply_chain_disclosure_best_practice_audits,tfidf_logreg,1,4,285,446398bfee4175c67b2956599c14af90b0edd482e1dce8163481a203948007dd,no,no,0.8060303405809429,1,1
supply_chain_disclosure_best_practice_audits,tfidf_logreg,1,1,286,ba33f9b515db096d9ae8836a3b69ce9148b85a2f3bd641c7a5fcba3f6b073736,no,no,0.580968743199596,0,2
supply_chain_disclosure_best_practice_audits,tfidf_logreg,1,1,287,0b218c20d44772c56168aad84ee04aa59a41e91c16b8af3ec7318f2db50abac9,no,no,0.5389946993108782,0,2
supply_chain_disclosure_best_practice_audits,tfidf_logreg,1,3,288,a6098775d1f58c7495bade73c71a163bda773200d559daf386859c20452c9497,no,yes,0.5598278058868228,0,2
supply_chain_disclosure_best_practice_audits,tfidf_logreg,1,3,289,0bb83f5175555cfaa916ed3929534af9f11e955ce4ff57612f69713e94993937,no,no,0.7417995433633265,1,1
supply_chain_disclosure_best_practice_audits,tfidf_logreg,1,0,290,389a4e760129e6e54975f074004e2fec1753d42f1e48343f1b10d47d6fcac37e,no,yes,0.5124335458561898,0,2
supply_chain_disclosure_best_practice_audits,tfidf_logreg,1,1,291,d57214d0e9a179e422fbe3b51666f953ceda30db4a7ce444e66f35c2904d4c84,no,no,0.6140809816218464,0,2
supply_chain_disclosure_best_practice_audits,tfidf_logreg,1,4,292,4f3067260931b33e6f0dcd9414705fb435db8f6aac3bf072fcf443d96f77932c,no,yes,0.6018003987285013,0,2
supply_chain_disclosure_best_practice_audits,tfidf_logreg,1,3,293,143076a0b6c3b4b2c37750896a92e809870b097c81c38be1d50dce2c008d9eb2,no,no,0.5316878911192569,0,2
supply_chain_disclosure_best_practice_audits,tfidf_logreg,1,1,294,3bce2b75988d047a0d7a0deea7d519effb6c58310ec68cc20fa6cce9c3b54f1b,no,no,0.6119173154214078,0,2
supply_chain_disclosure_best_practice_audits,tfidf_logreg,1,1,295,5ba25ab1ef701ffb4ef46c65dacf4c7fff4bf56cb6c3b355c39768b828753eb2,no,no,0.5896408193686069,0,2
supply_chain_disclosure_best_practice_audits,tfidf_logreg,1,0,296,c09af0b827ba4837bfe03f4efcc035c576b40c281b86c6d5cf4d9a9452124fe4,no,no,0.5110640413230515,0,2
supply_chain_disclosure_best_practice_audits,tfidf_logreg,1,0,297,d318eaf94df22e65541a2d801bf35239ef508dd99ccf9a378d2f01328b1b29f8,no,yes,0.526369774807981,0,2
supply_chain_disclosure_best_practice_audits,tfidf_logreg,1,3,298,b215c45d50089d0cd1585a907239c94da9543ad54bd7a50f9cf22478364ff754,no,yes,0.7847107295216185,1,1
supply_chain_disclosure_best_practice_audits,tfidf_logreg,1,1,299,9d071de4e714afecba60136fc13d2fd5d799fa73ec323fa5b32f33261331fc95,no,yes,0.5681053376274374,0,2
supply_chain_disclosure_best_practice_audits,tfidf_logreg,1,2,300,b48a0124d9c28eba8793c0639caa52128545630d8a846c28ab4f01eb7cde60e0,no,no,0.5849557044687073,1,1
supply_chain_disclosure_best_practice_audits,tfidf_logreg,1,0,301,f604a8e5fc84e2cb8f3210b72d51555bfad329c64660c42250ca1403fec24f72,no,no,0.528122773550352,0,2
supply_chain_disclosure_best_practice_audits,tfidf_logreg,1,2,302,dfd391e41957d1ac236feb8094f25b8ef1bb5bb23df2361d1e0b96cdcf4d8334,no,no,0.5372190577119833,0,2
supply_chain_disclosure_best_practice_audits,tfidf_logreg,1,3,303,da6cb12627d752d97c8b74cd52766dd24bf238718d113b3b633ccfb1b8a34605,no,yes,0.7337596772682066,1,1
supply_chain_disclosure_best_practice_audits,tfidf_logreg,1,2,304,968b24534319b3352bfda7565390677a43bff36eba314281473cc77c382f7459,no,no,0.526409891548119,0,2
supply_chain_disclosure_best_practice_audits,tfidf_logreg,1,2,305,4441c0b5b2cc678233438e17f40bbaa0525429c3e46d1ba3068a07a61b93ac90,no,no,0.5450856266288711,1,1
supply_chain_disclosure_best_practice_audits,tfidf_logreg,1,1,306,e7be9434bab5ee26ff724ad366dd76a6eb91f1c4d40da2a6a8cacdadec1b2cef,no,yes,0.6548696535031392,1,1
supply_chain_disclosure_best_practice_audits,tfidf_logreg,1,3,307,f4f4adbea45122fdb1d3bbd6cd8cdeb27833cdb5d576db84c1eda5e29dcaee5f,no,no,0.6784695932008609,0,2
supply_chain_disclosure_best_practice_audits,tfidf_logreg,1,4,308,23cc46b8e873878abcf6bddaef16294515cd6ff0c31f4b9c469cf5d98cd31970,no,no,0.6365542197464669,0,2
supply_chain_disclosure_best_practice_audits,tfidf_logreg,1,3,309,4812c78abc5dfdced8315b1ba8d4b75c05311b916aa75c4d90debdfc6f969f74,no,no,0.5416933021122563,0,2
supply_chain_disclosure_best_practice_audits,tfidf_logreg,1,4,310,83f36822a559802b4975bbd8ddaa42349b8ee30eaf1e14b895b064dc2d783343,no,yes,0.5000312352499943,0,2
supply_chain_disclosure_best_practice_audits,tfidf_logreg,1,3,311,6bd5e103d0200987b6d5a975589d665847c4a5cb70be72a8ec7b797be539ca1b,no,yes,0.5208650124671814,0,2
supply_chain_disclosure_best_practice_audits,tfidf_logreg,1,2,312,396db51b94e5987c9f4291a20606d3214010cae759f026fc485bfdccb44d32fa,no,no,0.5958867429048855,1,1
supply_chain_disclosure_best_practice_audits,tfidf_logreg,1,1,313,32aac534cc8c69b44cffb558d1687dde646c903551f4716d35f361ff9dfef7bc,no,no,0.5170065407484109,0,2
supply_chain_disclosure_best_practice_audits,tfidf_logreg,1,2,314,cbd37b5b1d68d6e3051fe7d37866a22b605c82f43a4558b539cc921a761165da,no,yes,0.5350468765597263,0,2
supply_chain_disclosure_best_practice_audits,tfidf_logreg,1,4,315,93385e4040b8a9e2244312c589f32c019276499f4d77dc979a43a063da101d79,no,no,0.5661730407215277,0,2
supply_chain_disclosure_best_practice_audits,tfidf_logreg,1,4,316,fd5ab74802751c150fc6ffc9f5fc04a7520d18f5e369c5198e123110ae82e19b,no,yes,0.564802859505505,0,2
supply_chain_disclosure_best_practice_audits,tfidf_logreg,1,3,317,c39413cbf6175d72ce6425d54415f612eb915e3a715f188af606596ffd3c5c5a,no,yes,0.8374394509824317,1,1
supply_chain_disclosure_best_practice_audits,tfidf_logreg,1,4,318,d13bde6dbbb3e00674ae5199051fa37761040e06ca97d1fcddd06d1ca5a95012,no,yes,0.7133575757903893,0,2
supply_chain_disclosure_best_practice_audits,tfidf_logreg,1,1,319,a70cae38bc14a6f8f9ff25c6f6fc01da33d93a293a9faa412ec7fd88b01dab57,no,no,0.6692840279681898,1,1
supply_chain_disclosure_best_practice_audits,tfidf_logreg,1,4,320,3d8984baef0ba18103046a21a24eaa95a7315dac31f46efd9d70b2de535cb462,no,no,0.6122268660415122,0,2
supply_chain_disclosure_best_practice_audits,tfidf_logreg,1,2,321,27802664c2d01aa9a779698077273b0dfbb4e4c37c59ec27a359740e25c22b42,no,no,0.5455619802468011,1,1
supply_chain_disclosure_best_practice_audits,tfidf_logreg,1,4,322,c8ba7ee2aff1efe743ffdd333d82a22572e92a917542d07d056d220a47de9d41,no,no,0.6601530769378383,0,2
supply_chain_disclosure_best_practice_audits,tfidf_logreg,1,0,323,3197363915acc24a03e50b624d5514a7aae17a858feaebce00133fca51c8ab4e,no,no,0.5338860637471214,1,1
supply_chain_disclosure_best_practice_audits,tfidf_logreg,1,1,324,0befd85c57d5cc436139e85b69ed400d5bef008c4e62d3c2edc68db2816c720d,no,yes,0.5521414380566885,0,2
supply_chain_disclosure_best_practice_audits,tfidf_logreg,1,2,325,511c8ce5808e6bd8d67a22f804e04fe11901c30d1c6316a4cf9d7ecf7650b4e7,no,yes,0.5815538219421272,1,1
supply_chain_disclosure_best_practice_audits,tfidf_logreg,1,2,326,c27e6fadd2b0b3eb12322506eb24c1c751d3d78f654dde666d6ae98bea4843d6,no,yes,0.5282676264348897,0,2
supply_chain_disclosure_best_practice_audits,tfidf_logreg,1,0,327,31bd0760ea5f242b9f1c3214f1def028d570d735060898e3dfe0692b784765c6,no,yes,0.5134876772787026,0,2
supply_chain_disclosure_best_practice_audits,tfidf_logreg,1,0,328,0605d4ef497301876468cc2abc3991419cb67ab9f6f44508b0849ad5cf2bc53a,no,yes,0.5002400643317592,0,2
supply_chain_disclosure_best_practice_audits,tfidf_logreg,1,1,329,61fdcfca449fbfdb032d1d9c17f754d30f1640a83287a1b9920ca671c0bc204f,no,no,0.5881972366461199,0,2
supply_chain_disclosure_best_practice_audits,tfidf_logreg,1,0,330,cde51c4232abd6a3d2b26f8ef8d8222f4018c74db11f9042f8d1f02d7b38d0ee,no,no,0.5074936726924097,0,2
supply_chain_disclosure_best_practice_audits,tfidf_logreg,1,3,331,319f9e927445f3d22c3c88b50343f05c4b5e9652ee4c548d6428c7fbfa6ddb18,no,no,0.5209732015973385,0,2
supply_chain_disclosure_best_practice_audits,tfidf_logreg,1,4,332,189c16c1e54172f9e82ad90fdfd5e678727d91bda7c553e141882e572dd268de,no,yes,0.6068740658754456,0,2
supply_chain_disclosure_best_practice_audits,tfidf_logreg,1,2,333,50bc448a6e56c7b8a2cc2d46b2f97fd9cb0e9d4e8d9c08464f7f83ce1087ca64,no,no,0.5086314893271491,0,2
supply_chain_disclosure_best_practice_audits,tfidf_logreg,1,1,334,1d40ab814671064c78b4e4b52104b7c67dd683a3660819cf3f84d9f8fb431067,no,yes,0.5119026763943832,0,2
supply_chain_disclosure_best_practice_audits,tfidf_logreg,1,2,335,616072472d0a990fbc711a6602843e35e185e74e6783dad5587dc1a74f7564b5,no,yes,0.5268564656018919,0,2
supply_chain_disclosure_best_practice_audits,tfidf_logreg,1,3,336,4b44ec066ecab4f9d6bf9bd182434dd023a65373af82a4b71049e0e039377bb5,no,no,0.6676420500451321,0,2
supply_chain_disclosure_best_practice_audits,tfidf_logreg,1,4,337,f75e522355c0c0d4675648d8939f58f0ec9be70cb95841db451b5e375c1a89e0,no,no,0.52884466239291,0,2
supply_chain_disclosure_best_practice_audits,tfidf_logreg,1,0,338,fa6b3e76ad96618009ffc2f157f3ca4d543344f3dc774b60cb2107497173bbb2,no,no,0.5030210157416697,0,2
supply_chain_disclosure_best_practice_audits,tfidf_logreg,1,3,339,4a0ff924d0af0c575b3be2e72b34334f61fac916dfdeef18d4d8b2786d5a055c,no,no,0.564787313454356,0,2
supply_chain_disclosure_best_practice_audits,tfidf_logreg,1,0,340,a2c3a52ee094219ed5814abd08612de2476dc3c07d49af67be0302a80c6214d6,no,yes,0.5307521402458633,1,1
supply_chain_disclosure_best_practice_audits,tfidf_logreg,1,2,341,95fc1e387da1c2ef3c88f6b5a13bd043d0bcb9d99736badacc5810f4e69f6ead,no,no,0.5141727551313535,0,2
supply_chain_disclosure_best_practice_audits,tfidf_logreg,1,0,342,890c6a25c312a4255ede6c1b5569bef48435d8858fb1ad26a3a541896113f791,no,no,0.5238499516499261,0,2
supply_chain_disclosure_best_practice_audits,tfidf_logreg,1,0,343,1d04a8b5ec608d80d692c827ee93b276d14a3b5ce3ce5e5d38c1f64046ca2164,no,yes,0.5218489415341355,0,2
supply_chain_disclosure_best_practice_audits,tfidf_logreg,1,1,344,5b2dad8f75d721ee621a1a59f7a9a94122fc51b61d681720d8f6feb20955f873,no,yes,0.5352404122714317,0,2
supply_chain_disclosure_best_practice_audits,tfidf_logreg,1,2,345,4742b083f9d4160e57ed034142afeb23e254b242fcf6a61c5610897189c37d0d,no,no,0.5271836231350777,0,2
supply_chain_disclosure_best_practice_audits,tfidf_logreg,1,4,346,b33ee53ceb9352753d8eed3360ba28d8c47838544e26df87b06b0629f85abbc7,no,yes,0.6968627945152066,0,2
supply_chain_disclosure_best_practice_audits,tfidf_logreg,1,1,347,a691807189c6dff4664d336078a034a8af9d49c86e0f4379c3c0d5ca80cd47a0,no,no,0.558238233535125,0,2
supply_chain_disclosure_best_practice_audits,tfidf_logreg,1,4,348,03916a7e2107458575027c95858e95e02f45009f5bcecbbba957af619f214e96,no,yes,0.5638171807704598,0,2
supply_chain_disclosure_best_practice_audits,tfidf_logreg,1,4,349,337eac86a7ed305d725b924b7de373c3d0504a440bba1405decf7be11c2b34a9,no,yes,0.7566244280734934,1,1
supply_chain_disclosure_best_practice_audits,tfidf_logreg,1,2,350,4bc5542025350d91bbe713d5ef7111c64ee186faec13989fbff30704352647b7,no,no,0.529824425162321,0,2
supply_chain_disclosure_best_practice_audits,tfidf_logreg,1,4,351,7c74070fd3590918c058469fa3c201147083b789e575edc07df20c082a180302,no,no,0.6145187572094446,0,2
supply_chain_disclosure_best_practice_audits,tfidf_logreg,1,4,352,d0664eb101108ed4106770b8ccbb1a8919975cf2aad682315cd97a0b5eeb99c8,no,no,0.5142251848211989,0,2
supply_chain_disclosure_best_practice_audits,tfidf_logreg,1,2,353,c60dd149ee7c246d148509fae225b586775c8507972ab1eabbf727c5f8e7c79f,no,yes,0.5079220293034731,0,2
supply_chain_disclosure_best_practice_audits,tfidf_logreg,1,2,354,28e5e89e983fe11d4fe513af1d2e124be02e54440e1013f26e37f42a95fae74c,no,yes,0.5080097967726133,0,2
supply_chain_disclosure_best_practice_audits,tfidf_logreg,1,4,355,be342d0ba3afd69f4b1ed982cddc42bdd2bc8627333f859b23a80eefae95323b,no,no,0.5870517501981156,0,2
supply_chain_disclosure_best_practice_audits,tfidf_logreg,1,3,356,b1a10b2ac1ff6205d95bf78c935c9e215fb3e7febd37a5c41c5f6a90a71b8321,no,no,0.5652007658135995,0,2
supply_chain_disclosure_best_practice_audits,tfidf_logreg,1,2,357,583b8ebb8255f9589f012b68d1273468b40591ee99033e845869c2c21f2aebe1,no,yes,0.5132434568424101,0,2
supply_chain_disclosure_best_practice_audits,tfidf_logreg,1,2,358,1893fb2f00cc58f4377a2868cc85f79105500067ec465ee406df6811a2ba6fab,no,yes,0.5739742181654452,1,1
supply_chain_disclosure_best_practice_audits,tfidf_logreg,1,1,359,82a8133be0fa802002cb741817aeefae6af67d1b167f8d2597832bea8b4bcae2,no,yes,0.5008208531284134,0,2
supply_chain_disclosure_best_practice_audits,tfidf_logreg,1,0,360,6330f93d46deabef60b77631dddbd90916bf329a1274ab475af4034e0414e801,no,yes,0.5004263347238429,0,2
supply_chain_disclosure_best_practice_audits,tfidf_logreg,1,3,361,a755105d219ad2c94dad6fb3e687221d0988b19734b874d618caee0c39428703,no,yes,0.6423768840938539,0,2
supply_chain_disclosure_best_practice_audits,tfidf_logreg,1,2,362,1ae6dcfd7fda95f910cd66b4dadbe426f4d4f3805170498ffc16446a4b816227,no,no,0.5265579340419027,0,2
supply_chain_disclosure_best_practice_audits,tfidf_logreg,1,4,363,6005d637aec6968fd09b9156f9c4b42cea3ea4cf5711a412c8199a74e6b0da6d,no,yes,0.5310522312715662,0,2
supply_chain_disclosure_best_practice_audits,tfidf_logreg,1,2,364,e22eb40d5a0e35ac139d6625ba9fe83b5d9cc62fe73344788c6fbf34601eb66e,no,no,0.5025393873353984,0,2
supply_chain_disclosure_best_practice_audits,tfidf_logreg,1,1,365,b0ca0d813fe62b540b47121478904fe14e2847113e1093363f19f3c530ffd780,no,yes,0.6424732931960782,1,1
supply_chain_disclosure_best_practice_audits,tfidf_logreg,1,0,366,126cf937cb1a759c366b806643329bf0d1541ae8cc5d4d3ab1291fab336e0e2f,no,no,0.5210557844292456,0,2
supply_chain_disclosure_best_practice_audits,tfidf_logreg,1,3,367,b3ba7ed6334a095408711307b7b6d765a247957b2d8cf2c3fb74aab1848d4478,no,yes,0.5158629811312619,0,2
supply_chain_disclosure_best_practice_audits,tfidf_logreg,1,3,368,42252d18326239ebb7a4bd9a369d958b552ade3a81818a7b33b5c7a254186386,no,yes,0.5370106839048243,0,2
supply_chain_disclosure_best_practice_audits,tfidf_logreg,1,1,369,1d8ec0aa2dde44562bea9e56edd84aafdefd120268eb03e844526b3528ccc5fb,no,no,0.6549426105937579,1,1
supply_chain_disclosure_best_practice_audits,tfidf_logreg,1,3,370,d62cebfdc280570fae7895fb04d0666af038f0325c877e2bf486cc8aab9b741f,no,no,0.5372764994813957,0,2
supply_chain_disclosure_best_practice_audits,tfidf_logreg,1,0,371,18b3aa7da2676a92694698ba51e9d1406f32f4d2e6a4f456717df617b747dc27,no,no,0.5339759625813936,1,1
supply_chain_disclosure_best_practice_audits,tfidf_logreg,1,4,372,d2101f76c6dfeb150215dfc3c747d278ed02b68c118346418eff466ec7e58111,no,no,0.7445061606419346,0,2
supply_chain_disclosure_best_practice_audits,tfidf_logreg,1,2,373,04ab2f27eec1c522ad9e668f4c68200eeab67868264dbf343658dc8d9a1c8f45,no,no,0.5278322797985021,0,2
supply_chain_disclosure_best_practice_audits,tfidf_logreg,1,0,374,98d820923bcd03faee2d85e8d8a5a6c16f2d445795a1c658130203c5766b0497,no,no,0.5200322245118832,0,2
supply_chain_disclosure_best_practice_audits,tfidf_logreg,1,0,375,f712982ec8f374fc723b5aee46de82200f2a4f333ae3e6fb45e1aecd1916c30d,no,yes,0.5132177044292893,0,2
supply_chain_disclosure_best_practice_audits,tfidf_logreg,1,3,376,d56330358a4f915da1d08b99375ace062ef622d4a645a2c4476474c8a6303f10,no,no,0.7667701487444656,1,1
supply_chain_disclosure_best_practice_audits,tfidf_logreg,1,4,377,1b424930328a00849ed3e051ff08961ed0d9abdacf308421a660728083fa9062,no,yes,0.7403998824706982,0,2
supply_chain_disclosure_best_practice_audits,tfidf_logreg,1,1,378,e08f36d3835ba4da0d6cb67088f631323be5705467f895cfcf7cacab604f8d65,no,yes,0.52426497584074,0,2
supply_chain_disclosure_best_practice_audits,tfidf_logreg,2,0,0,9d54e6c772949bfb6b364e2d7006fb131ac4294d6529566b2d88c78014eb6a1d,yes,yes,0.547393710632126,1,1
supply_chain_disclosure_best_practice_audits,tfidf_logreg,2,3,1,6bd8ec1448ec24fd291dc77052268939f67f9cfea5b76bd69388e542e0b53419,yes,yes,0.5770271629652252,1,1
supply_chain_disclosure_best_practice_audits,tfidf_logreg,2,3,2,cfd25f9be7d33e9e2626fa8f008705300a927fdffb8d298eb046111abadd5313,yes,yes,0.5697871986184136,1,1
supply_chain_disclosure_best_practice_audits,tfidf_logreg,2,0,3,2f6b42c2613958a15c6634faad8dce008342e61c935053e805fb0f1fff7e4aa5,yes,yes,0.5322083547398961,1,1
supply_chain_disclosure_best_practice_audits,tfidf_logreg,2,1,4,dd521a35f676e54ddd4c10353a5b613a177a8c4ab4053780ebfac40ccda839f6,yes,yes,0.5183503009758467,0,2
supply_chain_disclosure_best_practice_audits,tfidf_logreg,2,2,5,33e4c0559a94c7dce28fd5c76870036003e5e62eed6cf35cdc1c63a6b0a6569f,yes,yes,0.5033142775400485,0,2
supply_chain_disclosure_best_practice_audits,tfidf_logreg,2,0,6,fb9db00dc94a7d11b1f1dc759bdaa0ab4132a345c4f4c79fa1b99a4f3feabec7,yes,yes,0.5255714582706347,1,1
supply_chain_disclosure_best_practice_audits,tfidf_logreg,2,3,7,a3a6ab356fbf9711c2b5414d31490eead3dd8e73d43141d8c1c133c314b5f163,yes,yes,0.5359629968518838,0,2
supply_chain_disclosure_best_practice_audits,tfidf_logreg,2,1,8,7a0cea15013a413c9095a12a26a110ad23082840e0980ef5ea664df3aa587c79,yes,yes,0.5179104283599832,0,2
supply_chain_disclosure_best_practice_audits,tfidf_logreg,2,2,9,ded19f85f9c4d9d7f469200e17647cd8ecc12c2da48288385855657ec1b5adf5,yes,yes,0.5348696835989029,1,1
supply_chain_disclosure_best_practice_audits,tfidf_logreg,2,3,10,edbc6a22c498b82bac2202f1e46acbeaedfb015c0444653d0b0aeb6099e37ff7,yes,yes,0.6122677975322403,1,1
supply_chain_disclosure_best_practice_audits,tfidf_logreg,2,3,11,72cbb74b67a42c66920815b763cc6896803bfbe9a4dde82490f10909e1dfcbec,yes,yes,0.5207698776828994,0,2
supply_chain_disclosure_best_practice_audits,tfidf_logreg,2,0,12,b6f77759748e520cb2650c9d05bfabeb352e52aeb1c443de23d4c8058ffbae34,yes,yes,0.5542595130655366,1,1
supply_chain_disclosure_best_practice_audits,tfidf_logreg,2,2,13,dade26e8398dbb799fd50eb54dbcd3e6ab8b4c274c793f921a58a02434c8b920,yes,yes,0.5113058535260848,0,2
supply_chain_disclosure_best_practice_audits,tfidf_logreg,2,3,14,ca680947ea1c383262052c8e93e441eefb9f5c56853cfdc57b710b6763858524,yes,yes,0.5029527631357562,0,2
supply_chain_disclosure_best_practice_audits,tfidf_logreg,2,1,15,6567baee48eaca37363905900994df097ee69c55020b441e3135e706805c61aa,yes,yes,0.5580678820338654,1,1
supply_chain_disclosure_best_practice_audits,tfidf_logreg,2,2,16,3f83f1e16a6ae23ed6f0bb9678979f85323df70d52e5af7828b1bed5744918b1,yes,no,0.505845843388364,0,2
supply_chain_disclosure_best_practice_audits,tfidf_logreg,2,4,17,37ed9ddde655fb5e0bedd0751e547d4b678cb2a4faeb1a803f4fde03b96df247,yes,yes,0.5363766290140843,1,1
supply_chain_disclosure_best_practice_audits,tfidf_logreg,2,4,18,927e63eace0a5b571aaae87c06d33ec73b502b226e5e07f69211aac675c9199d,yes,yes,0.5173948355019711,0,2
supply_chain_disclosure_best_practice_audits,tfidf_logreg,2,0,19,67595c9be4cf851988bc1fc7cdcedef276346c043520046d91bb26c48edac6cc,yes,yes,0.5121843571349282,0,2
supply_chain_disclosure_best_practice_audits,tfidf_logreg,2,1,20,97859a9430e770c53776bdb64bcac6e1057b25056282b1a971f3143449b8ae52,yes,yes,0.5185702061622521,0,2
supply_chain_disclosure_best_practice_audits,tfidf_logreg,2,4,21,d70648593b74ef9e2bc2de57c4dd94c2323fa8cd58e0083ea94ae75980c167fd,yes,yes,0.5178005433209617,0,2
supply_chain_disclosure_best_practice_audits,tfidf_logreg,2,3,22,52f6bfce60e5ece10730f4e80ac4d6d0a44cf613425838d5b0805482b44527f6,yes,yes,0.5466182763763503,1,1
supply_chain_disclosure_best_practice_audits,tfidf_logreg,2,3,23,e50372eb04052599ab62fed9665c237fbb1fafd32f6502757f0d0bc648ee5072,yes,yes,0.5228354518902482,0,2
supply_chain_disclosure_best_practice_audits,tfidf_logreg,2,3,24,450bbed24b34b5272d476f23a5de997f8ff5490a0e106d7cdec0c059964c5c25,yes,yes,0.6049200581952592,1,1
supply_chain_disclosure_best_practice_audits,tfidf_logreg,2,2,25,f2116c063ca557116fe78a21ccd8f5607276835e91875fc11bf12932dddc984f,yes,yes,0.5365568356313901,1,1
supply_chain_disclosure_best_practice_audits,tfidf_logreg,2,3,26,aafd7fd03c4909c8dc45f9cb2cd65c636a86fc13ac4f6c08c449151b9a47fef7,yes,yes,0.550675849543946,1,1
supply_chain_disclosure_best_practice_audits,tfidf_logreg,2,2,27,33043270153f967b1fcebdd792621661d4f1066634cad83e35b51a515630ac38,yes,yes,0.507347603779052,0,2
supply_chain_disclosure_best_practice_audits,tfidf_logreg,2,0,28,43294ee8c35a7c5c0a600a0522b094cbf6660d69944080ca876844efa92382dc,yes,yes,0.5116679088915858,0,2
supply_chain_disclosure_best_practice_audits,tfidf_logreg,2,3,29,b68f1b883214616d4922a65d201ee2ea9db1a0122864b78ccbbf5ee46c7a8f7b,yes,yes,0.6329764908597713,1,1
supply_chain_disclosure_best_practice_audits,tfidf_logreg,2,3,30,7310ac62e99a4e8b1a34fce3d7086304d24c92e3534b4100b1c05e58506ac4b1,yes,yes,0.5918507982289535,1,1
supply_chain_disclosure_best_practice_audits,tfidf_logreg,2,1,31,b32275d570cb22080951b4812db4ef3e116eb01260737efd0035c8ac82e331f9,yes,yes,0.5035049900895968,0,2
supply_chain_disclosure_best_practice_audits,tfidf_logreg,2,0,32,052895a7e776122c3bd93f43e5a766518ea710c81cd2d76001ab5d8e1a8e9576,yes,yes,0.5551717707752456,1,1
supply_chain_disclosure_best_practice_audits,tfidf_logreg,2,4,33,92cd4852e93b427437a48160221b761b265339694e1e9e4b6fbb4078283d47dd,yes,yes,0.5354936771883919,1,1
supply_chain_disclosure_best_practice_audits,tfidf_logreg,2,1,34,a63bbe340e7e5559ab344685986e27ba29e7856a2bb43f559677d60bd6372b49,yes,yes,0.5347947785673011,1,1
supply_chain_disclosure_best_practice_audits,tfidf_logreg,2,3,35,4c66ac71222d0b9ea3d8106a65704219a05af6e124369c676e6d84e9e05eef96,yes,yes,0.6092893982235957,1,1
supply_chain_disclosure_best_practice_audits,tfidf_logreg,2,0,36,5a71be10ab1bfb61b9c98e5a9adce211ebf7cc64b75c2fe894b2da8f4f438624,yes,yes,0.5071996370544039,0,2
supply_chain_disclosure_best_practice_audits,tfidf_logreg,2,4,37,7a943e9ef37d479a877b40d230449fde8ef8985c43c5795a2b67ad1a560ec3dd,yes,no,0.5006684092730951,0,2
supply_chain_disclosure_best_practice_audits,tfidf_logreg,2,4,38,eebfae389e1805a6524964b0a815e9e64c44ec4245148015e3ee4de8084556cf,yes,yes,0.5320988705027706,1,1
supply_chain_disclosure_best_practice_audits,tfidf_logreg,2,0,39,242ffbc9b3e5ff9fb89c658b1348a67d708b3cbbc0707ba7991cf585da68498d,yes,yes,0.5067843623927029,0,2
supply_chain_disclosure_best_practice_audits,tfidf_logreg,2,2,40,6d4f73e7a6d1fea0e78502ec3d78016b8d7cc091321e361a13bcbc1c64abbc92,yes,no,0.5099518435421733,0,2
supply_chain_disclosure_best_practice_audits,tfidf_logreg,2,3,41,e91b405667ff2e3c59a366f14d4e69a85adf7b37adfbe5cc0d4f68d3ff850477,yes,yes,0.5691753610958762,1,1
supply_chain_disclosure_best_practice_audits,tfidf_logreg,2,0,42,df4b5ecfdae8b9a769a3ceef89c8f2943eff05ffdb56a25b5ff2517b2a5774ad,yes,yes,0.5140584934522707,0,2
supply_chain_disclosure_best_practice_audits,tfidf_logreg,2,0,43,68dff8e9beb989b03b38607e665e4d5372e148fe089e55d47bec6692aea9c76a,yes,yes,0.5155816855715345,0,2
supply_chain_disclosure_best_practice_audits,tfidf_logreg,2,3,44,473f02f9766d1a9408898f92db8c82504af7648bb43d66a2d58ba393ad110cea,yes,yes,0.5440578019453407,1,1
supply_chain_disclosure_best_practice_audits,tfidf_logreg,2,3,45,40b81122b3ce13d0b02d3855a778d59dfa74dfe699922ad1cd59e4c945a11085,yes,yes,0.5090165997413761,0,2
supply_chain_disclosure_best_practice_audits,tfidf_logreg,2,2,46,be386186c94960b560719aa9801a2b53b610974576c933522e3bf0b7de9f75ee,yes,yes,0.5399630925876857,1,1
supply_chain_disclosure_best_practice_audits,tfidf_logreg,2,2,47,54ba1171dd088353ea0094c11e682cce0bda3cce8961ca9686b40b33a7462851,yes,yes,0.5427787781048876,1,1
supply_chain_disclosure_best_practice_audits,tfidf_logreg,2,0,48,a5cd9829d0bb6680b12c38d718acd91f080de69f112a33da5f30ee6a651da5bd,yes,yes,0.5121995025936809,0,2
supply_chain_disclosure_best_practice_audits,tfidf_logreg,2,4,49,a60b58ec65949fd64e04a7930db1d4f38f18d50de6cc77f83c3a1f018bb35971,yes,yes,0.528882350506119,1,1
supply_chain_disclosure_best_practice_audits,tfidf_logreg,2,2,50,258ee064efae6bfc773d9e688e0e04507092de9bb4d6c023bdd08088ce9b7d0a,yes,yes,0.5168256924639599,0,2
supply_chain_disclosure_best_practice_audits,tfidf_logreg,2,0,51,3bb5ff0604197b2135281a129b8db0a49cf99b97683131f2595801f5a3538e48,yes,yes,0.5547532381213977,1,1
supply_chain_disclosure_best_practice_audits,tfidf_logreg,2,0,52,4124b6eeb003417bd70564ba2fde31be4a267b867426f07b7e40d3a5a42b955e,yes,yes,0.5276558920699813,1,1
supply_chain_disclosure_best_practice_audits,tfidf_logreg,2,2,53,6795adbe04130c6f667f1f3bfdf4477f9426ec504d554b86e3442d6bc01c64b3,yes,yes,0.5396941561339612,1,1
supply_chain_disclosure_best_practice_audits,tfidf_logreg,2,1,54,b624a5abb6fe61a77543f57ce95b180f41e23f122d7ea978a7f03a9080d0c117,yes,yes,0.5047665081035407,0,2
supply_chain_disclosure_best_practice_audits,tfidf_logreg,2,1,55,6434dbb7f593fcc55b97b67e6ab2b3bc4e6b0d9e0842c8fdbf3d79acd062e711,yes,yes,0.5701681965285623,1,1
supply_chain_disclosure_best_practice_audits,tfidf_logreg,2,2,56,2c5af191cf4c83284d0d480817f743f471028484b87e6533b0919f79d8be73da,yes,yes,0.5074456135980553,0,2
supply_chain_disclosure_best_practice_audits,tfidf_logreg,2,2,57,1a95135ede09d2e63bd6b4a843062ac4af61a3fd3b03ede6d720351b54846dc4,yes,yes,0.5341536675220416,1,1
supply_chain_disclosure_best_practice_audits,tfidf_logreg,2,4,58,1810bea0a08d73c32b1805b8831178ca0ab8528b2d0f8ac88247661a6e69f8e7,yes,no,0.5036073953464901,0,2
supply_chain_disclosure_best_practice_audits,tfidf_logreg,2,2,59,5a2d69bd4e38c3951efb30708a40e3f4a39f104d84721cbf8c545d5ebbf5a979,yes,yes,0.5187895851302976,0,2
supply_chain_disclosure_best_practice_audits,tfidf_logreg,2,2,60,46835c7ca7f9d3ed9aac3bf85af18fe4658a5d4cecd054ad6219f1b379266b5a,yes,yes,0.5193196072946222,0,2
supply_chain_disclosure_best_practice_audits,tfidf_logreg,2,4,61,19d22a3d9ae55ee79ad31bf1a33f28b73bf1af23a659ff9b50fd6a039c3c1015,yes,yes,0.5410346514257794,1,1
supply_chain_disclosure_best_practice_audits,tfidf_logreg,2,2,62,e0675a87b1557858af49db8846e7da2a54792cca0f4b6687547a06bc21752a64,yes,yes,0.5454374126021717,1,1
supply_chain_disclosure_best_practice_audits,tfidf_logreg,2,1,63,88e18396e51fd530b25dbdba867dee981f99e3bc9ee3e4495b541d3afb24f860,yes,yes,0.5034427364128308,0,2
supply_chain_disclosure_best_practice_audits,tfidf_logreg,2,0,64,30c8b45d4999cf9de8c3c9318059611dc084dd5f81ec50a3ffefb4c434ea5d10,yes,yes,0.533212508852169,1,1
supply_chain_disclosure_best_practice_audits,tfidf_logreg,2,1,65,bcc7c3c9238c4ca25a297bba82702f037934c89e424571ce800b424c2d72eb99,yes,yes,0.5211312794834241,1,1
supply_chain_disclosure_best_practice_audits,tfidf_logreg,2,2,66,d37dc7efcf545e24ea668accb8a8fc8c4b2d71c9a6b66829b6e7f5ad5887c55d,yes,yes,0.5320953181295514,0,2
supply_chain_disclosure_best_practice_audits,tfidf_logreg,2,4,67,1ff72a935e2581a73389e968b07a918171d3a71863f799670ce20e0422a77bc1,yes,yes,0.520427004197118,0,2
supply_chain_disclosure_best_practice_audits,tfidf_logreg,2,0,68,7c213e830f4b18be4e5435844ebc2482efb5672c7e559006f5c1c21d16cce21f,yes,yes,0.5383246975145863,1,1
supply_chain_disclosure_best_practice_audits,tfidf_logreg,2,4,69,ca21f83512fd7ebfb00825a9d23131822aec5c635857f75025dae20d8e2aeab9,yes,yes,0.5380882335478657,1,1
supply_chain_disclosure_best_practice_audits,tfidf_logreg,2,0,70,583603f2fa828ad5e7283f6a522153df983d96151dd424e878bb41f458ff420a,yes,yes,0.511892139946973,0,2
supply_chain_disclosure_best_practice_audits,tfidf_logreg,2,0,71,68f670418f0909105c1cb8844772825fb4ba489c72634c139452928eca657515,yes,yes,0.5600014363510538,1,1
supply_chain_disclosure_best_practice_audits,tfidf_logreg,2,1,72,a1ee39468479a4129fcd404c7b033a1667904771c45acb07969e94a5c816f741,yes,no,0.5009389008615774,0,2
supply_chain_disclosure_best_practice_audits,tfidf_logreg,2,4,73,1bbaf32745507e45914fe877698c77e2517b9dcb02e59aefb755e2cb05b3b6ce,yes,yes,0.5381940654800574,1,1
supply_chain_disclosure_best_practice_audits,tfidf_logreg,2,1,74,6441a25c7e9aacdd81cbb5eb9006df4554ef2b778c49f73b61cb1a87d1e664a7,yes,yes,0.5550499715018136,1,1
supply_chain_disclosure_best_practice_audits,tfidf_logreg,2,2,75,7effe61be9495286cb7aa152dfe4bb187087cfbbadfd5ae74615afccc94ca5a2,yes,yes,0.551912318600784,1,1
supply_chain_disclosure_best_practice_audits,tfidf_logreg,2,4,76,55149e53ccbcecf5b2bec61a13a083d8c80ef7d940bce4e69759bd859b75cf27,yes,yes,0.5284141354283722,1,1
supply_chain_disclosure_best_practice_audits,tfidf_logreg,2,0,77,ee9e57c3f7c911b1fd365b5aaadb5a15128e352364d4bec56ec84467d3ff736a,yes,no,0.518292861396154,0,2
supply_chain_disclosure_best_practice_audits,tfidf_logreg,2,2,78,d7b7e1ac46290add16f23c8195170499df669318e8158462abe68741792c3fc7,yes,yes,0.5458505872637115,1,1
supply_chain_disclosure_best_practice_audits,tfidf_logreg,2,3,79,4319a82278965a186ff1f30c53989cec45e638b378eab1febcbeb65f23fabe9f,yes,yes,0.5546001559740775,1,1
supply_chain_disclosure_best_practice_audits,tfidf_logreg,2,3,80,15e57eb32f969fcd0a6f49e9976788796a20f6e9807cda15d025765d4a4c6250,yes,yes,0.6008059528499841,1,1
supply_chain_disclosure_best_practice_audits,tfidf_logreg,2,1,81,f1e998799add05735d8e4ef8a7b0680c19790187dbe70fb785f32d106cac896b,yes,no,0.5027626527830904,0,2
supply_chain_disclosure_best_practice_audits,tfidf_logreg,2,3,82,db23799cc5ac6832bc82fc3c56b81ffda2cf099b7bb8dfc04851c7cc978d3860,yes,yes,0.567754236276165,1,1
supply_chain_disclosure_best_practice_audits,tfidf_logreg,2,4,83,2ebf21b254356e063ec495bc48e8b427c9cef0e023d6c440ab4695d670fac424,yes,yes,0.5246340794263479,0,2
supply_chain_disclosure_best_practice_audits,tfidf_logreg,2,3,84,f5f05ce191f8e498e77d5a82efe0cc9b7b0caca2cbd03855b4a3c04dd5326f82,yes,yes,0.5611123420697742,1,1
supply_chain_disclosure_best_practice_audits,tfidf_logreg,2,1,85,235ce0ea6083794379941800918b143e04bd02e90f6ca0df77dc219a03def0fb,yes,yes,0.5239892051530183,1,1
supply_chain_disclosure_best_practice_audits,tfidf_logreg,2,0,86,675f9e573acd9ee413ee4098ecee6e28c67fb1251f10e277dc5f8251151e9da2,yes,yes,0.5248633092701069,1,1
supply_chain_disclosure_best_practice_audits,tfidf_logreg,2,2,87,2ff95ae87bf0173ba35ce7803ee7e2b6c3e55da5408e2849e2db1bf6be370c1f,yes,yes,0.5381694117871343,1,1
supply_chain_disclosure_best_practice_audits,tfidf_logreg,2,2,88,c3c72b3814c06b5ae24ea5616a76e6e34d5e65a037e85d1de1b714979534a508,yes,yes,0.5370522272232993,1,1
supply_chain_disclosure_best_practice_audits,tfidf_logreg,2,3,89,1abad7524e193958a5e4e30aeee808127f7d6f94b84907ba346c856b1352d506,yes,yes,0.6158309591505042,1,1
supply_chain_disclosure_best_practice_audits,tfidf_logreg,2,3,90,d226bbab5779ded49db4f0c92048f30f3308fbc33dddc21c3f553fe8f87fcbf8,yes,yes,0.6015532678254135,1,1
supply_chain_disclosure_best_practice_audits,tfidf_logreg,2,4,91,3b4741877764990637a1268063f65f78bb8e594eae6d2906fe8bcd9f4257c7ff,yes,yes,0.5297665934467274,1,1
supply_chain_disclosure_best_practice_audits,tfidf_logreg,2,0,92,3bd73a7cf410fc9b3e1ae11778d1f9a5e608ca828bdf80e624f9d0fe092636d8,yes,yes,0.5534870330132062,1,1
supply_chain_disclosure_best_practice_audits,tfidf_logreg,2,4,93,f8a69fcaa6995a987c838bf9355ef0f34e73d762cad7adb46499a4919cd21260,yes,yes,0.5093778859168905,0,2
supply_chain_disclosure_best_practice_audits,tfidf_logreg,2,2,94,2bc816bdb532b4fc74face24637b167b5cd6b7a156ba66b8ecdecca78ddb7a5e,yes,yes,0.5180578160595254,0,2
supply_chain_disclosure_best_practice_audits,tfidf_logreg,2,2,95,ab4d67c424e351a53a77b8c8217460def7339c7690bda9807f188c277abf99df,yes,yes,0.5018524037920875,0,2
supply_chain_disclosure_best_practice_audits,tfidf_logreg,2,2,96,5acad3a53814dc166c294d6012ee4d9876377e6c7dc9bcd4cb545aae89327aaa,yes,yes,0.5406140616822502,1,1
supply_chain_disclosure_best_practice_audits,tfidf_logreg,2,3,97,025abd17b4aa8cd2ca7b64367d0dae8246cac55217afb5378a32edc5cb032028,yes,yes,0.5250876636560913,0,2
supply_chain_disclosure_best_practice_audits,tfidf_logreg,2,0,98,8009af26f9d7407e1ae55cfc4779b4b279c3d930f343295afcb1dabb6c4f5771,yes,yes,0.5638869236121026,1,1
supply_chain_disclosure_best_practice_audits,tfidf_logreg,2,2,99,20ffaa2b9dbb70e5796aaeb58543484710a8828de00250b6639f69c9e65bc92a,yes,yes,0.5262549712478034,0,2
supply_chain_disclosure_best_practice_audits,tfidf_logreg,2,1,100,459bed595f402efcac27f2132f647c7bad0622691786e37af3b3902fe7ed6d30,yes,yes,0.5129306932158263,0,2
supply_chain_disclosure_best_practice_audits,tfidf_logreg,2,4,101,031856afb140c703e4a301ce8e6393551af830f3c4945305e23735bdc5dc5e8d,yes,yes,0.5275623400972039,1,1
supply_chain_disclosure_best_practice_audits,tfidf_logreg,2,1,102,6be5c550eecd21d8130ce8d2534fda585336bbd469b636be126d1930496943ef,yes,no,0.5079125685586,0,2
supply_chain_disclosure_best_practice_audits,tfidf_logreg,2,3,103,cb1d66fe19e860b6174d574ad92b146dcfb31769b3f045c4268b796d39ace598,yes,yes,0.5781594229856372,1,1
supply_chain_disclosure_best_practice_audits,tfidf_logreg,2,1,104,b8f56656615d580b345dadc70ccbde392c6aa9477d92ffd07eb5fd126fb52749,yes,yes,0.5207141457495964,1,1
supply_chain_disclosure_best_practice_audits,tfidf_logreg,2,4,105,e1e9ff82d278af02d188aaab6558d189bc48fdbc54aed68d83ed47c4cbc0ff08,yes,yes,0.5215015686108665,0,2
supply_chain_disclosure_best_practice_audits,tfidf_logreg,2,4,106,5d2e2af1f56ad0b84e2849ad94c7f9b8502c7f564e8e9948112364d32f117415,yes,yes,0.5616468298508682,1,1
supply_chain_disclosure_best_practice_audits,tfidf_logreg,2,1,107,7c0433d913d5d9e83b1a7479c578dedbb65de78fd669dac303b240517f525ac7,yes,yes,0.5259410858477671,1,1
supply_chain_disclosure_best_practice_audits,tfidf_logreg,2,1,108,487257cd89e1e218cee478fba0884b272dc42d42a47b82dd366d389a8b5db279,yes,yes,0.5194246508684994,0,2
supply_chain_disclosure_best_practice_audits,tfidf_logreg,2,4,109,a65ed6ff518a4c68f06e526e47cb1116cb4661c3ed635c6780dd4806b5cde7bb,yes,yes,0.5136791942845378,0,2
supply_chain_disclosure_best_practice_audits,tfidf_logreg,2,4,110,6c8d0687947cec71e1a1cb8a1383c11e0adb47d0e54ea48aafdb5a03e950fee1,yes,yes,0.5113124290214982,0,2
supply_chain_disclosure_best_practice_audits,tfidf_logreg,2,2,111,642eb832cde6ce9f5b08d631301f2eeff3be1414e98cb19a29c1e9a2ba1c24c6,yes,yes,0.5445309354776614,1,1
supply_chain_disclosure_best_practice_audits,tfidf_logreg,2,0,112,375dbda1e8323ea8520c1f6256c9b927c68151c652c6b58105a00d1ab2271c9c,yes,yes,0.5665279832806066,1,1
supply_chain_disclosure_best_practice_audits,tfidf_logreg,2,0,113,b19887857cd233945689ec8336c60d2f73d70846421c657f0be1c6a92bbc7518,yes,yes,0.5131438175563683,0,2
supply_chain_disclosure_best_practice_audits,tfidf_logreg,2,1,114,f0a3886cf3e1d2070dc523492943cfcd3e499d24b52fc793a0fb7725adfe16f2,yes,yes,0.5648960563740333,1,1
supply_chain_disclosure_best_practice_audits,tfidf_logreg,2,3,115,376f27182efb4c1fe0ce63cffb0beea5d342c2296eb0f8a9e57769b2078f92c6,yes,yes,0.5301643874841555,0,2
supply_chain_disclosure_best_practice_audits,tfidf_logreg,2,1,116,672f49a21e2f43bf1d7affa3e679d9d23f2677e346077297c3ce8c69996abc9f,yes,yes,0.524813546492735,1,1
supply_chain_disclosure_best_practice_audits,tfidf_logreg,2,3,117,e04a261511b639d13eff7977e3a3d96a624c24da4e20bcea440d03ce7e3ae68e,yes,yes,0.6022999336220494,1,1
supply_chain_disclosure_best_practice_audits,tfidf_logreg,2,4,118,c95024d3b100f9153f41395f2e5c661f54c684d7d8038f764a81c77987cd944c,yes,yes,0.5413491706973712,1,1
supply_chain_disclosure_best_practice_audits,tfidf_logreg,2,3,119,0c2fd8335e8a32cd836ad0fac339e53728d9dd1b1739ac86260707d4b7cf5102,yes,yes,0.5205606497456252,0,2
supply_chain_disclosure_best_practice_audits,tfidf_logreg,2,4,120,fc4c958267d1a005d1c9d5f0ac60c24f69650d1fbb89a618551194f3abb45a0a,yes,yes,0.526646303570324,1,1
supply_chain_disclosure_best_practice_audits,tfidf_logreg,2,3,121,0efe9e66d9baf00c14469130c1d532f4abeb43c7f893eae6a44dab6313d4fb74,yes,yes,0.5687454255389452,1,1
supply_chain_disclosure_best_practice_audits,tfidf_logreg,2,0,122,459a17fd7ed2fb62ccf60f909dab8f4e9f41f8f620571c720e0d6449b3243f1c,yes,yes,0.5094976497856549,0,2
supply_chain_disclosure_best_practice_audits,tfidf_logreg,2,0,123,8c190cb913388a32b8ef0c5126e5c392d243b3583fd89923b21d8621b7f16f97,yes,yes,0.5184547139859489,0,2
supply_chain_disclosure_best_practice_audits,tfidf_logreg,2,0,124,dece42af518250889be48080639ae862a6244394a9cfabf7ce7c4af677218640,yes,yes,0.5256200466349475,1,1
supply_chain_disclosure_best_practice_audits,tfidf_logreg,2,0,125,40b7a53af6c489016a3c39a0c23daaf2b4ff6197c2b53acaf1ee59067d17b38a,yes,yes,0.5456963828283161,1,1
supply_chain_disclosure_best_practice_audits,tfidf_logreg,2,4,126,929891ba31548db1aa694753669e3c24a30e1788a99151d98b539c39011f0c6e,yes,no,0.5082341738848335,0,2
supply_chain_disclosure_best_practice_audits,tfidf_logreg,2,2,127,9ffb371008bdf3d9905cc135199ff19454aa55be24ff6556d8f180a5a82601c4,yes,yes,0.5530390619824339,1,1
supply_chain_disclosure_best_practice_audits,tfidf_logreg,2,3,128,4cbcd769a0f437d0d8cac94bce5b472c7304848c39ba945db73525d09dd92f29,yes,yes,0.5150009672135213,0,2
supply_chain_disclosure_best_practice_audits,tfidf_logreg,2,4,129,28443bea33a9cfa2056f9e550d7afacc19053d096a108db12f87a2e90de7ad14,yes,yes,0.5138510485474791,0,2
supply_chain_disclosure_best_practice_audits,tfidf_logreg,2,1,130,53b1a4e96ad74195e550599949adc135a68d11a2761b215e2d3c5f78fac20ff4,yes,yes,0.5270541271273386,1,1
supply_chain_disclosure_best_practice_audits,tfidf_logreg,2,4,131,457aa4a03d6d45f3e6544e847d352d46186cccc1f81d8cb481bf644db7af99f3,yes,yes,0.5021455335616657,0,2
supply_chain_disclosure_best_practice_audits,tfidf_logreg,2,1,132,b36c6cc2c4974c8c6877811a1a305dea8be3cb2d15bde1c0c9eb16c92139773f,yes,yes,0.5059154888890022,0,2
supply_chain_disclosure_best_practice_audits,tfidf_logreg,2,4,133,95a16109c1891d82eeafded1e727f6561d5e8c7475e3e4e26d3c11ca744c6547,yes,yes,0.5073470035771993,0,2
supply_chain_disclosure_best_practice_audits,tfidf_logreg,2,4,134,921b410be7bc7b2de67384cb33f2212547c80d1e0d373fde36b9efa85af4bbd2,yes,yes,0.5200704773031024,0,2
supply_chain_disclosure_best_practice_audits,tfidf_logreg,2,3,135,4a3619506781d26fc853745317c36841d51d17c4453fa9792f2a6ec932c1b7f9,yes,yes,0.6305251051512201,1,1
supply_chain_disclosure_best_practice_audits,tfidf_logreg,2,1,136,30a167de20776b14c84cbc4a797def3569824661dd4a47f98a8e2cf261e55c03,yes,yes,0.5276843191975802,1,1
supply_chain_disclosure_best_practice_audits,tfidf_logreg,2,2,137,391ccdc3a1a0f1231bbac5db1ce4e442afa3f3d79dc8b4293b88f93209811a6d,yes,no,0.5044240874816952,0,2
supply_chain_disclosure_best_practice_audits,tfidf_logreg,2,4,138,151ef6b81c9ba20818d173a6b34a499bd330ac8b55583759ebc444cb3e997ee9,yes,no,0.5007981182144254,0,2
supply_chain_disclosure_best_practice_audits,tfidf_logreg,2,2,139,00f788466575e92cb6cd9b6bece2b76116328a72f455bfbf1b31c1a61e42a48e,yes,no,0.5010093975298329,0,2
supply_chain_disclosure_best_practice_audits,tfidf_logreg,2,1,140,ef2c6382e5dc53301bd218ec96105515da4a8331f35b814e7a7f38ea085ce13f,yes,yes,0.5295509642225611,1,1
supply_chain_disclosure_best_practice_audits,tfidf_logreg,2,0,141,04288152a54520da15135a2da000a2cf47ca7108eb4ed77b37713dc7ead5834b,yes,yes,0.5182075284027244,0,2
supply_chain_disclosure_best_practice_audits,tfidf_logreg,2,1,142,78781bf0a8697fd3f3409d0b8bd3967222d89b46f61f1ec355bda7d55721e5e4,yes,yes,0.5129552892558592,0,2
supply_chain_disclosure_best_practice_audits,tfidf_logreg,2,4,143,3c7c5ae2aa151786ba4a73c291ce5e1a0a2b03a30c29cf3328495fb37d9aece7,yes,yes,0.5599884840494141,1,1
supply_chain_disclosure_best_practice_audits,tfidf_logreg,2,2,144,2509ba56d644ea014a3e0fa3d0d6874c3cd2c6a28788f805fd9c6758e313ab8f,yes,no,0.5053414033298795,0,2
supply_chain_disclosure_best_practice_audits,tfidf_logreg,2,1,145,01eca6a511ea344abc3cf6dee3b61342273cacd73fd16da7f8f69dbf49142d75,yes,yes,0.5236398573652792,1,1
supply_chain_disclosure_best_practice_audits,tfidf_logreg,2,0,146,a16e8a50ee6e37a4589de3344628e84d9c80280c3ba92ec3972f6b853cbf7c2e,yes,yes,0.5392810503450931,1,1
supply_chain_disclosure_best_practice_audits,tfidf_logreg,2,2,147,45bd51009e1e64c672134259f2b5ede08866a003283780b51c4818c318a172fc,yes,yes,0.5414337943995914,1,1
supply_chain_disclosure_best_practice_audits,tfidf_logreg,2,3,148,9e1afd1f029efd031171df47a2ca39fb5420f30cd60b2fd9e1b0a8875cd25e49,yes,yes,0.6001147803877288,1,1
supply_chain_disclosure_best_practice_audits,tfidf_logreg,2,4,149,4b31ff48711f468ee6a1562ebc1e3389c382fd1c448638c0eda617de2469b754,yes,yes,0.5337193073018145,1,1
supply_chain_disclosure_best_practice_audits,tfidf_logreg,2,4,150,0d783ce52643a830262a183e1f3340dfa5e11782478d1c01ad53d0076c4c73d4,yes,no,0.5035736517185596,0,2
supply_chain_disclosure_best_practice_audits,tfidf_logreg,2,2,151,baace2e4253ecc8d61872f3b64835bb002f2a49a97e7d4c31adc7b078bc0a85f,yes,yes,0.5334427794992107,1,1
supply_chain_disclosure_best_practice_audits,tfidf_logreg,2,2,152,396d5edabfc1cc0317011328bc857e25c1640c119ce86f4b99f02862697e7df8,yes,no,0.5006005075474895,0,2
supply_chain_disclosure_best_practice_audits,tfidf_logreg,2,3,153,0c532687e912f2d64ff38f5eed8a18b3179c544a30dd454a0e4adc0617bafbef,yes,yes,0.6186536130215334,1,1
supply_chain_disclosure_best_practice_audits,tfidf_logreg,2,3,154,607ecb634c0681303ee57bf7366b51214e7db74d4d4c0675d3806628cffdbffb,yes,yes,0.5386421885089883,0,2
supply_chain_disclosure_best_practice_audits,tfidf_logreg,2,1,155,14759c3262b6131be28f172314d3243dbc099f7cb099c03a4e85397e876c8b56,yes,yes,0.5241792169572139,1,1
supply_chain_disclosure_best_practice_audits,tfidf_logreg,2,2,156,32260ecf26035d5e5df015a53c55c1fa3414a446aee4f3709c38ccf58df0ca66,yes,yes,0.5348051864490441,1,1
supply_chain_disclosure_best_practice_audits,tfidf_logreg,2,3,157,5ae1b1df5103d563678ef0e3bd377743146e4315d7a2bf0c895ece3a203e57a5,yes,no,0.5386787441596509,0,2
supply_chain_disclosure_best_practice_audits,tfidf_logreg,2,2,158,5d1fc63f4139faae3bfe28443da26e285c4bb8f1d308b6ff4b7b1b75cc2c1e80,yes,yes,0.5011431787129584,0,2
supply_chain_disclosure_best_practice_audits,tfidf_logreg,2,1,159,39e33483b6daed03fd99c05cd1c125e6b18f5af6c51ec943acdeaa4b1ee84166,yes,yes,0.504870136256549,0,2
supply_chain_disclosure_best_practice_audits,tfidf_logreg,2,1,160,3daa8ec03c0ed46a2b9f72cbb4723307035f5c52b6f89d28317e2a6b303d6247,yes,yes,0.5264819653602627,1,1
supply_chain_disclosure_best_practice_audits,tfidf_logreg,2,3,161,0c82ffaee114b837e9f974f4e80361b373b8c00d329a258aa8a80fb9b1f4e398,yes,yes,0.549107259837592,1,1
supply_chain_disclosure_best_practice_audits,tfidf_logreg,2,4,162,07c6e827cc6c23cd27132b4c99cdd5e4258ea66c0b532d59b29055c8e5cedc14,yes,yes,0.519683023513214,0,2
supply_chain_disclosure_best_practice_audits,tfidf_logreg,2,1,163,575b6c919a2ada10f464c7b46bc2b934726e9c993c82384121938de3ec6d3259,yes,no,0.503826970364309,0,2
supply_chain_disclosure_best_practice_audits,tfidf_logreg,2,3,164,21bfadb1e773c7ba5a13997f0fb26b6975502bebe37fe323b42580c521a1600f,yes,yes,0.5874600241554122,1,1
supply_chain_disclosure_best_practice_audits,tfidf_logreg,2,0,165,562ebd404575617d0f8d7b9efb34742cf5ddd488563c2500c9aec2ca6c214663,yes,yes,0.5527677457431109,1,1
supply_chain_disclosure_best_practice_audits,tfidf_logreg,2,2,166,78456786d204455184c362ece71adf15b8e1a55b2b2e857ebb83507e9881cb4e,yes,yes,0.5323093307639679,0,2
supply_chain_disclosure_best_practice_audits,tfidf_logreg,2,0,167,6ea4297c021e920636315a3b8cd9f75283c91cc9053cccc8f74a085fac3ff9e6,yes,yes,0.5029027470256596,0,2
supply_chain_disclosure_best_practice_audits,tfidf_logreg,2,1,168,d7246cb68425a99318147f0f1fe2dcbb042807eb08603cbe9904847610a446e0,yes,yes,0.523225750397302,1,1
supply_chain_disclosure_best_practice_audits,tfidf_logreg,2,0,169,f8401a13ab0b03ea07669144d0d263b35b0c21e834a4da3c577de48bdf482495,yes,yes,0.5309058901220532,1,1
supply_chain_disclosure_best_practice_audits,tfidf_logreg,2,2,170,a4e29359bcaec8e1536b48faecaba98004ae3f5854c7402ba7740252b24e59ec,yes,yes,0.5399815195718137,1,1
supply_chain_disclosure_best_practice_audits,tfidf_logreg,2,1,171,61bcec93f20473c4dd8792a0590cd52ebb4e73b93cce84104e1821b66585ae36,yes,yes,0.5295229889325421,1,1
supply_chain_disclosure_best_practice_audits,tfidf_logreg,2,3,172,051d82ea698c7defeb37ae5b11301eca98346930ddd52562f9aea2bbac1b413d,yes,yes,0.6217965315018783,1,1
supply_chain_disclosure_best_practice_audits,tfidf_logreg,2,4,173,ef497929adb29de6160875c9594ed91f6ec6548653bca2492ebcd49f7324e9b1,yes,yes,0.5484076530471163,1,1
supply_chain_disclosure_best_practice_audits,tfidf_logreg,2,0,174,93bb3e29ce9e7036bd4c6725e22905194dfbb28fbe4e38678c89b9588ae43da4,yes,no,0.5135988784136165,0,2
supply_chain_disclosure_best_practice_audits,tfidf_logreg,2,2,175,dd5ea83860728cd69a48d8ee326e7998b3e4d597bd167390eff08fab3423660d,yes,no,0.506436864170976,0,2
supply_chain_disclosure_best_practice_audits,tfidf_logreg,2,1,176,acf95ae6504008b3675b5a6e1d34dcf3e2ae5a31a2c52ab178689b08b1e52318,yes,yes,0.5303473737052681,1,1
supply_chain_disclosure_best_practice_audits,tfidf_logreg,2,0,177,feb00174787409b226e12959e1eec4d9c76105dcc553753d24bfa85b06fa13a8,yes,yes,0.5109148673189903,0,2
supply_chain_disclosure_best_practice_audits,tfidf_logreg,2,2,178,4e157c907f1a39c4736c42962bdcd0647aba4fc2d56996b1a7d865e6fed2b387,yes,yes,0.5349657981343166,1,1
supply_chain_disclosure_best_practice_audits,tfidf_logreg,2,1,179,b01aaacbff761f1d09ba1fd4477b90c6e5723fbf33f70d4a6c4092180818be85,yes,yes,0.520923326999729,1,1
supply_chain_disclosure_best_practice_audits,tfidf_logreg,2,4,180,21caaa5906e5a0b027392e17755bdb5e69f2fbeeab9457431ce75f2563ed54f7,yes,yes,0.5546922250056551,1,1
supply_chain_disclosure_best_practice_audits,tfidf_logreg,2,0,181,596504be5142fc5222baf19af3a06f62e1c31bdf6053136081a7aa8300a515c0,yes,yes,0.5509542895046705,1,1
supply_chain_disclosure_best_practice_audits,tfidf_logreg,2,4,182,b0825404cd40d6659e58b65251fa3700b8ca36acce0c7e74e5ec60d73f009c2b,yes,yes,0.5539833805022465,1,1
supply_chain_disclosure_best_practice_audits,tfidf_logreg,2,3,183,2c330a1ba17f5fd6fcbe0c35d683859c0e61aae4aad2422c88ecae48ec2fb137,yes,yes,0.5487587697898507,1,1
supply_chain_disclosure_best_practice_audits,tfidf_logreg,2,4,184,1531fdb46dfdd8cefa201ef9546bdc219dc7ec61de3612565a5a597833bca11c,yes,yes,0.5207371279566865,0,2
supply_chain_disclosure_best_practice_audits,tfidf_logreg,2,1,185,ed5516e94ba0f9873e91a7c51a694a4b275288be9b383d487d2c473eec82d333,yes,yes,0.5153722253122939,0,2
supply_chain_disclosure_best_practice_audits,tfidf_logreg,2,4,186,d03e6766a02ffc8423ba39940ce8a69fd03ea5e93edfb327af258dabd75c9e5e,yes,yes,0.5088978786485553,0,2
supply_chain_disclosure_best_practice_audits,tfidf_logreg,2,2,187,8a81109a73b838cbc58d4bf69f51eb6f1dee99da7818cde561d4cc9350058f7c,yes,yes,0.5129437955045879,0,2
supply_chain_disclosure_best_practice_audits,tfidf_logreg,2,2,188,ad8df74a5604a274f191b30942519d471ef007f2cb2afc12ca66cd73490f140b,yes,yes,0.5549187269830242,1,1
supply_chain_disclosure_best_practice_audits,tfidf_logreg,2,0,189,3236cea34e746c2854726aafd2b42f4c763e91efd983f92bd5d46b37934ce701,yes,no,0.5019796685898924,0,2
supply_chain_disclosure_best_practice_audits,tfidf_logreg,2,3,190,244d7fc55eab9fe22ac8639ef434c9d3948c9bedb7453b1980ec8f1229bb2c68,yes,yes,0.5659718846448415,1,1
supply_chain_disclosure_best_practice_audits,tfidf_logreg,2,4,191,5b777db784a0ad2ff2f63cd6ac341cec919f6db8e66c1a7c8afcca4bda0856f1,yes,yes,0.5079759235736484,0,2
supply_chain_disclosure_best_practice_audits,tfidf_logreg,2,4,192,a536c2e629791ea99d535deb51d04d6950ca7e778e2b8fabd5107530ecf3b63d,yes,yes,0.5402489838525746,1,1
supply_chain_disclosure_best_practice_audits,tfidf_logreg,2,0,193,c1782493d0a641f2d98c277b11023e4adb7fa2fc203ee4dac76fa3dd572915e8,yes,yes,0.5350264023433989,1,1
supply_chain_disclosure_best_practice_audits,tfidf_logreg,2,1,194,c7792639dfd396f47fe6f339c6da513ede7315959767ab9dafb88309769dbab6,yes,yes,0.5183531846278513,0,2
supply_chain_disclosure_best_practice_audits,tfidf_logreg,2,3,195,ae215269eaa9afcae52c3c7fad43d01a78c9e122205651439d9bf2e5671676af,yes,yes,0.5870932709842804,1,1
supply_chain_disclosure_best_practice_audits,tfidf_logreg,2,1,196,30079533bf5c7357cd70f9cf1cbc13700f5c3e515d3c5ebbe55c0943cb3cd3d3,yes,yes,0.539783200955828,1,1
supply_chain_disclosure_best_practice_audits,tfidf_logreg,2,3,197,ef8843ad04ca905381cc9dc85e84a4c4e9c5a2861f05e5fce9fa5066e7f7876d,yes,yes,0.6046440750348084,1,1
supply_chain_disclosure_best_practice_audits,tfidf_logreg,2,1,198,7c18061590aa800422b5635e324664e2dc3382d93bdd896d73512fd499719d54,yes,yes,0.527588124142004,1,1
supply_chain_disclosure_best_practice_audits,tfidf_logreg,2,0,199,56c25d4eb4588f13327a6b3f6d1bf423858c24d3e72ca640819f1aff6fffb588,yes,yes,0.5068363120671248,0,2
supply_chain_disclosure_best_practice_audits,tfidf_logreg,2,1,200,37fb8de488cb40c4b049e28e90cefa770eb07d1059f2e68c706d35d39deaf7a6,yes,yes,0.508415677792556,0,2
supply_chain_disclosure_best_practice_audits,tfidf_logreg,2,3,201,d6943bae94c68dbe413f37141c963ec0da0f265c3d6cd601971199d07c838bcf,yes,no,0.5178855416295827,0,2
supply_chain_disclosure_best_practice_audits,tfidf_logreg,2,1,202,738411246babffb6b853c81c2ab34295e5db281b7e730293ed8d1ad31e1d30cb,yes,yes,0.5617838176796344,1,1
supply_chain_disclosure_best_practice_audits,tfidf_logreg,2,2,203,4d4c98bf199646728c2a7b80140d0f8bfa90311619ddd101e7e81d8da51eba3f,yes,yes,0.5147421139116116,0,2
supply_chain_disclosure_best_practice_audits,tfidf_logreg,2,1,204,3887f474ec6dfe32935833b72b870ee0ee25207e9c2d7cad91f1d4792356e278,yes,yes,0.5184249672177295,0,2
supply_chain_disclosure_best_practice_audits,tfidf_logreg,2,1,205,5183361573f996b8425904aba330bdb33a14f3a40e5a13d71f8a4dfa32ee601c,yes,yes,0.5080736658454887,0,2
supply_chain_disclosure_best_practice_audits,tfidf_logreg,2,0,206,b7fef818a202c62579781f6a16fdc3fbe95b7014de4c7fc7c0bfd72085b49111,yes,yes,0.5368670533817314,1,1
supply_chain_disclosure_best_practice_audits,tfidf_logreg,2,3,207,7f71163235d108c9e78fa664d5bef08dabfa91cfbbdcd9f3d08391db22af380a,yes,yes,0.5772610223610175,1,1
supply_chain_disclosure_best_practice_audits,tfidf_logreg,2,0,208,5695147a701cc755d386897ef3916ae914a81943569ef4fe344ca24a43d906ee,yes,yes,0.5365330141454221,1,1
supply_chain_disclosure_best_practice_audits,tfidf_logreg,2,2,209,b18c36bddd3d7b476ce5b9e82b759a1230ce387c9ef91dd060c50f7a7fb551f5,yes,yes,0.5152338981640138,0,2
supply_chain_disclosure_best_practice_audits,tfidf_logreg,2,1,210,0a76fce024d1ded8f815f5aeddfd0f478fe16661931e2f3658f76bca65572613,yes,yes,0.5365851577045162,1,1
supply_chain_disclosure_best_practice_audits,tfidf_logreg,2,1,211,b5f480ca28f49024bd818f6af65275cc36a6022530a28fa2648ddb7da3f86839,yes,yes,0.5284896290914148,1,1
supply_chain_disclosure_best_practice_audits,tfidf_logreg,2,1,212,255fd01e686472de43e42c9c117018713274490a02b2df34c1bc9ea698083b88,yes,yes,0.5221656262459342,1,1
supply_chain_disclosure_best_practice_audits,tfidf_logreg,2,0,213,c1b7a9f6e0096a280a7cff21a3d2d2a788fda487fb4778bff25572d53d220dd8,yes,no,0.5127444202421672,0,2
supply_chain_disclosure_best_practice_audits,tfidf_logreg,2,2,214,8e4caa63c82cc004c6a03ff6278f68d26b0d6195e385e25392f38000f093728e,yes,no,0.515895922180716,0,2
supply_chain_disclosure_best_practice_audits,tfidf_logreg,2,4,215,5246f2f270d78e6a7ee150dfeb414ed591d6d868246b224415d78f8dcb33c791,yes,yes,0.5203870660607836,0,2
supply_chain_disclosure_best_practice_audits,tfidf_logreg,2,3,216,dc87f2b33f12048f543e0a8cc1526f23fe4e72f15a6f2f1decf2a602f0eadf1b,yes,yes,0.6093299509890201,1,1
supply_chain_disclosure_best_practice_audits,tfidf_logreg,2,3,217,3045163bc73fcda0d5d8a7800ea68f83f22b0d7e71099dbf8bf7030daca5c21a,yes,yes,0.5283650884531127,0,2
supply_chain_disclosure_best_practice_audits,tfidf_logreg,2,0,218,4c7d5ee51cc7b5700e6104e6c501ce5b41ed859fcf48fdb1057af364fba88a8e,yes,yes,0.5173949725587275,0,2
supply_chain_disclosure_best_practice_audits,tfidf_logreg,2,2,219,bd4c1f1cf2fc2181caa3f8384bb1b4d9195039f6a32c4609aa60fff706567b74,yes,yes,0.5252593545737603,0,2
supply_chain_disclosure_best_practice_audits,tfidf_logreg,2,0,220,77ad10e7c8d412c275543817ff3fbae1b314666dc24e6b51452fee9982cb31ec,yes,yes,0.5334359280731222,1,1
supply_chain_disclosure_best_practice_audits,tfidf_logreg,2,2,221,be62d87c4255e3586bdf7df9901d04563f034fa4e1c974936be58d86bae1221c,yes,yes,0.5292250791047065,0,2
supply_chain_disclosure_best_practice_audits,tfidf_logreg,2,0,222,c28332da856f34b6a44fb9b64740e960ec60cbce5cfb5a4d5a7697e4796c9b42,yes,yes,0.5395981237928925,1,1
supply_chain_disclosure_best_practice_audits,tfidf_logreg,2,3,223,f5a6277f734ce623abb70561bc333f40c516432889b7170fe537795f0b0d1dfe,yes,yes,0.5839268803009574,1,1
supply_chain_disclosure_best_practice_audits,tfidf_logreg,2,2,224,c40939ccc68ff214deef38f965d504bec913cb7a2f3c74d2ece1a45866e275d9,yes,yes,0.5022450246023995,0,2
supply_chain_disclosure_best_practice_audits,tfidf_logreg,2,0,225,829a910f071a32bcafaaa8663dbdf625ce4b5548e0b6c349d0dc9ac3703a1122,yes,yes,0.5091900994202637,0,2
supply_chain_disclosure_best_practice_audits,tfidf_logreg,2,0,226,f1638844a53628837ad5d89cfcdeecc0f5bb34cfc57eb62570e26ff4a1cf62da,yes,no,0.5148316049913167,0,2
supply_chain_disclosure_best_practice_audits,tfidf_logreg,2,1,227,902f081f4eba26153cd2c7c4a497205b912767790306d278827259370ff02e5a,yes,yes,0.5257009912211782,1,1
supply_chain_disclosure_best_practice_audits,tfidf_logreg,2,4,228,ca1da196f15bf1f779e22e5e1a695d8b7a71804e15e2d5e7feff77800f931548,yes,yes,0.5405266599484226,1,1
supply_chain_disclosure_best_practice_audits,tfidf_logreg,2,0,229,5f6bc442d00e4fa861670fafbb8a27c94547c1508938c9d29e3d899bfc2ba60c,yes,yes,0.5428609361631989,1,1
supply_chain_disclosure_best_practice_audits,tfidf_logreg,2,4,230,f2c4a70d75d38bdb8ddcf24ce6b3bbc1270aa929b58238973c10a2f20dcf0d75,yes,yes,0.5137752984643611,0,2
supply_chain_disclosure_best_practice_audits,tfidf_logreg,2,1,231,8bf9eb09cc0e8fd59010ab76b7c69b9e1e43c539995dc000c6861a83b2d81707,yes,yes,0.5250322357122562,1,1
supply_chain_disclosure_best_practice_audits,tfidf_logreg,2,4,232,f7cf08b6965795f5c7d3d054023aac6ccdeabdb48f991c84e2931966f6ad041d,yes,yes,0.5399445438926627,1,1
supply_chain_disclosure_best_practice_audits,tfidf_logreg,2,4,233,1c7fa227e0dc0b3f0683ec2411f95409c3417c9b96f8516a9f76bb71971c3978,yes,yes,0.5168682880730009,0,2
supply_chain_disclosure_best_practice_audits,tfidf_logreg,2,4,234,5f24817add32407e6acc884463b789a68919be44f960ad31c19f73970ec67edd,yes,no,0.5035582066654364,0,2
supply_chain_disclosure_best_practice_audits,tfidf_logreg,2,0,235,f3669d8939961578a7f23f5801a8f8915334ee6e2197feeaffc15c7042fe0c20,yes,yes,0.5553625883817461,1,1
supply_chain_disclosure_best_practice_audits,tfidf_logreg,2,1,236,06c17d0d305d5233112fb0bca036055b06f839ff3e6eef40071ed1a3802d4a7e,yes,yes,0.5435818662312746,1,1
supply_chain_disclosure_best_practice_audits,tfidf_logreg,2,0,237,f3e83ec97ee5386134f54fd9a9f7c19f68cc121dc9f6f5ba2618dfcd1c4b3b66,yes,yes,0.548485537781887,1,1
supply_chain_disclosure_best_practice_audits,tfidf_logreg,2,3,238,f894ff8baed215fe478a03c4f70e0ae70f1dee90d635e8bf521bcf7c2c5d5d8c,yes,yes,0.5636086817794312,1,1
supply_chain_disclosure_best_practice_audits,tfidf_logreg,2,3,239,0959b643a8baf490de768c9a042a1cff4f7ba07e8c3a35f1d3c88073b5c659bb,yes,yes,0.560401481676436,1,1
supply_chain_disclosure_best_practice_audits,tfidf_logreg,2,0,240,c603ec107332b17d63d9c056e5827a42faf80cee9ecf616f78b74d7b26aca002,yes,yes,0.553214838281529,1,1
supply_chain_disclosure_best_practice_audits,tfidf_logreg,2,3,241,cff6dc284e486a2f018540356c568bd866b086fd09ab993a34321b8282b62dff,yes,yes,0.521635357058727,0,2
supply_chain_disclosure_best_practice_audits,tfidf_logreg,2,2,242,f1ffa5b7ab4faafc9099101fbcac382df8a721f39c48a1fb4eff0f8263e12ddd,yes,yes,0.5248038335587206,0,2
supply_chain_disclosure_best_practice_audits,tfidf_logreg,2,4,243,7358882b282e44427d46aa23e131b40ce9cb810d4046b9b5b1b29019a7bafd97,yes,yes,0.5269982723863179,1,1
supply_chain_disclosure_best_practice_audits,tfidf_logreg,2,4,244,39716913d74b739a4abccba43e643a747078c53268d60308a0981129848fe379,yes,yes,0.512224292211957,0,2
supply_chain_disclosure_best_practice_audits,tfidf_logreg,2,1,245,aacaba1b480efdbb8a8d7f064c31e6c8bb5d15a859dde769c4e38d8f39544726,yes,yes,0.5364058809916507,1,1
supply_chain_disclosure_best_practice_audits,tfidf_logreg,2,3,246,625e4fb7cc51b77995b363889fc63bbadb80c2bc91fb2880c1018ab4741d3b7c,yes,yes,0.5251179295681111,0,2
supply_chain_disclosure_best_practice_audits,tfidf_logreg,2,1,247,cadb995cb17c99a0479f83cf2c9ef1624ee2362bfba9690abd6fcc060800c76a,yes,yes,0.5376254652385094,1,1
supply_chain_disclosure_best_practice_audits,tfidf_logreg,2,4,248,ab606b741090016f818eb0cb7e260b416330418b8003a89245993e73bf8630d0,yes,yes,0.5578647028781774,1,1
supply_chain_disclosure_best_practice_audits,tfidf_logreg,2,2,249,cc0bd56a8fa41797d21f3f767f99f08c0d47e85478b58e4221224373d2c04763,yes,yes,0.5210651767685444,0,2
supply_chain_disclosure_best_practice_audits,tfidf_logreg,2,2,250,1294ab0087ad5087a538686b745d3e7db23d18cc7f4f6f530cc80e2ac5f4db00,yes,yes,0.516283559046587,0,2
supply_chain_disclosure_best_practice_audits,tfidf_logreg,2,0,251,94afabafc1a2e279104f1d46c17a267d3986bec668852ff48007a09bf59540ad,yes,yes,0.5485554520581197,1,1
supply_chain_disclosure_best_practice_audits,tfidf_logreg,2,4,252,6132d8d18112fa7d61ba37ff4d62b1c1c54f81b63eb04af24889c178eac1b7f5,yes,yes,0.5195454815674843,0,2
supply_chain_disclosure_best_practice_audits,tfidf_logreg,2,1,253,8c27ca919f3a1c88913da54bb4a77bba34322faffaf8e221698a9d377dbe8c52,yes,yes,0.5104047633520897,0,2
supply_chain_disclosure_best_practice_audits,tfidf_logreg,2,2,254,13a1d68844cb18a366fbe726bce7132ea31a4fbed461a3d8e40fe9c27604ab0c,yes,yes,0.555184292254845,1,1
supply_chain_disclosure_best_practice_audits,tfidf_logreg,2,4,255,96815958503862c65f14b779ce716b39e74afb0aac85ec7b03e85152838e44b0,yes,yes,0.5044580480465382,0,2
supply_chain_disclosure_best_practice_audits,tfidf_logreg,2,2,256,73eed2cd61ac0ea6ae32683a83e2b0e5738d28779452c6ed7cb6f7eadd0e2261,yes,yes,0.5226825519208406,0,2
supply_chain_disclosure_best_practice_audits,tfidf_logreg,2,3,257,373083f104edd5a192773c0a179c9788a933c15a1571ba09d81e8033116bf6c4,yes,yes,0.5163204418089258,0,2
supply_chain_disclosure_best_practice_audits,tfidf_logreg,2,3,258,eade8098bb75f44ddc8f9427c116b373a4abfcf40e4dcf8e2774b900155008a0,yes,yes,0.642009786304912,1,1
supply_chain_disclosure_best_practice_audits,tfidf_logreg,2,4,259,013f12d740fc3d68af91928317abf93d62dd424d19d1137d161e2693551f67e3,yes,yes,0.5423471473502257,1,1
supply_chain_disclosure_best_practice_audits,tfidf_logreg,2,1,260,bf3486f95c637ed4c0f6e7987cd08241cbaa680a7e6a37850cb43d0042e06cad,no,no,0.5100349985661418,0,2
supply_chain_disclosure_best_practice_audits,tfidf_logreg,2,2,261,17b7c487cc98c7e8e49c1c50b503ac7d38f2734055411ae4ae7b698cb622add3,no,no,0.5061434910174429,0,2
supply_chain_disclosure_best_practice_audits,tfidf_logreg,2,3,262,8af0b9f5fd790626bb4db3c123e1eb46e4ce609c0a22a6c74820808d33d2e351,no,no,0.5190729992349714,0,2
supply_chain_disclosure_best_practice_audits,tfidf_logreg,2,0,263,4711f4cfb8352d9bee2590efd786b65a53292b22ea7e088a282787c6669af84d,no,no,0.5162446921977859,0,2
supply_chain_disclosure_best_practice_audits,tfidf_logreg,2,1,264,6280d5d3a4a66af42f0a860a6e1bef945aaac4cd6695915cab72224d2110b691,no,no,0.5012254344806983,0,2
supply_chain_disclosure_best_practice_audits,tfidf_logreg,2,4,265,168f343929f3968913069fd4fe3ea2090bcc1a567ad31fa5d6834c9d9d8ee1d5,no,no,0.5068152364378165,0,2
supply_chain_disclosure_best_practice_audits,tfidf_logreg,2,1,266,71386be1f3486406f1a3cf5dfee5e266834f063cbf2bfb914213afe0d7458bb1,no,yes,0.507475131898852,0,2
supply_chain_disclosure_best_practice_audits,tfidf_logreg,2,1,267,00768c68746cc07a0855f2e858ea0b79d89c52616ea96f63e3b7d7113ad78409,no,yes,0.5312210938777241,1,1
supply_chain_disclosure_best_practice_audits,tfidf_logreg,2,0,268,73be09f2cbe8d3723f914f0901b9b1199c1c4b1c8cf68937bada35a3da53af17,no,yes,0.5276579984146174,1,1
supply_chain_disclosure_best_practice_audits,tfidf_logreg,2,1,269,96700d3c63698f7fc8d4ea778f120a3d46929a5734a3c86cfa59d7a160ef608e,no,no,0.5006904031878604,0,2
supply_chain_disclosure_best_practice_audits,tfidf_logreg,2,0,270,b11583189d07bb6c3452ea92f85ffc89db81f8f0bb7f000a3d4b4d62e7eec5c0,no,yes,0.504436928432773,0,2
supply_chain_disclosure_best_practice_audits,tfidf_logreg,2,0,271,2c33b85eaa7cbe07fb355c5e6f1156c2063261897778d650af9ba90bc60754c2,no,no,0.5345304928776236,1,1
supply_chain_disclosure_best_practice_audits,tfidf_logreg,2,2,272,203ed0f85c23f811b2013c75119ab4107bb94611678786bf334e168d337dfd91,no,yes,0.5045930229520715,0,2
supply_chain_disclosure_best_practice_audits,tfidf_logreg,2,2,273,29f5a73f0eb2112c2e8648ba539c6e8540af14f4e9972e5f4dc3409460c124a7,no,no,0.5028050108105968,0,2
supply_chain_disclosure_best_practice_audits,tfidf_logreg,2,4,274,529fbe231a56762bee94fca3a926dfbe380e1a1a4899d3eee0104c0f6d69fd90,no,yes,0.5069439129563093,0,2
supply_chain_disclosure_best_practice_audits,tfidf_logreg,2,4,275,c4a4dd3902ba1e7f9bd8aec6700ede838bef8b038357041988488f41c58fd818,no,no,0.5101872915095746,0,2
supply_chain_disclosure_best_practice_audits,tfidf_logreg,2,0,276,072d2e8050c2b36c8c5ff2c7aff95b88f8fd6cccc76368e10be132a17e092b7d,no,no,0.5044888439826134,0,2
supply_chain_disclosure_best_practice_audits,tfidf_logreg,2,3,277,a86f11debb6ead7654a11b993c384f748c0211f80d9cf6ec15379718865bb14b,no,yes,0.5622489851021519,1,1
supply_chain_disclosure_best_practice_audits,tfidf_logreg,2,2,278,dec95cde6289a27cf2fa4c129a8fe002cd9efe24fe0c76194cd80b81d4d25646,no,no,0.5182652197368274,0,2
supply_chain_disclosure_best_practice_audits,tfidf_logreg,2,1,279,278a88f973ea6da6e167d46d0b191eee85edd560cf58a096d19bf9f0385f078f,no,yes,0.5336761832782542,1,1
supply_chain_disclosure_best_practice_audits,tfidf_logreg,2,0,280,9f9d1126a707de4b474cf7e0fc08299ad856bdb4a0bfe68914a374466df2ba79,no,yes,0.5330969393215789,1,1
supply_chain_disclosure_best_practice_audits,tfidf_logreg,2,0,281,49e44d01a8d96ebc8362b1012e8fe169fc8ba19015002d2415f18d38e34e543f,no,no,0.512145797196738,0,2
supply_chain_disclosure_best_practice_audits,tfidf_logreg,2,4,282,7aff74a42e71a0efa775083fed4b831acd81e1c7a72ea3ab95fa0010cbd1b047,no,no,0.5106201173987538,0,2
supply_chain_disclosure_best_practice_audits,tfidf_logreg,2,4,283,c0e1213a6c7f271618273d37e7c4d80e49f79f3cb5a1276394122a181df3af93,no,yes,0.5087489218110518,0,2
supply_chain_disclosure_best_practice_audits,tfidf_logreg,2,4,284,162326a6ce5c56ccf790f70cb837962b40b3bc3287e736e1be05be79c4e6bce9,no,yes,0.527783433481724,1,1
supply_chain_disclosure_best_practice_audits,tfidf_logreg,2,2,285,446398bfee4175c67b2956599c14af90b0edd482e1dce8163481a203948007dd,no,no,0.5266134413685418,0,2
supply_chain_disclosure_best_practice_audits,tfidf_logreg,2,3,286,ba33f9b515db096d9ae8836a3b69ce9148b85a2f3bd641c7a5fcba3f6b073736,no,no,0.5233307510406688,0,2
supply_chain_disclosure_best_practice_audits,tfidf_logreg,2,1,287,0b218c20d44772c56168aad84ee04aa59a41e91c16b8af3ec7318f2db50abac9,no,no,0.5060191176671203,0,2
supply_chain_disclosure_best_practice_audits,tfidf_logreg,2,4,288,a6098775d1f58c7495bade73c71a163bda773200d559daf386859c20452c9497,no,yes,0.5062996429876011,0,2
supply_chain_disclosure_best_practice_audits,tfidf_logreg,2,0,289,0bb83f5175555cfaa916ed3929534af9f11e955ce4ff57612f69713e94993937,no,no,0.5090004676759163,0,2
supply_chain_disclosure_best_practice_audits,tfidf_logreg,2,4,290,389a4e760129e6e54975f074004e2fec1753d42f1e48343f1b10d47d6fcac37e,no,yes,0.5094815591942038,0,2
supply_chain_disclosure_best_practice_audits,tfidf_logreg,2,0,291,d57214d0e9a179e422fbe3b51666f953ceda30db4a7ce444e66f35c2904d4c84,no,no,0.5206955336838093,0,2
supply_chain_disclosure_best_practice_audits,tfidf_logreg,2,2,292,4f3067260931b33e6f0dcd9414705fb435db8f6aac3bf072fcf443d96f77932c,no,yes,0.5084371510158435,0,2
supply_chain_disclosure_best_practice_audits,tfidf_logreg,2,3,293,143076a0b6c3b4b2c37750896a92e809870b097c81c38be1d50dce2c008d9eb2,no,no,0.5324712704257579,0,2
supply_chain_disclosure_best_practice_audits,tfidf_logreg,2,2,294,3bce2b75988d047a0d7a0deea7d519effb6c58310ec68cc20fa6cce9c3b54f1b,no,no,0.5229436898538615,0,2
supply_chain_disclosure_best_practice_audits,tfidf_logreg,2,1,295,5ba25ab1ef701ffb4ef46c65dacf4c7fff4bf56cb6c3b355c39768b828753eb2,no,no,0.5183787191958662,0,2
supply_chain_disclosure_best_practice_audits,tfidf_logreg,2,1,296,c09af0b827ba4837bfe03f4efcc035c576b40c281b86c6d5cf4d9a9452124fe4,no,no,0.5047128890727012,0,2
supply_chain_disclosure_best_practice_audits,tfidf_logreg,2,3,297,d318eaf94df22e65541a2d801bf35239ef508dd99ccf9a378d2f01328b1b29f8,no,yes,0.5718778280731308,1,1
supply_chain_disclosure_best_practice_audits,tfidf_logreg,2,0,298,b215c45d50089d0cd1585a907239c94da9543ad54bd7a50f9cf22478364ff754,no,yes,0.5307732647402581,1,1
supply_chain_disclosure_best_practice_audits,tfidf_logreg,2,0,299,9d071de4e714afecba60136fc13d2fd5d799fa73ec323fa5b32f33261331fc95,no,yes,0.515415943908251,0,2
supply_chain_disclosure_best_practice_audits,tfidf_logreg,2,1,300,b48a0124d9c28eba8793c0639caa52128545630d8a846c28ab4f01eb7cde60e0,no,no,0.5455221747442754,1,1
supply_chain_disclosure_best_practice_audits,tfidf_logreg,2,2,301,f604a8e5fc84e2cb8f3210b72d51555bfad329c64660c42250ca1403fec24f72,no,no,0.522928355927428,0,2
supply_chain_disclosure_best_practice_audits,tfidf_logreg,2,0,302,dfd391e41957d1ac236feb8094f25b8ef1bb5bb23df2361d1e0b96cdcf4d8334,no,no,0.525554332429863,1,1
supply_chain_disclosure_best_practice_audits,tfidf_logreg,2,4,303,da6cb12627d752d97c8b74cd52766dd24bf238718d113b3b633ccfb1b8a34605,no,yes,0.5126661949887112,0,2
supply_chain_disclosure_best_practice_audits,tfidf_logreg,2,4,304,968b24534319b3352bfda7565390677a43bff36eba314281473cc77c382f7459,no,no,0.5147130296685801,0,2
supply_chain_disclosure_best_practice_audits,tfidf_logreg,2,2,305,4441c0b5b2cc678233438e17f40bbaa0525429c3e46d1ba3068a07a61b93ac90,no,no,0.5280908590347142,0,2
supply_chain_disclosure_best_practice_audits,tfidf_logreg,2,0,306,e7be9434bab5ee26ff724ad366dd76a6eb91f1c4d40da2a6a8cacdadec1b2cef,no,yes,0.5328782633184074,1,1
supply_chain_disclosure_best_practice_audits,tfidf_logreg,2,1,307,f4f4adbea45122fdb1d3bbd6cd8cdeb27833cdb5d576db84c1eda5e29dcaee5f,no,no,0.5338230861855208,1,1
supply_chain_disclosure_best_practice_audits,tfidf_logreg,2,4,308,23cc46b8e873878abcf6bddaef16294515cd6ff0c31f4b9c469cf5d98cd31970,no,no,0.5257433213039104,0,2
supply_chain_disclosure_best_practice_audits,tfidf_logreg,2,0,309,4812c78abc5dfdced8315b1ba8d4b75c05311b916aa75c4d90debdfc6f969f74,no,no,0.5016066083407729,0,2
supply_chain_disclosure_best_practice_audits,tfidf_logreg,2,2,310,83f36822a559802b4975bbd8ddaa42349b8ee30eaf1e14b895b064dc2d783343,no,no,0.500442503773249,0,2
supply_chain_disclosure_best_practice_audits,tfidf_logreg,2,3,311,6bd5e103d0200987b6d5a975589d665847c4a5cb70be72a8ec7b797be539ca1b,no,yes,0.5014524145830308,0,2
supply_chain_disclosure_best_practice_audits,tfidf_logreg,2,2,312,396db51b94e5987c9f4291a20606d3214010cae759f026fc485bfdccb44d32fa,no,no,0.5204808375390527,0,2
supply_chain_disclosure_best_practice_audits,tfidf_logreg,2,1,313,32aac534cc8c69b44cffb558d1687dde646c903551f4716d35f361ff9dfef7bc,no,no,0.502186689051556,0,2
supply_chain_disclosure_best_practice_audits,tfidf_logreg,2,0,314,cbd37b5b1d68d6e3051fe7d37866a22b605c82f43a4558b539cc921a761165da,no,yes,0.5100369586966136,0,2
supply_chain_disclosure_best_practice_audits,tfidf_logreg,2,3,315,93385e4040b8a9e2244312c589f32c019276499f4d77dc979a43a063da101d79,no,no,0.5367871379224335,0,2
supply_chain_disclosure_best_practice_audits,tfidf_logreg,2,1,316,fd5ab74802751c150fc6ffc9f5fc04a7520d18f5e369c5198e123110ae82e19b,no,yes,0.503162657930795,0,2
supply_chain_disclosure_best_practice_audits,tfidf_logreg,2,4,317,c39413cbf6175d72ce6425d54415f612eb915e3a715f188af606596ffd3c5c5a,no,yes,0.5356340287946489,1,1
supply_chain_disclosure_best_practice_audits,tfidf_logreg,2,2,318,d13bde6dbbb3e00674ae5199051fa37761040e06ca97d1fcddd06d1ca5a95012,no,yes,0.5209501448075196,0,2
supply_chain_disclosure_best_practice_audits,tfidf_logreg,2,3,319,a70cae38bc14a6f8f9ff25c6f6fc01da33d93a293a9faa412ec7fd88b01dab57,no,no,0.5372294152377116,0,2
supply_chain_disclosure_best_practice_audits,tfidf_logreg,2,3,320,3d8984baef0ba18103046a21a24eaa95a7315dac31f46efd9d70b2de535cb462,no,no,0.5474168577251999,1,1
supply_chain_disclosure_best_practice_audits,tfidf_logreg,2,1,321,27802664c2d01aa9a779698077273b0dfbb4e4c37c59ec27a359740e25c22b42,no,no,0.5125025985447325,0,2
supply_chain_disclosure_best_practice_audits,tfidf_logreg,2,2,322,c8ba7ee2aff1efe743ffdd333d82a22572e92a917542d07d056d220a47de9d41,no,no,0.5298381176928952,0,2
supply_chain_disclosure_best_practice_audits,tfidf_logreg,2,2,323,3197363915acc24a03e50b624d5514a7aae17a858feaebce00133fca51c8ab4e,no,no,0.5262941341913643,0,2
supply_chain_disclosure_best_practice_audits,tfidf_logreg,2,1,324,0befd85c57d5cc436139e85b69ed400d5bef008c4e62d3c2edc68db2816c720d,no,yes,0.5123370735019824,0,2
supply_chain_disclosure_best_practice_audits,tfidf_logreg,2,0,325,511c8ce5808e6bd8d67a22f804e04fe11901c30d1c6316a4cf9d7ecf7650b4e7,no,yes,0.5332915597172135,1,1
supply_chain_disclosure_best_practice_audits,tfidf_logreg,2,4,326,c27e6fadd2b0b3eb12322506eb24c1c751d3d78f654dde666d6ae98bea4843d6,no,yes,0.5149680905425053,0,2
supply_chain_disclosure_best_practice_audits,tfidf_logreg,2,3,327,31bd0760ea5f242b9f1c3214f1def028d570d735060898e3dfe0692b784765c6,no,yes,0.5356719700095541,0,2
supply_chain_disclosure_best_practice_audits,tfidf_logreg,2,1,328,0605d4ef497301876468cc2abc3991419cb67ab9f6f44508b0849ad5cf2bc53a,no,no,0.5043288176234945,0,2
supply_chain_disclosure_best_practice_audits,tfidf_logreg,2,0,329,61fdcfca449fbfdb032d1d9c17f754d30f1640a83287a1b9920ca671c0bc204f,no,no,0.5244595284864089,0,2
supply_chain_disclosure_best_practice_audits,tfidf_logreg,2,2,330,cde51c4232abd6a3d2b26f8ef8d8222f4018c74db11f9042f8d1f02d7b38d0ee,no,no,0.5037368316017461,0,2
supply_chain_disclosure_best_practice_audits,tfidf_logreg,2,3,331,319f9e927445f3d22c3c88b50343f05c4b5e9652ee4c548d6428c7fbfa6ddb18,no,no,0.5346602931902625,0,2
supply_chain_disclosure_best_practice_audits,tfidf_logreg,2,4,332,189c16c1e54172f9e82ad90fdfd5e678727d91bda7c553e141882e572dd268de,no,yes,0.5052270468146912,0,2
supply_chain_disclosure_best_practice_audits,tfidf_logreg,2,0,333,50bc448a6e56c7b8a2cc2d46b2f97fd9cb0e9d4e8d9c08464f7f83ce1087ca64,no,no,0.5025433249172058,0,2
supply_chain_disclosure_best_practice_audits,tfidf_logreg,2,1,334,1d40ab814671064c78b4e4b52104b7c67dd683a3660819cf3f84d9f8fb431067,no,yes,0.5004542886500655,0,2
supply_chain_disclosure_best_practice_audits,tfidf_logreg,2,4,335,616072472d0a990fbc711a6602843e35e185e74e6783dad5587dc1a74f7564b5,no,yes,0.5112296836152359,0,2
supply_chain_disclosure_best_practice_audits,tfidf_logreg,2,3,336,4b44ec066ecab4f9d6bf9bd182434dd023a65373af82a4b71049e0e039377bb5,no,no,0.5538786926760679,1,1
supply_chain_disclosure_best_practice_audits,tfidf_logreg,2,1,337,f75e522355c0c0d4675648d8939f58f0ec9be70cb95841db451b5e375c1a89e0,no,no,0.5398738622216616,1,1
supply_chain_disclosure_best_practice_audits,tfidf_logreg,2,4,338,fa6b3e76ad96618009ffc2f157f3ca4d543344f3dc774b60cb2107497173bbb2,no,no,0.5042206180784191,0,2
supply_chain_disclosure_best_practice_audits,tfidf_logreg,2,2,339,4a0ff924d0af0c575b3be2e72b34334f61fac916dfdeef18d4d8b2786d5a055c,no,no,0.5095229259754595,0,2
supply_chain_disclosure_best_practice_audits,tfidf_logreg,2,0,340,a2c3a52ee094219ed5814abd08612de2476dc3c07d49af67be0302a80c6214d6,no,yes,0.5345815795219607,1,1
supply_chain_disclosure_best_practice_audits,tfidf_logreg,2,4,341,95fc1e387da1c2ef3c88f6b5a13bd043d0bcb9d99736badacc5810f4e69f6ead,no,no,0.5202609074274152,0,2
supply_chain_disclosure_best_practice_audits,tfidf_logreg,2,3,342,890c6a25c312a4255ede6c1b5569bef48435d8858fb1ad26a3a541896113f791,no,no,0.5791598883219814,1,1
supply_chain_disclosure_best_practice_audits,tfidf_logreg,2,3,343,1d04a8b5ec608d80d692c827ee93b276d14a3b5ce3ce5e5d38c1f64046ca2164,no,yes,0.5455681209408839,1,1
supply_chain_disclosure_best_practice_audits,tfidf_logreg,2,3,344,5b2dad8f75d721ee621a1a59f7a9a94122fc51b61d681720d8f6feb20955f873,no,yes,0.5259443393704459,0,2
supply_chain_disclosure_best_practice_audits,tfidf_logreg,2,4,345,4742b083f9d4160e57ed034142afeb23e254b242fcf6a61c5610897189c37d0d,no,no,0.5063483118798465,0,2
supply_chain_disclosure_best_practice_audits,tfidf_logreg,2,3,346,b33ee53ceb9352753d8eed3360ba28d8c47838544e26df87b06b0629f85abbc7,no,yes,0.5463089501376681,1,1
supply_chain_disclosure_best_practice_audits,tfidf_logreg,2,0,347,a691807189c6dff4664d336078a034a8af9d49c86e0f4379c3c0d5ca80cd47a0,no,no,0.5074219663921731,0,2
supply_chain_disclosure_best_practice_audits,tfidf_logreg,2,0,348,03916a7e2107458575027c95858e95e02f45009f5bcecbbba957af619f214e96,no,yes,0.5037805348930373,0,2
supply_chain_disclosure_best_practice_audits,tfidf_logreg,2,2,349,337eac86a7ed305d725b924b7de373c3d0504a440bba1405decf7be11c2b34a9,no,yes,0.5249924050927821,0,2
supply_chain_disclosure_best_practice_audits,tfidf_logreg,2,2,350,4bc5542025350d91bbe713d5ef7111c64ee186faec13989fbff30704352647b7,no,no,0.5138366626632465,0,2
supply_chain_disclosure_best_practice_audits,tfidf_logreg,2,2,351,7c74070fd3590918c058469fa3c201147083b789e575edc07df20c082a180302,no,no,0.519782336246924,0,2
supply_chain_disclosure_best_practice_audits,tfidf_logreg,2,1,352,d0664eb101108ed4106770b8ccbb1a8919975cf2aad682315cd97a0b5eeb99c8,no,no,0.5115722056826115,0,2
supply_chain_disclosure_best_practice_audits,tfidf_logreg,2,0,353,c60dd149ee7c246d148509fae225b586775c8507972ab1eabbf727c5f8e7c79f,no,no,0.5003426405370672,0,2
supply_chain_disclosure_best_practice_audits,tfidf_logreg,2,1,354,28e5e89e983fe11d4fe513af1d2e124be02e54440e1013f26e37f42a95fae74c,no,yes,0.5073946104358712,0,2
supply_chain_disclosure_best_practice_audits,tfidf_logreg,2,2,355,be342d0ba3afd69f4b1ed982cddc42bdd2bc8627333f859b23a80eefae95323b,no,no,0.5006242753094627,0,2
supply_chain_disclosure_best_practice_audits,tfidf_logreg,2,4,356,b1a10b2ac1ff6205d95bf78c935c9e215fb3e7febd37a5c41c5f6a90a71b8321,no,no,0.5123080315865071,0,2
supply_chain_disclosure_best_practice_audits,tfidf_logreg,2,0,357,583b8ebb8255f9589f012b68d1273468b40591ee99033e845869c2c21f2aebe1,no,yes,0.5109495901495441,0,2
supply_chain_disclosure_best_practice_audits,tfidf_logreg,2,0,358,1893fb2f00cc58f4377a2868cc85f79105500067ec465ee406df6811a2ba6fab,no,yes,0.5348984428486465,1,1
supply_chain_disclosure_best_practice_audits,tfidf_logreg,2,1,359,82a8133be0fa802002cb741817aeefae6af67d1b167f8d2597832bea8b4bcae2,no,no,0.5038426414217503,0,2
supply_chain_disclosure_best_practice_audits,tfidf_logreg,2,3,360,6330f93d46deabef60b77631dddbd90916bf329a1274ab475af4034e0414e801,no,no,0.5280272684541232,0,2
supply_chain_disclosure_best_practice_audits,tfidf_logreg,2,2,361,a755105d219ad2c94dad6fb3e687221d0988b19734b874d618caee0c39428703,no,yes,0.5169846987265584,0,2
supply_chain_disclosure_best_practice_audits,tfidf_logreg,2,1,362,1ae6dcfd7fda95f910cd66b4dadbe426f4d4f3805170498ffc16446a4b816227,no,no,0.5049953647695076,0,2
supply_chain_disclosure_best_practice_audits,tfidf_logreg,2,3,363,6005d637aec6968fd09b9156f9c4b42cea3ea4cf5711a412c8199a74e6b0da6d,no,yes,0.5050501000475531,0,2
supply_chain_disclosure_best_practice_audits,tfidf_logreg,2,4,364,e22eb40d5a0e35ac139d6625ba9fe83b5d9cc62fe73344788c6fbf34601eb66e,no,no,0.5017122028920415,0,2
supply_chain_disclosure_best_practice_audits,tfidf_logreg,2,2,365,b0ca0d813fe62b540b47121478904fe14e2847113e1093363f19f3c530ffd780,no,yes,0.5230173026477695,0,2
supply_chain_disclosure_best_practice_audits,tfidf_logreg,2,4,366,126cf937cb1a759c366b806643329bf0d1541ae8cc5d4d3ab1291fab336e0e2f,no,no,0.5141447765390239,0,2
supply_chain_disclosure_best_practice_audits,tfidf_logreg,2,1,367,b3ba7ed6334a095408711307b7b6d765a247957b2d8cf2c3fb74aab1848d4478,no,no,0.5018374105507178,0,2
supply_chain_disclosure_best_practice_audits,tfidf_logreg,2,2,368,42252d18326239ebb7a4bd9a369d958b552ade3a81818a7b33b5c7a254186386,no,no,0.5098859285495925,0,2
supply_chain_disclosure_best_practice_audits,tfidf_logreg,2,4,369,1d8ec0aa2dde44562bea9e56edd84aafdefd120268eb03e844526b3528ccc5fb,no,no,0.5258121014579551,0,2
supply_chain_disclosure_best_practice_audits,tfidf_logreg,2,3,370,d62cebfdc280570fae7895fb04d0666af038f0325c877e2bf486cc8aab9b741f,no,no,0.5079146260734245,0,2
supply_chain_disclosure_best_practice_audits,tfidf_logreg,2,3,371,18b3aa7da2676a92694698ba51e9d1406f32f4d2e6a4f456717df617b747dc27,no,no,0.5999809140896167,1,1
supply_chain_disclosure_best_practice_audits,tfidf_logreg,2,3,372,d2101f76c6dfeb150215dfc3c747d278ed02b68c118346418eff466ec7e58111,no,no,0.5353814276433448,0,2
supply_chain_disclosure_best_practice_audits,tfidf_logreg,2,1,373,04ab2f27eec1c522ad9e668f4c68200eeab67868264dbf343658dc8d9a1c8f45,no,yes,0.5034520663348827,0,2
supply_chain_disclosure_best_practice_audits,tfidf_logreg,2,4,374,98d820923bcd03faee2d85e8d8a5a6c16f2d445795a1c658130203c5766b0497,no,no,0.516625816893213,0,2
supply_chain_disclosure_best_practice_audits,tfidf_logreg,2,3,375,f712982ec8f374fc723b5aee46de82200f2a4f333ae3e6fb45e1aecd1916c30d,no,no,0.5062787304661622,0,2
supply_chain_disclosure_best_practice_audits,tfidf_logreg,2,3,376,d56330358a4f915da1d08b99375ace062ef622d4a645a2c4476474c8a6303f10,no,no,0.5569516416961553,1,1
supply_chain_disclosure_best_practice_audits,tfidf_logreg,2,2,377,1b424930328a00849ed3e051ff08961ed0d9abdacf308421a660728083fa9062,no,yes,0.5293439376700135,0,2
supply_chain_disclosure_best_practice_audits,tfidf_logreg,2,3,378,e08f36d3835ba4da0d6cb67088f631323be5705467f895cfcf7cacab604f8d65,no,yes,0.5187173480802316,0,2
