task,candidate,repeat,fold,item_idx,text_sha256,gold,pred,p_pred,kept,set_size
learned_hands_consumer,embed_large_logreg,0,2,0,a379a87ff3cdf868abd2168b8f7f1448c858c1c0293a0324128a1f9795c2495c,yes,yes,0.9504197239875793,1,1
learned_hands_consumer,embed_large_logreg,0,3,1,191f0937cb2c89fc2ee6de2cf962022796a21348bccce723e58dff5138f4aa85,yes,yes,0.7133318185806274,1,1
learned_hands_consumer,embed_large_logreg,0,1,2,23e415128308be018936edfbe782216c59135a5373afcc67391ab30b99e4fab4,yes,yes,0.6048360466957092,1,1
learned_hands_consumer,embed_large_logreg,0,4,3,d020ae25740133b72d326d57b58504372281f70e6def4d5a95655465a0e91468,yes,yes,0.5903549194335938,1,1
learned_hands_consumer,embed_large_logreg,0,1,4,7505269b5e689b850bf04d86c3aee556710bf7ed7473e80bb32cbf4ef909b78b,yes,yes,0.7314457297325134,1,1
learned_hands_consumer,embed_large_logreg,0,3,5,ebbf5dce638a03352aa5ce9e76ea526855fc19fe426785e9d74da0b972447b56,yes,yes,0.6180539727210999,1,1
learned_hands_consumer,embed_large_logreg,0,1,6,3682fd0cb52ef152a5e499e4441ac3d86a735973de9e3062a809fc58d80f083a,yes,yes,0.633836567401886,1,1
learned_hands_consumer,embed_large_logreg,0,2,7,a1352482ea4516a24b594ccbf2ed311516cde0785a8edf4e41b8b20657074dd8,yes,yes,0.8537537455558777,1,1
learned_hands_consumer,embed_large_logreg,0,3,8,5655b74e200dc643bf62729b26c6760f786b1d110abd671cd8122c5d567f2846,yes,no,0.5715014764219083,1,1
learned_hands_consumer,embed_large_logreg,0,3,9,30f3878dfeeec4bffed1d8ed0fd2feaa3165fc8790712d0e6c993ba632a91571,yes,yes,0.6261918544769287,1,1
learned_hands_consumer,embed_large_logreg,0,1,10,ff770b8fb5998da87b58b103e84a37ec674949fd2d8708f87b7aa392185f98be,yes,yes,0.6899353265762329,1,1
learned_hands_consumer,embed_large_logreg,0,0,11,025030168186d6dca4ceeb0def0c282fcd27d1c293abe1a0d6f41c0ae9ae34dc,yes,yes,0.5820280909538269,1,1
learned_hands_consumer,embed_large_logreg,0,0,12,241960fe59164730ab7f2221e78ff75ddf5d07ef6b0c664c078d091bc787b69c,yes,yes,0.5788309574127197,1,1
learned_hands_consumer,embed_large_logreg,0,4,13,ce32ef1dbe79dfac3d0eec018d4e7404296ad6ab06b519aef7132243fecc9c2e,yes,yes,0.5072833895683289,0,2
learned_hands_consumer,embed_large_logreg,0,0,14,3a9f35dbcf5d11d5980a668dd0ac8a317654d4e4f8ee28518fa931a589f5ed3d,yes,yes,0.5411093831062317,1,1
learned_hands_consumer,embed_large_logreg,0,0,15,62ffb1bca214412111ca15a5cb79aed8c39b77ae8e4a9734a85ca66376cdf151,yes,yes,0.5664547681808472,1,1
learned_hands_consumer,embed_large_logreg,0,1,16,74157c44430c0b4b913dbef04b5bcc2e60d6786f1fce50cbd1fb74740cbfcbea,yes,yes,0.6153357625007629,1,1
learned_hands_consumer,embed_large_logreg,0,3,17,2dcefce119cd3d52ce0b2dd55dba49a2d705592c989511a60ca5ff2fa62bd783,yes,yes,0.7198083996772766,1,1
learned_hands_consumer,embed_large_logreg,0,4,18,e4b36f1dffe74a33bc589ff139dca6b75d8c5d7bd1414fcbe7ff483736a80e24,yes,yes,0.5338639616966248,0,2
learned_hands_consumer,embed_large_logreg,0,1,19,eaecc316a32deb54a2e35ad55d5930bded5cb828eee671ec1a4d6c298e93f0ea,yes,no,0.5581309629043649,1,1
learned_hands_consumer,embed_large_logreg,0,1,20,ed6f10e3e2d4af3a7f61f4ac8ca3c539ade9d2b7250defd67063ea3a59ec18c9,yes,yes,0.6619330048561096,1,1
learned_hands_consumer,embed_large_logreg,0,3,21,8770b696e9d75ce623853da32ab9c2fc409af163cb781c02986c01c726cb8581,yes,yes,0.5675949454307556,1,1
learned_hands_consumer,embed_large_logreg,0,4,22,5f6fe96a0c85f05ef1bd1209d12d8a5da80ec0b8df76281b71b291bb0bfe1477,yes,no,0.5057024805038428,0,2
learned_hands_consumer,embed_large_logreg,0,0,23,db86e2ed5ca09bd43e5c1153206c84ac6670851f84c6f0c29b6ccd1eb0deb1e7,yes,yes,0.5483649373054504,1,1
learned_hands_consumer,embed_large_logreg,0,3,24,f544e710a36c5f8952ea27c89f4b8d456410ad33abcdeff8bb5ab956f30c76bc,yes,yes,0.6919574737548828,1,1
learned_hands_consumer,embed_large_logreg,0,3,25,ffe0635de5f1a7973b85a3b70ea8e03cb5b1567c2d2995c39b15468f910920d7,yes,yes,0.7227616906166077,1,1
learned_hands_consumer,embed_large_logreg,0,4,26,1c5d518541a4c3c72210f1d1640f265a1ed467b09e8fd9920e0ced3c2a2e237f,yes,yes,0.6133279800415039,1,1
learned_hands_consumer,embed_large_logreg,0,1,27,847d90720ffa65caeed18bca722c31a7e6ad6690535571373c7cf5484024b4f1,yes,yes,0.5418402552604675,0,2
learned_hands_consumer,embed_large_logreg,0,2,28,826850ee19189639a241888830f2095a605677489c15835a9633e2a0b1ac6a64,yes,yes,0.8405753374099731,1,1
learned_hands_consumer,embed_large_logreg,0,1,29,8bf45813b8f64152745c4302a8fe3d28ad3a521ce8400337d150f52d7679c073,yes,yes,0.5960874557495117,1,1
learned_hands_consumer,embed_large_logreg,0,0,30,eab22a84a1d27762ebd956ab7c150792e31d45b69c081b1042ce94bb9f5db787,yes,yes,0.5708696246147156,1,1
learned_hands_consumer,embed_large_logreg,0,0,31,0d9289d67324c71b1a8459504ea7ea7d8593bc88c6baad910d98ae12b894b961,yes,yes,0.5394818186759949,1,1
learned_hands_consumer,embed_large_logreg,0,3,32,28de51fe26d760b562f7dd240c576dd29c1dcd24a3821f27045c03e1695ce0c4,yes,yes,0.6048241853713989,1,1
learned_hands_consumer,embed_large_logreg,0,1,33,6ce4033081e30de899b1011a4c082e82532b4c8f2afae23aed1a9b31dfb4eadb,yes,yes,0.6944725513458252,1,1
learned_hands_consumer,embed_large_logreg,0,4,34,fe949d0e8bb0a6f67a12ee28fec1d49ebc38d613057ddbd9e9742ce374e5a92a,yes,yes,0.5132967233657837,0,2
learned_hands_consumer,embed_large_logreg,0,3,35,c207ce030682bc8ba0e7590a8ef0dd99c16b1b16665aebc82ab525877c2593a3,yes,yes,0.528486967086792,0,2
learned_hands_consumer,embed_large_logreg,0,1,36,8ee486f22362d8e55009981db61b71a034a94793fc615ef6c369c92e25d8621a,yes,yes,0.5733386874198914,1,1
learned_hands_consumer,embed_large_logreg,0,3,37,bf327cac5ea3a5c8ae4b1fa4c6aa053fb3e0494255dfad320226fae0a94b91af,yes,yes,0.5898083448410034,1,1
learned_hands_consumer,embed_large_logreg,0,2,38,d5599f345f2efcc9997c702cf325c78c55c774947409f903377c2d84a3c8bc07,yes,yes,0.9572205543518066,1,1
learned_hands_consumer,embed_large_logreg,0,4,39,574fc09c7649af91d62597783fce341ddacfa64d9567f02c1c1d30d6a45410d3,yes,yes,0.5009334683418274,0,2
learned_hands_consumer,embed_large_logreg,0,4,40,46fe2b35c88c955d03ff315dfce3bb7c880b33d4409029f9ff6042df0194686a,yes,yes,0.5689790844917297,1,1
learned_hands_consumer,embed_large_logreg,0,1,41,f5d2007ecaaceed6f700b3e50cfa67215480af67ec2a87afea71cf1279ebec05,yes,yes,0.6637178659439087,1,1
learned_hands_consumer,embed_large_logreg,0,4,42,01f1c668540d25f929d2e86cf0c94ebff90e0049c2f9c72bd85b0e900e0d7495,yes,yes,0.5195335149765015,0,2
learned_hands_consumer,embed_large_logreg,0,0,43,1d86013431ea866bb8f9c95e610c8a4080348f326588f325da4a18706ada5429,yes,yes,0.5563889145851135,1,1
learned_hands_consumer,embed_large_logreg,0,4,44,bb18ab83285db7bc8dcf60f8a3ce1cdf2bd7debb099b953f662ddb9f8b38c2a7,yes,yes,0.5761886835098267,1,1
learned_hands_consumer,embed_large_logreg,0,4,45,16a3215ae403198891fd8dc9a2a417f75f8728d8e7141fcfef231668fdb5ab3d,yes,yes,0.5642321705818176,1,1
learned_hands_consumer,embed_large_logreg,0,3,46,4439bed3fc41d7b9c8ab09ef918fda1428dd5d823121216ce107959cb0dd4294,yes,yes,0.5735917091369629,1,1
learned_hands_consumer,embed_large_logreg,0,2,47,0b3c04d83b29cbb3a2e22807f4dae94c87c8f2b395036f54911c5754a4c47017,yes,yes,0.84609055519104,1,1
learned_hands_consumer,embed_large_logreg,0,1,48,22a293b5746bac59ac00ea57d239b6ac359d9156a1ec0715abd762c84fede43d,yes,yes,0.5953439474105835,1,1
learned_hands_consumer,embed_large_logreg,0,4,49,c4c2bad785e53ccb9b321d2c63b8faff89f92b5a2cdcf0736b057e7e8e719879,yes,yes,0.568744957447052,1,1
learned_hands_consumer,embed_large_logreg,0,0,50,014d339ae8d5fa4f98805d09f90eeeceed4b7762a40914f0ab3d4313182186bc,yes,yes,0.5852245092391968,1,1
learned_hands_consumer,embed_large_logreg,0,2,51,e7c14e7458d8da99796ba9c88de59853c6a65ab37d90d24358671b503b06100a,yes,no,0.5914087891578674,0,2
learned_hands_consumer,embed_large_logreg,0,0,52,fc726439af49d4188b72ee0e9adc0c39a6dd739d7612fcaa8485f57a5706e876,yes,no,0.5067023038864136,0,2
learned_hands_consumer,embed_large_logreg,0,4,53,eec25d963cdf3c5408e24c25c1ec3ce4c8b7063821931ad7747c587b4dd8f3ed,yes,yes,0.5118573307991028,0,2
learned_hands_consumer,embed_large_logreg,0,0,54,dcae1fbe99948ce3f328592769d0490ed52f89cb9a04fb61ed7eb8f822e0ef89,yes,yes,0.5460183024406433,1,1
learned_hands_consumer,embed_large_logreg,0,0,55,ec7dbe0d74d55de6c88312082e78da6a9a98966b97acf9fa7c9d9202b2fcbe6d,yes,yes,0.6083704233169556,1,1
learned_hands_consumer,embed_large_logreg,0,0,56,d8912fee3a18d2f57b6bb3a91a58414523442ec0294398e0adbd9fa8b241b33b,yes,yes,0.5500085353851318,1,1
learned_hands_consumer,embed_large_logreg,0,0,57,f87c51747534d2868b590819e8df1acd5dbdbe3015ba30f49aa700ccfaff8b97,yes,yes,0.5436272621154785,1,1
learned_hands_consumer,embed_large_logreg,0,4,58,aaf2efb2b98403731588f69a234f9628c7cf0a6e41dc5e4d493bf3cc98491abd,yes,no,0.551378071308136,1,1
learned_hands_consumer,embed_large_logreg,0,3,59,8401deb1d2cdca16e4beb605dc74617b796161236d4fabf6b119671c60390e46,yes,yes,0.6711840033531189,1,1
learned_hands_consumer,embed_large_logreg,0,4,60,0141cccd8167fda3a53db3bc8a9c9de38ab73039aee125ca5d456f83efb3f060,yes,yes,0.575012743473053,1,1
learned_hands_consumer,embed_large_logreg,0,1,61,9539303909111ff48458f893819b6c4d82471c51d35262c48791eb4281d5a6fc,yes,yes,0.6193878650665283,1,1
learned_hands_consumer,embed_large_logreg,0,4,62,0d9042d456d2e30348acf77b2105fef878d17d0c8ce75d13775d81f13023733b,yes,yes,0.5982200503349304,1,1
learned_hands_consumer,embed_large_logreg,0,1,63,d351e0b84bda59ef89f0bf473a631f614d498349dffaab3bb47d4611faad2257,yes,no,0.5346682071685791,0,2
learned_hands_consumer,embed_large_logreg,0,1,64,087225dc844ed506b918ed1ed8cb4919b62e15999a35bc72ef5f3e438535329d,yes,yes,0.6249281764030457,1,1
learned_hands_consumer,embed_large_logreg,0,4,65,8cc2e66174e528599835446e6f69bf213ec59da343e4da74a215a2d7e47df358,yes,yes,0.5534572005271912,1,1
learned_hands_consumer,embed_large_logreg,0,3,66,10c9dca4735480772f9fa371b9c9695f8d7449b8c64df6abd309125cc20b2e6a,yes,yes,0.665656566619873,1,1
learned_hands_consumer,embed_large_logreg,0,2,67,4e9fb39ce82c9a0c8db9edda73b0a08dbe1fee6bde6735bb0599991149c9cceb,yes,yes,0.9174784421920776,1,1
learned_hands_consumer,embed_large_logreg,0,0,68,6a7e6c881869b757c8e7d36f73f227b987ce5b3ad9363a56d200edfa24ffcded,yes,yes,0.5860291719436646,1,1
learned_hands_consumer,embed_large_logreg,0,2,69,7599dea223674f198ca8bd7b449a8b363e958ee58ead42c5f7026c558eac1915,yes,yes,0.8125756978988647,1,1
learned_hands_consumer,embed_large_logreg,0,0,70,7f224054d39f18cdd6646ad519ae236db20d9acc51e2a2366bf146920bbd208f,yes,yes,0.5916959047317505,1,1
learned_hands_consumer,embed_large_logreg,0,0,71,96ea4d954d1b6446c71d74a769dd614b7dcf83261e50056d6e62e7ca102d5401,yes,yes,0.5602378845214844,1,1
learned_hands_consumer,embed_large_logreg,0,4,72,3defdb305691fca997369ad61eb4c2cc9ad5737f73633b9997bca6b3b68dbc70,yes,yes,0.6176731586456299,1,1
learned_hands_consumer,embed_large_logreg,0,4,73,ea88a64bd77d6c33327a9e3a56bdeab16edfcc94d3ad1f6c811e233e9cf1a4e6,yes,yes,0.5264957547187805,0,2
learned_hands_consumer,embed_large_logreg,0,3,74,1cb2a54d0c572842c9666556b4f9d68ac569dacc5ff14c26a9deb40b00297490,yes,yes,0.5600031614303589,0,2
learned_hands_consumer,embed_large_logreg,0,0,75,3145ed790491a1b21c800dff9616114d2f77be8dbdbc044f4fcf7b15608d7aeb,yes,yes,0.5669554471969604,1,1
learned_hands_consumer,embed_large_logreg,0,0,76,bc58560238d37dd7bb637d6eed992896abc2e8646e56eb8dac0dd8bf4106576a,yes,no,0.5052353294263878,0,2
learned_hands_consumer,embed_large_logreg,0,1,77,9a5c75e417971c21fe00a89d52819a28a8d393fb332863c7f844a2f728e1aa47,yes,yes,0.6484417915344238,1,1
learned_hands_consumer,embed_large_logreg,0,1,78,7effc09d90b5d4a003218cec4356f0109765847fec64e4393bdf14682528fc56,yes,yes,0.6377667188644409,1,1
learned_hands_consumer,embed_large_logreg,0,2,79,bf7fab3a472a85fba5cacc610acd4ae413064fb5929efe63047e35beca2837f6,yes,yes,0.7749840021133423,1,1
learned_hands_consumer,embed_large_logreg,0,0,80,b9fec9f38f97749033ecb64442eb36f3ee2e3a80cd28ded964ba3b542608ed08,yes,yes,0.6030834317207336,1,1
learned_hands_consumer,embed_large_logreg,0,2,81,a86e6ca3f4d275c0420ca0ee4600f15f0b78e34c43b877bb58dfb44c56f07ad2,yes,yes,0.93889981508255,1,1
learned_hands_consumer,embed_large_logreg,0,2,82,e2dda0a5ede9ada6a285c131669076df0764c2b88c1c2001ae078a17d88fc168,yes,no,0.8666741589702917,1,1
learned_hands_consumer,embed_large_logreg,0,2,83,9d3a029d590c2c8aecbc4df458d911be15fcbef421678b9ef52d1281119ef933,yes,yes,0.5485246777534485,0,2
learned_hands_consumer,embed_large_logreg,0,3,84,0a86c2677e444a84373fb5de0aa2e100762432bf73d0ed3e92ef3f2f584504eb,yes,yes,0.6927225589752197,1,1
learned_hands_consumer,embed_large_logreg,0,3,85,edf4479c78e0f0664620607e8ab699c2cf70b3f949ebe5b6e2a5e65f56f24fa0,yes,yes,0.6979864835739136,1,1
learned_hands_consumer,embed_large_logreg,0,3,86,a446c13b6a95e774dc7f399a94c473901184d9172d42d8f4db7362cdb059e191,yes,yes,0.5275447964668274,0,2
learned_hands_consumer,embed_large_logreg,0,3,87,90d67e6b76ef21ed8c1dc58bfbdcc24aab8e1dd728ebdafefc643a1e3c6bc74c,yes,yes,0.5998677611351013,1,1
learned_hands_consumer,embed_large_logreg,0,1,88,e0f88567e0733cdaf8c918330d9139891158680d5be3cc3fc4577a4e79c67cdb,yes,no,0.5205111348476668,0,2
learned_hands_consumer,embed_large_logreg,0,2,89,4c96db2e33b6cc4900b1f80e86334c0d0f97a10b76baf6a5fac96558a449fa07,yes,yes,0.7831765413284302,1,1
learned_hands_consumer,embed_large_logreg,0,3,90,08c27d740cbffbaf24d70ad9cc2f4538941c1e7ccba03ba15eacb0c43fe8f6a3,yes,yes,0.6601563692092896,1,1
learned_hands_consumer,embed_large_logreg,0,3,91,123e686fd8c78b602b0952ee8aacebb8f2a451c8d2c2f716072c6c0780e88a8c,yes,yes,0.5905897617340088,1,1
learned_hands_consumer,embed_large_logreg,0,4,92,61088df3abd8799b2cb0b2a50547fabab33f53e711b6bf0e51ad8eee1f9886f8,yes,yes,0.5447577238082886,1,1
learned_hands_consumer,embed_large_logreg,0,2,93,245581fd1773d7336f3fbd519ea0ad635746b96c3ef3c64c77d8fe969f404345,yes,yes,0.7991010546684265,1,1
learned_hands_consumer,embed_large_logreg,0,2,94,0935c35b8f85a7acb661025d20f4077750c9420cbe5f2d6cb6c1f5e62a4cd9fc,yes,no,0.5719694495201111,0,2
learned_hands_consumer,embed_large_logreg,0,3,95,8b2b428ed3082708aebc90d3e95493d6b01fab537f0107c5604932ba617141c5,yes,yes,0.6057124733924866,1,1
learned_hands_consumer,embed_large_logreg,0,2,96,46b3b836673160a90a211860286b914eda2a3ef85f0eb63bd10cacc7ea5f0f02,yes,yes,0.9180873036384583,1,1
learned_hands_consumer,embed_large_logreg,0,1,97,8c8ab92472440d5e8d77d4f562ff2df1e24f26dbf33e2f219ed51d9ffe2ed9e8,yes,no,0.52131587266922,0,2
learned_hands_consumer,embed_large_logreg,0,0,98,f84ae3cfea6e268f60d53f2fc2105cabc35e7c1bc60594c254b8a5b9ebb95c52,yes,yes,0.6250277161598206,1,1
learned_hands_consumer,embed_large_logreg,0,0,99,5a061ea8f86d69941bb8f010a9102517e2e50e8a6e7f043b2a65a9beeb5b2a5a,yes,yes,0.5927338004112244,1,1
learned_hands_consumer,embed_large_logreg,0,1,100,a0b66eb40941e4afabf26cc61164bd17ae4b404900827ee613063156c3fcf1f6,yes,no,0.5469570755958557,1,1
learned_hands_consumer,embed_large_logreg,0,3,101,d69eab546563939e27e3b5c4bf71ed21aa8c08a685f2dc211a8611a8734cdaac,yes,yes,0.562959611415863,0,2
learned_hands_consumer,embed_large_logreg,0,0,102,13c1947392729839a6ef7e019584b3baf576db1a026c6cc363f97f9be6b55b7d,yes,yes,0.5383049845695496,1,1
learned_hands_consumer,embed_large_logreg,0,0,103,2db3f4de10f8e3c93f180c1cec9ec1036a8cfb696152a003910f4876349b5563,yes,yes,0.5976170897483826,1,1
learned_hands_consumer,embed_large_logreg,0,3,104,9d141e84a47e429ebf8c9be15a716519a789f6ecfe2635d6742bcc1589887b61,yes,no,0.5369289517402649,0,2
learned_hands_consumer,embed_large_logreg,0,4,105,f2b40bc0dd711fca9b42c004ced8b6a7f8400023cc7f44239caee4f44359dde4,yes,yes,0.5009535551071167,0,2
learned_hands_consumer,embed_large_logreg,0,3,106,d5dcc520e7691c72d4f4bcf6d67cfa74c856d631a5a6c4904f730332b192f920,yes,yes,0.584418535232544,1,1
learned_hands_consumer,embed_large_logreg,0,4,107,da0684c959dcca3dab601174a68db1954a8db19f75ad96cecdb7b9319c828539,yes,yes,0.5139110684394836,0,2
learned_hands_consumer,embed_large_logreg,0,0,108,0e7608581b6f65860575a915b9e6d3ea3ba463ac7392a783effab47b7c6ed2b6,yes,yes,0.5598294138908386,1,1
learned_hands_consumer,embed_large_logreg,0,2,109,3b14007f0368858c49628d89f7a4ac4e05912114c121069f929f093267da692c,yes,yes,0.7263430953025818,1,1
learned_hands_consumer,embed_large_logreg,0,1,110,83a75ee006bb31d8db282260e075860f781be2246f81074adfc047c6debba47d,yes,no,0.5374486286208442,0,2
learned_hands_consumer,embed_large_logreg,0,3,111,d140e8b5cef58e3c07015a3be1003d6d67dda0e1681f40a4b5b23a3a143236ea,yes,no,0.6746891938057301,1,1
learned_hands_consumer,embed_large_logreg,0,3,112,fb04a608b72b2b2e616ef5e9aa6ca1fda0b73c81a00bd51339a60f7ebb9349f5,yes,yes,0.6351288557052612,1,1
learned_hands_consumer,embed_large_logreg,0,1,113,5ebb5e29b015223682853139344a5e2422b009ed368ed22452f4ebe96b314797,yes,yes,0.6668382287025452,1,1
learned_hands_consumer,embed_large_logreg,0,0,114,7e315bac1e39325f317709b5955292bc75939640e3b8f10ba3c11050930647e1,yes,yes,0.5861337780952454,1,1
learned_hands_consumer,embed_large_logreg,0,0,115,0d7f2c826f6a0fc0a9404989d5d4b5cc6d7f2f516c1f069e5bf8d31ee7e817dc,yes,yes,0.5668158531188965,1,1
learned_hands_consumer,embed_large_logreg,0,1,116,7e75b01067a2ec4ca8c403b389118d896ccf66db535b144a3c54bc98c1c2e246,yes,no,0.5166789139306869,0,2
learned_hands_consumer,embed_large_logreg,0,1,117,a3e66362096eb8059a216e47a87cdd7f3f944d1ccbc606f30cfbe1cc424e0594,yes,yes,0.644263505935669,1,1
learned_hands_consumer,embed_large_logreg,0,1,118,d3308da62008ec5ef18494df94f73a4585ed31e1c8e69ccc9e25e76cb56d42a0,yes,yes,0.6612558960914612,1,1
learned_hands_consumer,embed_large_logreg,0,4,119,e07a44cb806545635aac341cc0946afd7d71c3619844a0ec08545160df03cbdc,yes,yes,0.5560752749443054,1,1
learned_hands_consumer,embed_large_logreg,0,0,120,aedceca2ca38055764eb4ff944a3a150057788281d1c3739f5e785db00a9e719,yes,yes,0.5211179852485657,1,1
learned_hands_consumer,embed_large_logreg,0,0,121,ca458586d811f25c02f1f39cf55f75b65071bd2ddc79fd97b0d5be9eb8e5312c,yes,yes,0.5933440923690796,1,1
learned_hands_consumer,embed_large_logreg,0,4,122,fce48e30fc0ea1058c42d4b4e3fc772fdd46a3060633bca5f371f122fc5aaef5,yes,yes,0.5854191184043884,1,1
learned_hands_consumer,embed_large_logreg,0,3,123,02bd80d2b643617360d685b497986a8637dc26275c2ea6a626b69de253d164e7,yes,yes,0.6026278138160706,1,1
learned_hands_consumer,embed_large_logreg,0,1,124,af3d9c10fbb3296fa6a040f3015c474aaa8ae09177f6fe2e775fee3e584f996d,yes,yes,0.6045874953269958,1,1
learned_hands_consumer,embed_large_logreg,0,0,125,73e4bc727ab5dd4600aa1647320d964c9a52dc7767744c8d074cebcd901f6c05,yes,yes,0.5065920948982239,0,2
learned_hands_consumer,embed_large_logreg,0,3,126,0bdb8221f4d44b38dc8782e0b56035bbdd3a7e6fc2df17d22f1a5c863bc46075,yes,yes,0.7384695410728455,1,1
learned_hands_consumer,embed_large_logreg,0,0,127,90fe4003a641d7cd2ed6a00150556d083b23fe1e24e75ebb94ecff4d843c77e2,yes,yes,0.5554200410842896,1,1
learned_hands_consumer,embed_large_logreg,0,0,128,155678c2832cdf4702db15b523f143f1ac784cffcaf58c1a1dfe33a97611eb8e,yes,yes,0.5827929973602295,1,1
learned_hands_consumer,embed_large_logreg,0,4,129,aec3c6407d02ce2d3b4abd591e08891c236a8a8989e7ad72020a4b7b777fea78,yes,yes,0.5082011222839355,0,2
learned_hands_consumer,embed_large_logreg,0,2,130,1f2af78776193434b3d71d59e47e0a24bc7439537dae7643126e174f05f8a690,yes,yes,0.7987922430038452,1,1
learned_hands_consumer,embed_large_logreg,0,2,131,ac3dcaa7b7faf827da8c14b3bfd03c0f8d36bbd129920232b5775c57ebee5322,yes,yes,0.7178827524185181,1,1
learned_hands_consumer,embed_large_logreg,0,4,132,8de39616285bfb13eac266c45a5691cad8963031bb495c5ffff384303ac2e317,yes,no,0.5144352316856384,0,2
learned_hands_consumer,embed_large_logreg,0,2,133,df7cebc19279cc1176c76578d13d5634b4ee220d4093d6b4e048fd1f74811db9,yes,yes,0.8311061859130859,1,1
learned_hands_consumer,embed_large_logreg,0,3,134,b5412b723d0181549110fa8dd79485fa5238dbc7e264272da705dfe9c7f066a8,yes,yes,0.6728612780570984,1,1
learned_hands_consumer,embed_large_logreg,0,3,135,e802649c8e6be5fbdc4e7ec755757e95ba836ac949c022f0081c1fcb1cfa00b0,yes,yes,0.7228291630744934,1,1
learned_hands_consumer,embed_large_logreg,0,2,136,a039dbd9f0510ac6f66d44c60f9a5f5a5d5c76093f00e693801d2fc80d54f7a9,yes,yes,0.9489554762840271,1,1
learned_hands_consumer,embed_large_logreg,0,2,137,9cca62662bba01723eb2a9aa094821e1675b7ac525fe30fc042f3dcaac3e2727,yes,yes,0.8756187558174133,1,1
learned_hands_consumer,embed_large_logreg,0,0,138,dfbc47fb61799a0472fbf92d48b36eeb2584ccc63a3185c2d61a51c1537f7c92,yes,yes,0.5600187182426453,1,1
learned_hands_consumer,embed_large_logreg,0,3,139,6cb9e80497686772c38151ef29f0b998c3911fa46f4ae26dcb0677863d1c3bcd,yes,yes,0.6156312823295593,1,1
learned_hands_consumer,embed_large_logreg,0,2,140,bfc4a30870f9292a454f9471c16d25b3199ec05b80dafc98a9d6c50897c1b47e,yes,yes,0.8631570935249329,1,1
learned_hands_consumer,embed_large_logreg,0,4,141,078b717fbab45038fcb94864d32f33fa6d71d9664570dfe04661869f23314833,yes,yes,0.5998146533966064,1,1
learned_hands_consumer,embed_large_logreg,0,0,142,0242758b0d09920c367a96d4d60f74cb970f86cfb3bbf7bc54aa2a69703b17c8,yes,yes,0.5803074836730957,1,1
learned_hands_consumer,embed_large_logreg,0,2,143,51eef95bf47218140683c3e1b4135ffc3d540ca426dbe552c2809dc445d5b483,yes,yes,0.5631400942802429,0,2
learned_hands_consumer,embed_large_logreg,0,2,144,af4b353687f267cf4811370b1167f39f3acb12a476ab7569d5711f61e7cc5c99,yes,yes,0.9036584496498108,1,1
learned_hands_consumer,embed_large_logreg,0,4,145,a5b77622968be2023f42d12cc8cdb98fdd05731d5ff1f331c0c61cddcdd016ac,yes,yes,0.5056241154670715,0,2
learned_hands_consumer,embed_large_logreg,0,2,146,483af7a4cce5458979f9fde28f5d38cf96c6b318f56cf5b8bb7fef01baeda51d,yes,yes,0.9145165681838989,1,1
learned_hands_consumer,embed_large_logreg,0,2,147,5b013d7731839bf2ba2c52bac900167561f691d205c1198ffe872747858115ab,yes,yes,0.7899611592292786,1,1
learned_hands_consumer,embed_large_logreg,0,4,148,1403a0476f3fcec8b1a48e6f1fceb06a2aeabd9f5de4f53ac7e2f29a80fc3d02,yes,yes,0.5201425552368164,0,2
learned_hands_consumer,embed_large_logreg,0,2,149,7153d24972b2eb3c082ba9cc58a892af969f2d9524022190bec282710d252b55,yes,no,0.6636776328086853,0,2
learned_hands_consumer,embed_large_logreg,0,3,150,a6e1cfe1a1c58fdb1b4033bef127bdc12ad083d8029c91cf81e74fbc997b44c2,yes,yes,0.656132161617279,1,1
learned_hands_consumer,embed_large_logreg,0,4,151,c48f7444249fe7386aac1fa49a56e450eebc70c640262a5fc2cb2864d62c7b62,yes,yes,0.563997209072113,1,1
learned_hands_consumer,embed_large_logreg,0,3,152,7223ee95c7eb5aab471c9b1426c035d3d751646abf3a01dd2380366fa55c1fb2,yes,yes,0.6833219528198242,1,1
learned_hands_consumer,embed_large_logreg,0,1,153,8b857fa596fd194124387876667280b614e479625bc9d05d958f3b90514c2e9d,yes,yes,0.5952048897743225,1,1
learned_hands_consumer,embed_large_logreg,0,1,154,6f137236864a4da2299f6341085a62e5e2e0466add7aa8eca3ff5f315633bbdb,yes,yes,0.6857559084892273,1,1
learned_hands_consumer,embed_large_logreg,0,0,155,038e3005ce9b5b1cabf2220d9f9b068ab3289de326b9c0466e84286f1cb69bf9,yes,yes,0.563001811504364,1,1
learned_hands_consumer,embed_large_logreg,0,2,156,7b67a7b2e80fc8b9473186823a7570203fc746e03e40493d174446237de3bcec,yes,yes,0.7930505275726318,1,1
learned_hands_consumer,embed_large_logreg,0,0,157,9d82c554b4b00bd2ead020ff98bb6fcdee7432665a797346eb3d3aaf490d0d12,yes,yes,0.5782439112663269,1,1
learned_hands_consumer,embed_large_logreg,0,0,158,da85c2e88f91544acd0359c5ccd69c2b4f902d093ceb8cb12767a778944fbd7b,yes,yes,0.5511274933815002,1,1
learned_hands_consumer,embed_large_logreg,0,0,159,a34040f6644b50bc824adc566e6d6428d7b05ca16c8ee39f0af4b1b9f5601f2a,yes,yes,0.6043730974197388,1,1
learned_hands_consumer,embed_large_logreg,0,0,160,19c9ac6e1d4ea3c61c161624efc992b8cc52bf306f151391ba8529c19382e1ee,yes,yes,0.5328944325447083,1,1
learned_hands_consumer,embed_large_logreg,0,2,161,650970637dd6a0ab8e97321c167c7bc4a9a3cdc8eba59da2a5c510bcbd5db45a,yes,no,0.5266910948363273,0,2
learned_hands_consumer,embed_large_logreg,0,3,162,c51f874153bc2cdaa57ad2c656a6af7ab24feabfb448922cab57ef416feee663,yes,no,0.5269060291917929,0,2
learned_hands_consumer,embed_large_logreg,0,2,163,13b1acd948c8e9c9a5739d8481ea213fa3cfdab8b80a82efd25be33e8f7b2902,yes,yes,0.8689766526222229,1,1
learned_hands_consumer,embed_large_logreg,0,4,164,9fde61742e0b3fc6fabbffa750b6283c72453cd0303a465ce66648d46676eb89,yes,no,0.5142879639353741,0,2
learned_hands_consumer,embed_large_logreg,0,0,165,4fd20a26aafa50907d098d746bcd899d7abfca4f42db1d5c149080652db43b60,yes,yes,0.5409879684448242,1,1
learned_hands_consumer,embed_large_logreg,0,3,166,38a9b6c4df60f95cae8cdf22954e4170c3a5feb64ebfb5162134d697b7e84381,yes,yes,0.6353159546852112,1,1
learned_hands_consumer,embed_large_logreg,0,2,167,8892704b2b2b6659f287178e3c29d5c9d21dc3ecb2ae17dd4b6ec86c6784cd0e,yes,yes,0.7653753757476807,1,1
learned_hands_consumer,embed_large_logreg,0,1,168,5953941222239eaa15e600b769f26c7173e96638173a25e19be42ff6b5b07d45,yes,yes,0.6403064727783203,1,1
learned_hands_consumer,embed_large_logreg,0,3,169,4f9eec5c23a5c213a1bc6fc916fdf2587227d14edcd43d78fccea8cd278cc2e0,yes,yes,0.6648948192596436,1,1
learned_hands_consumer,embed_large_logreg,0,3,170,51ec6ad487eff34fddaa34cf9a46b4a9a9e66e2ef37f1718f6c2c0a6b08bcc0e,yes,yes,0.7490946054458618,1,1
learned_hands_consumer,embed_large_logreg,0,4,171,4356eb8f7a087e4d6032661552935019173e052ab6031528ff64635a4f9c515d,yes,yes,0.547429084777832,1,1
learned_hands_consumer,embed_large_logreg,0,0,172,6d7c28575a9e0747fc4cfaab5263e2daf0754ef5d1c996b9de353104dbfb5be1,yes,yes,0.5452070236206055,1,1
learned_hands_consumer,embed_large_logreg,0,4,173,6656d334c0150d50518a8e9e86ac484364dfc5da62604f792fa121392de57cd5,yes,yes,0.5487918853759766,1,1
learned_hands_consumer,embed_large_logreg,0,2,174,fa3b234c5866029eaafed3054fe7c1e9dd9d3e50389c45beedce0456e0a851a5,yes,no,0.5426812010204434,0,2
learned_hands_consumer,embed_large_logreg,0,0,175,f5327013f798cdfff71ccd1ccbf934757fae9118c8fda0cfb29197ee8c9a2f92,yes,yes,0.5273191332817078,1,1
learned_hands_consumer,embed_large_logreg,0,4,176,0c550425496483256cac2b164db69cc78311e995021bfcbd4a5c585bcdd9d9c6,yes,yes,0.5332446694374084,0,2
learned_hands_consumer,embed_large_logreg,0,2,177,e9a4a62f276d5c835085a02b2f4d92155f8f7ac6d396a52ad1cd37cab729b635,yes,yes,0.7421855926513672,1,1
learned_hands_consumer,embed_large_logreg,0,1,178,f4fe68a7bc004d02c8ecf39777717f5e53269903d0c3c3181101c07cea5c6b0c,yes,yes,0.6464657783508301,1,1
learned_hands_consumer,embed_large_logreg,0,4,179,3d0de6dc3fb5d69b4483315a8f1b9a55f3da2fb8eb1df50a74386a480912447a,yes,yes,0.577894926071167,1,1
learned_hands_consumer,embed_large_logreg,0,4,180,b66cb0340d554080664d72cdd106c5cdb17b38d1f74932ac0787b45754ce1a7c,yes,yes,0.5891242027282715,1,1
learned_hands_consumer,embed_large_logreg,0,4,181,a9af33b24aeb8f4fc3dd090cb6015fd72eb33e9bacf6b245b9efd00dd9991af3,yes,yes,0.5340879559516907,0,2
learned_hands_consumer,embed_large_logreg,0,4,182,9eefcb8b16890b9cc6c7e144d07beaa48841305e10614e94d470242a6b0e065f,yes,yes,0.5402777791023254,0,2
learned_hands_consumer,embed_large_logreg,0,1,183,cfde4f376e1a14d27549b00d4ddf32bfeb542cf05f08d1cbc266df888e1c3047,yes,yes,0.5983978509902954,1,1
learned_hands_consumer,embed_large_logreg,0,2,184,421033c1624e9a903b16ba39c1d61b1ecb07a1c62b4ffce4608c02c7a3e067e8,yes,yes,0.6862121820449829,1,1
learned_hands_consumer,embed_large_logreg,0,1,185,7a8050d0881441599707f60d9661cc876f27efc16656cd8526fe842e463a56ec,yes,yes,0.6609415411949158,1,1
learned_hands_consumer,embed_large_logreg,0,1,186,5f4e3e4860760d911ab21bd74b2611036627cda4c7c666615991f1d2314d6b35,yes,yes,0.6859169006347656,1,1
learned_hands_consumer,embed_large_logreg,0,2,187,057e4d5e06ed1236a9a35f3ea5c2cc42ae58bd3d82fb4981f56669b168d087e6,yes,no,0.8387591588866962,1,1
learned_hands_consumer,embed_large_logreg,0,0,188,a5608444f7d99d3cd3109ac70b995bb38775ef1fa2c286f3779886ac598a5c9d,yes,yes,0.5551239252090454,1,1
learned_hands_consumer,embed_large_logreg,0,2,189,48a613b18969b56ad289f137a24f32ca5714dc722f1916be3cf41f3c98f577e0,yes,no,0.7729696035385132,1,1
learned_hands_consumer,embed_large_logreg,0,2,190,d5a7261352131be329b42958bda9d1cbf7adf2a5eb0c341d0fd5d6d07a9ae17e,yes,yes,0.804446816444397,1,1
learned_hands_consumer,embed_large_logreg,0,2,191,e36f78681c2e77e1fe9fd7fc2f0b8fa917f14b6a2333a41863c17c766053033f,yes,no,0.851655053322687,1,1
learned_hands_consumer,embed_large_logreg,0,3,192,1487b9bcecfa449f7f97f38810e17ed4e37ea80a32cd5170137bf134574ae112,yes,yes,0.6686867475509644,1,1
learned_hands_consumer,embed_large_logreg,0,1,193,a0956e6a9a6973551966fc776c76b773565a03efe1dd2f5b6e363e037cd68e98,yes,yes,0.6694678068161011,1,1
learned_hands_consumer,embed_large_logreg,0,1,194,113f455fcca39b28919c8669b561494bb48c8a7b1abb08182e38efba3ba3d49d,yes,yes,0.6233246922492981,1,1
learned_hands_consumer,embed_large_logreg,0,1,195,01467176da7f8beaabb7d2d981d4c2a5d270c4de1ee41090eb7fff34ad10f233,yes,yes,0.6947659254074097,1,1
learned_hands_consumer,embed_large_logreg,0,4,196,3917492faa9e47e7106ba122c3a1618a26df3dcdbcf5803ea5eff8caeb3a85b8,yes,yes,0.568717896938324,1,1
learned_hands_consumer,embed_large_logreg,0,4,197,cde8abafba1e7a412e01f15ea5b8b45f4e1c8f3f37c5ed8ecf8670617e0e3ddc,yes,no,0.5133049488067627,0,2
learned_hands_consumer,embed_large_logreg,0,4,198,61ae855f1482eb8f9d691ed3f1d20ebbea6fc43c48a7559ddaf77710f2c27152,yes,yes,0.5719366073608398,1,1
learned_hands_consumer,embed_large_logreg,0,1,199,f35f9e77ffc5ac7a0d42e5a637d3ec3f6ef2830b8c178fdb6a5c951cfeaa3e88,yes,no,0.5133226956926973,0,2
learned_hands_consumer,embed_large_logreg,0,2,200,82f9efaddab72f81167b375aff7cc6c2537117b477e6064545d97be910ff945c,yes,yes,0.7870934009552002,1,1
learned_hands_consumer,embed_large_logreg,0,1,201,967afc85cb2c22088e649a1faac841a0d2609f7e11fe94eef9bd17a4daa54688,yes,yes,0.5253472328186035,0,2
learned_hands_consumer,embed_large_logreg,0,0,202,5648d782c24eb983d5cf18c59b05a1a47459a5dedd4e5335a0232c23f062944c,yes,yes,0.5657088160514832,1,1
learned_hands_consumer,embed_large_logreg,0,2,203,157bd549be3ab1bdd3e21c29805aafdc0d0b45c1aa52b0a397ab9236a4e5c944,yes,yes,0.9117326736450195,1,1
learned_hands_consumer,embed_large_logreg,0,1,204,525f45b4239b35c4038470e08628f267e9887f1c30b0aa84a2d5d01464da39a3,yes,no,0.5069974509776398,0,2
learned_hands_consumer,embed_large_logreg,0,1,205,0a0807c3257345430140d80f2b2b7210e572d13f47d5ac8a65174de1142590b0,yes,yes,0.5047938227653503,0,2
learned_hands_consumer,embed_large_logreg,0,3,206,a2b92dbd2ee6fd008bb6aa904caa64641950c475cddad723b2644f23c751a0ee,yes,yes,0.7333831191062927,1,1
learned_hands_consumer,embed_large_logreg,0,2,207,a2ed73e250907017f6d7fd66c658c04c6a137575d6ad765f993661edda327577,yes,yes,0.581108033657074,0,2
learned_hands_consumer,embed_large_logreg,0,4,208,1290d537ea8750e4e91f20b46eec10646ce12ab7d86dfc91eb09b608405fe90f,yes,yes,0.530703067779541,0,2
learned_hands_consumer,embed_large_logreg,0,3,209,a0f7d16e25d9f13501287713351ca9111410082745756d6eff69a544a7ce0fab,yes,yes,0.5343394875526428,0,2
learned_hands_consumer,embed_large_logreg,0,1,210,adbfc9de80cf0100c04073d2c24a7a39ad794835be05b45cd9a54b30876e1bae,yes,yes,0.7150241732597351,1,1
learned_hands_consumer,embed_large_logreg,0,4,211,33d047d7bf09f05c00081ea7055f31cf8f5cfbb5f1ceb5b0376de52b5d66fca4,yes,no,0.5126277208328247,0,2
learned_hands_consumer,embed_large_logreg,0,2,212,8747eec3bef3a1ac47c5e03b2a3185ec7be0382a48e8f07bc6b009f884106d3b,yes,no,0.6115598860847916,0,2
learned_hands_consumer,embed_large_logreg,0,0,213,49b127f44fd96be9d276f55d1669f94228b7535cb909c7f6b272eb55f8881a2c,yes,yes,0.6031918525695801,1,1
learned_hands_consumer,embed_large_logreg,0,3,214,dfb7f7c0e45b4a7671e7808a09335109e684ec1f7b896028808720b751c76290,yes,yes,0.7119001150131226,1,1
learned_hands_consumer,embed_large_logreg,0,4,215,db97720cca0e39dc598257024bac71c263aaf9886f335cf6cd722539c19eacca,yes,yes,0.569097638130188,1,1
learned_hands_consumer,embed_large_logreg,0,3,216,64859a67c19bf56da59ad97eab9f8da73202e6a6dd9d3bbb9372afcb47b0408d,yes,yes,0.6558194160461426,1,1
learned_hands_consumer,embed_large_logreg,0,2,217,f449fe5d57975f0caf323ecddfcc9b9dccbabe88c5ff42bd31a1d65fc7a824b5,yes,yes,0.8194092512130737,1,1
learned_hands_consumer,embed_large_logreg,0,4,218,fa078ce3c2ae45c10df8aa0a800c47eade1e7510a46eb24bbe627b87d2938a68,yes,no,0.5325442393855977,0,2
learned_hands_consumer,embed_large_logreg,0,1,219,f2fae4fb37730a28c6c680ab68c6e0cbcb083e46d89296b52700b2b28ed2e203,yes,yes,0.6398128271102905,1,1
learned_hands_consumer,embed_large_logreg,0,0,220,ca57b26977335b108fd0d46872d220af17b298c5169ea6a338028e3fa941a5c0,yes,no,0.5102931261062622,0,2
learned_hands_consumer,embed_large_logreg,0,4,221,9f6359257abe0943f69a9a6786fccff089c30ae5f302d29d57c21ec0cc0fb8bb,yes,yes,0.5204879641532898,0,2
learned_hands_consumer,embed_large_logreg,0,0,222,da0db19cfa506b30e60a6cf05fa27f60113ec86ac8308c44eddc1cdeb6e6b707,yes,yes,0.5508072972297668,1,1
learned_hands_consumer,embed_large_logreg,0,1,223,013033315bef6946bef54c7e1e5131afe73897a10507585acff502cb07b082d1,yes,yes,0.5622473359107971,1,1
learned_hands_consumer,embed_large_logreg,0,2,224,01ca67ea223ea6f3f78966619c3d177754184bea73cb662ffc54be7eded55946,yes,yes,0.7497896552085876,1,1
learned_hands_consumer,embed_large_logreg,0,1,225,0972b858c77e9cd796c6bda370f1d6b2ea20798091434c33f49f1827e4a678cf,yes,yes,0.6840357184410095,1,1
learned_hands_consumer,embed_large_logreg,0,1,226,478e48024c876788e7ac0b2943d399c14bb997ab82a37ee11247a5b223d23f4f,yes,no,0.5029289872327145,0,2
learned_hands_consumer,embed_large_logreg,0,4,227,dd602e9be0c77e5a1bf15d2c5db5302c6b6d2b8362f95c146de1f5d3ea45031b,yes,yes,0.5074117183685303,0,2
learned_hands_consumer,embed_large_logreg,0,1,228,e86c4500724cd80b78a41c3de49d5f623baba6615be341878c3f40d1a666fa36,yes,yes,0.5870670080184937,1,1
learned_hands_consumer,embed_large_logreg,0,0,229,44f8bde89aa71070a44a090fe6553fe64a785e0148291429f98b65d8cc35537e,yes,yes,0.5595490336418152,1,1
learned_hands_consumer,embed_large_logreg,0,0,230,f92a5c6258f5da9bffe36fc1a4498f1086f4d296b5c28109401777d767f46946,yes,yes,0.5769005417823792,1,1
learned_hands_consumer,embed_large_logreg,0,3,231,b8099af0f4a08d3625fefbbdf920208ab786e82be6d9e5ecd373c981c3bd90c4,yes,yes,0.6858729124069214,1,1
learned_hands_consumer,embed_large_logreg,0,0,232,dd6b7ca454c08a409f4171cb97167a8c91e862451ec1b92eaa7d9393934cf91c,yes,yes,0.5315194129943848,1,1
learned_hands_consumer,embed_large_logreg,0,4,233,fdb76c188296362ef951b02157cc4150c8d3a0750fe72942787d491e6ddc18e2,yes,no,0.5030263662338257,0,2
learned_hands_consumer,embed_large_logreg,0,3,234,b78102f7318502d1b26dbcb12920cd58ed53891ef8b61bff2b15f5b432da91f0,yes,yes,0.7147575616836548,1,1
learned_hands_consumer,embed_large_logreg,0,0,235,5a37498c5c481cdd1e4bd5190333a14a0190aa3aede5364087479e33c293e1a9,yes,yes,0.5372471809387207,1,1
learned_hands_consumer,embed_large_logreg,0,1,236,eae4558b0617e7ebc54a6ebc59d2dde3f9df33d4ce6cb6404452671b374ff797,yes,yes,0.6891819834709167,1,1
learned_hands_consumer,embed_large_logreg,0,3,237,b25bbe0ef882d9b6ee6ca640d619e47af1ba4b4303c92a73e17071d2b63f6203,yes,no,0.6217177921021643,1,1
learned_hands_consumer,embed_large_logreg,0,0,238,3415dc4afd4d574b0da83ec6d205e580b78b683ce427d70cb6192aa1345ada00,yes,yes,0.5492571592330933,1,1
learned_hands_consumer,embed_large_logreg,0,1,239,e4190a6930b3800fcc812916fc24cd7666ec7ccade668b74793a25cf043ee8dc,yes,yes,0.6510159969329834,1,1
learned_hands_consumer,embed_large_logreg,0,2,240,2a1e5635eb53609c5660dd54ea549b8c7ca1d8ef3709e5692cce67005fde384f,yes,no,0.861209166962045,1,1
learned_hands_consumer,embed_large_logreg,0,1,241,1587f650838e742b5adbc001e25e86b815c1c282f7e24b9a7f46e2c9c7e7663d,yes,yes,0.6307538747787476,1,1
learned_hands_consumer,embed_large_logreg,0,1,242,3aeb06e0988c30e7dd4b9857f1305ee50a9955e156a1e1a8bfb635878c936da6,yes,yes,0.6351509094238281,1,1
learned_hands_consumer,embed_large_logreg,0,1,243,0ba639fb1b8f0dcb2fe9cffb9b96ec4f2cc182c78d9a521ea1b367d5c28385d0,yes,yes,0.5557588934898376,1,1
learned_hands_consumer,embed_large_logreg,0,4,244,ebd5c1534b316d246d849144a17469ee09729233fad0f39a8a330fdfa15b9628,yes,no,0.5119355320930481,0,2
learned_hands_consumer,embed_large_logreg,0,0,245,401a36474fa40d2d999cd260f57ca66ab83fcb63de68f578a6d6ad7d4ec4bd2e,yes,yes,0.5422797799110413,1,1
learned_hands_consumer,embed_large_logreg,0,2,246,4176b37a2179c60a956b8746678c2a674aabbd9e086407904b2475af255d13bd,yes,yes,0.9405576586723328,1,1
learned_hands_consumer,embed_large_logreg,0,3,247,95933a28191a6e558a2911f9c54efc9e53d3ba70d036eac4f4fcf1044bbc9d88,yes,yes,0.6985663175582886,1,1
learned_hands_consumer,embed_large_logreg,0,4,248,0f4ecd29ccebf4ac6e235b28298c170a1c4939a57f8d2bae941d4292bb91c9e2,yes,yes,0.522949755191803,0,2
learned_hands_consumer,embed_large_logreg,0,0,249,061be30da02e5927c05d4f6dcb0ebcaa8bda9da95f663afc3448b40f550c8dcc,yes,yes,0.5142238140106201,0,2
learned_hands_consumer,embed_large_logreg,0,3,250,6c7deef4168bfdd3eb4f65e34ff1a5b08e7d07a494276e6dbc72cf08dd1d9ea3,yes,yes,0.7214595079421997,1,1
learned_hands_consumer,embed_large_logreg,0,0,251,3fecd30afaf717ef4d633f041d6b64abc35956652a123bf652a024e051aecbd2,yes,no,0.5053756237030029,0,2
learned_hands_consumer,embed_large_logreg,0,2,252,618080a1456e3ee68a8c336bd1951f8be686d4b280ba12acc2afbc0afe6f5e6e,yes,yes,0.856322169303894,1,1
learned_hands_consumer,embed_large_logreg,0,1,253,7d9553904434b833510ba4f74348cff64322921c601077d281c33b3d61d048ca,yes,yes,0.556107223033905,1,1
learned_hands_consumer,embed_large_logreg,0,2,254,851524b83e3b815d2b8ad94407c2a48429aa45e82bd9c1b64ffd780d6c3a0de3,yes,yes,0.7173575162887573,1,1
learned_hands_consumer,embed_large_logreg,0,0,255,cb21cc98accfbbfc1ab6fb040d28dc4a525dd125dcded30bbb6688922bc0bcf0,yes,yes,0.5364421606063843,1,1
learned_hands_consumer,embed_large_logreg,0,4,256,77a1a7abf05f1aa064c4d1f51619137f7eb2bd94b8ddc362bc14f64be0bd2a01,yes,yes,0.5599867105484009,1,1
learned_hands_consumer,embed_large_logreg,0,3,257,3d22a52452442ace2422e3134c77857c8d5686fd9080d9f42bc9438a845f4c89,yes,yes,0.6202267408370972,1,1
learned_hands_consumer,embed_large_logreg,0,4,258,aaa2f84803feb0579309aaee905dbe769a0e41a5a6daf89677d4a8534aa9819f,yes,yes,0.5325270295143127,0,2
learned_hands_consumer,embed_large_logreg,0,2,259,cbf21ed32acc01ddeaa5380d184a96c3ca5b84614bc1f3a1a9583fa9b891c05d,yes,yes,0.9095371961593628,1,1
learned_hands_consumer,embed_large_logreg,0,2,260,370cc782f60a07b178ac3c0ec5c92e1d6072d6798ba29e27eb089d3af9d06cb5,yes,yes,0.6791422367095947,1,1
learned_hands_consumer,embed_large_logreg,0,4,261,e2fa618a66bdb423b63a86d231a23868e8833853ed334799049daeac30367a88,yes,yes,0.5414247512817383,1,1
learned_hands_consumer,embed_large_logreg,0,3,262,6c81e7b6dabbb3574a09c499dc7a67ca24d31c6e646bab4ced51cd8c78f55ea7,yes,yes,0.6203447580337524,1,1
learned_hands_consumer,embed_large_logreg,0,3,263,1f341a6355c5c3b945e1a2b14b3434e8b3904eb4eca3e24c87941d86e705e57e,yes,yes,0.5051507353782654,0,2
learned_hands_consumer,embed_large_logreg,0,2,264,6adfe2187f8557b8f6378f034717bdcd2f522a0df00806a04c1dfe98b3e997bd,yes,yes,0.9311899542808533,1,1
learned_hands_consumer,embed_large_logreg,0,3,265,8bad5933bcb5967cc9bc4abe066d28b765494f7a0dffd407c47d6d8067553308,yes,yes,0.5983388423919678,1,1
learned_hands_consumer,embed_large_logreg,0,1,266,c55600e95d9b4eb897af3302c41acc84e2d54157f428bf1f8caec3b61e668da5,yes,yes,0.7126747965812683,1,1
learned_hands_consumer,embed_large_logreg,0,0,267,13c0dc364911dc9186a0c024e55f88be572c4deb5878fbd82d310ecaf5f45d13,yes,yes,0.6002137660980225,1,1
learned_hands_consumer,embed_large_logreg,0,3,268,3321004b9ab1144d0dfdcb61b18d746e047e1eca73ce7e0acb9fbd0e7c724816,yes,yes,0.6385261416435242,1,1
learned_hands_consumer,embed_large_logreg,0,2,269,19d396f6ee8676b8e14abd050a0d810589baf0188e806f72eac507d7a2c545a3,yes,yes,0.7481433153152466,1,1
learned_hands_consumer,embed_large_logreg,0,3,270,7eb4eb67f8d71b2387d20ed2f7c7421eab13eb8910aca82d69fdf9a9273ecb96,yes,yes,0.5622089505195618,0,2
learned_hands_consumer,embed_large_logreg,0,2,271,21f6bcc2b642898b25da24d91a08efc8029b34d97d979ac84183c75b0c07b9c0,yes,no,0.5536304712295532,0,2
learned_hands_consumer,embed_large_logreg,0,1,272,63a06c8bcc7dbff84f881459fdf825076cb5b36209132b00c9c84eeeba7b6eb8,yes,yes,0.5463194847106934,1,1
learned_hands_consumer,embed_large_logreg,0,2,273,94b8923b3eddcc3f61a255a8e42041ab7f8e96bdae7e23fa5dba20dd65b82fa6,yes,yes,0.8793419003486633,1,1
learned_hands_consumer,embed_large_logreg,0,3,274,c2ccc5ca47171285fb0298be4298f50882121913b48b7ac1e796a30c532811ba,yes,yes,0.6812285780906677,1,1
learned_hands_consumer,embed_large_logreg,0,3,275,1f6071d3d10ecfa1b75476a7071af685e3ba15fcf7b2a774e39b20191e1fe074,yes,yes,0.6645858287811279,1,1
learned_hands_consumer,embed_large_logreg,0,4,276,11cabef5b7d7edbcc7de996da7ddc824772faa6248373f429b29567c5017f865,yes,yes,0.5042746067047119,0,2
learned_hands_consumer,embed_large_logreg,0,1,277,9136c7f7286a3ee6b4af4f2c4bd396e5528e9e59d4a11138840961213324a902,yes,yes,0.6461415886878967,1,1
learned_hands_consumer,embed_large_logreg,0,2,278,45b8aa00e5100aa8e27c34109569ad374e89747c8859165962bd4b50a718dec3,yes,yes,0.937629759311676,1,1
learned_hands_consumer,embed_large_logreg,0,4,279,93a67fe947a834ff1518acdef3d3503a43de70821df3f53bacca03fe73994e4e,yes,yes,0.5020212531089783,0,2
learned_hands_consumer,embed_large_logreg,0,1,280,f9aa283cb36bd865eb6d0e00dec619c048e1b8f0e8830f12b5d02008a0b97ace,yes,yes,0.5373380780220032,0,2
learned_hands_consumer,embed_large_logreg,0,2,281,55de4e8dcda9a6328913ef54a1ed9351f1f426737486cdf8f668ad83b8388f73,yes,yes,0.8507319092750549,1,1
learned_hands_consumer,embed_large_logreg,0,1,282,6bcb70ea6c53d9d2735995ffa331f18d0e9d9cc24ba93acb53376ae8483ed8a1,yes,no,0.5340860049154164,0,2
learned_hands_consumer,embed_large_logreg,0,1,283,78da2dea499e7edb487d60fd31327140d7546b18febaf57879bbba65e8c1b04e,yes,no,0.5746260285377502,1,1
learned_hands_consumer,embed_large_logreg,0,4,284,42fb96e3e3db8353adc2b84b435807f73584555187d03911234609ed6e85bfe6,yes,yes,0.6078122854232788,1,1
learned_hands_consumer,embed_large_logreg,0,0,285,ecfc65fba09f92e19dc001350da2ef8adc932c234c862d0db0f1879f2e7c8794,yes,yes,0.5162254571914673,0,2
learned_hands_consumer,embed_large_logreg,0,3,286,c191adb1d624b20f83068f7b5908de47c6c5209a753e4de83b528e1156b3c2b0,yes,yes,0.7191707491874695,1,1
learned_hands_consumer,embed_large_logreg,0,2,287,644bc0e92cf759be58ca6610fa275080515a65a91b581445be9cabf7ffea0e15,yes,yes,0.9166449308395386,1,1
learned_hands_consumer,embed_large_logreg,0,4,288,a79143144aa9b5670c2ef1346d67999dca1710bf76a38aefe7d8c7b71ae44b79,yes,yes,0.5633755326271057,1,1
learned_hands_consumer,embed_large_logreg,0,4,289,29d068c39f2e257adbe8beebd86189c3ef328bbf2028cdf5c6d3ede0e5ddc09b,yes,yes,0.5878162980079651,1,1
learned_hands_consumer,embed_large_logreg,0,0,290,fe9822a59aebf2d41016c82deb1d427382b2666a1fe39079f87be07fb936b617,yes,yes,0.5650685429573059,1,1
learned_hands_consumer,embed_large_logreg,0,0,291,56bb42f2ccd6615785428ca0492a89e2c4c3ab2f9fa44ee197d3da8fab2c5842,yes,yes,0.5500117540359497,1,1
learned_hands_consumer,embed_large_logreg,0,1,292,5299348ae3f81c25293e952182bb6bea15382e9da7443711aa78acdaf4b6bcb8,yes,yes,0.690824031829834,1,1
learned_hands_consumer,embed_large_logreg,0,0,293,73a78266e6561f4e4c9baa89057beda5a92213b2ef917e1272c2ece8cd9b7704,yes,no,0.5237758755683899,1,1
learned_hands_consumer,embed_large_logreg,0,3,294,79cc9d9097ff95d4d5569540eb3711865f517ab1a2a0fc876da5c48598ee3cb4,yes,yes,0.7690861225128174,1,1
learned_hands_consumer,embed_large_logreg,0,4,295,3b85fae280cd98abcc7e78ae4627a4c94eee68cb0bdc5b31dc3b1cf2e53949ae,yes,no,0.5187214612960815,0,2
learned_hands_consumer,embed_large_logreg,0,1,296,32072d7df35d23c7cf165a1afeb9be63ebbdcf2c94cee75f9b5a90b78e19dd28,yes,no,0.5051712839254354,0,2
learned_hands_consumer,embed_large_logreg,0,2,297,16bed4a62e2738950d2587d30c25ed9c5d17ea5f0cc5e91f1148a4cb64162453,yes,yes,0.7183413505554199,1,1
learned_hands_consumer,embed_large_logreg,0,4,298,3473fc0f42c76ad19ef3ec2771d01d619478fb7fab7ea70d94e7fe0f1bd61128,yes,yes,0.5996887683868408,1,1
learned_hands_consumer,embed_large_logreg,0,3,299,251efc17ee26f8f9c544871f61f6fd54cf585d0f3210406eb3c48c825a10d526,yes,yes,0.702155351638794,1,1
learned_hands_consumer,embed_large_logreg,0,2,300,4b657305ddc7f357ec185bc9abec0fa67e2d4d4fb0afb00f8e83e73a4c712e8e,yes,yes,0.6428295373916626,0,2
learned_hands_consumer,embed_large_logreg,0,3,301,f85e7456c7160ff553b31db76a443f79214f6b2cd4542c3bb171595928ab6558,yes,yes,0.7010268568992615,1,1
learned_hands_consumer,embed_large_logreg,0,2,302,243386ffe9922a67ec10fee19cff0781c4d76b6a78a32ec20ae1b9ece92bf995,yes,yes,0.741244912147522,1,1
learned_hands_consumer,embed_large_logreg,0,0,303,85d4e89725d489b9e3820f724acfc754d59767d51140be8d70af3bb2eb4198c3,yes,yes,0.5681781768798828,1,1
learned_hands_consumer,embed_large_logreg,0,4,304,f859129d9d2aa75e88d6602d1563b367b5d45a031c53939b17889bef5d0f147e,yes,yes,0.5177245736122131,0,2
learned_hands_consumer,embed_large_logreg,0,1,305,483ac3b333ee68b7196086031e6a08e2fdb91c52f28a3a861f23a2c8ec75478c,yes,no,0.5009369700867841,0,2
learned_hands_consumer,embed_large_logreg,0,3,306,6eef9bbaaa01f32394020b689930f9d2ae66836d280dfef0cac99935536b4a22,yes,yes,0.6432085037231445,1,1
learned_hands_consumer,embed_large_logreg,0,1,307,2bbdbbb31e0f69cbd29d755d0e4fb9a5a932b3b1effe5a664bc674ef725addc2,no,no,0.6266371198486423,1,1
learned_hands_consumer,embed_large_logreg,0,1,308,5779a2e66767851f78c4baf2c51d3e6be6d917949d5341b98c489bbf0f67f6f3,no,no,0.5101485100344267,0,2
learned_hands_consumer,embed_large_logreg,0,2,309,24481de31a2b3036d71dc474adac585b922e4bdfb8287ce43a3ff34846620b73,no,no,0.9237496325653018,1,1
learned_hands_consumer,embed_large_logreg,0,1,310,13b626d60d254c4999ca862d60b0f13ec9378504e9fa2fa1c002db747518bc7b,no,no,0.6829162836074829,1,1
learned_hands_consumer,embed_large_logreg,0,4,311,97939ad30f5a35f45ccb7fcb190a65552ca404ca227456e1ecb4f5a57c3bed17,no,no,0.5723864436149597,1,1
learned_hands_consumer,embed_large_logreg,0,0,312,8616d00b5609b9a12db9741cc2c276068fbfffd9d02b80e12bf3dc55ef37b07c,no,no,0.6172416394126904,1,1
learned_hands_consumer,embed_large_logreg,0,2,313,65e5a2fd7a388ba873ac967c48adb5664e74f76db3d95f15af7230c45aa27115,no,no,0.5080989003181458,0,2
learned_hands_consumer,embed_large_logreg,0,1,314,0b5ab1b563bc3ef18c295476f388386fadc1cf299ab20f258f1dffee0f8157b4,no,no,0.744401752948761,1,1
learned_hands_consumer,embed_large_logreg,0,3,315,c70617e5ad6a4b2e699841464467e2a1387594382a39a10f5f3aa0ba238dc8c6,no,no,0.6337557435035706,1,1
learned_hands_consumer,embed_large_logreg,0,4,316,bc9f773c51514a7ad309a672115c1b9f79304095ccabcd53343b945d6ce19ec8,no,no,0.522211328810791,0,2
learned_hands_consumer,embed_large_logreg,0,2,317,0af96d52fa6c71f1943351f5d1a07e10d961983e0c4a66784a937ad8bbaf2f0e,no,yes,0.7450267672538757,1,1
learned_hands_consumer,embed_large_logreg,0,4,318,f4a7c81fbb4fe3b5a0cdb370b458074ab8fa6f11fe41ced9df994fd2f420f362,no,no,0.5361587405204773,0,2
learned_hands_consumer,embed_large_logreg,0,3,319,71d38fe12b75052be0651bda2d4f4efe697b07d365bf41cb14841da2688b94f5,no,yes,0.5874747037887573,1,1
learned_hands_consumer,embed_large_logreg,0,0,320,60a86bc631bcf63cb1c4ced84c0f60928e57bb2abcf79c23baa53fea95cc1aa3,no,no,0.6337443590164185,1,1
learned_hands_consumer,embed_large_logreg,0,4,321,e06e690d6aad76f736293110bf1b57c294435c42a47933cd1acab74063fa7102,no,no,0.5405472678109189,0,2
learned_hands_consumer,embed_large_logreg,0,0,322,a90e11f52d0e31db828e5d845e5fc33cb9bbc6922bce8244891dbc15b22a7483,no,yes,0.5149362087249756,0,2
learned_hands_consumer,embed_large_logreg,0,2,323,7f6a2fb0578a33bc0482677bbc588e70a785c7bea415b62486a564b37d2364a5,no,no,0.9346368908882141,1,1
learned_hands_consumer,embed_large_logreg,0,0,324,91f9aed41e41a457675d9814a53f7e293fdcc37d5ecd967c9a49b0e1b38c3587,no,no,0.57591313123703,1,1
learned_hands_consumer,embed_large_logreg,0,4,325,ca37e43e8db1c44dbbb19c01ee3aa67ed7d3e032717d029d12d8ecc1e8da9e24,no,no,0.5584758353687573,1,1
learned_hands_consumer,embed_large_logreg,0,3,326,2fb4fb6b593cdd7c3e2fd5c6e362a22a579395bb61b602c450cca3538b8e24ef,no,yes,0.6043425798416138,1,1
learned_hands_consumer,embed_large_logreg,0,0,327,c74e1031658129cec56f52de73b243a87d110480b7489b898798c788c64954c1,no,yes,0.5148642063140869,0,2
learned_hands_consumer,embed_large_logreg,0,3,328,12a1ea95bdc51debd507323d28586d8cd6725f1b2fb39a9a12ccea37dd723d96,no,yes,0.5450996160507202,0,2
learned_hands_consumer,embed_large_logreg,0,0,329,985ec3dfb0c350854d7b1baac2c3332760dc5c321f1cafa4bfd44c6712e2ced1,no,no,0.5145358443260193,0,2
learned_hands_consumer,embed_large_logreg,0,1,330,335fb0b1b9fad31fa5c37ca3233826815b93d197d51ad6e25f3adb819181b8d5,no,no,0.6486643552780151,1,1
learned_hands_consumer,embed_large_logreg,0,3,331,c1a730a7b254e70e6ac0d37573a2caa83d4df82d7e52868bedaff06ebe6b6878,no,no,0.5129247903823853,0,2
learned_hands_consumer,embed_large_logreg,0,0,332,2c4155ce67ad13aaa45fffc3554b95daf5261dd7f91fb8fd64dec003bfb9e74f,no,no,0.5083017197757447,0,2
learned_hands_consumer,embed_large_logreg,0,4,333,6ceaa70ea927c42a727227f3a30b6f624dcea1bc117cb238827bb15af9517c39,no,no,0.565671443939209,1,1
learned_hands_consumer,embed_large_logreg,0,4,334,7d6f93cb8182ac12b92485985653cd0fd562085122909d87b4336f6ee3e4666d,no,no,0.546909511089325,1,1
learned_hands_consumer,embed_large_logreg,0,1,335,cf8776ba226b044303c6bd7ec8aa16cfacbe82cbb01b00fe365ab899a5adc5f8,no,no,0.5215218663215637,0,2
learned_hands_consumer,embed_large_logreg,0,2,336,63d2423f809c612df5098e911ca5ba908d510a563c38c6d97d504e390d18c390,no,no,0.700886347863485,1,1
learned_hands_consumer,embed_large_logreg,0,2,337,52f14dd7aea76b56f013c46377c11006c81b564a73a8fa44e2a4843c3f9ff85e,no,no,0.701506236150675,1,1
learned_hands_consumer,embed_large_logreg,0,3,338,cd0992eca3b3ebd4ffcc36e8430e138824f9b105e6764dedf74a8ce2d5549fe4,no,no,0.5219923413393599,0,2
learned_hands_consumer,embed_large_logreg,0,3,339,5a8803fcccb50853b2c3856ee82785bd156f862dd26d34c99efdea4519a7e214,no,yes,0.5639771223068237,0,2
learned_hands_consumer,embed_large_logreg,0,1,340,617fea7762c73987c8e9da050c8cae25a1aefb6ea95ff5d081b8e51f028dbf2e,no,no,0.7590633034706116,1,1
learned_hands_consumer,embed_large_logreg,0,0,341,d4093169f98d05e7565a5542038529f1fab35b60cfe43127811daa861d935feb,no,no,0.501528874085214,0,2
learned_hands_consumer,embed_large_logreg,0,3,342,e8a22694731ba2e5a7312f7d4a02b03f7e4bc081c76f7068d665ec82ab92f3c7,no,yes,0.5219013094902039,0,2
learned_hands_consumer,embed_large_logreg,0,4,343,7a0a05fc729a8f64cbb6ca9c295a3805e152b645fbd81571861db6a5918d5618,no,no,0.614991307258606,1,1
learned_hands_consumer,embed_large_logreg,0,3,344,1de94b175a0dc3b16576ef02ea9b734786aa3bc35b5be8fbeb644479593c01bd,no,no,0.6265969089687792,1,1
learned_hands_consumer,embed_large_logreg,0,4,345,7eba9bd21b877177f0ea63bb88313953a4c47a8eea950c93500fbc398e54e665,no,no,0.5911243138052319,1,1
learned_hands_consumer,embed_large_logreg,0,2,346,aa01251703c5de088b207ee1e21487e51f88caf08d8d578aef87fead3ecefced,no,no,0.7515518441333817,1,1
learned_hands_consumer,embed_large_logreg,0,2,347,e9f5e96f340dd75e497ed93a4a1e722cfce986d2cec52aaa027ca7778586ad19,no,no,0.5083672404289246,0,2
learned_hands_consumer,embed_large_logreg,0,0,348,4b9f93fed8e41a2a2c5f0994cdca3aca0eda1b96dbd2f74d5afcd2a43889c2e8,no,no,0.5617497134730134,1,1
learned_hands_consumer,embed_large_logreg,0,2,349,f05855943024f908afbb53b1527e164e7e5e5ad16ec0192747e08513f2bf77c0,no,no,0.8894634644062043,1,1
learned_hands_consumer,embed_large_logreg,0,3,350,1c49793aa9d1312bd32ea93d0d8c4aefe10836b786d8cadf7c97738717ce9d31,no,no,0.7309061071006624,1,1
learned_hands_consumer,embed_large_logreg,0,0,351,580b5ac0770fb1b9a6472f9a88911a26a88cc2d70c1aa230e26ba6905581d32b,no,no,0.6010231375694275,1,1
learned_hands_consumer,embed_large_logreg,0,3,352,d1a95b753ee546201b5cf71e8a8910ffb93f06b981363dd24190b9627693f2cb,no,no,0.7035155086661724,1,1
learned_hands_consumer,embed_large_logreg,0,1,353,f123cdff3722febd99751bb5a64770c85fc6707f63c07bae56510ead6672a690,no,yes,0.5325166583061218,0,2
learned_hands_consumer,embed_large_logreg,0,4,354,013a1816aae065dc4d8f6a910347c85c867197f1497645a47e5cb14cab38f57e,no,no,0.5746867060661316,1,1
learned_hands_consumer,embed_large_logreg,0,2,355,d27505c28fcef3d7434ea6bd8d7130e051f02503586c1526d71160be1310e40f,no,no,0.8817556167172079,1,1
learned_hands_consumer,embed_large_logreg,0,0,356,1130e23cb8e7f0a6fc9e659f4c94b732fa1953b7a98b3a9fcafb074532c54af8,no,no,0.5457845763628311,1,1
learned_hands_consumer,embed_large_logreg,0,3,357,9a69a9f0e0418372ec3def21b9ce927af42a49df1d185967290ada823319ad8e,no,no,0.6308396458625793,1,1
learned_hands_consumer,embed_large_logreg,0,1,358,d0b3728beaff318ee83ad916c45c5c6802c6634bab63d6de065eff3af6bb2839,no,no,0.6614734530448914,1,1
learned_hands_consumer,embed_large_logreg,0,1,359,492cdbdcc254342378744c1f8b9dadd066628ace9a1a65a515633708701c9342,no,no,0.520186527961894,0,2
learned_hands_consumer,embed_large_logreg,0,4,360,7c272499aa6af5b9c7b2de749a65adfa813cdc4061012c6f9a62fda253e08104,no,no,0.5845757126808167,1,1
learned_hands_consumer,embed_large_logreg,0,1,361,e09a2160df994ff65eac81266e80dbb544860bb0bf9a7322caeeaddef40d8ffe,no,no,0.5828641057014465,1,1
learned_hands_consumer,embed_large_logreg,0,1,362,7c408b03bdd1535120a56621fe2fc9d7c4ef4b22699b623e4970ee45767ebba9,no,no,0.6517514586448669,1,1
learned_hands_consumer,embed_large_logreg,0,0,363,c41ad8c362d3233072dfc9f51c09010958870b25d095046a29cc7e47cafd392d,no,no,0.5798437422560531,1,1
learned_hands_consumer,embed_large_logreg,0,3,364,67f538667db398f86344c56348d00c791c1ec9ac0aff37d556bb99dd32897983,no,no,0.5941800894087527,1,1
learned_hands_consumer,embed_large_logreg,0,2,365,ddf035db365fff2212de2488a54adb763abc3e92a2dad325570e9d3251388841,no,no,0.7797271129448282,1,1
learned_hands_consumer,embed_large_logreg,0,0,366,aee3ace2d8ef27f3660fab84d93dad6ad86bf221676864042357c5e92059a85e,no,no,0.5951094450023936,1,1
learned_hands_consumer,embed_large_logreg,0,0,367,9913f5e62a1afcba67bee35c05d650381598f5b2c1380d1bb2a0f2ae1cc63e6f,no,no,0.5724661350250244,1,1
learned_hands_consumer,embed_large_logreg,0,1,368,00c018554b47c9496be37e1420e4483569efc3e3631c681205edc2ebb9c5b095,no,no,0.5278895058598967,0,2
learned_hands_consumer,embed_large_logreg,0,4,369,2c68763833a784dd4f1a5569f0af102d4fcf6b344f917b9d6e68c91bf223385f,no,no,0.5865669075677721,1,1
learned_hands_consumer,embed_large_logreg,0,0,370,c585104773d1883d86927f2b034566efd206fde08fe7e1d63efcf06f6ecd9275,no,no,0.5242650352637459,1,1
learned_hands_consumer,embed_large_logreg,0,0,371,7387a5e5fad938d7e99b2c7c1f6e1158d97aec42e8d1218a21f1bfbd2e5ccac3,no,no,0.549487932041647,1,1
learned_hands_consumer,embed_large_logreg,0,3,372,8a778c2a7882c353ea19f4b4177b18f73596a4d0bdf7c066488b237259d5c92e,no,no,0.5073171257972717,0,2
learned_hands_consumer,embed_large_logreg,0,1,373,66c80303be317d1ece0aedd4cef8d908db80607ebada9bb9e122cc5c60b05acd,no,no,0.6261657289813242,1,1
learned_hands_consumer,embed_large_logreg,0,3,374,844bffeb2e27126213a382107f2bfbd2eeb29a0aa34b39db7c237d94aa21dc6c,no,no,0.7304719904205796,1,1
learned_hands_consumer,embed_large_logreg,0,1,375,ecc85367e5cf37586c263dedf5b348a050bbdf6b9249645651c148dca3f30d6a,no,no,0.5948805631732773,1,1
learned_hands_consumer,embed_large_logreg,0,1,376,2e572efe17abde9794ed1ca8e76aab48311dffe6e5f091aaf53a537351a6ec4b,no,no,0.5639965702294282,1,1
learned_hands_consumer,embed_large_logreg,0,3,377,8339831d993a8f59979c34ab2a332854935bb45ade809ebc382fde5b95859c6d,no,no,0.5770756602287292,1,1
learned_hands_consumer,embed_large_logreg,0,4,378,42142d842605f05b949df18cb8a99bb35cb5a3e606e1f59cff43626743752be7,no,yes,0.5290195345878601,0,2
learned_hands_consumer,embed_large_logreg,0,4,379,84f150b50421abc72aea1ff2b9e810ed64fba7c4f9d5ac41a9be6e901d2ee310,no,no,0.6086332201957703,1,1
learned_hands_consumer,embed_large_logreg,0,0,380,e87ddebafaf120552bd4e34cf6953ec369024fb7fc6e707e8c74058e178b1363,no,yes,0.5028611421585083,0,2
learned_hands_consumer,embed_large_logreg,0,2,381,1338d4a9807f0d53047962b57d76cf583420487b44853e8aaab6f0d6d454688b,no,yes,0.6698257327079773,0,2
learned_hands_consumer,embed_large_logreg,0,2,382,ec007d3323dd2053bf052016919bc0af90796fa0ca1b0409c6082066ee97a50b,no,no,0.7346446733070813,1,1
learned_hands_consumer,embed_large_logreg,0,1,383,d2cd0e5ee933d888b506be5632aed8062b91258070bea77b00cbf7a570a68547,no,no,0.7335489392280579,1,1
learned_hands_consumer,embed_large_logreg,0,4,384,b6426951bbccc28e0d00959ce601a50cfdbc42f0b030169fc40a2d195b99f4ce,no,no,0.5174674833575641,0,2
learned_hands_consumer,embed_large_logreg,0,1,385,a7f2631f19f997f8dde0f842d8a44c6be3a43a0e33208d7f010eeb998aedd90a,no,no,0.5756902098655701,1,1
learned_hands_consumer,embed_large_logreg,0,1,386,ee780d03a703ecf7ba9c48251e78cd4e9b7af05645ad48fff61fa919cf492135,no,no,0.5899596214294434,1,1
learned_hands_consumer,embed_large_logreg,0,4,387,2a45a35e29096acb668fa0ef232d5755b039d19bbf414f441fa03b6c6964e833,no,no,0.5891389671224664,1,1
learned_hands_consumer,embed_large_logreg,0,1,388,db01549ee1c2f8c8cddf1988e9091c11b9c05afae796574b4aa7e58eeebe1ec7,no,no,0.7154040336608887,1,1
learned_hands_consumer,embed_large_logreg,0,2,389,63faab04056ecaa75521d5f981daa271b06f41399397a77f5b18772f7982501b,no,no,0.8572458028793335,1,1
learned_hands_consumer,embed_large_logreg,0,2,390,ae83caf06a839c78cbe1c040b85f5774b377a68c7cd5ca4e2df1e6b808f5c1b1,no,no,0.971448006055221,1,1
learned_hands_consumer,embed_large_logreg,0,3,391,9a3dd5e4246141a2e5cb3351f2f44bd41b29e28912043c8883ba1ee127ba989b,no,yes,0.5782888531684875,1,1
learned_hands_consumer,embed_large_logreg,0,3,392,df2ca5f08012ee422366badb625b7e85f8f8d13eeebbc8ec9a4e52cb9755e245,no,no,0.5579192472124324,0,2
learned_hands_consumer,embed_large_logreg,0,0,393,77b2b7af3d2e7d92346d21688da079b282d2e31d80505b4c19a05b664ed10fb6,no,no,0.5555620359051834,1,1
learned_hands_consumer,embed_large_logreg,0,3,394,ce03177700db149631f5a0748437e3e8ce566671b3939640d10d100e63e3fd16,no,yes,0.5019734501838684,0,2
learned_hands_consumer,embed_large_logreg,0,3,395,a47f0ccc3396c563d1d54cfa509c381c6e8ffadc05e947351c2c88540f5992b2,no,no,0.57187420129776,1,1
learned_hands_consumer,embed_large_logreg,0,2,396,d28d9b72ec96132abafad4420752c4f56363e197e4763aacee93a17b42e571ae,no,no,0.590949994595349,0,2
learned_hands_consumer,embed_large_logreg,0,2,397,c6571efea3285b8369d41b3dd25ef48c253a0e321fcaeefa5d4e89023afe6cd5,no,no,0.9125954644768755,1,1
learned_hands_consumer,embed_large_logreg,0,4,398,3f37d027870da81cb661495002a1a7fc86a664b28df5b372c3384fa16ab115db,no,no,0.5788739919662476,1,1
learned_hands_consumer,embed_large_logreg,0,0,399,1195fd2a250615c2ef282030a1bd1f0805e2944f0343faea81ddf121d0ccc994,no,no,0.6118752956390381,1,1
learned_hands_consumer,embed_large_logreg,0,1,400,52755383856e91c2af9d9af2cb1b6b5e2474b17de3d5bc750e466a0cac60f774,no,no,0.7116608831781412,1,1
learned_hands_consumer,embed_large_logreg,0,0,401,79a5f35751c76695e1441ec78b28a225fca1c41ea9c82882b2fc5535aa52607f,no,yes,0.52604740858078,1,1
learned_hands_consumer,embed_large_logreg,0,4,402,e8b28f4ace8f9d83a962e68403786fac2eb9f58c6f2f6f2fb4f640879cb943c8,no,no,0.6259956173302049,1,1
learned_hands_consumer,embed_large_logreg,0,3,403,49b50604e1e593b1474257b9770d20e0a60ddcf54a8b6890e153124f746b8275,no,no,0.6595221954441725,1,1
learned_hands_consumer,embed_large_logreg,0,4,404,9d7dcd2eae72e13950ca10701a907c961252af1dd61008203f0937eed002f2d9,no,no,0.567475438117981,1,1
learned_hands_consumer,embed_large_logreg,0,2,405,3f5ca9261b2891516e2a5d24447411595d9562c1ff20862e0b1016f7ff1c32e4,no,no,0.8640072345733643,1,1
learned_hands_consumer,embed_large_logreg,0,3,406,4e20b69b4d085a8af12bd1e5f9d7e6232d82ab680cfc25e9a64195c6513cabd3,no,no,0.5384334165324742,0,2
learned_hands_consumer,embed_large_logreg,0,2,407,9000d55fade254c6ca05e4c143c5341da66479eca3cc7fcba053382ab0a06d2f,no,no,0.8434791313565037,1,1
learned_hands_consumer,embed_large_logreg,0,2,408,1d4a66a5ebbe0fede76d2d78db8f5fc9f6c99b17daeca5cfecf1d41b10cf80b1,no,yes,0.6366207599639893,0,2
learned_hands_consumer,embed_large_logreg,0,1,409,c6ab1cc27fcf3c46640e8614bb3cef65334f694f0dc7ebf7c14f0f95ff582cff,no,no,0.6535877585411072,1,1
learned_hands_consumer,embed_large_logreg,0,3,410,2808314a91f63cd0f210000ca0d99e536b41a5ef2a38b09b99706154ed097563,no,no,0.6048591136932373,1,1
learned_hands_consumer,embed_large_logreg,0,2,411,add411cc48fc3dd30ad7eef9eb447a04c306289987db61ee0f1a60eec669366a,no,no,0.9109486273605478,1,1
learned_hands_consumer,embed_large_logreg,0,4,412,c5e98cba61f5b7e99d394fd52e37b44f2fa2d4bd59a64a4fa6df5eb9c7d968ee,no,no,0.5921112895011902,1,1
learned_hands_consumer,embed_large_logreg,0,2,413,b065f229dea495ea981117badbe33bbb78f927032d079f6b45b57b9ff319ee3f,no,no,0.7900292991106108,1,1
learned_hands_consumer,embed_large_logreg,0,3,414,ba9af4f96d08829a0c9ec6aba9efeff3a00a2093dfdfbd72c8bd45f2bc9e6a69,no,yes,0.5184877514839172,0,2
learned_hands_consumer,embed_large_logreg,0,0,415,5d18d68c26e2f66f512fe9593484b459f2bcea6aa210183c392cf7ad40ddb4f4,no,yes,0.5165207982063293,0,2
learned_hands_consumer,embed_large_logreg,0,4,416,e78402c565c5685cfe8d6f3023b3e7d2a6cacb870295e754ff3c7bd88851a1a7,no,no,0.5074247273035266,0,2
learned_hands_consumer,embed_large_logreg,0,4,417,83791c54b327f91dec027e1575b5e0d327a0464147f41406fc441098e5403ca6,no,no,0.6038929403988403,1,1
learned_hands_consumer,embed_large_logreg,0,2,418,2054be735fa66a7be473f7d8d284cc496f2873f3c0ac26935232ccd60f9de832,no,no,0.9473397802363319,1,1
learned_hands_consumer,embed_large_logreg,0,4,419,bab1e0749854088c9ef136c8cc309c034a76a764cfc21fc0ff53362e4861636d,no,no,0.5620163511628999,1,1
learned_hands_consumer,embed_large_logreg,0,1,420,27beb276d0fba5a8e870d21c77162c178327fc1ad4e1c391cbb90aa0b33604e5,no,yes,0.5498277544975281,1,1
learned_hands_consumer,embed_large_logreg,0,1,421,a1f504238378627ada42e6b4a5188dc174b5f75652a150163843892064abb22d,no,yes,0.5055620670318604,0,2
learned_hands_consumer,embed_large_logreg,0,4,422,a005428946110152b42b0ec6663ca35a25f83f6d59f5b03454dc6b5ded6ed03d,no,no,0.5973560988115102,1,1
learned_hands_consumer,embed_large_logreg,0,4,423,9cbbae94185f89046b6054bb9bccf79344fd2aa88fe2a30fc15f75d34aacbef3,no,no,0.5850640535354614,1,1
learned_hands_consumer,embed_large_logreg,0,3,424,3be047961cac24031e53731a39990092e5be49c19c1bf50858f360635095935d,no,yes,0.5825275182723999,1,1
learned_hands_consumer,embed_large_logreg,0,0,425,ce81291a07edef587b6b3aadc6149395b531a8bc2ccd91e5c553fafdef0a6317,no,yes,0.510160505771637,0,2
learned_hands_consumer,embed_large_logreg,0,4,426,e39dbe75b89613b758ebfbe9bb10832f0a92b0a0f06161e751f68ee02db8bc9e,no,yes,0.5135504603385925,0,2
learned_hands_consumer,embed_large_logreg,0,4,427,77f8b279f1b0c7568831f06897e485c63de90d157e9f5bdffc950d8b5339b76b,no,no,0.6155118942260742,1,1
learned_hands_consumer,embed_large_logreg,0,4,428,196d1c980028958aa696f055758fa3b2f6507b7e90205d1bb8c1232f9ed33879,no,no,0.5543995930433394,1,1
learned_hands_consumer,embed_large_logreg,0,0,429,867ba8abbec80d2ad80edb9dbea0eda8dc5dcbafdfbe36aef9c42b95537f0f61,no,yes,0.5100213289260864,0,2
learned_hands_consumer,embed_large_logreg,0,4,430,72af3f1cbcff79519e8d830ce39f1aaf8bc7b8e3c6a420f8e0cd0db3ab43e396,no,no,0.6066022100032035,1,1
learned_hands_consumer,embed_large_logreg,0,0,431,8ccfee9549ab36622cbef033779481a4709533ba1916a502e4daa4bee8356d6f,no,no,0.521335855762239,1,1
learned_hands_consumer,embed_large_logreg,0,4,432,f86e733c4aa27750c91274e7c1d24ef7fdb6886dedd3cd183e02ae97b21b71a1,no,no,0.5259593725204468,0,2
learned_hands_consumer,embed_large_logreg,0,2,433,4e5a84a0e6bc8a79290a97622c2e27f93f35d3bc1d958a174621ce41587bc723,no,no,0.6808470690502842,1,1
learned_hands_consumer,embed_large_logreg,0,0,434,60115ad7adfb7cd44dc9d3974fa6e91f75d4314b459afb6ad7cf046ec468f5d0,no,no,0.5885924696922302,1,1
learned_hands_consumer,embed_large_logreg,0,4,435,c2f8f30d2f33de3ff6d230fe420907389008f3f32d850a0d46c02bed9d4d96a6,no,no,0.5740690060237347,1,1
learned_hands_consumer,embed_large_logreg,0,0,436,c260b7498f71fe45f1424fd2b9a9839f565e405a7d4dcec0225cc32b31aa3ddf,no,no,0.5099756121635437,0,2
learned_hands_consumer,embed_large_logreg,0,3,437,946f42d7871538b510e3f3addcd2c214d51128c8b0d1497d15b7386ba0a1356b,no,no,0.5855658650398254,1,1
learned_hands_consumer,embed_large_logreg,0,4,438,2ccf77520a102a3a7f63b623e6874716be7a1cf26d8c0f666f6e7470e9e4c438,no,no,0.521912947950153,0,2
learned_hands_consumer,embed_large_logreg,0,2,439,a701c75cc7ffd4dd2d848114d88c55877c21ca6bc554b06f7a780af98fdede78,no,no,0.7419464809282565,1,1
learned_hands_consumer,embed_large_logreg,0,2,440,1512241f1c901913c1bcb63d7c6958e6e29007920502c9eb4c9eb5dfdc429779,no,no,0.7226160168647766,1,1
learned_hands_consumer,embed_large_logreg,0,4,441,8efb01893e2894f9a68dd4abe86e1aa3273c502cb488596dc29f5385ecaeb2c7,no,no,0.5536457896232605,1,1
learned_hands_consumer,embed_large_logreg,0,0,442,1d2a94502aece3443e17b2cb63dfe225b7a8aeebd081ddb65e6bb2f671212a17,no,yes,0.5101646184921265,0,2
learned_hands_consumer,embed_large_logreg,0,1,443,0163ad6ff34e85877a0adf35a59c1a346599711f69d7bf4891317aada189c78b,no,no,0.6166070103645325,1,1
learned_hands_consumer,embed_large_logreg,0,1,444,8bd8da3916ab6140c8983ae16bcdb2e8e857d786d5b0a809729486e67a0812d0,no,no,0.6882306132247862,1,1
learned_hands_consumer,embed_large_logreg,0,2,445,04302b33dfe27e60dab505555f6ba88813973ef1386f0c8b08205ee51891f0e6,no,no,0.872734572670894,1,1
learned_hands_consumer,embed_large_logreg,0,1,446,1afd1fc0fa21504408f161026b0213f082b591b552e5a77213bf65d60bf4612b,no,no,0.7351199984550476,1,1
learned_hands_consumer,embed_large_logreg,0,2,447,d1d3852aceaedd7f13c819c848f14ecc6dc897da4bfa78ed063ef32ce2ac63d1,no,no,0.8191020366683299,1,1
learned_hands_consumer,embed_large_logreg,0,0,448,04a31af43a0322d4e234770268a71818baa3b9f7193dc123c6ce1e4fb24f3e72,no,no,0.5542235209279203,1,1
learned_hands_consumer,embed_large_logreg,0,2,449,a8e84a61c494345c5650ad8117693f333deabc9e041a3b4a22aa1d06393231ed,no,no,0.8032235026839898,1,1
learned_hands_consumer,embed_large_logreg,0,2,450,0854abafaea9b69c2c49c5f64e9f3c95f596dea3588670571b1ed57b744f59a5,no,no,0.7258788130915519,1,1
learned_hands_consumer,embed_large_logreg,0,0,451,9f25eaeb6f65236347aee880ca9534bfc163ad085b06fa72eeb67b405f5f1d62,no,no,0.5654734541616874,1,1
learned_hands_consumer,embed_large_logreg,0,3,452,cbfecefec8a53e69aa8f367aea02a4727b7ee5554da9e45a38e31f065cc3c169,no,yes,0.7158761620521545,1,1
learned_hands_consumer,embed_large_logreg,0,0,453,bc4a406688a7b5efef17bfb1b4edbc67f35a63b3de8702b8068df824d666583b,no,no,0.5287057318897763,1,1
learned_hands_consumer,embed_large_logreg,0,3,454,1c6dd5d561b55e7031e5f2adc0da0e9723f06c4b23e08e8904fc1e27c13cd9c6,no,no,0.522285922697606,0,2
learned_hands_consumer,embed_large_logreg,0,3,455,932d945f027160e21bfd51184d91d8727cfdf60e72226309e7516cc368fdc515,no,no,0.5513123869895935,0,2
learned_hands_consumer,embed_large_logreg,0,4,456,27da743642e6fe9e9f70f9ff5b3c8febcdf419aed6c38e5e67fa09294c9d6ab9,no,no,0.5629174113273621,1,1
learned_hands_consumer,embed_large_logreg,0,3,457,74043fddd5dce444be8d653b1c6f225528ef532997c766cbce4e5c660ade622d,no,no,0.6085834503173828,1,1
learned_hands_consumer,embed_large_logreg,0,2,458,f417273fdbac343a73e3321b40e14d3eafed51eea5cb6c8b788b4ea1eb0afd8f,no,no,0.7495802417522597,1,1
learned_hands_consumer,embed_large_logreg,0,2,459,df68371ca953f13c782ca05591a597acc4b878650efb047c1d8da558f203219e,no,no,0.7563926206944174,1,1
learned_hands_consumer,embed_large_logreg,0,3,460,5a1f2ce82b72f9c1266df09ac2c4d257aa3bee8f5b3972e0fc839db712595ca9,no,no,0.6485788226127625,1,1
learned_hands_consumer,embed_large_logreg,0,3,461,0b54969a9e57430db4a328e94f100a2c17ce2ecd53896ee28aa064697a2b1d8d,no,no,0.5494984552114741,0,2
learned_hands_consumer,embed_large_logreg,0,0,462,0bab903026b7c3c9333fbe20f96dcdd314852e6516b76ab0c53d206790eefac6,no,no,0.5804606080055237,1,1
learned_hands_consumer,embed_large_logreg,0,1,463,41fa77f140f955deec510a2825da39c611b3256f06db66f38fab47e7b78d20da,no,no,0.683358768124617,1,1
learned_hands_consumer,embed_large_logreg,0,2,464,2425edeaa0bb4c18efdb8f3cf3549bd1e238423ef48243512eb592127b04ee0e,no,no,0.7646794091260609,1,1
learned_hands_consumer,embed_large_logreg,0,4,465,987eae7153585e7a2a0d88ba16f6807b131129542c68eb9138781ebed69e8cc2,no,no,0.5549560785293579,1,1
learned_hands_consumer,embed_large_logreg,0,3,466,b24b2625eafa8e1b32b1e246012edbc8db39764b08f08c67c920f3b3350fe9ea,no,no,0.5990657627860975,1,1
learned_hands_consumer,embed_large_logreg,0,4,467,35b9bab2880db0b2d36d825afd233bf57bda9e5eef479a37b70a41a36c5a5879,no,no,0.5536822080612183,1,1
learned_hands_consumer,embed_large_logreg,0,4,468,6f958da8adbf8531a95cda9abd9c5210f97bffa964d37b7cb0442bcb31d14c37,no,no,0.5356569886207581,0,2
learned_hands_consumer,embed_large_logreg,0,0,469,9e30b352d1c79225ed762c8ded34d155a8f1a9acb805c8f881ea24631aafaca6,no,no,0.6035759628884781,1,1
learned_hands_consumer,embed_large_logreg,0,4,470,6b2d81f7309dbbad5fd9af0af6a0d5e5c76e6ba2b87feadee3468b273edf16ad,no,no,0.5003186613416273,0,2
learned_hands_consumer,embed_large_logreg,0,1,471,eaaf0b7320c280140ad331ea0601675c5fd7ff6a885286c80d46ea113a3cab17,no,no,0.6654175718253127,1,1
learned_hands_consumer,embed_large_logreg,0,2,472,4e19f210464ca73a7f7a58cd3218cec482dee93c4f53abed18732ac581733e3c,no,no,0.8659080266952515,1,1
learned_hands_consumer,embed_large_logreg,0,0,473,4115fad9f9b83db5ecb78a9be61669ad1018516abc1227f075d62f7563f98f22,no,no,0.6042140126228333,1,1
learned_hands_consumer,embed_large_logreg,0,2,474,f0cadb5492e0ec183a3a3ea7616ae472ae6eff8bbcd445c563fa7c23da261ca5,no,no,0.6549359755198948,0,2
learned_hands_consumer,embed_large_logreg,0,0,475,531a57b154dbd769d4108e15531d27140a960b9c18d233351c7d62f188b8f6f1,no,no,0.5624016355752457,1,1
learned_hands_consumer,embed_large_logreg,0,4,476,8fa4139dbe239bba25434909e55f2fa80c50269832bb68550d65299db5619836,no,no,0.5996177792549133,1,1
learned_hands_consumer,embed_large_logreg,0,0,477,9aec94ea158756c81b27ab95c8b331de3d51619d6ed22d22437d837182c56810,no,yes,0.5129531025886536,0,2
learned_hands_consumer,embed_large_logreg,0,1,478,dc31283a842264461700a1d07d553bc3be03295a75df6770fa6c06015b16fc4d,no,no,0.6559438900930848,1,1
learned_hands_consumer,embed_large_logreg,0,0,479,d8bcfed355b99213c89ac1a9ff427c6c4b1ed05f140ef324e243fdff43ed062e,no,no,0.5732322760453142,1,1
learned_hands_consumer,embed_large_logreg,0,1,480,01de597cf467f8e74cdcd5967327e64399908a15ce5348852dd9dd952a970715,no,yes,0.5656142830848694,1,1
learned_hands_consumer,embed_large_logreg,0,0,481,6d3f546cc7e65f909112f42a52f7c36c1144c6845909f5c0f68d093fbfcdd8fe,no,no,0.5175773501396179,0,2
learned_hands_consumer,embed_large_logreg,0,3,482,76ed3dfb2ec9e6a39f0bdd9bfc8057cdacba2af71015e9bdb02dc0313489169f,no,no,0.6346323301007649,1,1
learned_hands_consumer,embed_large_logreg,0,2,483,931e120b8c3a8979cf4a37513bfbbf87c5b064b350a60733e2408dda7477646e,no,no,0.9449662146152223,1,1
learned_hands_consumer,embed_large_logreg,0,1,484,cecaae8addd481078cd53a5a69e5d8da4b6a98a516613269f4137b01782983d7,no,no,0.6487673714389613,1,1
learned_hands_consumer,embed_large_logreg,0,1,485,b07d2a4ff6a8dceaa18e35705a350c09b7e7f46cd67cf1e630b3cf325c46cc0f,no,no,0.6096518635749817,1,1
learned_hands_consumer,embed_large_logreg,0,0,486,012a4657825e2d7e50ec63501a9322690acfd4226e288797e79c2df8d26962ba,no,no,0.5519771740429751,1,1
learned_hands_consumer,embed_large_logreg,0,4,487,20b699538b4fb5aba69b8c97153f171766a2c4674e8e33eac9eebb1206529fe5,no,no,0.580472248210676,1,1
learned_hands_consumer,embed_large_logreg,0,1,488,c837c365cb2af81ad03b9121ec3ef43ab40d330362b3b4a17acbdc6fe37d85d0,no,no,0.7138737440109253,1,1
learned_hands_consumer,embed_large_logreg,0,1,489,ed3eae30ccd079f9f129d55e81fae1839ca02ea3e96d61c56b1ccf55fe84687e,no,no,0.6016270518302917,1,1
learned_hands_consumer,embed_large_logreg,0,1,490,18d65e6e4ac267b954fab721a8d2cabcf4346e461537cf69de5e72f51a7c5a79,no,no,0.6061658263206482,1,1
learned_hands_consumer,embed_large_logreg,0,0,491,1de0c196d21d27621ca7c6e1b0386331881a85a41a05c700ff3c5d698d48eaae,no,no,0.5259062051773071,1,1
learned_hands_consumer,embed_large_logreg,0,3,492,daaaa7023a2b99c5064d440cbb801b79c0f04aca364a814e84dc1c4dfc3865d0,no,no,0.5030724852361534,0,2
learned_hands_consumer,embed_large_logreg,0,4,493,ba5d6e2c09e4d63bb1beb689879578b510654791dece0cda170619655fbe60bd,no,no,0.5421620445799218,1,1
learned_hands_consumer,embed_large_logreg,0,0,494,0769d7b7837170d8be575bfc0f6247cb8aa473af2eea89363f68c41a10d2c7e0,no,no,0.5854188799858093,1,1
learned_hands_consumer,embed_large_logreg,0,4,495,cc8b2d0978320bbe51dc5e4b1de74ef4b9b277de2e23e12d234df5eb07e460e7,no,no,0.5613314509391785,1,1
learned_hands_consumer,embed_large_logreg,0,2,496,e613741978772ff2af35a8e2703f6574aa51e0f59b958d0ac40bd784a691696c,no,yes,0.5155206918716431,0,2
learned_hands_consumer,embed_large_logreg,0,3,497,30fc1431cc1bd1aa3cf2160a194f94ab74b259ec3b1a245d9a44d4c7cd36702f,no,no,0.7056345729340741,1,1
learned_hands_consumer,embed_large_logreg,0,2,498,3e84f9a77980c8201610e1fcd383fac5825e27ba6d5747b53d07a15d820d1826,no,no,0.865307940025746,1,1
learned_hands_consumer,embed_large_logreg,0,1,499,45f440261959716e956eeb1411ef4686bed9e9775d8fda7f31816a338fa7aa25,no,no,0.7258703112602234,1,1
learned_hands_consumer,embed_large_logreg,0,2,500,3369d09eaa0b33274bebd84d0cf53afc9ebc6dd6dbc8f7ea6cdc98d71324c90b,no,no,0.5891773876302656,0,2
learned_hands_consumer,embed_large_logreg,0,0,501,310cdecdcb36d755a158b4b234f965e433bc5d653ce95ec34814c492542b6e9d,no,no,0.5283166170120239,1,1
learned_hands_consumer,embed_large_logreg,0,3,502,3f4cf00bdfec2adfe98cd9ed014b1bda2da6b65d534ee0ae60f5a1f4cc7d8bed,no,no,0.7232310987481803,1,1
learned_hands_consumer,embed_large_logreg,0,4,503,bb5add493ea70afa2c752943a32010d534375afbf274f76364f5fd08c8551486,no,yes,0.5310394167900085,0,2
learned_hands_consumer,embed_large_logreg,0,3,504,04a671661b4a945504156fd0073b7bf79e85f7d32382c0d0180634ee46e850af,no,no,0.6291089245411433,1,1
learned_hands_consumer,embed_large_logreg,0,4,505,fd1fe8184fbcfa582a0b2176a6b8d3a33eb68e84c3e941c4565a70212f082b27,no,yes,0.5423555374145508,1,1
learned_hands_consumer,embed_large_logreg,0,1,506,231ee3f5f275519cba825473068fc96cf01d3913b5d14fb747b2bda5abc8ab6f,no,no,0.615483540758,1,1
learned_hands_consumer,embed_large_logreg,0,2,507,6739991faf5aa8fa1e6c64dd6d08390a1287fc09742cac2994b33432d5338df2,no,no,0.7381026148796082,1,1
learned_hands_consumer,embed_large_logreg,0,4,508,37ec98dd44986f754e0baa73863d4c9210b359d2ba344ae645cbc8abb39da92f,no,no,0.5414571762084961,1,1
learned_hands_consumer,embed_large_logreg,0,0,509,b49a2505659c683cb11a3df13847ac8045a46adfd8192d2c76391a8803a1f4c8,no,no,0.5894437852667634,1,1
learned_hands_consumer,embed_large_logreg,0,4,510,a8217fa585bcf051c42ce021792455104c0b30538cee9d1851b1d4287e25e0f1,no,no,0.5577105283737183,1,1
learned_hands_consumer,embed_large_logreg,0,2,511,e9985a996c1b2327f2216eff3e962fc84a378f193e0d95ba12e5529bf99d15a9,no,no,0.9421899494191622,1,1
learned_hands_consumer,embed_large_logreg,0,1,512,df1f494b116ab1943fdfa5b41fa750c836fe604c800651280911f0dc4580a3f8,no,no,0.6427255677364597,1,1
learned_hands_consumer,embed_large_logreg,0,3,513,be04d6d56aebd1e9f64044842226e835ae6154a25190109a1e2e0693bee8e9c3,no,no,0.5568760467506633,0,2
learned_hands_consumer,embed_large_logreg,0,3,514,da3a06f0dd47af3a2b4ad51ae4de160a3f203e163224d6995c3218e0611096d0,no,no,0.6077974853575979,1,1
learned_hands_consumer,embed_large_logreg,0,1,515,5c56a2375937744f352e8a6ee8be863d82c01648dadf59d6e0540e4d4cd3aa63,no,no,0.7516355626528795,1,1
learned_hands_consumer,embed_large_logreg,0,0,516,77ff7a6cc1e79bc95cfd0df1cf2351b19e130cc482374a04d5967c1a85d54773,no,no,0.5438563227653503,1,1
learned_hands_consumer,embed_large_logreg,0,0,517,4a00c73ae7c6524fa4c17e987d72c3f6fa272236cacd79ed166db4d45eebb2aa,no,no,0.521930456161499,1,1
learned_hands_consumer,embed_large_logreg,0,1,518,57d7010f1071da7d8e1852e639021c19ce4b58849818194549f19da7d793ed5c,no,no,0.5071375370025635,0,2
learned_hands_consumer,embed_large_logreg,0,1,519,b0346537dd7db9e6927d457dddb797ca2160ccc494e76289b9cefcedf036ceb3,no,yes,0.5531986951828003,1,1
learned_hands_consumer,embed_large_logreg,0,4,520,c2be9f06745a8c52db0133bd1fd943903f7fbaa625b0d3d34c2fce9d0ae875e0,no,no,0.6221321225166321,1,1
learned_hands_consumer,embed_large_logreg,0,1,521,75d05aaa2c22410aa8b7fffcafce5468bcd99117194cefbea4e1ac86f5f351f4,no,no,0.6223074012307107,1,1
learned_hands_consumer,embed_large_logreg,0,3,522,db05d6507e5e3fa1d10142d3d8a1447182ad4bbba3e4a8370275f7fa482603f1,no,yes,0.515771210193634,0,2
learned_hands_consumer,embed_large_logreg,0,3,523,0cd164612e455d558e41fa9eeac7cdf9afda934ca9be5ff6ca58723a0d4f1a00,no,no,0.5621940493583679,0,2
learned_hands_consumer,embed_large_logreg,0,2,524,64748ff82f5a0b3935c4b036e55eaa3dedc4952ea2df451bb4489eeb560981ca,no,no,0.8778416848825906,1,1
learned_hands_consumer,embed_large_logreg,0,0,525,b84cafbdf8906d4952f89b6677c260f193b288cde9bd9a044da00429a5c1788c,no,no,0.5788072347640991,1,1
learned_hands_consumer,embed_large_logreg,0,2,526,c2c2b5dbf3e12a911a20a8938927cbc7333ac84a79c8659cefb4366be01ff7c4,no,no,0.8921085596084595,1,1
learned_hands_consumer,embed_large_logreg,0,4,527,60c6f915b166a49f3d467e29663aefd916fdb4febc3aed6e9f86dc861d89cdb0,no,no,0.576509969726502,1,1
learned_hands_consumer,embed_large_logreg,0,3,528,5b8d9992b62967320c49f0330151d6b9b87e86c8b4abbfb6622903ab97a5142b,no,no,0.6558809876441956,1,1
learned_hands_consumer,embed_large_logreg,0,1,529,57d3ccebff848e81befa244f69489b9a171ab42168f6bbc6325439c85b7b0df5,no,no,0.6412696242332458,1,1
learned_hands_consumer,embed_large_logreg,0,1,530,dcc018d1aaf56509688079bc8783b9b23e0de1b677409b02d41284d2fca9040c,no,no,0.556715190410614,1,1
learned_hands_consumer,embed_large_logreg,0,3,531,4d5492ff6e79ebaf69bd06ebbeabe63809050a927815a156c8a8972229eba0ba,no,no,0.6968598961830139,1,1
learned_hands_consumer,embed_large_logreg,0,2,532,ca3ecf1c1ef162d48d1f7e17896f1037dde115892608733e846ec86140631f89,no,no,0.7021134495735168,1,1
learned_hands_consumer,embed_large_logreg,0,1,533,0305a9b842d8022160096d7a46730fab12122cf58393b7bcfe6ad6852162bdcb,no,no,0.6857209205627441,1,1
learned_hands_consumer,embed_large_logreg,0,1,534,3d57a7bd684e91a426d743d44a7a8feae1ccc11b7320dc7c64cdfff7f5651caf,no,no,0.6176927089691162,1,1
learned_hands_consumer,embed_large_logreg,0,1,535,f5d5f15ce9ba190a7120001abc42f1cf21e20e7f2a019fd07a91090882dbd6f6,no,no,0.690495630815495,1,1
learned_hands_consumer,embed_large_logreg,0,4,536,903fd0d792e220feea54ad37c84686d6e6b8e59535fa16d13bc36658f1fc28c8,no,yes,0.5410876870155334,0,2
learned_hands_consumer,embed_large_logreg,0,0,537,9d9b4526cbe24d2a6f2890adb86aace884014a95851e78352d3f4ff1cdcc50dc,no,yes,0.5013911724090576,0,2
learned_hands_consumer,embed_large_logreg,0,3,538,30a2b5df9ae4ed2e010f7c2d068372ace7e2577350940484bb48430ae9ea7278,no,no,0.6139230132102966,1,1
learned_hands_consumer,embed_large_logreg,0,2,539,14dd48f8f89acc71cb973a464b51478fbbeeac5361ae069ccdf18c010692573b,no,no,0.9448456482635246,1,1
learned_hands_consumer,embed_large_logreg,0,3,540,60cec153bbc5f214e7135f4d89ed8528e27743234f4739a1eb92e34f1ff44d86,no,yes,0.5073699355125427,0,2
learned_hands_consumer,embed_large_logreg,0,2,541,5588471057013e09e22216f158d5fbdc584f612606d94687c13be4b2e55f5896,no,no,0.6794314181974107,1,1
learned_hands_consumer,embed_large_logreg,0,2,542,dc192552b483d0ac3a6d1651b8e21b40837a9426816d9e3f64498e131d76e734,no,no,0.7607624304067364,1,1
learned_hands_consumer,embed_large_logreg,0,0,543,f1f6e92601fdf06f7ca1a57e7556c20884dc45c096f396b9e825f5e32c0f7a59,no,yes,0.5328061580657959,1,1
learned_hands_consumer,embed_large_logreg,0,2,544,3c76189ba90d25579e258776ba63c3c30d8b7d53a978703cf331ee251b4e5890,no,no,0.7753928303718567,1,1
learned_hands_consumer,embed_large_logreg,0,0,545,43a6bc4480553f9b0a214f75f6d48c8e8ce7abc4b7be882e01a9e9df8108a1b0,no,no,0.607399582862854,1,1
learned_hands_consumer,embed_large_logreg,0,0,546,3da37e63dffad75b2ee9a58d491a68e212af0b7d71ac858045a8657165bfadd2,no,yes,0.5368199348449707,1,1
learned_hands_consumer,embed_large_logreg,0,3,547,58137e64ac41ed8e7e81d207383d87b5226b5658728837915a21ffd225d0754b,no,no,0.5316717783114844,0,2
learned_hands_consumer,embed_large_logreg,0,1,548,c9760c7df4fc3eb826bfb31e080137911ab35ae7f2295614373536be38ff7a63,no,no,0.588113290425739,1,1
learned_hands_consumer,embed_large_logreg,0,4,549,f68d2b36b0aa1fe05ff7cfefd1bef8b411b59bfd2547573231a9358ce4a847af,no,no,0.5232581936342062,0,2
learned_hands_consumer,embed_large_logreg,0,3,550,9d038dd0243eecf6b7473c2626d4e82af31cbb7798372022403db2c53aac85c4,no,no,0.6627519328222254,1,1
learned_hands_consumer,embed_large_logreg,0,1,551,1f966f4c818ddbda27cb669513c943ee46d73d5252c0de4770bae3e0b1407c6b,no,no,0.6206762605703992,1,1
learned_hands_consumer,embed_large_logreg,0,4,552,47f5ff1d7bfe7621611a502c23a7ceff9d308e2a1dabd5f29755fb341ed42da2,no,yes,0.51336669921875,0,2
learned_hands_consumer,embed_large_logreg,0,2,553,d4edcad2012a13062a63322c80d9dda6748d539f3ccc68a8ca8515cbf779e532,no,no,0.9259602954539634,1,1
learned_hands_consumer,embed_large_logreg,0,2,554,ba2d5b4602e83fd349fad98b24b38a99bfe1443da99a67d27ba98c8d58a7b182,no,no,0.930615551252779,1,1
learned_hands_consumer,embed_large_logreg,0,1,555,a6dd6a0f17139acfd501f939d766455a6f082f486b04d50843f5897c950f5a6b,no,yes,0.5957257747650146,1,1
learned_hands_consumer,embed_large_logreg,0,3,556,a1ec095ee15753680fa1dcc2cbce2e048c960c54a4c671af2b889ff01c2a78b1,no,no,0.5335880358937968,0,2
learned_hands_consumer,embed_large_logreg,0,0,557,f50ac2f7ee90df358f730bee0cc541912730af6dc27f334b51ce011788751780,no,no,0.5166729842624957,0,2
learned_hands_consumer,embed_large_logreg,0,2,558,6dbf7b018c755e5418a5bb8020c0e3e0b3b6c2802141270907880a6f7cf37e03,no,no,0.9266457488637734,1,1
learned_hands_consumer,embed_large_logreg,0,2,559,8028cfbd1a2e6305634a58811aaf0ab86462c0aba3c14fb71b4e2d5c466e76ed,no,no,0.9451251241220189,1,1
learned_hands_consumer,embed_large_logreg,0,0,560,9a51675376b7b3914122130018ee7839fc678cd936b6b9ab2de64d3095595d93,no,no,0.5569163726841322,1,1
learned_hands_consumer,embed_large_logreg,0,3,561,46db7874bb17bd0bfc4da9f20d511677c89d9d72e7616f5d2fea321d16a4d2c8,no,yes,0.5234856009483337,0,2
learned_hands_consumer,embed_large_logreg,0,4,562,703e4efa32ffec639b9f5832aba111107a1d6a46aa78b9f0bcbf55786e115a58,no,no,0.5875590443611145,1,1
learned_hands_consumer,embed_large_logreg,0,1,563,7deec0af5174e4beb0d092237b7a51ba2fdd2750e9d0d6b70fc7c0a7dd3274b5,no,no,0.6537286237993426,1,1
learned_hands_consumer,embed_large_logreg,0,3,564,9f89ce31649f5aadaf8602b1ec128212bc82f53bdd4b070be2656d39389bfd3a,no,no,0.5076020359992981,0,2
learned_hands_consumer,embed_large_logreg,0,4,565,52c676261b9c0ec1700eb1af704f89bafe5d3cc2fcde6e3e53ec8d62cdd6d2a4,no,no,0.5718187264150002,1,1
learned_hands_consumer,embed_large_logreg,0,3,566,46c570bb238fa00c335738e90e9894fd264ea59da9a43983805ace67cda3babd,no,no,0.6551717519760132,1,1
learned_hands_consumer,embed_large_logreg,0,1,567,0cce10f57330f13a1fa4583d7fcbaea0ea54631244d26f8a6d66cacba2bc5e86,no,no,0.6067952513694763,1,1
learned_hands_consumer,embed_large_logreg,0,4,568,23d530283c7fa6d23eb17ed2448ff4204346f82e1ff6bba839e171c25a835f45,no,no,0.5755864553328293,1,1
learned_hands_consumer,embed_large_logreg,0,3,569,1c260489f250e26aa71f0f67af2d93564ae951b62570cc33391ef77909e9ff99,no,no,0.6072364449501038,1,1
learned_hands_consumer,embed_large_logreg,0,3,570,a069da037392da85deec01ab7ac053f17bb4d2f8fef4cefb41ffe8b522d078f9,no,no,0.676880816314196,1,1
learned_hands_consumer,embed_large_logreg,0,1,571,524bb5bf6132a668b140a529e1e06fd9231839d3f515499d615f2e3cbc7aed03,no,no,0.624297022819519,1,1
learned_hands_consumer,embed_large_logreg,0,2,572,698a24f5972ce2399e34b386818b23e9f4e394b92851cbbbd6edb8b88c1afd5b,no,yes,0.7036828994750977,1,1
learned_hands_consumer,embed_large_logreg,0,2,573,49f564d4ddfce6dfcee859f3e9357c9ab50ff9c0235c7f8261f86942a80bdb88,no,no,0.9758306578128115,1,1
learned_hands_consumer,embed_large_logreg,0,4,574,3ac0c82ca7beef115b86522a5f5f46bd39ba3538af171995361348eafd9b9e20,no,yes,0.5185379385948181,0,2
learned_hands_consumer,embed_large_logreg,0,3,575,867d8d7d603b8ba49fd2224d4e9a4e31af79cb37a9eadbd99a914e0587a6e215,no,no,0.5723718234189802,1,1
learned_hands_consumer,embed_large_logreg,0,3,576,85d2a625103432a6e270c523b2b82873753c1aadea3a856047d52d54f77d7fec,no,no,0.5724306277165004,1,1
learned_hands_consumer,embed_large_logreg,0,1,577,710dc3cc876b848944aa42d1a09e59b9090754a8d9bd4a8ec6a95c1d915c9b4a,no,no,0.5008766651153564,0,2
learned_hands_consumer,embed_large_logreg,0,2,578,085d8a8bf0abb16a3a525ab8ae49de081115d9b133ea5c0286dcc920fa1332ce,no,no,0.7955900549231478,1,1
learned_hands_consumer,embed_large_logreg,0,2,579,b22ac3b6da6efba6a1c054601441ac802d6282b2f6c93b97b3f41378a9f9df7c,no,no,0.9335097461899426,1,1
learned_hands_consumer,embed_large_logreg,0,1,580,a0a8970a8f7abab6606c6c0dc4e4ed89f48960d36710902cbf788bcae8d59835,no,no,0.6480721831321716,1,1
learned_hands_consumer,embed_large_logreg,0,1,581,c830685ae56b6f1b2910c6ab5de01bdcf3e93705d4ae3850481e9ae6a7ec59c8,no,no,0.7840180280205902,1,1
learned_hands_consumer,embed_large_logreg,0,4,582,a2b8614a6474da04bbec6a1b3421b6c93d315cc44e8958073d1b9652801f4710,no,no,0.6176141684536388,1,1
learned_hands_consumer,embed_large_logreg,0,1,583,2fd3a1b7a973326e591034aa7863f5b09e42e05bb1e3f9d6cc311428d449d4f4,no,no,0.5991692543029785,1,1
learned_hands_consumer,embed_large_logreg,0,0,584,f221ac70290bacf70893417c277b4fb7396aa9262713ef18f437e8c1e5da3bcf,no,yes,0.5023132562637329,0,2
learned_hands_consumer,embed_large_logreg,0,2,585,a1f95e95ed3bf1df04e2d7306db27c5cd135ef9ea77def78c12cf2c81619e8c3,no,no,0.8130938885644989,1,1
learned_hands_consumer,embed_large_logreg,0,0,586,2ce709e73ee4451d404c5cdc00ea37833fee0b356b8f16d76ff2479b2cbd353b,no,yes,0.543582558631897,1,1
learned_hands_consumer,embed_large_logreg,0,2,587,618c4d63aaf62f407f26f35d636080cc1e0a032d82f4d1e04c0fb1cf65048718,no,yes,0.7165877223014832,1,1
learned_hands_consumer,embed_large_logreg,0,2,588,4f6bc5578f8ddb17d988262058901424533577bd28369751a61118a761761e91,no,no,0.8665157427412906,1,1
learned_hands_consumer,embed_large_logreg,0,1,589,a9192bcdf65d01e592abf6f0b177a9853ed1c4a2b0ee8742dab11341eaee29d1,no,no,0.634260356426239,1,1
learned_hands_consumer,embed_large_logreg,0,3,590,067cce98506849a73d82e859c38940708382620ea642806d23cbb8de5187231e,no,no,0.5795689821243286,1,1
learned_hands_consumer,embed_large_logreg,0,3,591,b576cd2ec8f9c40c2bb0abe987f064c2f9f1c25f94d4565ddd83377473d48859,no,no,0.5785266333379339,1,1
learned_hands_consumer,embed_large_logreg,0,0,592,5913bc49040be5c85504a852ac0a112f8e7e340d2c39fb67d7067ee3450e5e13,no,yes,0.5100076198577881,0,2
learned_hands_consumer,embed_large_logreg,0,3,593,a25e7edfa72a41526ddc2db76023d27c2db12a24984d2e5a716da973b523f27e,no,no,0.7191540598869324,1,1
learned_hands_consumer,embed_large_logreg,0,4,594,d10b6556e2004b51129b987f5c4531830e2b0822cf2d7017e10a5414707669d9,no,no,0.5297437310218811,0,2
learned_hands_consumer,embed_large_logreg,0,2,595,d6d5572c752218b14019ec07e189728c9b3ddb8d34c3d70488fe782cc31aa988,no,no,0.9235738905465478,1,1
learned_hands_consumer,embed_large_logreg,0,0,596,07573b273be6697368d57299de8abf31240b9402c15219c81c2ee8f9a7f2aa62,no,no,0.5118945240974426,0,2
learned_hands_consumer,embed_large_logreg,0,4,597,6dc6cf31b2c1894f7bcfb26a493a4e5756971e007f5e7be26036cf50c17d7eb4,no,no,0.5719416311961899,1,1
learned_hands_consumer,embed_large_logreg,0,3,598,7aa6dcf85749745744d1eb12d07f65d4b80960c401365645658ffdacc98c266a,no,no,0.57087242603302,1,1
learned_hands_consumer,embed_large_logreg,0,3,599,5d91de0107b67446aed45672dcfdef4f58baf8f1c037cbe894d9bb1e9578101b,no,no,0.6737812161445618,1,1
learned_hands_consumer,embed_large_logreg,0,4,600,684294f8c7abfb0278d36770f016d23248fd859f28c36cd2400da167f3b2b1ee,no,no,0.588448661221524,1,1
learned_hands_consumer,embed_large_logreg,0,0,601,241cef5b8e4490252fa54625f6d6db8138d2f2b6887914926c4714fe63225592,no,no,0.5656143258328937,1,1
learned_hands_consumer,embed_large_logreg,0,4,602,264bdc1770e2864da6160b2fb689ad40913ffdda9bc24da7cd4f73e375da64a9,no,no,0.589447021484375,1,1
learned_hands_consumer,embed_large_logreg,0,2,603,8b25bda48a03414701e65d70dfe129b08d8a1fffbfd6d253c4f8eab80b8e7ef4,no,no,0.9320472091148915,1,1
learned_hands_consumer,embed_large_logreg,0,2,604,a98c95b8dc90508ce61bca07aac73b3000d782c3e8bdb2d8094fa8851213e843,no,yes,0.6444152593612671,0,2
learned_hands_consumer,embed_large_logreg,0,0,605,2e2dab0aa3f72da243e332c4316fe221543965532bf45ff04017e1820a01ffa5,no,no,0.6096613588828254,1,1
learned_hands_consumer,embed_large_logreg,0,0,606,f898c42315c66b3c1b4818313a33706910ac2498fef748ca5f12df32ed4ea670,no,no,0.542354166507721,1,1
learned_hands_consumer,embed_large_logreg,0,4,607,edf5ecdbda4cb86f3f4fd1969bf42ba5a7eededc822406ff5bcdbad487d0ebc0,no,yes,0.5263019800186157,0,2
learned_hands_consumer,embed_large_logreg,0,0,608,41d5caaade46df5dd642cfcc5a1c383a53ea033ab68bf9753d941c8fa472857d,no,no,0.5873965200005925,1,1
learned_hands_consumer,embed_large_logreg,0,1,609,20cf2204cfad79c36173c2020ce3d9d1d7bfe049a4659016961fb1f7d34524d8,no,no,0.638820509945735,1,1
learned_hands_consumer,embed_large_logreg,0,0,610,0970bb84fe7a7ae10755b3ff8e069375c894baa731baadab88c5b85d95df1cc1,no,no,0.5879448827488686,1,1
learned_hands_consumer,embed_large_logreg,0,3,611,53722369d56a509c380ff23472de54953b911d83728e74087c7864d9bf6c5d11,no,no,0.5587353872875984,0,2
learned_hands_consumer,embed_large_logreg,0,1,612,dc4a5fdc229e8eb8b4651e9829068c4a686c371d36c72e2ff9486195b6f27065,no,no,0.6041866720970474,1,1
learned_hands_consumer,embed_large_logreg,0,0,613,1b06f4f278599f2a5f0149ed64529530669a8a3934e0d4e09cf02e4eb40c20b2,no,no,0.6072279033890992,1,1
learned_hands_consumer,embed_large_logreg,1,1,0,a379a87ff3cdf868abd2168b8f7f1448c858c1c0293a0324128a1f9795c2495c,yes,yes,0.818922758102417,1,1
learned_hands_consumer,embed_large_logreg,1,1,1,191f0937cb2c89fc2ee6de2cf962022796a21348bccce723e58dff5138f4aa85,yes,yes,0.8524639010429382,1,1
learned_hands_consumer,embed_large_logreg,1,3,2,23e415128308be018936edfbe782216c59135a5373afcc67391ab30b99e4fab4,yes,yes,0.8015507459640503,1,1
learned_hands_consumer,embed_large_logreg,1,4,3,d020ae25740133b72d326d57b58504372281f70e6def4d5a95655465a0e91468,yes,yes,0.8502902984619141,1,1
learned_hands_consumer,embed_large_logreg,1,0,4,7505269b5e689b850bf04d86c3aee556710bf7ed7473e80bb32cbf4ef909b78b,yes,yes,0.9779580235481262,1,1
learned_hands_consumer,embed_large_logreg,1,0,5,ebbf5dce638a03352aa5ce9e76ea526855fc19fe426785e9d74da0b972447b56,yes,yes,0.7641133069992065,1,1
learned_hands_consumer,embed_large_logreg,1,1,6,3682fd0cb52ef152a5e499e4441ac3d86a735973de9e3062a809fc58d80f083a,yes,yes,0.7282173037528992,1,1
learned_hands_consumer,embed_large_logreg,1,4,7,a1352482ea4516a24b594ccbf2ed311516cde0785a8edf4e41b8b20657074dd8,yes,yes,0.8646492958068848,1,1
learned_hands_consumer,embed_large_logreg,1,3,8,5655b74e200dc643bf62729b26c6760f786b1d110abd671cd8122c5d567f2846,yes,no,0.7472694516181946,0,2
learned_hands_consumer,embed_large_logreg,1,1,9,30f3878dfeeec4bffed1d8ed0fd2feaa3165fc8790712d0e6c993ba632a91571,yes,yes,0.6737121939659119,0,2
learned_hands_consumer,embed_large_logreg,1,1,10,ff770b8fb5998da87b58b103e84a37ec674949fd2d8708f87b7aa392185f98be,yes,yes,0.7813127636909485,1,1
learned_hands_consumer,embed_large_logreg,1,2,11,025030168186d6dca4ceeb0def0c282fcd27d1c293abe1a0d6f41c0ae9ae34dc,yes,yes,0.8249770998954773,1,1
learned_hands_consumer,embed_large_logreg,1,1,12,241960fe59164730ab7f2221e78ff75ddf5d07ef6b0c664c078d091bc787b69c,yes,yes,0.7753762602806091,1,1
learned_hands_consumer,embed_large_logreg,1,2,13,ce32ef1dbe79dfac3d0eec018d4e7404296ad6ab06b519aef7132243fecc9c2e,yes,yes,0.5662687420845032,0,2
learned_hands_consumer,embed_large_logreg,1,4,14,3a9f35dbcf5d11d5980a668dd0ac8a317654d4e4f8ee28518fa931a589f5ed3d,yes,yes,0.7774116396903992,1,1
learned_hands_consumer,embed_large_logreg,1,2,15,62ffb1bca214412111ca15a5cb79aed8c39b77ae8e4a9734a85ca66376cdf151,yes,yes,0.7426129579544067,1,1
learned_hands_consumer,embed_large_logreg,1,2,16,74157c44430c0b4b913dbef04b5bcc2e60d6786f1fce50cbd1fb74740cbfcbea,yes,yes,0.709822416305542,1,1
learned_hands_consumer,embed_large_logreg,1,0,17,2dcefce119cd3d52ce0b2dd55dba49a2d705592c989511a60ca5ff2fa62bd783,yes,yes,0.9609174132347107,1,1
learned_hands_consumer,embed_large_logreg,1,4,18,e4b36f1dffe74a33bc589ff139dca6b75d8c5d7bd1414fcbe7ff483736a80e24,yes,yes,0.6892958879470825,1,1
learned_hands_consumer,embed_large_logreg,1,1,19,eaecc316a32deb54a2e35ad55d5930bded5cb828eee671ec1a4d6c298e93f0ea,yes,no,0.6192585414427084,0,2
learned_hands_consumer,embed_large_logreg,1,3,20,ed6f10e3e2d4af3a7f61f4ac8ca3c539ade9d2b7250defd67063ea3a59ec18c9,yes,yes,0.8502686619758606,1,1
learned_hands_consumer,embed_large_logreg,1,3,21,8770b696e9d75ce623853da32ab9c2fc409af163cb781c02986c01c726cb8581,yes,yes,0.6303247809410095,0,2
learned_hands_consumer,embed_large_logreg,1,3,22,5f6fe96a0c85f05ef1bd1209d12d8a5da80ec0b8df76281b71b291bb0bfe1477,yes,yes,0.5206179618835449,0,2
learned_hands_consumer,embed_large_logreg,1,4,23,db86e2ed5ca09bd43e5c1153206c84ac6670851f84c6f0c29b6ccd1eb0deb1e7,yes,yes,0.7905352115631104,1,1
learned_hands_consumer,embed_large_logreg,1,3,24,f544e710a36c5f8952ea27c89f4b8d456410ad33abcdeff8bb5ab956f30c76bc,yes,yes,0.8916475772857666,1,1
learned_hands_consumer,embed_large_logreg,1,3,25,ffe0635de5f1a7973b85a3b70ea8e03cb5b1567c2d2995c39b15468f910920d7,yes,yes,0.9499745965003967,1,1
learned_hands_consumer,embed_large_logreg,1,3,26,1c5d518541a4c3c72210f1d1640f265a1ed467b09e8fd9920e0ced3c2a2e237f,yes,yes,0.9642646908760071,1,1
learned_hands_consumer,embed_large_logreg,1,2,27,847d90720ffa65caeed18bca722c31a7e6ad6690535571373c7cf5484024b4f1,yes,yes,0.5422760248184204,0,2
learned_hands_consumer,embed_large_logreg,1,3,28,826850ee19189639a241888830f2095a605677489c15835a9633e2a0b1ac6a64,yes,yes,0.7987778186798096,1,1
learned_hands_consumer,embed_large_logreg,1,0,29,8bf45813b8f64152745c4302a8fe3d28ad3a521ce8400337d150f52d7679c073,yes,yes,0.7882418632507324,1,1
learned_hands_consumer,embed_large_logreg,1,4,30,eab22a84a1d27762ebd956ab7c150792e31d45b69c081b1042ce94bb9f5db787,yes,yes,0.8931280374526978,1,1
learned_hands_consumer,embed_large_logreg,1,1,31,0d9289d67324c71b1a8459504ea7ea7d8593bc88c6baad910d98ae12b894b961,yes,yes,0.6496053338050842,0,2
learned_hands_consumer,embed_large_logreg,1,2,32,28de51fe26d760b562f7dd240c576dd29c1dcd24a3821f27045c03e1695ce0c4,yes,yes,0.6267706155776978,1,1
learned_hands_consumer,embed_large_logreg,1,0,33,6ce4033081e30de899b1011a4c082e82532b4c8f2afae23aed1a9b31dfb4eadb,yes,yes,0.9763779640197754,1,1
learned_hands_consumer,embed_large_logreg,1,1,34,fe949d0e8bb0a6f67a12ee28fec1d49ebc38d613057ddbd9e9742ce374e5a92a,yes,yes,0.579584002494812,0,2
learned_hands_consumer,embed_large_logreg,1,3,35,c207ce030682bc8ba0e7590a8ef0dd99c16b1b16665aebc82ab525877c2593a3,yes,yes,0.5175678133964539,0,2
learned_hands_consumer,embed_large_logreg,1,4,36,8ee486f22362d8e55009981db61b71a034a94793fc615ef6c369c92e25d8621a,yes,yes,0.7078220844268799,1,1
learned_hands_consumer,embed_large_logreg,1,0,37,bf327cac5ea3a5c8ae4b1fa4c6aa053fb3e0494255dfad320226fae0a94b91af,yes,yes,0.8274003863334656,1,1
learned_hands_consumer,embed_large_logreg,1,0,38,d5599f345f2efcc9997c702cf325c78c55c774947409f903377c2d84a3c8bc07,yes,yes,0.9841023087501526,1,1
learned_hands_consumer,embed_large_logreg,1,2,39,574fc09c7649af91d62597783fce341ddacfa64d9567f02c1c1d30d6a45410d3,yes,yes,0.6040775179862976,1,1
learned_hands_consumer,embed_large_logreg,1,2,40,46fe2b35c88c955d03ff315dfce3bb7c880b33d4409029f9ff6042df0194686a,yes,yes,0.7333189249038696,1,1
learned_hands_consumer,embed_large_logreg,1,0,41,f5d2007ecaaceed6f700b3e50cfa67215480af67ec2a87afea71cf1279ebec05,yes,yes,0.9752489924430847,1,1
learned_hands_consumer,embed_large_logreg,1,1,42,01f1c668540d25f929d2e86cf0c94ebff90e0049c2f9c72bd85b0e900e0d7495,yes,yes,0.5923991799354553,0,2
learned_hands_consumer,embed_large_logreg,1,4,43,1d86013431ea866bb8f9c95e610c8a4080348f326588f325da4a18706ada5429,yes,yes,0.7998508214950562,1,1
learned_hands_consumer,embed_large_logreg,1,2,44,bb18ab83285db7bc8dcf60f8a3ce1cdf2bd7debb099b953f662ddb9f8b38c2a7,yes,yes,0.7950995564460754,1,1
learned_hands_consumer,embed_large_logreg,1,1,45,16a3215ae403198891fd8dc9a2a417f75f8728d8e7141fcfef231668fdb5ab3d,yes,yes,0.7581583261489868,1,1
learned_hands_consumer,embed_large_logreg,1,1,46,4439bed3fc41d7b9c8ab09ef918fda1428dd5d823121216ce107959cb0dd4294,yes,yes,0.6212826371192932,0,2
learned_hands_consumer,embed_large_logreg,1,3,47,0b3c04d83b29cbb3a2e22807f4dae94c87c8f2b395036f54911c5754a4c47017,yes,yes,0.8977036476135254,1,1
learned_hands_consumer,embed_large_logreg,1,0,48,22a293b5746bac59ac00ea57d239b6ac359d9156a1ec0715abd762c84fede43d,yes,yes,0.8531520962715149,1,1
learned_hands_consumer,embed_large_logreg,1,0,49,c4c2bad785e53ccb9b321d2c63b8faff89f92b5a2cdcf0736b057e7e8e719879,yes,yes,0.7771971821784973,1,1
learned_hands_consumer,embed_large_logreg,1,4,50,014d339ae8d5fa4f98805d09f90eeeceed4b7762a40914f0ab3d4313182186bc,yes,yes,0.9127532839775085,1,1
learned_hands_consumer,embed_large_logreg,1,3,51,e7c14e7458d8da99796ba9c88de59853c6a65ab37d90d24358671b503b06100a,yes,no,0.6227599567997443,0,2
learned_hands_consumer,embed_large_logreg,1,0,52,fc726439af49d4188b72ee0e9adc0c39a6dd739d7612fcaa8485f57a5706e876,yes,yes,0.5145213007926941,0,2
learned_hands_consumer,embed_large_logreg,1,3,53,eec25d963cdf3c5408e24c25c1ec3ce4c8b7063821931ad7747c587b4dd8f3ed,yes,yes,0.5854730010032654,0,2
learned_hands_consumer,embed_large_logreg,1,4,54,dcae1fbe99948ce3f328592769d0490ed52f89cb9a04fb61ed7eb8f822e0ef89,yes,yes,0.796743631362915,1,1
learned_hands_consumer,embed_large_logreg,1,0,55,ec7dbe0d74d55de6c88312082e78da6a9a98966b97acf9fa7c9d9202b2fcbe6d,yes,yes,0.9881343245506287,1,1
learned_hands_consumer,embed_large_logreg,1,1,56,d8912fee3a18d2f57b6bb3a91a58414523442ec0294398e0adbd9fa8b241b33b,yes,yes,0.6929114460945129,1,1
learned_hands_consumer,embed_large_logreg,1,2,57,f87c51747534d2868b590819e8df1acd5dbdbe3015ba30f49aa700ccfaff8b97,yes,yes,0.6652051210403442,1,1
learned_hands_consumer,embed_large_logreg,1,2,58,aaf2efb2b98403731588f69a234f9628c7cf0a6e41dc5e4d493bf3cc98491abd,yes,no,0.6589470505714417,1,1
learned_hands_consumer,embed_large_logreg,1,1,59,8401deb1d2cdca16e4beb605dc74617b796161236d4fabf6b119671c60390e46,yes,yes,0.7629700303077698,1,1
learned_hands_consumer,embed_large_logreg,1,4,60,0141cccd8167fda3a53db3bc8a9c9de38ab73039aee125ca5d456f83efb3f060,yes,yes,0.8802568912506104,1,1
learned_hands_consumer,embed_large_logreg,1,2,61,9539303909111ff48458f893819b6c4d82471c51d35262c48791eb4281d5a6fc,yes,yes,0.7121504545211792,1,1
learned_hands_consumer,embed_large_logreg,1,1,62,0d9042d456d2e30348acf77b2105fef878d17d0c8ce75d13775d81f13023733b,yes,yes,0.8416783213615417,1,1
learned_hands_consumer,embed_large_logreg,1,3,63,d351e0b84bda59ef89f0bf473a631f614d498349dffaab3bb47d4611faad2257,yes,no,0.74720698595047,0,2
learned_hands_consumer,embed_large_logreg,1,0,64,087225dc844ed506b918ed1ed8cb4919b62e15999a35bc72ef5f3e438535329d,yes,yes,0.8721842765808105,1,1
learned_hands_consumer,embed_large_logreg,1,2,65,8cc2e66174e528599835446e6f69bf213ec59da343e4da74a215a2d7e47df358,yes,yes,0.7108115553855896,1,1
learned_hands_consumer,embed_large_logreg,1,0,66,10c9dca4735480772f9fa371b9c9695f8d7449b8c64df6abd309125cc20b2e6a,yes,yes,0.9324603080749512,1,1
learned_hands_consumer,embed_large_logreg,1,0,67,4e9fb39ce82c9a0c8db9edda73b0a08dbe1fee6bde6735bb0599991149c9cceb,yes,yes,0.9761154055595398,1,1
learned_hands_consumer,embed_large_logreg,1,1,68,6a7e6c881869b757c8e7d36f73f227b987ce5b3ad9363a56d200edfa24ffcded,yes,yes,0.8285205364227295,1,1
learned_hands_consumer,embed_large_logreg,1,2,69,7599dea223674f198ca8bd7b449a8b363e958ee58ead42c5f7026c558eac1915,yes,yes,0.7013526558876038,1,1
learned_hands_consumer,embed_large_logreg,1,4,70,7f224054d39f18cdd6646ad519ae236db20d9acc51e2a2366bf146920bbd208f,yes,yes,0.9568341374397278,1,1
learned_hands_consumer,embed_large_logreg,1,2,71,96ea4d954d1b6446c71d74a769dd614b7dcf83261e50056d6e62e7ca102d5401,yes,yes,0.7178651690483093,1,1
learned_hands_consumer,embed_large_logreg,1,3,72,3defdb305691fca997369ad61eb4c2cc9ad5737f73633b9997bca6b3b68dbc70,yes,yes,0.9546412229537964,1,1
learned_hands_consumer,embed_large_logreg,1,3,73,ea88a64bd77d6c33327a9e3a56bdeab16edfcc94d3ad1f6c811e233e9cf1a4e6,yes,yes,0.7330871820449829,0,2
learned_hands_consumer,embed_large_logreg,1,4,74,1cb2a54d0c572842c9666556b4f9d68ac569dacc5ff14c26a9deb40b00297490,yes,yes,0.6405714750289917,0,2
learned_hands_consumer,embed_large_logreg,1,0,75,3145ed790491a1b21c800dff9616114d2f77be8dbdbc044f4fcf7b15608d7aeb,yes,yes,0.9627459645271301,1,1
learned_hands_consumer,embed_large_logreg,1,0,76,bc58560238d37dd7bb637d6eed992896abc2e8646e56eb8dac0dd8bf4106576a,yes,yes,0.7613206505775452,1,1
learned_hands_consumer,embed_large_logreg,1,0,77,9a5c75e417971c21fe00a89d52819a28a8d393fb332863c7f844a2f728e1aa47,yes,yes,0.8942403793334961,1,1
learned_hands_consumer,embed_large_logreg,1,4,78,7effc09d90b5d4a003218cec4356f0109765847fec64e4393bdf14682528fc56,yes,yes,0.8737103343009949,1,1
learned_hands_consumer,embed_large_logreg,1,3,79,bf7fab3a472a85fba5cacc610acd4ae413064fb5929efe63047e35beca2837f6,yes,yes,0.8416225910186768,1,1
learned_hands_consumer,embed_large_logreg,1,3,80,b9fec9f38f97749033ecb64442eb36f3ee2e3a80cd28ded964ba3b542608ed08,yes,yes,0.9294691681861877,1,1
learned_hands_consumer,embed_large_logreg,1,3,81,a86e6ca3f4d275c0420ca0ee4600f15f0b78e34c43b877bb58dfb44c56f07ad2,yes,yes,0.9138342142105103,1,1
learned_hands_consumer,embed_large_logreg,1,3,82,e2dda0a5ede9ada6a285c131669076df0764c2b88c1c2001ae078a17d88fc168,yes,no,0.8923736677710166,1,1
learned_hands_consumer,embed_large_logreg,1,0,83,9d3a029d590c2c8aecbc4df458d911be15fcbef421678b9ef52d1281119ef933,yes,no,0.5123547468291147,0,2
learned_hands_consumer,embed_large_logreg,1,3,84,0a86c2677e444a84373fb5de0aa2e100762432bf73d0ed3e92ef3f2f584504eb,yes,yes,0.8950130939483643,1,1
learned_hands_consumer,embed_large_logreg,1,0,85,edf4479c78e0f0664620607e8ab699c2cf70b3f949ebe5b6e2a5e65f56f24fa0,yes,yes,0.8867862820625305,1,1
learned_hands_consumer,embed_large_logreg,1,0,86,a446c13b6a95e774dc7f399a94c473901184d9172d42d8f4db7362cdb059e191,yes,yes,0.660765528678894,0,2
learned_hands_consumer,embed_large_logreg,1,1,87,90d67e6b76ef21ed8c1dc58bfbdcc24aab8e1dd728ebdafefc643a1e3c6bc74c,yes,yes,0.6361580491065979,0,2
learned_hands_consumer,embed_large_logreg,1,3,88,e0f88567e0733cdaf8c918330d9139891158680d5be3cc3fc4577a4e79c67cdb,yes,no,0.616173267364502,0,2
learned_hands_consumer,embed_large_logreg,1,0,89,4c96db2e33b6cc4900b1f80e86334c0d0f97a10b76baf6a5fac96558a449fa07,yes,yes,0.8574390411376953,1,1
learned_hands_consumer,embed_large_logreg,1,4,90,08c27d740cbffbaf24d70ad9cc2f4538941c1e7ccba03ba15eacb0c43fe8f6a3,yes,yes,0.8352883458137512,1,1
learned_hands_consumer,embed_large_logreg,1,0,91,123e686fd8c78b602b0952ee8aacebb8f2a451c8d2c2f716072c6c0780e88a8c,yes,yes,0.855877161026001,1,1
learned_hands_consumer,embed_large_logreg,1,0,92,61088df3abd8799b2cb0b2a50547fabab33f53e711b6bf0e51ad8eee1f9886f8,yes,yes,0.8514302968978882,1,1
learned_hands_consumer,embed_large_logreg,1,3,93,245581fd1773d7336f3fbd519ea0ad635746b96c3ef3c64c77d8fe969f404345,yes,yes,0.8383898138999939,1,1
learned_hands_consumer,embed_large_logreg,1,4,94,0935c35b8f85a7acb661025d20f4077750c9420cbe5f2d6cb6c1f5e62a4cd9fc,yes,yes,0.5564165711402893,0,2
learned_hands_consumer,embed_large_logreg,1,4,95,8b2b428ed3082708aebc90d3e95493d6b01fab537f0107c5604932ba617141c5,yes,yes,0.8640545606613159,1,1
learned_hands_consumer,embed_large_logreg,1,2,96,46b3b836673160a90a211860286b914eda2a3ef85f0eb63bd10cacc7ea5f0f02,yes,yes,0.8505784273147583,1,1
learned_hands_consumer,embed_large_logreg,1,2,97,8c8ab92472440d5e8d77d4f562ff2df1e24f26dbf33e2f219ed51d9ffe2ed9e8,yes,no,0.5907621559727835,1,1
learned_hands_consumer,embed_large_logreg,1,0,98,f84ae3cfea6e268f60d53f2fc2105cabc35e7c1bc60594c254b8a5b9ebb95c52,yes,yes,0.9922876358032227,1,1
learned_hands_consumer,embed_large_logreg,1,0,99,5a061ea8f86d69941bb8f010a9102517e2e50e8a6e7f043b2a65a9beeb5b2a5a,yes,yes,0.9510497450828552,1,1
learned_hands_consumer,embed_large_logreg,1,4,100,a0b66eb40941e4afabf26cc61164bd17ae4b404900827ee613063156c3fcf1f6,yes,no,0.5619236826896667,0,2
learned_hands_consumer,embed_large_logreg,1,1,101,d69eab546563939e27e3b5c4bf71ed21aa8c08a685f2dc211a8611a8734cdaac,yes,yes,0.6350469589233398,0,2
learned_hands_consumer,embed_large_logreg,1,2,102,13c1947392729839a6ef7e019584b3baf576db1a026c6cc363f97f9be6b55b7d,yes,yes,0.5866137146949768,1,1
learned_hands_consumer,embed_large_logreg,1,0,103,2db3f4de10f8e3c93f180c1cec9ec1036a8cfb696152a003910f4876349b5563,yes,yes,0.9842934012413025,1,1
learned_hands_consumer,embed_large_logreg,1,4,104,9d141e84a47e429ebf8c9be15a716519a789f6ecfe2635d6742bcc1589887b61,yes,no,0.5899316248277314,0,2
learned_hands_consumer,embed_large_logreg,1,1,105,f2b40bc0dd711fca9b42c004ced8b6a7f8400023cc7f44239caee4f44359dde4,yes,yes,0.5529935956001282,0,2
learned_hands_consumer,embed_large_logreg,1,0,106,d5dcc520e7691c72d4f4bcf6d67cfa74c856d631a5a6c4904f730332b192f920,yes,yes,0.7779863476753235,1,1
learned_hands_consumer,embed_large_logreg,1,2,107,da0684c959dcca3dab601174a68db1954a8db19f75ad96cecdb7b9319c828539,yes,yes,0.6046866178512573,1,1
learned_hands_consumer,embed_large_logreg,1,0,108,0e7608581b6f65860575a915b9e6d3ea3ba463ac7392a783effab47b7c6ed2b6,yes,yes,0.6912835836410522,0,2
learned_hands_consumer,embed_large_logreg,1,4,109,3b14007f0368858c49628d89f7a4ac4e05912114c121069f929f093267da692c,yes,yes,0.7392041683197021,1,1
learned_hands_consumer,embed_large_logreg,1,1,110,83a75ee006bb31d8db282260e075860f781be2246f81074adfc047c6debba47d,yes,no,0.5277204356276859,0,2
learned_hands_consumer,embed_large_logreg,1,1,111,d140e8b5cef58e3c07015a3be1003d6d67dda0e1681f40a4b5b23a3a143236ea,yes,no,0.8398936265722867,1,1
learned_hands_consumer,embed_large_logreg,1,2,112,fb04a608b72b2b2e616ef5e9aa6ca1fda0b73c81a00bd51339a60f7ebb9349f5,yes,yes,0.7726994752883911,1,1
learned_hands_consumer,embed_large_logreg,1,1,113,5ebb5e29b015223682853139344a5e2422b009ed368ed22452f4ebe96b314797,yes,yes,0.7846441864967346,1,1
learned_hands_consumer,embed_large_logreg,1,1,114,7e315bac1e39325f317709b5955292bc75939640e3b8f10ba3c11050930647e1,yes,yes,0.8180093169212341,1,1
learned_hands_consumer,embed_large_logreg,1,1,115,0d7f2c826f6a0fc0a9404989d5d4b5cc6d7f2f516c1f069e5bf8d31ee7e817dc,yes,yes,0.7686546444892883,1,1
learned_hands_consumer,embed_large_logreg,1,1,116,7e75b01067a2ec4ca8c403b389118d896ccf66db535b144a3c54bc98c1c2e246,yes,no,0.520114914182273,0,2
learned_hands_consumer,embed_large_logreg,1,0,117,a3e66362096eb8059a216e47a87cdd7f3f944d1ccbc606f30cfbe1cc424e0594,yes,yes,0.8505488634109497,1,1
learned_hands_consumer,embed_large_logreg,1,4,118,d3308da62008ec5ef18494df94f73a4585ed31e1c8e69ccc9e25e76cb56d42a0,yes,yes,0.8543725609779358,1,1
learned_hands_consumer,embed_large_logreg,1,3,119,e07a44cb806545635aac341cc0946afd7d71c3619844a0ec08545160df03cbdc,yes,yes,0.8399282097816467,1,1
learned_hands_consumer,embed_large_logreg,1,4,120,aedceca2ca38055764eb4ff944a3a150057788281d1c3739f5e785db00a9e719,yes,yes,0.6019724011421204,0,2
learned_hands_consumer,embed_large_logreg,1,4,121,ca458586d811f25c02f1f39cf55f75b65071bd2ddc79fd97b0d5be9eb8e5312c,yes,yes,0.8935211300849915,1,1
learned_hands_consumer,embed_large_logreg,1,4,122,fce48e30fc0ea1058c42d4b4e3fc772fdd46a3060633bca5f371f122fc5aaef5,yes,yes,0.9310860633850098,1,1
learned_hands_consumer,embed_large_logreg,1,2,123,02bd80d2b643617360d685b497986a8637dc26275c2ea6a626b69de253d164e7,yes,yes,0.6222043633460999,1,1
learned_hands_consumer,embed_large_logreg,1,3,124,af3d9c10fbb3296fa6a040f3015c474aaa8ae09177f6fe2e775fee3e584f996d,yes,yes,0.8577894568443298,1,1
learned_hands_consumer,embed_large_logreg,1,0,125,73e4bc727ab5dd4600aa1647320d964c9a52dc7767744c8d074cebcd901f6c05,yes,yes,0.5908300876617432,0,2
learned_hands_consumer,embed_large_logreg,1,3,126,0bdb8221f4d44b38dc8782e0b56035bbdd3a7e6fc2df17d22f1a5c863bc46075,yes,yes,0.9667335748672485,1,1
learned_hands_consumer,embed_large_logreg,1,3,127,90fe4003a641d7cd2ed6a00150556d083b23fe1e24e75ebb94ecff4d843c77e2,yes,yes,0.855913519859314,1,1
learned_hands_consumer,embed_large_logreg,1,2,128,155678c2832cdf4702db15b523f143f1ac784cffcaf58c1a1dfe33a97611eb8e,yes,yes,0.8246073722839355,1,1
learned_hands_consumer,embed_large_logreg,1,4,129,aec3c6407d02ce2d3b4abd591e08891c236a8a8989e7ad72020a4b7b777fea78,yes,no,0.541160523891449,0,2
learned_hands_consumer,embed_large_logreg,1,2,130,1f2af78776193434b3d71d59e47e0a24bc7439537dae7643126e174f05f8a690,yes,yes,0.6625654101371765,1,1
learned_hands_consumer,embed_large_logreg,1,4,131,ac3dcaa7b7faf827da8c14b3bfd03c0f8d36bbd129920232b5775c57ebee5322,yes,yes,0.8218438625335693,1,1
learned_hands_consumer,embed_large_logreg,1,2,132,8de39616285bfb13eac266c45a5691cad8963031bb495c5ffff384303ac2e317,yes,no,0.5373330276409694,0,2
learned_hands_consumer,embed_large_logreg,1,3,133,df7cebc19279cc1176c76578d13d5634b4ee220d4093d6b4e048fd1f74811db9,yes,yes,0.8670751452445984,1,1
learned_hands_consumer,embed_large_logreg,1,4,134,b5412b723d0181549110fa8dd79485fa5238dbc7e264272da705dfe9c7f066a8,yes,yes,0.8577237129211426,1,1
learned_hands_consumer,embed_large_logreg,1,3,135,e802649c8e6be5fbdc4e7ec755757e95ba836ac949c022f0081c1fcb1cfa00b0,yes,yes,0.9567194581031799,1,1
learned_hands_consumer,embed_large_logreg,1,2,136,a039dbd9f0510ac6f66d44c60f9a5f5a5d5c76093f00e693801d2fc80d54f7a9,yes,yes,0.8766273260116577,1,1
learned_hands_consumer,embed_large_logreg,1,2,137,9cca62662bba01723eb2a9aa094821e1675b7ac525fe30fc042f3dcaac3e2727,yes,yes,0.7397123575210571,1,1
learned_hands_consumer,embed_large_logreg,1,1,138,dfbc47fb61799a0472fbf92d48b36eeb2584ccc63a3185c2d61a51c1537f7c92,yes,yes,0.8062540292739868,1,1
learned_hands_consumer,embed_large_logreg,1,2,139,6cb9e80497686772c38151ef29f0b998c3911fa46f4ae26dcb0677863d1c3bcd,yes,yes,0.6848713159561157,1,1
learned_hands_consumer,embed_large_logreg,1,1,140,bfc4a30870f9292a454f9471c16d25b3199ec05b80dafc98a9d6c50897c1b47e,yes,yes,0.7750736474990845,1,1
learned_hands_consumer,embed_large_logreg,1,1,141,078b717fbab45038fcb94864d32f33fa6d71d9664570dfe04661869f23314833,yes,yes,0.8746004700660706,1,1
learned_hands_consumer,embed_large_logreg,1,1,142,0242758b0d09920c367a96d4d60f74cb970f86cfb3bbf7bc54aa2a69703b17c8,yes,yes,0.8304685950279236,1,1
learned_hands_consumer,embed_large_logreg,1,4,143,51eef95bf47218140683c3e1b4135ffc3d540ca426dbe552c2809dc445d5b483,yes,yes,0.6063465476036072,0,2
learned_hands_consumer,embed_large_logreg,1,3,144,af4b353687f267cf4811370b1167f39f3acb12a476ab7569d5711f61e7cc5c99,yes,yes,0.929466724395752,1,1
learned_hands_consumer,embed_large_logreg,1,4,145,a5b77622968be2023f42d12cc8cdb98fdd05731d5ff1f331c0c61cddcdd016ac,yes,no,0.563683731446155,0,2
learned_hands_consumer,embed_large_logreg,1,3,146,483af7a4cce5458979f9fde28f5d38cf96c6b318f56cf5b8bb7fef01baeda51d,yes,yes,0.9335623979568481,1,1
learned_hands_consumer,embed_large_logreg,1,0,147,5b013d7731839bf2ba2c52bac900167561f691d205c1198ffe872747858115ab,yes,yes,0.9047799706459045,1,1
learned_hands_consumer,embed_large_logreg,1,0,148,1403a0476f3fcec8b1a48e6f1fceb06a2aeabd9f5de4f53ac7e2f29a80fc3d02,yes,yes,0.5257303714752197,0,2
learned_hands_consumer,embed_large_logreg,1,3,149,7153d24972b2eb3c082ba9cc58a892af969f2d9524022190bec282710d252b55,yes,no,0.6758991479873657,0,2
learned_hands_consumer,embed_large_logreg,1,1,150,a6e1cfe1a1c58fdb1b4033bef127bdc12ad083d8029c91cf81e74fbc997b44c2,yes,yes,0.7291987538337708,1,1
learned_hands_consumer,embed_large_logreg,1,0,151,c48f7444249fe7386aac1fa49a56e450eebc70c640262a5fc2cb2864d62c7b62,yes,yes,0.9203784465789795,1,1
learned_hands_consumer,embed_large_logreg,1,3,152,7223ee95c7eb5aab471c9b1426c035d3d751646abf3a01dd2380366fa55c1fb2,yes,yes,0.9237760305404663,1,1
learned_hands_consumer,embed_large_logreg,1,1,153,8b857fa596fd194124387876667280b614e479625bc9d05d958f3b90514c2e9d,yes,yes,0.6134262084960938,0,2
learned_hands_consumer,embed_large_logreg,1,4,154,6f137236864a4da2299f6341085a62e5e2e0466add7aa8eca3ff5f315633bbdb,yes,yes,0.9107553958892822,1,1
learned_hands_consumer,embed_large_logreg,1,4,155,038e3005ce9b5b1cabf2220d9f9b068ab3289de326b9c0466e84286f1cb69bf9,yes,yes,0.7863302230834961,1,1
learned_hands_consumer,embed_large_logreg,1,0,156,7b67a7b2e80fc8b9473186823a7570203fc746e03e40493d174446237de3bcec,yes,yes,0.6573679447174072,0,2
learned_hands_consumer,embed_large_logreg,1,1,157,9d82c554b4b00bd2ead020ff98bb6fcdee7432665a797346eb3d3aaf490d0d12,yes,yes,0.7672262787818909,1,1
learned_hands_consumer,embed_large_logreg,1,0,158,da85c2e88f91544acd0359c5ccd69c2b4f902d093ceb8cb12767a778944fbd7b,yes,yes,0.8598790764808655,1,1
learned_hands_consumer,embed_large_logreg,1,1,159,a34040f6644b50bc824adc566e6d6428d7b05ca16c8ee39f0af4b1b9f5601f2a,yes,yes,0.8549672961235046,1,1
learned_hands_consumer,embed_large_logreg,1,2,160,19c9ac6e1d4ea3c61c161624efc992b8cc52bf306f151391ba8529c19382e1ee,yes,yes,0.6114609241485596,1,1
learned_hands_consumer,embed_large_logreg,1,3,161,650970637dd6a0ab8e97321c167c7bc4a9a3cdc8eba59da2a5c510bcbd5db45a,yes,no,0.5012855679179897,0,2
learned_hands_consumer,embed_large_logreg,1,2,162,c51f874153bc2cdaa57ad2c656a6af7ab24feabfb448922cab57ef416feee663,yes,no,0.5713674851844465,0,2
learned_hands_consumer,embed_large_logreg,1,3,163,13b1acd948c8e9c9a5739d8481ea213fa3cfdab8b80a82efd25be33e8f7b2902,yes,yes,0.8837941288948059,1,1
learned_hands_consumer,embed_large_logreg,1,3,164,9fde61742e0b3fc6fabbffa750b6283c72453cd0303a465ce66648d46676eb89,yes,no,0.631677508354187,0,2
learned_hands_consumer,embed_large_logreg,1,0,165,4fd20a26aafa50907d098d746bcd899d7abfca4f42db1d5c149080652db43b60,yes,yes,0.9153258204460144,1,1
learned_hands_consumer,embed_large_logreg,1,2,166,38a9b6c4df60f95cae8cdf22954e4170c3a5feb64ebfb5162134d697b7e84381,yes,yes,0.758632242679596,1,1
learned_hands_consumer,embed_large_logreg,1,4,167,8892704b2b2b6659f287178e3c29d5c9d21dc3ecb2ae17dd4b6ec86c6784cd0e,yes,yes,0.7990634441375732,1,1
learned_hands_consumer,embed_large_logreg,1,0,168,5953941222239eaa15e600b769f26c7173e96638173a25e19be42ff6b5b07d45,yes,yes,0.9452469348907471,1,1
learned_hands_consumer,embed_large_logreg,1,2,169,4f9eec5c23a5c213a1bc6fc916fdf2587227d14edcd43d78fccea8cd278cc2e0,yes,yes,0.750285267829895,1,1
learned_hands_consumer,embed_large_logreg,1,0,170,51ec6ad487eff34fddaa34cf9a46b4a9a9e66e2ef37f1718f6c2c0a6b08bcc0e,yes,yes,0.9941300749778748,1,1
learned_hands_consumer,embed_large_logreg,1,3,171,4356eb8f7a087e4d6032661552935019173e052ab6031528ff64635a4f9c515d,yes,yes,0.7511867880821228,0,2
learned_hands_consumer,embed_large_logreg,1,1,172,6d7c28575a9e0747fc4cfaab5263e2daf0754ef5d1c996b9de353104dbfb5be1,yes,yes,0.7224166393280029,1,1
learned_hands_consumer,embed_large_logreg,1,1,173,6656d334c0150d50518a8e9e86ac484364dfc5da62604f792fa121392de57cd5,yes,yes,0.7154773473739624,1,1
learned_hands_consumer,embed_large_logreg,1,2,174,fa3b234c5866029eaafed3054fe7c1e9dd9d3e50389c45beedce0456e0a851a5,yes,yes,0.5267745852470398,0,2
learned_hands_consumer,embed_large_logreg,1,0,175,f5327013f798cdfff71ccd1ccbf934757fae9118c8fda0cfb29197ee8c9a2f92,yes,yes,0.8818625211715698,1,1
learned_hands_consumer,embed_large_logreg,1,4,176,0c550425496483256cac2b164db69cc78311e995021bfcbd4a5c585bcdd9d9c6,yes,yes,0.681628942489624,1,1
learned_hands_consumer,embed_large_logreg,1,1,177,e9a4a62f276d5c835085a02b2f4d92155f8f7ac6d396a52ad1cd37cab729b635,yes,yes,0.6531849503517151,0,2
learned_hands_consumer,embed_large_logreg,1,4,178,f4fe68a7bc004d02c8ecf39777717f5e53269903d0c3c3181101c07cea5c6b0c,yes,yes,0.8907596468925476,1,1
learned_hands_consumer,embed_large_logreg,1,3,179,3d0de6dc3fb5d69b4483315a8f1b9a55f3da2fb8eb1df50a74386a480912447a,yes,yes,0.8636056184768677,1,1
learned_hands_consumer,embed_large_logreg,1,3,180,b66cb0340d554080664d72cdd106c5cdb17b38d1f74932ac0787b45754ce1a7c,yes,yes,0.9012001752853394,1,1
learned_hands_consumer,embed_large_logreg,1,0,181,a9af33b24aeb8f4fc3dd090cb6015fd72eb33e9bacf6b245b9efd00dd9991af3,yes,yes,0.8790231943130493,1,1
learned_hands_consumer,embed_large_logreg,1,4,182,9eefcb8b16890b9cc6c7e144d07beaa48841305e10614e94d470242a6b0e065f,yes,yes,0.777764618396759,1,1
learned_hands_consumer,embed_large_logreg,1,0,183,cfde4f376e1a14d27549b00d4ddf32bfeb542cf05f08d1cbc266df888e1c3047,yes,yes,0.8966125845909119,1,1
learned_hands_consumer,embed_large_logreg,1,3,184,421033c1624e9a903b16ba39c1d61b1ecb07a1c62b4ffce4608c02c7a3e067e8,yes,yes,0.6652204990386963,0,2
learned_hands_consumer,embed_large_logreg,1,3,185,7a8050d0881441599707f60d9661cc876f27efc16656cd8526fe842e463a56ec,yes,yes,0.8991361856460571,1,1
learned_hands_consumer,embed_large_logreg,1,2,186,5f4e3e4860760d911ab21bd74b2611036627cda4c7c666615991f1d2314d6b35,yes,yes,0.8251897692680359,1,1
learned_hands_consumer,embed_large_logreg,1,4,187,057e4d5e06ed1236a9a35f3ea5c2cc42ae58bd3d82fb4981f56669b168d087e6,yes,no,0.8151787994030297,1,1
learned_hands_consumer,embed_large_logreg,1,3,188,a5608444f7d99d3cd3109ac70b995bb38775ef1fa2c286f3779886ac598a5c9d,yes,yes,0.7340760231018066,0,2
learned_hands_consumer,embed_large_logreg,1,3,189,48a613b18969b56ad289f137a24f32ca5714dc722f1916be3cf41f3c98f577e0,yes,no,0.7834574580192566,1,1
learned_hands_consumer,embed_large_logreg,1,1,190,d5a7261352131be329b42958bda9d1cbf7adf2a5eb0c341d0fd5d6d07a9ae17e,yes,yes,0.7364758253097534,1,1
learned_hands_consumer,embed_large_logreg,1,4,191,e36f78681c2e77e1fe9fd7fc2f0b8fa917f14b6a2333a41863c17c766053033f,yes,no,0.8304136271713134,1,1
learned_hands_consumer,embed_large_logreg,1,0,192,1487b9bcecfa449f7f97f38810e17ed4e37ea80a32cd5170137bf134574ae112,yes,yes,0.9069032073020935,1,1
learned_hands_consumer,embed_large_logreg,1,0,193,a0956e6a9a6973551966fc776c76b773565a03efe1dd2f5b6e363e037cd68e98,yes,yes,0.9653040170669556,1,1
learned_hands_consumer,embed_large_logreg,1,0,194,113f455fcca39b28919c8669b561494bb48c8a7b1abb08182e38efba3ba3d49d,yes,yes,0.946893572807312,1,1
learned_hands_consumer,embed_large_logreg,1,4,195,01467176da7f8beaabb7d2d981d4c2a5d270c4de1ee41090eb7fff34ad10f233,yes,yes,0.9425697922706604,1,1
learned_hands_consumer,embed_large_logreg,1,2,196,3917492faa9e47e7106ba122c3a1618a26df3dcdbcf5803ea5eff8caeb3a85b8,yes,yes,0.7858327031135559,1,1
learned_hands_consumer,embed_large_logreg,1,4,197,cde8abafba1e7a412e01f15ea5b8b45f4e1c8f3f37c5ed8ecf8670617e0e3ddc,yes,no,0.5589555335356136,0,2
learned_hands_consumer,embed_large_logreg,1,3,198,61ae855f1482eb8f9d691ed3f1d20ebbea6fc43c48a7559ddaf77710f2c27152,yes,yes,0.9098341464996338,1,1
learned_hands_consumer,embed_large_logreg,1,2,199,f35f9e77ffc5ac7a0d42e5a637d3ec3f6ef2830b8c178fdb6a5c951cfeaa3e88,yes,no,0.5188228046543242,0,2
learned_hands_consumer,embed_large_logreg,1,2,200,82f9efaddab72f81167b375aff7cc6c2537117b477e6064545d97be910ff945c,yes,yes,0.6253864765167236,1,1
learned_hands_consumer,embed_large_logreg,1,2,201,967afc85cb2c22088e649a1faac841a0d2609f7e11fe94eef9bd17a4daa54688,yes,yes,0.5210458636283875,0,2
learned_hands_consumer,embed_large_logreg,1,1,202,5648d782c24eb983d5cf18c59b05a1a47459a5dedd4e5335a0232c23f062944c,yes,yes,0.7960477471351624,1,1
learned_hands_consumer,embed_large_logreg,1,3,203,157bd549be3ab1bdd3e21c29805aafdc0d0b45c1aa52b0a397ab9236a4e5c944,yes,yes,0.9375994801521301,1,1
learned_hands_consumer,embed_large_logreg,1,2,204,525f45b4239b35c4038470e08628f267e9887f1c30b0aa84a2d5d01464da39a3,yes,no,0.5558836460113525,0,2
learned_hands_consumer,embed_large_logreg,1,2,205,0a0807c3257345430140d80f2b2b7210e572d13f47d5ac8a65174de1142590b0,yes,yes,0.51252281665802,0,2
learned_hands_consumer,embed_large_logreg,1,3,206,a2b92dbd2ee6fd008bb6aa904caa64641950c475cddad723b2644f23c751a0ee,yes,yes,0.9597373008728027,1,1
learned_hands_consumer,embed_large_logreg,1,3,207,a2ed73e250907017f6d7fd66c658c04c6a137575d6ad765f993661edda327577,yes,yes,0.602855920791626,0,2
learned_hands_consumer,embed_large_logreg,1,1,208,1290d537ea8750e4e91f20b46eec10646ce12ab7d86dfc91eb09b608405fe90f,yes,yes,0.5878486037254333,0,2
learned_hands_consumer,embed_large_logreg,1,1,209,a0f7d16e25d9f13501287713351ca9111410082745756d6eff69a544a7ce0fab,yes,yes,0.5354406833648682,0,2
learned_hands_consumer,embed_large_logreg,1,1,210,adbfc9de80cf0100c04073d2c24a7a39ad794835be05b45cd9a54b30876e1bae,yes,yes,0.8348720073699951,1,1
learned_hands_consumer,embed_large_logreg,1,1,211,33d047d7bf09f05c00081ea7055f31cf8f5cfbb5f1ceb5b0376de52b5d66fca4,yes,yes,0.5157551765441895,0,2
learned_hands_consumer,embed_large_logreg,1,4,212,8747eec3bef3a1ac47c5e03b2a3185ec7be0382a48e8f07bc6b009f884106d3b,yes,no,0.5052263736724854,0,2
learned_hands_consumer,embed_large_logreg,1,4,213,49b127f44fd96be9d276f55d1669f94228b7535cb909c7f6b272eb55f8881a2c,yes,yes,0.9622128009796143,1,1
learned_hands_consumer,embed_large_logreg,1,1,214,dfb7f7c0e45b4a7671e7808a09335109e684ec1f7b896028808720b751c76290,yes,yes,0.8357048630714417,1,1
learned_hands_consumer,embed_large_logreg,1,1,215,db97720cca0e39dc598257024bac71c263aaf9886f335cf6cd722539c19eacca,yes,yes,0.7583283185958862,1,1
learned_hands_consumer,embed_large_logreg,1,2,216,64859a67c19bf56da59ad97eab9f8da73202e6a6dd9d3bbb9372afcb47b0408d,yes,yes,0.743309736251831,1,1
learned_hands_consumer,embed_large_logreg,1,3,217,f449fe5d57975f0caf323ecddfcc9b9dccbabe88c5ff42bd31a1d65fc7a824b5,yes,yes,0.8431721329689026,1,1
learned_hands_consumer,embed_large_logreg,1,4,218,fa078ce3c2ae45c10df8aa0a800c47eade1e7510a46eb24bbe627b87d2938a68,yes,no,0.5912435230983354,0,2
learned_hands_consumer,embed_large_logreg,1,4,219,f2fae4fb37730a28c6c680ab68c6e0cbcb083e46d89296b52700b2b28ed2e203,yes,yes,0.8268861770629883,1,1
learned_hands_consumer,embed_large_logreg,1,4,220,ca57b26977335b108fd0d46872d220af17b298c5169ea6a338028e3fa941a5c0,yes,no,0.5869002517134027,0,2
learned_hands_consumer,embed_large_logreg,1,2,221,9f6359257abe0943f69a9a6786fccff089c30ae5f302d29d57c21ec0cc0fb8bb,yes,yes,0.6119433641433716,1,1
learned_hands_consumer,embed_large_logreg,1,4,222,da0db19cfa506b30e60a6cf05fa27f60113ec86ac8308c44eddc1cdeb6e6b707,yes,yes,0.8159555196762085,1,1
learned_hands_consumer,embed_large_logreg,1,0,223,013033315bef6946bef54c7e1e5131afe73897a10507585acff502cb07b082d1,yes,yes,0.5992765426635742,0,2
learned_hands_consumer,embed_large_logreg,1,2,224,01ca67ea223ea6f3f78966619c3d177754184bea73cb662ffc54be7eded55946,yes,yes,0.6863872408866882,1,1
learned_hands_consumer,embed_large_logreg,1,4,225,0972b858c77e9cd796c6bda370f1d6b2ea20798091434c33f49f1827e4a678cf,yes,yes,0.9227641224861145,1,1
learned_hands_consumer,embed_large_logreg,1,0,226,478e48024c876788e7ac0b2943d399c14bb997ab82a37ee11247a5b223d23f4f,yes,yes,0.547818660736084,0,2
learned_hands_consumer,embed_large_logreg,1,2,227,dd602e9be0c77e5a1bf15d2c5db5302c6b6d2b8362f95c146de1f5d3ea45031b,yes,yes,0.5157731771469116,0,2
learned_hands_consumer,embed_large_logreg,1,4,228,e86c4500724cd80b78a41c3de49d5f623baba6615be341878c3f40d1a666fa36,yes,yes,0.6247913241386414,0,2
learned_hands_consumer,embed_large_logreg,1,4,229,44f8bde89aa71070a44a090fe6553fe64a785e0148291429f98b65d8cc35537e,yes,yes,0.7630085945129395,1,1
learned_hands_consumer,embed_large_logreg,1,3,230,f92a5c6258f5da9bffe36fc1a4498f1086f4d296b5c28109401777d767f46946,yes,yes,0.9045993685722351,1,1
learned_hands_consumer,embed_large_logreg,1,1,231,b8099af0f4a08d3625fefbbdf920208ab786e82be6d9e5ecd373c981c3bd90c4,yes,yes,0.7829641103744507,1,1
learned_hands_consumer,embed_large_logreg,1,1,232,dd6b7ca454c08a409f4171cb97167a8c91e862451ec1b92eaa7d9393934cf91c,yes,yes,0.5649120211601257,0,2
learned_hands_consumer,embed_large_logreg,1,4,233,fdb76c188296362ef951b02157cc4150c8d3a0750fe72942787d491e6ddc18e2,yes,yes,0.5762184858322144,0,2
learned_hands_consumer,embed_large_logreg,1,4,234,b78102f7318502d1b26dbcb12920cd58ed53891ef8b61bff2b15f5b432da91f0,yes,yes,0.9388899207115173,1,1
learned_hands_consumer,embed_large_logreg,1,0,235,5a37498c5c481cdd1e4bd5190333a14a0190aa3aede5364087479e33c293e1a9,yes,yes,0.776154637336731,1,1
learned_hands_consumer,embed_large_logreg,1,0,236,eae4558b0617e7ebc54a6ebc59d2dde3f9df33d4ce6cb6404452671b374ff797,yes,yes,0.9792654514312744,1,1
learned_hands_consumer,embed_large_logreg,1,4,237,b25bbe0ef882d9b6ee6ca640d619e47af1ba4b4303c92a73e17071d2b63f6203,yes,no,0.8285233850997182,1,1
learned_hands_consumer,embed_large_logreg,1,0,238,3415dc4afd4d574b0da83ec6d205e580b78b683ce427d70cb6192aa1345ada00,yes,yes,0.8939884305000305,1,1
learned_hands_consumer,embed_large_logreg,1,0,239,e4190a6930b3800fcc812916fc24cd7666ec7ccade668b74793a25cf043ee8dc,yes,yes,0.9418816566467285,1,1
learned_hands_consumer,embed_large_logreg,1,4,240,2a1e5635eb53609c5660dd54ea549b8c7ca1d8ef3709e5692cce67005fde384f,yes,no,0.8231931328773499,1,1
learned_hands_consumer,embed_large_logreg,1,0,241,1587f650838e742b5adbc001e25e86b815c1c282f7e24b9a7f46e2c9c7e7663d,yes,yes,0.9364553689956665,1,1
learned_hands_consumer,embed_large_logreg,1,4,242,3aeb06e0988c30e7dd4b9857f1305ee50a9955e156a1e1a8bfb635878c936da6,yes,yes,0.8609343767166138,1,1
learned_hands_consumer,embed_large_logreg,1,2,243,0ba639fb1b8f0dcb2fe9cffb9b96ec4f2cc182c78d9a521ea1b367d5c28385d0,yes,yes,0.5943455100059509,1,1
learned_hands_consumer,embed_large_logreg,1,0,244,ebd5c1534b316d246d849144a17469ee09729233fad0f39a8a330fdfa15b9628,yes,no,0.8125964160979863,1,1
learned_hands_consumer,embed_large_logreg,1,1,245,401a36474fa40d2d999cd260f57ca66ab83fcb63de68f578a6d6ad7d4ec4bd2e,yes,yes,0.7078236937522888,1,1
learned_hands_consumer,embed_large_logreg,1,4,246,4176b37a2179c60a956b8746678c2a674aabbd9e086407904b2475af255d13bd,yes,yes,0.9493101835250854,1,1
learned_hands_consumer,embed_large_logreg,1,1,247,95933a28191a6e558a2911f9c54efc9e53d3ba70d036eac4f4fcf1044bbc9d88,yes,yes,0.8185390830039978,1,1
learned_hands_consumer,embed_large_logreg,1,4,248,0f4ecd29ccebf4ac6e235b28298c170a1c4939a57f8d2bae941d4292bb91c9e2,yes,yes,0.6928937435150146,1,1
learned_hands_consumer,embed_large_logreg,1,3,249,061be30da02e5927c05d4f6dcb0ebcaa8bda9da95f663afc3448b40f550c8dcc,yes,no,0.5504633188247681,0,2
learned_hands_consumer,embed_large_logreg,1,3,250,6c7deef4168bfdd3eb4f65e34ff1a5b08e7d07a494276e6dbc72cf08dd1d9ea3,yes,yes,0.949364423751831,1,1
learned_hands_consumer,embed_large_logreg,1,3,251,3fecd30afaf717ef4d633f041d6b64abc35956652a123bf652a024e051aecbd2,yes,no,0.5655671526660667,0,2
learned_hands_consumer,embed_large_logreg,1,1,252,618080a1456e3ee68a8c336bd1951f8be686d4b280ba12acc2afbc0afe6f5e6e,yes,yes,0.8029544949531555,1,1
learned_hands_consumer,embed_large_logreg,1,3,253,7d9553904434b833510ba4f74348cff64322921c601077d281c33b3d61d048ca,yes,yes,0.6024448275566101,0,2
learned_hands_consumer,embed_large_logreg,1,4,254,851524b83e3b815d2b8ad94407c2a48429aa45e82bd9c1b64ffd780d6c3a0de3,yes,yes,0.7569522261619568,1,1
learned_hands_consumer,embed_large_logreg,1,2,255,cb21cc98accfbbfc1ab6fb040d28dc4a525dd125dcded30bbb6688922bc0bcf0,yes,yes,0.6576417088508606,1,1
learned_hands_consumer,embed_large_logreg,1,0,256,77a1a7abf05f1aa064c4d1f51619137f7eb2bd94b8ddc362bc14f64be0bd2a01,yes,yes,0.9145421981811523,1,1
learned_hands_consumer,embed_large_logreg,1,3,257,3d22a52452442ace2422e3134c77857c8d5686fd9080d9f42bc9438a845f4c89,yes,yes,0.7109779119491577,0,2
learned_hands_consumer,embed_large_logreg,1,1,258,aaa2f84803feb0579309aaee905dbe769a0e41a5a6daf89677d4a8534aa9819f,yes,yes,0.6737930178642273,0,2
learned_hands_consumer,embed_large_logreg,1,0,259,cbf21ed32acc01ddeaa5380d184a96c3ca5b84614bc1f3a1a9583fa9b891c05d,yes,yes,0.9445682764053345,1,1
learned_hands_consumer,embed_large_logreg,1,1,260,370cc782f60a07b178ac3c0ec5c92e1d6072d6798ba29e27eb089d3af9d06cb5,yes,yes,0.6499202847480774,0,2
learned_hands_consumer,embed_large_logreg,1,3,261,e2fa618a66bdb423b63a86d231a23868e8833853ed334799049daeac30367a88,yes,yes,0.7769449949264526,1,1
learned_hands_consumer,embed_large_logreg,1,1,262,6c81e7b6dabbb3574a09c499dc7a67ca24d31c6e646bab4ced51cd8c78f55ea7,yes,yes,0.7007506489753723,1,1
learned_hands_consumer,embed_large_logreg,1,1,263,1f341a6355c5c3b945e1a2b14b3434e8b3904eb4eca3e24c87941d86e705e57e,yes,no,0.5971285700798035,0,2
learned_hands_consumer,embed_large_logreg,1,3,264,6adfe2187f8557b8f6378f034717bdcd2f522a0df00806a04c1dfe98b3e997bd,yes,yes,0.9294734001159668,1,1
learned_hands_consumer,embed_large_logreg,1,2,265,8bad5933bcb5967cc9bc4abe066d28b765494f7a0dffd407c47d6d8067553308,yes,yes,0.6252681016921997,1,1
learned_hands_consumer,embed_large_logreg,1,1,266,c55600e95d9b4eb897af3302c41acc84e2d54157f428bf1f8caec3b61e668da5,yes,yes,0.8495758771896362,1,1
learned_hands_consumer,embed_large_logreg,1,1,267,13c0dc364911dc9186a0c024e55f88be572c4deb5878fbd82d310ecaf5f45d13,yes,yes,0.8453043103218079,1,1
learned_hands_consumer,embed_large_logreg,1,1,268,3321004b9ab1144d0dfdcb61b18d746e047e1eca73ce7e0acb9fbd0e7c724816,yes,yes,0.7176453471183777,1,1
learned_hands_consumer,embed_large_logreg,1,1,269,19d396f6ee8676b8e14abd050a0d810589baf0188e806f72eac507d7a2c545a3,yes,yes,0.6718993186950684,0,2
learned_hands_consumer,embed_large_logreg,1,2,270,7eb4eb67f8d71b2387d20ed2f7c7421eab13eb8910aca82d69fdf9a9273ecb96,yes,yes,0.5102607607841492,0,2
learned_hands_consumer,embed_large_logreg,1,2,271,21f6bcc2b642898b25da24d91a08efc8029b34d97d979ac84183c75b0c07b9c0,yes,no,0.5097091349872689,0,2
learned_hands_consumer,embed_large_logreg,1,0,272,63a06c8bcc7dbff84f881459fdf825076cb5b36209132b00c9c84eeeba7b6eb8,yes,yes,0.7665977478027344,1,1
learned_hands_consumer,embed_large_logreg,1,1,273,94b8923b3eddcc3f61a255a8e42041ab7f8e96bdae7e23fa5dba20dd65b82fa6,yes,yes,0.7510140538215637,1,1
learned_hands_consumer,embed_large_logreg,1,2,274,c2ccc5ca47171285fb0298be4298f50882121913b48b7ac1e796a30c532811ba,yes,yes,0.746323823928833,1,1
learned_hands_consumer,embed_large_logreg,1,2,275,1f6071d3d10ecfa1b75476a7071af685e3ba15fcf7b2a774e39b20191e1fe074,yes,yes,0.7780912518501282,1,1
learned_hands_consumer,embed_large_logreg,1,4,276,11cabef5b7d7edbcc7de996da7ddc824772faa6248373f429b29567c5017f865,yes,no,0.5411104125115398,0,2
learned_hands_consumer,embed_large_logreg,1,3,277,9136c7f7286a3ee6b4af4f2c4bd396e5528e9e59d4a11138840961213324a902,yes,yes,0.9216465950012207,1,1
learned_hands_consumer,embed_large_logreg,1,0,278,45b8aa00e5100aa8e27c34109569ad374e89747c8859165962bd4b50a718dec3,yes,yes,0.9626369476318359,1,1
learned_hands_consumer,embed_large_logreg,1,1,279,93a67fe947a834ff1518acdef3d3503a43de70821df3f53bacca03fe73994e4e,yes,no,0.5179696679115295,0,2
learned_hands_consumer,embed_large_logreg,1,2,280,f9aa283cb36bd865eb6d0e00dec619c048e1b8f0e8830f12b5d02008a0b97ace,yes,yes,0.6041630506515503,1,1
learned_hands_consumer,embed_large_logreg,1,3,281,55de4e8dcda9a6328913ef54a1ed9351f1f426737486cdf8f668ad83b8388f73,yes,yes,0.8563914895057678,1,1
learned_hands_consumer,embed_large_logreg,1,0,282,6bcb70ea6c53d9d2735995ffa331f18d0e9d9cc24ba93acb53376ae8483ed8a1,yes,no,0.6681765517049,0,2
learned_hands_consumer,embed_large_logreg,1,0,283,78da2dea499e7edb487d60fd31327140d7546b18febaf57879bbba65e8c1b04e,yes,no,0.7104350328445435,0,2
learned_hands_consumer,embed_large_logreg,1,0,284,42fb96e3e3db8353adc2b84b435807f73584555187d03911234609ed6e85bfe6,yes,yes,0.9869570732116699,1,1
learned_hands_consumer,embed_large_logreg,1,1,285,ecfc65fba09f92e19dc001350da2ef8adc932c234c862d0db0f1879f2e7c8794,yes,yes,0.5941789150238037,0,2
learned_hands_consumer,embed_large_logreg,1,2,286,c191adb1d624b20f83068f7b5908de47c6c5209a753e4de83b528e1156b3c2b0,yes,yes,0.8703970313072205,1,1
learned_hands_consumer,embed_large_logreg,1,2,287,644bc0e92cf759be58ca6610fa275080515a65a91b581445be9cabf7ffea0e15,yes,yes,0.8045018315315247,1,1
learned_hands_consumer,embed_large_logreg,1,2,288,a79143144aa9b5670c2ef1346d67999dca1710bf76a38aefe7d8c7b71ae44b79,yes,yes,0.7161794304847717,1,1
learned_hands_consumer,embed_large_logreg,1,4,289,29d068c39f2e257adbe8beebd86189c3ef328bbf2028cdf5c6d3ede0e5ddc09b,yes,yes,0.9094858169555664,1,1
learned_hands_consumer,embed_large_logreg,1,2,290,fe9822a59aebf2d41016c82deb1d427382b2666a1fe39079f87be07fb936b617,yes,yes,0.7706560492515564,1,1
learned_hands_consumer,embed_large_logreg,1,0,291,56bb42f2ccd6615785428ca0492a89e2c4c3ab2f9fa44ee197d3da8fab2c5842,yes,yes,0.8524987101554871,1,1
learned_hands_consumer,embed_large_logreg,1,4,292,5299348ae3f81c25293e952182bb6bea15382e9da7443711aa78acdaf4b6bcb8,yes,yes,0.9327988624572754,1,1
learned_hands_consumer,embed_large_logreg,1,4,293,73a78266e6561f4e4c9baa89057beda5a92213b2ef917e1272c2ece8cd9b7704,yes,no,0.5937238335609436,0,2
learned_hands_consumer,embed_large_logreg,1,2,294,79cc9d9097ff95d4d5569540eb3711865f517ab1a2a0fc876da5c48598ee3cb4,yes,yes,0.8976555466651917,1,1
learned_hands_consumer,embed_large_logreg,1,1,295,3b85fae280cd98abcc7e78ae4627a4c94eee68cb0bdc5b31dc3b1cf2e53949ae,yes,no,0.6267924495575562,0,2
learned_hands_consumer,embed_large_logreg,1,2,296,32072d7df35d23c7cf165a1afeb9be63ebbdcf2c94cee75f9b5a90b78e19dd28,yes,no,0.547048032283783,0,2
learned_hands_consumer,embed_large_logreg,1,1,297,16bed4a62e2738950d2587d30c25ed9c5d17ea5f0cc5e91f1148a4cb64162453,yes,yes,0.6836985945701599,1,1
learned_hands_consumer,embed_large_logreg,1,3,298,3473fc0f42c76ad19ef3ec2771d01d619478fb7fab7ea70d94e7fe0f1bd61128,yes,yes,0.9502280950546265,1,1
learned_hands_consumer,embed_large_logreg,1,2,299,251efc17ee26f8f9c544871f61f6fd54cf585d0f3210406eb3c48c825a10d526,yes,yes,0.7951657772064209,1,1
learned_hands_consumer,embed_large_logreg,1,0,300,4b657305ddc7f357ec185bc9abec0fa67e2d4d4fb0afb00f8e83e73a4c712e8e,yes,yes,0.8220102190971375,1,1
learned_hands_consumer,embed_large_logreg,1,4,301,f85e7456c7160ff553b31db76a443f79214f6b2cd4542c3bb171595928ab6558,yes,yes,0.9182201027870178,1,1
learned_hands_consumer,embed_large_logreg,1,3,302,243386ffe9922a67ec10fee19cff0781c4d76b6a78a32ec20ae1b9ece92bf995,yes,yes,0.7242218255996704,0,2
learned_hands_consumer,embed_large_logreg,1,3,303,85d4e89725d489b9e3820f724acfc754d59767d51140be8d70af3bb2eb4198c3,yes,yes,0.8817880153656006,1,1
learned_hands_consumer,embed_large_logreg,1,2,304,f859129d9d2aa75e88d6602d1563b367b5d45a031c53939b17889bef5d0f147e,yes,yes,0.5818803906440735,1,1
learned_hands_consumer,embed_large_logreg,1,2,305,483ac3b333ee68b7196086031e6a08e2fdb91c52f28a3a861f23a2c8ec75478c,yes,yes,0.5137919187545776,0,2
learned_hands_consumer,embed_large_logreg,1,2,306,6eef9bbaaa01f32394020b689930f9d2ae66836d280dfef0cac99935536b4a22,yes,yes,0.7055112719535828,1,1
learned_hands_consumer,embed_large_logreg,1,0,307,2bbdbbb31e0f69cbd29d755d0e4fb9a5a932b3b1effe5a664bc674ef725addc2,no,no,0.9414932622593649,1,1
learned_hands_consumer,embed_large_logreg,1,2,308,5779a2e66767851f78c4baf2c51d3e6be6d917949d5341b98c489bbf0f67f6f3,no,no,0.5094496011734009,0,2
learned_hands_consumer,embed_large_logreg,1,4,309,24481de31a2b3036d71dc474adac585b922e4bdfb8287ce43a3ff34846620b73,no,no,0.9044990269989065,1,1
learned_hands_consumer,embed_large_logreg,1,4,310,13b626d60d254c4999ca862d60b0f13ec9378504e9fa2fa1c002db747518bc7b,no,no,0.9032998286925218,1,1
learned_hands_consumer,embed_large_logreg,1,3,311,97939ad30f5a35f45ccb7fcb190a65552ca404ca227456e1ecb4f5a57c3bed17,no,no,0.8964346580472986,1,1
learned_hands_consumer,embed_large_logreg,1,4,312,8616d00b5609b9a12db9741cc2c276068fbfffd9d02b80e12bf3dc55ef37b07c,no,no,0.9587925005049072,1,1
learned_hands_consumer,embed_large_logreg,1,2,313,65e5a2fd7a388ba873ac967c48adb5664e74f76db3d95f15af7230c45aa27115,no,no,0.5547575785291916,0,2
learned_hands_consumer,embed_large_logreg,1,0,314,0b5ab1b563bc3ef18c295476f388386fadc1cf299ab20f258f1dffee0f8157b4,no,no,0.98925342755308,1,1
learned_hands_consumer,embed_large_logreg,1,4,315,c70617e5ad6a4b2e699841464467e2a1387594382a39a10f5f3aa0ba238dc8c6,no,no,0.8210399150848389,1,1
learned_hands_consumer,embed_large_logreg,1,0,316,bc9f773c51514a7ad309a672115c1b9f79304095ccabcd53343b945d6ce19ec8,no,no,0.8203198787522334,1,1
learned_hands_consumer,embed_large_logreg,1,4,317,0af96d52fa6c71f1943351f5d1a07e10d961983e0c4a66784a937ad8bbaf2f0e,no,yes,0.5771915316581726,0,2
learned_hands_consumer,embed_large_logreg,1,1,318,f4a7c81fbb4fe3b5a0cdb370b458074ab8fa6f11fe41ced9df994fd2f420f362,no,no,0.6382802915060607,0,2
learned_hands_consumer,embed_large_logreg,1,4,319,71d38fe12b75052be0651bda2d4f4efe697b07d365bf41cb14841da2688b94f5,no,yes,0.7759097814559937,1,1
learned_hands_consumer,embed_large_logreg,1,2,320,60a86bc631bcf63cb1c4ced84c0f60928e57bb2abcf79c23baa53fea95cc1aa3,no,no,0.9115412167344896,1,1
learned_hands_consumer,embed_large_logreg,1,1,321,e06e690d6aad76f736293110bf1b57c294435c42a47933cd1acab74063fa7102,no,no,0.694883406162262,1,1
learned_hands_consumer,embed_large_logreg,1,3,322,a90e11f52d0e31db828e5d845e5fc33cb9bbc6922bce8244891dbc15b22a7483,no,yes,0.5156769752502441,0,2
learned_hands_consumer,embed_large_logreg,1,2,323,7f6a2fb0578a33bc0482677bbc588e70a785c7bea415b62486a564b37d2364a5,no,no,0.8565660970379739,1,1
learned_hands_consumer,embed_large_logreg,1,1,324,91f9aed41e41a457675d9814a53f7e293fdcc37d5ecd967c9a49b0e1b38c3587,no,no,0.7852389578450036,1,1
learned_hands_consumer,embed_large_logreg,1,4,325,ca37e43e8db1c44dbbb19c01ee3aa67ed7d3e032717d029d12d8ecc1e8da9e24,no,no,0.8914744588293296,1,1
learned_hands_consumer,embed_large_logreg,1,4,326,2fb4fb6b593cdd7c3e2fd5c6e362a22a579395bb61b602c450cca3538b8e24ef,no,yes,0.6731371283531189,1,1
learned_hands_consumer,embed_large_logreg,1,2,327,c74e1031658129cec56f52de73b243a87d110480b7489b898798c788c64954c1,no,no,0.5162614737827025,0,2
learned_hands_consumer,embed_large_logreg,1,4,328,12a1ea95bdc51debd507323d28586d8cd6725f1b2fb39a9a12ccea37dd723d96,no,yes,0.6399858593940735,0,2
learned_hands_consumer,embed_large_logreg,1,4,329,985ec3dfb0c350854d7b1baac2c3332760dc5c321f1cafa4bfd44c6712e2ced1,no,no,0.5521470472856476,0,2
learned_hands_consumer,embed_large_logreg,1,0,330,335fb0b1b9fad31fa5c37ca3233826815b93d197d51ad6e25f3adb819181b8d5,no,no,0.9442164161173043,1,1
learned_hands_consumer,embed_large_logreg,1,1,331,c1a730a7b254e70e6ac0d37573a2caa83d4df82d7e52868bedaff06ebe6b6878,no,no,0.5893452167510986,0,2
learned_hands_consumer,embed_large_logreg,1,1,332,2c4155ce67ad13aaa45fffc3554b95daf5261dd7f91fb8fd64dec003bfb9e74f,no,no,0.5625689625740051,0,2
learned_hands_consumer,embed_large_logreg,1,2,333,6ceaa70ea927c42a727227f3a30b6f624dcea1bc117cb238827bb15af9517c39,no,no,0.7059817910194397,1,1
learned_hands_consumer,embed_large_logreg,1,1,334,7d6f93cb8182ac12b92485985653cd0fd562085122909d87b4336f6ee3e4666d,no,no,0.7069898247718811,1,1
learned_hands_consumer,embed_large_logreg,1,4,335,cf8776ba226b044303c6bd7ec8aa16cfacbe82cbb01b00fe365ab899a5adc5f8,no,no,0.6697306832590902,1,1
learned_hands_consumer,embed_large_logreg,1,1,336,63d2423f809c612df5098e911ca5ba908d510a563c38c6d97d504e390d18c390,no,no,0.6718125143107022,0,2
learned_hands_consumer,embed_large_logreg,1,4,337,52f14dd7aea76b56f013c46377c11006c81b564a73a8fa44e2a4843c3f9ff85e,no,no,0.7812925693585362,1,1
learned_hands_consumer,embed_large_logreg,1,2,338,cd0992eca3b3ebd4ffcc36e8430e138824f9b105e6764dedf74a8ce2d5549fe4,no,no,0.5268262467734144,0,2
learned_hands_consumer,embed_large_logreg,1,2,339,5a8803fcccb50853b2c3856ee82785bd156f862dd26d34c99efdea4519a7e214,no,yes,0.5506851077079773,0,2
learned_hands_consumer,embed_large_logreg,1,3,340,617fea7762c73987c8e9da050c8cae25a1aefb6ea95ff5d081b8e51f028dbf2e,no,no,0.9777584003079056,1,1
learned_hands_consumer,embed_large_logreg,1,3,341,d4093169f98d05e7565a5542038529f1fab35b60cfe43127811daa861d935feb,no,no,0.624030590057373,0,2
learned_hands_consumer,embed_large_logreg,1,3,342,e8a22694731ba2e5a7312f7d4a02b03f7e4bc081c76f7068d665ec82ab92f3c7,no,no,0.588440674198886,0,2
learned_hands_consumer,embed_large_logreg,1,0,343,7a0a05fc729a8f64cbb6ca9c295a3805e152b645fbd81571861db6a5918d5618,no,no,0.9821272711931304,1,1
learned_hands_consumer,embed_large_logreg,1,3,344,1de94b175a0dc3b16576ef02ea9b734786aa3bc35b5be8fbeb644479593c01bd,no,no,0.8444264875523303,1,1
learned_hands_consumer,embed_large_logreg,1,3,345,7eba9bd21b877177f0ea63bb88313953a4c47a8eea950c93500fbc398e54e665,no,no,0.8833064104111913,1,1
learned_hands_consumer,embed_large_logreg,1,0,346,aa01251703c5de088b207ee1e21487e51f88caf08d8d578aef87fead3ecefced,no,no,0.5544451309905907,0,2
learned_hands_consumer,embed_large_logreg,1,4,347,e9f5e96f340dd75e497ed93a4a1e722cfce986d2cec52aaa027ca7778586ad19,no,no,0.6584154963493347,0,2
learned_hands_consumer,embed_large_logreg,1,1,348,4b9f93fed8e41a2a2c5f0994cdca3aca0eda1b96dbd2f74d5afcd2a43889c2e8,no,no,0.7446761131286621,1,1
learned_hands_consumer,embed_large_logreg,1,3,349,f05855943024f908afbb53b1527e164e7e5e5ad16ec0192747e08513f2bf77c0,no,no,0.8850102490559983,1,1
learned_hands_consumer,embed_large_logreg,1,1,350,1c49793aa9d1312bd32ea93d0d8c4aefe10836b786d8cadf7c97738717ce9d31,no,no,0.9016448259353638,1,1
learned_hands_consumer,embed_large_logreg,1,1,351,580b5ac0770fb1b9a6472f9a88911a26a88cc2d70c1aa230e26ba6905581d32b,no,no,0.8844680917928829,1,1
learned_hands_consumer,embed_large_logreg,1,4,352,d1a95b753ee546201b5cf71e8a8910ffb93f06b981363dd24190b9627693f2cb,no,no,0.9569935131296998,1,1
learned_hands_consumer,embed_large_logreg,1,3,353,f123cdff3722febd99751bb5a64770c85fc6707f63c07bae56510ead6672a690,no,yes,0.6768936514854431,0,2
learned_hands_consumer,embed_large_logreg,1,0,354,013a1816aae065dc4d8f6a910347c85c867197f1497645a47e5cb14cab38f57e,no,no,0.966899770626794,1,1
learned_hands_consumer,embed_large_logreg,1,1,355,d27505c28fcef3d7434ea6bd8d7130e051f02503586c1526d71160be1310e40f,no,no,0.813042163848877,1,1
learned_hands_consumer,embed_large_logreg,1,2,356,1130e23cb8e7f0a6fc9e659f4c94b732fa1953b7a98b3a9fcafb074532c54af8,no,no,0.7351577501045987,1,1
learned_hands_consumer,embed_large_logreg,1,2,357,9a69a9f0e0418372ec3def21b9ce927af42a49df1d185967290ada823319ad8e,no,no,0.7276646115679923,1,1
learned_hands_consumer,embed_large_logreg,1,2,358,d0b3728beaff318ee83ad916c45c5c6802c6634bab63d6de065eff3af6bb2839,no,no,0.7831445336341858,1,1
learned_hands_consumer,embed_large_logreg,1,2,359,492cdbdcc254342378744c1f8b9dadd066628ace9a1a65a515633708701c9342,no,no,0.545280933380127,0,2
learned_hands_consumer,embed_large_logreg,1,0,360,7c272499aa6af5b9c7b2de749a65adfa813cdc4061012c6f9a62fda253e08104,no,no,0.8563731440361313,1,1
learned_hands_consumer,embed_large_logreg,1,3,361,e09a2160df994ff65eac81266e80dbb544860bb0bf9a7322caeeaddef40d8ffe,no,no,0.7981431365289817,1,1
learned_hands_consumer,embed_large_logreg,1,4,362,7c408b03bdd1535120a56621fe2fc9d7c4ef4b22699b623e4970ee45767ebba9,no,no,0.877824451858534,1,1
learned_hands_consumer,embed_large_logreg,1,3,363,c41ad8c362d3233072dfc9f51c09010958870b25d095046a29cc7e47cafd392d,no,no,0.8998625010292977,1,1
learned_hands_consumer,embed_large_logreg,1,4,364,67f538667db398f86344c56348d00c791c1ec9ac0aff37d556bb99dd32897983,no,no,0.8878724641194378,1,1
learned_hands_consumer,embed_large_logreg,1,3,365,ddf035db365fff2212de2488a54adb763abc3e92a2dad325570e9d3251388841,no,no,0.8056547401650327,1,1
learned_hands_consumer,embed_large_logreg,1,1,366,aee3ace2d8ef27f3660fab84d93dad6ad86bf221676864042357c5e92059a85e,no,no,0.8690730333328247,1,1
learned_hands_consumer,embed_large_logreg,1,1,367,9913f5e62a1afcba67bee35c05d650381598f5b2c1380d1bb2a0f2ae1cc63e6f,no,no,0.776936948299408,1,1
learned_hands_consumer,embed_large_logreg,1,2,368,00c018554b47c9496be37e1420e4483569efc3e3631c681205edc2ebb9c5b095,no,no,0.5232610858458604,0,2
learned_hands_consumer,embed_large_logreg,1,3,369,2c68763833a784dd4f1a5569f0af102d4fcf6b344f917b9d6e68c91bf223385f,no,no,0.9128807391125129,1,1
learned_hands_consumer,embed_large_logreg,1,4,370,c585104773d1883d86927f2b034566efd206fde08fe7e1d63efcf06f6ecd9275,no,no,0.6482110619544983,0,2
learned_hands_consumer,embed_large_logreg,1,2,371,7387a5e5fad938d7e99b2c7c1f6e1158d97aec42e8d1218a21f1bfbd2e5ccac3,no,no,0.7083318829536438,1,1
learned_hands_consumer,embed_large_logreg,1,2,372,8a778c2a7882c353ea19f4b4177b18f73596a4d0bdf7c066488b237259d5c92e,no,no,0.6302248239517212,1,1
learned_hands_consumer,embed_large_logreg,1,1,373,66c80303be317d1ece0aedd4cef8d908db80607ebada9bb9e122cc5c60b05acd,no,no,0.7031744718551636,1,1
learned_hands_consumer,embed_large_logreg,1,0,374,844bffeb2e27126213a382107f2bfbd2eeb29a0aa34b39db7c237d94aa21dc6c,no,no,0.9739394765832657,1,1
learned_hands_consumer,embed_large_logreg,1,2,375,ecc85367e5cf37586c263dedf5b348a050bbdf6b9249645651c148dca3f30d6a,no,no,0.6889108214106912,1,1
learned_hands_consumer,embed_large_logreg,1,0,376,2e572efe17abde9794ed1ca8e76aab48311dffe6e5f091aaf53a537351a6ec4b,no,no,0.6901725736311846,0,2
learned_hands_consumer,embed_large_logreg,1,2,377,8339831d993a8f59979c34ab2a332854935bb45ade809ebc382fde5b95859c6d,no,no,0.7081349492073059,1,1
learned_hands_consumer,embed_large_logreg,1,2,378,42142d842605f05b949df18cb8a99bb35cb5a3e606e1f59cff43626743752be7,no,yes,0.6427332758903503,1,1
learned_hands_consumer,embed_large_logreg,1,0,379,84f150b50421abc72aea1ff2b9e810ed64fba7c4f9d5ac41a9be6e901d2ee310,no,no,0.9760233578081549,1,1
learned_hands_consumer,embed_large_logreg,1,2,380,e87ddebafaf120552bd4e34cf6953ec369024fb7fc6e707e8c74058e178b1363,no,no,0.5488193035125732,0,2
learned_hands_consumer,embed_large_logreg,1,0,381,1338d4a9807f0d53047962b57d76cf583420487b44853e8aaab6f0d6d454688b,no,yes,0.5978952646255493,0,2
learned_hands_consumer,embed_large_logreg,1,1,382,ec007d3323dd2053bf052016919bc0af90796fa0ca1b0409c6082066ee97a50b,no,no,0.6747931838035583,0,2
learned_hands_consumer,embed_large_logreg,1,3,383,d2cd0e5ee933d888b506be5632aed8062b91258070bea77b00cbf7a570a68547,no,no,0.9537093745959108,1,1
learned_hands_consumer,embed_large_logreg,1,2,384,b6426951bbccc28e0d00959ce601a50cfdbc42f0b030169fc40a2d195b99f4ce,no,no,0.6651302377840805,1,1
learned_hands_consumer,embed_large_logreg,1,0,385,a7f2631f19f997f8dde0f842d8a44c6be3a43a0e33208d7f010eeb998aedd90a,no,no,0.8305384168189293,1,1
learned_hands_consumer,embed_large_logreg,1,3,386,ee780d03a703ecf7ba9c48251e78cd4e9b7af05645ad48fff61fa919cf492135,no,no,0.7953788756635618,1,1
learned_hands_consumer,embed_large_logreg,1,3,387,2a45a35e29096acb668fa0ef232d5755b039d19bbf414f441fa03b6c6964e833,no,no,0.8892756104469299,1,1
learned_hands_consumer,embed_large_logreg,1,1,388,db01549ee1c2f8c8cddf1988e9091c11b9c05afae796574b4aa7e58eeebe1ec7,no,no,0.8781923121079229,1,1
learned_hands_consumer,embed_large_logreg,1,2,389,63faab04056ecaa75521d5f981daa271b06f41399397a77f5b18772f7982501b,no,no,0.7451404333114624,1,1
learned_hands_consumer,embed_large_logreg,1,0,390,ae83caf06a839c78cbe1c040b85f5774b377a68c7cd5ca4e2df1e6b808f5c1b1,no,no,0.9951230619465865,1,1
learned_hands_consumer,embed_large_logreg,1,0,391,9a3dd5e4246141a2e5cb3351f2f44bd41b29e28912043c8883ba1ee127ba989b,no,yes,0.8426090478897095,1,1
learned_hands_consumer,embed_large_logreg,1,3,392,df2ca5f08012ee422366badb625b7e85f8f8d13eeebbc8ec9a4e52cb9755e245,no,no,0.7660246973332063,1,1
learned_hands_consumer,embed_large_logreg,1,3,393,77b2b7af3d2e7d92346d21688da079b282d2e31d80505b4c19a05b664ed10fb6,no,no,0.7692261338233948,1,1
learned_hands_consumer,embed_large_logreg,1,3,394,ce03177700db149631f5a0748437e3e8ce566671b3939640d10d100e63e3fd16,no,no,0.6481700942465635,0,2
learned_hands_consumer,embed_large_logreg,1,4,395,a47f0ccc3396c563d1d54cfa509c381c6e8ffadc05e947351c2c88540f5992b2,no,no,0.7050229907035828,1,1
learned_hands_consumer,embed_large_logreg,1,3,396,d28d9b72ec96132abafad4420752c4f56363e197e4763aacee93a17b42e571ae,no,no,0.5799751877784729,0,2
learned_hands_consumer,embed_large_logreg,1,3,397,c6571efea3285b8369d41b3dd25ef48c253a0e321fcaeefa5d4e89023afe6cd5,no,no,0.9186898538372654,1,1
learned_hands_consumer,embed_large_logreg,1,1,398,3f37d027870da81cb661495002a1a7fc86a664b28df5b372c3384fa16ab115db,no,no,0.840408980846405,1,1
learned_hands_consumer,embed_large_logreg,1,1,399,1195fd2a250615c2ef282030a1bd1f0805e2944f0343faea81ddf121d0ccc994,no,no,0.9087584750169289,1,1
learned_hands_consumer,embed_large_logreg,1,0,400,52755383856e91c2af9d9af2cb1b6b5e2474b17de3d5bc750e466a0cac60f774,no,no,0.9797635783973736,1,1
learned_hands_consumer,embed_large_logreg,1,3,401,79a5f35751c76695e1441ec78b28a225fca1c41ea9c82882b2fc5535aa52607f,no,no,0.5365749001502991,0,2
learned_hands_consumer,embed_large_logreg,1,2,402,e8b28f4ace8f9d83a962e68403786fac2eb9f58c6f2f6f2fb4f640879cb943c8,no,no,0.8742134105296941,1,1
learned_hands_consumer,embed_large_logreg,1,4,403,49b50604e1e593b1474257b9770d20e0a60ddcf54a8b6890e153124f746b8275,no,no,0.8194502592086792,1,1
learned_hands_consumer,embed_large_logreg,1,0,404,9d7dcd2eae72e13950ca10701a907c961252af1dd61008203f0937eed002f2d9,no,no,0.9849063607319242,1,1
learned_hands_consumer,embed_large_logreg,1,3,405,3f5ca9261b2891516e2a5d24447411595d9562c1ff20862e0b1016f7ff1c32e4,no,no,0.8413165086311623,1,1
learned_hands_consumer,embed_large_logreg,1,3,406,4e20b69b4d085a8af12bd1e5f9d7e6232d82ab680cfc25e9a64195c6513cabd3,no,no,0.6618428033041118,0,2
learned_hands_consumer,embed_large_logreg,1,3,407,9000d55fade254c6ca05e4c143c5341da66479eca3cc7fcba053382ab0a06d2f,no,no,0.8468378908461018,1,1
learned_hands_consumer,embed_large_logreg,1,3,408,1d4a66a5ebbe0fede76d2d78db8f5fc9f6c99b17daeca5cfecf1d41b10cf80b1,no,yes,0.6630789041519165,0,2
learned_hands_consumer,embed_large_logreg,1,2,409,c6ab1cc27fcf3c46640e8614bb3cef65334f694f0dc7ebf7c14f0f95ff582cff,no,no,0.7993206739628114,1,1
learned_hands_consumer,embed_large_logreg,1,4,410,2808314a91f63cd0f210000ca0d99e536b41a5ef2a38b09b99706154ed097563,no,no,0.8703712950702205,1,1
learned_hands_consumer,embed_large_logreg,1,1,411,add411cc48fc3dd30ad7eef9eb447a04c306289987db61ee0f1a60eec669366a,no,no,0.817048358663196,1,1
learned_hands_consumer,embed_large_logreg,1,0,412,c5e98cba61f5b7e99d394fd52e37b44f2fa2d4bd59a64a4fa6df5eb9c7d968ee,no,no,0.9676809455108784,1,1
learned_hands_consumer,embed_large_logreg,1,4,413,b065f229dea495ea981117badbe33bbb78f927032d079f6b45b57b9ff319ee3f,no,no,0.8211087706850286,1,1
learned_hands_consumer,embed_large_logreg,1,0,414,ba9af4f96d08829a0c9ec6aba9efeff3a00a2093dfdfbd72c8bd45f2bc9e6a69,no,yes,0.7205580472946167,0,2
learned_hands_consumer,embed_large_logreg,1,2,415,5d18d68c26e2f66f512fe9593484b459f2bcea6aa210183c392cf7ad40ddb4f4,no,yes,0.515357494354248,0,2
learned_hands_consumer,embed_large_logreg,1,4,416,e78402c565c5685cfe8d6f3023b3e7d2a6cacb870295e754ff3c7bd88851a1a7,no,no,0.5454663200815415,0,2
learned_hands_consumer,embed_large_logreg,1,0,417,83791c54b327f91dec027e1575b5e0d327a0464147f41406fc441098e5403ca6,no,no,0.9752482535723088,1,1
learned_hands_consumer,embed_large_logreg,1,4,418,2054be735fa66a7be473f7d8d284cc496f2873f3c0ac26935232ccd60f9de832,no,no,0.9360663504019309,1,1
learned_hands_consumer,embed_large_logreg,1,1,419,bab1e0749854088c9ef136c8cc309c034a76a764cfc21fc0ff53362e4861636d,no,no,0.8065927624702454,1,1
learned_hands_consumer,embed_large_logreg,1,1,420,27beb276d0fba5a8e870d21c77162c178327fc1ad4e1c391cbb90aa0b33604e5,no,yes,0.5636429786682129,0,2
learned_hands_consumer,embed_large_logreg,1,2,421,a1f504238378627ada42e6b4a5188dc174b5f75652a150163843892064abb22d,no,yes,0.5087403059005737,0,2
learned_hands_consumer,embed_large_logreg,1,3,422,a005428946110152b42b0ec6663ca35a25f83f6d59f5b03454dc6b5ded6ed03d,no,no,0.9411685607011402,1,1
learned_hands_consumer,embed_large_logreg,1,4,423,9cbbae94185f89046b6054bb9bccf79344fd2aa88fe2a30fc15f75d34aacbef3,no,no,0.9248801400893916,1,1
learned_hands_consumer,embed_large_logreg,1,3,424,3be047961cac24031e53731a39990092e5be49c19c1bf50858f360635095935d,no,yes,0.6697598695755005,0,2
learned_hands_consumer,embed_large_logreg,1,1,425,ce81291a07edef587b6b3aadc6149395b531a8bc2ccd91e5c553fafdef0a6317,no,no,0.5085698214599543,0,2
learned_hands_consumer,embed_large_logreg,1,3,426,e39dbe75b89613b758ebfbe9bb10832f0a92b0a0f06161e751f68ee02db8bc9e,no,yes,0.6662077307701111,0,2
learned_hands_consumer,embed_large_logreg,1,4,427,77f8b279f1b0c7568831f06897e485c63de90d157e9f5bdffc950d8b5339b76b,no,no,0.9569371342658997,1,1
learned_hands_consumer,embed_large_logreg,1,0,428,196d1c980028958aa696f055758fa3b2f6507b7e90205d1bb8c1232f9ed33879,no,no,0.9572109926474208,1,1
learned_hands_consumer,embed_large_logreg,1,2,429,867ba8abbec80d2ad80edb9dbea0eda8dc5dcbafdfbe36aef9c42b95537f0f61,no,yes,0.5792930126190186,0,2
learned_hands_consumer,embed_large_logreg,1,4,430,72af3f1cbcff79519e8d830ce39f1aaf8bc7b8e3c6a420f8e0cd0db3ab43e396,no,no,0.9509738825406713,1,1
learned_hands_consumer,embed_large_logreg,1,2,431,8ccfee9549ab36622cbef033779481a4709533ba1916a502e4daa4bee8356d6f,no,no,0.5912710252025418,1,1
learned_hands_consumer,embed_large_logreg,1,0,432,f86e733c4aa27750c91274e7c1d24ef7fdb6886dedd3cd183e02ae97b21b71a1,no,no,0.653737087659153,0,2
learned_hands_consumer,embed_large_logreg,1,1,433,4e5a84a0e6bc8a79290a97622c2e27f93f35d3bc1d958a174621ce41587bc723,no,no,0.5935990214347839,0,2
learned_hands_consumer,embed_large_logreg,1,4,434,60115ad7adfb7cd44dc9d3974fa6e91f75d4314b459afb6ad7cf046ec468f5d0,no,no,0.9132278493551325,1,1
learned_hands_consumer,embed_large_logreg,1,4,435,c2f8f30d2f33de3ff6d230fe420907389008f3f32d850a0d46c02bed9d4d96a6,no,no,0.8823007809772971,1,1
learned_hands_consumer,embed_large_logreg,1,4,436,c260b7498f71fe45f1424fd2b9a9839f565e405a7d4dcec0225cc32b31aa3ddf,no,no,0.6356274078973355,0,2
learned_hands_consumer,embed_large_logreg,1,2,437,946f42d7871538b510e3f3addcd2c214d51128c8b0d1497d15b7386ba0a1356b,no,no,0.6464134262080959,1,1
learned_hands_consumer,embed_large_logreg,1,3,438,2ccf77520a102a3a7f63b623e6874716be7a1cf26d8c0f666f6e7470e9e4c438,no,no,0.7350879907608032,0,2
learned_hands_consumer,embed_large_logreg,1,3,439,a701c75cc7ffd4dd2d848114d88c55877c21ca6bc554b06f7a780af98fdede78,no,no,0.744813941264568,0,2
learned_hands_consumer,embed_large_logreg,1,3,440,1512241f1c901913c1bcb63d7c6958e6e29007920502c9eb4c9eb5dfdc429779,no,no,0.7335121850225981,0,2
learned_hands_consumer,embed_large_logreg,1,3,441,8efb01893e2894f9a68dd4abe86e1aa3273c502cb488596dc29f5385ecaeb2c7,no,no,0.8524299732978646,1,1
learned_hands_consumer,embed_large_logreg,1,3,442,1d2a94502aece3443e17b2cb63dfe225b7a8aeebd081ddb65e6bb2f671212a17,no,no,0.5466682747999347,0,2
learned_hands_consumer,embed_large_logreg,1,1,443,0163ad6ff34e85877a0adf35a59c1a346599711f69d7bf4891317aada189c78b,no,no,0.7707331776618958,1,1
learned_hands_consumer,embed_large_logreg,1,4,444,8bd8da3916ab6140c8983ae16bcdb2e8e857d786d5b0a809729486e67a0812d0,no,no,0.9157384702245777,1,1
learned_hands_consumer,embed_large_logreg,1,0,445,04302b33dfe27e60dab505555f6ba88813973ef1386f0c8b08205ee51891f0e6,no,no,0.9305275539975233,1,1
learned_hands_consumer,embed_large_logreg,1,1,446,1afd1fc0fa21504408f161026b0213f082b591b552e5a77213bf65d60bf4612b,no,no,0.879291408663307,1,1
learned_hands_consumer,embed_large_logreg,1,4,447,d1d3852aceaedd7f13c819c848f14ecc6dc897da4bfa78ed063ef32ce2ac63d1,no,no,0.8160714032660634,1,1
learned_hands_consumer,embed_large_logreg,1,1,448,04a31af43a0322d4e234770268a71818baa3b9f7193dc123c6ce1e4fb24f3e72,no,no,0.768810175919836,1,1
learned_hands_consumer,embed_large_logreg,1,4,449,a8e84a61c494345c5650ad8117693f333deabc9e041a3b4a22aa1d06393231ed,no,no,0.7576304561252825,1,1
learned_hands_consumer,embed_large_logreg,1,4,450,0854abafaea9b69c2c49c5f64e9f3c95f596dea3588670571b1ed57b744f59a5,no,no,0.6710506477638886,1,1
learned_hands_consumer,embed_large_logreg,1,3,451,9f25eaeb6f65236347aee880ca9534bfc163ad085b06fa72eeb67b405f5f1d62,no,no,0.8558084027710081,1,1
learned_hands_consumer,embed_large_logreg,1,1,452,cbfecefec8a53e69aa8f367aea02a4727b7ee5554da9e45a38e31f065cc3c169,no,yes,0.8275744318962097,1,1
learned_hands_consumer,embed_large_logreg,1,0,453,bc4a406688a7b5efef17bfb1b4edbc67f35a63b3de8702b8068df824d666583b,no,no,0.708719989917278,0,2
learned_hands_consumer,embed_large_logreg,1,1,454,1c6dd5d561b55e7031e5f2adc0da0e9723f06c4b23e08e8904fc1e27c13cd9c6,no,no,0.6244361214507782,0,2
learned_hands_consumer,embed_large_logreg,1,1,455,932d945f027160e21bfd51184d91d8727cfdf60e72226309e7516cc368fdc515,no,no,0.6650484602138859,0,2
learned_hands_consumer,embed_large_logreg,1,1,456,27da743642e6fe9e9f70f9ff5b3c8febcdf419aed6c38e5e67fa09294c9d6ab9,no,no,0.7552053332328796,1,1
learned_hands_consumer,embed_large_logreg,1,3,457,74043fddd5dce444be8d653b1c6f225528ef532997c766cbce4e5c660ade622d,no,no,0.8139493222847783,1,1
learned_hands_consumer,embed_large_logreg,1,3,458,f417273fdbac343a73e3321b40e14d3eafed51eea5cb6c8b788b4ea1eb0afd8f,no,no,0.7916519405945557,1,1
learned_hands_consumer,embed_large_logreg,1,3,459,df68371ca953f13c782ca05591a597acc4b878650efb047c1d8da558f203219e,no,no,0.6942196099227551,0,2
learned_hands_consumer,embed_large_logreg,1,3,460,5a1f2ce82b72f9c1266df09ac2c4d257aa3bee8f5b3972e0fc839db712595ca9,no,no,0.8922408553290112,1,1
learned_hands_consumer,embed_large_logreg,1,2,461,0b54969a9e57430db4a328e94f100a2c17ce2ecd53896ee28aa064697a2b1d8d,no,no,0.6632274985313416,1,1
learned_hands_consumer,embed_large_logreg,1,2,462,0bab903026b7c3c9333fbe20f96dcdd314852e6516b76ab0c53d206790eefac6,no,no,0.8369212621909192,1,1
learned_hands_consumer,embed_large_logreg,1,2,463,41fa77f140f955deec510a2825da39c611b3256f06db66f38fab47e7b78d20da,no,no,0.7756332390199077,1,1
learned_hands_consumer,embed_large_logreg,1,4,464,2425edeaa0bb4c18efdb8f3cf3549bd1e238423ef48243512eb592127b04ee0e,no,no,0.7469632029533386,1,1
learned_hands_consumer,embed_large_logreg,1,0,465,987eae7153585e7a2a0d88ba16f6807b131129542c68eb9138781ebed69e8cc2,no,no,0.9500232864169531,1,1
learned_hands_consumer,embed_large_logreg,1,4,466,b24b2625eafa8e1b32b1e246012edbc8db39764b08f08c67c920f3b3350fe9ea,no,no,0.8137525562570261,1,1
learned_hands_consumer,embed_large_logreg,1,1,467,35b9bab2880db0b2d36d825afd233bf57bda9e5eef479a37b70a41a36c5a5879,no,no,0.6872296538123385,1,1
learned_hands_consumer,embed_large_logreg,1,1,468,6f958da8adbf8531a95cda9abd9c5210f97bffa964d37b7cb0442bcb31d14c37,no,no,0.5973145365715027,0,2
learned_hands_consumer,embed_large_logreg,1,1,469,9e30b352d1c79225ed762c8ded34d155a8f1a9acb805c8f881ea24631aafaca6,no,no,0.891633815256013,1,1
learned_hands_consumer,embed_large_logreg,1,1,470,6b2d81f7309dbbad5fd9af0af6a0d5e5c76e6ba2b87feadee3468b273edf16ad,no,yes,0.5035734176635742,0,2
learned_hands_consumer,embed_large_logreg,1,1,471,eaaf0b7320c280140ad331ea0601675c5fd7ff6a885286c80d46ea113a3cab17,no,no,0.8226606600683731,1,1
learned_hands_consumer,embed_large_logreg,1,2,472,4e19f210464ca73a7f7a58cd3218cec482dee93c4f53abed18732ac581733e3c,no,no,0.6740914583206177,1,1
learned_hands_consumer,embed_large_logreg,1,4,473,4115fad9f9b83db5ecb78a9be61669ad1018516abc1227f075d62f7563f98f22,no,no,0.9536017037391409,1,1
learned_hands_consumer,embed_large_logreg,1,4,474,f0cadb5492e0ec183a3a3ea7616ae472ae6eff8bbcd445c563fa7c23da261ca5,no,no,0.6162162010734141,0,2
learned_hands_consumer,embed_large_logreg,1,3,475,531a57b154dbd769d4108e15531d27140a960b9c18d233351c7d62f188b8f6f1,no,no,0.8793887030987249,1,1
learned_hands_consumer,embed_large_logreg,1,2,476,8fa4139dbe239bba25434909e55f2fa80c50269832bb68550d65299db5619836,no,no,0.8112543104402079,1,1
learned_hands_consumer,embed_large_logreg,1,3,477,9aec94ea158756c81b27ab95c8b331de3d51619d6ed22d22437d837182c56810,no,yes,0.5315133929252625,0,2
learned_hands_consumer,embed_large_logreg,1,0,478,dc31283a842264461700a1d07d553bc3be03295a75df6770fa6c06015b16fc4d,no,no,0.9425749884088522,1,1
learned_hands_consumer,embed_large_logreg,1,2,479,d8bcfed355b99213c89ac1a9ff427c6c4b1ed05f140ef324e243fdff43ed062e,no,no,0.8372570747545798,1,1
learned_hands_consumer,embed_large_logreg,1,3,480,01de597cf467f8e74cdcd5967327e64399908a15ce5348852dd9dd952a970715,no,yes,0.554290235042572,0,2
learned_hands_consumer,embed_large_logreg,1,3,481,6d3f546cc7e65f909112f42a52f7c36c1144c6845909f5c0f68d093fbfcdd8fe,no,no,0.6824997067451477,0,2
learned_hands_consumer,embed_large_logreg,1,1,482,76ed3dfb2ec9e6a39f0bdd9bfc8057cdacba2af71015e9bdb02dc0313489169f,no,no,0.766293954346984,1,1
learned_hands_consumer,embed_large_logreg,1,4,483,931e120b8c3a8979cf4a37513bfbbf87c5b064b350a60733e2408dda7477646e,no,no,0.9226316282349201,1,1
learned_hands_consumer,embed_large_logreg,1,3,484,cecaae8addd481078cd53a5a69e5d8da4b6a98a516613269f4137b01782983d7,no,no,0.874683452765397,1,1
learned_hands_consumer,embed_large_logreg,1,0,485,b07d2a4ff6a8dceaa18e35705a350c09b7e7f46cd67cf1e630b3cf325c46cc0f,no,no,0.959313161368021,1,1
learned_hands_consumer,embed_large_logreg,1,4,486,012a4657825e2d7e50ec63501a9322690acfd4226e288797e79c2df8d26962ba,no,no,0.7957136393870818,1,1
learned_hands_consumer,embed_large_logreg,1,1,487,20b699538b4fb5aba69b8c97153f171766a2c4674e8e33eac9eebb1206529fe5,no,no,0.7399628758430481,1,1
learned_hands_consumer,embed_large_logreg,1,0,488,c837c365cb2af81ad03b9121ec3ef43ab40d330362b3b4a17acbdc6fe37d85d0,no,no,0.9837968780581431,1,1
learned_hands_consumer,embed_large_logreg,1,1,489,ed3eae30ccd079f9f129d55e81fae1839ca02ea3e96d61c56b1ccf55fe84687e,no,no,0.7122827980602622,1,1
learned_hands_consumer,embed_large_logreg,1,1,490,18d65e6e4ac267b954fab721a8d2cabcf4346e461537cf69de5e72f51a7c5a79,no,no,0.755532097153844,1,1
learned_hands_consumer,embed_large_logreg,1,2,491,1de0c196d21d27621ca7c6e1b0386331881a85a41a05c700ff3c5d698d48eaae,no,no,0.6830921769142151,1,1
learned_hands_consumer,embed_large_logreg,1,4,492,daaaa7023a2b99c5064d440cbb801b79c0f04aca364a814e84dc1c4dfc3865d0,no,yes,0.5242586135864258,0,2
learned_hands_consumer,embed_large_logreg,1,0,493,ba5d6e2c09e4d63bb1beb689879578b510654791dece0cda170619655fbe60bd,no,no,0.7428334951400757,1,1
learned_hands_consumer,embed_large_logreg,1,4,494,0769d7b7837170d8be575bfc0f6247cb8aa473af2eea89363f68c41a10d2c7e0,no,no,0.8941559858184753,1,1
learned_hands_consumer,embed_large_logreg,1,4,495,cc8b2d0978320bbe51dc5e4b1de74ef4b9b277de2e23e12d234df5eb07e460e7,no,no,0.8754065502374389,1,1
learned_hands_consumer,embed_large_logreg,1,1,496,e613741978772ff2af35a8e2703f6574aa51e0f59b958d0ac40bd784a691696c,no,yes,0.5476967096328735,0,2
learned_hands_consumer,embed_large_logreg,1,2,497,30fc1431cc1bd1aa3cf2160a194f94ab74b259ec3b1a245d9a44d4c7cd36702f,no,no,0.8287260059822501,1,1
learned_hands_consumer,embed_large_logreg,1,0,498,3e84f9a77980c8201610e1fcd383fac5825e27ba6d5747b53d07a15d820d1826,no,no,0.8962760171951953,1,1
learned_hands_consumer,embed_large_logreg,1,2,499,45f440261959716e956eeb1411ef4686bed9e9775d8fda7f31816a338fa7aa25,no,no,0.8766366708779831,1,1
learned_hands_consumer,embed_large_logreg,1,4,500,3369d09eaa0b33274bebd84d0cf53afc9ebc6dd6dbc8f7ea6cdc98d71324c90b,no,no,0.6055685877799988,0,2
learned_hands_consumer,embed_large_logreg,1,0,501,310cdecdcb36d755a158b4b234f965e433bc5d653ce95ec34814c492542b6e9d,no,no,0.8304233798510844,1,1
learned_hands_consumer,embed_large_logreg,1,0,502,3f4cf00bdfec2adfe98cd9ed014b1bda2da6b65d534ee0ae60f5a1f4cc7d8bed,no,no,0.9709326733380482,1,1
learned_hands_consumer,embed_large_logreg,1,4,503,bb5add493ea70afa2c752943a32010d534375afbf274f76364f5fd08c8551486,no,yes,0.7118567228317261,1,1
learned_hands_consumer,embed_large_logreg,1,0,504,04a671661b4a945504156fd0073b7bf79e85f7d32382c0d0180634ee46e850af,no,no,0.8893161217276129,1,1
learned_hands_consumer,embed_large_logreg,1,0,505,fd1fe8184fbcfa582a0b2176a6b8d3a33eb68e84c3e941c4565a70212f082b27,no,yes,0.7555287480354309,1,1
learned_hands_consumer,embed_large_logreg,1,3,506,231ee3f5f275519cba825473068fc96cf01d3913b5d14fb747b2bda5abc8ab6f,no,no,0.7728318572044373,1,1
learned_hands_consumer,embed_large_logreg,1,0,507,6739991faf5aa8fa1e6c64dd6d08390a1287fc09742cac2994b33432d5338df2,no,no,0.7900355340535115,1,1
learned_hands_consumer,embed_large_logreg,1,1,508,37ec98dd44986f754e0baa73863d4c9210b359d2ba344ae645cbc8abb39da92f,no,no,0.7136366367340088,1,1
learned_hands_consumer,embed_large_logreg,1,0,509,b49a2505659c683cb11a3df13847ac8045a46adfd8192d2c76391a8803a1f4c8,no,no,0.905474086973237,1,1
learned_hands_consumer,embed_large_logreg,1,0,510,a8217fa585bcf051c42ce021792455104c0b30538cee9d1851b1d4287e25e0f1,no,no,0.8245128866357672,1,1
learned_hands_consumer,embed_large_logreg,1,4,511,e9985a996c1b2327f2216eff3e962fc84a378f193e0d95ba12e5529bf99d15a9,no,no,0.9378665790468445,1,1
learned_hands_consumer,embed_large_logreg,1,2,512,df1f494b116ab1943fdfa5b41fa750c836fe604c800651280911f0dc4580a3f8,no,no,0.7670278663490395,1,1
learned_hands_consumer,embed_large_logreg,1,1,513,be04d6d56aebd1e9f64044842226e835ae6154a25190109a1e2e0693bee8e9c3,no,no,0.6727397441864014,0,2
learned_hands_consumer,embed_large_logreg,1,3,514,da3a06f0dd47af3a2b4ad51ae4de160a3f203e163224d6995c3218e0611096d0,no,no,0.815912663936615,1,1
learned_hands_consumer,embed_large_logreg,1,1,515,5c56a2375937744f352e8a6ee8be863d82c01648dadf59d6e0540e4d4cd3aa63,no,no,0.9071048104860964,1,1
learned_hands_consumer,embed_large_logreg,1,3,516,77ff7a6cc1e79bc95cfd0df1cf2351b19e130cc482374a04d5967c1a85d54773,no,no,0.7000640630722046,0,2
learned_hands_consumer,embed_large_logreg,1,3,517,4a00c73ae7c6524fa4c17e987d72c3f6fa272236cacd79ed166db4d45eebb2aa,no,no,0.7383364659052034,0,2
learned_hands_consumer,embed_large_logreg,1,0,518,57d7010f1071da7d8e1852e639021c19ce4b58849818194549f19da7d793ed5c,no,yes,0.6498713493347168,0,2
learned_hands_consumer,embed_large_logreg,1,1,519,b0346537dd7db9e6927d457dddb797ca2160ccc494e76289b9cefcedf036ceb3,no,yes,0.5950661301612854,0,2
learned_hands_consumer,embed_large_logreg,1,2,520,c2be9f06745a8c52db0133bd1fd943903f7fbaa625b0d3d34c2fce9d0ae875e0,no,no,0.898906237623887,1,1
learned_hands_consumer,embed_large_logreg,1,1,521,75d05aaa2c22410aa8b7fffcafce5468bcd99117194cefbea4e1ac86f5f351f4,no,no,0.7713155631524986,1,1
learned_hands_consumer,embed_large_logreg,1,0,522,db05d6507e5e3fa1d10142d3d8a1447182ad4bbba3e4a8370275f7fa482603f1,no,yes,0.736038088798523,0,2
learned_hands_consumer,embed_large_logreg,1,2,523,0cd164612e455d558e41fa9eeac7cdf9afda934ca9be5ff6ca58723a0d4f1a00,no,no,0.6207769924170675,1,1
learned_hands_consumer,embed_large_logreg,1,1,524,64748ff82f5a0b3935c4b036e55eaa3dedc4952ea2df451bb4489eeb560981ca,no,no,0.7742527242638577,1,1
learned_hands_consumer,embed_large_logreg,1,4,525,b84cafbdf8906d4952f89b6677c260f193b288cde9bd9a044da00429a5c1788c,no,no,0.9286441276121447,1,1
learned_hands_consumer,embed_large_logreg,1,1,526,c2c2b5dbf3e12a911a20a8938927cbc7333ac84a79c8659cefb4366be01ff7c4,no,no,0.8013531565666199,1,1
learned_hands_consumer,embed_large_logreg,1,2,527,60c6f915b166a49f3d467e29663aefd916fdb4febc3aed6e9f86dc861d89cdb0,no,no,0.7893747208919335,1,1
learned_hands_consumer,embed_large_logreg,1,3,528,5b8d9992b62967320c49f0330151d6b9b87e86c8b4abbfb6622903ab97a5142b,no,no,0.8959916963576033,1,1
learned_hands_consumer,embed_large_logreg,1,0,529,57d3ccebff848e81befa244f69489b9a171ab42168f6bbc6325439c85b7b0df5,no,no,0.9550802849990172,1,1
learned_hands_consumer,embed_large_logreg,1,2,530,dcc018d1aaf56509688079bc8783b9b23e0de1b677409b02d41284d2fca9040c,no,no,0.6282676458358765,1,1
learned_hands_consumer,embed_large_logreg,1,3,531,4d5492ff6e79ebaf69bd06ebbeabe63809050a927815a156c8a8972229eba0ba,no,no,0.9257998397514235,1,1
learned_hands_consumer,embed_large_logreg,1,4,532,ca3ecf1c1ef162d48d1f7e17896f1037dde115892608733e846ec86140631f89,no,no,0.707738855250512,1,1
learned_hands_consumer,embed_large_logreg,1,3,533,0305a9b842d8022160096d7a46730fab12122cf58393b7bcfe6ad6852162bdcb,no,no,0.9044044085175127,1,1
learned_hands_consumer,embed_large_logreg,1,2,534,3d57a7bd684e91a426d743d44a7a8feae1ccc11b7320dc7c64cdfff7f5651caf,no,no,0.6888212170845633,1,1
learned_hands_consumer,embed_large_logreg,1,3,535,f5d5f15ce9ba190a7120001abc42f1cf21e20e7f2a019fd07a91090882dbd6f6,no,no,0.9349043826028052,1,1
learned_hands_consumer,embed_large_logreg,1,4,536,903fd0d792e220feea54ad37c84686d6e6b8e59535fa16d13bc36658f1fc28c8,no,yes,0.8264250159263611,1,1
learned_hands_consumer,embed_large_logreg,1,2,537,9d9b4526cbe24d2a6f2890adb86aace884014a95851e78352d3f4ff1cdcc50dc,no,yes,0.503196656703949,0,2
learned_hands_consumer,embed_large_logreg,1,1,538,30a2b5df9ae4ed2e010f7c2d068372ace7e2577350940484bb48430ae9ea7278,no,no,0.7524908185005188,1,1
learned_hands_consumer,embed_large_logreg,1,0,539,14dd48f8f89acc71cb973a464b51478fbbeeac5361ae069ccdf18c010692573b,no,no,0.965455465276126,1,1
learned_hands_consumer,embed_large_logreg,1,4,540,60cec153bbc5f214e7135f4d89ed8528e27743234f4739a1eb92e34f1ff44d86,no,no,0.5829911828041077,0,2
learned_hands_consumer,embed_large_logreg,1,1,541,5588471057013e09e22216f158d5fbdc584f612606d94687c13be4b2e55f5896,no,no,0.5913683772087097,0,2
learned_hands_consumer,embed_large_logreg,1,4,542,dc192552b483d0ac3a6d1651b8e21b40837a9426816d9e3f64498e131d76e734,no,no,0.8057466985507815,1,1
learned_hands_consumer,embed_large_logreg,1,1,543,f1f6e92601fdf06f7ca1a57e7556c20884dc45c096f396b9e825f5e32c0f7a59,no,yes,0.6534014344215393,0,2
learned_hands_consumer,embed_large_logreg,1,2,544,3c76189ba90d25579e258776ba63c3c30d8b7d53a978703cf331ee251b4e5890,no,no,0.6681134501661822,1,1
learned_hands_consumer,embed_large_logreg,1,0,545,43a6bc4480553f9b0a214f75f6d48c8e8ce7abc4b7be882e01a9e9df8108a1b0,no,no,0.9840290042015631,1,1
learned_hands_consumer,embed_large_logreg,1,4,546,3da37e63dffad75b2ee9a58d491a68e212af0b7d71ac858045a8657165bfadd2,no,yes,0.7084835171699524,1,1
learned_hands_consumer,embed_large_logreg,1,2,547,58137e64ac41ed8e7e81d207383d87b5226b5658728837915a21ffd225d0754b,no,no,0.5388646125793457,0,2
learned_hands_consumer,embed_large_logreg,1,1,548,c9760c7df4fc3eb826bfb31e080137911ab35ae7f2295614373536be38ff7a63,no,no,0.7337473034858704,1,1
learned_hands_consumer,embed_large_logreg,1,2,549,f68d2b36b0aa1fe05ff7cfefd1bef8b411b59bfd2547573231a9358ce4a847af,no,no,0.5651130844686355,0,2
learned_hands_consumer,embed_large_logreg,1,2,550,9d038dd0243eecf6b7473c2626d4e82af31cbb7798372022403db2c53aac85c4,no,no,0.8136754510749065,1,1
learned_hands_consumer,embed_large_logreg,1,2,551,1f966f4c818ddbda27cb669513c943ee46d73d5252c0de4770bae3e0b1407c6b,no,no,0.7221912360844385,1,1
learned_hands_consumer,embed_large_logreg,1,2,552,47f5ff1d7bfe7621611a502c23a7ceff9d308e2a1dabd5f29755fb341ed42da2,no,yes,0.5625551342964172,0,2
learned_hands_consumer,embed_large_logreg,1,4,553,d4edcad2012a13062a63322c80d9dda6748d539f3ccc68a8ca8515cbf779e532,no,no,0.9343578885075292,1,1
learned_hands_consumer,embed_large_logreg,1,4,554,ba2d5b4602e83fd349fad98b24b38a99bfe1443da99a67d27ba98c8d58a7b182,no,no,0.9305396357339512,1,1
learned_hands_consumer,embed_large_logreg,1,0,555,a6dd6a0f17139acfd501f939d766455a6f082f486b04d50843f5897c950f5a6b,no,yes,0.8899734020233154,1,1
learned_hands_consumer,embed_large_logreg,1,2,556,a1ec095ee15753680fa1dcc2cbce2e048c960c54a4c671af2b889ff01c2a78b1,no,no,0.6320806741714478,1,1
learned_hands_consumer,embed_large_logreg,1,0,557,f50ac2f7ee90df358f730bee0cc541912730af6dc27f334b51ce011788751780,no,no,0.805834949016571,1,1
learned_hands_consumer,embed_large_logreg,1,3,558,6dbf7b018c755e5418a5bb8020c0e3e0b3b6c2802141270907880a6f7cf37e03,no,no,0.9413748383522034,1,1
learned_hands_consumer,embed_large_logreg,1,3,559,8028cfbd1a2e6305634a58811aaf0ab86462c0aba3c14fb71b4e2d5c466e76ed,no,no,0.9463168594162954,1,1
learned_hands_consumer,embed_large_logreg,1,0,560,9a51675376b7b3914122130018ee7839fc678cd936b6b9ab2de64d3095595d93,no,no,0.8647961874245461,1,1
learned_hands_consumer,embed_large_logreg,1,0,561,46db7874bb17bd0bfc4da9f20d511677c89d9d72e7616f5d2fea321d16a4d2c8,no,yes,0.6185032725334167,0,2
learned_hands_consumer,embed_large_logreg,1,2,562,703e4efa32ffec639b9f5832aba111107a1d6a46aa78b9f0bcbf55786e115a58,no,no,0.8518992066383362,1,1
learned_hands_consumer,embed_large_logreg,1,1,563,7deec0af5174e4beb0d092237b7a51ba2fdd2750e9d0d6b70fc7c0a7dd3274b5,no,no,0.7614130860356527,1,1
learned_hands_consumer,embed_large_logreg,1,2,564,9f89ce31649f5aadaf8602b1ec128212bc82f53bdd4b070be2656d39389bfd3a,no,no,0.5840283806332464,1,1
learned_hands_consumer,embed_large_logreg,1,2,565,52c676261b9c0ec1700eb1af704f89bafe5d3cc2fcde6e3e53ec8d62cdd6d2a4,no,no,0.7403820157051086,1,1
learned_hands_consumer,embed_large_logreg,1,4,566,46c570bb238fa00c335738e90e9894fd264ea59da9a43983805ace67cda3babd,no,no,0.8748637903502019,1,1
learned_hands_consumer,embed_large_logreg,1,3,567,0cce10f57330f13a1fa4583d7fcbaea0ea54631244d26f8a6d66cacba2bc5e86,no,no,0.8481678240274217,1,1
learned_hands_consumer,embed_large_logreg,1,1,568,23d530283c7fa6d23eb17ed2448ff4204346f82e1ff6bba839e171c25a835f45,no,no,0.7741931196181941,1,1
learned_hands_consumer,embed_large_logreg,1,0,569,1c260489f250e26aa71f0f67af2d93564ae951b62570cc33391ef77909e9ff99,no,no,0.8519536852836609,1,1
learned_hands_consumer,embed_large_logreg,1,2,570,a069da037392da85deec01ab7ac053f17bb4d2f8fef4cefb41ffe8b522d078f9,no,no,0.8109284397683012,1,1
learned_hands_consumer,embed_large_logreg,1,1,571,524bb5bf6132a668b140a529e1e06fd9231839d3f515499d615f2e3cbc7aed03,no,no,0.7589458227157593,1,1
learned_hands_consumer,embed_large_logreg,1,4,572,698a24f5972ce2399e34b386818b23e9f4e394b92851cbbbd6edb8b88c1afd5b,no,yes,0.6494832038879395,0,2
learned_hands_consumer,embed_large_logreg,1,1,573,49f564d4ddfce6dfcee859f3e9357c9ab50ff9c0235c7f8261f86942a80bdb88,no,no,0.923831515581671,1,1
learned_hands_consumer,embed_large_logreg,1,0,574,3ac0c82ca7beef115b86522a5f5f46bd39ba3538af171995361348eafd9b9e20,no,yes,0.6982396841049194,0,2
learned_hands_consumer,embed_large_logreg,1,4,575,867d8d7d603b8ba49fd2224d4e9a4e31af79cb37a9eadbd99a914e0587a6e215,no,no,0.6943678855895996,1,1
learned_hands_consumer,embed_large_logreg,1,2,576,85d2a625103432a6e270c523b2b82873753c1aadea3a856047d52d54f77d7fec,no,no,0.713688990881711,1,1
learned_hands_consumer,embed_large_logreg,1,0,577,710dc3cc876b848944aa42d1a09e59b9090754a8d9bd4a8ec6a95c1d915c9b4a,no,yes,0.5811800956726074,0,2
learned_hands_consumer,embed_large_logreg,1,2,578,085d8a8bf0abb16a3a525ab8ae49de081115d9b133ea5c0286dcc920fa1332ce,no,no,0.7274813055992126,1,1
learned_hands_consumer,embed_large_logreg,1,2,579,b22ac3b6da6efba6a1c054601441ac802d6282b2f6c93b97b3f41378a9f9df7c,no,no,0.8264753222465515,1,1
learned_hands_consumer,embed_large_logreg,1,0,580,a0a8970a8f7abab6606c6c0dc4e4ed89f48960d36710902cbf788bcae8d59835,no,no,0.949346125125885,1,1
learned_hands_consumer,embed_large_logreg,1,0,581,c830685ae56b6f1b2910c6ab5de01bdcf3e93705d4ae3850481e9ae6a7ec59c8,no,no,0.9946554667629426,1,1
learned_hands_consumer,embed_large_logreg,1,1,582,a2b8614a6474da04bbec6a1b3421b6c93d315cc44e8958073d1b9652801f4710,no,no,0.9007852606416846,1,1
learned_hands_consumer,embed_large_logreg,1,4,583,2fd3a1b7a973326e591034aa7863f5b09e42e05bb1e3f9d6cc311428d449d4f4,no,no,0.8315592880314695,1,1
learned_hands_consumer,embed_large_logreg,1,0,584,f221ac70290bacf70893417c277b4fb7396aa9262713ef18f437e8c1e5da3bcf,no,no,0.6356855630874634,0,2
learned_hands_consumer,embed_large_logreg,1,2,585,a1f95e95ed3bf1df04e2d7306db27c5cd135ef9ea77def78c12cf2c81619e8c3,no,no,0.7280591943281649,1,1
learned_hands_consumer,embed_large_logreg,1,0,586,2ce709e73ee4451d404c5cdc00ea37833fee0b356b8f16d76ff2479b2cbd353b,no,yes,0.9122730493545532,1,1
learned_hands_consumer,embed_large_logreg,1,0,587,618c4d63aaf62f407f26f35d636080cc1e0a032d82f4d1e04c0fb1cf65048718,no,yes,0.6955102682113647,0,2
learned_hands_consumer,embed_large_logreg,1,1,588,4f6bc5578f8ddb17d988262058901424533577bd28369751a61118a761761e91,no,no,0.8204665657808399,1,1
learned_hands_consumer,embed_large_logreg,1,0,589,a9192bcdf65d01e592abf6f0b177a9853ed1c4a2b0ee8742dab11341eaee29d1,no,no,0.8919590977418154,1,1
learned_hands_consumer,embed_large_logreg,1,1,590,067cce98506849a73d82e859c38940708382620ea642806d23cbb8de5187231e,no,no,0.6393894147690956,0,2
learned_hands_consumer,embed_large_logreg,1,0,591,b576cd2ec8f9c40c2bb0abe987f064c2f9f1c25f94d4565ddd83377473d48859,no,no,0.8794854682798952,1,1
learned_hands_consumer,embed_large_logreg,1,0,592,5913bc49040be5c85504a852ac0a112f8e7e340d2c39fb67d7067ee3450e5e13,no,yes,0.6108523607254028,0,2
learned_hands_consumer,embed_large_logreg,1,3,593,a25e7edfa72a41526ddc2db76023d27c2db12a24984d2e5a716da973b523f27e,no,no,0.9396091208563274,1,1
learned_hands_consumer,embed_large_logreg,1,2,594,d10b6556e2004b51129b987f5c4531830e2b0822cf2d7017e10a5414707669d9,no,no,0.6770925723639897,1,1
learned_hands_consumer,embed_large_logreg,1,0,595,d6d5572c752218b14019ec07e189728c9b3ddb8d34c3d70488fe782cc31aa988,no,no,0.975625502263422,1,1
learned_hands_consumer,embed_large_logreg,1,3,596,07573b273be6697368d57299de8abf31240b9402c15219c81c2ee8f9a7f2aa62,no,no,0.6889300346374512,0,2
learned_hands_consumer,embed_large_logreg,1,4,597,6dc6cf31b2c1894f7bcfb26a493a4e5756971e007f5e7be26036cf50c17d7eb4,no,no,0.8509881027190105,1,1
learned_hands_consumer,embed_large_logreg,1,4,598,7aa6dcf85749745744d1eb12d07f65d4b80960c401365645658ffdacc98c266a,no,no,0.740057803986734,1,1
learned_hands_consumer,embed_large_logreg,1,4,599,5d91de0107b67446aed45672dcfdef4f58baf8f1c037cbe894d9bb1e9578101b,no,no,0.8665231337171326,1,1
learned_hands_consumer,embed_large_logreg,1,1,600,684294f8c7abfb0278d36770f016d23248fd859f28c36cd2400da167f3b2b1ee,no,no,0.7972842217301064,1,1
learned_hands_consumer,embed_large_logreg,1,3,601,241cef5b8e4490252fa54625f6d6db8138d2f2b6887914926c4714fe63225592,no,no,0.8480908148275195,1,1
learned_hands_consumer,embed_large_logreg,1,0,602,264bdc1770e2864da6160b2fb689ad40913ffdda9bc24da7cd4f73e375da64a9,no,no,0.9913286219964482,1,1
learned_hands_consumer,embed_large_logreg,1,3,603,8b25bda48a03414701e65d70dfe129b08d8a1fffbfd6d253c4f8eab80b8e7ef4,no,no,0.9202683636566129,1,1
learned_hands_consumer,embed_large_logreg,1,3,604,a98c95b8dc90508ce61bca07aac73b3000d782c3e8bdb2d8094fa8851213e843,no,yes,0.5391290187835693,0,2
learned_hands_consumer,embed_large_logreg,1,2,605,2e2dab0aa3f72da243e332c4316fe221543965532bf45ff04017e1820a01ffa5,no,no,0.8833648961030343,1,1
learned_hands_consumer,embed_large_logreg,1,0,606,f898c42315c66b3c1b4818313a33706910ac2498fef748ca5f12df32ed4ea670,no,no,0.8726165760663662,1,1
learned_hands_consumer,embed_large_logreg,1,1,607,edf5ecdbda4cb86f3f4fd1969bf42ba5a7eededc822406ff5bcdbad487d0ebc0,no,yes,0.6408024430274963,0,2
learned_hands_consumer,embed_large_logreg,1,3,608,41d5caaade46df5dd642cfcc5a1c383a53ea033ab68bf9753d941c8fa472857d,no,no,0.9267786076159878,1,1
learned_hands_consumer,embed_large_logreg,1,0,609,20cf2204cfad79c36173c2020ce3d9d1d7bfe049a4659016961fb1f7d34524d8,no,no,0.8871395587921143,1,1
learned_hands_consumer,embed_large_logreg,1,2,610,0970bb84fe7a7ae10755b3ff8e069375c894baa731baadab88c5b85d95df1cc1,no,no,0.8462189905908855,1,1
learned_hands_consumer,embed_large_logreg,1,4,611,53722369d56a509c380ff23472de54953b911d83728e74087c7864d9bf6c5d11,no,no,0.7449125647544861,1,1
learned_hands_consumer,embed_large_logreg,1,1,612,dc4a5fdc229e8eb8b4651e9829068c4a686c371d36c72e2ff9486195b6f27065,no,no,0.6744576893585231,0,2
learned_hands_consumer,embed_large_logreg,1,3,613,1b06f4f278599f2a5f0149ed64529530669a8a3934e0d4e09cf02e4eb40c20b2,no,no,0.9646517670327863,1,1
learned_hands_consumer,embed_large_logreg,2,3,0,a379a87ff3cdf868abd2168b8f7f1448c858c1c0293a0324128a1f9795c2495c,yes,yes,0.5910758972167969,1,1
learned_hands_consumer,embed_large_logreg,2,3,1,191f0937cb2c89fc2ee6de2cf962022796a21348bccce723e58dff5138f4aa85,yes,yes,0.598953127861023,1,1
learned_hands_consumer,embed_large_logreg,2,3,2,23e415128308be018936edfbe782216c59135a5373afcc67391ab30b99e4fab4,yes,yes,0.5389392375946045,1,1
learned_hands_consumer,embed_large_logreg,2,4,3,d020ae25740133b72d326d57b58504372281f70e6def4d5a95655465a0e91468,yes,yes,0.9558853507041931,1,1
learned_hands_consumer,embed_large_logreg,2,4,4,7505269b5e689b850bf04d86c3aee556710bf7ed7473e80bb32cbf4ef909b78b,yes,yes,0.9779245257377625,1,1
learned_hands_consumer,embed_large_logreg,2,2,5,ebbf5dce638a03352aa5ce9e76ea526855fc19fe426785e9d74da0b972447b56,yes,yes,0.8410531878471375,1,1
learned_hands_consumer,embed_large_logreg,2,4,6,3682fd0cb52ef152a5e499e4441ac3d86a735973de9e3062a809fc58d80f083a,yes,yes,0.941927433013916,1,1
learned_hands_consumer,embed_large_logreg,2,0,7,a1352482ea4516a24b594ccbf2ed311516cde0785a8edf4e41b8b20657074dd8,yes,yes,0.6160038113594055,1,1
learned_hands_consumer,embed_large_logreg,2,0,8,5655b74e200dc643bf62729b26c6760f786b1d110abd671cd8122c5d567f2846,yes,no,0.5702886581420898,1,1
learned_hands_consumer,embed_large_logreg,2,4,9,30f3878dfeeec4bffed1d8ed0fd2feaa3165fc8790712d0e6c993ba632a91571,yes,yes,0.9595289826393127,1,1
learned_hands_consumer,embed_large_logreg,2,1,10,ff770b8fb5998da87b58b103e84a37ec674949fd2d8708f87b7aa392185f98be,yes,yes,0.6684432029724121,1,1
learned_hands_consumer,embed_large_logreg,2,0,11,025030168186d6dca4ceeb0def0c282fcd27d1c293abe1a0d6f41c0ae9ae34dc,yes,yes,0.6749962568283081,1,1
learned_hands_consumer,embed_large_logreg,2,4,12,241960fe59164730ab7f2221e78ff75ddf5d07ef6b0c664c078d091bc787b69c,yes,yes,0.9509890675544739,1,1
learned_hands_consumer,embed_large_logreg,2,3,13,ce32ef1dbe79dfac3d0eec018d4e7404296ad6ab06b519aef7132243fecc9c2e,yes,yes,0.5200450420379639,1,1
learned_hands_consumer,embed_large_logreg,2,1,14,3a9f35dbcf5d11d5980a668dd0ac8a317654d4e4f8ee28518fa931a589f5ed3d,yes,yes,0.5967164039611816,1,1
learned_hands_consumer,embed_large_logreg,2,4,15,62ffb1bca214412111ca15a5cb79aed8c39b77ae8e4a9734a85ca66376cdf151,yes,yes,0.9204200506210327,1,1
learned_hands_consumer,embed_large_logreg,2,1,16,74157c44430c0b4b913dbef04b5bcc2e60d6786f1fce50cbd1fb74740cbfcbea,yes,yes,0.6181932091712952,1,1
learned_hands_consumer,embed_large_logreg,2,3,17,2dcefce119cd3d52ce0b2dd55dba49a2d705592c989511a60ca5ff2fa62bd783,yes,yes,0.5913645029067993,1,1
learned_hands_consumer,embed_large_logreg,2,4,18,e4b36f1dffe74a33bc589ff139dca6b75d8c5d7bd1414fcbe7ff483736a80e24,yes,yes,0.7039219737052917,0,2
learned_hands_consumer,embed_large_logreg,2,1,19,eaecc316a32deb54a2e35ad55d5930bded5cb828eee671ec1a4d6c298e93f0ea,yes,no,0.5178409969163238,0,2
learned_hands_consumer,embed_large_logreg,2,2,20,ed6f10e3e2d4af3a7f61f4ac8ca3c539ade9d2b7250defd67063ea3a59ec18c9,yes,yes,0.921233057975769,1,1
learned_hands_consumer,embed_large_logreg,2,1,21,8770b696e9d75ce623853da32ab9c2fc409af163cb781c02986c01c726cb8581,yes,yes,0.5435149073600769,0,2
learned_hands_consumer,embed_large_logreg,2,2,22,5f6fe96a0c85f05ef1bd1209d12d8a5da80ec0b8df76281b71b291bb0bfe1477,yes,no,0.6440902352333069,0,2
learned_hands_consumer,embed_large_logreg,2,0,23,db86e2ed5ca09bd43e5c1153206c84ac6670851f84c6f0c29b6ccd1eb0deb1e7,yes,yes,0.5978202819824219,1,1
learned_hands_consumer,embed_large_logreg,2,0,24,f544e710a36c5f8952ea27c89f4b8d456410ad33abcdeff8bb5ab956f30c76bc,yes,yes,0.6607946157455444,1,1
learned_hands_consumer,embed_large_logreg,2,0,25,ffe0635de5f1a7973b85a3b70ea8e03cb5b1567c2d2995c39b15468f910920d7,yes,yes,0.7138233780860901,1,1
learned_hands_consumer,embed_large_logreg,2,0,26,1c5d518541a4c3c72210f1d1640f265a1ed467b09e8fd9920e0ced3c2a2e237f,yes,yes,0.732275128364563,1,1
learned_hands_consumer,embed_large_logreg,2,0,27,847d90720ffa65caeed18bca722c31a7e6ad6690535571373c7cf5484024b4f1,yes,yes,0.5410954356193542,0,2
learned_hands_consumer,embed_large_logreg,2,2,28,826850ee19189639a241888830f2095a605677489c15835a9633e2a0b1ac6a64,yes,yes,0.8431767821311951,1,1
learned_hands_consumer,embed_large_logreg,2,3,29,8bf45813b8f64152745c4302a8fe3d28ad3a521ce8400337d150f52d7679c073,yes,yes,0.5550763607025146,1,1
learned_hands_consumer,embed_large_logreg,2,4,30,eab22a84a1d27762ebd956ab7c150792e31d45b69c081b1042ce94bb9f5db787,yes,yes,0.9400793313980103,1,1
learned_hands_consumer,embed_large_logreg,2,0,31,0d9289d67324c71b1a8459504ea7ea7d8593bc88c6baad910d98ae12b894b961,yes,yes,0.5832083821296692,1,1
learned_hands_consumer,embed_large_logreg,2,2,32,28de51fe26d760b562f7dd240c576dd29c1dcd24a3821f27045c03e1695ce0c4,yes,yes,0.5806022882461548,0,2
learned_hands_consumer,embed_large_logreg,2,1,33,6ce4033081e30de899b1011a4c082e82532b4c8f2afae23aed1a9b31dfb4eadb,yes,yes,0.7263678312301636,1,1
learned_hands_consumer,embed_large_logreg,2,1,34,fe949d0e8bb0a6f67a12ee28fec1d49ebc38d613057ddbd9e9742ce374e5a92a,yes,yes,0.5150734186172485,0,2
learned_hands_consumer,embed_large_logreg,2,3,35,c207ce030682bc8ba0e7590a8ef0dd99c16b1b16665aebc82ab525877c2593a3,yes,yes,0.5125004053115845,0,2
learned_hands_consumer,embed_large_logreg,2,1,36,8ee486f22362d8e55009981db61b71a034a94793fc615ef6c369c92e25d8621a,yes,yes,0.5759245157241821,1,1
learned_hands_consumer,embed_large_logreg,2,4,37,bf327cac5ea3a5c8ae4b1fa4c6aa053fb3e0494255dfad320226fae0a94b91af,yes,yes,0.7746961116790771,1,1
learned_hands_consumer,embed_large_logreg,2,1,38,d5599f345f2efcc9997c702cf325c78c55c774947409f903377c2d84a3c8bc07,yes,yes,0.7187227606773376,1,1
learned_hands_consumer,embed_large_logreg,2,2,39,574fc09c7649af91d62597783fce341ddacfa64d9567f02c1c1d30d6a45410d3,yes,yes,0.7317640781402588,0,2
learned_hands_consumer,embed_large_logreg,2,4,40,46fe2b35c88c955d03ff315dfce3bb7c880b33d4409029f9ff6042df0194686a,yes,yes,0.8647284507751465,1,1
learned_hands_consumer,embed_large_logreg,2,3,41,f5d2007ecaaceed6f700b3e50cfa67215480af67ec2a87afea71cf1279ebec05,yes,yes,0.5878459215164185,1,1
learned_hands_consumer,embed_large_logreg,2,1,42,01f1c668540d25f929d2e86cf0c94ebff90e0049c2f9c72bd85b0e900e0d7495,yes,yes,0.5481290221214294,0,2
learned_hands_consumer,embed_large_logreg,2,4,43,1d86013431ea866bb8f9c95e610c8a4080348f326588f325da4a18706ada5429,yes,yes,0.8877435922622681,1,1
learned_hands_consumer,embed_large_logreg,2,0,44,bb18ab83285db7bc8dcf60f8a3ce1cdf2bd7debb099b953f662ddb9f8b38c2a7,yes,yes,0.6616271734237671,1,1
learned_hands_consumer,embed_large_logreg,2,0,45,16a3215ae403198891fd8dc9a2a417f75f8728d8e7141fcfef231668fdb5ab3d,yes,yes,0.6437807679176331,1,1
learned_hands_consumer,embed_large_logreg,2,0,46,4439bed3fc41d7b9c8ab09ef918fda1428dd5d823121216ce107959cb0dd4294,yes,yes,0.5771969556808472,1,1
learned_hands_consumer,embed_large_logreg,2,0,47,0b3c04d83b29cbb3a2e22807f4dae94c87c8f2b395036f54911c5754a4c47017,yes,yes,0.6353983283042908,1,1
learned_hands_consumer,embed_large_logreg,2,3,48,22a293b5746bac59ac00ea57d239b6ac359d9156a1ec0715abd762c84fede43d,yes,yes,0.5482731461524963,1,1
learned_hands_consumer,embed_large_logreg,2,3,49,c4c2bad785e53ccb9b321d2c63b8faff89f92b5a2cdcf0736b057e7e8e719879,yes,yes,0.5591066479682922,1,1
learned_hands_consumer,embed_large_logreg,2,2,50,014d339ae8d5fa4f98805d09f90eeeceed4b7762a40914f0ab3d4313182186bc,yes,yes,0.9759292006492615,1,1
learned_hands_consumer,embed_large_logreg,2,2,51,e7c14e7458d8da99796ba9c88de59853c6a65ab37d90d24358671b503b06100a,yes,no,0.5535978243827171,0,2
learned_hands_consumer,embed_large_logreg,2,3,52,fc726439af49d4188b72ee0e9adc0c39a6dd739d7612fcaa8485f57a5706e876,yes,no,0.5162941813468933,0,2
learned_hands_consumer,embed_large_logreg,2,3,53,eec25d963cdf3c5408e24c25c1ec3ce4c8b7063821931ad7747c587b4dd8f3ed,yes,yes,0.5123751759529114,0,2
learned_hands_consumer,embed_large_logreg,2,1,54,dcae1fbe99948ce3f328592769d0490ed52f89cb9a04fb61ed7eb8f822e0ef89,yes,yes,0.6157240867614746,1,1
learned_hands_consumer,embed_large_logreg,2,3,55,ec7dbe0d74d55de6c88312082e78da6a9a98966b97acf9fa7c9d9202b2fcbe6d,yes,yes,0.608586311340332,1,1
learned_hands_consumer,embed_large_logreg,2,1,56,d8912fee3a18d2f57b6bb3a91a58414523442ec0294398e0adbd9fa8b241b33b,yes,yes,0.6264788508415222,1,1
learned_hands_consumer,embed_large_logreg,2,3,57,f87c51747534d2868b590819e8df1acd5dbdbe3015ba30f49aa700ccfaff8b97,yes,yes,0.5424011945724487,1,1
learned_hands_consumer,embed_large_logreg,2,1,58,aaf2efb2b98403731588f69a234f9628c7cf0a6e41dc5e4d493bf3cc98491abd,yes,no,0.5981821000034243,1,1
learned_hands_consumer,embed_large_logreg,2,4,59,8401deb1d2cdca16e4beb605dc74617b796161236d4fabf6b119671c60390e46,yes,yes,0.9559677243232727,1,1
learned_hands_consumer,embed_large_logreg,2,1,60,0141cccd8167fda3a53db3bc8a9c9de38ab73039aee125ca5d456f83efb3f060,yes,yes,0.6713643074035645,1,1
learned_hands_consumer,embed_large_logreg,2,2,61,9539303909111ff48458f893819b6c4d82471c51d35262c48791eb4281d5a6fc,yes,yes,0.8430836200714111,1,1
learned_hands_consumer,embed_large_logreg,2,3,62,0d9042d456d2e30348acf77b2105fef878d17d0c8ce75d13775d81f13023733b,yes,yes,0.5919068455696106,1,1
learned_hands_consumer,embed_large_logreg,2,0,63,d351e0b84bda59ef89f0bf473a631f614d498349dffaab3bb47d4611faad2257,yes,no,0.5535888671875,0,2
learned_hands_consumer,embed_large_logreg,2,1,64,087225dc844ed506b918ed1ed8cb4919b62e15999a35bc72ef5f3e438535329d,yes,yes,0.6146741509437561,1,1
learned_hands_consumer,embed_large_logreg,2,3,65,8cc2e66174e528599835446e6f69bf213ec59da343e4da74a215a2d7e47df358,yes,yes,0.5620927214622498,1,1
learned_hands_consumer,embed_large_logreg,2,1,66,10c9dca4735480772f9fa371b9c9695f8d7449b8c64df6abd309125cc20b2e6a,yes,yes,0.6682204604148865,1,1
learned_hands_consumer,embed_large_logreg,2,4,67,4e9fb39ce82c9a0c8db9edda73b0a08dbe1fee6bde6735bb0599991149c9cceb,yes,yes,0.9619989991188049,1,1
learned_hands_consumer,embed_large_logreg,2,1,68,6a7e6c881869b757c8e7d36f73f227b987ce5b3ad9363a56d200edfa24ffcded,yes,yes,0.7024607062339783,1,1
learned_hands_consumer,embed_large_logreg,2,4,69,7599dea223674f198ca8bd7b449a8b363e958ee58ead42c5f7026c558eac1915,yes,yes,0.834949254989624,1,1
learned_hands_consumer,embed_large_logreg,2,3,70,7f224054d39f18cdd6646ad519ae236db20d9acc51e2a2366bf146920bbd208f,yes,yes,0.5921370387077332,1,1
learned_hands_consumer,embed_large_logreg,2,4,71,96ea4d954d1b6446c71d74a769dd614b7dcf83261e50056d6e62e7ca102d5401,yes,yes,0.8928748369216919,1,1
learned_hands_consumer,embed_large_logreg,2,1,72,3defdb305691fca997369ad61eb4c2cc9ad5737f73633b9997bca6b3b68dbc70,yes,yes,0.744480550289154,1,1
learned_hands_consumer,embed_large_logreg,2,4,73,ea88a64bd77d6c33327a9e3a56bdeab16edfcc94d3ad1f6c811e233e9cf1a4e6,yes,yes,0.813906729221344,1,1
learned_hands_consumer,embed_large_logreg,2,2,74,1cb2a54d0c572842c9666556b4f9d68ac569dacc5ff14c26a9deb40b00297490,yes,yes,0.8163490891456604,1,1
learned_hands_consumer,embed_large_logreg,2,4,75,3145ed790491a1b21c800dff9616114d2f77be8dbdbc044f4fcf7b15608d7aeb,yes,yes,0.941351592540741,1,1
learned_hands_consumer,embed_large_logreg,2,0,76,bc58560238d37dd7bb637d6eed992896abc2e8646e56eb8dac0dd8bf4106576a,yes,no,0.5060534326418211,0,2
learned_hands_consumer,embed_large_logreg,2,3,77,9a5c75e417971c21fe00a89d52819a28a8d393fb332863c7f844a2f728e1aa47,yes,yes,0.5756512880325317,1,1
learned_hands_consumer,embed_large_logreg,2,3,78,7effc09d90b5d4a003218cec4356f0109765847fec64e4393bdf14682528fc56,yes,yes,0.5777767896652222,1,1
learned_hands_consumer,embed_large_logreg,2,3,79,bf7fab3a472a85fba5cacc610acd4ae413064fb5929efe63047e35beca2837f6,yes,yes,0.5616000890731812,1,1
learned_hands_consumer,embed_large_logreg,2,2,80,b9fec9f38f97749033ecb64442eb36f3ee2e3a80cd28ded964ba3b542608ed08,yes,yes,0.9754520654678345,1,1
learned_hands_consumer,embed_large_logreg,2,1,81,a86e6ca3f4d275c0420ca0ee4600f15f0b78e34c43b877bb58dfb44c56f07ad2,yes,yes,0.6833509206771851,1,1
learned_hands_consumer,embed_large_logreg,2,2,82,e2dda0a5ede9ada6a285c131669076df0764c2b88c1c2001ae078a17d88fc168,yes,no,0.9122205580522245,1,1
learned_hands_consumer,embed_large_logreg,2,1,83,9d3a029d590c2c8aecbc4df458d911be15fcbef421678b9ef52d1281119ef933,yes,yes,0.5176534056663513,0,2
learned_hands_consumer,embed_large_logreg,2,1,84,0a86c2677e444a84373fb5de0aa2e100762432bf73d0ed3e92ef3f2f584504eb,yes,yes,0.6677570939064026,1,1
learned_hands_consumer,embed_large_logreg,2,3,85,edf4479c78e0f0664620607e8ab699c2cf70b3f949ebe5b6e2a5e65f56f24fa0,yes,yes,0.5770021080970764,1,1
learned_hands_consumer,embed_large_logreg,2,0,86,a446c13b6a95e774dc7f399a94c473901184d9172d42d8f4db7362cdb059e191,yes,yes,0.5355880260467529,0,2
learned_hands_consumer,embed_large_logreg,2,2,87,90d67e6b76ef21ed8c1dc58bfbdcc24aab8e1dd728ebdafefc643a1e3c6bc74c,yes,yes,0.8394749760627747,1,1
learned_hands_consumer,embed_large_logreg,2,4,88,e0f88567e0733cdaf8c918330d9139891158680d5be3cc3fc4577a4e79c67cdb,yes,no,0.6040667295455933,0,2
learned_hands_consumer,embed_large_logreg,2,3,89,4c96db2e33b6cc4900b1f80e86334c0d0f97a10b76baf6a5fac96558a449fa07,yes,yes,0.5593137741088867,1,1
learned_hands_consumer,embed_large_logreg,2,4,90,08c27d740cbffbaf24d70ad9cc2f4538941c1e7ccba03ba15eacb0c43fe8f6a3,yes,yes,0.923824667930603,1,1
learned_hands_consumer,embed_large_logreg,2,4,91,123e686fd8c78b602b0952ee8aacebb8f2a451c8d2c2f716072c6c0780e88a8c,yes,yes,0.7559515237808228,0,2
learned_hands_consumer,embed_large_logreg,2,0,92,61088df3abd8799b2cb0b2a50547fabab33f53e711b6bf0e51ad8eee1f9886f8,yes,yes,0.6087138056755066,1,1
learned_hands_consumer,embed_large_logreg,2,1,93,245581fd1773d7336f3fbd519ea0ad635746b96c3ef3c64c77d8fe969f404345,yes,yes,0.6270886659622192,1,1
learned_hands_consumer,embed_large_logreg,2,1,94,0935c35b8f85a7acb661025d20f4077750c9420cbe5f2d6cb6c1f5e62a4cd9fc,yes,yes,0.5225262641906738,0,2
learned_hands_consumer,embed_large_logreg,2,1,95,8b2b428ed3082708aebc90d3e95493d6b01fab537f0107c5604932ba617141c5,yes,yes,0.5865384340286255,1,1
learned_hands_consumer,embed_large_logreg,2,0,96,46b3b836673160a90a211860286b914eda2a3ef85f0eb63bd10cacc7ea5f0f02,yes,yes,0.7100645899772644,1,1
learned_hands_consumer,embed_large_logreg,2,4,97,8c8ab92472440d5e8d77d4f562ff2df1e24f26dbf33e2f219ed51d9ffe2ed9e8,yes,yes,0.5957906246185303,0,2
learned_hands_consumer,embed_large_logreg,2,0,98,f84ae3cfea6e268f60d53f2fc2105cabc35e7c1bc60594c254b8a5b9ebb95c52,yes,yes,0.7540172934532166,1,1
learned_hands_consumer,embed_large_logreg,2,1,99,5a061ea8f86d69941bb8f010a9102517e2e50e8a6e7f043b2a65a9beeb5b2a5a,yes,yes,0.6964134573936462,1,1
learned_hands_consumer,embed_large_logreg,2,2,100,a0b66eb40941e4afabf26cc61164bd17ae4b404900827ee613063156c3fcf1f6,yes,no,0.7322384715080261,0,2
learned_hands_consumer,embed_large_logreg,2,3,101,d69eab546563939e27e3b5c4bf71ed21aa8c08a685f2dc211a8611a8734cdaac,yes,yes,0.5090219378471375,0,2
learned_hands_consumer,embed_large_logreg,2,3,102,13c1947392729839a6ef7e019584b3baf576db1a026c6cc363f97f9be6b55b7d,yes,yes,0.5387508273124695,1,1
learned_hands_consumer,embed_large_logreg,2,2,103,2db3f4de10f8e3c93f180c1cec9ec1036a8cfb696152a003910f4876349b5563,yes,yes,0.9899693131446838,1,1
learned_hands_consumer,embed_large_logreg,2,4,104,9d141e84a47e429ebf8c9be15a716519a789f6ecfe2635d6742bcc1589887b61,yes,no,0.6258916854858398,0,2
learned_hands_consumer,embed_large_logreg,2,4,105,f2b40bc0dd711fca9b42c004ced8b6a7f8400023cc7f44239caee4f44359dde4,yes,yes,0.57787024974823,0,2
learned_hands_consumer,embed_large_logreg,2,2,106,d5dcc520e7691c72d4f4bcf6d67cfa74c856d631a5a6c4904f730332b192f920,yes,yes,0.8506824970245361,1,1
learned_hands_consumer,embed_large_logreg,2,2,107,da0684c959dcca3dab601174a68db1954a8db19f75ad96cecdb7b9319c828539,yes,yes,0.7217929363250732,0,2
learned_hands_consumer,embed_large_logreg,2,2,108,0e7608581b6f65860575a915b9e6d3ea3ba463ac7392a783effab47b7c6ed2b6,yes,yes,0.7167556881904602,0,2
learned_hands_consumer,embed_large_logreg,2,2,109,3b14007f0368858c49628d89f7a4ac4e05912114c121069f929f093267da692c,yes,yes,0.8396176099777222,1,1
learned_hands_consumer,embed_large_logreg,2,2,110,83a75ee006bb31d8db282260e075860f781be2246f81074adfc047c6debba47d,yes,no,0.5874089598655701,0,2
learned_hands_consumer,embed_large_logreg,2,2,111,d140e8b5cef58e3c07015a3be1003d6d67dda0e1681f40a4b5b23a3a143236ea,yes,no,0.9745834055279085,1,1
learned_hands_consumer,embed_large_logreg,2,4,112,fb04a608b72b2b2e616ef5e9aa6ca1fda0b73c81a00bd51339a60f7ebb9349f5,yes,yes,0.9314415454864502,1,1
learned_hands_consumer,embed_large_logreg,2,0,113,5ebb5e29b015223682853139344a5e2422b009ed368ed22452f4ebe96b314797,yes,yes,0.6704471111297607,1,1
learned_hands_consumer,embed_large_logreg,2,2,114,7e315bac1e39325f317709b5955292bc75939640e3b8f10ba3c11050930647e1,yes,yes,0.974152684211731,1,1
learned_hands_consumer,embed_large_logreg,2,2,115,0d7f2c826f6a0fc0a9404989d5d4b5cc6d7f2f516c1f069e5bf8d31ee7e817dc,yes,yes,0.9293404817581177,1,1
learned_hands_consumer,embed_large_logreg,2,0,116,7e75b01067a2ec4ca8c403b389118d896ccf66db535b144a3c54bc98c1c2e246,yes,no,0.5194157958030701,0,2
learned_hands_consumer,embed_large_logreg,2,3,117,a3e66362096eb8059a216e47a87cdd7f3f944d1ccbc606f30cfbe1cc424e0594,yes,yes,0.5769588351249695,1,1
learned_hands_consumer,embed_large_logreg,2,1,118,d3308da62008ec5ef18494df94f73a4585ed31e1c8e69ccc9e25e76cb56d42a0,yes,yes,0.646973192691803,1,1
learned_hands_consumer,embed_large_logreg,2,2,119,e07a44cb806545635aac341cc0946afd7d71c3619844a0ec08545160df03cbdc,yes,yes,0.8894231915473938,1,1
learned_hands_consumer,embed_large_logreg,2,0,120,aedceca2ca38055764eb4ff944a3a150057788281d1c3739f5e785db00a9e719,yes,yes,0.5099387764930725,0,2
learned_hands_consumer,embed_large_logreg,2,1,121,ca458586d811f25c02f1f39cf55f75b65071bd2ddc79fd97b0d5be9eb8e5312c,yes,yes,0.6992466449737549,1,1
learned_hands_consumer,embed_large_logreg,2,4,122,fce48e30fc0ea1058c42d4b4e3fc772fdd46a3060633bca5f371f122fc5aaef5,yes,yes,0.9743518233299255,1,1
learned_hands_consumer,embed_large_logreg,2,0,123,02bd80d2b643617360d685b497986a8637dc26275c2ea6a626b69de253d164e7,yes,yes,0.5717926025390625,1,1
learned_hands_consumer,embed_large_logreg,2,1,124,af3d9c10fbb3296fa6a040f3015c474aaa8ae09177f6fe2e775fee3e584f996d,yes,yes,0.6166567802429199,1,1
learned_hands_consumer,embed_large_logreg,2,2,125,73e4bc727ab5dd4600aa1647320d964c9a52dc7767744c8d074cebcd901f6c05,yes,no,0.5734657049179077,0,2
learned_hands_consumer,embed_large_logreg,2,2,126,0bdb8221f4d44b38dc8782e0b56035bbdd3a7e6fc2df17d22f1a5c863bc46075,yes,yes,0.9877408146858215,1,1
learned_hands_consumer,embed_large_logreg,2,3,127,90fe4003a641d7cd2ed6a00150556d083b23fe1e24e75ebb94ecff4d843c77e2,yes,yes,0.562325656414032,1,1
learned_hands_consumer,embed_large_logreg,2,0,128,155678c2832cdf4702db15b523f143f1ac784cffcaf58c1a1dfe33a97611eb8e,yes,yes,0.6822558641433716,1,1
learned_hands_consumer,embed_large_logreg,2,3,129,aec3c6407d02ce2d3b4abd591e08891c236a8a8989e7ad72020a4b7b777fea78,yes,yes,0.5037256479263306,0,2
learned_hands_consumer,embed_large_logreg,2,0,130,1f2af78776193434b3d71d59e47e0a24bc7439537dae7643126e174f05f8a690,yes,yes,0.61373370885849,1,1
learned_hands_consumer,embed_large_logreg,2,3,131,ac3dcaa7b7faf827da8c14b3bfd03c0f8d36bbd129920232b5775c57ebee5322,yes,yes,0.536673367023468,1,1
learned_hands_consumer,embed_large_logreg,2,2,132,8de39616285bfb13eac266c45a5691cad8963031bb495c5ffff384303ac2e317,yes,no,0.6330234000987828,0,2
learned_hands_consumer,embed_large_logreg,2,0,133,df7cebc19279cc1176c76578d13d5634b4ee220d4093d6b4e048fd1f74811db9,yes,yes,0.622100293636322,1,1
learned_hands_consumer,embed_large_logreg,2,3,134,b5412b723d0181549110fa8dd79485fa5238dbc7e264272da705dfe9c7f066a8,yes,yes,0.5685720443725586,1,1
learned_hands_consumer,embed_large_logreg,2,2,135,e802649c8e6be5fbdc4e7ec755757e95ba836ac949c022f0081c1fcb1cfa00b0,yes,yes,0.9833696484565735,1,1
learned_hands_consumer,embed_large_logreg,2,2,136,a039dbd9f0510ac6f66d44c60f9a5f5a5d5c76093f00e693801d2fc80d54f7a9,yes,yes,0.9850797057151794,1,1
learned_hands_consumer,embed_large_logreg,2,2,137,9cca62662bba01723eb2a9aa094821e1675b7ac525fe30fc042f3dcaac3e2727,yes,yes,0.913482129573822,1,1
learned_hands_consumer,embed_large_logreg,2,1,138,dfbc47fb61799a0472fbf92d48b36eeb2584ccc63a3185c2d61a51c1537f7c92,yes,yes,0.6465970873832703,1,1
learned_hands_consumer,embed_large_logreg,2,3,139,6cb9e80497686772c38151ef29f0b998c3911fa46f4ae26dcb0677863d1c3bcd,yes,yes,0.5424927473068237,1,1
learned_hands_consumer,embed_large_logreg,2,4,140,bfc4a30870f9292a454f9471c16d25b3199ec05b80dafc98a9d6c50897c1b47e,yes,yes,0.9585325121879578,1,1
learned_hands_consumer,embed_large_logreg,2,3,141,078b717fbab45038fcb94864d32f33fa6d71d9664570dfe04661869f23314833,yes,yes,0.5911061763763428,1,1
learned_hands_consumer,embed_large_logreg,2,1,142,0242758b0d09920c367a96d4d60f74cb970f86cfb3bbf7bc54aa2a69703b17c8,yes,yes,0.6882143616676331,1,1
learned_hands_consumer,embed_large_logreg,2,3,143,51eef95bf47218140683c3e1b4135ffc3d540ca426dbe552c2809dc445d5b483,yes,no,0.51075626941789,0,2
learned_hands_consumer,embed_large_logreg,2,3,144,af4b353687f267cf4811370b1167f39f3acb12a476ab7569d5711f61e7cc5c99,yes,yes,0.5724475979804993,1,1
learned_hands_consumer,embed_large_logreg,2,3,145,a5b77622968be2023f42d12cc8cdb98fdd05731d5ff1f331c0c61cddcdd016ac,yes,yes,0.5148729085922241,0,2
learned_hands_consumer,embed_large_logreg,2,2,146,483af7a4cce5458979f9fde28f5d38cf96c6b318f56cf5b8bb7fef01baeda51d,yes,yes,0.9470874071121216,1,1
learned_hands_consumer,embed_large_logreg,2,3,147,5b013d7731839bf2ba2c52bac900167561f691d205c1198ffe872747858115ab,yes,yes,0.5467751026153564,1,1
learned_hands_consumer,embed_large_logreg,2,0,148,1403a0476f3fcec8b1a48e6f1fceb06a2aeabd9f5de4f53ac7e2f29a80fc3d02,yes,yes,0.5505515933036804,0,2
learned_hands_consumer,embed_large_logreg,2,2,149,7153d24972b2eb3c082ba9cc58a892af969f2d9524022190bec282710d252b55,yes,no,0.7028783350325127,0,2
learned_hands_consumer,embed_large_logreg,2,4,150,a6e1cfe1a1c58fdb1b4033bef127bdc12ad083d8029c91cf81e74fbc997b44c2,yes,yes,0.9351389408111572,1,1
learned_hands_consumer,embed_large_logreg,2,3,151,c48f7444249fe7386aac1fa49a56e450eebc70c640262a5fc2cb2864d62c7b62,yes,yes,0.5811455249786377,1,1
learned_hands_consumer,embed_large_logreg,2,0,152,7223ee95c7eb5aab471c9b1426c035d3d751646abf3a01dd2380366fa55c1fb2,yes,yes,0.6764134764671326,1,1
learned_hands_consumer,embed_large_logreg,2,3,153,8b857fa596fd194124387876667280b614e479625bc9d05d958f3b90514c2e9d,yes,yes,0.538476288318634,1,1
learned_hands_consumer,embed_large_logreg,2,4,154,6f137236864a4da2299f6341085a62e5e2e0466add7aa8eca3ff5f315633bbdb,yes,yes,0.9741346836090088,1,1
learned_hands_consumer,embed_large_logreg,2,0,155,038e3005ce9b5b1cabf2220d9f9b068ab3289de326b9c0466e84286f1cb69bf9,yes,yes,0.6248317956924438,1,1
learned_hands_consumer,embed_large_logreg,2,1,156,7b67a7b2e80fc8b9473186823a7570203fc746e03e40493d174446237de3bcec,yes,yes,0.6057210564613342,1,1
learned_hands_consumer,embed_large_logreg,2,1,157,9d82c554b4b00bd2ead020ff98bb6fcdee7432665a797346eb3d3aaf490d0d12,yes,yes,0.6675878763198853,1,1
learned_hands_consumer,embed_large_logreg,2,1,158,da85c2e88f91544acd0359c5ccd69c2b4f902d093ceb8cb12767a778944fbd7b,yes,yes,0.6060734391212463,1,1
learned_hands_consumer,embed_large_logreg,2,0,159,a34040f6644b50bc824adc566e6d6428d7b05ca16c8ee39f0af4b1b9f5601f2a,yes,yes,0.7217418551445007,1,1
learned_hands_consumer,embed_large_logreg,2,0,160,19c9ac6e1d4ea3c61c161624efc992b8cc52bf306f151391ba8529c19382e1ee,yes,yes,0.5660650730133057,1,1
learned_hands_consumer,embed_large_logreg,2,1,161,650970637dd6a0ab8e97321c167c7bc4a9a3cdc8eba59da2a5c510bcbd5db45a,yes,yes,0.5066413283348083,0,2
learned_hands_consumer,embed_large_logreg,2,1,162,c51f874153bc2cdaa57ad2c656a6af7ab24feabfb448922cab57ef416feee663,yes,no,0.5405298310360362,0,2
learned_hands_consumer,embed_large_logreg,2,1,163,13b1acd948c8e9c9a5739d8481ea213fa3cfdab8b80a82efd25be33e8f7b2902,yes,yes,0.6579050421714783,1,1
learned_hands_consumer,embed_large_logreg,2,2,164,9fde61742e0b3fc6fabbffa750b6283c72453cd0303a465ce66648d46676eb89,yes,no,0.6714879274368286,0,2
learned_hands_consumer,embed_large_logreg,2,2,165,4fd20a26aafa50907d098d746bcd899d7abfca4f42db1d5c149080652db43b60,yes,yes,0.8654893040657043,1,1
learned_hands_consumer,embed_large_logreg,2,4,166,38a9b6c4df60f95cae8cdf22954e4170c3a5feb64ebfb5162134d697b7e84381,yes,yes,0.8567590117454529,1,1
learned_hands_consumer,embed_large_logreg,2,4,167,8892704b2b2b6659f287178e3c29d5c9d21dc3ecb2ae17dd4b6ec86c6784cd0e,yes,yes,0.8921859264373779,1,1
learned_hands_consumer,embed_large_logreg,2,4,168,5953941222239eaa15e600b769f26c7173e96638173a25e19be42ff6b5b07d45,yes,yes,0.9745180010795593,1,1
learned_hands_consumer,embed_large_logreg,2,0,169,4f9eec5c23a5c213a1bc6fc916fdf2587227d14edcd43d78fccea8cd278cc2e0,yes,yes,0.6477194428443909,1,1
learned_hands_consumer,embed_large_logreg,2,0,170,51ec6ad487eff34fddaa34cf9a46b4a9a9e66e2ef37f1718f6c2c0a6b08bcc0e,yes,yes,0.7443019151687622,1,1
learned_hands_consumer,embed_large_logreg,2,4,171,4356eb8f7a087e4d6032661552935019173e052ab6031528ff64635a4f9c515d,yes,yes,0.788946807384491,1,1
learned_hands_consumer,embed_large_logreg,2,1,172,6d7c28575a9e0747fc4cfaab5263e2daf0754ef5d1c996b9de353104dbfb5be1,yes,yes,0.6105557680130005,1,1
learned_hands_consumer,embed_large_logreg,2,3,173,6656d334c0150d50518a8e9e86ac484364dfc5da62604f792fa121392de57cd5,yes,yes,0.5473691821098328,1,1
learned_hands_consumer,embed_large_logreg,2,2,174,fa3b234c5866029eaafed3054fe7c1e9dd9d3e50389c45beedce0456e0a851a5,yes,no,0.582138913337556,0,2
learned_hands_consumer,embed_large_logreg,2,3,175,f5327013f798cdfff71ccd1ccbf934757fae9118c8fda0cfb29197ee8c9a2f92,yes,yes,0.5228338837623596,1,1
learned_hands_consumer,embed_large_logreg,2,0,176,0c550425496483256cac2b164db69cc78311e995021bfcbd4a5c585bcdd9d9c6,yes,yes,0.5728458166122437,1,1
learned_hands_consumer,embed_large_logreg,2,4,177,e9a4a62f276d5c835085a02b2f4d92155f8f7ac6d396a52ad1cd37cab729b635,yes,yes,0.6953502297401428,0,2
learned_hands_consumer,embed_large_logreg,2,2,178,f4fe68a7bc004d02c8ecf39777717f5e53269903d0c3c3181101c07cea5c6b0c,yes,yes,0.9516334533691406,1,1
learned_hands_consumer,embed_large_logreg,2,3,179,3d0de6dc3fb5d69b4483315a8f1b9a55f3da2fb8eb1df50a74386a480912447a,yes,yes,0.5694745779037476,1,1
learned_hands_consumer,embed_large_logreg,2,2,180,b66cb0340d554080664d72cdd106c5cdb17b38d1f74932ac0787b45754ce1a7c,yes,yes,0.9887456297874451,1,1
learned_hands_consumer,embed_large_logreg,2,4,181,a9af33b24aeb8f4fc3dd090cb6015fd72eb33e9bacf6b245b9efd00dd9991af3,yes,yes,0.8500880599021912,1,1
learned_hands_consumer,embed_large_logreg,2,4,182,9eefcb8b16890b9cc6c7e144d07beaa48841305e10614e94d470242a6b0e065f,yes,yes,0.9587821960449219,1,1
learned_hands_consumer,embed_large_logreg,2,1,183,cfde4f376e1a14d27549b00d4ddf32bfeb542cf05f08d1cbc266df888e1c3047,yes,yes,0.6018158197402954,1,1
learned_hands_consumer,embed_large_logreg,2,0,184,421033c1624e9a903b16ba39c1d61b1ecb07a1c62b4ffce4608c02c7a3e067e8,yes,yes,0.5229386687278748,0,2
learned_hands_consumer,embed_large_logreg,2,1,185,7a8050d0881441599707f60d9661cc876f27efc16656cd8526fe842e463a56ec,yes,yes,0.6674090027809143,1,1
learned_hands_consumer,embed_large_logreg,2,3,186,5f4e3e4860760d911ab21bd74b2611036627cda4c7c666615991f1d2314d6b35,yes,yes,0.5805469751358032,1,1
learned_hands_consumer,embed_large_logreg,2,2,187,057e4d5e06ed1236a9a35f3ea5c2cc42ae58bd3d82fb4981f56669b168d087e6,yes,no,0.806622242730193,1,1
learned_hands_consumer,embed_large_logreg,2,4,188,a5608444f7d99d3cd3109ac70b995bb38775ef1fa2c286f3779886ac598a5c9d,yes,yes,0.7267994284629822,0,2
learned_hands_consumer,embed_large_logreg,2,2,189,48a613b18969b56ad289f137a24f32ca5714dc722f1916be3cf41f3c98f577e0,yes,no,0.8904540538787842,1,1
learned_hands_consumer,embed_large_logreg,2,0,190,d5a7261352131be329b42958bda9d1cbf7adf2a5eb0c341d0fd5d6d07a9ae17e,yes,yes,0.6486255526542664,1,1
learned_hands_consumer,embed_large_logreg,2,3,191,e36f78681c2e77e1fe9fd7fc2f0b8fa917f14b6a2333a41863c17c766053033f,yes,no,0.5622719526290894,1,1
learned_hands_consumer,embed_large_logreg,2,1,192,1487b9bcecfa449f7f97f38810e17ed4e37ea80a32cd5170137bf134574ae112,yes,yes,0.6410835981369019,1,1
learned_hands_consumer,embed_large_logreg,2,1,193,a0956e6a9a6973551966fc776c76b773565a03efe1dd2f5b6e363e037cd68e98,yes,yes,0.6849755048751831,1,1
learned_hands_consumer,embed_large_logreg,2,2,194,113f455fcca39b28919c8669b561494bb48c8a7b1abb08182e38efba3ba3d49d,yes,yes,0.9432751536369324,1,1
learned_hands_consumer,embed_large_logreg,2,0,195,01467176da7f8beaabb7d2d981d4c2a5d270c4de1ee41090eb7fff34ad10f233,yes,yes,0.6956865787506104,1,1
learned_hands_consumer,embed_large_logreg,2,0,196,3917492faa9e47e7106ba122c3a1618a26df3dcdbcf5803ea5eff8caeb3a85b8,yes,yes,0.6645179986953735,1,1
learned_hands_consumer,embed_large_logreg,2,1,197,cde8abafba1e7a412e01f15ea5b8b45f4e1c8f3f37c5ed8ecf8670617e0e3ddc,yes,no,0.5190646803100312,0,2
learned_hands_consumer,embed_large_logreg,2,3,198,61ae855f1482eb8f9d691ed3f1d20ebbea6fc43c48a7559ddaf77710f2c27152,yes,yes,0.5659172534942627,1,1
learned_hands_consumer,embed_large_logreg,2,2,199,f35f9e77ffc5ac7a0d42e5a637d3ec3f6ef2830b8c178fdb6a5c951cfeaa3e88,yes,no,0.57123202085495,0,2
learned_hands_consumer,embed_large_logreg,2,3,200,82f9efaddab72f81167b375aff7cc6c2537117b477e6064545d97be910ff945c,yes,yes,0.5448136329650879,1,1
learned_hands_consumer,embed_large_logreg,2,3,201,967afc85cb2c22088e649a1faac841a0d2609f7e11fe94eef9bd17a4daa54688,yes,yes,0.5097978115081787,0,2
learned_hands_consumer,embed_large_logreg,2,4,202,5648d782c24eb983d5cf18c59b05a1a47459a5dedd4e5335a0232c23f062944c,yes,yes,0.9302666783332825,1,1
learned_hands_consumer,embed_large_logreg,2,4,203,157bd549be3ab1bdd3e21c29805aafdc0d0b45c1aa52b0a397ab9236a4e5c944,yes,yes,0.9643932580947876,1,1
learned_hands_consumer,embed_large_logreg,2,4,204,525f45b4239b35c4038470e08628f267e9887f1c30b0aa84a2d5d01464da39a3,yes,no,0.6433061361312866,0,2
learned_hands_consumer,embed_large_logreg,2,4,205,0a0807c3257345430140d80f2b2b7210e572d13f47d5ac8a65174de1142590b0,yes,yes,0.7623287439346313,1,1
learned_hands_consumer,embed_large_logreg,2,1,206,a2b92dbd2ee6fd008bb6aa904caa64641950c475cddad723b2644f23c751a0ee,yes,yes,0.7340342998504639,1,1
learned_hands_consumer,embed_large_logreg,2,1,207,a2ed73e250907017f6d7fd66c658c04c6a137575d6ad765f993661edda327577,yes,yes,0.5269215703010559,0,2
learned_hands_consumer,embed_large_logreg,2,4,208,1290d537ea8750e4e91f20b46eec10646ce12ab7d86dfc91eb09b608405fe90f,yes,yes,0.5662358999252319,0,2
learned_hands_consumer,embed_large_logreg,2,3,209,a0f7d16e25d9f13501287713351ca9111410082745756d6eff69a544a7ce0fab,yes,yes,0.5034995079040527,0,2
learned_hands_consumer,embed_large_logreg,2,1,210,adbfc9de80cf0100c04073d2c24a7a39ad794835be05b45cd9a54b30876e1bae,yes,yes,0.7083272337913513,1,1
learned_hands_consumer,embed_large_logreg,2,0,211,33d047d7bf09f05c00081ea7055f31cf8f5cfbb5f1ceb5b0376de52b5d66fca4,yes,yes,0.5204102396965027,0,2
learned_hands_consumer,embed_large_logreg,2,0,212,8747eec3bef3a1ac47c5e03b2a3185ec7be0382a48e8f07bc6b009f884106d3b,yes,yes,0.5111008286476135,0,2
learned_hands_consumer,embed_large_logreg,2,4,213,49b127f44fd96be9d276f55d1669f94228b7535cb909c7f6b272eb55f8881a2c,yes,yes,0.9918385148048401,1,1
learned_hands_consumer,embed_large_logreg,2,2,214,dfb7f7c0e45b4a7671e7808a09335109e684ec1f7b896028808720b751c76290,yes,yes,0.9841070175170898,1,1
learned_hands_consumer,embed_large_logreg,2,4,215,db97720cca0e39dc598257024bac71c263aaf9886f335cf6cd722539c19eacca,yes,yes,0.9312693476676941,1,1
learned_hands_consumer,embed_large_logreg,2,4,216,64859a67c19bf56da59ad97eab9f8da73202e6a6dd9d3bbb9372afcb47b0408d,yes,yes,0.7438853979110718,0,2
learned_hands_consumer,embed_large_logreg,2,4,217,f449fe5d57975f0caf323ecddfcc9b9dccbabe88c5ff42bd31a1d65fc7a824b5,yes,yes,0.9278081059455872,1,1
learned_hands_consumer,embed_large_logreg,2,4,218,fa078ce3c2ae45c10df8aa0a800c47eade1e7510a46eb24bbe627b87d2938a68,yes,yes,0.5556402802467346,0,2
learned_hands_consumer,embed_large_logreg,2,1,219,f2fae4fb37730a28c6c680ab68c6e0cbcb083e46d89296b52700b2b28ed2e203,yes,yes,0.6264045238494873,1,1
learned_hands_consumer,embed_large_logreg,2,3,220,ca57b26977335b108fd0d46872d220af17b298c5169ea6a338028e3fa941a5c0,yes,no,0.5034339277912996,0,2
learned_hands_consumer,embed_large_logreg,2,1,221,9f6359257abe0943f69a9a6786fccff089c30ae5f302d29d57c21ec0cc0fb8bb,yes,yes,0.594574511051178,1,1
learned_hands_consumer,embed_large_logreg,2,0,222,da0db19cfa506b30e60a6cf05fa27f60113ec86ac8308c44eddc1cdeb6e6b707,yes,yes,0.6182847619056702,1,1
learned_hands_consumer,embed_large_logreg,2,0,223,013033315bef6946bef54c7e1e5131afe73897a10507585acff502cb07b082d1,yes,yes,0.5775772929191589,1,1
learned_hands_consumer,embed_large_logreg,2,1,224,01ca67ea223ea6f3f78966619c3d177754184bea73cb662ffc54be7eded55946,yes,yes,0.6217078566551208,1,1
learned_hands_consumer,embed_large_logreg,2,2,225,0972b858c77e9cd796c6bda370f1d6b2ea20798091434c33f49f1827e4a678cf,yes,yes,0.9377954006195068,1,1
learned_hands_consumer,embed_large_logreg,2,2,226,478e48024c876788e7ac0b2943d399c14bb997ab82a37ee11247a5b223d23f4f,yes,yes,0.5381532907485962,0,2
learned_hands_consumer,embed_large_logreg,2,4,227,dd602e9be0c77e5a1bf15d2c5db5302c6b6d2b8362f95c146de1f5d3ea45031b,yes,yes,0.6246544718742371,0,2
learned_hands_consumer,embed_large_logreg,2,0,228,e86c4500724cd80b78a41c3de49d5f623baba6615be341878c3f40d1a666fa36,yes,yes,0.5948484539985657,1,1
learned_hands_consumer,embed_large_logreg,2,1,229,44f8bde89aa71070a44a090fe6553fe64a785e0148291429f98b65d8cc35537e,yes,yes,0.6238510608673096,1,1
learned_hands_consumer,embed_large_logreg,2,2,230,f92a5c6258f5da9bffe36fc1a4498f1086f4d296b5c28109401777d767f46946,yes,yes,0.9308968782424927,1,1
learned_hands_consumer,embed_large_logreg,2,4,231,b8099af0f4a08d3625fefbbdf920208ab786e82be6d9e5ecd373c981c3bd90c4,yes,yes,0.9772710204124451,1,1
learned_hands_consumer,embed_large_logreg,2,2,232,dd6b7ca454c08a409f4171cb97167a8c91e862451ec1b92eaa7d9393934cf91c,yes,yes,0.8240270614624023,1,1
learned_hands_consumer,embed_large_logreg,2,2,233,fdb76c188296362ef951b02157cc4150c8d3a0750fe72942787d491e6ddc18e2,yes,yes,0.5339735150337219,0,2
learned_hands_consumer,embed_large_logreg,2,1,234,b78102f7318502d1b26dbcb12920cd58ed53891ef8b61bff2b15f5b432da91f0,yes,yes,0.7184861898422241,1,1
learned_hands_consumer,embed_large_logreg,2,4,235,5a37498c5c481cdd1e4bd5190333a14a0190aa3aede5364087479e33c293e1a9,yes,yes,0.8603235483169556,1,1
learned_hands_consumer,embed_large_logreg,2,2,236,eae4558b0617e7ebc54a6ebc59d2dde3f9df33d4ce6cb6404452671b374ff797,yes,yes,0.9844427704811096,1,1
learned_hands_consumer,embed_large_logreg,2,1,237,b25bbe0ef882d9b6ee6ca640d619e47af1ba4b4303c92a73e17071d2b63f6203,yes,no,0.6001393973868906,1,1
learned_hands_consumer,embed_large_logreg,2,4,238,3415dc4afd4d574b0da83ec6d205e580b78b683ce427d70cb6192aa1345ada00,yes,yes,0.9022840857505798,1,1
learned_hands_consumer,embed_large_logreg,2,1,239,e4190a6930b3800fcc812916fc24cd7666ec7ccade668b74793a25cf043ee8dc,yes,yes,0.6719586849212646,1,1
learned_hands_consumer,embed_large_logreg,2,0,240,2a1e5635eb53609c5660dd54ea549b8c7ca1d8ef3709e5692cce67005fde384f,yes,no,0.6276725343563397,1,1
learned_hands_consumer,embed_large_logreg,2,0,241,1587f650838e742b5adbc001e25e86b815c1c282f7e24b9a7f46e2c9c7e7663d,yes,yes,0.6577448844909668,1,1
learned_hands_consumer,embed_large_logreg,2,4,242,3aeb06e0988c30e7dd4b9857f1305ee50a9955e156a1e1a8bfb635878c936da6,yes,yes,0.9440969228744507,1,1
learned_hands_consumer,embed_large_logreg,2,4,243,0ba639fb1b8f0dcb2fe9cffb9b96ec4f2cc182c78d9a521ea1b367d5c28385d0,yes,yes,0.7829511165618896,1,1
learned_hands_consumer,embed_large_logreg,2,2,244,ebd5c1534b316d246d849144a17469ee09729233fad0f39a8a330fdfa15b9628,yes,no,0.7561578975962966,0,2
learned_hands_consumer,embed_large_logreg,2,0,245,401a36474fa40d2d999cd260f57ca66ab83fcb63de68f578a6d6ad7d4ec4bd2e,yes,yes,0.6001691818237305,1,1
learned_hands_consumer,embed_large_logreg,2,3,246,4176b37a2179c60a956b8746678c2a674aabbd9e086407904b2475af255d13bd,yes,yes,0.5901510119438171,1,1
learned_hands_consumer,embed_large_logreg,2,0,247,95933a28191a6e558a2911f9c54efc9e53d3ba70d036eac4f4fcf1044bbc9d88,yes,yes,0.6792256832122803,1,1
learned_hands_consumer,embed_large_logreg,2,0,248,0f4ecd29ccebf4ac6e235b28298c170a1c4939a57f8d2bae941d4292bb91c9e2,yes,yes,0.5309598445892334,0,2
learned_hands_consumer,embed_large_logreg,2,2,249,061be30da02e5927c05d4f6dcb0ebcaa8bda9da95f663afc3448b40f550c8dcc,yes,no,0.5782045125961304,0,2
learned_hands_consumer,embed_large_logreg,2,0,250,6c7deef4168bfdd3eb4f65e34ff1a5b08e7d07a494276e6dbc72cf08dd1d9ea3,yes,yes,0.7120295763015747,1,1
learned_hands_consumer,embed_large_logreg,2,0,251,3fecd30afaf717ef4d633f041d6b64abc35956652a123bf652a024e051aecbd2,yes,no,0.5196807384490967,0,2
learned_hands_consumer,embed_large_logreg,2,1,252,618080a1456e3ee68a8c336bd1951f8be686d4b280ba12acc2afbc0afe6f5e6e,yes,yes,0.6749759316444397,1,1
learned_hands_consumer,embed_large_logreg,2,2,253,7d9553904434b833510ba4f74348cff64322921c601077d281c33b3d61d048ca,yes,yes,0.587071418762207,0,2
learned_hands_consumer,embed_large_logreg,2,1,254,851524b83e3b815d2b8ad94407c2a48429aa45e82bd9c1b64ffd780d6c3a0de3,yes,yes,0.603858232498169,1,1
learned_hands_consumer,embed_large_logreg,2,0,255,cb21cc98accfbbfc1ab6fb040d28dc4a525dd125dcded30bbb6688922bc0bcf0,yes,yes,0.5792058706283569,1,1
learned_hands_consumer,embed_large_logreg,2,2,256,77a1a7abf05f1aa064c4d1f51619137f7eb2bd94b8ddc362bc14f64be0bd2a01,yes,yes,0.8252529501914978,1,1
learned_hands_consumer,embed_large_logreg,2,2,257,3d22a52452442ace2422e3134c77857c8d5686fd9080d9f42bc9438a845f4c89,yes,yes,0.6986743211746216,0,2
learned_hands_consumer,embed_large_logreg,2,4,258,aaa2f84803feb0579309aaee905dbe769a0e41a5a6daf89677d4a8534aa9819f,yes,yes,0.8454210758209229,1,1
learned_hands_consumer,embed_large_logreg,2,1,259,cbf21ed32acc01ddeaa5380d184a96c3ca5b84614bc1f3a1a9583fa9b891c05d,yes,yes,0.6653779745101929,1,1
learned_hands_consumer,embed_large_logreg,2,2,260,370cc782f60a07b178ac3c0ec5c92e1d6072d6798ba29e27eb089d3af9d06cb5,yes,yes,0.753692090511322,0,2
learned_hands_consumer,embed_large_logreg,2,0,261,e2fa618a66bdb423b63a86d231a23868e8833853ed334799049daeac30367a88,yes,yes,0.595707356929779,1,1
learned_hands_consumer,embed_large_logreg,2,4,262,6c81e7b6dabbb3574a09c499dc7a67ca24d31c6e646bab4ced51cd8c78f55ea7,yes,yes,0.8793901205062866,1,1
learned_hands_consumer,embed_large_logreg,2,4,263,1f341a6355c5c3b945e1a2b14b3434e8b3904eb4eca3e24c87941d86e705e57e,yes,no,0.5551087260246277,0,2
learned_hands_consumer,embed_large_logreg,2,3,264,6adfe2187f8557b8f6378f034717bdcd2f522a0df00806a04c1dfe98b3e997bd,yes,yes,0.5855039954185486,1,1
learned_hands_consumer,embed_large_logreg,2,1,265,8bad5933bcb5967cc9bc4abe066d28b765494f7a0dffd407c47d6d8067553308,yes,yes,0.5752423405647278,1,1
learned_hands_consumer,embed_large_logreg,2,2,266,c55600e95d9b4eb897af3302c41acc84e2d54157f428bf1f8caec3b61e668da5,yes,yes,0.9710317254066467,1,1
learned_hands_consumer,embed_large_logreg,2,3,267,13c0dc364911dc9186a0c024e55f88be572c4deb5878fbd82d310ecaf5f45d13,yes,yes,0.599566638469696,1,1
learned_hands_consumer,embed_large_logreg,2,4,268,3321004b9ab1144d0dfdcb61b18d746e047e1eca73ce7e0acb9fbd0e7c724816,yes,yes,0.9173321723937988,1,1
learned_hands_consumer,embed_large_logreg,2,4,269,19d396f6ee8676b8e14abd050a0d810589baf0188e806f72eac507d7a2c545a3,yes,yes,0.8210753202438354,1,1
learned_hands_consumer,embed_large_logreg,2,1,270,7eb4eb67f8d71b2387d20ed2f7c7421eab13eb8910aca82d69fdf9a9273ecb96,yes,yes,0.5239194631576538,0,2
learned_hands_consumer,embed_large_logreg,2,1,271,21f6bcc2b642898b25da24d91a08efc8029b34d97d979ac84183c75b0c07b9c0,yes,yes,0.5042938590049744,0,2
learned_hands_consumer,embed_large_logreg,2,2,272,63a06c8bcc7dbff84f881459fdf825076cb5b36209132b00c9c84eeeba7b6eb8,yes,yes,0.8082072138786316,1,1
learned_hands_consumer,embed_large_logreg,2,4,273,94b8923b3eddcc3f61a255a8e42041ab7f8e96bdae7e23fa5dba20dd65b82fa6,yes,yes,0.9487526416778564,1,1
learned_hands_consumer,embed_large_logreg,2,0,274,c2ccc5ca47171285fb0298be4298f50882121913b48b7ac1e796a30c532811ba,yes,yes,0.6508057117462158,1,1
learned_hands_consumer,embed_large_logreg,2,0,275,1f6071d3d10ecfa1b75476a7071af685e3ba15fcf7b2a774e39b20191e1fe074,yes,yes,0.6532118320465088,1,1
learned_hands_consumer,embed_large_logreg,2,3,276,11cabef5b7d7edbcc7de996da7ddc824772faa6248373f429b29567c5017f865,yes,yes,0.5129879117012024,0,2
learned_hands_consumer,embed_large_logreg,2,0,277,9136c7f7286a3ee6b4af4f2c4bd396e5528e9e59d4a11138840961213324a902,yes,yes,0.6663650274276733,1,1
learned_hands_consumer,embed_large_logreg,2,2,278,45b8aa00e5100aa8e27c34109569ad374e89747c8859165962bd4b50a718dec3,yes,yes,0.9702133536338806,1,1
learned_hands_consumer,embed_large_logreg,2,0,279,93a67fe947a834ff1518acdef3d3503a43de70821df3f53bacca03fe73994e4e,yes,no,0.5034961104393005,0,2
learned_hands_consumer,embed_large_logreg,2,3,280,f9aa283cb36bd865eb6d0e00dec619c048e1b8f0e8830f12b5d02008a0b97ace,yes,yes,0.5321254730224609,1,1
learned_hands_consumer,embed_large_logreg,2,3,281,55de4e8dcda9a6328913ef54a1ed9351f1f426737486cdf8f668ad83b8388f73,yes,yes,0.570300281047821,1,1
learned_hands_consumer,embed_large_logreg,2,0,282,6bcb70ea6c53d9d2735995ffa331f18d0e9d9cc24ba93acb53376ae8483ed8a1,yes,no,0.5149103999137878,0,2
learned_hands_consumer,embed_large_logreg,2,3,283,78da2dea499e7edb487d60fd31327140d7546b18febaf57879bbba65e8c1b04e,yes,no,0.5284521579742432,1,1
learned_hands_consumer,embed_large_logreg,2,1,284,42fb96e3e3db8353adc2b84b435807f73584555187d03911234609ed6e85bfe6,yes,yes,0.7229319214820862,1,1
learned_hands_consumer,embed_large_logreg,2,2,285,ecfc65fba09f92e19dc001350da2ef8adc932c234c862d0db0f1879f2e7c8794,yes,yes,0.7741376161575317,1,1
learned_hands_consumer,embed_large_logreg,2,0,286,c191adb1d624b20f83068f7b5908de47c6c5209a753e4de83b528e1156b3c2b0,yes,yes,0.6987885236740112,1,1
learned_hands_consumer,embed_large_logreg,2,3,287,644bc0e92cf759be58ca6610fa275080515a65a91b581445be9cabf7ffea0e15,yes,yes,0.5850623846054077,1,1
learned_hands_consumer,embed_large_logreg,2,3,288,a79143144aa9b5670c2ef1346d67999dca1710bf76a38aefe7d8c7b71ae44b79,yes,yes,0.5582135915756226,1,1
learned_hands_consumer,embed_large_logreg,2,0,289,29d068c39f2e257adbe8beebd86189c3ef328bbf2028cdf5c6d3ede0e5ddc09b,yes,yes,0.6798981428146362,1,1
learned_hands_consumer,embed_large_logreg,2,4,290,fe9822a59aebf2d41016c82deb1d427382b2666a1fe39079f87be07fb936b617,yes,yes,0.9721845388412476,1,1
learned_hands_consumer,embed_large_logreg,2,3,291,56bb42f2ccd6615785428ca0492a89e2c4c3ab2f9fa44ee197d3da8fab2c5842,yes,yes,0.5495238900184631,1,1
learned_hands_consumer,embed_large_logreg,2,4,292,5299348ae3f81c25293e952182bb6bea15382e9da7443711aa78acdaf4b6bcb8,yes,yes,0.9604960083961487,1,1
learned_hands_consumer,embed_large_logreg,2,1,293,73a78266e6561f4e4c9baa89057beda5a92213b2ef917e1272c2ece8cd9b7704,yes,no,0.5471241637207318,0,2
learned_hands_consumer,embed_large_logreg,2,3,294,79cc9d9097ff95d4d5569540eb3711865f517ab1a2a0fc876da5c48598ee3cb4,yes,yes,0.6209931969642639,1,1
learned_hands_consumer,embed_large_logreg,2,3,295,3b85fae280cd98abcc7e78ae4627a4c94eee68cb0bdc5b31dc3b1cf2e53949ae,yes,no,0.5217578566598253,1,1
learned_hands_consumer,embed_large_logreg,2,2,296,32072d7df35d23c7cf165a1afeb9be63ebbdcf2c94cee75f9b5a90b78e19dd28,yes,yes,0.6725274324417114,0,2
learned_hands_consumer,embed_large_logreg,2,3,297,16bed4a62e2738950d2587d30c25ed9c5d17ea5f0cc5e91f1148a4cb64162453,yes,yes,0.5494524836540222,1,1
learned_hands_consumer,embed_large_logreg,2,4,298,3473fc0f42c76ad19ef3ec2771d01d619478fb7fab7ea70d94e7fe0f1bd61128,yes,yes,0.9816826581954956,1,1
learned_hands_consumer,embed_large_logreg,2,2,299,251efc17ee26f8f9c544871f61f6fd54cf585d0f3210406eb3c48c825a10d526,yes,yes,0.9760889410972595,1,1
learned_hands_consumer,embed_large_logreg,2,0,300,4b657305ddc7f357ec185bc9abec0fa67e2d4d4fb0afb00f8e83e73a4c712e8e,yes,yes,0.5328414440155029,0,2
learned_hands_consumer,embed_large_logreg,2,1,301,f85e7456c7160ff553b31db76a443f79214f6b2cd4542c3bb171595928ab6558,yes,yes,0.6826311945915222,1,1
learned_hands_consumer,embed_large_logreg,2,1,302,243386ffe9922a67ec10fee19cff0781c4d76b6a78a32ec20ae1b9ece92bf995,yes,yes,0.6148386597633362,1,1
learned_hands_consumer,embed_large_logreg,2,3,303,85d4e89725d489b9e3820f724acfc754d59767d51140be8d70af3bb2eb4198c3,yes,yes,0.5704673528671265,1,1
learned_hands_consumer,embed_large_logreg,2,0,304,f859129d9d2aa75e88d6602d1563b367b5d45a031c53939b17889bef5d0f147e,yes,yes,0.5624994039535522,1,1
learned_hands_consumer,embed_large_logreg,2,0,305,483ac3b333ee68b7196086031e6a08e2fdb91c52f28a3a861f23a2c8ec75478c,yes,no,0.5197109138879452,0,2
learned_hands_consumer,embed_large_logreg,2,2,306,6eef9bbaaa01f32394020b689930f9d2ae66836d280dfef0cac99935536b4a22,yes,yes,0.8793354034423828,1,1
learned_hands_consumer,embed_large_logreg,2,3,307,2bbdbbb31e0f69cbd29d755d0e4fb9a5a932b3b1effe5a664bc674ef725addc2,no,no,0.5617781281471252,1,1
learned_hands_consumer,embed_large_logreg,2,0,308,5779a2e66767851f78c4baf2c51d3e6be6d917949d5341b98c489bbf0f67f6f3,no,no,0.5006185173988342,0,2
learned_hands_consumer,embed_large_logreg,2,2,309,24481de31a2b3036d71dc474adac585b922e4bdfb8287ce43a3ff34846620b73,no,no,0.9899596719437789,1,1
learned_hands_consumer,embed_large_logreg,2,0,310,13b626d60d254c4999ca862d60b0f13ec9378504e9fa2fa1c002db747518bc7b,no,no,0.6713401279252805,1,1
learned_hands_consumer,embed_large_logreg,2,1,311,97939ad30f5a35f45ccb7fcb190a65552ca404ca227456e1ecb4f5a57c3bed17,no,no,0.6403608918190002,1,1
learned_hands_consumer,embed_large_logreg,2,2,312,8616d00b5609b9a12db9741cc2c276068fbfffd9d02b80e12bf3dc55ef37b07c,no,no,0.982559010646358,1,1
learned_hands_consumer,embed_large_logreg,2,1,313,65e5a2fd7a388ba873ac967c48adb5664e74f76db3d95f15af7230c45aa27115,no,no,0.5097795128822327,0,2
learned_hands_consumer,embed_large_logreg,2,3,314,0b5ab1b563bc3ef18c295476f388386fadc1cf299ab20f258f1dffee0f8157b4,no,no,0.6229904890060425,1,1
learned_hands_consumer,embed_large_logreg,2,2,315,c70617e5ad6a4b2e699841464467e2a1387594382a39a10f5f3aa0ba238dc8c6,no,no,0.9107180630255178,1,1
learned_hands_consumer,embed_large_logreg,2,1,316,bc9f773c51514a7ad309a672115c1b9f79304095ccabcd53343b945d6ce19ec8,no,no,0.546797291839042,0,2
learned_hands_consumer,embed_large_logreg,2,1,317,0af96d52fa6c71f1943351f5d1a07e10d961983e0c4a66784a937ad8bbaf2f0e,no,yes,0.58722984790802,1,1
learned_hands_consumer,embed_large_logreg,2,0,318,f4a7c81fbb4fe3b5a0cdb370b458074ab8fa6f11fe41ced9df994fd2f420f362,no,no,0.5644210408800531,1,1
learned_hands_consumer,embed_large_logreg,2,4,319,71d38fe12b75052be0651bda2d4f4efe697b07d365bf41cb14841da2688b94f5,no,yes,0.9117985963821411,1,1
learned_hands_consumer,embed_large_logreg,2,3,320,60a86bc631bcf63cb1c4ced84c0f60928e57bb2abcf79c23baa53fea95cc1aa3,no,no,0.6353343535860075,1,1
learned_hands_consumer,embed_large_logreg,2,1,321,e06e690d6aad76f736293110bf1b57c294435c42a47933cd1acab74063fa7102,no,no,0.5993142306600282,1,1
learned_hands_consumer,embed_large_logreg,2,1,322,a90e11f52d0e31db828e5d845e5fc33cb9bbc6922bce8244891dbc15b22a7483,no,yes,0.5254250168800354,0,2
learned_hands_consumer,embed_large_logreg,2,0,323,7f6a2fb0578a33bc0482677bbc588e70a785c7bea415b62486a564b37d2364a5,no,no,0.7104109313961586,1,1
learned_hands_consumer,embed_large_logreg,2,2,324,91f9aed41e41a457675d9814a53f7e293fdcc37d5ecd967c9a49b0e1b38c3587,no,no,0.9252713115825211,1,1
learned_hands_consumer,embed_large_logreg,2,3,325,ca37e43e8db1c44dbbb19c01ee3aa67ed7d3e032717d029d12d8ecc1e8da9e24,no,no,0.5590767860412598,1,1
learned_hands_consumer,embed_large_logreg,2,4,326,2fb4fb6b593cdd7c3e2fd5c6e362a22a579395bb61b602c450cca3538b8e24ef,no,yes,0.7781621217727661,1,1
learned_hands_consumer,embed_large_logreg,2,4,327,c74e1031658129cec56f52de73b243a87d110480b7489b898798c788c64954c1,no,yes,0.5096355080604553,0,2
learned_hands_consumer,embed_large_logreg,2,0,328,12a1ea95bdc51debd507323d28586d8cd6725f1b2fb39a9a12ccea37dd723d96,no,yes,0.5049512982368469,0,2
learned_hands_consumer,embed_large_logreg,2,0,329,985ec3dfb0c350854d7b1baac2c3332760dc5c321f1cafa4bfd44c6712e2ced1,no,no,0.5634400248527527,1,1
learned_hands_consumer,embed_large_logreg,2,0,330,335fb0b1b9fad31fa5c37ca3233826815b93d197d51ad6e25f3adb819181b8d5,no,no,0.6681626042176069,1,1
learned_hands_consumer,embed_large_logreg,2,2,331,c1a730a7b254e70e6ac0d37573a2caa83d4df82d7e52868bedaff06ebe6b6878,no,no,0.6421811772042864,0,2
learned_hands_consumer,embed_large_logreg,2,1,332,2c4155ce67ad13aaa45fffc3554b95daf5261dd7f91fb8fd64dec003bfb9e74f,no,no,0.5266103148460388,0,2
learned_hands_consumer,embed_large_logreg,2,3,333,6ceaa70ea927c42a727227f3a30b6f624dcea1bc117cb238827bb15af9517c39,no,no,0.55399416226166,1,1
learned_hands_consumer,embed_large_logreg,2,1,334,7d6f93cb8182ac12b92485985653cd0fd562085122909d87b4336f6ee3e4666d,no,no,0.5912968096523527,1,1
learned_hands_consumer,embed_large_logreg,2,2,335,cf8776ba226b044303c6bd7ec8aa16cfacbe82cbb01b00fe365ab899a5adc5f8,no,no,0.5736690163612366,0,2
learned_hands_consumer,embed_large_logreg,2,4,336,63d2423f809c612df5098e911ca5ba908d510a563c38c6d97d504e390d18c390,no,no,0.7592104190470341,1,1
learned_hands_consumer,embed_large_logreg,2,1,337,52f14dd7aea76b56f013c46377c11006c81b564a73a8fa44e2a4843c3f9ff85e,no,no,0.5869587659835815,1,1
learned_hands_consumer,embed_large_logreg,2,3,338,cd0992eca3b3ebd4ffcc36e8430e138824f9b105e6764dedf74a8ce2d5549fe4,no,no,0.5124123096466064,0,2
learned_hands_consumer,embed_large_logreg,2,3,339,5a8803fcccb50853b2c3856ee82785bd156f862dd26d34c99efdea4519a7e214,no,yes,0.5199372172355652,1,1
learned_hands_consumer,embed_large_logreg,2,1,340,617fea7762c73987c8e9da050c8cae25a1aefb6ea95ff5d081b8e51f028dbf2e,no,no,0.7702838412011814,1,1
learned_hands_consumer,embed_large_logreg,2,0,341,d4093169f98d05e7565a5542038529f1fab35b60cfe43127811daa861d935feb,no,no,0.5104044827939416,0,2
learned_hands_consumer,embed_large_logreg,2,0,342,e8a22694731ba2e5a7312f7d4a02b03f7e4bc081c76f7068d665ec82ab92f3c7,no,yes,0.5037316083908081,0,2
learned_hands_consumer,embed_large_logreg,2,2,343,7a0a05fc729a8f64cbb6ca9c295a3805e152b645fbd81571861db6a5918d5618,no,no,0.9803425146664866,1,1
learned_hands_consumer,embed_large_logreg,2,0,344,1de94b175a0dc3b16576ef02ea9b734786aa3bc35b5be8fbeb644479593c01bd,no,no,0.6235614008772791,1,1
learned_hands_consumer,embed_large_logreg,2,3,345,7eba9bd21b877177f0ea63bb88313953a4c47a8eea950c93500fbc398e54e665,no,no,0.5795769691467285,1,1
learned_hands_consumer,embed_large_logreg,2,4,346,aa01251703c5de088b207ee1e21487e51f88caf08d8d578aef87fead3ecefced,no,no,0.5975872278213501,0,2
learned_hands_consumer,embed_large_logreg,2,0,347,e9f5e96f340dd75e497ed93a4a1e722cfce986d2cec52aaa027ca7778586ad19,no,no,0.5530637502670288,0,2
learned_hands_consumer,embed_large_logreg,2,0,348,4b9f93fed8e41a2a2c5f0994cdca3aca0eda1b96dbd2f74d5afcd2a43889c2e8,no,no,0.6361320208350426,1,1
learned_hands_consumer,embed_large_logreg,2,0,349,f05855943024f908afbb53b1527e164e7e5e5ad16ec0192747e08513f2bf77c0,no,no,0.6387103605654728,1,1
learned_hands_consumer,embed_large_logreg,2,0,350,1c49793aa9d1312bd32ea93d0d8c4aefe10836b786d8cadf7c97738717ce9d31,no,no,0.7280327081680298,1,1
learned_hands_consumer,embed_large_logreg,2,3,351,580b5ac0770fb1b9a6472f9a88911a26a88cc2d70c1aa230e26ba6905581d32b,no,no,0.6019977331161499,1,1
learned_hands_consumer,embed_large_logreg,2,2,352,d1a95b753ee546201b5cf71e8a8910ffb93f06b981363dd24190b9627693f2cb,no,no,0.976530732543265,1,1
learned_hands_consumer,embed_large_logreg,2,4,353,f123cdff3722febd99751bb5a64770c85fc6707f63c07bae56510ead6672a690,no,yes,0.8499171137809753,1,1
learned_hands_consumer,embed_large_logreg,2,0,354,013a1816aae065dc4d8f6a910347c85c867197f1497645a47e5cb14cab38f57e,no,no,0.6523920492050662,1,1
learned_hands_consumer,embed_large_logreg,2,2,355,d27505c28fcef3d7434ea6bd8d7130e051f02503586c1526d71160be1310e40f,no,no,0.9641346263577444,1,1
learned_hands_consumer,embed_large_logreg,2,1,356,1130e23cb8e7f0a6fc9e659f4c94b732fa1953b7a98b3a9fcafb074532c54af8,no,no,0.6151552796363831,1,1
learned_hands_consumer,embed_large_logreg,2,2,357,9a69a9f0e0418372ec3def21b9ce927af42a49df1d185967290ada823319ad8e,no,no,0.9281175663462462,1,1
learned_hands_consumer,embed_large_logreg,2,3,358,d0b3728beaff318ee83ad916c45c5c6802c6634bab63d6de065eff3af6bb2839,no,no,0.5755717158317566,1,1
learned_hands_consumer,embed_large_logreg,2,2,359,492cdbdcc254342378744c1f8b9dadd066628ace9a1a65a515633708701c9342,no,no,0.5764250159263611,0,2
learned_hands_consumer,embed_large_logreg,2,3,360,7c272499aa6af5b9c7b2de749a65adfa813cdc4061012c6f9a62fda253e08104,no,no,0.5736012287854783,1,1
learned_hands_consumer,embed_large_logreg,2,0,361,e09a2160df994ff65eac81266e80dbb544860bb0bf9a7322caeeaddef40d8ffe,no,no,0.619827151298523,1,1
learned_hands_consumer,embed_large_logreg,2,4,362,7c408b03bdd1535120a56621fe2fc9d7c4ef4b22699b623e4970ee45767ebba9,no,no,0.8888555831376879,1,1
learned_hands_consumer,embed_large_logreg,2,1,363,c41ad8c362d3233072dfc9f51c09010958870b25d095046a29cc7e47cafd392d,no,no,0.6866499185562134,1,1
learned_hands_consumer,embed_large_logreg,2,1,364,67f538667db398f86344c56348d00c791c1ec9ac0aff37d556bb99dd32897983,no,no,0.6313528826429581,1,1
learned_hands_consumer,embed_large_logreg,2,2,365,ddf035db365fff2212de2488a54adb763abc3e92a2dad325570e9d3251388841,no,no,0.8637143969535828,1,1
learned_hands_consumer,embed_large_logreg,2,1,366,aee3ace2d8ef27f3660fab84d93dad6ad86bf221676864042357c5e92059a85e,no,no,0.7086144896928814,1,1
learned_hands_consumer,embed_large_logreg,2,2,367,9913f5e62a1afcba67bee35c05d650381598f5b2c1380d1bb2a0f2ae1cc63e6f,no,no,0.9510413231134168,1,1
learned_hands_consumer,embed_large_logreg,2,2,368,00c018554b47c9496be37e1420e4483569efc3e3631c681205edc2ebb9c5b095,no,no,0.829593790018466,1,1
learned_hands_consumer,embed_large_logreg,2,3,369,2c68763833a784dd4f1a5569f0af102d4fcf6b344f917b9d6e68c91bf223385f,no,no,0.5779630118001405,1,1
learned_hands_consumer,embed_large_logreg,2,1,370,c585104773d1883d86927f2b034566efd206fde08fe7e1d63efcf06f6ecd9275,no,no,0.551198498940423,0,2
learned_hands_consumer,embed_large_logreg,2,0,371,7387a5e5fad938d7e99b2c7c1f6e1158d97aec42e8d1218a21f1bfbd2e5ccac3,no,no,0.6151737570762634,1,1
learned_hands_consumer,embed_large_logreg,2,1,372,8a778c2a7882c353ea19f4b4177b18f73596a4d0bdf7c066488b237259d5c92e,no,no,0.5457055731328002,0,2
learned_hands_consumer,embed_large_logreg,2,2,373,66c80303be317d1ece0aedd4cef8d908db80607ebada9bb9e122cc5c60b05acd,no,no,0.9264671940575122,1,1
learned_hands_consumer,embed_large_logreg,2,2,374,844bffeb2e27126213a382107f2bfbd2eeb29a0aa34b39db7c237d94aa21dc6c,no,no,0.9780704488389617,1,1
learned_hands_consumer,embed_large_logreg,2,4,375,ecc85367e5cf37586c263dedf5b348a050bbdf6b9249645651c148dca3f30d6a,no,no,0.9626448642911963,1,1
learned_hands_consumer,embed_large_logreg,2,4,376,2e572efe17abde9794ed1ca8e76aab48311dffe6e5f091aaf53a537351a6ec4b,no,no,0.6683178544044495,0,2
learned_hands_consumer,embed_large_logreg,2,1,377,8339831d993a8f59979c34ab2a332854935bb45ade809ebc382fde5b95859c6d,no,no,0.6097230729543247,1,1
learned_hands_consumer,embed_large_logreg,2,2,378,42142d842605f05b949df18cb8a99bb35cb5a3e606e1f59cff43626743752be7,no,yes,0.6938556432723999,0,2
learned_hands_consumer,embed_large_logreg,2,2,379,84f150b50421abc72aea1ff2b9e810ed64fba7c4f9d5ac41a9be6e901d2ee310,no,no,0.9860921886934709,1,1
learned_hands_consumer,embed_large_logreg,2,3,380,e87ddebafaf120552bd4e34cf6953ec369024fb7fc6e707e8c74058e178b1363,no,yes,0.5020602941513062,0,2
learned_hands_consumer,embed_large_logreg,2,1,381,1338d4a9807f0d53047962b57d76cf583420487b44853e8aaab6f0d6d454688b,no,yes,0.5997597575187683,1,1
learned_hands_consumer,embed_large_logreg,2,2,382,ec007d3323dd2053bf052016919bc0af90796fa0ca1b0409c6082066ee97a50b,no,no,0.7543343530396924,0,2
learned_hands_consumer,embed_large_logreg,2,4,383,d2cd0e5ee933d888b506be5632aed8062b91258070bea77b00cbf7a570a68547,no,no,0.941634584870548,1,1
learned_hands_consumer,embed_large_logreg,2,4,384,b6426951bbccc28e0d00959ce601a50cfdbc42f0b030169fc40a2d195b99f4ce,no,no,0.8378451120211218,1,1
learned_hands_consumer,embed_large_logreg,2,2,385,a7f2631f19f997f8dde0f842d8a44c6be3a43a0e33208d7f010eeb998aedd90a,no,no,0.8388534534319206,1,1
learned_hands_consumer,embed_large_logreg,2,3,386,ee780d03a703ecf7ba9c48251e78cd4e9b7af05645ad48fff61fa919cf492135,no,no,0.5389634370803833,1,1
learned_hands_consumer,embed_large_logreg,2,1,387,2a45a35e29096acb668fa0ef232d5755b039d19bbf414f441fa03b6c6964e833,no,no,0.6814242601394653,1,1
learned_hands_consumer,embed_large_logreg,2,2,388,db01549ee1c2f8c8cddf1988e9091c11b9c05afae796574b4aa7e58eeebe1ec7,no,no,0.9833133963244169,1,1
learned_hands_consumer,embed_large_logreg,2,3,389,63faab04056ecaa75521d5f981daa271b06f41399397a77f5b18772f7982501b,no,no,0.5566109418869019,1,1
learned_hands_consumer,embed_large_logreg,2,4,390,ae83caf06a839c78cbe1c040b85f5774b377a68c7cd5ca4e2df1e6b808f5c1b1,no,no,0.993888600363349,1,1
learned_hands_consumer,embed_large_logreg,2,4,391,9a3dd5e4246141a2e5cb3351f2f44bd41b29e28912043c8883ba1ee127ba989b,no,yes,0.8756635189056396,1,1
learned_hands_consumer,embed_large_logreg,2,2,392,df2ca5f08012ee422366badb625b7e85f8f8d13eeebbc8ec9a4e52cb9755e245,no,no,0.8219571587151713,1,1
learned_hands_consumer,embed_large_logreg,2,3,393,77b2b7af3d2e7d92346d21688da079b282d2e31d80505b4c19a05b664ed10fb6,no,no,0.5586390661787708,1,1
learned_hands_consumer,embed_large_logreg,2,0,394,ce03177700db149631f5a0748437e3e8ce566671b3939640d10d100e63e3fd16,no,no,0.5332029024721057,0,2
learned_hands_consumer,embed_large_logreg,2,1,395,a47f0ccc3396c563d1d54cfa509c381c6e8ffadc05e947351c2c88540f5992b2,no,no,0.5529580116271973,0,2
learned_hands_consumer,embed_large_logreg,2,0,396,d28d9b72ec96132abafad4420752c4f56363e197e4763aacee93a17b42e571ae,no,no,0.5403159260749817,0,2
learned_hands_consumer,embed_large_logreg,2,2,397,c6571efea3285b8369d41b3dd25ef48c253a0e321fcaeefa5d4e89023afe6cd5,no,no,0.9746335112503413,1,1
learned_hands_consumer,embed_large_logreg,2,3,398,3f37d027870da81cb661495002a1a7fc86a664b28df5b372c3384fa16ab115db,no,no,0.5684155821800232,1,1
learned_hands_consumer,embed_large_logreg,2,4,399,1195fd2a250615c2ef282030a1bd1f0805e2944f0343faea81ddf121d0ccc994,no,no,0.9867868863275489,1,1
learned_hands_consumer,embed_large_logreg,2,4,400,52755383856e91c2af9d9af2cb1b6b5e2474b17de3d5bc750e466a0cac60f774,no,no,0.9832992122502865,1,1
learned_hands_consumer,embed_large_logreg,2,4,401,79a5f35751c76695e1441ec78b28a225fca1c41ea9c82882b2fc5535aa52607f,no,yes,0.5536717772483826,0,2
learned_hands_consumer,embed_large_logreg,2,4,402,e8b28f4ace8f9d83a962e68403786fac2eb9f58c6f2f6f2fb4f640879cb943c8,no,no,0.9753658338976884,1,1
learned_hands_consumer,embed_large_logreg,2,1,403,49b50604e1e593b1474257b9770d20e0a60ddcf54a8b6890e153124f746b8275,no,no,0.6592544913291931,1,1
learned_hands_consumer,embed_large_logreg,2,3,404,9d7dcd2eae72e13950ca10701a907c961252af1dd61008203f0937eed002f2d9,no,no,0.5631612371456255,1,1
learned_hands_consumer,embed_large_logreg,2,3,405,3f5ca9261b2891516e2a5d24447411595d9562c1ff20862e0b1016f7ff1c32e4,no,no,0.5461983517945304,1,1
learned_hands_consumer,embed_large_logreg,2,2,406,4e20b69b4d085a8af12bd1e5f9d7e6232d82ab680cfc25e9a64195c6513cabd3,no,no,0.7033677101135254,0,2
learned_hands_consumer,embed_large_logreg,2,1,407,9000d55fade254c6ca05e4c143c5341da66479eca3cc7fcba053382ab0a06d2f,no,no,0.6355034708976746,1,1
learned_hands_consumer,embed_large_logreg,2,3,408,1d4a66a5ebbe0fede76d2d78db8f5fc9f6c99b17daeca5cfecf1d41b10cf80b1,no,yes,0.5280535221099854,1,1
learned_hands_consumer,embed_large_logreg,2,2,409,c6ab1cc27fcf3c46640e8614bb3cef65334f694f0dc7ebf7c14f0f95ff582cff,no,no,0.9729137762993707,1,1
learned_hands_consumer,embed_large_logreg,2,0,410,2808314a91f63cd0f210000ca0d99e536b41a5ef2a38b09b99706154ed097563,no,no,0.6315570881498728,1,1
learned_hands_consumer,embed_large_logreg,2,2,411,add411cc48fc3dd30ad7eef9eb447a04c306289987db61ee0f1a60eec669366a,no,no,0.9433287136133723,1,1
learned_hands_consumer,embed_large_logreg,2,0,412,c5e98cba61f5b7e99d394fd52e37b44f2fa2d4bd59a64a4fa6df5eb9c7d968ee,no,no,0.6926639286477545,1,1
learned_hands_consumer,embed_large_logreg,2,4,413,b065f229dea495ea981117badbe33bbb78f927032d079f6b45b57b9ff319ee3f,no,no,0.7938743115384235,1,1
learned_hands_consumer,embed_large_logreg,2,3,414,ba9af4f96d08829a0c9ec6aba9efeff3a00a2093dfdfbd72c8bd45f2bc9e6a69,no,yes,0.5095956921577454,0,2
learned_hands_consumer,embed_large_logreg,2,3,415,5d18d68c26e2f66f512fe9593484b459f2bcea6aa210183c392cf7ad40ddb4f4,no,yes,0.5143789052963257,0,2
learned_hands_consumer,embed_large_logreg,2,3,416,e78402c565c5685cfe8d6f3023b3e7d2a6cacb870295e754ff3c7bd88851a1a7,no,no,0.50872403383255,0,2
learned_hands_consumer,embed_large_logreg,2,4,417,83791c54b327f91dec027e1575b5e0d327a0464147f41406fc441098e5403ca6,no,no,0.989822068469685,1,1
learned_hands_consumer,embed_large_logreg,2,0,418,2054be735fa66a7be473f7d8d284cc496f2873f3c0ac26935232ccd60f9de832,no,no,0.7230713963508606,1,1
learned_hands_consumer,embed_large_logreg,2,1,419,bab1e0749854088c9ef136c8cc309c034a76a764cfc21fc0ff53362e4861636d,no,no,0.6554020643234253,1,1
learned_hands_consumer,embed_large_logreg,2,4,420,27beb276d0fba5a8e870d21c77162c178327fc1ad4e1c391cbb90aa0b33604e5,no,yes,0.5282613039016724,0,2
learned_hands_consumer,embed_large_logreg,2,2,421,a1f504238378627ada42e6b4a5188dc174b5f75652a150163843892064abb22d,no,yes,0.5780817866325378,0,2
learned_hands_consumer,embed_large_logreg,2,4,422,a005428946110152b42b0ec6663ca35a25f83f6d59f5b03454dc6b5ded6ed03d,no,no,0.9608141851485832,1,1
learned_hands_consumer,embed_large_logreg,2,0,423,9cbbae94185f89046b6054bb9bccf79344fd2aa88fe2a30fc15f75d34aacbef3,no,no,0.6684818267822266,1,1
learned_hands_consumer,embed_large_logreg,2,4,424,3be047961cac24031e53731a39990092e5be49c19c1bf50858f360635095935d,no,yes,0.5328341126441956,0,2
learned_hands_consumer,embed_large_logreg,2,4,425,ce81291a07edef587b6b3aadc6149395b531a8bc2ccd91e5c553fafdef0a6317,no,no,0.6430262923240662,0,2
learned_hands_consumer,embed_large_logreg,2,3,426,e39dbe75b89613b758ebfbe9bb10832f0a92b0a0f06161e751f68ee02db8bc9e,no,yes,0.512881875038147,0,2
learned_hands_consumer,embed_large_logreg,2,4,427,77f8b279f1b0c7568831f06897e485c63de90d157e9f5bdffc950d8b5339b76b,no,no,0.9871852846863078,1,1
learned_hands_consumer,embed_large_logreg,2,0,428,196d1c980028958aa696f055758fa3b2f6507b7e90205d1bb8c1232f9ed33879,no,no,0.6239383816719055,1,1
learned_hands_consumer,embed_large_logreg,2,1,429,867ba8abbec80d2ad80edb9dbea0eda8dc5dcbafdfbe36aef9c42b95537f0f61,no,yes,0.5407308340072632,0,2
learned_hands_consumer,embed_large_logreg,2,0,430,72af3f1cbcff79519e8d830ce39f1aaf8bc7b8e3c6a420f8e0cd0db3ab43e396,no,no,0.7209616303443909,1,1
learned_hands_consumer,embed_large_logreg,2,3,431,8ccfee9549ab36622cbef033779481a4709533ba1916a502e4daa4bee8356d6f,no,no,0.5161321316996852,0,2
learned_hands_consumer,embed_large_logreg,2,1,432,f86e733c4aa27750c91274e7c1d24ef7fdb6886dedd3cd183e02ae97b21b71a1,no,no,0.5523830652236938,0,2
learned_hands_consumer,embed_large_logreg,2,0,433,4e5a84a0e6bc8a79290a97622c2e27f93f35d3bc1d958a174621ce41587bc723,no,no,0.5370534658432007,0,2
learned_hands_consumer,embed_large_logreg,2,3,434,60115ad7adfb7cd44dc9d3974fa6e91f75d4314b459afb6ad7cf046ec468f5d0,no,no,0.588567852973938,1,1
learned_hands_consumer,embed_large_logreg,2,3,435,c2f8f30d2f33de3ff6d230fe420907389008f3f32d850a0d46c02bed9d4d96a6,no,no,0.5809553861618042,1,1
learned_hands_consumer,embed_large_logreg,2,1,436,c260b7498f71fe45f1424fd2b9a9839f565e405a7d4dcec0225cc32b31aa3ddf,no,yes,0.5009543895721436,0,2
learned_hands_consumer,embed_large_logreg,2,0,437,946f42d7871538b510e3f3addcd2c214d51128c8b0d1497d15b7386ba0a1356b,no,no,0.5676156451587572,1,1
learned_hands_consumer,embed_large_logreg,2,3,438,2ccf77520a102a3a7f63b623e6874716be7a1cf26d8c0f666f6e7470e9e4c438,no,no,0.5228318131813947,1,1
learned_hands_consumer,embed_large_logreg,2,2,439,a701c75cc7ffd4dd2d848114d88c55877c21ca6bc554b06f7a780af98fdede78,no,no,0.6537084579467773,0,2
learned_hands_consumer,embed_large_logreg,2,3,440,1512241f1c901913c1bcb63d7c6958e6e29007920502c9eb4c9eb5dfdc429779,no,no,0.5392130613327026,1,1
learned_hands_consumer,embed_large_logreg,2,0,441,8efb01893e2894f9a68dd4abe86e1aa3273c502cb488596dc29f5385ecaeb2c7,no,no,0.6316149046535818,1,1
learned_hands_consumer,embed_large_logreg,2,1,442,1d2a94502aece3443e17b2cb63dfe225b7a8aeebd081ddb65e6bb2f671212a17,no,yes,0.5130365490913391,0,2
learned_hands_consumer,embed_large_logreg,2,2,443,0163ad6ff34e85877a0adf35a59c1a346599711f69d7bf4891317aada189c78b,no,no,0.8508745431900024,1,1
learned_hands_consumer,embed_large_logreg,2,1,444,8bd8da3916ab6140c8983ae16bcdb2e8e857d786d5b0a809729486e67a0812d0,no,no,0.698000967502594,1,1
learned_hands_consumer,embed_large_logreg,2,3,445,04302b33dfe27e60dab505555f6ba88813973ef1386f0c8b08205ee51891f0e6,no,no,0.5627964902757553,1,1
learned_hands_consumer,embed_large_logreg,2,3,446,1afd1fc0fa21504408f161026b0213f082b591b552e5a77213bf65d60bf4612b,no,no,0.5987561345100403,1,1
learned_hands_consumer,embed_large_logreg,2,1,447,d1d3852aceaedd7f13c819c848f14ecc6dc897da4bfa78ed063ef32ce2ac63d1,no,no,0.5768121480941772,1,1
learned_hands_consumer,embed_large_logreg,2,2,448,04a31af43a0322d4e234770268a71818baa3b9f7193dc123c6ce1e4fb24f3e72,no,no,0.9213263851206543,1,1
learned_hands_consumer,embed_large_logreg,2,1,449,a8e84a61c494345c5650ad8117693f333deabc9e041a3b4a22aa1d06393231ed,no,no,0.5937080979347229,1,1
learned_hands_consumer,embed_large_logreg,2,4,450,0854abafaea9b69c2c49c5f64e9f3c95f596dea3588670571b1ed57b744f59a5,no,no,0.6648234724998474,0,2
learned_hands_consumer,embed_large_logreg,2,4,451,9f25eaeb6f65236347aee880ca9534bfc163ad085b06fa72eeb67b405f5f1d62,no,no,0.9232041033386267,1,1
learned_hands_consumer,embed_large_logreg,2,2,452,cbfecefec8a53e69aa8f367aea02a4727b7ee5554da9e45a38e31f065cc3c169,no,yes,0.9401181936264038,1,1
learned_hands_consumer,embed_large_logreg,2,1,453,bc4a406688a7b5efef17bfb1b4edbc67f35a63b3de8702b8068df824d666583b,no,no,0.5773493223592437,1,1
learned_hands_consumer,embed_large_logreg,2,1,454,1c6dd5d561b55e7031e5f2adc0da0e9723f06c4b23e08e8904fc1e27c13cd9c6,no,no,0.527862012386322,0,2
learned_hands_consumer,embed_large_logreg,2,3,455,932d945f027160e21bfd51184d91d8727cfdf60e72226309e7516cc368fdc515,no,no,0.5256820760464049,1,1
learned_hands_consumer,embed_large_logreg,2,0,456,27da743642e6fe9e9f70f9ff5b3c8febcdf419aed6c38e5e67fa09294c9d6ab9,no,no,0.6519452139155503,1,1
learned_hands_consumer,embed_large_logreg,2,4,457,74043fddd5dce444be8d653b1c6f225528ef532997c766cbce4e5c660ade622d,no,no,0.9050286614528744,1,1
learned_hands_consumer,embed_large_logreg,2,2,458,f417273fdbac343a73e3321b40e14d3eafed51eea5cb6c8b788b4ea1eb0afd8f,no,no,0.699363112449646,0,2
learned_hands_consumer,embed_large_logreg,2,4,459,df68371ca953f13c782ca05591a597acc4b878650efb047c1d8da558f203219e,no,no,0.8506552703776251,1,1
learned_hands_consumer,embed_large_logreg,2,0,460,5a1f2ce82b72f9c1266df09ac2c4d257aa3bee8f5b3972e0fc839db712595ca9,no,no,0.6492689654448937,1,1
learned_hands_consumer,embed_large_logreg,2,2,461,0b54969a9e57430db4a328e94f100a2c17ce2ecd53896ee28aa064697a2b1d8d,no,no,0.871032092838523,1,1
learned_hands_consumer,embed_large_logreg,2,2,462,0bab903026b7c3c9333fbe20f96dcdd314852e6516b76ab0c53d206790eefac6,no,no,0.9778384748443677,1,1
learned_hands_consumer,embed_large_logreg,2,3,463,41fa77f140f955deec510a2825da39c611b3256f06db66f38fab47e7b78d20da,no,no,0.5848128199577332,1,1
learned_hands_consumer,embed_large_logreg,2,3,464,2425edeaa0bb4c18efdb8f3cf3549bd1e238423ef48243512eb592127b04ee0e,no,no,0.5534694029846965,1,1
learned_hands_consumer,embed_large_logreg,2,1,465,987eae7153585e7a2a0d88ba16f6807b131129542c68eb9138781ebed69e8cc2,no,no,0.6109271049499512,1,1
learned_hands_consumer,embed_large_logreg,2,2,466,b24b2625eafa8e1b32b1e246012edbc8db39764b08f08c67c920f3b3350fe9ea,no,no,0.9062259658243363,1,1
learned_hands_consumer,embed_large_logreg,2,2,467,35b9bab2880db0b2d36d825afd233bf57bda9e5eef479a37b70a41a36c5a5879,no,no,0.9294506311416626,1,1
learned_hands_consumer,embed_large_logreg,2,0,468,6f958da8adbf8531a95cda9abd9c5210f97bffa964d37b7cb0442bcb31d14c37,no,no,0.5753517322347085,1,1
learned_hands_consumer,embed_large_logreg,2,1,469,9e30b352d1c79225ed762c8ded34d155a8f1a9acb805c8f881ea24631aafaca6,no,no,0.7252675511022673,1,1
learned_hands_consumer,embed_large_logreg,2,0,470,6b2d81f7309dbbad5fd9af0af6a0d5e5c76e6ba2b87feadee3468b273edf16ad,no,yes,0.5098176002502441,0,2
learned_hands_consumer,embed_large_logreg,2,3,471,eaaf0b7320c280140ad331ea0601675c5fd7ff6a885286c80d46ea113a3cab17,no,no,0.5826364755630493,1,1
learned_hands_consumer,embed_large_logreg,2,1,472,4e19f210464ca73a7f7a58cd3218cec482dee93c4f53abed18732ac581733e3c,no,no,0.6030842065811157,1,1
learned_hands_consumer,embed_large_logreg,2,0,473,4115fad9f9b83db5ecb78a9be61669ad1018516abc1227f075d62f7563f98f22,no,no,0.73448646068573,1,1
learned_hands_consumer,embed_large_logreg,2,1,474,f0cadb5492e0ec183a3a3ea7616ae472ae6eff8bbcd445c563fa7c23da261ca5,no,no,0.5907802757853352,1,1
learned_hands_consumer,embed_large_logreg,2,3,475,531a57b154dbd769d4108e15531d27140a960b9c18d233351c7d62f188b8f6f1,no,no,0.5744157433509827,1,1
learned_hands_consumer,embed_large_logreg,2,2,476,8fa4139dbe239bba25434909e55f2fa80c50269832bb68550d65299db5619836,no,no,0.9666036547460343,1,1
learned_hands_consumer,embed_large_logreg,2,2,477,9aec94ea158756c81b27ab95c8b331de3d51619d6ed22d22437d837182c56810,no,no,0.5827986598014832,0,2
learned_hands_consumer,embed_large_logreg,2,1,478,dc31283a842264461700a1d07d553bc3be03295a75df6770fa6c06015b16fc4d,no,no,0.6518263622574102,1,1
learned_hands_consumer,embed_large_logreg,2,4,479,d8bcfed355b99213c89ac1a9ff427c6c4b1ed05f140ef324e243fdff43ed062e,no,no,0.9774145520382171,1,1
learned_hands_consumer,embed_large_logreg,2,3,480,01de597cf467f8e74cdcd5967327e64399908a15ce5348852dd9dd952a970715,no,yes,0.5301469564437866,1,1
learned_hands_consumer,embed_large_logreg,2,3,481,6d3f546cc7e65f909112f42a52f7c36c1144c6845909f5c0f68d093fbfcdd8fe,no,no,0.5121671114017698,0,2
learned_hands_consumer,embed_large_logreg,2,4,482,76ed3dfb2ec9e6a39f0bdd9bfc8057cdacba2af71015e9bdb02dc0313489169f,no,no,0.8253131035761998,1,1
learned_hands_consumer,embed_large_logreg,2,4,483,931e120b8c3a8979cf4a37513bfbbf87c5b064b350a60733e2408dda7477646e,no,no,0.9339574575424194,1,1
learned_hands_consumer,embed_large_logreg,2,4,484,cecaae8addd481078cd53a5a69e5d8da4b6a98a516613269f4137b01782983d7,no,no,0.96066324829314,1,1
learned_hands_consumer,embed_large_logreg,2,1,485,b07d2a4ff6a8dceaa18e35705a350c09b7e7f46cd67cf1e630b3cf325c46cc0f,no,no,0.6307954976199716,1,1
learned_hands_consumer,embed_large_logreg,2,3,486,012a4657825e2d7e50ec63501a9322690acfd4226e288797e79c2df8d26962ba,no,no,0.5506881311330756,1,1
learned_hands_consumer,embed_large_logreg,2,4,487,20b699538b4fb5aba69b8c97153f171766a2c4674e8e33eac9eebb1206529fe5,no,no,0.9311565160751343,1,1
learned_hands_consumer,embed_large_logreg,2,0,488,c837c365cb2af81ad03b9121ec3ef43ab40d330362b3b4a17acbdc6fe37d85d0,no,no,0.7228162288665771,1,1
learned_hands_consumer,embed_large_logreg,2,3,489,ed3eae30ccd079f9f129d55e81fae1839ca02ea3e96d61c56b1ccf55fe84687e,no,no,0.5578101873397827,1,1
learned_hands_consumer,embed_large_logreg,2,2,490,18d65e6e4ac267b954fab721a8d2cabcf4346e461537cf69de5e72f51a7c5a79,no,no,0.868299663066864,1,1
learned_hands_consumer,embed_large_logreg,2,3,491,1de0c196d21d27621ca7c6e1b0386331881a85a41a05c700ff3c5d698d48eaae,no,no,0.5244131684303284,1,1
learned_hands_consumer,embed_large_logreg,2,4,492,daaaa7023a2b99c5064d440cbb801b79c0f04aca364a814e84dc1c4dfc3865d0,no,yes,0.5544630289077759,0,2
learned_hands_consumer,embed_large_logreg,2,2,493,ba5d6e2c09e4d63bb1beb689879578b510654791dece0cda170619655fbe60bd,no,no,0.8645223379135132,1,1
learned_hands_consumer,embed_large_logreg,2,1,494,0769d7b7837170d8be575bfc0f6247cb8aa473af2eea89363f68c41a10d2c7e0,no,no,0.6960258276454858,1,1
learned_hands_consumer,embed_large_logreg,2,0,495,cc8b2d0978320bbe51dc5e4b1de74ef4b9b277de2e23e12d234df5eb07e460e7,no,no,0.6384219933026435,1,1
learned_hands_consumer,embed_large_logreg,2,4,496,e613741978772ff2af35a8e2703f6574aa51e0f59b958d0ac40bd784a691696c,no,yes,0.6049646735191345,0,2
learned_hands_consumer,embed_large_logreg,2,4,497,30fc1431cc1bd1aa3cf2160a194f94ab74b259ec3b1a245d9a44d4c7cd36702f,no,no,0.9556793499314833,1,1
learned_hands_consumer,embed_large_logreg,2,3,498,3e84f9a77980c8201610e1fcd383fac5825e27ba6d5747b53d07a15d820d1826,no,no,0.5503670141210262,1,1
learned_hands_consumer,embed_large_logreg,2,1,499,45f440261959716e956eeb1411ef4686bed9e9775d8fda7f31816a338fa7aa25,no,no,0.7404275911919,1,1
learned_hands_consumer,embed_large_logreg,2,2,500,3369d09eaa0b33274bebd84d0cf53afc9ebc6dd6dbc8f7ea6cdc98d71324c90b,no,no,0.7187170386314392,0,2
learned_hands_consumer,embed_large_logreg,2,1,501,310cdecdcb36d755a158b4b234f965e433bc5d653ce95ec34814c492542b6e9d,no,no,0.5766157932097974,1,1
learned_hands_consumer,embed_large_logreg,2,3,502,3f4cf00bdfec2adfe98cd9ed014b1bda2da6b65d534ee0ae60f5a1f4cc7d8bed,no,no,0.6081452369689941,1,1
learned_hands_consumer,embed_large_logreg,2,0,503,bb5add493ea70afa2c752943a32010d534375afbf274f76364f5fd08c8551486,no,yes,0.5639819502830505,1,1
learned_hands_consumer,embed_large_logreg,2,3,504,04a671661b4a945504156fd0073b7bf79e85f7d32382c0d0180634ee46e850af,no,no,0.5621907878574963,1,1
learned_hands_consumer,embed_large_logreg,2,3,505,fd1fe8184fbcfa582a0b2176a6b8d3a33eb68e84c3e941c4565a70212f082b27,no,yes,0.5541180968284607,1,1
learned_hands_consumer,embed_large_logreg,2,1,506,231ee3f5f275519cba825473068fc96cf01d3913b5d14fb747b2bda5abc8ab6f,no,no,0.6383993625640869,1,1
learned_hands_consumer,embed_large_logreg,2,2,507,6739991faf5aa8fa1e6c64dd6d08390a1287fc09742cac2994b33432d5338df2,no,no,0.8480480186932084,1,1
learned_hands_consumer,embed_large_logreg,2,2,508,37ec98dd44986f754e0baa73863d4c9210b359d2ba344ae645cbc8abb39da92f,no,no,0.9414239736219638,1,1
learned_hands_consumer,embed_large_logreg,2,2,509,b49a2505659c683cb11a3df13847ac8045a46adfd8192d2c76391a8803a1f4c8,no,no,0.9577198410543835,1,1
learned_hands_consumer,embed_large_logreg,2,2,510,a8217fa585bcf051c42ce021792455104c0b30538cee9d1851b1d4287e25e0f1,no,no,0.7610131615551288,0,2
learned_hands_consumer,embed_large_logreg,2,0,511,e9985a996c1b2327f2216eff3e962fc84a378f193e0d95ba12e5529bf99d15a9,no,no,0.7130173232252204,1,1
learned_hands_consumer,embed_large_logreg,2,1,512,df1f494b116ab1943fdfa5b41fa750c836fe604c800651280911f0dc4580a3f8,no,no,0.63703248986505,1,1
learned_hands_consumer,embed_large_logreg,2,0,513,be04d6d56aebd1e9f64044842226e835ae6154a25190109a1e2e0693bee8e9c3,no,no,0.5915146470069885,1,1
learned_hands_consumer,embed_large_logreg,2,0,514,da3a06f0dd47af3a2b4ad51ae4de160a3f203e163224d6995c3218e0611096d0,no,no,0.6059530792846358,1,1
learned_hands_consumer,embed_large_logreg,2,4,515,5c56a2375937744f352e8a6ee8be863d82c01648dadf59d6e0540e4d4cd3aa63,no,no,0.9898161531754024,1,1
learned_hands_consumer,embed_large_logreg,2,3,516,77ff7a6cc1e79bc95cfd0df1cf2351b19e130cc482374a04d5967c1a85d54773,no,no,0.5400148469205246,1,1
learned_hands_consumer,embed_large_logreg,2,2,517,4a00c73ae7c6524fa4c17e987d72c3f6fa272236cacd79ed166db4d45eebb2aa,no,no,0.805235552709765,1,1
learned_hands_consumer,embed_large_logreg,2,0,518,57d7010f1071da7d8e1852e639021c19ce4b58849818194549f19da7d793ed5c,no,no,0.5189603567123413,0,2
learned_hands_consumer,embed_large_logreg,2,4,519,b0346537dd7db9e6927d457dddb797ca2160ccc494e76289b9cefcedf036ceb3,no,yes,0.5518461465835571,0,2
learned_hands_consumer,embed_large_logreg,2,3,520,c2be9f06745a8c52db0133bd1fd943903f7fbaa625b0d3d34c2fce9d0ae875e0,no,no,0.6192994713783264,1,1
learned_hands_consumer,embed_large_logreg,2,3,521,75d05aaa2c22410aa8b7fffcafce5468bcd99117194cefbea4e1ac86f5f351f4,no,no,0.5404269856341775,1,1
learned_hands_consumer,embed_large_logreg,2,4,522,db05d6507e5e3fa1d10142d3d8a1447182ad4bbba3e4a8370275f7fa482603f1,no,yes,0.8420199751853943,1,1
learned_hands_consumer,embed_large_logreg,2,2,523,0cd164612e455d558e41fa9eeac7cdf9afda934ca9be5ff6ca58723a0d4f1a00,no,no,0.6754598416250991,0,2
learned_hands_consumer,embed_large_logreg,2,2,524,64748ff82f5a0b3935c4b036e55eaa3dedc4952ea2df451bb4489eeb560981ca,no,no,0.9301557083451109,1,1
learned_hands_consumer,embed_large_logreg,2,1,525,b84cafbdf8906d4952f89b6677c260f193b288cde9bd9a044da00429a5c1788c,no,no,0.6733853816986084,1,1
learned_hands_consumer,embed_large_logreg,2,1,526,c2c2b5dbf3e12a911a20a8938927cbc7333ac84a79c8659cefb4366be01ff7c4,no,no,0.6690130034383236,1,1
learned_hands_consumer,embed_large_logreg,2,2,527,60c6f915b166a49f3d467e29663aefd916fdb4febc3aed6e9f86dc861d89cdb0,no,no,0.8726547696395287,1,1
learned_hands_consumer,embed_large_logreg,2,4,528,5b8d9992b62967320c49f0330151d6b9b87e86c8b4abbfb6622903ab97a5142b,no,no,0.9123469983261749,1,1
learned_hands_consumer,embed_large_logreg,2,4,529,57d3ccebff848e81befa244f69489b9a171ab42168f6bbc6325439c85b7b0df5,no,no,0.9393482559344255,1,1
learned_hands_consumer,embed_large_logreg,2,3,530,dcc018d1aaf56509688079bc8783b9b23e0de1b677409b02d41284d2fca9040c,no,no,0.5224044919013977,1,1
learned_hands_consumer,embed_large_logreg,2,1,531,4d5492ff6e79ebaf69bd06ebbeabe63809050a927815a156c8a8972229eba0ba,no,no,0.6921180692946336,1,1
learned_hands_consumer,embed_large_logreg,2,1,532,ca3ecf1c1ef162d48d1f7e17896f1037dde115892608733e846ec86140631f89,no,no,0.5756969623475362,1,1
learned_hands_consumer,embed_large_logreg,2,0,533,0305a9b842d8022160096d7a46730fab12122cf58393b7bcfe6ad6852162bdcb,no,no,0.6877814531326294,1,1
learned_hands_consumer,embed_large_logreg,2,3,534,3d57a7bd684e91a426d743d44a7a8feae1ccc11b7320dc7c64cdfff7f5651caf,no,no,0.5470696850737835,1,1
learned_hands_consumer,embed_large_logreg,2,2,535,f5d5f15ce9ba190a7120001abc42f1cf21e20e7f2a019fd07a91090882dbd6f6,no,no,0.9791293521420057,1,1
learned_hands_consumer,embed_large_logreg,2,2,536,903fd0d792e220feea54ad37c84686d6e6b8e59535fa16d13bc36658f1fc28c8,no,yes,0.7730341553688049,1,1
learned_hands_consumer,embed_large_logreg,2,0,537,9d9b4526cbe24d2a6f2890adb86aace884014a95851e78352d3f4ff1cdcc50dc,no,yes,0.5022901892662048,0,2
learned_hands_consumer,embed_large_logreg,2,1,538,30a2b5df9ae4ed2e010f7c2d068372ace7e2577350940484bb48430ae9ea7278,no,no,0.6170826142156903,1,1
learned_hands_consumer,embed_large_logreg,2,4,539,14dd48f8f89acc71cb973a464b51478fbbeeac5361ae069ccdf18c010692573b,no,no,0.915117779781272,1,1
learned_hands_consumer,embed_large_logreg,2,4,540,60cec153bbc5f214e7135f4d89ed8528e27743234f4739a1eb92e34f1ff44d86,no,no,0.5669977495969013,0,2
learned_hands_consumer,embed_large_logreg,2,4,541,5588471057013e09e22216f158d5fbdc584f612606d94687c13be4b2e55f5896,no,no,0.7863235239290141,1,1
learned_hands_consumer,embed_large_logreg,2,2,542,dc192552b483d0ac3a6d1651b8e21b40837a9426816d9e3f64498e131d76e734,no,no,0.8823409146244892,1,1
learned_hands_consumer,embed_large_logreg,2,3,543,f1f6e92601fdf06f7ca1a57e7556c20884dc45c096f396b9e825f5e32c0f7a59,no,yes,0.5335812568664551,1,1
learned_hands_consumer,embed_large_logreg,2,2,544,3c76189ba90d25579e258776ba63c3c30d8b7d53a978703cf331ee251b4e5890,no,no,0.9180005124360284,1,1
learned_hands_consumer,embed_large_logreg,2,4,545,43a6bc4480553f9b0a214f75f6d48c8e8ce7abc4b7be882e01a9e9df8108a1b0,no,no,0.9844414600957572,1,1
learned_hands_consumer,embed_large_logreg,2,3,546,3da37e63dffad75b2ee9a58d491a68e212af0b7d71ac858045a8657165bfadd2,no,yes,0.5262740254402161,1,1
learned_hands_consumer,embed_large_logreg,2,1,547,58137e64ac41ed8e7e81d207383d87b5226b5658728837915a21ffd225d0754b,no,no,0.5362349908421931,0,2
learned_hands_consumer,embed_large_logreg,2,0,548,c9760c7df4fc3eb826bfb31e080137911ab35ae7f2295614373536be38ff7a63,no,no,0.607040524482727,1,1
learned_hands_consumer,embed_large_logreg,2,1,549,f68d2b36b0aa1fe05ff7cfefd1bef8b411b59bfd2547573231a9358ce4a847af,no,no,0.5402840214883082,0,2
learned_hands_consumer,embed_large_logreg,2,0,550,9d038dd0243eecf6b7473c2626d4e82af31cbb7798372022403db2c53aac85c4,no,no,0.6649401783943176,1,1
learned_hands_consumer,embed_large_logreg,2,4,551,1f966f4c818ddbda27cb669513c943ee46d73d5252c0de4770bae3e0b1407c6b,no,no,0.9037026368909173,1,1
learned_hands_consumer,embed_large_logreg,2,2,552,47f5ff1d7bfe7621611a502c23a7ceff9d308e2a1dabd5f29755fb341ed42da2,no,no,0.6309664249420166,0,2
learned_hands_consumer,embed_large_logreg,2,0,553,d4edcad2012a13062a63322c80d9dda6748d539f3ccc68a8ca8515cbf779e532,no,no,0.674666026989638,1,1
learned_hands_consumer,embed_large_logreg,2,1,554,ba2d5b4602e83fd349fad98b24b38a99bfe1443da99a67d27ba98c8d58a7b182,no,no,0.6995504886045907,1,1
learned_hands_consumer,embed_large_logreg,2,1,555,a6dd6a0f17139acfd501f939d766455a6f082f486b04d50843f5897c950f5a6b,no,yes,0.6045705080032349,1,1
learned_hands_consumer,embed_large_logreg,2,0,556,a1ec095ee15753680fa1dcc2cbce2e048c960c54a4c671af2b889ff01c2a78b1,no,no,0.555081844329834,0,2
learned_hands_consumer,embed_large_logreg,2,0,557,f50ac2f7ee90df358f730bee0cc541912730af6dc27f334b51ce011788751780,no,no,0.5454939007759094,0,2
learned_hands_consumer,embed_large_logreg,2,4,558,6dbf7b018c755e5418a5bb8020c0e3e0b3b6c2802141270907880a6f7cf37e03,no,no,0.9484391737845601,1,1
learned_hands_consumer,embed_large_logreg,2,4,559,8028cfbd1a2e6305634a58811aaf0ab86462c0aba3c14fb71b4e2d5c466e76ed,no,no,0.9613536179317835,1,1
learned_hands_consumer,embed_large_logreg,2,1,560,9a51675376b7b3914122130018ee7839fc678cd936b6b9ab2de64d3095595d93,no,no,0.6223254799842834,1,1
learned_hands_consumer,embed_large_logreg,2,4,561,46db7874bb17bd0bfc4da9f20d511677c89d9d72e7616f5d2fea321d16a4d2c8,no,yes,0.5888625979423523,0,2
learned_hands_consumer,embed_large_logreg,2,3,562,703e4efa32ffec639b9f5832aba111107a1d6a46aa78b9f0bcbf55786e115a58,no,no,0.5808301990976871,1,1
learned_hands_consumer,embed_large_logreg,2,4,563,7deec0af5174e4beb0d092237b7a51ba2fdd2750e9d0d6b70fc7c0a7dd3274b5,no,no,0.9033488833162684,1,1
learned_hands_consumer,embed_large_logreg,2,3,564,9f89ce31649f5aadaf8602b1ec128212bc82f53bdd4b070be2656d39389bfd3a,no,yes,0.5016351342201233,0,2
learned_hands_consumer,embed_large_logreg,2,2,565,52c676261b9c0ec1700eb1af704f89bafe5d3cc2fcde6e3e53ec8d62cdd6d2a4,no,no,0.7957165718716894,1,1
learned_hands_consumer,embed_large_logreg,2,0,566,46c570bb238fa00c335738e90e9894fd264ea59da9a43983805ace67cda3babd,no,no,0.6644984285682908,1,1
learned_hands_consumer,embed_large_logreg,2,0,567,0cce10f57330f13a1fa4583d7fcbaea0ea54631244d26f8a6d66cacba2bc5e86,no,no,0.6282747387886047,1,1
learned_hands_consumer,embed_large_logreg,2,1,568,23d530283c7fa6d23eb17ed2448ff4204346f82e1ff6bba839e171c25a835f45,no,no,0.6572026610374451,1,1
learned_hands_consumer,embed_large_logreg,2,2,569,1c260489f250e26aa71f0f67af2d93564ae951b62570cc33391ef77909e9ff99,no,no,0.8968049154161675,1,1
learned_hands_consumer,embed_large_logreg,2,4,570,a069da037392da85deec01ab7ac053f17bb4d2f8fef4cefb41ffe8b522d078f9,no,no,0.9673378359451387,1,1
learned_hands_consumer,embed_large_logreg,2,1,571,524bb5bf6132a668b140a529e1e06fd9231839d3f515499d615f2e3cbc7aed03,no,no,0.6284164190292358,1,1
learned_hands_consumer,embed_large_logreg,2,1,572,698a24f5972ce2399e34b386818b23e9f4e394b92851cbbbd6edb8b88c1afd5b,no,yes,0.5616281032562256,0,2
learned_hands_consumer,embed_large_logreg,2,4,573,49f564d4ddfce6dfcee859f3e9357c9ab50ff9c0235c7f8261f86942a80bdb88,no,no,0.9927307150054986,1,1
learned_hands_consumer,embed_large_logreg,2,4,574,3ac0c82ca7beef115b86522a5f5f46bd39ba3538af171995361348eafd9b9e20,no,yes,0.8063598275184631,1,1
learned_hands_consumer,embed_large_logreg,2,0,575,867d8d7d603b8ba49fd2224d4e9a4e31af79cb37a9eadbd99a914e0587a6e215,no,no,0.5734617114067078,1,1
learned_hands_consumer,embed_large_logreg,2,0,576,85d2a625103432a6e270c523b2b82873753c1aadea3a856047d52d54f77d7fec,no,no,0.6036609411239624,1,1
learned_hands_consumer,embed_large_logreg,2,3,577,710dc3cc876b848944aa42d1a09e59b9090754a8d9bd4a8ec6a95c1d915c9b4a,no,yes,0.5141590237617493,0,2
learned_hands_consumer,embed_large_logreg,2,0,578,085d8a8bf0abb16a3a525ab8ae49de081115d9b133ea5c0286dcc920fa1332ce,no,no,0.6239780187606812,1,1
learned_hands_consumer,embed_large_logreg,2,2,579,b22ac3b6da6efba6a1c054601441ac802d6282b2f6c93b97b3f41378a9f9df7c,no,no,0.9705891880371381,1,1
learned_hands_consumer,embed_large_logreg,2,0,580,a0a8970a8f7abab6606c6c0dc4e4ed89f48960d36710902cbf788bcae8d59835,no,no,0.6400057077407837,1,1
learned_hands_consumer,embed_large_logreg,2,3,581,c830685ae56b6f1b2910c6ab5de01bdcf3e93705d4ae3850481e9ae6a7ec59c8,no,no,0.6351896335128059,1,1
learned_hands_consumer,embed_large_logreg,2,0,582,a2b8614a6474da04bbec6a1b3421b6c93d315cc44e8958073d1b9652801f4710,no,no,0.7361918468418167,1,1
learned_hands_consumer,embed_large_logreg,2,0,583,2fd3a1b7a973326e591034aa7863f5b09e42e05bb1e3f9d6cc311428d449d4f4,no,no,0.6143041849136353,1,1
learned_hands_consumer,embed_large_logreg,2,1,584,f221ac70290bacf70893417c277b4fb7396aa9262713ef18f437e8c1e5da3bcf,no,yes,0.5013472437858582,0,2
learned_hands_consumer,embed_large_logreg,2,2,585,a1f95e95ed3bf1df04e2d7306db27c5cd135ef9ea77def78c12cf2c81619e8c3,no,no,0.9050010173022444,1,1
learned_hands_consumer,embed_large_logreg,2,2,586,2ce709e73ee4451d404c5cdc00ea37833fee0b356b8f16d76ff2479b2cbd353b,no,yes,0.9443207383155823,1,1
learned_hands_consumer,embed_large_logreg,2,1,587,618c4d63aaf62f407f26f35d636080cc1e0a032d82f4d1e04c0fb1cf65048718,no,yes,0.5950817465782166,1,1
learned_hands_consumer,embed_large_logreg,2,0,588,4f6bc5578f8ddb17d988262058901424533577bd28369751a61118a761761e91,no,no,0.679268479347229,1,1
learned_hands_consumer,embed_large_logreg,2,3,589,a9192bcdf65d01e592abf6f0b177a9853ed1c4a2b0ee8742dab11341eaee29d1,no,no,0.5633850265558072,1,1
learned_hands_consumer,embed_large_logreg,2,4,590,067cce98506849a73d82e859c38940708382620ea642806d23cbb8de5187231e,no,no,0.8194454664157192,1,1
learned_hands_consumer,embed_large_logreg,2,3,591,b576cd2ec8f9c40c2bb0abe987f064c2f9f1c25f94d4565ddd83377473d48859,no,no,0.5423791246897243,1,1
learned_hands_consumer,embed_large_logreg,2,4,592,5913bc49040be5c85504a852ac0a112f8e7e340d2c39fb67d7067ee3450e5e13,no,yes,0.6123992204666138,0,2
learned_hands_consumer,embed_large_logreg,2,0,593,a25e7edfa72a41526ddc2db76023d27c2db12a24984d2e5a716da973b523f27e,no,no,0.7155631567369951,1,1
learned_hands_consumer,embed_large_logreg,2,0,594,d10b6556e2004b51129b987f5c4531830e2b0822cf2d7017e10a5414707669d9,no,no,0.557453453540802,0,2
learned_hands_consumer,embed_large_logreg,2,2,595,d6d5572c752218b14019ec07e189728c9b3ddb8d34c3d70488fe782cc31aa988,no,no,0.9830566534803437,1,1
learned_hands_consumer,embed_large_logreg,2,2,596,07573b273be6697368d57299de8abf31240b9402c15219c81c2ee8f9a7f2aa62,no,no,0.7450152857606198,0,2
learned_hands_consumer,embed_large_logreg,2,4,597,6dc6cf31b2c1894f7bcfb26a493a4e5756971e007f5e7be26036cf50c17d7eb4,no,no,0.8740539420537063,1,1
learned_hands_consumer,embed_large_logreg,2,0,598,7aa6dcf85749745744d1eb12d07f65d4b80960c401365645658ffdacc98c266a,no,no,0.5753819770997174,1,1
learned_hands_consumer,embed_large_logreg,2,4,599,5d91de0107b67446aed45672dcfdef4f58baf8f1c037cbe894d9bb1e9578101b,no,no,0.9601985812187195,1,1
learned_hands_consumer,embed_large_logreg,2,3,600,684294f8c7abfb0278d36770f016d23248fd859f28c36cd2400da167f3b2b1ee,no,no,0.584434986114502,1,1
learned_hands_consumer,embed_large_logreg,2,0,601,241cef5b8e4490252fa54625f6d6db8138d2f2b6887914926c4714fe63225592,no,no,0.6437565684318542,1,1
learned_hands_consumer,embed_large_logreg,2,1,602,264bdc1770e2864da6160b2fb689ad40913ffdda9bc24da7cd4f73e375da64a9,no,no,0.7095523861184005,1,1
learned_hands_consumer,embed_large_logreg,2,4,603,8b25bda48a03414701e65d70dfe129b08d8a1fffbfd6d253c4f8eab80b8e7ef4,no,no,0.9424405378830594,1,1
learned_hands_consumer,embed_large_logreg,2,0,604,a98c95b8dc90508ce61bca07aac73b3000d782c3e8bdb2d8094fa8851213e843,no,yes,0.5235868692398071,0,2
learned_hands_consumer,embed_large_logreg,2,3,605,2e2dab0aa3f72da243e332c4316fe221543965532bf45ff04017e1820a01ffa5,no,no,0.607973575592041,1,1
learned_hands_consumer,embed_large_logreg,2,2,606,f898c42315c66b3c1b4818313a33706910ac2498fef748ca5f12df32ed4ea670,no,no,0.9066933528586232,1,1
learned_hands_consumer,embed_large_logreg,2,3,607,edf5ecdbda4cb86f3f4fd1969bf42ba5a7eededc822406ff5bcdbad487d0ebc0,no,yes,0.5311403274536133,1,1
learned_hands_consumer,embed_large_logreg,2,1,608,41d5caaade46df5dd642cfcc5a1c383a53ea033ab68bf9753d941c8fa472857d,no,no,0.7045608162879944,1,1
learned_hands_consumer,embed_large_logreg,2,4,609,20cf2204cfad79c36173c2020ce3d9d1d7bfe049a4659016961fb1f7d34524d8,no,no,0.9063998989284046,1,1
learned_hands_consumer,embed_large_logreg,2,1,610,0970bb84fe7a7ae10755b3ff8e069375c894baa731baadab88c5b85d95df1cc1,no,no,0.6962866575632496,1,1
learned_hands_consumer,embed_large_logreg,2,4,611,53722369d56a509c380ff23472de54953b911d83728e74087c7864d9bf6c5d11,no,no,0.7694331178238059,1,1
learned_hands_consumer,embed_large_logreg,2,3,612,dc4a5fdc229e8eb8b4651e9829068c4a686c371d36c72e2ff9486195b6f27065,no,no,0.5355811715126038,1,1
learned_hands_consumer,embed_large_logreg,2,4,613,1b06f4f278599f2a5f0149ed64529530669a8a3934e0d4e09cf02e4eb40c20b2,no,no,0.9957035993236888,1,1
