task,candidate,repeat,fold,item_idx,text_sha256,gold,pred,p_pred,kept,set_size
opp115_data_retention,embed_large_logreg,0,1,0,e783d6e5426c4d132ca1198992b63a2b77013808d63e267b499744a4c5d1b11b,yes,yes,0.6259993314743042,0,2
opp115_data_retention,embed_large_logreg,0,4,1,ca069ace0fea7074fac7e44b33121935734dd94f589cc9069a738b5884a0f116,no,no,0.5184893762615137,0,2
opp115_data_retention,embed_large_logreg,0,3,2,94284e1d7b10fa6117e24745885f4a5c871d995ca98a16179c63cacb7e9c8618,no,no,0.5393757820129395,0,2
opp115_data_retention,embed_large_logreg,0,4,3,ee7f763b4da0bbf780148ff43363b2a907297b4f98c76d7c1e1d2869878a70f8,yes,yes,0.5910906791687012,0,2
opp115_data_retention,embed_large_logreg,0,3,4,be54e70c44eb94e44c82413eb316abd303bc0920653e459cc81b65dc610c2c47,yes,no,0.5288258194923401,0,2
opp115_data_retention,embed_large_logreg,0,3,5,bae4eb887d877f453aee88d3761b630e4bc7ff917be76cb60950cca3ae6c909d,yes,yes,0.565211832523346,0,2
opp115_data_retention,embed_large_logreg,0,1,6,ffcbe512035ce904259b64a9212131a8ddb5ef6916eb7f217c64a5658bd672fd,yes,yes,0.8789107203483582,1,1
opp115_data_retention,embed_large_logreg,0,2,7,9e061b3940805235e0301ddc59cdad769cb39c4672fdac340725b065cca9eb76,no,yes,0.5381457209587097,0,2
opp115_data_retention,embed_large_logreg,0,3,8,11dbaf4848acf49d21fffc81b9b0ac39e736808cb102bd24ec485e1c9793ead1,no,no,0.5648203492164612,0,2
opp115_data_retention,embed_large_logreg,0,3,9,b35466aaf2aa88600ce3febc4691f6c33a5a185d118a53da03fd134b474427c7,yes,yes,0.5102987289428711,0,2
opp115_data_retention,embed_large_logreg,0,2,10,8c3c2305b0edd2dfbd80ae024d68bf853a2ba001d7e139e796ceed9ab18138b0,yes,yes,0.5135700106620789,0,2
opp115_data_retention,embed_large_logreg,0,1,11,b7123b7c303c69d4e87a4030ed741d9f0ca824b638aab5f65596e20ab0d8c4dd,yes,yes,0.5252133011817932,0,2
opp115_data_retention,embed_large_logreg,0,0,12,3a03588f9a14326961809e8f32642ea962dc8708b9b78b365afdda60e89ef739,yes,yes,0.5153139233589172,0,2
opp115_data_retention,embed_large_logreg,0,0,13,31bf37f8261b9238c62d1bc86ac8e76cca50a7903aa58122cc6fda4e44cded97,yes,no,0.7621559983170629,1,1
opp115_data_retention,embed_large_logreg,0,1,14,83aee36651f00dedd70cbd9dcad609997907b62cd9bf83a6c3ff2ec5e8d4da27,yes,yes,0.9627344012260437,1,1
opp115_data_retention,embed_large_logreg,0,2,15,0ec789dd289a49bedd0b0b3266a7cffd2be138f7eab28a474b082a4e010735a2,yes,yes,0.5142627954483032,0,2
opp115_data_retention,embed_large_logreg,0,0,16,393eae997b97caa2cf9a1da91b63d15664dcaddb694220702d9a143ce913b7a8,no,yes,0.742814838886261,1,1
opp115_data_retention,embed_large_logreg,0,0,17,54c18021f0b5bdd5418fb5f0ae5fa39e1a0754b3d7cf800324e8103487e5cf23,no,yes,0.5894752740859985,0,2
opp115_data_retention,embed_large_logreg,0,1,18,03f51ff145336e8b0b3740f93f96fe8af81eb409dffb118976a1aacf863ec171,no,no,0.720751383282203,0,2
opp115_data_retention,embed_large_logreg,0,2,19,c89c69b4178c8e62694dbbec4c5ed66aeb0fe5c55e301599ef066e3c3b4385f9,no,no,0.6784022844313894,0,2
opp115_data_retention,embed_large_logreg,0,4,20,8c3716bcecd879ddf0f8827a6cbc7a3abc6d6a93b2089dd3ff73b38ddf0001e1,yes,no,0.5864128470420837,0,2
opp115_data_retention,embed_large_logreg,0,0,21,f15bd4dacb8cb1b84e653d23e7fe124f64a891cc8707ea67a161980021a3b418,no,no,0.9593355548456063,1,1
opp115_data_retention,embed_large_logreg,0,1,22,8f4f45d8a36971e3c0f25e096cde795561185b99b9e955438faba7a4d9fef7ca,yes,yes,0.57505863904953,0,2
opp115_data_retention,embed_large_logreg,0,4,23,21eac8a720e29bc551d3c8df3375045370305435e24faa05b1d987ac9375d91e,yes,yes,0.5524253845214844,0,2
opp115_data_retention,embed_large_logreg,0,4,24,0dd0744922c1b1301ec97c32fe0ad034feab74cddd8fbda70c8f9ef34b1984cd,yes,yes,0.641330361366272,0,2
opp115_data_retention,embed_large_logreg,0,3,25,3fca71487f4cb96371c3aa5abdec8e2b540353f8e48d378f45873ae178857cc7,yes,yes,0.5333526730537415,0,2
opp115_data_retention,embed_large_logreg,0,3,26,dfe28276bb0dea301638082a29d464d5b991277d523df29efae965421e87545a,yes,yes,0.6951345205307007,1,1
opp115_data_retention,embed_large_logreg,0,2,27,8659994e0d17820ba141784fed4d0c18349ac65ec3723701527ef343db9ba2c1,yes,yes,0.7505595088005066,1,1
opp115_data_retention,embed_large_logreg,0,0,28,ac53d5dac4ea34e954ef4a4c00be85ca1da5b5fc8eb4c64c48283a7577095425,no,yes,0.5263578295707703,0,2
opp115_data_retention,embed_large_logreg,0,0,29,357a57196be8d969cfaf00bc58e3c97de8f72e1069c26ab0f58307d2cb1f9d5e,yes,yes,0.786087155342102,1,1
opp115_data_retention,embed_large_logreg,0,3,30,7049bf1374796642411a05defe57eb86765db47de62248e00e4d77bcac1aee04,yes,no,0.5250979065895081,0,2
opp115_data_retention,embed_large_logreg,0,3,31,222418114ae837c0bd206440228b438f96014c6de64bdf072ca3006ccff9edef,yes,yes,0.6597188711166382,1,1
opp115_data_retention,embed_large_logreg,0,4,32,f757ac860de8bac9799d7d27ab9656bc254e26812f083c16a02936aa88791bbc,no,no,0.7122084882197235,1,1
opp115_data_retention,embed_large_logreg,0,4,33,abc7c023b269931d630379941d539c55e5fa3c28b820a815a5c982c2631c347a,no,no,0.8292612782340861,1,1
opp115_data_retention,embed_large_logreg,0,3,34,7b32204f54e8ce396150ac1e8e02190e1403dc0cabd8a34f0561d5d7e93d436b,yes,yes,0.6711790561676025,1,1
opp115_data_retention,embed_large_logreg,0,4,35,fb2d529b248aa927f32f4656bd77156f68757ecc4f2c5fb3629b8a526b66b9b5,no,no,0.5767845087285194,0,2
opp115_data_retention,embed_large_logreg,0,1,36,7d2ec8df6e3c214c2a93de17d8a3bf0d6d26027cd9d0044c301dc63237fa3945,no,no,0.6868130564689636,0,2
opp115_data_retention,embed_large_logreg,0,0,37,9ea4ee0eb3d9d04cc9a8af0091829dfe1ab1eadb8752a5a3717462508654ec04,yes,yes,0.8935008645057678,1,1
opp115_data_retention,embed_large_logreg,0,1,38,d77daaa5f063858c2906c7034002c097b5b47e32324c222526a7f3d8f02c5e83,no,yes,0.5090796947479248,0,2
opp115_data_retention,embed_large_logreg,0,1,39,ec4a7bd8ad197241c5da09accfc4e31ec5b38e08bef387e0f4331c37a83ba409,no,no,0.9377494910694735,1,1
opp115_data_retention,embed_large_logreg,0,2,40,169f0b5e0d2932c82322740d6cd06b3021df2a4275d101bbed5152a0caec46f5,no,no,0.7583547347538879,1,1
opp115_data_retention,embed_large_logreg,0,4,41,3612cd825f0a2590279962431747097d0fbd3401192a8a62417ab05d87ff7cdc,no,no,0.6908795833587646,1,1
opp115_data_retention,embed_large_logreg,0,4,42,1c8146f855bf4280a45bbd60a4dd1aaf1d2462f0046648c27e23dc401581ad05,no,no,0.5638046432675315,0,2
opp115_data_retention,embed_large_logreg,0,1,43,60b00c02942a44883178b9d27e7722712a65e657f9aa8d7c70f8ed058831df55,no,yes,0.7046187520027161,0,2
opp115_data_retention,embed_large_logreg,0,1,44,1b43600d724d025fee73e8dd3c3f6f6f83b2f2254ac3d807d4267fe457da1367,no,no,0.6161352396011353,0,2
opp115_data_retention,embed_large_logreg,0,1,45,1b425bddb73825802ebd5efb1770c952a4e9a9ade9939504b3214de4adbb127e,no,no,0.7462383286285899,0,2
opp115_data_retention,embed_large_logreg,0,0,46,14adf82ee0e3d6b6dfdd51d4d9647c2e6deb7e4569137c2c64156837745e8760,no,yes,0.5501834154129028,0,2
opp115_data_retention,embed_large_logreg,0,4,47,943b0ad7763955e029b57dcfe7332b1e2eaf864f2607e3e69ac29c6ce7a999b7,no,no,0.7598753088694112,1,1
opp115_data_retention,embed_large_logreg,0,3,48,8f8364b2d3da12fe4295b94efb41660701eff5ff3ccd0f8330dbfff526bc2897,no,no,0.5980764627456665,0,2
opp115_data_retention,embed_large_logreg,0,3,49,6890c79c65173038a805d631a4323d13802b1a084e9e43845b520355afab971c,yes,no,0.6191954428197312,1,1
opp115_data_retention,embed_large_logreg,0,1,50,30f86ee9ab5fc9b4faf8f83a1adc03eb5e79e7209a5d1555158c62b5d07db921,no,no,0.7045158357773971,0,2
opp115_data_retention,embed_large_logreg,0,4,51,f90c0ab836f55a0533b7c63c67a680a19e6febf6f64c800cb0e2330b3842b9e9,no,no,0.5491039156913757,0,2
opp115_data_retention,embed_large_logreg,0,0,52,f11f4e51a1a75b9616635de4a16c46b939966efe3ff9f57c2a10946ae6db0a24,yes,yes,0.5999512076377869,0,2
opp115_data_retention,embed_large_logreg,0,4,53,551d327f8c9be82c0678a13e918c66a1e4261f956d2c31921b9793392dc0fb96,no,no,0.8503437168947416,1,1
opp115_data_retention,embed_large_logreg,0,3,54,7639ec8effacba52f92d78e35873af81a3c909d1bcb7991c3dee8eb8cd155eb0,no,no,0.6409186124801636,1,1
opp115_data_retention,embed_large_logreg,0,0,55,3673e6ea57ecd4f466018707e593a4bdb9b7aef1644bff252a6f08d923f63e94,no,no,0.6490076780319214,0,2
opp115_data_retention,embed_large_logreg,0,1,56,6926dd609cf92d236cc7e7fa5da23576df2d87bc04d7e5abddc73b579061544b,yes,yes,0.9275624752044678,1,1
opp115_data_retention,embed_large_logreg,0,3,57,87174a10546e056f1c501b38df6beb64eb9d06a2e2a4b5ff08d40e522ecc8ca6,no,no,0.6258474588394165,1,1
opp115_data_retention,embed_large_logreg,0,0,58,3ba755901c58d9df7c1ba20b53e5b32b53ab34a6e9c50dbaa693d1f7b0488595,no,no,0.8713205922943266,1,1
opp115_data_retention,embed_large_logreg,0,0,59,057e0cd21f3f2d6f8ac7cc0f61244c4a688038e64aa3927b4911c6e6da385581,no,yes,0.6138261556625366,0,2
opp115_data_retention,embed_large_logreg,0,1,60,f37843199faf0f23449b8c3794d5f872aa99c2b209afd10d0a95e32d3b24e389,yes,yes,0.7410021424293518,0,2
opp115_data_retention,embed_large_logreg,0,1,61,6ee61c9e44191e66fe010bd3648455dc5265a72fb87b3d7c5a8a93946094afbd,yes,yes,0.6943274140357971,0,2
opp115_data_retention,embed_large_logreg,0,4,62,ca1bb8ae943ee9c0661e965007a76f4432974abc8477582c8c6ccde3c5753505,yes,yes,0.6926884651184082,1,1
opp115_data_retention,embed_large_logreg,0,0,63,acb73fd801c1e421dd498e8b4bf3b9b54243d6505f12ba6260ac82bc8f768f2d,yes,yes,0.557851254940033,0,2
opp115_data_retention,embed_large_logreg,0,1,64,89b1f9976201dc2173e0bbdc34631faae2a8c790ba6da107d46e02ca87a08617,no,no,0.880960623600469,1,1
opp115_data_retention,embed_large_logreg,0,1,65,2d7f91113988eaa8a6fc7bf434caf085a3ff857c610fdd7a70ad274b22cd61fe,yes,yes,0.7207986116409302,0,2
opp115_data_retention,embed_large_logreg,0,2,66,830329efa7f832e44e99f30030f4a9c15846e8b46fc521879633a9968097829d,yes,yes,0.5868285894393921,0,2
opp115_data_retention,embed_large_logreg,0,0,67,7ce9c26fb6b50a60fd9b2a6ef38fcde34bc68b2d1444bbe9f8ed3fea77f0b59e,no,no,0.8515080086662172,1,1
opp115_data_retention,embed_large_logreg,0,1,68,52f1898017e8ea0e0f71a60eee63f1dc2e5ef17b2456e445f969c030bb48f940,yes,yes,0.896856963634491,1,1
opp115_data_retention,embed_large_logreg,0,3,69,c67a4e4eaddb86e263afd6a612649b9485c97dae99f189639f96656b9087a012,no,no,0.5429203510284424,0,2
opp115_data_retention,embed_large_logreg,0,4,70,4a68c4a3020aafbdb9c4c6c7c31d71b98e713e853b9cff1de6b14c1c38bc9f24,no,no,0.6698860129680041,0,2
opp115_data_retention,embed_large_logreg,0,4,71,eedaad9d24addceb170d0b20737c42cbbb718262f7b7f5613310ef3ea6e84a41,yes,yes,0.7941396832466125,1,1
opp115_data_retention,embed_large_logreg,0,4,72,c97186e083514b27770a49119fddd31b1ea91626f7cc343d194e4939cc504c62,yes,yes,0.6343976855278015,0,2
opp115_data_retention,embed_large_logreg,0,4,73,188d814cc1989645ed98960c18733a0b3819b7a5e68c6e14a2678017b393be96,no,yes,0.5801806449890137,0,2
opp115_data_retention,embed_large_logreg,0,1,74,87e15e4c3d53fbff03afef09d99be298396f7f93a460514045fb7cde9649fd1e,no,no,0.5752657480458693,0,2
opp115_data_retention,embed_large_logreg,0,4,75,18b1b534d366629f782db652c4bd4bb90f86a28a60fd65718523967f4f0524c6,no,no,0.5284452595843452,0,2
opp115_data_retention,embed_large_logreg,0,0,76,fa803d00ce6546e8478457a6d52ab9b6d8c7630ac8851e1fc52d67f7fb53fed7,yes,no,0.6010968685150146,0,2
opp115_data_retention,embed_large_logreg,0,4,77,08a0b4c02c02ae6cdb3a9a27b5f233c6f7b885749d7ce00159fa175639f6dcaf,yes,yes,0.8219424486160278,1,1
opp115_data_retention,embed_large_logreg,0,3,78,f06dd627e030196b06ee963e24c2dc68097362ee8edf0e1b8f06345c991920c8,no,yes,0.504181981086731,0,2
opp115_data_retention,embed_large_logreg,0,2,79,093e1aa7c495478f254786dbe3a579997e7d3d1e60f1a95f37825c5fb42a3587,yes,yes,0.8531488180160522,1,1
opp115_data_retention,embed_large_logreg,0,0,80,a9ce0f5db9dcfc9b61e4765e319b2b23ad2e83dad1801837b8f01cf5396bd079,yes,yes,0.98907870054245,1,1
opp115_data_retention,embed_large_logreg,0,2,81,fe853791e43affc0b554bc15ac732e62d21598be47daeff71cff7c70fb3ace66,yes,yes,0.8941512703895569,1,1
opp115_data_retention,embed_large_logreg,0,4,82,8865d6dc769090f70b58a55fda31bb852e5f08b1c77b001d459bf988b50d86b9,yes,yes,0.7400624752044678,1,1
opp115_data_retention,embed_large_logreg,0,0,83,426332d37643f726b27481408434abcfc44dc8851f6c33cd5dd5632af590b1e7,no,yes,0.6162034273147583,0,2
opp115_data_retention,embed_large_logreg,0,3,84,a79935042d83fdf73a42c16202193b860ad3d5911ae723be591572b747a6b7e1,no,yes,0.583358108997345,0,2
opp115_data_retention,embed_large_logreg,0,3,85,7ff692472ae904d4710c1f7bd076cb8c695d0f94fb75da5726e98b4fc6f4745e,yes,no,0.5644256472587585,0,2
opp115_data_retention,embed_large_logreg,0,1,86,3923241ca81aae32e7fcdbef21d829ba2e206096e796fb081b28142af7f5dc37,no,no,0.5603430438143921,0,2
opp115_data_retention,embed_large_logreg,0,2,87,34bf5b6a41eaa2411a0ffe792091dd421bc56965d2270c7f03641ba1296ed2ea,no,no,0.9319701651935255,1,1
opp115_data_retention,embed_large_logreg,0,3,88,3e9d2c06dca818e7895dc62865bd1f351c76a6a9a2576ebd72d3c3d723933bec,yes,no,0.5230252742767334,0,2
opp115_data_retention,embed_large_logreg,0,2,89,90935d6dee8a77ca52d1b41a4960016c1f84e12aad956e07b67c47067fe621c0,no,no,0.6290802359580994,0,2
opp115_data_retention,embed_large_logreg,0,0,90,6103e00dfc5b9fc89a1bbc7bca32c60908d3af246a737c3cb6ca752a3b8e4273,yes,yes,0.7560486793518066,1,1
opp115_data_retention,embed_large_logreg,0,2,91,10fd70c10966d05dfbdb4bd28d72e4d99e5b68a81e8201f2ed78f069887174bd,no,no,0.5671379735212915,0,2
opp115_data_retention,embed_large_logreg,0,2,92,8d527e2efc6a8cba2a09b999917ff3f57012ccb85c76b628e3986a189d0f806a,yes,yes,0.9899197816848755,1,1
opp115_data_retention,embed_large_logreg,0,3,93,8e7672199331041a2ffbadb8967b89b9584533bbefc1a8b1bdb06df30507a723,yes,yes,0.5047347545623779,0,2
opp115_data_retention,embed_large_logreg,0,0,94,60271a38ebd73a503d4d63a7d24736a191329fa4c2ceb064478b0385b89e3531,no,no,0.6438457369804382,0,2
opp115_data_retention,embed_large_logreg,0,0,95,a2f433b20215694a24eb8879748021883ff1a49cef93caad0f629fd8f089f68e,yes,yes,0.8222715258598328,1,1
opp115_data_retention,embed_large_logreg,0,1,96,00c26499d96234846a991a8b3863d4bf82feae4d04b77fc0410d3c5284e88e93,no,yes,0.7005317807197571,0,2
opp115_data_retention,embed_large_logreg,0,3,97,ae95ebca76c16e99e7d1de2c967de0ff8c61305f33f7896c0a229dbe7469bd22,yes,yes,0.6581628322601318,1,1
opp115_data_retention,embed_large_logreg,0,0,98,0e20e01a4fb7381675b2416a2e0129fd586a59aef87aa297fde7e7b33ba79b50,yes,yes,0.7079640626907349,0,2
opp115_data_retention,embed_large_logreg,0,4,99,d65f8be5d2d371519044d7daa6308a21fab28110dfa9283d6c6fc2a24d727b75,yes,yes,0.8415127992630005,1,1
opp115_data_retention,embed_large_logreg,0,0,100,a6826c796e514e13c24f3cd62fdaeb329b4e6a7a7c0fb49333ad9c42077d004e,no,no,0.5582463145256042,0,2
opp115_data_retention,embed_large_logreg,0,3,101,ae273fb46b67ef555b02f6b977a7bd0ef24425d26b9b57628cedbde78fe0f8e9,no,no,0.7071024390191567,1,1
opp115_data_retention,embed_large_logreg,0,0,102,01e3acbc33bf15313b5880a87df86cbbf898f221efc438d21065a2487d90caa5,yes,yes,0.7360143661499023,1,1
opp115_data_retention,embed_large_logreg,0,2,103,a0794a8831efac02f0c596d7fdd4ccd5cc97370cddba1ad6ddea24575530fa1c,no,no,0.7725671644891376,1,1
opp115_data_retention,embed_large_logreg,0,4,104,61b9dffd6a6c84dfcb4ffa8e49c1c0ced89c2c586fd2c56b2197c65619d78b95,yes,yes,0.88804030418396,1,1
opp115_data_retention,embed_large_logreg,0,2,105,24a215c96bf2875876591826ca6946592923950ca249a411067b3addcbe5ed53,no,yes,0.6138761639595032,0,2
opp115_data_retention,embed_large_logreg,0,1,106,1a3457d784d82e13afbc9c92f5bf3cf8647142888d4ae6d381aa825881b2657d,yes,no,0.7122314956119211,0,2
opp115_data_retention,embed_large_logreg,0,0,107,12e2a92314750078e8927c6895d3e605483c3df2def7e09b9ab8bbc1854455b4,yes,yes,0.6545875072479248,0,2
opp115_data_retention,embed_large_logreg,0,0,108,89d4afba01413f4f026c08de5ab9c1a752ec1fa7bd7ad2ef5f1e405f15a07e83,yes,yes,0.6093531847000122,0,2
opp115_data_retention,embed_large_logreg,0,4,109,1f839862705946b52e2163244afbaa70e2426147512f91860dc5601c5c2389bb,yes,yes,0.5762277245521545,0,2
opp115_data_retention,embed_large_logreg,0,3,110,935a7b863897a0ba0c8ad7901ed54fb2f12d631281676d3b3e3bf8aff853ade5,yes,no,0.6085667791535491,1,1
opp115_data_retention,embed_large_logreg,0,2,111,59c16506290887c7b0cddffcf2aa2e5f87747ee6e4f18ed8ee74e52fa2c008dc,yes,yes,0.8424645066261292,1,1
opp115_data_retention,embed_large_logreg,0,2,112,f64096926fb9c78f401fc0854671a223614422af71ed3a0685489963d966ac09,yes,no,0.6196315288543701,0,2
opp115_data_retention,embed_large_logreg,0,2,113,2bc01bdcffae3876a8c7f082fd32fd529e78059380437c09551033b584275815,yes,yes,0.8406679034233093,1,1
opp115_data_retention,embed_large_logreg,0,2,114,4065a65416309e59bf310015b8b8efcc430db139973fb86d117f93e768031bc3,no,yes,0.5058484673500061,0,2
opp115_data_retention,embed_large_logreg,0,3,115,48d314a42dbe9fa058aca1dfb87bcf56f418fe9874699c1489237577f246b045,yes,yes,0.502253532409668,0,2
opp115_data_retention,embed_large_logreg,0,1,116,2ca25fd3736fd80ab90b2254eb3d425b036dcd4e9e62e4360386e416c9deab76,yes,yes,0.9664239287376404,1,1
opp115_data_retention,embed_large_logreg,0,2,117,1161be58ea49ebc7fce1b9054d77589bb5307b3d56d34a516c160490929e414d,no,yes,0.5487736463546753,0,2
opp115_data_retention,embed_large_logreg,0,2,118,414440c3a3ddf73ddf10106fd36a5cacfce9fd199ec8a7b46ee44844418507b6,yes,yes,0.7659435868263245,1,1
opp115_data_retention,embed_large_logreg,0,4,119,0570fb4811b2e51a3e0641efb5a520396a092d396550cdaaafa76fd1dac4a726,no,no,0.6849935054779053,0,2
opp115_data_retention,embed_large_logreg,0,3,120,021c61c2b34b795a0959f5f7b9354579eaecfcf1f64d296e334113a271188ae6,no,no,0.5783477425575256,0,2
opp115_data_retention,embed_large_logreg,0,2,121,57bc9e8962d8c99f668d7b81efe244628bddf539fcf66d74483a90c984c2c5c6,no,no,0.9003289409006308,1,1
opp115_data_retention,embed_large_logreg,0,4,122,447ae551bbd401748cb52fffaa7c3f115ce1dffe28c99efe5dc9dc0d38122e4f,no,no,0.7163794636726379,1,1
opp115_data_retention,embed_large_logreg,0,1,123,085b13c1eb4bd3144c896064ba632a965391017f9345f3085f1b98209c91afdf,yes,yes,0.9458295702934265,1,1
opp115_data_retention,embed_large_logreg,0,0,124,e4482c06dbe65a91bf1c1f134d6c0e1558da84dd5b5e12594c08686b3eddc8a3,yes,yes,0.9870373010635376,1,1
opp115_data_retention,embed_large_logreg,0,3,125,a9782bc9bc1c192c7edcab363fd4afb1b36914cdf9dafc5b0a12a0823a025886,no,no,0.6355973671554734,1,1
opp115_data_retention,embed_large_logreg,0,2,126,b2a84f40bc79374e0543efa4424fae4d57188002eda7fd63f02dc333becbea83,no,no,0.8767658210764581,1,1
opp115_data_retention,embed_large_logreg,0,1,127,088f49e7378b28bce726054b67e2fabf46daf9e8d352e2a1228c22cf0fac683f,yes,yes,0.9413322806358337,1,1
opp115_data_retention,embed_large_logreg,0,2,128,93bf89a1de994e270413193fcbbcddc3491dcce4054e367a7c1d74c169ad4b14,no,no,0.9001094497715805,1,1
opp115_data_retention,embed_large_logreg,0,1,129,b6bad323bdb4a1398adcba0b0c816828e25650472c3a77d2d6b19f655dab819b,no,no,0.6841751337051392,0,2
opp115_data_retention,embed_large_logreg,0,1,130,d5ecccdb1813c7c945c958ccb2c108cfcb2a7bd8707476f5f1365e825a0ad246,yes,yes,0.6241925358772278,0,2
opp115_data_retention,embed_large_logreg,0,2,131,7df5b7ffb7936618b90ec589b9e3fbc2842e1ff8869ad45b308533577fd77d86,yes,yes,0.8200216293334961,1,1
opp115_data_retention,embed_large_logreg,0,4,132,7ebb25afa192ba9160052426ef3b16f9c49812cb556a72816da619716925449f,yes,yes,0.9027109742164612,1,1
opp115_data_retention,embed_large_logreg,0,0,133,d267bda3f7daabde7131ec43fd663b7f38ebcd905b34ddcac52e23248e63f754,no,no,0.8667906393588984,1,1
opp115_data_retention,embed_large_logreg,0,3,134,8ebe484f8aa9fbd1ab3ffff75a73d134e929f509b531bf7d550cd2fbafb24fdf,yes,yes,0.6907138824462891,1,1
opp115_data_retention,embed_large_logreg,0,4,135,9d6da06849780c6cf3a06b96df57fcbef807a25b5373dd15334941d35b8f6a78,yes,yes,0.6066385507583618,0,2
opp115_data_retention,embed_large_logreg,0,2,136,9256ff8336f43973ac32483cf4a485168f7281caab039c91aa5ec45e7042acd1,yes,yes,0.9048805236816406,1,1
opp115_data_retention,embed_large_logreg,0,4,137,e08e585482b8d3906c0fcf66a5da160b9e819f25aac0e92c2086f5bd74b9f58c,yes,yes,0.9059737920761108,1,1
opp115_data_retention,embed_large_logreg,0,2,138,6fcf71b27d46f55ce193efc7f9afc04455f73116a9db84833f80e06f9ca50565,yes,yes,0.6623955368995667,0,2
opp115_data_retention,embed_large_logreg,0,4,139,c4b6d77aeaa5302389ac8f3608bfb27c4df1b76118cc8f54d2313c0a264133d5,yes,yes,0.8456020355224609,1,1
opp115_data_retention,embed_large_logreg,0,3,140,275a4d4239c413d2e99aedb43348f0606ad8850f1db7dc4e3118c3b47065f91a,no,no,0.5561683343699078,0,2
opp115_data_retention,embed_large_logreg,0,0,141,8a20b838887a4c084a09c1abf0e23b8c9ca43c382e2bbfe5e69c3dfe3fa607cc,no,no,0.706536591053009,0,2
opp115_data_retention,embed_large_logreg,0,4,142,d59761f593cdeec8646bc296f9d941e7e44cc354579e86fdca852baf273fc357,yes,yes,0.6279000639915466,0,2
opp115_data_retention,embed_large_logreg,0,4,143,e88625cea1e9848ab0c422dd31cb03bb37e230c04824f11aedb42e6256d88861,yes,yes,0.7232170104980469,1,1
opp115_data_retention,embed_large_logreg,0,0,144,472ac5ccf3636aa466c509158d54b8605d606563706d77f86728caf86b56828e,yes,no,0.6202416604829329,0,2
opp115_data_retention,embed_large_logreg,0,3,145,8b3ae3f08e20d45d17f031fd4b86caaca9a1df9e99e24770119d51d8f0ac3045,no,no,0.5238460458471192,0,2
opp115_data_retention,embed_large_logreg,0,0,146,a47590671f0c8a96c36f7d6c9a24adea2693fe733ebba1c9966755e8a4662599,yes,yes,0.5583655834197998,0,2
opp115_data_retention,embed_large_logreg,0,4,147,f499e421475ec682cadb46341e6d310462e81d20c890a16c9b4ad060534ed6d0,no,no,0.8072368147145752,1,1
opp115_data_retention,embed_large_logreg,0,3,148,f0cadbba69345266de6559680ae988e0fed4878bed5c0c92243e9d6d5d9f7bf6,no,no,0.5095891952514648,0,2
opp115_data_retention,embed_large_logreg,0,3,149,f321c837be3d158ef7ff42e4a5c07de189845d4d7b643c668200b64b5c207e56,no,no,0.574364960193634,0,2
opp115_data_retention,embed_large_logreg,0,1,150,1676246f4b932466894e0b3d528e741e4f90b6762f68e0ababf10e220767ab49,yes,no,0.6990983694523087,0,2
opp115_data_retention,embed_large_logreg,0,1,151,619d8a38ba5513f1cec70851f3865bfadc53827c6747264023f10a362373d101,no,no,0.8643171916055261,1,1
opp115_data_retention,embed_large_logreg,0,4,152,1b974e8954f0d9b48a91a29c0214076ca646d79b431e0a4492d19f30afef870c,no,no,0.5865835126216267,0,2
opp115_data_retention,embed_large_logreg,0,2,153,1b5aa100191a7360936d3578d1b9c3564918a79175346bc1ff23b914d46d70e8,no,yes,0.6294066905975342,0,2
opp115_data_retention,embed_large_logreg,0,4,154,1fc468ce0666d80d3a1c8e28b4d8988e6f57eb4ba403b9f180c648047c14fcb7,no,no,0.7528648264279243,1,1
opp115_data_retention,embed_large_logreg,0,3,155,2630c3c03b6464991051cceb40eb38f315ce523c5773801b2a3351439cc0170c,yes,yes,0.5918814539909363,0,2
opp115_data_retention,embed_large_logreg,0,2,156,a31f38cb747b69b44e923e5768a51ba824e616032b10029b3afa678eecd6732d,no,no,0.9239121010608069,1,1
opp115_data_retention,embed_large_logreg,0,1,157,ff1baeee0f8055c9e395e216bd36541aa63ad084b6059cee873347c1db25ddc0,yes,yes,0.9230452179908752,1,1
opp115_data_retention,embed_large_logreg,0,0,158,28546a833bc592ba4da981179283a48d9b8e32faed0b19dc3fbd8c7a7dd50f37,yes,yes,0.6227173209190369,0,2
opp115_data_retention,embed_large_logreg,0,1,159,d410d20de93ec6d821438156036e88e141275e0728cbd81aa73889aeaaaaa0a5,no,no,0.8191126829121317,1,1
opp115_data_retention,embed_large_logreg,0,3,160,76c5c816c44786f5d8278d5c4344bd435d73b1ebc675162fd420b7577c9b34cb,no,no,0.6744589604598593,1,1
opp115_data_retention,embed_large_logreg,0,1,161,799451ec0744a90f7eb75457279c0ce6f460b9e3ce9926e51d1dbaf241d6ca78,yes,yes,0.6438284516334534,0,2
opp115_data_retention,embed_large_logreg,0,0,162,551af7abca70932f3a0ef1229da16859dacbb33fcc413d4cd74833abb950ad33,yes,yes,0.578156054019928,0,2
opp115_data_retention,embed_large_logreg,0,4,163,a6c7b7ef0cfcf9699e3078342794813b33930d6d73ef7b82d649e0cd79b1f9a6,yes,yes,0.7208477258682251,1,1
opp115_data_retention,embed_large_logreg,0,0,164,5a9e7a696d6ef019dd40f5984dd0ba98efccf5593166eaa0c496b20fa2746a76,yes,yes,0.9339181780815125,1,1
opp115_data_retention,embed_large_logreg,0,1,165,fb5bb7c3433b9471663a47edd44e1cdd1c25ed74aa2c172c37dd997d1e6c1852,no,no,0.78090225486603,0,2
opp115_data_retention,embed_large_logreg,0,3,166,78bb11f1743e056742c00c3df7250817a755dce1dd5835869a2fb8b84e3bc2a4,no,no,0.6993752717971802,1,1
opp115_data_retention,embed_large_logreg,0,2,167,1abf35a14e7951c638a92c72eb3e662003b16ef0ddd618560be900d5e64f25a6,no,no,0.5905998945236206,0,2
opp115_data_retention,embed_large_logreg,0,2,168,82f45f405a5e1d0c32c0aa4104f22d7551bc3a67281e641a11ac83effe659f98,no,no,0.9283894688996046,1,1
opp115_data_retention,embed_large_logreg,0,0,169,5e45c583666bd2b302d372c46c671eef771afaf9528578e9829b226172636768,yes,yes,0.8842515349388123,1,1
opp115_data_retention,embed_large_logreg,0,1,170,a9542e9239ad9fa5fe798e6e26246771ac82a8b7005dad2341ca2ee512a27e28,no,no,0.8130231620821828,1,1
opp115_data_retention,embed_large_logreg,0,4,171,771b749f5c9ba209d78db7f0ac0f63caa7967c12a2872244c725be1a6170e4bf,no,no,0.8951342835297329,1,1
opp115_data_retention,embed_large_logreg,0,3,172,6429e704b1b7bc0c3244e81a91fde9ed92188025964f1d2d310b93923729cfe4,no,no,0.6412058877585564,1,1
opp115_data_retention,embed_large_logreg,0,4,173,2199e3232e265ca67a9644ec81e95b1cb53aa0ad77d8e5f28f54888d985eb153,no,no,0.5805082494171933,0,2
opp115_data_retention,embed_large_logreg,0,1,174,168c1f8fe9461bd4e50ddb2ced4e38f5b32927ec525c32ef3ef9caf4aac4f36c,yes,yes,0.8677383661270142,1,1
opp115_data_retention,embed_large_logreg,0,2,175,7fbc3e8d046e40175885a2131dbd1d61a930c28a1180efc3a9547e585536f7f6,no,no,0.5690349170853223,0,2
opp115_data_retention,embed_large_logreg,0,1,176,501249f20fe324cd55375fb36b14e360a23882582f1ac569eeff4584126cfd87,yes,no,0.6686156988143921,0,2
opp115_data_retention,embed_large_logreg,0,4,177,12bcae560154d423083c35b272770f335f9553357e5869fb43154ccdf33846db,yes,yes,0.7623205184936523,1,1
opp115_data_retention,embed_large_logreg,0,0,178,d36e9685d44e56c9f78953fa6aaf57669c968b49cd0fe0a1745152927c8d4130,no,no,0.7947191118407118,1,1
opp115_data_retention,embed_large_logreg,0,0,179,65714301dfdbca9f00d701048d1fbf28fce86f25343fcdbcdbf0d9d1b38ccaed,yes,yes,0.9549719095230103,1,1
opp115_data_retention,embed_large_logreg,0,2,180,56b4f2662bf4174e7b8c2938a99ec052b918ce8e1e887eb5cfa74512d3e8093f,yes,yes,0.6627164483070374,0,2
opp115_data_retention,embed_large_logreg,0,4,181,786c88cca6c8382022ca97c03b2d0527fed556aefda3e38cac2bab6ffe58dc7e,no,no,0.7904968143925546,1,1
opp115_data_retention,embed_large_logreg,0,2,182,4ecbddf240d7a5766bcfe8d2590717e74dac0e70abd05993cd0430fc1d16186d,no,no,0.5941649852444227,0,2
opp115_data_retention,embed_large_logreg,0,3,183,1bf325cb55644bf9f3fae7c85dbe467894de54012da4fa9b66d6a3a22673b41d,yes,yes,0.5691474676132202,0,2
opp115_data_retention,embed_large_logreg,0,4,184,1ea805b1eea1cacd586e1eee0f3cfe197a35d7e32fb03708c3c497f723298775,no,no,0.7578834069405971,1,1
opp115_data_retention,embed_large_logreg,0,1,185,19a13f3eb97a89ca1ef1b119b1c9367a382e7060b09a82f69b1e4e35a3c13204,no,no,0.5850467085838318,0,2
opp115_data_retention,embed_large_logreg,0,0,186,425e3ff0ff4eca4cfa77f598fe216971b57633e8ef911f861dc04886f4c049e2,no,no,0.8484513163566589,1,1
opp115_data_retention,embed_large_logreg,0,3,187,243100889954d3e9c45757d0a63cf23a39a1b2cf49a14ee10f84c234f5996315,no,no,0.5130601525306702,0,2
opp115_data_retention,embed_large_logreg,0,3,188,a062207fb7a531517ea76930d66bb278f5f2ef789cb4451458d1cf34cce4ab36,no,no,0.618374228477478,1,1
opp115_data_retention,embed_large_logreg,0,3,189,f98e4b656bc0472164c8d54bfdea68ac9091e88ce8b774ed0038896f2cf18427,yes,yes,0.6134161949157715,1,1
opp115_data_retention,embed_large_logreg,0,0,190,ef7a61507dbd56bbdd5333070f23449cc1050797c8e0ea36826e0dc081f6e86c,no,no,0.7711008557349188,1,1
opp115_data_retention,embed_large_logreg,0,4,191,c64822a69e008ced686015ff70e24a6247ef6b472ebe88d75d02e646aabca2cd,yes,yes,0.8738169074058533,1,1
opp115_data_retention,embed_large_logreg,0,2,192,c1502e008f774444d032c5dc418fa6dd1bb36626176c5bdd47028e51f7d5470d,no,yes,0.6838781237602234,0,2
opp115_data_retention,embed_large_logreg,0,1,193,494df37378cf8f74264182865f738cc77f8aaf4fdcc9814a86f99a17f131b2c9,yes,yes,0.7791813611984253,0,2
opp115_data_retention,embed_large_logreg,0,1,194,e7bc4ee0cfffa4fec28bcc2e49a2f7152ccfd743b63cad48404579f5346c9a69,no,no,0.9323493838310242,1,1
opp115_data_retention,embed_large_logreg,0,0,195,9df22399a60ca5da1e856dcb80c9e8e91c896e4712694be92ec80dae5d669dc7,yes,yes,0.9795900583267212,1,1
opp115_data_retention,embed_large_logreg,0,4,196,484cce2ad834362e2ccb3d4894efcae1dfdf44224b918aece53c17203e3dbff2,yes,no,0.6146656091610906,0,2
opp115_data_retention,embed_large_logreg,0,0,197,e822d4f401a34b07af4ed5395f92f976cdc7b0ce397e1c2ffced1c937c81d2ec,yes,yes,0.6445642709732056,0,2
opp115_data_retention,embed_large_logreg,0,1,198,57a74ccfcfe7608c6f4350d2552457ccbdd2eb9ba720641c524fd09bc5598fe2,yes,yes,0.899511456489563,1,1
opp115_data_retention,embed_large_logreg,0,2,199,1fab31543ccbbb32cdadd46142e45a56f35e1d1e3450b5b59654008ee2c58452,no,yes,0.6567212343215942,0,2
opp115_data_retention,embed_large_logreg,0,3,200,2e8ae1b53bbd23b3cdf5e510ad01501a6c3c77c83c76edc9d6220387694b3146,yes,yes,0.6271094083786011,1,1
opp115_data_retention,embed_large_logreg,0,2,201,3004082ff910b7c447da1693b12bc592c912baba20a3f7fa3d8856806981f07d,yes,yes,0.5765366554260254,0,2
opp115_data_retention,embed_large_logreg,0,4,202,b3cb815b0e314945f81b1e51e706918ed3fa4180164a7815cb8d50075cf7dd77,no,no,0.6785417199134827,0,2
opp115_data_retention,embed_large_logreg,0,3,203,afe6b4fcda20339effa6c437b8dddb0737ca5774f21b675e10cee4edcb0b2ba6,no,yes,0.6062396168708801,0,2
opp115_data_retention,embed_large_logreg,0,4,204,425e6f8fb17f0976e13e4561a405d2be1bf2feaa4d817ac2d139387146f3bd31,no,no,0.661952555179596,0,2
opp115_data_retention,embed_large_logreg,0,3,205,9e4ba9ac193a5b11eed78ae6cf09f456a4bf6cbeb6b7ecc8edbdc4eb64b40ee6,yes,yes,0.661629319190979,1,1
opp115_data_retention,embed_large_logreg,0,4,206,01aedd6fb8f591d73f87602fc32e2eb3f589628586199ae0a08ea28cc0095f28,yes,yes,0.6970215439796448,1,1
opp115_data_retention,embed_large_logreg,0,1,207,cfa624403984bc99aecc9847407eddcedb97c357900a09f4b366afb61186bb7e,yes,yes,0.5889159440994263,0,2
opp115_data_retention,embed_large_logreg,0,0,208,deb1609f9680931ac921c3f39ec34329f8267411177d3d90aa9ef55f56a7b498,no,no,0.6870155539219246,0,2
opp115_data_retention,embed_large_logreg,0,3,209,268317cace58fd35238bcdc0b1215a3d8e099f45eeff329dd80dde5b2353fc8d,yes,yes,0.6052617430686951,0,2
opp115_data_retention,embed_large_logreg,0,2,210,fcf9351be7dab9559af1a3b9c986fe2cf37456ba80908e462dac832ba398700c,no,no,0.7122653722763062,0,2
opp115_data_retention,embed_large_logreg,0,4,211,f678cfdd7e9c0f3928c9f066039490ad2fa404de918d07e36115bdf6c4949d41,no,no,0.6301334500312805,0,2
opp115_data_retention,embed_large_logreg,0,1,212,32a41e20f9d847ef04f07df2b8622a480d1dece63261191cda3bb3996acd72d3,yes,yes,0.625518262386322,0,2
opp115_data_retention,embed_large_logreg,0,1,213,8ec9dc8ff6db732637848bb964f217566251e05b5c258dbbbd97c7eca79c0825,no,yes,0.526436984539032,0,2
opp115_data_retention,embed_large_logreg,0,1,214,c6627196674562989315bccb36804bae1115c2df68464968e8556abba6ca6fa1,no,no,0.7969461916967091,1,1
opp115_data_retention,embed_large_logreg,0,4,215,8f6572c828f9d34a2984a9e493510acace0a0962806968f2338456db9b64f909,yes,no,0.588978630632799,0,2
opp115_data_retention,embed_large_logreg,0,1,216,79705eaf61441ff37f6d5f11fa8666e9ff5564b4ee175daebaf8f1c6dabb226b,no,no,0.9012451566477457,1,1
opp115_data_retention,embed_large_logreg,0,3,217,579c64913914b83e0bfb518994954c4f9689ff6263b5fdda7696a61482e31b27,no,no,0.5629412103575829,0,2
opp115_data_retention,embed_large_logreg,0,1,218,52c3657ff1bfb928a7a3fa625c19d563556e3925b75890eb6b0b602df7ac91f3,yes,yes,0.7182926535606384,0,2
opp115_data_retention,embed_large_logreg,0,0,219,32fe73db251df3aa92db6a1a1c681bcd91e061358c14841e50814e1b413f3f19,no,no,0.7198090767803513,1,1
opp115_data_retention,embed_large_logreg,0,1,220,b1ccd2bb7370a2a763dad092f888f4e2a97f2f2935ba8fc5305bad5a7da03e91,no,no,0.6159259264447071,0,2
opp115_data_retention,embed_large_logreg,0,1,221,286dd9f430087d20ac2b2d1e5b2ffb027e6a3c17c8c712179d567e3f74262574,yes,yes,0.9327771067619324,1,1
opp115_data_retention,embed_large_logreg,0,0,222,7ae91b4e09b70faf3863bcdf2881b4370a1bdee1421be7b09a07b40ea31bbddd,yes,yes,0.949960470199585,1,1
opp115_data_retention,embed_large_logreg,0,2,223,46ab7b708623a654c3f4754e7de54d0f7f5262c25a56a9089ec4b0a06321e5ce,yes,no,0.6106285452842712,0,2
opp115_data_retention,embed_large_logreg,0,3,224,9ccbd99d243f6fccfdb5ade9893285b113a60399c981dd39f15468a92272b280,yes,yes,0.5291446447372437,0,2
opp115_data_retention,embed_large_logreg,0,2,225,dc2bcbcc57f6752c67ab7f8f29e23d38c5ab5f2b5853eceb626946f7fef43e63,yes,no,0.5619921088218689,0,2
opp115_data_retention,embed_large_logreg,0,2,226,ebd6ff5a40784887fd22e2a782aa8e6c5172416cd89da968f0a8ca8a1c587032,yes,yes,0.5400142073631287,0,2
opp115_data_retention,embed_large_logreg,0,1,227,d19696c556b2338e90c8b6ffeca489622dce2a164aafca75bb4404c204b35f14,no,no,0.732351042856245,0,2
opp115_data_retention,embed_large_logreg,0,1,228,231bd657c2964de6c6ea8a1d9437fd6afd87001f261f26031a982be996c8cdb2,no,no,0.987221421650092,1,1
opp115_data_retention,embed_large_logreg,0,4,229,07695545e4b0ac85eb721da8201b6633989f41219d0813c611a3b4b94e43300b,no,no,0.7260740399360657,1,1
opp115_data_retention,embed_large_logreg,0,0,230,07c588e0587dec8248cc485ba9c6576750efed45b3a5b316f1070256eab6fad1,no,yes,0.6022769808769226,0,2
opp115_data_retention,embed_large_logreg,0,3,231,7ff692472ae904d4710c1f7bd076cb8c695d0f94fb75da5726e98b4fc6f4745e,yes,no,0.5644256472587585,0,2
opp115_data_retention,embed_large_logreg,0,2,232,6976f37f3945036a2d6a03e8d1fda2d187b08666dcde5d5fb041ceeb3fad051d,no,yes,0.5408145189285278,0,2
opp115_data_retention,embed_large_logreg,0,3,233,24329a0a8cf39a8b9c64fb2e1a20cb53a03b54d4ec040ae95fdef41c0fe61c48,no,no,0.577664852142334,0,2
opp115_data_retention,embed_large_logreg,0,2,234,f84077447e66f9200b7a8102f0008b329629b65cd75e9c18d9a70e14f0e12b6d,yes,yes,0.9027010798454285,1,1
opp115_data_retention,embed_large_logreg,0,4,235,1e59f4141dad643b5759ddec3cf94ac691b5377cc52812cd4a13c121cc31d379,yes,no,0.5243567384587746,0,2
opp115_data_retention,embed_large_logreg,0,3,236,e278f2edce8b4e0802417192f137cf31f4d4f91e3b80757695952d1b52e2340a,yes,no,0.5191676771392726,0,2
opp115_data_retention,embed_large_logreg,0,2,237,01828d6aebf17dbb1ad67764d82b586f69e1acccc913ebb33a8dd70e22e17a55,no,no,0.7968230366233444,1,1
opp115_data_retention,embed_large_logreg,0,0,238,a655398af474837f8aea04a211d471f032e92a6dd95cde5aa013b3742aa07e2d,yes,yes,0.9840899109840393,1,1
opp115_data_retention,embed_large_logreg,0,1,239,804847995735f8dfa9797e268facbb80a5b434604065fdf81cb85fa16a925e3f,yes,no,0.5659853219985962,0,2
opp115_data_retention,embed_large_logreg,0,2,240,50b52ff785cc7ba25950a1e06086d5e1acf219d84091ca95765ec22900044578,yes,yes,0.7109857201576233,0,2
opp115_data_retention,embed_large_logreg,0,2,241,3f34b14ee060ce604c8fa33a42f0adbc49a3eef1ae996f5a64eba6b33e55d486,no,no,0.8942416773104418,1,1
opp115_data_retention,embed_large_logreg,0,0,242,ac38c4e75d9ead7df72ab064029c60831b86c70cc9cc2ef142ccc77103916c5a,no,yes,0.7861942648887634,1,1
opp115_data_retention,embed_large_logreg,0,1,243,ad34a91ff28db78f3828eee27f65dfc77194d18529b5c5a72f714c550a1bfee8,yes,no,0.6661541660473992,0,2
opp115_data_retention,embed_large_logreg,0,2,244,7f58b2111392f889922217ef5d4a11f5cede6eb86408b0140fbb832204f39c63,yes,no,0.5780866318370889,0,2
opp115_data_retention,embed_large_logreg,0,4,245,0f685ea5f05b7bd2894de89b143ea229c2ffa042482785574cb759d9a54bc06f,yes,yes,0.7794227004051208,1,1
opp115_data_retention,embed_large_logreg,0,0,246,ae9063afaaf895e06d6bc6fd779839bc111acb3ed9913ab2199c848f1581980d,yes,yes,0.7492339611053467,1,1
opp115_data_retention,embed_large_logreg,0,1,247,50a0e0ba2aca555b3c28b225f87b1942031bdabcf9d04f89dda1b39b96bd9b42,no,no,0.7476589456898288,0,2
opp115_data_retention,embed_large_logreg,0,2,248,e70de619913753bc42a24b74c19fa0f6d78b4f2065dd29cbdd1d094d8a1c4958,yes,yes,0.7888245582580566,1,1
opp115_data_retention,embed_large_logreg,0,3,249,38525a384cff0762f804e1a21a7b89ac657c8eab1c3a09f8da7f97a684ed8cbb,no,no,0.7735440019735098,1,1
opp115_data_retention,embed_large_logreg,0,1,250,a608d369acb8b39938b51bc67b06b14e46f4e7b30af9060ec12d40ec76a02693,no,yes,0.6859477758407593,0,2
opp115_data_retention,embed_large_logreg,0,3,251,b6849c5e7505d5ea81a96d7302dc64625027f1333fdd1ad5acdc5674a1356024,yes,yes,0.5614922642707825,0,2
opp115_data_retention,embed_large_logreg,0,1,252,2f62c54cbda8addbe6232f8471c0c55c65ddf75bd4f4201f20095a468a6d4a3f,yes,yes,0.5781219005584717,0,2
opp115_data_retention,embed_large_logreg,0,4,253,a7f9911c6c83b3445ee6ccbf2a64537355af6eda468b91834e1f28a39870328a,no,no,0.5281927585601807,0,2
opp115_data_retention,embed_large_logreg,0,3,254,331b1f34bbf6a523faaf139562c3206a26f73f76a0af24ccb8b7d410c5809648,yes,yes,0.5493329167366028,0,2
opp115_data_retention,embed_large_logreg,0,0,255,1e9d5bebd73b6b03196102c13d6398e9684f640319406b8cfd2182f5efec90e8,no,no,0.8164544701576233,1,1
opp115_data_retention,embed_large_logreg,0,1,256,c385be8e4dc911b9d1100018a19156fd997244226e0ad228c94cdf495b72c9c9,no,no,0.6048112927433463,0,2
opp115_data_retention,embed_large_logreg,0,0,257,f316ea31b0b9f52d7e58dea2321f7f1367c3b9713783bc8e8a54df26122cb53c,yes,yes,0.9229188561439514,1,1
opp115_data_retention,embed_large_logreg,0,3,258,f869eb75e9a1654c2216095771718fd988f6460ba8e79d76d0dda31b878d4a0f,yes,no,0.5632363725673072,0,2
opp115_data_retention,embed_large_logreg,0,4,259,9a18bf5bedcef58fb061941815a1dc4f26be41d24545b1dedc4a4cd9c3882dba,no,no,0.7176327919254539,1,1
opp115_data_retention,embed_large_logreg,0,4,260,7787497942b66196747d386679fb92dd42ec1ca9c3e6b38147ab015d42b529f9,yes,no,0.6430548429489136,0,2
opp115_data_retention,embed_large_logreg,0,3,261,00ac89c540730a3531332c3398cff49e8db87a948ea4434b63039bcb165b2c66,no,no,0.541225254535675,0,2
opp115_data_retention,embed_large_logreg,0,2,262,b3eaec0a573a24dbb3b21c0d97605c822ad645c92272d7e319ba9f7a8dd0a73d,yes,yes,0.641630232334137,0,2
opp115_data_retention,embed_large_logreg,0,0,263,83055255358a99afb2a4d5dfa1be49e9d6fd08fb4cf38447b4bedcb96fbaca8d,no,no,0.8940715326975515,1,1
opp115_data_retention,embed_large_logreg,0,3,264,6c7d9bce9289e4f305f3bc9a7102fc099f5e7104e35642b6ab9464a465815dde,no,no,0.6771417856216431,1,1
opp115_data_retention,embed_large_logreg,0,3,265,f0790f05da1a430476726fb1d935f7e771506db7ce34ebd7f8865c7b3ce9deaf,no,no,0.6077487649842729,1,1
opp115_data_retention,embed_large_logreg,0,4,266,6b6d1b46091d740d9c3bf0588df61c7c5df56a0200635bc1d29ea0280f4fb3c9,yes,yes,0.5510033369064331,0,2
opp115_data_retention,embed_large_logreg,0,2,267,5c6dba33e1a2705163733543bfde75d0e215a2360c17dbc9cf06ae0c153b6014,yes,yes,0.9150347709655762,1,1
opp115_data_retention,embed_large_logreg,0,0,268,097d257865b8010cfae87562ae3acd3cfdd11d628daf6eb19ef0fb02f8aa5cfd,no,no,0.9484309695427264,1,1
opp115_data_retention,embed_large_logreg,0,1,269,a7d0e7229ee813df0da48f22c8b9f7164d3d78eb630fe2d9c12c0b817523b0bd,yes,yes,0.9427569508552551,1,1
opp115_data_retention,embed_large_logreg,0,0,270,0585dd317c2fd60618e5b686ab9f9d98a1498248e25825af326df46675c317bb,no,no,0.7135827541351318,0,2
opp115_data_retention,embed_large_logreg,0,4,271,944fc9978a2a6b5e1ca37acc5b4274abb44dd61ceeb497332d87e0966bd5b850,no,yes,0.7258024215698242,1,1
opp115_data_retention,embed_large_logreg,0,0,272,6882433d496d02569b5744fb8aa186a9982b24c294237298ad5e876598182f8e,yes,no,0.5708550810813904,0,2
opp115_data_retention,embed_large_logreg,0,1,273,77d837bdb3945e037c6bc1e1ceffccf5972537d088e53139f85cd61a40ba32bb,no,yes,0.8245916366577148,1,1
opp115_data_retention,embed_large_logreg,0,3,274,ac03c789e91d566843ad44eee24526ca26c89d6e49ae164d8987eecfbffec7e0,no,no,0.7042131214078331,1,1
opp115_data_retention,embed_large_logreg,0,2,275,631509edaa82bfb9fe669ef2c49aab37a6a8b5ded6d502ee11e0982aa874f854,yes,yes,0.9240586161613464,1,1
opp115_data_retention,embed_large_logreg,0,0,276,a943897a4f2d7fe76699b0f268dd2dfd57ada734ac5a21bae2739666abe7d190,no,no,0.6505201458930969,0,2
opp115_data_retention,embed_large_logreg,0,0,277,e397b9fb3a1c4f92db03685edaf800fbcd4fc51e0b0121c1f0eebb6a868e6afe,no,no,0.7575654757748402,1,1
opp115_data_retention,embed_large_logreg,0,3,278,8c3bafbb5ff5851b2762dd74740a9378d5b1a8ee8e05b0195f923bdc8ecd18c8,no,no,0.6363437175750732,1,1
opp115_data_retention,embed_large_logreg,0,2,279,dff95303893a2a3012f5c89bd306f5e5ecdf1f4aeded9761df3aa3a04cc3e317,yes,no,0.594958919136492,0,2
opp115_data_retention,embed_large_logreg,0,1,280,7e39a80962a7f4e89e48e00fa790fd0fe9a679346f05446bc5648239a5551aa0,no,yes,0.6397228240966797,0,2
opp115_data_retention,embed_large_logreg,0,3,281,37026006daaf329041e125901210e0ed07673977b50ab75247530d80efcab30b,yes,no,0.5084254145622253,0,2
opp115_data_retention,embed_large_logreg,0,3,282,5a91dd4bf9e4d39f9bb845b50ecec4b500fa2c0314aab3146eb267953b009191,yes,yes,0.690439760684967,1,1
opp115_data_retention,embed_large_logreg,0,2,283,eee0077d4ac9d0305983ae7802727bf2185a52bc5a0ed3f9248da5977fb9122a,no,no,0.8837505578994751,1,1
opp115_data_retention,embed_large_logreg,0,0,284,e4a77beb5442f26027cc4c8e99456c5e2f3a51e71efb7986820a6eaa41688a2d,yes,yes,0.7907760143280029,1,1
opp115_data_retention,embed_large_logreg,0,2,285,5fb1ee934e23642de0a5dbffa00ae79d14f0668f5bfd41272c0f7608f3e65093,yes,yes,0.5957352519035339,0,2
opp115_data_retention,embed_large_logreg,0,0,286,0099b44663fb6e62c7e0e721a23c1a9d02a508dabfb9b2578697a893040f6288,no,yes,0.584720253944397,0,2
opp115_data_retention,embed_large_logreg,0,2,287,20fff12dbb9c94a47ff332d13ed9d2e47a8a20112eed351497b59496f4c96ebd,yes,yes,0.8987379670143127,1,1
opp115_data_retention,embed_large_logreg,0,1,288,a4050cf1e40640de6f219bf7c86291057a6cbee66710f4cd042edb07054c5be6,yes,yes,0.9125673174858093,1,1
opp115_data_retention,embed_large_logreg,0,2,289,320dcdb13784b37639fdafd0af9f079b25a6aa37dde118d245f2bc0104d6b690,no,no,0.8316847681999207,1,1
opp115_data_retention,embed_large_logreg,0,0,290,f5be7fd433b991df2123b66c275591e49ff85cb116360f92ee76067c29dbd12c,yes,yes,0.9842012524604797,1,1
opp115_data_retention,embed_large_logreg,0,2,291,e69d683bf0662b37561b1eb6e1eadbe3dbf2c0fc148cccd4119fa231a1917b46,no,no,0.7445864455525146,0,2
opp115_data_retention,embed_large_logreg,0,2,292,e71d0801d3af067794624eb24a6a7950f40c6f4d4085ac685a9a21cce1a77b6e,no,no,0.8325915336608887,1,1
opp115_data_retention,embed_large_logreg,0,0,293,1acb0285d3cfc413a7c38dc1ccf0f2c5a261adee395934e6349f4ff2c667ffc0,no,no,0.9149042367935181,1,1
opp115_data_retention,embed_large_logreg,0,2,294,444c17be4227f834a15ee572c9dafe389dcf10a58c327e9fd52cdeb52180525b,no,no,0.7587178462552704,1,1
opp115_data_retention,embed_large_logreg,0,3,295,5471e9917d6773e7cca7dfe6c1af9f17cab56f9e46c9fe79a2cb9f3b5aa78979,no,yes,0.5732491612434387,0,2
opp115_data_retention,embed_large_logreg,0,4,296,5989c62c021f0138063006ce222bbf64c49993ca3cc330a85b7de6251fd55d4a,no,no,0.7163500572338684,1,1
opp115_data_retention,embed_large_logreg,0,0,297,14bf42e067c5794d14a9be06281a809438d1eb4db47d247e3d427c04e7c7b7d8,no,no,0.6302683353424072,0,2
opp115_data_retention,embed_large_logreg,0,2,298,b15dc5db6c11da7e9e28ac8b682ecf14ea64add66b77475cc6a51d7ad4b6251f,no,no,0.7354474067687988,0,2
opp115_data_retention,embed_large_logreg,0,3,299,11ee9a0aa806f739c5dd8e99fdbcfd8cfb6d3432051f7807ebbce9705af60d4f,no,no,0.5810563564300537,0,2
opp115_data_retention,embed_large_logreg,0,2,300,78ea85a7c27cb91431dc8fe4ef5ca476168da0bfb1c2555b615c16afe4307bd1,yes,yes,0.5033078789710999,0,2
opp115_data_retention,embed_large_logreg,0,4,301,b69f6562a892fcf7ce6acd9e1ed4adf2cd4690cd068b2c75954e8b8cfe2b5d31,yes,yes,0.7585233449935913,1,1
opp115_data_retention,embed_large_logreg,0,4,302,07e78088b1f4bf413cb549c9e9b38ba43b6f611aa69c382daa758e1f0961be13,no,no,0.5827134673978845,0,2
opp115_data_retention,embed_large_logreg,0,4,303,77402fd1b3ae2f41ccc476fa26f6f353a8f2c28874c13d0d780f12c0ab3dbda7,yes,yes,0.8444048166275024,1,1
opp115_data_retention,embed_large_logreg,1,0,0,e783d6e5426c4d132ca1198992b63a2b77013808d63e267b499744a4c5d1b11b,yes,yes,0.5681045651435852,0,2
opp115_data_retention,embed_large_logreg,1,4,1,ca069ace0fea7074fac7e44b33121935734dd94f589cc9069a738b5884a0f116,no,yes,0.6134650111198425,0,2
opp115_data_retention,embed_large_logreg,1,2,2,94284e1d7b10fa6117e24745885f4a5c871d995ca98a16179c63cacb7e9c8618,no,no,0.5082641839981079,0,2
opp115_data_retention,embed_large_logreg,1,0,3,ee7f763b4da0bbf780148ff43363b2a907297b4f98c76d7c1e1d2869878a70f8,yes,yes,0.6577367186546326,0,2
opp115_data_retention,embed_large_logreg,1,2,4,be54e70c44eb94e44c82413eb316abd303bc0920653e459cc81b65dc610c2c47,yes,no,0.5581093860235993,0,2
opp115_data_retention,embed_large_logreg,1,4,5,bae4eb887d877f453aee88d3761b630e4bc7ff917be76cb60950cca3ae6c909d,yes,yes,0.5241153240203857,0,2
opp115_data_retention,embed_large_logreg,1,0,6,ffcbe512035ce904259b64a9212131a8ddb5ef6916eb7f217c64a5658bd672fd,yes,yes,0.8724544644355774,1,1
opp115_data_retention,embed_large_logreg,1,1,7,9e061b3940805235e0301ddc59cdad769cb39c4672fdac340725b065cca9eb76,no,no,0.6305348873138428,0,2
opp115_data_retention,embed_large_logreg,1,3,8,11dbaf4848acf49d21fffc81b9b0ac39e736808cb102bd24ec485e1c9793ead1,no,no,0.5904034200190479,0,2
opp115_data_retention,embed_large_logreg,1,4,9,b35466aaf2aa88600ce3febc4691f6c33a5a185d118a53da03fd134b474427c7,yes,no,0.5093036738245584,0,2
opp115_data_retention,embed_large_logreg,1,1,10,8c3c2305b0edd2dfbd80ae024d68bf853a2ba001d7e139e796ceed9ab18138b0,yes,no,0.5053135307226637,0,2
opp115_data_retention,embed_large_logreg,1,2,11,b7123b7c303c69d4e87a4030ed741d9f0ca824b638aab5f65596e20ab0d8c4dd,yes,yes,0.5116603374481201,0,2
opp115_data_retention,embed_large_logreg,1,0,12,3a03588f9a14326961809e8f32642ea962dc8708b9b78b365afdda60e89ef739,yes,yes,0.5966810584068298,0,2
opp115_data_retention,embed_large_logreg,1,3,13,31bf37f8261b9238c62d1bc86ac8e76cca50a7903aa58122cc6fda4e44cded97,yes,no,0.7081662627508123,1,1
opp115_data_retention,embed_large_logreg,1,4,14,83aee36651f00dedd70cbd9dcad609997907b62cd9bf83a6c3ff2ec5e8d4da27,yes,yes,0.9228959083557129,1,1
opp115_data_retention,embed_large_logreg,1,2,15,0ec789dd289a49bedd0b0b3266a7cffd2be138f7eab28a474b082a4e010735a2,yes,no,0.5429556531594888,0,2
opp115_data_retention,embed_large_logreg,1,1,16,393eae997b97caa2cf9a1da91b63d15664dcaddb694220702d9a143ce913b7a8,no,yes,0.6707762479782104,0,2
opp115_data_retention,embed_large_logreg,1,4,17,54c18021f0b5bdd5418fb5f0ae5fa39e1a0754b3d7cf800324e8103487e5cf23,no,yes,0.6019924879074097,0,2
opp115_data_retention,embed_large_logreg,1,2,18,03f51ff145336e8b0b3740f93f96fe8af81eb409dffb118976a1aacf863ec171,no,yes,0.531470775604248,0,2
opp115_data_retention,embed_large_logreg,1,1,19,c89c69b4178c8e62694dbbec4c5ed66aeb0fe5c55e301599ef066e3c3b4385f9,no,yes,0.5551121830940247,0,2
opp115_data_retention,embed_large_logreg,1,4,20,8c3716bcecd879ddf0f8827a6cbc7a3abc6d6a93b2089dd3ff73b38ddf0001e1,yes,yes,0.5424119234085083,0,2
opp115_data_retention,embed_large_logreg,1,2,21,f15bd4dacb8cb1b84e653d23e7fe124f64a891cc8707ea67a161980021a3b418,no,no,0.7782129281226673,1,1
opp115_data_retention,embed_large_logreg,1,3,22,8f4f45d8a36971e3c0f25e096cde795561185b99b9e955438faba7a4d9fef7ca,yes,yes,0.6202555894851685,0,2
opp115_data_retention,embed_large_logreg,1,4,23,21eac8a720e29bc551d3c8df3375045370305435e24faa05b1d987ac9375d91e,yes,yes,0.5618113875389099,0,2
opp115_data_retention,embed_large_logreg,1,2,24,0dd0744922c1b1301ec97c32fe0ad034feab74cddd8fbda70c8f9ef34b1984cd,yes,yes,0.5292502641677856,0,2
opp115_data_retention,embed_large_logreg,1,0,25,3fca71487f4cb96371c3aa5abdec8e2b540353f8e48d378f45873ae178857cc7,yes,yes,0.5068936944007874,0,2
opp115_data_retention,embed_large_logreg,1,1,26,dfe28276bb0dea301638082a29d464d5b991277d523df29efae965421e87545a,yes,yes,0.7931852340698242,1,1
opp115_data_retention,embed_large_logreg,1,1,27,8659994e0d17820ba141784fed4d0c18349ac65ec3723701527ef343db9ba2c1,yes,yes,0.6827200055122375,1,1
opp115_data_retention,embed_large_logreg,1,3,28,ac53d5dac4ea34e954ef4a4c00be85ca1da5b5fc8eb4c64c48283a7577095425,no,no,0.6013439714508065,0,2
opp115_data_retention,embed_large_logreg,1,3,29,357a57196be8d969cfaf00bc58e3c97de8f72e1069c26ab0f58307d2cb1f9d5e,yes,yes,0.8320286870002747,1,1
opp115_data_retention,embed_large_logreg,1,0,30,7049bf1374796642411a05defe57eb86765db47de62248e00e4d77bcac1aee04,yes,no,0.5291613498080179,0,2
opp115_data_retention,embed_large_logreg,1,4,31,222418114ae837c0bd206440228b438f96014c6de64bdf072ca3006ccff9edef,yes,yes,0.7824299335479736,1,1
opp115_data_retention,embed_large_logreg,1,1,32,f757ac860de8bac9799d7d27ab9656bc254e26812f083c16a02936aa88791bbc,no,no,0.500138029452025,0,2
opp115_data_retention,embed_large_logreg,1,3,33,abc7c023b269931d630379941d539c55e5fa3c28b820a815a5c982c2631c347a,no,no,0.9532040180041638,1,1
opp115_data_retention,embed_large_logreg,1,3,34,7b32204f54e8ce396150ac1e8e02190e1403dc0cabd8a34f0561d5d7e93d436b,yes,yes,0.8480347394943237,1,1
opp115_data_retention,embed_large_logreg,1,0,35,fb2d529b248aa927f32f4656bd77156f68757ecc4f2c5fb3629b8a526b66b9b5,no,no,0.6808174252510071,0,2
opp115_data_retention,embed_large_logreg,1,3,36,7d2ec8df6e3c214c2a93de17d8a3bf0d6d26027cd9d0044c301dc63237fa3945,no,no,0.6777047514915466,0,2
opp115_data_retention,embed_large_logreg,1,3,37,9ea4ee0eb3d9d04cc9a8af0091829dfe1ab1eadb8752a5a3717462508654ec04,yes,yes,0.88175368309021,1,1
opp115_data_retention,embed_large_logreg,1,0,38,d77daaa5f063858c2906c7034002c097b5b47e32324c222526a7f3d8f02c5e83,no,yes,0.6414443850517273,0,2
opp115_data_retention,embed_large_logreg,1,3,39,ec4a7bd8ad197241c5da09accfc4e31ec5b38e08bef387e0f4331c37a83ba409,no,no,0.96660005326122,1,1
opp115_data_retention,embed_large_logreg,1,1,40,169f0b5e0d2932c82322740d6cd06b3021df2a4275d101bbed5152a0caec46f5,no,no,0.6379553269730606,0,2
opp115_data_retention,embed_large_logreg,1,0,41,3612cd825f0a2590279962431747097d0fbd3401192a8a62417ab05d87ff7cdc,no,no,0.8826770716706136,1,1
opp115_data_retention,embed_large_logreg,1,2,42,1c8146f855bf4280a45bbd60a4dd1aaf1d2462f0046648c27e23dc401581ad05,no,no,0.5143263339996338,0,2
opp115_data_retention,embed_large_logreg,1,1,43,60b00c02942a44883178b9d27e7722712a65e657f9aa8d7c70f8ed058831df55,no,yes,0.512607216835022,0,2
opp115_data_retention,embed_large_logreg,1,4,44,1b43600d724d025fee73e8dd3c3f6f6f83b2f2254ac3d807d4267fe457da1367,no,no,0.5658820698892454,0,2
opp115_data_retention,embed_large_logreg,1,2,45,1b425bddb73825802ebd5efb1770c952a4e9a9ade9939504b3214de4adbb127e,no,no,0.5825384259223938,1,1
opp115_data_retention,embed_large_logreg,1,3,46,14adf82ee0e3d6b6dfdd51d4d9647c2e6deb7e4569137c2c64156837745e8760,no,no,0.5535909102437171,0,2
opp115_data_retention,embed_large_logreg,1,0,47,943b0ad7763955e029b57dcfe7332b1e2eaf864f2607e3e69ac29c6ce7a999b7,no,no,0.8369410287422249,1,1
opp115_data_retention,embed_large_logreg,1,2,48,8f8364b2d3da12fe4295b94efb41660701eff5ff3ccd0f8330dbfff526bc2897,no,no,0.616012233972914,1,1
opp115_data_retention,embed_large_logreg,1,2,49,6890c79c65173038a805d631a4323d13802b1a084e9e43845b520355afab971c,yes,no,0.5884557787044115,1,1
opp115_data_retention,embed_large_logreg,1,1,50,30f86ee9ab5fc9b4faf8f83a1adc03eb5e79e7209a5d1555158c62b5d07db921,no,no,0.5951107563045396,0,2
opp115_data_retention,embed_large_logreg,1,3,51,f90c0ab836f55a0533b7c63c67a680a19e6febf6f64c800cb0e2330b3842b9e9,no,no,0.6286810040473938,0,2
opp115_data_retention,embed_large_logreg,1,4,52,f11f4e51a1a75b9616635de4a16c46b939966efe3ff9f57c2a10946ae6db0a24,yes,yes,0.6210156679153442,0,2
opp115_data_retention,embed_large_logreg,1,0,53,551d327f8c9be82c0678a13e918c66a1e4261f956d2c31921b9793392dc0fb96,no,no,0.9040359191295808,1,1
opp115_data_retention,embed_large_logreg,1,1,54,7639ec8effacba52f92d78e35873af81a3c909d1bcb7991c3dee8eb8cd155eb0,no,no,0.7466471417739136,1,1
opp115_data_retention,embed_large_logreg,1,4,55,3673e6ea57ecd4f466018707e593a4bdb9b7aef1644bff252a6f08d923f63e94,no,no,0.6133517026901245,0,2
opp115_data_retention,embed_large_logreg,1,1,56,6926dd609cf92d236cc7e7fa5da23576df2d87bc04d7e5abddc73b579061544b,yes,yes,0.7528790235519409,1,1
opp115_data_retention,embed_large_logreg,1,1,57,87174a10546e056f1c501b38df6beb64eb9d06a2e2a4b5ff08d40e522ecc8ca6,no,no,0.6512877747032709,0,2
opp115_data_retention,embed_large_logreg,1,2,58,3ba755901c58d9df7c1ba20b53e5b32b53ab34a6e9c50dbaa693d1f7b0488595,no,no,0.7170099998411537,1,1
opp115_data_retention,embed_large_logreg,1,1,59,057e0cd21f3f2d6f8ac7cc0f61244c4a688038e64aa3927b4911c6e6da385581,no,no,0.5127369165420532,0,2
opp115_data_retention,embed_large_logreg,1,2,60,f37843199faf0f23449b8c3794d5f872aa99c2b209afd10d0a95e32d3b24e389,yes,yes,0.6372314095497131,1,1
opp115_data_retention,embed_large_logreg,1,3,61,6ee61c9e44191e66fe010bd3648455dc5265a72fb87b3d7c5a8a93946094afbd,yes,yes,0.5764619708061218,0,2
opp115_data_retention,embed_large_logreg,1,2,62,ca1bb8ae943ee9c0661e965007a76f4432974abc8477582c8c6ccde3c5753505,yes,yes,0.6100571155548096,1,1
opp115_data_retention,embed_large_logreg,1,1,63,acb73fd801c1e421dd498e8b4bf3b9b54243d6505f12ba6260ac82bc8f768f2d,yes,no,0.5176963960437893,0,2
opp115_data_retention,embed_large_logreg,1,4,64,89b1f9976201dc2173e0bbdc34631faae2a8c790ba6da107d46e02ca87a08617,no,no,0.7352071781394727,1,1
opp115_data_retention,embed_large_logreg,1,0,65,2d7f91113988eaa8a6fc7bf434caf085a3ff857c610fdd7a70ad274b22cd61fe,yes,yes,0.6890708804130554,0,2
opp115_data_retention,embed_large_logreg,1,2,66,830329efa7f832e44e99f30030f4a9c15846e8b46fc521879633a9968097829d,yes,yes,0.5802894234657288,1,1
opp115_data_retention,embed_large_logreg,1,0,67,7ce9c26fb6b50a60fd9b2a6ef38fcde34bc68b2d1444bbe9f8ed3fea77f0b59e,no,no,0.8294344195554978,1,1
opp115_data_retention,embed_large_logreg,1,3,68,52f1898017e8ea0e0f71a60eee63f1dc2e5ef17b2456e445f969c030bb48f940,yes,yes,0.785078227519989,1,1
opp115_data_retention,embed_large_logreg,1,1,69,c67a4e4eaddb86e263afd6a612649b9485c97dae99f189639f96656b9087a012,no,yes,0.5023953914642334,0,2
opp115_data_retention,embed_large_logreg,1,1,70,4a68c4a3020aafbdb9c4c6c7c31d71b98e713e853b9cff1de6b14c1c38bc9f24,no,no,0.5292149939899145,0,2
opp115_data_retention,embed_large_logreg,1,0,71,eedaad9d24addceb170d0b20737c42cbbb718262f7b7f5613310ef3ea6e84a41,yes,yes,0.8635973334312439,1,1
opp115_data_retention,embed_large_logreg,1,1,72,c97186e083514b27770a49119fddd31b1ea91626f7cc343d194e4939cc504c62,yes,yes,0.6450525522232056,0,2
opp115_data_retention,embed_large_logreg,1,4,73,188d814cc1989645ed98960c18733a0b3819b7a5e68c6e14a2678017b393be96,no,yes,0.6500292420387268,0,2
opp115_data_retention,embed_large_logreg,1,3,74,87e15e4c3d53fbff03afef09d99be298396f7f93a460514045fb7cde9649fd1e,no,no,0.5316190123558044,0,2
opp115_data_retention,embed_large_logreg,1,2,75,18b1b534d366629f782db652c4bd4bb90f86a28a60fd65718523967f4f0524c6,no,no,0.502729192457473,0,2
opp115_data_retention,embed_large_logreg,1,3,76,fa803d00ce6546e8478457a6d52ab9b6d8c7630ac8851e1fc52d67f7fb53fed7,yes,no,0.5892781194829381,0,2
opp115_data_retention,embed_large_logreg,1,3,77,08a0b4c02c02ae6cdb3a9a27b5f233c6f7b885749d7ce00159fa175639f6dcaf,yes,yes,0.8900653719902039,1,1
opp115_data_retention,embed_large_logreg,1,4,78,f06dd627e030196b06ee963e24c2dc68097362ee8edf0e1b8f06345c991920c8,no,yes,0.5514926314353943,0,2
opp115_data_retention,embed_large_logreg,1,2,79,093e1aa7c495478f254786dbe3a579997e7d3d1e60f1a95f37825c5fb42a3587,yes,yes,0.6444939374923706,1,1
opp115_data_retention,embed_large_logreg,1,4,80,a9ce0f5db9dcfc9b61e4765e319b2b23ad2e83dad1801837b8f01cf5396bd079,yes,yes,0.9135714173316956,1,1
opp115_data_retention,embed_large_logreg,1,4,81,fe853791e43affc0b554bc15ac732e62d21598be47daeff71cff7c70fb3ace66,yes,yes,0.8327124118804932,1,1
opp115_data_retention,embed_large_logreg,1,2,82,8865d6dc769090f70b58a55fda31bb852e5f08b1c77b001d459bf988b50d86b9,yes,yes,0.6606496572494507,1,1
opp115_data_retention,embed_large_logreg,1,0,83,426332d37643f726b27481408434abcfc44dc8851f6c33cd5dd5632af590b1e7,no,no,0.618932027188898,0,2
opp115_data_retention,embed_large_logreg,1,2,84,a79935042d83fdf73a42c16202193b860ad3d5911ae723be591572b747a6b7e1,no,yes,0.5802318453788757,1,1
opp115_data_retention,embed_large_logreg,1,1,85,7ff692472ae904d4710c1f7bd076cb8c695d0f94fb75da5726e98b4fc6f4745e,yes,no,0.638379693031311,0,2
opp115_data_retention,embed_large_logreg,1,1,86,3923241ca81aae32e7fcdbef21d829ba2e206096e796fb081b28142af7f5dc37,no,no,0.5959800481796265,0,2
opp115_data_retention,embed_large_logreg,1,1,87,34bf5b6a41eaa2411a0ffe792091dd421bc56965d2270c7f03641ba1296ed2ea,no,no,0.7469986899792758,1,1
opp115_data_retention,embed_large_logreg,1,3,88,3e9d2c06dca818e7895dc62865bd1f351c76a6a9a2576ebd72d3c3d723933bec,yes,no,0.6588433980941772,0,2
opp115_data_retention,embed_large_logreg,1,0,89,90935d6dee8a77ca52d1b41a4960016c1f84e12aad956e07b67c47067fe621c0,no,yes,0.5205157995223999,0,2
opp115_data_retention,embed_large_logreg,1,0,90,6103e00dfc5b9fc89a1bbc7bca32c60908d3af246a737c3cb6ca752a3b8e4273,yes,yes,0.7163986563682556,0,2
opp115_data_retention,embed_large_logreg,1,0,91,10fd70c10966d05dfbdb4bd28d72e4d99e5b68a81e8201f2ed78f069887174bd,no,no,0.5811905264854431,0,2
opp115_data_retention,embed_large_logreg,1,2,92,8d527e2efc6a8cba2a09b999917ff3f57012ccb85c76b628e3986a189d0f806a,yes,yes,0.8349215388298035,1,1
opp115_data_retention,embed_large_logreg,1,2,93,8e7672199331041a2ffbadb8967b89b9584533bbefc1a8b1bdb06df30507a723,yes,yes,0.5122230052947998,0,2
opp115_data_retention,embed_large_logreg,1,4,94,60271a38ebd73a503d4d63a7d24736a191329fa4c2ceb064478b0385b89e3531,no,no,0.6483229398727417,0,2
opp115_data_retention,embed_large_logreg,1,3,95,a2f433b20215694a24eb8879748021883ff1a49cef93caad0f629fd8f089f68e,yes,yes,0.8610691428184509,1,1
opp115_data_retention,embed_large_logreg,1,3,96,00c26499d96234846a991a8b3863d4bf82feae4d04b77fc0410d3c5284e88e93,no,yes,0.5485953092575073,0,2
opp115_data_retention,embed_large_logreg,1,2,97,ae95ebca76c16e99e7d1de2c967de0ff8c61305f33f7896c0a229dbe7469bd22,yes,yes,0.6058015823364258,1,1
opp115_data_retention,embed_large_logreg,1,1,98,0e20e01a4fb7381675b2416a2e0129fd586a59aef87aa297fde7e7b33ba79b50,yes,yes,0.6844601631164551,1,1
opp115_data_retention,embed_large_logreg,1,3,99,d65f8be5d2d371519044d7daa6308a21fab28110dfa9283d6c6fc2a24d727b75,yes,yes,0.9479560256004333,1,1
opp115_data_retention,embed_large_logreg,1,0,100,a6826c796e514e13c24f3cd62fdaeb329b4e6a7a7c0fb49333ad9c42077d004e,no,yes,0.5160492658615112,0,2
opp115_data_retention,embed_large_logreg,1,2,101,ae273fb46b67ef555b02f6b977a7bd0ef24425d26b9b57628cedbde78fe0f8e9,no,no,0.7626573557057583,1,1
opp115_data_retention,embed_large_logreg,1,4,102,01e3acbc33bf15313b5880a87df86cbbf898f221efc438d21065a2487d90caa5,yes,yes,0.6966124773025513,1,1
opp115_data_retention,embed_large_logreg,1,2,103,a0794a8831efac02f0c596d7fdd4ccd5cc97370cddba1ad6ddea24575530fa1c,no,no,0.5398619174957275,0,2
opp115_data_retention,embed_large_logreg,1,3,104,61b9dffd6a6c84dfcb4ffa8e49c1c0ced89c2c586fd2c56b2197c65619d78b95,yes,yes,0.9846308827400208,1,1
opp115_data_retention,embed_large_logreg,1,3,105,24a215c96bf2875876591826ca6946592923950ca249a411067b3addcbe5ed53,no,no,0.5151980961800189,0,2
opp115_data_retention,embed_large_logreg,1,2,106,1a3457d784d82e13afbc9c92f5bf3cf8647142888d4ae6d381aa825881b2657d,yes,no,0.5327540477289543,0,2
opp115_data_retention,embed_large_logreg,1,1,107,12e2a92314750078e8927c6895d3e605483c3df2def7e09b9ab8bbc1854455b4,yes,yes,0.5754833817481995,0,2
opp115_data_retention,embed_large_logreg,1,2,108,89d4afba01413f4f026c08de5ab9c1a752ec1fa7bd7ad2ef5f1e405f15a07e83,yes,yes,0.61339271068573,1,1
opp115_data_retention,embed_large_logreg,1,4,109,1f839862705946b52e2163244afbaa70e2426147512f91860dc5601c5c2389bb,yes,yes,0.6322997808456421,0,2
opp115_data_retention,embed_large_logreg,1,4,110,935a7b863897a0ba0c8ad7901ed54fb2f12d631281676d3b3e3bf8aff853ade5,yes,no,0.6471729085691896,0,2
opp115_data_retention,embed_large_logreg,1,3,111,59c16506290887c7b0cddffcf2aa2e5f87747ee6e4f18ed8ee74e52fa2c008dc,yes,yes,0.9071328639984131,1,1
opp115_data_retention,embed_large_logreg,1,3,112,f64096926fb9c78f401fc0854671a223614422af71ed3a0685489963d966ac09,yes,no,0.5199401533585832,0,2
opp115_data_retention,embed_large_logreg,1,0,113,2bc01bdcffae3876a8c7f082fd32fd529e78059380437c09551033b584275815,yes,yes,0.9025676250457764,1,1
opp115_data_retention,embed_large_logreg,1,4,114,4065a65416309e59bf310015b8b8efcc430db139973fb86d117f93e768031bc3,no,no,0.5622486043646515,0,2
opp115_data_retention,embed_large_logreg,1,1,115,48d314a42dbe9fa058aca1dfb87bcf56f418fe9874699c1489237577f246b045,yes,no,0.5690994262695312,0,2
opp115_data_retention,embed_large_logreg,1,4,116,2ca25fd3736fd80ab90b2254eb3d425b036dcd4e9e62e4360386e416c9deab76,yes,yes,0.8541169762611389,1,1
opp115_data_retention,embed_large_logreg,1,2,117,1161be58ea49ebc7fce1b9054d77589bb5307b3d56d34a516c160490929e414d,no,yes,0.529637336730957,0,2
opp115_data_retention,embed_large_logreg,1,0,118,414440c3a3ddf73ddf10106fd36a5cacfce9fd199ec8a7b46ee44844418507b6,yes,yes,0.552845299243927,0,2
opp115_data_retention,embed_large_logreg,1,4,119,0570fb4811b2e51a3e0641efb5a520396a092d396550cdaaafa76fd1dac4a726,no,no,0.5909103751182556,0,2
opp115_data_retention,embed_large_logreg,1,0,120,021c61c2b34b795a0959f5f7b9354579eaecfcf1f64d296e334113a271188ae6,no,no,0.7445165889109198,1,1
opp115_data_retention,embed_large_logreg,1,1,121,57bc9e8962d8c99f668d7b81efe244628bddf539fcf66d74483a90c984c2c5c6,no,no,0.7838926911354065,1,1
opp115_data_retention,embed_large_logreg,1,4,122,447ae551bbd401748cb52fffaa7c3f115ce1dffe28c99efe5dc9dc0d38122e4f,no,no,0.7037385911863623,1,1
opp115_data_retention,embed_large_logreg,1,1,123,085b13c1eb4bd3144c896064ba632a965391017f9345f3085f1b98209c91afdf,yes,yes,0.8763417601585388,1,1
opp115_data_retention,embed_large_logreg,1,1,124,e4482c06dbe65a91bf1c1f134d6c0e1558da84dd5b5e12594c08686b3eddc8a3,yes,yes,0.9529328942298889,1,1
opp115_data_retention,embed_large_logreg,1,1,125,a9782bc9bc1c192c7edcab363fd4afb1b36914cdf9dafc5b0a12a0823a025886,no,no,0.646013617515564,0,2
opp115_data_retention,embed_large_logreg,1,4,126,b2a84f40bc79374e0543efa4424fae4d57188002eda7fd63f02dc333becbea83,no,no,0.7020080298783788,1,1
opp115_data_retention,embed_large_logreg,1,2,127,088f49e7378b28bce726054b67e2fabf46daf9e8d352e2a1228c22cf0fac683f,yes,yes,0.7182356715202332,1,1
opp115_data_retention,embed_large_logreg,1,3,128,93bf89a1de994e270413193fcbbcddc3491dcce4054e367a7c1d74c169ad4b14,no,no,0.9457795514265498,1,1
opp115_data_retention,embed_large_logreg,1,0,129,b6bad323bdb4a1398adcba0b0c816828e25650472c3a77d2d6b19f655dab819b,no,no,0.6974422723817149,0,2
opp115_data_retention,embed_large_logreg,1,3,130,d5ecccdb1813c7c945c958ccb2c108cfcb2a7bd8707476f5f1365e825a0ad246,yes,yes,0.6431799530982971,0,2
opp115_data_retention,embed_large_logreg,1,2,131,7df5b7ffb7936618b90ec589b9e3fbc2842e1ff8869ad45b308533577fd77d86,yes,yes,0.6793482899665833,1,1
opp115_data_retention,embed_large_logreg,1,1,132,7ebb25afa192ba9160052426ef3b16f9c49812cb556a72816da619716925449f,yes,yes,0.9235218167304993,1,1
opp115_data_retention,embed_large_logreg,1,2,133,d267bda3f7daabde7131ec43fd663b7f38ebcd905b34ddcac52e23248e63f754,no,no,0.6602874398231506,1,1
opp115_data_retention,embed_large_logreg,1,4,134,8ebe484f8aa9fbd1ab3ffff75a73d134e929f509b531bf7d550cd2fbafb24fdf,yes,yes,0.8276527523994446,1,1
opp115_data_retention,embed_large_logreg,1,4,135,9d6da06849780c6cf3a06b96df57fcbef807a25b5373dd15334941d35b8f6a78,yes,yes,0.6178998947143555,0,2
opp115_data_retention,embed_large_logreg,1,1,136,9256ff8336f43973ac32483cf4a485168f7281caab039c91aa5ec45e7042acd1,yes,yes,0.8451871871948242,1,1
opp115_data_retention,embed_large_logreg,1,1,137,e08e585482b8d3906c0fcf66a5da160b9e819f25aac0e92c2086f5bd74b9f58c,yes,yes,0.9009448885917664,1,1
opp115_data_retention,embed_large_logreg,1,1,138,6fcf71b27d46f55ce193efc7f9afc04455f73116a9db84833f80e06f9ca50565,yes,yes,0.5816648006439209,0,2
opp115_data_retention,embed_large_logreg,1,2,139,c4b6d77aeaa5302389ac8f3608bfb27c4df1b76118cc8f54d2313c0a264133d5,yes,yes,0.656574547290802,1,1
opp115_data_retention,embed_large_logreg,1,0,140,275a4d4239c413d2e99aedb43348f0606ad8850f1db7dc4e3118c3b47065f91a,no,no,0.8143700118550655,1,1
opp115_data_retention,embed_large_logreg,1,0,141,8a20b838887a4c084a09c1abf0e23b8c9ca43c382e2bbfe5e69c3dfe3fa607cc,no,no,0.8414355767201059,1,1
opp115_data_retention,embed_large_logreg,1,0,142,d59761f593cdeec8646bc296f9d941e7e44cc354579e86fdca852baf273fc357,yes,yes,0.6549448370933533,0,2
opp115_data_retention,embed_large_logreg,1,0,143,e88625cea1e9848ab0c422dd31cb03bb37e230c04824f11aedb42e6256d88861,yes,yes,0.6995205283164978,0,2
opp115_data_retention,embed_large_logreg,1,0,144,472ac5ccf3636aa466c509158d54b8605d606563706d77f86728caf86b56828e,yes,no,0.7138400077819824,0,2
opp115_data_retention,embed_large_logreg,1,2,145,8b3ae3f08e20d45d17f031fd4b86caaca9a1df9e99e24770119d51d8f0ac3045,no,no,0.524634599685669,0,2
opp115_data_retention,embed_large_logreg,1,3,146,a47590671f0c8a96c36f7d6c9a24adea2693fe733ebba1c9966755e8a4662599,yes,no,0.5048521907583532,0,2
opp115_data_retention,embed_large_logreg,1,1,147,f499e421475ec682cadb46341e6d310462e81d20c890a16c9b4ad060534ed6d0,no,no,0.8474476211153326,1,1
opp115_data_retention,embed_large_logreg,1,4,148,f0cadbba69345266de6559680ae988e0fed4878bed5c0c92243e9d6d5d9f7bf6,no,no,0.6119236946105957,0,2
opp115_data_retention,embed_large_logreg,1,3,149,f321c837be3d158ef7ff42e4a5c07de189845d4d7b643c668200b64b5c207e56,no,no,0.8098843097686768,1,1
opp115_data_retention,embed_large_logreg,1,2,150,1676246f4b932466894e0b3d528e741e4f90b6762f68e0ababf10e220767ab49,yes,no,0.5996071696281433,1,1
opp115_data_retention,embed_large_logreg,1,4,151,619d8a38ba5513f1cec70851f3865bfadc53827c6747264023f10a362373d101,no,no,0.631252188421851,0,2
opp115_data_retention,embed_large_logreg,1,2,152,1b974e8954f0d9b48a91a29c0214076ca646d79b431e0a4492d19f30afef870c,no,no,0.5509252712406298,0,2
opp115_data_retention,embed_large_logreg,1,1,153,1b5aa100191a7360936d3578d1b9c3564918a79175346bc1ff23b914d46d70e8,no,yes,0.5159211158752441,0,2
opp115_data_retention,embed_large_logreg,1,2,154,1fc468ce0666d80d3a1c8e28b4d8988e6f57eb4ba403b9f180c648047c14fcb7,no,no,0.6580858826637268,1,1
opp115_data_retention,embed_large_logreg,1,2,155,2630c3c03b6464991051cceb40eb38f315ce523c5773801b2a3351439cc0170c,yes,yes,0.5689156651496887,1,1
opp115_data_retention,embed_large_logreg,1,4,156,a31f38cb747b69b44e923e5768a51ba824e616032b10029b3afa678eecd6732d,no,no,0.7629436140813886,1,1
opp115_data_retention,embed_large_logreg,1,4,157,ff1baeee0f8055c9e395e216bd36541aa63ad084b6059cee873347c1db25ddc0,yes,yes,0.7792189717292786,1,1
opp115_data_retention,embed_large_logreg,1,1,158,28546a833bc592ba4da981179283a48d9b8e32faed0b19dc3fbd8c7a7dd50f37,yes,yes,0.608103334903717,0,2
opp115_data_retention,embed_large_logreg,1,1,159,d410d20de93ec6d821438156036e88e141275e0728cbd81aa73889aeaaaaa0a5,no,no,0.7023645639419556,1,1
opp115_data_retention,embed_large_logreg,1,1,160,76c5c816c44786f5d8278d5c4344bd435d73b1ebc675162fd420b7577c9b34cb,no,no,0.8142961384996197,1,1
opp115_data_retention,embed_large_logreg,1,2,161,799451ec0744a90f7eb75457279c0ce6f460b9e3ce9926e51d1dbaf241d6ca78,yes,no,0.5397779941558838,0,2
opp115_data_retention,embed_large_logreg,1,3,162,551af7abca70932f3a0ef1229da16859dacbb33fcc413d4cd74833abb950ad33,yes,yes,0.7127155661582947,1,1
opp115_data_retention,embed_large_logreg,1,0,163,a6c7b7ef0cfcf9699e3078342794813b33930d6d73ef7b82d649e0cd79b1f9a6,yes,yes,0.7407022714614868,1,1
opp115_data_retention,embed_large_logreg,1,0,164,5a9e7a696d6ef019dd40f5984dd0ba98efccf5593166eaa0c496b20fa2746a76,yes,yes,0.9433500170707703,1,1
opp115_data_retention,embed_large_logreg,1,4,165,fb5bb7c3433b9471663a47edd44e1cdd1c25ed74aa2c172c37dd997d1e6c1852,no,no,0.523455023765564,0,2
opp115_data_retention,embed_large_logreg,1,1,166,78bb11f1743e056742c00c3df7250817a755dce1dd5835869a2fb8b84e3bc2a4,no,no,0.7916031001747117,1,1
opp115_data_retention,embed_large_logreg,1,4,167,1abf35a14e7951c638a92c72eb3e662003b16ef0ddd618560be900d5e64f25a6,no,no,0.5115405473572179,0,2
opp115_data_retention,embed_large_logreg,1,1,168,82f45f405a5e1d0c32c0aa4104f22d7551bc3a67281e641a11ac83effe659f98,no,no,0.686382273245386,1,1
opp115_data_retention,embed_large_logreg,1,3,169,5e45c583666bd2b302d372c46c671eef771afaf9528578e9829b226172636768,yes,yes,0.7546576857566833,1,1
opp115_data_retention,embed_large_logreg,1,4,170,a9542e9239ad9fa5fe798e6e26246771ac82a8b7005dad2341ca2ee512a27e28,no,no,0.7672186861271058,1,1
opp115_data_retention,embed_large_logreg,1,4,171,771b749f5c9ba209d78db7f0ac0f63caa7967c12a2872244c725be1a6170e4bf,no,no,0.8612361889709178,1,1
opp115_data_retention,embed_large_logreg,1,1,172,6429e704b1b7bc0c3244e81a91fde9ed92188025964f1d2d310b93923729cfe4,no,no,0.7047569155693054,1,1
opp115_data_retention,embed_large_logreg,1,3,173,2199e3232e265ca67a9644ec81e95b1cb53aa0ad77d8e5f28f54888d985eb153,no,yes,0.5522289276123047,0,2
opp115_data_retention,embed_large_logreg,1,3,174,168c1f8fe9461bd4e50ddb2ced4e38f5b32927ec525c32ef3ef9caf4aac4f36c,yes,yes,0.7969020009040833,1,1
opp115_data_retention,embed_large_logreg,1,2,175,7fbc3e8d046e40175885a2131dbd1d61a930c28a1180efc3a9547e585536f7f6,no,no,0.5748538374900818,1,1
opp115_data_retention,embed_large_logreg,1,1,176,501249f20fe324cd55375fb36b14e360a23882582f1ac569eeff4584126cfd87,yes,yes,0.5750609040260315,0,2
opp115_data_retention,embed_large_logreg,1,4,177,12bcae560154d423083c35b272770f335f9553357e5869fb43154ccdf33846db,yes,yes,0.8259785771369934,1,1
opp115_data_retention,embed_large_logreg,1,0,178,d36e9685d44e56c9f78953fa6aaf57669c968b49cd0fe0a1745152927c8d4130,no,no,0.7908784629273644,1,1
opp115_data_retention,embed_large_logreg,1,4,179,65714301dfdbca9f00d701048d1fbf28fce86f25343fcdbcdbf0d9d1b38ccaed,yes,yes,0.8448053002357483,1,1
opp115_data_retention,embed_large_logreg,1,2,180,56b4f2662bf4174e7b8c2938a99ec052b918ce8e1e887eb5cfa74512d3e8093f,yes,yes,0.6169926524162292,1,1
opp115_data_retention,embed_large_logreg,1,0,181,786c88cca6c8382022ca97c03b2d0527fed556aefda3e38cac2bab6ffe58dc7e,no,no,0.9746859887544659,1,1
opp115_data_retention,embed_large_logreg,1,0,182,4ecbddf240d7a5766bcfe8d2590717e74dac0e70abd05993cd0430fc1d16186d,no,no,0.5588164329528809,0,2
opp115_data_retention,embed_large_logreg,1,0,183,1bf325cb55644bf9f3fae7c85dbe467894de54012da4fa9b66d6a3a22673b41d,yes,yes,0.653876006603241,0,2
opp115_data_retention,embed_large_logreg,1,3,184,1ea805b1eea1cacd586e1eee0f3cfe197a35d7e32fb03708c3c497f723298775,no,no,0.8583203086006688,1,1
opp115_data_retention,embed_large_logreg,1,4,185,19a13f3eb97a89ca1ef1b119b1c9367a382e7060b09a82f69b1e4e35a3c13204,no,no,0.642716646194458,0,2
opp115_data_retention,embed_large_logreg,1,1,186,425e3ff0ff4eca4cfa77f598fe216971b57633e8ef911f861dc04886f4c049e2,no,no,0.709649541686489,1,1
opp115_data_retention,embed_large_logreg,1,4,187,243100889954d3e9c45757d0a63cf23a39a1b2cf49a14ee10f84c234f5996315,no,no,0.5380761027336121,0,2
opp115_data_retention,embed_large_logreg,1,0,188,a062207fb7a531517ea76930d66bb278f5f2ef789cb4451458d1cf34cce4ab36,no,no,0.9067478382605576,1,1
opp115_data_retention,embed_large_logreg,1,1,189,f98e4b656bc0472164c8d54bfdea68ac9091e88ce8b774ed0038896f2cf18427,yes,yes,0.6086578369140625,0,2
opp115_data_retention,embed_large_logreg,1,2,190,ef7a61507dbd56bbdd5333070f23449cc1050797c8e0ea36826e0dc081f6e86c,no,no,0.6534403562545776,1,1
opp115_data_retention,embed_large_logreg,1,0,191,c64822a69e008ced686015ff70e24a6247ef6b472ebe88d75d02e646aabca2cd,yes,yes,0.9172167778015137,1,1
opp115_data_retention,embed_large_logreg,1,3,192,c1502e008f774444d032c5dc418fa6dd1bb36626176c5bdd47028e51f7d5470d,no,no,0.7246012091636658,1,1
opp115_data_retention,embed_large_logreg,1,3,193,494df37378cf8f74264182865f738cc77f8aaf4fdcc9814a86f99a17f131b2c9,yes,yes,0.8619996309280396,1,1
opp115_data_retention,embed_large_logreg,1,0,194,e7bc4ee0cfffa4fec28bcc2e49a2f7152ccfd743b63cad48404579f5346c9a69,no,no,0.9516677437660795,1,1
opp115_data_retention,embed_large_logreg,1,1,195,9df22399a60ca5da1e856dcb80c9e8e91c896e4712694be92ec80dae5d669dc7,yes,yes,0.8828669786453247,1,1
opp115_data_retention,embed_large_logreg,1,1,196,484cce2ad834362e2ccb3d4894efcae1dfdf44224b918aece53c17203e3dbff2,yes,no,0.6044832468032837,0,2
opp115_data_retention,embed_large_logreg,1,0,197,e822d4f401a34b07af4ed5395f92f976cdc7b0ce397e1c2ffced1c937c81d2ec,yes,no,0.509187475120648,0,2
opp115_data_retention,embed_large_logreg,1,1,198,57a74ccfcfe7608c6f4350d2552457ccbdd2eb9ba720641c524fd09bc5598fe2,yes,yes,0.8146360516548157,1,1
opp115_data_retention,embed_large_logreg,1,1,199,1fab31543ccbbb32cdadd46142e45a56f35e1d1e3450b5b59654008ee2c58452,no,yes,0.5678291916847229,0,2
opp115_data_retention,embed_large_logreg,1,1,200,2e8ae1b53bbd23b3cdf5e510ad01501a6c3c77c83c76edc9d6220387694b3146,yes,yes,0.7091656923294067,1,1
opp115_data_retention,embed_large_logreg,1,3,201,3004082ff910b7c447da1693b12bc592c912baba20a3f7fa3d8856806981f07d,yes,yes,0.6569502353668213,0,2
opp115_data_retention,embed_large_logreg,1,2,202,b3cb815b0e314945f81b1e51e706918ed3fa4180164a7815cb8d50075cf7dd77,no,no,0.5591569972289503,0,2
opp115_data_retention,embed_large_logreg,1,2,203,afe6b4fcda20339effa6c437b8dddb0737ca5774f21b675e10cee4edcb0b2ba6,no,yes,0.5861014723777771,1,1
opp115_data_retention,embed_large_logreg,1,0,204,425e6f8fb17f0976e13e4561a405d2be1bf2feaa4d817ac2d139387146f3bd31,no,no,0.7772691730071728,1,1
opp115_data_retention,embed_large_logreg,1,0,205,9e4ba9ac193a5b11eed78ae6cf09f456a4bf6cbeb6b7ecc8edbdc4eb64b40ee6,yes,yes,0.8255606889724731,1,1
opp115_data_retention,embed_large_logreg,1,1,206,01aedd6fb8f591d73f87602fc32e2eb3f589628586199ae0a08ea28cc0095f28,yes,yes,0.737194836139679,1,1
opp115_data_retention,embed_large_logreg,1,0,207,cfa624403984bc99aecc9847407eddcedb97c357900a09f4b366afb61186bb7e,yes,yes,0.6283338665962219,0,2
opp115_data_retention,embed_large_logreg,1,0,208,deb1609f9680931ac921c3f39ec34329f8267411177d3d90aa9ef55f56a7b498,no,no,0.8383466005325317,1,1
opp115_data_retention,embed_large_logreg,1,2,209,268317cace58fd35238bcdc0b1215a3d8e099f45eeff329dd80dde5b2353fc8d,yes,yes,0.6130343079566956,1,1
opp115_data_retention,embed_large_logreg,1,0,210,fcf9351be7dab9559af1a3b9c986fe2cf37456ba80908e462dac832ba398700c,no,no,0.7139981985092163,0,2
opp115_data_retention,embed_large_logreg,1,2,211,f678cfdd7e9c0f3928c9f066039490ad2fa404de918d07e36115bdf6c4949d41,no,no,0.5804651379585266,1,1
opp115_data_retention,embed_large_logreg,1,3,212,32a41e20f9d847ef04f07df2b8622a480d1dece63261191cda3bb3996acd72d3,yes,no,0.5035064370485078,0,2
opp115_data_retention,embed_large_logreg,1,3,213,8ec9dc8ff6db732637848bb964f217566251e05b5c258dbbbd97c7eca79c0825,no,no,0.5203808546066284,0,2
opp115_data_retention,embed_large_logreg,1,1,214,c6627196674562989315bccb36804bae1115c2df68464968e8556abba6ca6fa1,no,no,0.6899237632751465,1,1
opp115_data_retention,embed_large_logreg,1,0,215,8f6572c828f9d34a2984a9e493510acace0a0962806968f2338456db9b64f909,yes,yes,0.68450528383255,0,2
opp115_data_retention,embed_large_logreg,1,0,216,79705eaf61441ff37f6d5f11fa8666e9ff5564b4ee175daebaf8f1c6dabb226b,no,no,0.908558772376794,1,1
opp115_data_retention,embed_large_logreg,1,3,217,579c64913914b83e0bfb518994954c4f9689ff6263b5fdda7696a61482e31b27,no,no,0.5003710836061512,0,2
opp115_data_retention,embed_large_logreg,1,3,218,52c3657ff1bfb928a7a3fa625c19d563556e3925b75890eb6b0b602df7ac91f3,yes,yes,0.8045961260795593,1,1
opp115_data_retention,embed_large_logreg,1,2,219,32fe73db251df3aa92db6a1a1c681bcd91e061358c14841e50814e1b413f3f19,no,no,0.5413300829729413,0,2
opp115_data_retention,embed_large_logreg,1,0,220,b1ccd2bb7370a2a763dad092f888f4e2a97f2f2935ba8fc5305bad5a7da03e91,no,no,0.7855242490768433,1,1
opp115_data_retention,embed_large_logreg,1,0,221,286dd9f430087d20ac2b2d1e5b2ffb027e6a3c17c8c712179d567e3f74262574,yes,yes,0.8479444980621338,1,1
opp115_data_retention,embed_large_logreg,1,0,222,7ae91b4e09b70faf3863bcdf2881b4370a1bdee1421be7b09a07b40ea31bbddd,yes,yes,0.9394717216491699,1,1
opp115_data_retention,embed_large_logreg,1,3,223,46ab7b708623a654c3f4754e7de54d0f7f5262c25a56a9089ec4b0a06321e5ce,yes,no,0.5946877598762512,0,2
opp115_data_retention,embed_large_logreg,1,2,224,9ccbd99d243f6fccfdb5ade9893285b113a60399c981dd39f15468a92272b280,yes,yes,0.5671693086624146,1,1
opp115_data_retention,embed_large_logreg,1,4,225,dc2bcbcc57f6752c67ab7f8f29e23d38c5ab5f2b5853eceb626946f7fef43e63,yes,yes,0.5620927214622498,0,2
opp115_data_retention,embed_large_logreg,1,2,226,ebd6ff5a40784887fd22e2a782aa8e6c5172416cd89da968f0a8ca8a1c587032,yes,no,0.5104402455818726,0,2
opp115_data_retention,embed_large_logreg,1,2,227,d19696c556b2338e90c8b6ffeca489622dce2a164aafca75bb4404c204b35f14,no,no,0.5511373281478882,0,2
opp115_data_retention,embed_large_logreg,1,3,228,231bd657c2964de6c6ea8a1d9437fd6afd87001f261f26031a982be996c8cdb2,no,no,0.9917707156903183,1,1
opp115_data_retention,embed_large_logreg,1,3,229,07695545e4b0ac85eb721da8201b6633989f41219d0813c611a3b4b94e43300b,no,no,0.7045391201972961,1,1
opp115_data_retention,embed_large_logreg,1,2,230,07c588e0587dec8248cc485ba9c6576750efed45b3a5b316f1070256eab6fad1,no,no,0.5466744736828066,0,2
opp115_data_retention,embed_large_logreg,1,1,231,7ff692472ae904d4710c1f7bd076cb8c695d0f94fb75da5726e98b4fc6f4745e,yes,no,0.638379693031311,0,2
opp115_data_retention,embed_large_logreg,1,2,232,6976f37f3945036a2d6a03e8d1fda2d187b08666dcde5d5fb041ceeb3fad051d,no,no,0.5125409960746765,0,2
opp115_data_retention,embed_large_logreg,1,3,233,24329a0a8cf39a8b9c64fb2e1a20cb53a03b54d4ec040ae95fdef41c0fe61c48,no,no,0.8019364119153145,1,1
opp115_data_retention,embed_large_logreg,1,4,234,f84077447e66f9200b7a8102f0008b329629b65cd75e9c18d9a70e14f0e12b6d,yes,yes,0.8174720406532288,1,1
opp115_data_retention,embed_large_logreg,1,2,235,1e59f4141dad643b5759ddec3cf94ac691b5377cc52812cd4a13c121cc31d379,yes,no,0.5611799955368042,0,2
opp115_data_retention,embed_large_logreg,1,4,236,e278f2edce8b4e0802417192f137cf31f4d4f91e3b80757695952d1b52e2340a,yes,yes,0.5682123303413391,0,2
opp115_data_retention,embed_large_logreg,1,3,237,01828d6aebf17dbb1ad67764d82b586f69e1acccc913ebb33a8dd70e22e17a55,no,no,0.7154781222343445,1,1
opp115_data_retention,embed_large_logreg,1,3,238,a655398af474837f8aea04a211d471f032e92a6dd95cde5aa013b3742aa07e2d,yes,yes,0.9785940647125244,1,1
opp115_data_retention,embed_large_logreg,1,0,239,804847995735f8dfa9797e268facbb80a5b434604065fdf81cb85fa16a925e3f,yes,yes,0.5297071933746338,0,2
opp115_data_retention,embed_large_logreg,1,4,240,50b52ff785cc7ba25950a1e06086d5e1acf219d84091ca95765ec22900044578,yes,yes,0.5851419568061829,0,2
opp115_data_retention,embed_large_logreg,1,3,241,3f34b14ee060ce604c8fa33a42f0adbc49a3eef1ae996f5a64eba6b33e55d486,no,no,0.9289185197148058,1,1
opp115_data_retention,embed_large_logreg,1,3,242,ac38c4e75d9ead7df72ab064029c60831b86c70cc9cc2ef142ccc77103916c5a,no,yes,0.769667387008667,1,1
opp115_data_retention,embed_large_logreg,1,0,243,ad34a91ff28db78f3828eee27f65dfc77194d18529b5c5a72f714c550a1bfee8,yes,no,0.6671326359251927,0,2
opp115_data_retention,embed_large_logreg,1,1,244,7f58b2111392f889922217ef5d4a11f5cede6eb86408b0140fbb832204f39c63,yes,no,0.665279746055603,0,2
opp115_data_retention,embed_large_logreg,1,4,245,0f685ea5f05b7bd2894de89b143ea229c2ffa042482785574cb759d9a54bc06f,yes,yes,0.7062182426452637,1,1
opp115_data_retention,embed_large_logreg,1,0,246,ae9063afaaf895e06d6bc6fd779839bc111acb3ed9913ab2199c848f1581980d,yes,yes,0.5220431089401245,0,2
opp115_data_retention,embed_large_logreg,1,0,247,50a0e0ba2aca555b3c28b225f87b1942031bdabcf9d04f89dda1b39b96bd9b42,no,no,0.6860810313796689,0,2
opp115_data_retention,embed_large_logreg,1,1,248,e70de619913753bc42a24b74c19fa0f6d78b4f2065dd29cbdd1d094d8a1c4958,yes,yes,0.7612026929855347,1,1
opp115_data_retention,embed_large_logreg,1,4,249,38525a384cff0762f804e1a21a7b89ac657c8eab1c3a09f8da7f97a684ed8cbb,no,no,0.8788514733314514,1,1
opp115_data_retention,embed_large_logreg,1,3,250,a608d369acb8b39938b51bc67b06b14e46f4e7b30af9060ec12d40ec76a02693,no,no,0.530572549419777,0,2
opp115_data_retention,embed_large_logreg,1,1,251,b6849c5e7505d5ea81a96d7302dc64625027f1333fdd1ad5acdc5674a1356024,yes,yes,0.6491633057594299,0,2
opp115_data_retention,embed_large_logreg,1,0,252,2f62c54cbda8addbe6232f8471c0c55c65ddf75bd4f4201f20095a468a6d4a3f,yes,yes,0.7721813321113586,1,1
opp115_data_retention,embed_large_logreg,1,2,253,a7f9911c6c83b3445ee6ccbf2a64537355af6eda468b91834e1f28a39870328a,no,yes,0.5357801914215088,0,2
opp115_data_retention,embed_large_logreg,1,2,254,331b1f34bbf6a523faaf139562c3206a26f73f76a0af24ccb8b7d410c5809648,yes,yes,0.5541908740997314,0,2
opp115_data_retention,embed_large_logreg,1,3,255,1e9d5bebd73b6b03196102c13d6398e9684f640319406b8cfd2182f5efec90e8,no,no,0.8855887651443481,1,1
opp115_data_retention,embed_large_logreg,1,0,256,c385be8e4dc911b9d1100018a19156fd997244226e0ad228c94cdf495b72c9c9,no,no,0.8429888957293497,1,1
opp115_data_retention,embed_large_logreg,1,4,257,f316ea31b0b9f52d7e58dea2321f7f1367c3b9713783bc8e8a54df26122cb53c,yes,yes,0.8203564882278442,1,1
opp115_data_retention,embed_large_logreg,1,4,258,f869eb75e9a1654c2216095771718fd988f6460ba8e79d76d0dda31b878d4a0f,yes,no,0.6066669225692749,0,2
opp115_data_retention,embed_large_logreg,1,3,259,9a18bf5bedcef58fb061941815a1dc4f26be41d24545b1dedc4a4cd9c3882dba,no,no,0.8160874125944464,1,1
opp115_data_retention,embed_large_logreg,1,2,260,7787497942b66196747d386679fb92dd42ec1ca9c3e6b38147ab015d42b529f9,yes,no,0.6045365929603577,1,1
opp115_data_retention,embed_large_logreg,1,4,261,00ac89c540730a3531332c3398cff49e8db87a948ea4434b63039bcb165b2c66,no,yes,0.5332334637641907,0,2
opp115_data_retention,embed_large_logreg,1,4,262,b3eaec0a573a24dbb3b21c0d97605c822ad645c92272d7e319ba9f7a8dd0a73d,yes,yes,0.7265190482139587,1,1
opp115_data_retention,embed_large_logreg,1,1,263,83055255358a99afb2a4d5dfa1be49e9d6fd08fb4cf38447b4bedcb96fbaca8d,no,no,0.8429520130157471,1,1
opp115_data_retention,embed_large_logreg,1,3,264,6c7d9bce9289e4f305f3bc9a7102fc099f5e7104e35642b6ab9464a465815dde,no,no,0.8960284657480453,1,1
opp115_data_retention,embed_large_logreg,1,1,265,f0790f05da1a430476726fb1d935f7e771506db7ce34ebd7f8865c7b3ce9deaf,no,no,0.6871170792842781,1,1
opp115_data_retention,embed_large_logreg,1,4,266,6b6d1b46091d740d9c3bf0588df61c7c5df56a0200635bc1d29ea0280f4fb3c9,yes,yes,0.531932532787323,0,2
opp115_data_retention,embed_large_logreg,1,2,267,5c6dba33e1a2705163733543bfde75d0e215a2360c17dbc9cf06ae0c153b6014,yes,yes,0.6602542996406555,1,1
opp115_data_retention,embed_large_logreg,1,4,268,097d257865b8010cfae87562ae3acd3cfdd11d628daf6eb19ef0fb02f8aa5cfd,no,no,0.7220963024468332,1,1
opp115_data_retention,embed_large_logreg,1,4,269,a7d0e7229ee813df0da48f22c8b9f7164d3d78eb630fe2d9c12c0b817523b0bd,yes,yes,0.8003430366516113,1,1
opp115_data_retention,embed_large_logreg,1,0,270,0585dd317c2fd60618e5b686ab9f9d98a1498248e25825af326df46675c317bb,no,no,0.831381487378754,1,1
opp115_data_retention,embed_large_logreg,1,2,271,944fc9978a2a6b5e1ca37acc5b4274abb44dd61ceeb497332d87e0966bd5b850,no,yes,0.610536515712738,1,1
opp115_data_retention,embed_large_logreg,1,3,272,6882433d496d02569b5744fb8aa186a9982b24c294237298ad5e876598182f8e,yes,yes,0.5237735509872437,0,2
opp115_data_retention,embed_large_logreg,1,1,273,77d837bdb3945e037c6bc1e1ceffccf5972537d088e53139f85cd61a40ba32bb,no,yes,0.7374953031539917,1,1
opp115_data_retention,embed_large_logreg,1,4,274,ac03c789e91d566843ad44eee24526ca26c89d6e49ae164d8987eecfbffec7e0,no,no,0.7722376469934338,1,1
opp115_data_retention,embed_large_logreg,1,3,275,631509edaa82bfb9fe669ef2c49aab37a6a8b5ded6d502ee11e0982aa874f854,yes,yes,0.9362277388572693,1,1
opp115_data_retention,embed_large_logreg,1,0,276,a943897a4f2d7fe76699b0f268dd2dfd57ada734ac5a21bae2739666abe7d190,no,no,0.7755820982331663,1,1
opp115_data_retention,embed_large_logreg,1,2,277,e397b9fb3a1c4f92db03685edaf800fbcd4fc51e0b0121c1f0eebb6a868e6afe,no,no,0.5807182615781349,1,1
opp115_data_retention,embed_large_logreg,1,3,278,8c3bafbb5ff5851b2762dd74740a9378d5b1a8ee8e05b0195f923bdc8ecd18c8,no,no,0.8923189507079281,1,1
opp115_data_retention,embed_large_logreg,1,3,279,dff95303893a2a3012f5c89bd306f5e5ecdf1f4aeded9761df3aa3a04cc3e317,yes,yes,0.500250518321991,0,2
opp115_data_retention,embed_large_logreg,1,4,280,7e39a80962a7f4e89e48e00fa790fd0fe9a679346f05446bc5648239a5551aa0,no,yes,0.5504785180091858,0,2
opp115_data_retention,embed_large_logreg,1,4,281,37026006daaf329041e125901210e0ed07673977b50ab75247530d80efcab30b,yes,no,0.5403663516044617,0,2
opp115_data_retention,embed_large_logreg,1,4,282,5a91dd4bf9e4d39f9bb845b50ecec4b500fa2c0314aab3146eb267953b009191,yes,yes,0.7681335210800171,1,1
opp115_data_retention,embed_large_logreg,1,4,283,eee0077d4ac9d0305983ae7802727bf2185a52bc5a0ed3f9248da5977fb9122a,no,no,0.6338081548752831,0,2
opp115_data_retention,embed_large_logreg,1,0,284,e4a77beb5442f26027cc4c8e99456c5e2f3a51e71efb7986820a6eaa41688a2d,yes,yes,0.7922075390815735,1,1
opp115_data_retention,embed_large_logreg,1,0,285,5fb1ee934e23642de0a5dbffa00ae79d14f0668f5bfd41272c0f7608f3e65093,yes,yes,0.558967113494873,0,2
opp115_data_retention,embed_large_logreg,1,2,286,0099b44663fb6e62c7e0e721a23c1a9d02a508dabfb9b2578697a893040f6288,no,yes,0.5322906970977783,0,2
opp115_data_retention,embed_large_logreg,1,1,287,20fff12dbb9c94a47ff332d13ed9d2e47a8a20112eed351497b59496f4c96ebd,yes,yes,0.7286778092384338,1,1
opp115_data_retention,embed_large_logreg,1,3,288,a4050cf1e40640de6f219bf7c86291057a6cbee66710f4cd042edb07054c5be6,yes,yes,0.9081444144248962,1,1
opp115_data_retention,embed_large_logreg,1,0,289,320dcdb13784b37639fdafd0af9f079b25a6aa37dde118d245f2bc0104d6b690,no,no,0.8575715763100512,1,1
opp115_data_retention,embed_large_logreg,1,1,290,f5be7fd433b991df2123b66c275591e49ff85cb116360f92ee76067c29dbd12c,yes,yes,0.9369027018547058,1,1
opp115_data_retention,embed_large_logreg,1,3,291,e69d683bf0662b37561b1eb6e1eadbe3dbf2c0fc148cccd4119fa231a1917b46,no,no,0.8669805785113746,1,1
opp115_data_retention,embed_large_logreg,1,4,292,e71d0801d3af067794624eb24a6a7950f40c6f4d4085ac685a9a21cce1a77b6e,no,no,0.7325838208198547,1,1
opp115_data_retention,embed_large_logreg,1,1,293,1acb0285d3cfc413a7c38dc1ccf0f2c5a261adee395934e6349f4ff2c667ffc0,no,no,0.8323926677586834,1,1
opp115_data_retention,embed_large_logreg,1,3,294,444c17be4227f834a15ee572c9dafe389dcf10a58c327e9fd52cdeb52180525b,no,no,0.6879312992095947,1,1
opp115_data_retention,embed_large_logreg,1,3,295,5471e9917d6773e7cca7dfe6c1af9f17cab56f9e46c9fe79a2cb9f3b5aa78979,no,no,0.6128787811732656,0,2
opp115_data_retention,embed_large_logreg,1,4,296,5989c62c021f0138063006ce222bbf64c49993ca3cc330a85b7de6251fd55d4a,no,no,0.6476996541023254,0,2
opp115_data_retention,embed_large_logreg,1,0,297,14bf42e067c5794d14a9be06281a809438d1eb4db47d247e3d427c04e7c7b7d8,no,no,0.6667836904525757,0,2
opp115_data_retention,embed_large_logreg,1,2,298,b15dc5db6c11da7e9e28ac8b682ecf14ea64add66b77475cc6a51d7ad4b6251f,no,no,0.5619966816307103,0,2
opp115_data_retention,embed_large_logreg,1,4,299,11ee9a0aa806f739c5dd8e99fdbcfd8cfb6d3432051f7807ebbce9705af60d4f,no,no,0.6133332435289992,0,2
opp115_data_retention,embed_large_logreg,1,2,300,78ea85a7c27cb91431dc8fe4ef5ca476168da0bfb1c2555b615c16afe4307bd1,yes,yes,0.5274824500083923,0,2
opp115_data_retention,embed_large_logreg,1,1,301,b69f6562a892fcf7ce6acd9e1ed4adf2cd4690cd068b2c75954e8b8cfe2b5d31,yes,yes,0.7218579649925232,1,1
opp115_data_retention,embed_large_logreg,1,2,302,07e78088b1f4bf413cb549c9e9b38ba43b6f611aa69c382daa758e1f0961be13,no,no,0.5007003396540779,0,2
opp115_data_retention,embed_large_logreg,1,0,303,77402fd1b3ae2f41ccc476fa26f6f353a8f2c28874c13d0d780f12c0ab3dbda7,yes,yes,0.880925178527832,1,1
opp115_data_retention,embed_large_logreg,2,1,0,e783d6e5426c4d132ca1198992b63a2b77013808d63e267b499744a4c5d1b11b,yes,yes,0.5208901762962341,0,2
opp115_data_retention,embed_large_logreg,2,0,1,ca069ace0fea7074fac7e44b33121935734dd94f589cc9069a738b5884a0f116,no,yes,0.6381741762161255,0,2
opp115_data_retention,embed_large_logreg,2,0,2,94284e1d7b10fa6117e24745885f4a5c871d995ca98a16179c63cacb7e9c8618,no,no,0.5233975052833557,0,2
opp115_data_retention,embed_large_logreg,2,2,3,ee7f763b4da0bbf780148ff43363b2a907297b4f98c76d7c1e1d2869878a70f8,yes,yes,0.5154953002929688,1,1
opp115_data_retention,embed_large_logreg,2,0,4,be54e70c44eb94e44c82413eb316abd303bc0920653e459cc81b65dc610c2c47,yes,no,0.6700836420059204,0,2
opp115_data_retention,embed_large_logreg,2,0,5,bae4eb887d877f453aee88d3761b630e4bc7ff917be76cb60950cca3ae6c909d,yes,yes,0.538422167301178,0,2
opp115_data_retention,embed_large_logreg,2,4,6,ffcbe512035ce904259b64a9212131a8ddb5ef6916eb7f217c64a5658bd672fd,yes,yes,0.8668195605278015,1,1
opp115_data_retention,embed_large_logreg,2,4,7,9e061b3940805235e0301ddc59cdad769cb39c4672fdac340725b065cca9eb76,no,yes,0.551423192024231,0,2
opp115_data_retention,embed_large_logreg,2,3,8,11dbaf4848acf49d21fffc81b9b0ac39e736808cb102bd24ec485e1c9793ead1,no,no,0.7345564146472092,1,1
opp115_data_retention,embed_large_logreg,2,4,9,b35466aaf2aa88600ce3febc4691f6c33a5a185d118a53da03fd134b474427c7,yes,yes,0.6025282740592957,0,2
opp115_data_retention,embed_large_logreg,2,3,10,8c3c2305b0edd2dfbd80ae024d68bf853a2ba001d7e139e796ceed9ab18138b0,yes,yes,0.5325836539268494,0,2
opp115_data_retention,embed_large_logreg,2,0,11,b7123b7c303c69d4e87a4030ed741d9f0ca824b638aab5f65596e20ab0d8c4dd,yes,no,0.504457101093021,0,2
opp115_data_retention,embed_large_logreg,2,1,12,3a03588f9a14326961809e8f32642ea962dc8708b9b78b365afdda60e89ef739,yes,yes,0.7294350862503052,0,2
opp115_data_retention,embed_large_logreg,2,2,13,31bf37f8261b9238c62d1bc86ac8e76cca50a7903aa58122cc6fda4e44cded97,yes,no,0.5167340194205647,1,1
opp115_data_retention,embed_large_logreg,2,2,14,83aee36651f00dedd70cbd9dcad609997907b62cd9bf83a6c3ff2ec5e8d4da27,yes,yes,0.5563713908195496,1,1
opp115_data_retention,embed_large_logreg,2,3,15,0ec789dd289a49bedd0b0b3266a7cffd2be138f7eab28a474b082a4e010735a2,yes,yes,0.5351141691207886,0,2
opp115_data_retention,embed_large_logreg,2,3,16,393eae997b97caa2cf9a1da91b63d15664dcaddb694220702d9a143ce913b7a8,no,yes,0.6805973649024963,0,2
opp115_data_retention,embed_large_logreg,2,4,17,54c18021f0b5bdd5418fb5f0ae5fa39e1a0754b3d7cf800324e8103487e5cf23,no,no,0.5251705803027922,0,2
opp115_data_retention,embed_large_logreg,2,2,18,03f51ff145336e8b0b3740f93f96fe8af81eb409dffb118976a1aacf863ec171,no,yes,0.5032551884651184,0,2
opp115_data_retention,embed_large_logreg,2,4,19,c89c69b4178c8e62694dbbec4c5ed66aeb0fe5c55e301599ef066e3c3b4385f9,no,yes,0.5785006880760193,0,2
opp115_data_retention,embed_large_logreg,2,4,20,8c3716bcecd879ddf0f8827a6cbc7a3abc6d6a93b2089dd3ff73b38ddf0001e1,yes,no,0.612541299684605,0,2
opp115_data_retention,embed_large_logreg,2,0,21,f15bd4dacb8cb1b84e653d23e7fe124f64a891cc8707ea67a161980021a3b418,no,no,0.9760810082252267,1,1
opp115_data_retention,embed_large_logreg,2,2,22,8f4f45d8a36971e3c0f25e096cde795561185b99b9e955438faba7a4d9fef7ca,yes,yes,0.5041508078575134,0,2
opp115_data_retention,embed_large_logreg,2,4,23,21eac8a720e29bc551d3c8df3375045370305435e24faa05b1d987ac9375d91e,yes,yes,0.6086843013763428,0,2
opp115_data_retention,embed_large_logreg,2,3,24,0dd0744922c1b1301ec97c32fe0ad034feab74cddd8fbda70c8f9ef34b1984cd,yes,yes,0.6136382818222046,0,2
opp115_data_retention,embed_large_logreg,2,0,25,3fca71487f4cb96371c3aa5abdec8e2b540353f8e48d378f45873ae178857cc7,yes,yes,0.5090879797935486,0,2
opp115_data_retention,embed_large_logreg,2,4,26,dfe28276bb0dea301638082a29d464d5b991277d523df29efae965421e87545a,yes,yes,0.9549738764762878,1,1
opp115_data_retention,embed_large_logreg,2,2,27,8659994e0d17820ba141784fed4d0c18349ac65ec3723701527ef343db9ba2c1,yes,yes,0.5097793936729431,1,1
opp115_data_retention,embed_large_logreg,2,3,28,ac53d5dac4ea34e954ef4a4c00be85ca1da5b5fc8eb4c64c48283a7577095425,no,no,0.5334555506706238,0,2
opp115_data_retention,embed_large_logreg,2,2,29,357a57196be8d969cfaf00bc58e3c97de8f72e1069c26ab0f58307d2cb1f9d5e,yes,yes,0.5094470977783203,1,1
opp115_data_retention,embed_large_logreg,2,1,30,7049bf1374796642411a05defe57eb86765db47de62248e00e4d77bcac1aee04,yes,no,0.5382143098648098,0,2
opp115_data_retention,embed_large_logreg,2,1,31,222418114ae837c0bd206440228b438f96014c6de64bdf072ca3006ccff9edef,yes,yes,0.863266110420227,1,1
opp115_data_retention,embed_large_logreg,2,2,32,f757ac860de8bac9799d7d27ab9656bc254e26812f083c16a02936aa88791bbc,no,no,0.5040264279850253,0,2
opp115_data_retention,embed_large_logreg,2,4,33,abc7c023b269931d630379941d539c55e5fa3c28b820a815a5c982c2631c347a,no,no,0.9650942934887858,1,1
opp115_data_retention,embed_large_logreg,2,2,34,7b32204f54e8ce396150ac1e8e02190e1403dc0cabd8a34f0561d5d7e93d436b,yes,yes,0.5310545563697815,1,1
opp115_data_retention,embed_large_logreg,2,4,35,fb2d529b248aa927f32f4656bd77156f68757ecc4f2c5fb3629b8a526b66b9b5,no,no,0.6601929467858986,0,2
opp115_data_retention,embed_large_logreg,2,3,36,7d2ec8df6e3c214c2a93de17d8a3bf0d6d26027cd9d0044c301dc63237fa3945,no,no,0.6568841338157654,0,2
opp115_data_retention,embed_large_logreg,2,0,37,9ea4ee0eb3d9d04cc9a8af0091829dfe1ab1eadb8752a5a3717462508654ec04,yes,yes,0.9117109775543213,1,1
opp115_data_retention,embed_large_logreg,2,3,38,d77daaa5f063858c2906c7034002c097b5b47e32324c222526a7f3d8f02c5e83,no,no,0.8202937841415405,1,1
opp115_data_retention,embed_large_logreg,2,3,39,ec4a7bd8ad197241c5da09accfc4e31ec5b38e08bef387e0f4331c37a83ba409,no,no,0.9274103503315099,1,1
opp115_data_retention,embed_large_logreg,2,4,40,169f0b5e0d2932c82322740d6cd06b3021df2a4275d101bbed5152a0caec46f5,no,no,0.5152910947799683,0,2
opp115_data_retention,embed_large_logreg,2,1,41,3612cd825f0a2590279962431747097d0fbd3401192a8a62417ab05d87ff7cdc,no,no,0.5888432264328003,0,2
opp115_data_retention,embed_large_logreg,2,3,42,1c8146f855bf4280a45bbd60a4dd1aaf1d2462f0046648c27e23dc401581ad05,no,no,0.6205478310585022,0,2
opp115_data_retention,embed_large_logreg,2,4,43,60b00c02942a44883178b9d27e7722712a65e657f9aa8d7c70f8ed058831df55,no,yes,0.5753088593482971,0,2
opp115_data_retention,embed_large_logreg,2,3,44,1b43600d724d025fee73e8dd3c3f6f6f83b2f2254ac3d807d4267fe457da1367,no,yes,0.5079728960990906,0,2
opp115_data_retention,embed_large_logreg,2,3,45,1b425bddb73825802ebd5efb1770c952a4e9a9ade9939504b3214de4adbb127e,no,no,0.8127715587615967,1,1
opp115_data_retention,embed_large_logreg,2,0,46,14adf82ee0e3d6b6dfdd51d4d9647c2e6deb7e4569137c2c64156837745e8760,no,no,0.6245277523994446,0,2
opp115_data_retention,embed_large_logreg,2,1,47,943b0ad7763955e029b57dcfe7332b1e2eaf864f2607e3e69ac29c6ce7a999b7,no,no,0.9103465608481573,1,1
opp115_data_retention,embed_large_logreg,2,4,48,8f8364b2d3da12fe4295b94efb41660701eff5ff3ccd0f8330dbfff526bc2897,no,no,0.883432348447271,1,1
opp115_data_retention,embed_large_logreg,2,3,49,6890c79c65173038a805d631a4323d13802b1a084e9e43845b520355afab971c,yes,no,0.8095970153808594,1,1
opp115_data_retention,embed_large_logreg,2,1,50,30f86ee9ab5fc9b4faf8f83a1adc03eb5e79e7209a5d1555158c62b5d07db921,no,no,0.6443125009536743,0,2
opp115_data_retention,embed_large_logreg,2,4,51,f90c0ab836f55a0533b7c63c67a680a19e6febf6f64c800cb0e2330b3842b9e9,no,no,0.7640626316657271,0,2
opp115_data_retention,embed_large_logreg,2,1,52,f11f4e51a1a75b9616635de4a16c46b939966efe3ff9f57c2a10946ae6db0a24,yes,yes,0.7568583488464355,0,2
opp115_data_retention,embed_large_logreg,2,2,53,551d327f8c9be82c0678a13e918c66a1e4261f956d2c31921b9793392dc0fb96,no,no,0.528381721031121,1,1
opp115_data_retention,embed_large_logreg,2,1,54,7639ec8effacba52f92d78e35873af81a3c909d1bcb7991c3dee8eb8cd155eb0,no,no,0.8867189818120078,1,1
opp115_data_retention,embed_large_logreg,2,2,55,3673e6ea57ecd4f466018707e593a4bdb9b7aef1644bff252a6f08d923f63e94,no,no,0.5130365047763736,1,1
opp115_data_retention,embed_large_logreg,2,3,56,6926dd609cf92d236cc7e7fa5da23576df2d87bc04d7e5abddc73b579061544b,yes,yes,0.9334600567817688,1,1
opp115_data_retention,embed_large_logreg,2,1,57,87174a10546e056f1c501b38df6beb64eb9d06a2e2a4b5ff08d40e522ecc8ca6,no,no,0.6455882787704468,0,2
opp115_data_retention,embed_large_logreg,2,1,58,3ba755901c58d9df7c1ba20b53e5b32b53ab34a6e9c50dbaa693d1f7b0488595,no,no,0.9295957476736065,1,1
opp115_data_retention,embed_large_logreg,2,3,59,057e0cd21f3f2d6f8ac7cc0f61244c4a688038e64aa3927b4911c6e6da385581,no,yes,0.64266437292099,0,2
opp115_data_retention,embed_large_logreg,2,2,60,f37843199faf0f23449b8c3794d5f872aa99c2b209afd10d0a95e32d3b24e389,yes,yes,0.5102202892303467,1,1
opp115_data_retention,embed_large_logreg,2,2,61,6ee61c9e44191e66fe010bd3648455dc5265a72fb87b3d7c5a8a93946094afbd,yes,yes,0.5027040839195251,0,2
opp115_data_retention,embed_large_logreg,2,1,62,ca1bb8ae943ee9c0661e965007a76f4432974abc8477582c8c6ccde3c5753505,yes,yes,0.6528038382530212,0,2
opp115_data_retention,embed_large_logreg,2,3,63,acb73fd801c1e421dd498e8b4bf3b9b54243d6505f12ba6260ac82bc8f768f2d,yes,yes,0.5379612445831299,0,2
opp115_data_retention,embed_large_logreg,2,1,64,89b1f9976201dc2173e0bbdc34631faae2a8c790ba6da107d46e02ca87a08617,no,no,0.8969121709005858,1,1
opp115_data_retention,embed_large_logreg,2,0,65,2d7f91113988eaa8a6fc7bf434caf085a3ff857c610fdd7a70ad274b22cd61fe,yes,yes,0.695627748966217,0,2
opp115_data_retention,embed_large_logreg,2,2,66,830329efa7f832e44e99f30030f4a9c15846e8b46fc521879633a9968097829d,yes,yes,0.5051608681678772,0,2
opp115_data_retention,embed_large_logreg,2,0,67,7ce9c26fb6b50a60fd9b2a6ef38fcde34bc68b2d1444bbe9f8ed3fea77f0b59e,no,no,0.860926496074699,1,1
opp115_data_retention,embed_large_logreg,2,0,68,52f1898017e8ea0e0f71a60eee63f1dc2e5ef17b2456e445f969c030bb48f940,yes,yes,0.8668779730796814,1,1
opp115_data_retention,embed_large_logreg,2,1,69,c67a4e4eaddb86e263afd6a612649b9485c97dae99f189639f96656b9087a012,no,no,0.829850686041276,1,1
opp115_data_retention,embed_large_logreg,2,4,70,4a68c4a3020aafbdb9c4c6c7c31d71b98e713e853b9cff1de6b14c1c38bc9f24,no,no,0.6231891512870789,0,2
opp115_data_retention,embed_large_logreg,2,2,71,eedaad9d24addceb170d0b20737c42cbbb718262f7b7f5613310ef3ea6e84a41,yes,yes,0.5297126173973083,1,1
opp115_data_retention,embed_large_logreg,2,3,72,c97186e083514b27770a49119fddd31b1ea91626f7cc343d194e4939cc504c62,yes,yes,0.7951580882072449,1,1
opp115_data_retention,embed_large_logreg,2,2,73,188d814cc1989645ed98960c18733a0b3819b7a5e68c6e14a2678017b393be96,no,yes,0.5158416628837585,1,1
opp115_data_retention,embed_large_logreg,2,1,74,87e15e4c3d53fbff03afef09d99be298396f7f93a460514045fb7cde9649fd1e,no,no,0.651405434268551,0,2
opp115_data_retention,embed_large_logreg,2,2,75,18b1b534d366629f782db652c4bd4bb90f86a28a60fd65718523967f4f0524c6,no,no,0.5045247077941895,0,2
opp115_data_retention,embed_large_logreg,2,0,76,fa803d00ce6546e8478457a6d52ab9b6d8c7630ac8851e1fc52d67f7fb53fed7,yes,no,0.8125889422385237,0,2
opp115_data_retention,embed_large_logreg,2,1,77,08a0b4c02c02ae6cdb3a9a27b5f233c6f7b885749d7ce00159fa175639f6dcaf,yes,yes,0.9571179747581482,1,1
opp115_data_retention,embed_large_logreg,2,1,78,f06dd627e030196b06ee963e24c2dc68097362ee8edf0e1b8f06345c991920c8,no,no,0.5397237378441173,0,2
opp115_data_retention,embed_large_logreg,2,1,79,093e1aa7c495478f254786dbe3a579997e7d3d1e60f1a95f37825c5fb42a3587,yes,yes,0.8312870860099792,1,1
opp115_data_retention,embed_large_logreg,2,0,80,a9ce0f5db9dcfc9b61e4765e319b2b23ad2e83dad1801837b8f01cf5396bd079,yes,yes,0.9847742915153503,1,1
opp115_data_retention,embed_large_logreg,2,0,81,fe853791e43affc0b554bc15ac732e62d21598be47daeff71cff7c70fb3ace66,yes,yes,0.9458395838737488,1,1
opp115_data_retention,embed_large_logreg,2,4,82,8865d6dc769090f70b58a55fda31bb852e5f08b1c77b001d459bf988b50d86b9,yes,yes,0.9344178438186646,1,1
opp115_data_retention,embed_large_logreg,2,2,83,426332d37643f726b27481408434abcfc44dc8851f6c33cd5dd5632af590b1e7,no,yes,0.5010203719139099,0,2
opp115_data_retention,embed_large_logreg,2,4,84,a79935042d83fdf73a42c16202193b860ad3d5911ae723be591572b747a6b7e1,no,yes,0.80687016248703,0,2
opp115_data_retention,embed_large_logreg,2,4,85,7ff692472ae904d4710c1f7bd076cb8c695d0f94fb75da5726e98b4fc6f4745e,yes,yes,0.5100117325782776,0,2
opp115_data_retention,embed_large_logreg,2,0,86,3923241ca81aae32e7fcdbef21d829ba2e206096e796fb081b28142af7f5dc37,no,no,0.5123660564422607,0,2
opp115_data_retention,embed_large_logreg,2,4,87,34bf5b6a41eaa2411a0ffe792091dd421bc56965d2270c7f03641ba1296ed2ea,no,no,0.870652901073502,1,1
opp115_data_retention,embed_large_logreg,2,4,88,3e9d2c06dca818e7895dc62865bd1f351c76a6a9a2576ebd72d3c3d723933bec,yes,no,0.6757593356299202,0,2
opp115_data_retention,embed_large_logreg,2,0,89,90935d6dee8a77ca52d1b41a4960016c1f84e12aad956e07b67c47067fe621c0,no,no,0.7033420591550452,0,2
opp115_data_retention,embed_large_logreg,2,4,90,6103e00dfc5b9fc89a1bbc7bca32c60908d3af246a737c3cb6ca752a3b8e4273,yes,yes,0.882575273513794,1,1
opp115_data_retention,embed_large_logreg,2,0,91,10fd70c10966d05dfbdb4bd28d72e4d99e5b68a81e8201f2ed78f069887174bd,no,no,0.5048210470431731,0,2
opp115_data_retention,embed_large_logreg,2,4,92,8d527e2efc6a8cba2a09b999917ff3f57012ccb85c76b628e3986a189d0f806a,yes,yes,0.9919911026954651,1,1
opp115_data_retention,embed_large_logreg,2,0,93,8e7672199331041a2ffbadb8967b89b9584533bbefc1a8b1bdb06df30507a723,yes,no,0.5840385978210391,0,2
opp115_data_retention,embed_large_logreg,2,3,94,60271a38ebd73a503d4d63a7d24736a191329fa4c2ceb064478b0385b89e3531,no,no,0.6382197737693787,0,2
opp115_data_retention,embed_large_logreg,2,1,95,a2f433b20215694a24eb8879748021883ff1a49cef93caad0f629fd8f089f68e,yes,yes,0.9100037217140198,1,1
opp115_data_retention,embed_large_logreg,2,2,96,00c26499d96234846a991a8b3863d4bf82feae4d04b77fc0410d3c5284e88e93,no,yes,0.5153340101242065,1,1
opp115_data_retention,embed_large_logreg,2,4,97,ae95ebca76c16e99e7d1de2c967de0ff8c61305f33f7896c0a229dbe7469bd22,yes,yes,0.8649424314498901,1,1
opp115_data_retention,embed_large_logreg,2,2,98,0e20e01a4fb7381675b2416a2e0129fd586a59aef87aa297fde7e7b33ba79b50,yes,no,0.5007520318031311,0,2
opp115_data_retention,embed_large_logreg,2,3,99,d65f8be5d2d371519044d7daa6308a21fab28110dfa9283d6c6fc2a24d727b75,yes,yes,0.9253048300743103,1,1
opp115_data_retention,embed_large_logreg,2,4,100,a6826c796e514e13c24f3cd62fdaeb329b4e6a7a7c0fb49333ad9c42077d004e,no,yes,0.5460948944091797,0,2
opp115_data_retention,embed_large_logreg,2,0,101,ae273fb46b67ef555b02f6b977a7bd0ef24425d26b9b57628cedbde78fe0f8e9,no,no,0.9518558205691013,1,1
opp115_data_retention,embed_large_logreg,2,2,102,01e3acbc33bf15313b5880a87df86cbbf898f221efc438d21065a2487d90caa5,yes,yes,0.5165868997573853,1,1
opp115_data_retention,embed_large_logreg,2,3,103,a0794a8831efac02f0c596d7fdd4ccd5cc97370cddba1ad6ddea24575530fa1c,no,no,0.5950336278964988,0,2
opp115_data_retention,embed_large_logreg,2,3,104,61b9dffd6a6c84dfcb4ffa8e49c1c0ced89c2c586fd2c56b2197c65619d78b95,yes,yes,0.9565550684928894,1,1
opp115_data_retention,embed_large_logreg,2,3,105,24a215c96bf2875876591826ca6946592923950ca249a411067b3addcbe5ed53,no,yes,0.5448912382125854,0,2
opp115_data_retention,embed_large_logreg,2,0,106,1a3457d784d82e13afbc9c92f5bf3cf8647142888d4ae6d381aa825881b2657d,yes,no,0.8088412405377812,0,2
opp115_data_retention,embed_large_logreg,2,3,107,12e2a92314750078e8927c6895d3e605483c3df2def7e09b9ab8bbc1854455b4,yes,yes,0.6179664731025696,0,2
opp115_data_retention,embed_large_logreg,2,2,108,89d4afba01413f4f026c08de5ab9c1a752ec1fa7bd7ad2ef5f1e405f15a07e83,yes,yes,0.5114551782608032,1,1
opp115_data_retention,embed_large_logreg,2,1,109,1f839862705946b52e2163244afbaa70e2426147512f91860dc5601c5c2389bb,yes,yes,0.7151908278465271,0,2
opp115_data_retention,embed_large_logreg,2,3,110,935a7b863897a0ba0c8ad7901ed54fb2f12d631281676d3b3e3bf8aff853ade5,yes,no,0.6480115056037903,0,2
opp115_data_retention,embed_large_logreg,2,1,111,59c16506290887c7b0cddffcf2aa2e5f87747ee6e4f18ed8ee74e52fa2c008dc,yes,yes,0.8566655516624451,1,1
opp115_data_retention,embed_large_logreg,2,4,112,f64096926fb9c78f401fc0854671a223614422af71ed3a0685489963d966ac09,yes,yes,0.5385768413543701,0,2
opp115_data_retention,embed_large_logreg,2,2,113,2bc01bdcffae3876a8c7f082fd32fd529e78059380437c09551033b584275815,yes,yes,0.5227324366569519,1,1
opp115_data_retention,embed_large_logreg,2,1,114,4065a65416309e59bf310015b8b8efcc430db139973fb86d117f93e768031bc3,no,no,0.611184340382089,0,2
opp115_data_retention,embed_large_logreg,2,1,115,48d314a42dbe9fa058aca1dfb87bcf56f418fe9874699c1489237577f246b045,yes,yes,0.5925487279891968,0,2
opp115_data_retention,embed_large_logreg,2,2,116,2ca25fd3736fd80ab90b2254eb3d425b036dcd4e9e62e4360386e416c9deab76,yes,yes,0.5359302759170532,1,1
opp115_data_retention,embed_large_logreg,2,0,117,1161be58ea49ebc7fce1b9054d77589bb5307b3d56d34a516c160490929e414d,no,no,0.7026435346199136,0,2
opp115_data_retention,embed_large_logreg,2,0,118,414440c3a3ddf73ddf10106fd36a5cacfce9fd199ec8a7b46ee44844418507b6,yes,yes,0.7984721660614014,0,2
opp115_data_retention,embed_large_logreg,2,4,119,0570fb4811b2e51a3e0641efb5a520396a092d396550cdaaafa76fd1dac4a726,no,no,0.7389177083969116,0,2
opp115_data_retention,embed_large_logreg,2,3,120,021c61c2b34b795a0959f5f7b9354579eaecfcf1f64d296e334113a271188ae6,no,no,0.7497674822807312,1,1
opp115_data_retention,embed_large_logreg,2,0,121,57bc9e8962d8c99f668d7b81efe244628bddf539fcf66d74483a90c984c2c5c6,no,no,0.8545957931070893,1,1
opp115_data_retention,embed_large_logreg,2,2,122,447ae551bbd401748cb52fffaa7c3f115ce1dffe28c99efe5dc9dc0d38122e4f,no,no,0.5214892029762268,1,1
opp115_data_retention,embed_large_logreg,2,3,123,085b13c1eb4bd3144c896064ba632a965391017f9345f3085f1b98209c91afdf,yes,yes,0.9705285429954529,1,1
opp115_data_retention,embed_large_logreg,2,0,124,e4482c06dbe65a91bf1c1f134d6c0e1558da84dd5b5e12594c08686b3eddc8a3,yes,yes,0.9917407035827637,1,1
opp115_data_retention,embed_large_logreg,2,2,125,a9782bc9bc1c192c7edcab363fd4afb1b36914cdf9dafc5b0a12a0823a025886,no,no,0.5146284699440002,1,1
opp115_data_retention,embed_large_logreg,2,0,126,b2a84f40bc79374e0543efa4424fae4d57188002eda7fd63f02dc333becbea83,no,no,0.815823805567977,0,2
opp115_data_retention,embed_large_logreg,2,0,127,088f49e7378b28bce726054b67e2fabf46daf9e8d352e2a1228c22cf0fac683f,yes,yes,0.954411506652832,1,1
opp115_data_retention,embed_large_logreg,2,1,128,93bf89a1de994e270413193fcbbcddc3491dcce4054e367a7c1d74c169ad4b14,no,no,0.8598455062531605,1,1
opp115_data_retention,embed_large_logreg,2,1,129,b6bad323bdb4a1398adcba0b0c816828e25650472c3a77d2d6b19f655dab819b,no,no,0.810411000562042,0,2
opp115_data_retention,embed_large_logreg,2,1,130,d5ecccdb1813c7c945c958ccb2c108cfcb2a7bd8707476f5f1365e825a0ad246,yes,yes,0.6894674897193909,0,2
opp115_data_retention,embed_large_logreg,2,2,131,7df5b7ffb7936618b90ec589b9e3fbc2842e1ff8869ad45b308533577fd77d86,yes,yes,0.5159440636634827,1,1
opp115_data_retention,embed_large_logreg,2,0,132,7ebb25afa192ba9160052426ef3b16f9c49812cb556a72816da619716925449f,yes,yes,0.9847012758255005,1,1
opp115_data_retention,embed_large_logreg,2,3,133,d267bda3f7daabde7131ec43fd663b7f38ebcd905b34ddcac52e23248e63f754,no,no,0.9291831712546472,1,1
opp115_data_retention,embed_large_logreg,2,1,134,8ebe484f8aa9fbd1ab3ffff75a73d134e929f509b531bf7d550cd2fbafb24fdf,yes,yes,0.8813139796257019,1,1
opp115_data_retention,embed_large_logreg,2,0,135,9d6da06849780c6cf3a06b96df57fcbef807a25b5373dd15334941d35b8f6a78,yes,yes,0.7651263475418091,0,2
opp115_data_retention,embed_large_logreg,2,1,136,9256ff8336f43973ac32483cf4a485168f7281caab039c91aa5ec45e7042acd1,yes,yes,0.8940069079399109,1,1
opp115_data_retention,embed_large_logreg,2,3,137,e08e585482b8d3906c0fcf66a5da160b9e819f25aac0e92c2086f5bd74b9f58c,yes,yes,0.9765805006027222,1,1
opp115_data_retention,embed_large_logreg,2,2,138,6fcf71b27d46f55ce193efc7f9afc04455f73116a9db84833f80e06f9ca50565,yes,yes,0.510225236415863,1,1
opp115_data_retention,embed_large_logreg,2,4,139,c4b6d77aeaa5302389ac8f3608bfb27c4df1b76118cc8f54d2313c0a264133d5,yes,yes,0.9435084462165833,1,1
opp115_data_retention,embed_large_logreg,2,3,140,275a4d4239c413d2e99aedb43348f0606ad8850f1db7dc4e3118c3b47065f91a,no,no,0.8232624653467904,1,1
opp115_data_retention,embed_large_logreg,2,3,141,8a20b838887a4c084a09c1abf0e23b8c9ca43c382e2bbfe5e69c3dfe3fa607cc,no,no,0.7463599221003079,1,1
opp115_data_retention,embed_large_logreg,2,2,142,d59761f593cdeec8646bc296f9d941e7e44cc354579e86fdca852baf273fc357,yes,yes,0.5150571465492249,1,1
opp115_data_retention,embed_large_logreg,2,4,143,e88625cea1e9848ab0c422dd31cb03bb37e230c04824f11aedb42e6256d88861,yes,yes,0.7885292172431946,0,2
opp115_data_retention,embed_large_logreg,2,3,144,472ac5ccf3636aa466c509158d54b8605d606563706d77f86728caf86b56828e,yes,no,0.67404876130674,0,2
opp115_data_retention,embed_large_logreg,2,4,145,8b3ae3f08e20d45d17f031fd4b86caaca9a1df9e99e24770119d51d8f0ac3045,no,yes,0.5865845084190369,0,2
opp115_data_retention,embed_large_logreg,2,0,146,a47590671f0c8a96c36f7d6c9a24adea2693fe733ebba1c9966755e8a4662599,yes,no,0.5787334614614684,0,2
opp115_data_retention,embed_large_logreg,2,1,147,f499e421475ec682cadb46341e6d310462e81d20c890a16c9b4ad060534ed6d0,no,no,0.9336026380479532,1,1
opp115_data_retention,embed_large_logreg,2,3,148,f0cadbba69345266de6559680ae988e0fed4878bed5c0c92243e9d6d5d9f7bf6,no,yes,0.5432554483413696,0,2
opp115_data_retention,embed_large_logreg,2,4,149,f321c837be3d158ef7ff42e4a5c07de189845d4d7b643c668200b64b5c207e56,no,no,0.6782113111552205,0,2
opp115_data_retention,embed_large_logreg,2,4,150,1676246f4b932466894e0b3d528e741e4f90b6762f68e0ababf10e220767ab49,yes,no,0.716160795574212,0,2
opp115_data_retention,embed_large_logreg,2,3,151,619d8a38ba5513f1cec70851f3865bfadc53827c6747264023f10a362373d101,no,no,0.8677634130085023,1,1
opp115_data_retention,embed_large_logreg,2,4,152,1b974e8954f0d9b48a91a29c0214076ca646d79b431e0a4492d19f30afef870c,no,no,0.7733486409984327,0,2
opp115_data_retention,embed_large_logreg,2,1,153,1b5aa100191a7360936d3578d1b9c3564918a79175346bc1ff23b914d46d70e8,no,no,0.7644743437241666,0,2
opp115_data_retention,embed_large_logreg,2,1,154,1fc468ce0666d80d3a1c8e28b4d8988e6f57eb4ba403b9f180c648047c14fcb7,no,no,0.9373795706814655,1,1
opp115_data_retention,embed_large_logreg,2,1,155,2630c3c03b6464991051cceb40eb38f315ce523c5773801b2a3351439cc0170c,yes,yes,0.703955352306366,0,2
opp115_data_retention,embed_large_logreg,2,3,156,a31f38cb747b69b44e923e5768a51ba824e616032b10029b3afa678eecd6732d,no,no,0.8588762411307729,1,1
opp115_data_retention,embed_large_logreg,2,3,157,ff1baeee0f8055c9e395e216bd36541aa63ad084b6059cee873347c1db25ddc0,yes,yes,0.7817452549934387,1,1
opp115_data_retention,embed_large_logreg,2,3,158,28546a833bc592ba4da981179283a48d9b8e32faed0b19dc3fbd8c7a7dd50f37,yes,yes,0.7955070734024048,1,1
opp115_data_retention,embed_large_logreg,2,1,159,d410d20de93ec6d821438156036e88e141275e0728cbd81aa73889aeaaaaa0a5,no,no,0.765955924987793,0,2
opp115_data_retention,embed_large_logreg,2,0,160,76c5c816c44786f5d8278d5c4344bd435d73b1ebc675162fd420b7577c9b34cb,no,no,0.9030426211881832,1,1
opp115_data_retention,embed_large_logreg,2,1,161,799451ec0744a90f7eb75457279c0ce6f460b9e3ce9926e51d1dbaf241d6ca78,yes,yes,0.546650767326355,0,2
opp115_data_retention,embed_large_logreg,2,0,162,551af7abca70932f3a0ef1229da16859dacbb33fcc413d4cd74833abb950ad33,yes,yes,0.7738682627677917,0,2
opp115_data_retention,embed_large_logreg,2,3,163,a6c7b7ef0cfcf9699e3078342794813b33930d6d73ef7b82d649e0cd79b1f9a6,yes,yes,0.8213986754417419,1,1
opp115_data_retention,embed_large_logreg,2,2,164,5a9e7a696d6ef019dd40f5984dd0ba98efccf5593166eaa0c496b20fa2746a76,yes,yes,0.5378960371017456,1,1
opp115_data_retention,embed_large_logreg,2,2,165,fb5bb7c3433b9471663a47edd44e1cdd1c25ed74aa2c172c37dd997d1e6c1852,no,no,0.513204038143158,1,1
opp115_data_retention,embed_large_logreg,2,4,166,78bb11f1743e056742c00c3df7250817a755dce1dd5835869a2fb8b84e3bc2a4,no,no,0.8615267276763916,1,1
opp115_data_retention,embed_large_logreg,2,2,167,1abf35a14e7951c638a92c72eb3e662003b16ef0ddd618560be900d5e64f25a6,no,yes,0.5028756260871887,0,2
opp115_data_retention,embed_large_logreg,2,4,168,82f45f405a5e1d0c32c0aa4104f22d7551bc3a67281e641a11ac83effe659f98,no,no,0.8189349174499512,0,2
opp115_data_retention,embed_large_logreg,2,1,169,5e45c583666bd2b302d372c46c671eef771afaf9528578e9829b226172636768,yes,yes,0.8601844906806946,1,1
opp115_data_retention,embed_large_logreg,2,2,170,a9542e9239ad9fa5fe798e6e26246771ac82a8b7005dad2341ca2ee512a27e28,no,no,0.5233920812606812,1,1
opp115_data_retention,embed_large_logreg,2,4,171,771b749f5c9ba209d78db7f0ac0f63caa7967c12a2872244c725be1a6170e4bf,no,no,0.9721287434615451,1,1
opp115_data_retention,embed_large_logreg,2,1,172,6429e704b1b7bc0c3244e81a91fde9ed92188025964f1d2d310b93923729cfe4,no,no,0.8235045548751272,1,1
opp115_data_retention,embed_large_logreg,2,0,173,2199e3232e265ca67a9644ec81e95b1cb53aa0ad77d8e5f28f54888d985eb153,no,no,0.8177448511123657,0,2
opp115_data_retention,embed_large_logreg,2,4,174,168c1f8fe9461bd4e50ddb2ced4e38f5b32927ec525c32ef3ef9caf4aac4f36c,yes,yes,0.8065887689590454,0,2
opp115_data_retention,embed_large_logreg,2,1,175,7fbc3e8d046e40175885a2131dbd1d61a930c28a1180efc3a9547e585536f7f6,no,no,0.6063875971320988,0,2
opp115_data_retention,embed_large_logreg,2,2,176,501249f20fe324cd55375fb36b14e360a23882582f1ac569eeff4584126cfd87,yes,no,0.507847011089325,1,1
opp115_data_retention,embed_large_logreg,2,4,177,12bcae560154d423083c35b272770f335f9553357e5869fb43154ccdf33846db,yes,yes,0.8839939832687378,1,1
opp115_data_retention,embed_large_logreg,2,4,178,d36e9685d44e56c9f78953fa6aaf57669c968b49cd0fe0a1745152927c8d4130,no,no,0.8225443363189697,0,2
opp115_data_retention,embed_large_logreg,2,3,179,65714301dfdbca9f00d701048d1fbf28fce86f25343fcdbcdbf0d9d1b38ccaed,yes,yes,0.9528099894523621,1,1
opp115_data_retention,embed_large_logreg,2,0,180,56b4f2662bf4174e7b8c2938a99ec052b918ce8e1e887eb5cfa74512d3e8093f,yes,yes,0.8699871301651001,1,1
opp115_data_retention,embed_large_logreg,2,0,181,786c88cca6c8382022ca97c03b2d0527fed556aefda3e38cac2bab6ffe58dc7e,no,no,0.9261594483715254,1,1
opp115_data_retention,embed_large_logreg,2,0,182,4ecbddf240d7a5766bcfe8d2590717e74dac0e70abd05993cd0430fc1d16186d,no,yes,0.5298606157302856,0,2
opp115_data_retention,embed_large_logreg,2,0,183,1bf325cb55644bf9f3fae7c85dbe467894de54012da4fa9b66d6a3a22673b41d,yes,yes,0.8709056973457336,1,1
opp115_data_retention,embed_large_logreg,2,1,184,1ea805b1eea1cacd586e1eee0f3cfe197a35d7e32fb03708c3c497f723298775,no,no,0.8742270339395548,1,1
opp115_data_retention,embed_large_logreg,2,2,185,19a13f3eb97a89ca1ef1b119b1c9367a382e7060b09a82f69b1e4e35a3c13204,no,no,0.5151519928917883,1,1
opp115_data_retention,embed_large_logreg,2,3,186,425e3ff0ff4eca4cfa77f598fe216971b57633e8ef911f861dc04886f4c049e2,no,no,0.879787266254425,1,1
opp115_data_retention,embed_large_logreg,2,3,187,243100889954d3e9c45757d0a63cf23a39a1b2cf49a14ee10f84c234f5996315,no,yes,0.5431874394416809,0,2
opp115_data_retention,embed_large_logreg,2,4,188,a062207fb7a531517ea76930d66bb278f5f2ef789cb4451458d1cf34cce4ab36,no,no,0.6856416668189068,0,2
opp115_data_retention,embed_large_logreg,2,4,189,f98e4b656bc0472164c8d54bfdea68ac9091e88ce8b774ed0038896f2cf18427,yes,yes,0.8685891032218933,1,1
opp115_data_retention,embed_large_logreg,2,1,190,ef7a61507dbd56bbdd5333070f23449cc1050797c8e0ea36826e0dc081f6e86c,no,no,0.8149604675924709,1,1
opp115_data_retention,embed_large_logreg,2,2,191,c64822a69e008ced686015ff70e24a6247ef6b472ebe88d75d02e646aabca2cd,yes,yes,0.5371203422546387,1,1
opp115_data_retention,embed_large_logreg,2,1,192,c1502e008f774444d032c5dc418fa6dd1bb36626176c5bdd47028e51f7d5470d,no,no,0.8096359372138977,0,2
opp115_data_retention,embed_large_logreg,2,4,193,494df37378cf8f74264182865f738cc77f8aaf4fdcc9814a86f99a17f131b2c9,yes,yes,0.8399391770362854,1,1
opp115_data_retention,embed_large_logreg,2,1,194,e7bc4ee0cfffa4fec28bcc2e49a2f7152ccfd743b63cad48404579f5346c9a69,no,no,0.9425154819058387,1,1
opp115_data_retention,embed_large_logreg,2,3,195,9df22399a60ca5da1e856dcb80c9e8e91c896e4712694be92ec80dae5d669dc7,yes,yes,0.9805991649627686,1,1
opp115_data_retention,embed_large_logreg,2,0,196,484cce2ad834362e2ccb3d4894efcae1dfdf44224b918aece53c17203e3dbff2,yes,no,0.6074289083480835,0,2
opp115_data_retention,embed_large_logreg,2,1,197,e822d4f401a34b07af4ed5395f92f976cdc7b0ce397e1c2ffced1c937c81d2ec,yes,yes,0.6249814033508301,0,2
opp115_data_retention,embed_large_logreg,2,1,198,57a74ccfcfe7608c6f4350d2552457ccbdd2eb9ba720641c524fd09bc5598fe2,yes,yes,0.9012911915779114,1,1
opp115_data_retention,embed_large_logreg,2,2,199,1fab31543ccbbb32cdadd46142e45a56f35e1d1e3450b5b59654008ee2c58452,no,yes,0.5159209966659546,1,1
opp115_data_retention,embed_large_logreg,2,2,200,2e8ae1b53bbd23b3cdf5e510ad01501a6c3c77c83c76edc9d6220387694b3146,yes,yes,0.517598569393158,1,1
opp115_data_retention,embed_large_logreg,2,0,201,3004082ff910b7c447da1693b12bc592c912baba20a3f7fa3d8856806981f07d,yes,yes,0.6982446908950806,0,2
opp115_data_retention,embed_large_logreg,2,3,202,b3cb815b0e314945f81b1e51e706918ed3fa4180164a7815cb8d50075cf7dd77,no,no,0.6226903014573365,0,2
opp115_data_retention,embed_large_logreg,2,3,203,afe6b4fcda20339effa6c437b8dddb0737ca5774f21b675e10cee4edcb0b2ba6,no,yes,0.7448614239692688,1,1
opp115_data_retention,embed_large_logreg,2,1,204,425e6f8fb17f0976e13e4561a405d2be1bf2feaa4d817ac2d139387146f3bd31,no,no,0.8233361489574954,1,1
opp115_data_retention,embed_large_logreg,2,2,205,9e4ba9ac193a5b11eed78ae6cf09f456a4bf6cbeb6b7ecc8edbdc4eb64b40ee6,yes,yes,0.523926317691803,1,1
opp115_data_retention,embed_large_logreg,2,2,206,01aedd6fb8f591d73f87602fc32e2eb3f589628586199ae0a08ea28cc0095f28,yes,yes,0.5161474347114563,1,1
opp115_data_retention,embed_large_logreg,2,3,207,cfa624403984bc99aecc9847407eddcedb97c357900a09f4b366afb61186bb7e,yes,yes,0.7241580486297607,1,1
opp115_data_retention,embed_large_logreg,2,2,208,deb1609f9680931ac921c3f39ec34329f8267411177d3d90aa9ef55f56a7b498,no,no,0.5114838480949402,1,1
opp115_data_retention,embed_large_logreg,2,0,209,268317cace58fd35238bcdc0b1215a3d8e099f45eeff329dd80dde5b2353fc8d,yes,yes,0.6507034301757812,0,2
opp115_data_retention,embed_large_logreg,2,4,210,fcf9351be7dab9559af1a3b9c986fe2cf37456ba80908e462dac832ba398700c,no,no,0.736793019271105,0,2
opp115_data_retention,embed_large_logreg,2,1,211,f678cfdd7e9c0f3928c9f066039490ad2fa404de918d07e36115bdf6c4949d41,no,no,0.6328495740890503,0,2
opp115_data_retention,embed_large_logreg,2,3,212,32a41e20f9d847ef04f07df2b8622a480d1dece63261191cda3bb3996acd72d3,yes,yes,0.5949356555938721,0,2
opp115_data_retention,embed_large_logreg,2,2,213,8ec9dc8ff6db732637848bb964f217566251e05b5c258dbbbd97c7eca79c0825,no,no,0.5031088440683829,0,2
opp115_data_retention,embed_large_logreg,2,0,214,c6627196674562989315bccb36804bae1115c2df68464968e8556abba6ca6fa1,no,no,0.7556049227714539,0,2
opp115_data_retention,embed_large_logreg,2,1,215,8f6572c828f9d34a2984a9e493510acace0a0962806968f2338456db9b64f909,yes,yes,0.6220437288284302,0,2
opp115_data_retention,embed_large_logreg,2,4,216,79705eaf61441ff37f6d5f11fa8666e9ff5564b4ee175daebaf8f1c6dabb226b,no,no,0.9289844243746495,1,1
opp115_data_retention,embed_large_logreg,2,2,217,579c64913914b83e0bfb518994954c4f9689ff6263b5fdda7696a61482e31b27,no,no,0.5069209337234497,0,2
opp115_data_retention,embed_large_logreg,2,4,218,52c3657ff1bfb928a7a3fa625c19d563556e3925b75890eb6b0b602df7ac91f3,yes,yes,0.8675291538238525,1,1
opp115_data_retention,embed_large_logreg,2,1,219,32fe73db251df3aa92db6a1a1c681bcd91e061358c14841e50814e1b413f3f19,no,no,0.6700603762251026,0,2
opp115_data_retention,embed_large_logreg,2,2,220,b1ccd2bb7370a2a763dad092f888f4e2a97f2f2935ba8fc5305bad5a7da03e91,no,no,0.5063905715942383,0,2
opp115_data_retention,embed_large_logreg,2,0,221,286dd9f430087d20ac2b2d1e5b2ffb027e6a3c17c8c712179d567e3f74262574,yes,yes,0.8911345601081848,1,1
opp115_data_retention,embed_large_logreg,2,3,222,7ae91b4e09b70faf3863bcdf2881b4370a1bdee1421be7b09a07b40ea31bbddd,yes,yes,0.9268044233322144,1,1
opp115_data_retention,embed_large_logreg,2,3,223,46ab7b708623a654c3f4754e7de54d0f7f5262c25a56a9089ec4b0a06321e5ce,yes,no,0.5633074045181274,0,2
opp115_data_retention,embed_large_logreg,2,1,224,9ccbd99d243f6fccfdb5ade9893285b113a60399c981dd39f15468a92272b280,yes,yes,0.5924824476242065,0,2
opp115_data_retention,embed_large_logreg,2,1,225,dc2bcbcc57f6752c67ab7f8f29e23d38c5ab5f2b5853eceb626946f7fef43e63,yes,yes,0.5904541611671448,0,2
opp115_data_retention,embed_large_logreg,2,0,226,ebd6ff5a40784887fd22e2a782aa8e6c5172416cd89da968f0a8ca8a1c587032,yes,yes,0.6685960292816162,0,2
opp115_data_retention,embed_large_logreg,2,0,227,d19696c556b2338e90c8b6ffeca489622dce2a164aafca75bb4404c204b35f14,no,no,0.7243977189064026,0,2
opp115_data_retention,embed_large_logreg,2,2,228,231bd657c2964de6c6ea8a1d9437fd6afd87001f261f26031a982be996c8cdb2,no,no,0.5510143637657166,1,1
opp115_data_retention,embed_large_logreg,2,0,229,07695545e4b0ac85eb721da8201b6633989f41219d0813c611a3b4b94e43300b,no,no,0.8697709907625468,1,1
opp115_data_retention,embed_large_logreg,2,0,230,07c588e0587dec8248cc485ba9c6576750efed45b3a5b316f1070256eab6fad1,no,no,0.6045174778854095,0,2
opp115_data_retention,embed_large_logreg,2,3,231,7ff692472ae904d4710c1f7bd076cb8c695d0f94fb75da5726e98b4fc6f4745e,yes,no,0.683438777923584,0,2
opp115_data_retention,embed_large_logreg,2,1,232,6976f37f3945036a2d6a03e8d1fda2d187b08666dcde5d5fb041ceeb3fad051d,no,no,0.6571997599959302,0,2
opp115_data_retention,embed_large_logreg,2,2,233,24329a0a8cf39a8b9c64fb2e1a20cb53a03b54d4ec040ae95fdef41c0fe61c48,no,no,0.5192481434121174,1,1
opp115_data_retention,embed_large_logreg,2,1,234,f84077447e66f9200b7a8102f0008b329629b65cd75e9c18d9a70e14f0e12b6d,yes,yes,0.9177039861679077,1,1
opp115_data_retention,embed_large_logreg,2,4,235,1e59f4141dad643b5759ddec3cf94ac691b5377cc52812cd4a13c121cc31d379,yes,yes,0.7675532102584839,0,2
opp115_data_retention,embed_large_logreg,2,3,236,e278f2edce8b4e0802417192f137cf31f4d4f91e3b80757695952d1b52e2340a,yes,yes,0.5266523957252502,0,2
opp115_data_retention,embed_large_logreg,2,4,237,01828d6aebf17dbb1ad67764d82b586f69e1acccc913ebb33a8dd70e22e17a55,no,no,0.79280884255184,0,2
opp115_data_retention,embed_large_logreg,2,4,238,a655398af474837f8aea04a211d471f032e92a6dd95cde5aa013b3742aa07e2d,yes,yes,0.9721782207489014,1,1
opp115_data_retention,embed_large_logreg,2,4,239,804847995735f8dfa9797e268facbb80a5b434604065fdf81cb85fa16a925e3f,yes,yes,0.6190778613090515,0,2
opp115_data_retention,embed_large_logreg,2,4,240,50b52ff785cc7ba25950a1e06086d5e1acf219d84091ca95765ec22900044578,yes,yes,0.546588659286499,0,2
opp115_data_retention,embed_large_logreg,2,0,241,3f34b14ee060ce604c8fa33a42f0adbc49a3eef1ae996f5a64eba6b33e55d486,no,no,0.8301231984812498,0,2
opp115_data_retention,embed_large_logreg,2,3,242,ac38c4e75d9ead7df72ab064029c60831b86c70cc9cc2ef142ccc77103916c5a,no,yes,0.7435964345932007,1,1
opp115_data_retention,embed_large_logreg,2,0,243,ad34a91ff28db78f3828eee27f65dfc77194d18529b5c5a72f714c550a1bfee8,yes,no,0.500788688659668,0,2
opp115_data_retention,embed_large_logreg,2,1,244,7f58b2111392f889922217ef5d4a11f5cede6eb86408b0140fbb832204f39c63,yes,no,0.7242581248283386,0,2
opp115_data_retention,embed_large_logreg,2,1,245,0f685ea5f05b7bd2894de89b143ea229c2ffa042482785574cb759d9a54bc06f,yes,yes,0.7128192186355591,0,2
opp115_data_retention,embed_large_logreg,2,4,246,ae9063afaaf895e06d6bc6fd779839bc111acb3ed9913ab2199c848f1581980d,yes,yes,0.5807674527168274,0,2
opp115_data_retention,embed_large_logreg,2,2,247,50a0e0ba2aca555b3c28b225f87b1942031bdabcf9d04f89dda1b39b96bd9b42,no,no,0.5156422257423401,1,1
opp115_data_retention,embed_large_logreg,2,2,248,e70de619913753bc42a24b74c19fa0f6d78b4f2065dd29cbdd1d094d8a1c4958,yes,yes,0.5005099177360535,0,2
opp115_data_retention,embed_large_logreg,2,1,249,38525a384cff0762f804e1a21a7b89ac657c8eab1c3a09f8da7f97a684ed8cbb,no,no,0.9821704369962474,1,1
opp115_data_retention,embed_large_logreg,2,3,250,a608d369acb8b39938b51bc67b06b14e46f4e7b30af9060ec12d40ec76a02693,no,no,0.6118219908528927,0,2
opp115_data_retention,embed_large_logreg,2,4,251,b6849c5e7505d5ea81a96d7302dc64625027f1333fdd1ad5acdc5674a1356024,yes,yes,0.7595521211624146,0,2
opp115_data_retention,embed_large_logreg,2,2,252,2f62c54cbda8addbe6232f8471c0c55c65ddf75bd4f4201f20095a468a6d4a3f,yes,yes,0.5114690065383911,1,1
opp115_data_retention,embed_large_logreg,2,4,253,a7f9911c6c83b3445ee6ccbf2a64537355af6eda468b91834e1f28a39870328a,no,yes,0.6406896114349365,0,2
opp115_data_retention,embed_large_logreg,2,3,254,331b1f34bbf6a523faaf139562c3206a26f73f76a0af24ccb8b7d410c5809648,yes,yes,0.6696103811264038,0,2
opp115_data_retention,embed_large_logreg,2,0,255,1e9d5bebd73b6b03196102c13d6398e9684f640319406b8cfd2182f5efec90e8,no,no,0.7587535494380229,0,2
opp115_data_retention,embed_large_logreg,2,1,256,c385be8e4dc911b9d1100018a19156fd997244226e0ad228c94cdf495b72c9c9,no,no,0.8479560613632202,1,1
opp115_data_retention,embed_large_logreg,2,1,257,f316ea31b0b9f52d7e58dea2321f7f1367c3b9713783bc8e8a54df26122cb53c,yes,yes,0.8058620095252991,0,2
opp115_data_retention,embed_large_logreg,2,0,258,f869eb75e9a1654c2216095771718fd988f6460ba8e79d76d0dda31b878d4a0f,yes,no,0.5816305875778198,0,2
opp115_data_retention,embed_large_logreg,2,3,259,9a18bf5bedcef58fb061941815a1dc4f26be41d24545b1dedc4a4cd9c3882dba,no,no,0.7132171179885531,1,1
opp115_data_retention,embed_large_logreg,2,3,260,7787497942b66196747d386679fb92dd42ec1ca9c3e6b38147ab015d42b529f9,yes,no,0.704103410243988,0,2
opp115_data_retention,embed_large_logreg,2,4,261,00ac89c540730a3531332c3398cff49e8db87a948ea4434b63039bcb165b2c66,no,no,0.5105193257331848,0,2
opp115_data_retention,embed_large_logreg,2,4,262,b3eaec0a573a24dbb3b21c0d97605c822ad645c92272d7e319ba9f7a8dd0a73d,yes,yes,0.8310303092002869,0,2
opp115_data_retention,embed_large_logreg,2,0,263,83055255358a99afb2a4d5dfa1be49e9d6fd08fb4cf38447b4bedcb96fbaca8d,no,no,0.9721551122545286,1,1
opp115_data_retention,embed_large_logreg,2,1,264,6c7d9bce9289e4f305f3bc9a7102fc099f5e7104e35642b6ab9464a465815dde,no,no,0.8828675549581448,1,1
opp115_data_retention,embed_large_logreg,2,3,265,f0790f05da1a430476726fb1d935f7e771506db7ce34ebd7f8865c7b3ce9deaf,no,no,0.8928800688254823,1,1
opp115_data_retention,embed_large_logreg,2,1,266,6b6d1b46091d740d9c3bf0588df61c7c5df56a0200635bc1d29ea0280f4fb3c9,yes,yes,0.5137040615081787,0,2
opp115_data_retention,embed_large_logreg,2,0,267,5c6dba33e1a2705163733543bfde75d0e215a2360c17dbc9cf06ae0c153b6014,yes,yes,0.9456361532211304,1,1
opp115_data_retention,embed_large_logreg,2,2,268,097d257865b8010cfae87562ae3acd3cfdd11d628daf6eb19ef0fb02f8aa5cfd,no,no,0.5172947645187378,1,1
opp115_data_retention,embed_large_logreg,2,0,269,a7d0e7229ee813df0da48f22c8b9f7164d3d78eb630fe2d9c12c0b817523b0bd,yes,yes,0.9129117131233215,1,1
opp115_data_retention,embed_large_logreg,2,2,270,0585dd317c2fd60618e5b686ab9f9d98a1498248e25825af326df46675c317bb,no,no,0.518405020236969,1,1
opp115_data_retention,embed_large_logreg,2,0,271,944fc9978a2a6b5e1ca37acc5b4274abb44dd61ceeb497332d87e0966bd5b850,no,yes,0.7860398888587952,0,2
opp115_data_retention,embed_large_logreg,2,4,272,6882433d496d02569b5744fb8aa186a9982b24c294237298ad5e876598182f8e,yes,no,0.516110360622406,0,2
opp115_data_retention,embed_large_logreg,2,2,273,77d837bdb3945e037c6bc1e1ceffccf5972537d088e53139f85cd61a40ba32bb,no,yes,0.533886730670929,1,1
opp115_data_retention,embed_large_logreg,2,2,274,ac03c789e91d566843ad44eee24526ca26c89d6e49ae164d8987eecfbffec7e0,no,no,0.5389569997787476,1,1
opp115_data_retention,embed_large_logreg,2,4,275,631509edaa82bfb9fe669ef2c49aab37a6a8b5ded6d502ee11e0982aa874f854,yes,yes,0.9327574968338013,1,1
opp115_data_retention,embed_large_logreg,2,4,276,a943897a4f2d7fe76699b0f268dd2dfd57ada734ac5a21bae2739666abe7d190,no,no,0.8123763799667358,0,2
opp115_data_retention,embed_large_logreg,2,0,277,e397b9fb3a1c4f92db03685edaf800fbcd4fc51e0b0121c1f0eebb6a868e6afe,no,no,0.7734591364860535,0,2
opp115_data_retention,embed_large_logreg,2,0,278,8c3bafbb5ff5851b2762dd74740a9378d5b1a8ee8e05b0195f923bdc8ecd18c8,no,no,0.8923405938421145,1,1
opp115_data_retention,embed_large_logreg,2,2,279,dff95303893a2a3012f5c89bd306f5e5ecdf1f4aeded9761df3aa3a04cc3e317,yes,no,0.5036431400882262,0,2
opp115_data_retention,embed_large_logreg,2,3,280,7e39a80962a7f4e89e48e00fa790fd0fe9a679346f05446bc5648239a5551aa0,no,yes,0.6323356032371521,0,2
opp115_data_retention,embed_large_logreg,2,0,281,37026006daaf329041e125901210e0ed07673977b50ab75247530d80efcab30b,yes,no,0.7342368583153742,0,2
opp115_data_retention,embed_large_logreg,2,4,282,5a91dd4bf9e4d39f9bb845b50ecec4b500fa2c0314aab3146eb267953b009191,yes,yes,0.8130074143409729,0,2
opp115_data_retention,embed_large_logreg,2,2,283,eee0077d4ac9d0305983ae7802727bf2185a52bc5a0ed3f9248da5977fb9122a,no,no,0.5146488104655984,1,1
opp115_data_retention,embed_large_logreg,2,1,284,e4a77beb5442f26027cc4c8e99456c5e2f3a51e71efb7986820a6eaa41688a2d,yes,yes,0.7965403199195862,0,2
opp115_data_retention,embed_large_logreg,2,1,285,5fb1ee934e23642de0a5dbffa00ae79d14f0668f5bfd41272c0f7608f3e65093,yes,yes,0.5810189843177795,0,2
opp115_data_retention,embed_large_logreg,2,2,286,0099b44663fb6e62c7e0e721a23c1a9d02a508dabfb9b2578697a893040f6288,no,yes,0.5008490085601807,0,2
opp115_data_retention,embed_large_logreg,2,2,287,20fff12dbb9c94a47ff332d13ed9d2e47a8a20112eed351497b59496f4c96ebd,yes,yes,0.5313786268234253,1,1
opp115_data_retention,embed_large_logreg,2,3,288,a4050cf1e40640de6f219bf7c86291057a6cbee66710f4cd042edb07054c5be6,yes,yes,0.8774732351303101,1,1
opp115_data_retention,embed_large_logreg,2,4,289,320dcdb13784b37639fdafd0af9f079b25a6aa37dde118d245f2bc0104d6b690,no,no,0.8177360174397228,0,2
opp115_data_retention,embed_large_logreg,2,2,290,f5be7fd433b991df2123b66c275591e49ff85cb116360f92ee76067c29dbd12c,yes,yes,0.5585472583770752,1,1
opp115_data_retention,embed_large_logreg,2,4,291,e69d683bf0662b37561b1eb6e1eadbe3dbf2c0fc148cccd4119fa231a1917b46,no,no,0.8298011298507284,0,2
opp115_data_retention,embed_large_logreg,2,2,292,e71d0801d3af067794624eb24a6a7950f40c6f4d4085ac685a9a21cce1a77b6e,no,no,0.5285961470426277,1,1
opp115_data_retention,embed_large_logreg,2,3,293,1acb0285d3cfc413a7c38dc1ccf0f2c5a261adee395934e6349f4ff2c667ffc0,no,no,0.9550698924431957,1,1
opp115_data_retention,embed_large_logreg,2,2,294,444c17be4227f834a15ee572c9dafe389dcf10a58c327e9fd52cdeb52180525b,no,no,0.5237721048661439,1,1
opp115_data_retention,embed_large_logreg,2,0,295,5471e9917d6773e7cca7dfe6c1af9f17cab56f9e46c9fe79a2cb9f3b5aa78979,no,no,0.5233034051449121,0,2
opp115_data_retention,embed_large_logreg,2,0,296,5989c62c021f0138063006ce222bbf64c49993ca3cc330a85b7de6251fd55d4a,no,no,0.8284166804427898,0,2
opp115_data_retention,embed_large_logreg,2,0,297,14bf42e067c5794d14a9be06281a809438d1eb4db47d247e3d427c04e7c7b7d8,no,no,0.5344833731651306,0,2
opp115_data_retention,embed_large_logreg,2,3,298,b15dc5db6c11da7e9e28ac8b682ecf14ea64add66b77475cc6a51d7ad4b6251f,no,no,0.5091492533683777,0,2
opp115_data_retention,embed_large_logreg,2,0,299,11ee9a0aa806f739c5dd8e99fdbcfd8cfb6d3432051f7807ebbce9705af60d4f,no,no,0.8120415089720263,0,2
opp115_data_retention,embed_large_logreg,2,3,300,78ea85a7c27cb91431dc8fe4ef5ca476168da0bfb1c2555b615c16afe4307bd1,yes,no,0.5993989706039429,0,2
opp115_data_retention,embed_large_logreg,2,3,301,b69f6562a892fcf7ce6acd9e1ed4adf2cd4690cd068b2c75954e8b8cfe2b5d31,yes,yes,0.8216298222541809,1,1
opp115_data_retention,embed_large_logreg,2,2,302,07e78088b1f4bf413cb549c9e9b38ba43b6f611aa69c382daa758e1f0961be13,no,no,0.5138214826583862,1,1
opp115_data_retention,embed_large_logreg,2,1,303,77402fd1b3ae2f41ccc476fa26f6f353a8f2c28874c13d0d780f12c0ab3dbda7,yes,yes,0.8434814810752869,1,1
