task,candidate,repeat,fold,item_idx,text_sha256,gold,pred,p_pred,kept,set_size
supply_chain_disclosure_best_practice_audits,embed_large_logreg,0,2,0,9d54e6c772949bfb6b364e2d7006fb131ac4294d6529566b2d88c78014eb6a1d,yes,yes,0.5662640333175659,0,2
supply_chain_disclosure_best_practice_audits,embed_large_logreg,0,0,1,6bd8ec1448ec24fd291dc77052268939f67f9cfea5b76bd69388e542e0b53419,yes,yes,0.5939100980758667,0,2
supply_chain_disclosure_best_practice_audits,embed_large_logreg,0,2,2,cfd25f9be7d33e9e2626fa8f008705300a927fdffb8d298eb046111abadd5313,yes,yes,0.6590530872344971,0,2
supply_chain_disclosure_best_practice_audits,embed_large_logreg,0,3,3,2f6b42c2613958a15c6634faad8dce008342e61c935053e805fb0f1fff7e4aa5,yes,yes,0.7840343713760376,0,2
supply_chain_disclosure_best_practice_audits,embed_large_logreg,0,2,4,dd521a35f676e54ddd4c10353a5b613a177a8c4ab4053780ebfac40ccda839f6,yes,yes,0.6316511631011963,0,2
supply_chain_disclosure_best_practice_audits,embed_large_logreg,0,0,5,33e4c0559a94c7dce28fd5c76870036003e5e62eed6cf35cdc1c63a6b0a6569f,yes,yes,0.5559266209602356,0,2
supply_chain_disclosure_best_practice_audits,embed_large_logreg,0,3,6,fb9db00dc94a7d11b1f1dc759bdaa0ab4132a345c4f4c79fa1b99a4f3feabec7,yes,no,0.6174304485321045,0,2
supply_chain_disclosure_best_practice_audits,embed_large_logreg,0,3,7,a3a6ab356fbf9711c2b5414d31490eead3dd8e73d43141d8c1c133c314b5f163,yes,yes,0.56416255235672,0,2
supply_chain_disclosure_best_practice_audits,embed_large_logreg,0,1,8,7a0cea15013a413c9095a12a26a110ad23082840e0980ef5ea664df3aa587c79,yes,no,0.5829260522999183,1,1
supply_chain_disclosure_best_practice_audits,embed_large_logreg,0,3,9,ded19f85f9c4d9d7f469200e17647cd8ecc12c2da48288385855657ec1b5adf5,yes,yes,0.6353517770767212,0,2
supply_chain_disclosure_best_practice_audits,embed_large_logreg,0,4,10,edbc6a22c498b82bac2202f1e46acbeaedfb015c0444653d0b0aeb6099e37ff7,yes,yes,0.9372997879981995,1,1
supply_chain_disclosure_best_practice_audits,embed_large_logreg,0,0,11,72cbb74b67a42c66920815b763cc6896803bfbe9a4dde82490f10909e1dfcbec,yes,yes,0.6881950497627258,1,1
supply_chain_disclosure_best_practice_audits,embed_large_logreg,0,3,12,b6f77759748e520cb2650c9d05bfabeb352e52aeb1c443de23d4c8058ffbae34,yes,yes,0.8001735210418701,0,2
supply_chain_disclosure_best_practice_audits,embed_large_logreg,0,4,13,dade26e8398dbb799fd50eb54dbcd3e6ab8b4c274c793f921a58a02434c8b920,yes,yes,0.7380370497703552,0,2
supply_chain_disclosure_best_practice_audits,embed_large_logreg,0,2,14,ca680947ea1c383262052c8e93e441eefb9f5c56853cfdc57b710b6763858524,yes,no,0.8159332749853541,1,1
supply_chain_disclosure_best_practice_audits,embed_large_logreg,0,4,15,6567baee48eaca37363905900994df097ee69c55020b441e3135e706805c61aa,yes,yes,0.9435597062110901,1,1
supply_chain_disclosure_best_practice_audits,embed_large_logreg,0,0,16,3f83f1e16a6ae23ed6f0bb9678979f85323df70d52e5af7828b1bed5744918b1,yes,yes,0.5176697969436646,0,2
supply_chain_disclosure_best_practice_audits,embed_large_logreg,0,1,17,37ed9ddde655fb5e0bedd0751e547d4b678cb2a4faeb1a803f4fde03b96df247,yes,yes,0.5303573608398438,0,2
supply_chain_disclosure_best_practice_audits,embed_large_logreg,0,4,18,927e63eace0a5b571aaae87c06d33ec73b502b226e5e07f69211aac675c9199d,yes,yes,0.6241326332092285,0,2
supply_chain_disclosure_best_practice_audits,embed_large_logreg,0,4,19,67595c9be4cf851988bc1fc7cdcedef276346c043520046d91bb26c48edac6cc,yes,yes,0.7282182574272156,0,2
supply_chain_disclosure_best_practice_audits,embed_large_logreg,0,4,20,97859a9430e770c53776bdb64bcac6e1057b25056282b1a971f3143449b8ae52,yes,yes,0.7122452259063721,0,2
supply_chain_disclosure_best_practice_audits,embed_large_logreg,0,1,21,d70648593b74ef9e2bc2de57c4dd94c2323fa8cd58e0083ea94ae75980c167fd,yes,yes,0.5075842142105103,0,2
supply_chain_disclosure_best_practice_audits,embed_large_logreg,0,3,22,52f6bfce60e5ece10730f4e80ac4d6d0a44cf613425838d5b0805482b44527f6,yes,no,0.7550436145805774,0,2
supply_chain_disclosure_best_practice_audits,embed_large_logreg,0,1,23,e50372eb04052599ab62fed9665c237fbb1fafd32f6502757f0d0bc648ee5072,yes,yes,0.5856978297233582,1,1
supply_chain_disclosure_best_practice_audits,embed_large_logreg,0,2,24,450bbed24b34b5272d476f23a5de997f8ff5490a0e106d7cdec0c059964c5c25,yes,yes,0.7093666791915894,0,2
supply_chain_disclosure_best_practice_audits,embed_large_logreg,0,0,25,f2116c063ca557116fe78a21ccd8f5607276835e91875fc11bf12932dddc984f,yes,no,0.7201236701048515,1,1
supply_chain_disclosure_best_practice_audits,embed_large_logreg,0,3,26,aafd7fd03c4909c8dc45f9cb2cd65c636a86fc13ac4f6c08c449151b9a47fef7,yes,no,0.5371493101119995,0,2
supply_chain_disclosure_best_practice_audits,embed_large_logreg,0,3,27,33043270153f967b1fcebdd792621661d4f1066634cad83e35b51a515630ac38,yes,yes,0.7370637655258179,0,2
supply_chain_disclosure_best_practice_audits,embed_large_logreg,0,1,28,43294ee8c35a7c5c0a600a0522b094cbf6660d69944080ca876844efa92382dc,yes,yes,0.501380980014801,0,2
supply_chain_disclosure_best_practice_audits,embed_large_logreg,0,1,29,b68f1b883214616d4922a65d201ee2ea9db1a0122864b78ccbbf5ee46c7a8f7b,yes,yes,0.596535325050354,1,1
supply_chain_disclosure_best_practice_audits,embed_large_logreg,0,0,30,7310ac62e99a4e8b1a34fce3d7086304d24c92e3534b4100b1c05e58506ac4b1,yes,yes,0.6352894902229309,1,1
supply_chain_disclosure_best_practice_audits,embed_large_logreg,0,1,31,b32275d570cb22080951b4812db4ef3e116eb01260737efd0035c8ac82e331f9,yes,yes,0.5139238834381104,0,2
supply_chain_disclosure_best_practice_audits,embed_large_logreg,0,0,32,052895a7e776122c3bd93f43e5a766518ea710c81cd2d76001ab5d8e1a8e9576,yes,yes,0.6358429193496704,1,1
supply_chain_disclosure_best_practice_audits,embed_large_logreg,0,3,33,92cd4852e93b427437a48160221b761b265339694e1e9e4b6fbb4078283d47dd,yes,yes,0.5727630853652954,0,2
supply_chain_disclosure_best_practice_audits,embed_large_logreg,0,3,34,a63bbe340e7e5559ab344685986e27ba29e7856a2bb43f559677d60bd6372b49,yes,yes,0.7640520930290222,0,2
supply_chain_disclosure_best_practice_audits,embed_large_logreg,0,0,35,4c66ac71222d0b9ea3d8106a65704219a05af6e124369c676e6d84e9e05eef96,yes,yes,0.7497916221618652,1,1
supply_chain_disclosure_best_practice_audits,embed_large_logreg,0,2,36,5a71be10ab1bfb61b9c98e5a9adce211ebf7cc64b75c2fe894b2da8f4f438624,yes,yes,0.5602777600288391,0,2
supply_chain_disclosure_best_practice_audits,embed_large_logreg,0,1,37,7a943e9ef37d479a877b40d230449fde8ef8985c43c5795a2b67ad1a560ec3dd,yes,no,0.5408990221947723,0,2
supply_chain_disclosure_best_practice_audits,embed_large_logreg,0,2,38,eebfae389e1805a6524964b0a815e9e64c44ec4245148015e3ee4de8084556cf,yes,yes,0.6481232047080994,0,2
supply_chain_disclosure_best_practice_audits,embed_large_logreg,0,2,39,242ffbc9b3e5ff9fb89c658b1348a67d708b3cbbc0707ba7991cf585da68498d,yes,yes,0.5913835763931274,0,2
supply_chain_disclosure_best_practice_audits,embed_large_logreg,0,4,40,6d4f73e7a6d1fea0e78502ec3d78016b8d7cc091321e361a13bcbc1c64abbc92,yes,yes,0.5941641330718994,0,2
supply_chain_disclosure_best_practice_audits,embed_large_logreg,0,4,41,e91b405667ff2e3c59a366f14d4e69a85adf7b37adfbe5cc0d4f68d3ff850477,yes,yes,0.6125031113624573,0,2
supply_chain_disclosure_best_practice_audits,embed_large_logreg,0,4,42,df4b5ecfdae8b9a769a3ceef89c8f2943eff05ffdb56a25b5ff2517b2a5774ad,yes,yes,0.6905142068862915,0,2
supply_chain_disclosure_best_practice_audits,embed_large_logreg,0,3,43,68dff8e9beb989b03b38607e665e4d5372e148fe089e55d47bec6692aea9c76a,yes,yes,0.5190894603729248,0,2
supply_chain_disclosure_best_practice_audits,embed_large_logreg,0,3,44,473f02f9766d1a9408898f92db8c82504af7648bb43d66a2d58ba393ad110cea,yes,yes,0.9050243496894836,1,1
supply_chain_disclosure_best_practice_audits,embed_large_logreg,0,3,45,40b81122b3ce13d0b02d3855a778d59dfa74dfe699922ad1cd59e4c945a11085,yes,yes,0.7188491225242615,0,2
supply_chain_disclosure_best_practice_audits,embed_large_logreg,0,4,46,be386186c94960b560719aa9801a2b53b610974576c933522e3bf0b7de9f75ee,yes,yes,0.731198787689209,0,2
supply_chain_disclosure_best_practice_audits,embed_large_logreg,0,1,47,54ba1171dd088353ea0094c11e682cce0bda3cce8961ca9686b40b33a7462851,yes,yes,0.5022032856941223,0,2
supply_chain_disclosure_best_practice_audits,embed_large_logreg,0,3,48,a5cd9829d0bb6680b12c38d718acd91f080de69f112a33da5f30ee6a651da5bd,yes,yes,0.7497995495796204,0,2
supply_chain_disclosure_best_practice_audits,embed_large_logreg,0,0,49,a60b58ec65949fd64e04a7930db1d4f38f18d50de6cc77f83c3a1f018bb35971,yes,yes,0.5186915993690491,0,2
supply_chain_disclosure_best_practice_audits,embed_large_logreg,0,2,50,258ee064efae6bfc773d9e688e0e04507092de9bb4d6c023bdd08088ce9b7d0a,yes,yes,0.5007410049438477,0,2
supply_chain_disclosure_best_practice_audits,embed_large_logreg,0,1,51,3bb5ff0604197b2135281a129b8db0a49cf99b97683131f2595801f5a3538e48,yes,no,0.5090909155932342,0,2
supply_chain_disclosure_best_practice_audits,embed_large_logreg,0,2,52,4124b6eeb003417bd70564ba2fde31be4a267b867426f07b7e40d3a5a42b955e,yes,yes,0.7567914724349976,1,1
supply_chain_disclosure_best_practice_audits,embed_large_logreg,0,0,53,6795adbe04130c6f667f1f3bfdf4477f9426ec504d554b86e3442d6bc01c64b3,yes,yes,0.5784875154495239,0,2
supply_chain_disclosure_best_practice_audits,embed_large_logreg,0,3,54,b624a5abb6fe61a77543f57ce95b180f41e23f122d7ea978a7f03a9080d0c117,yes,yes,0.5114389657974243,0,2
supply_chain_disclosure_best_practice_audits,embed_large_logreg,0,2,55,6434dbb7f593fcc55b97b67e6ab2b3bc4e6b0d9e0842c8fdbf3d79acd062e711,yes,yes,0.5327305793762207,0,2
supply_chain_disclosure_best_practice_audits,embed_large_logreg,0,4,56,2c5af191cf4c83284d0d480817f743f471028484b87e6533b0919f79d8be73da,yes,no,0.5648596882820129,0,2
supply_chain_disclosure_best_practice_audits,embed_large_logreg,0,3,57,1a95135ede09d2e63bd6b4a843062ac4af61a3fd3b03ede6d720351b54846dc4,yes,yes,0.740190327167511,0,2
supply_chain_disclosure_best_practice_audits,embed_large_logreg,0,1,58,1810bea0a08d73c32b1805b8831178ca0ab8528b2d0f8ac88247661a6e69f8e7,yes,no,0.5362107593950403,0,2
supply_chain_disclosure_best_practice_audits,embed_large_logreg,0,2,59,5a2d69bd4e38c3951efb30708a40e3f4a39f104d84721cbf8c545d5ebbf5a979,yes,no,0.6430389881134033,0,2
supply_chain_disclosure_best_practice_audits,embed_large_logreg,0,0,60,46835c7ca7f9d3ed9aac3bf85af18fe4658a5d4cecd054ad6219f1b379266b5a,yes,yes,0.5086620450019836,0,2
supply_chain_disclosure_best_practice_audits,embed_large_logreg,0,4,61,19d22a3d9ae55ee79ad31bf1a33f28b73bf1af23a659ff9b50fd6a039c3c1015,yes,yes,0.6718516945838928,0,2
supply_chain_disclosure_best_practice_audits,embed_large_logreg,0,2,62,e0675a87b1557858af49db8846e7da2a54792cca0f4b6687547a06bc21752a64,yes,yes,0.5358719825744629,0,2
supply_chain_disclosure_best_practice_audits,embed_large_logreg,0,2,63,88e18396e51fd530b25dbdba867dee981f99e3bc9ee3e4495b541d3afb24f860,yes,no,0.6621694564819336,0,2
supply_chain_disclosure_best_practice_audits,embed_large_logreg,0,1,64,30c8b45d4999cf9de8c3c9318059611dc084dd5f81ec50a3ffefb4c434ea5d10,yes,yes,0.5017163157463074,0,2
supply_chain_disclosure_best_practice_audits,embed_large_logreg,0,2,65,bcc7c3c9238c4ca25a297bba82702f037934c89e424571ce800b424c2d72eb99,yes,yes,0.6062142252922058,0,2
supply_chain_disclosure_best_practice_audits,embed_large_logreg,0,4,66,d37dc7efcf545e24ea668accb8a8fc8c4b2d71c9a6b66829b6e7f5ad5887c55d,yes,yes,0.6953568458557129,0,2
supply_chain_disclosure_best_practice_audits,embed_large_logreg,0,1,67,1ff72a935e2581a73389e968b07a918171d3a71863f799670ce20e0422a77bc1,yes,no,0.5027689783940024,0,2
supply_chain_disclosure_best_practice_audits,embed_large_logreg,0,1,68,7c213e830f4b18be4e5435844ebc2482efb5672c7e559006f5c1c21d16cce21f,yes,yes,0.5158085823059082,0,2
supply_chain_disclosure_best_practice_audits,embed_large_logreg,0,4,69,ca21f83512fd7ebfb00825a9d23131822aec5c635857f75025dae20d8e2aeab9,yes,yes,0.6270914673805237,0,2
supply_chain_disclosure_best_practice_audits,embed_large_logreg,0,2,70,583603f2fa828ad5e7283f6a522153df983d96151dd424e878bb41f458ff420a,yes,yes,0.6595283150672913,0,2
supply_chain_disclosure_best_practice_audits,embed_large_logreg,0,4,71,68f670418f0909105c1cb8844772825fb4ba489c72634c139452928eca657515,yes,yes,0.8790363669395447,1,1
supply_chain_disclosure_best_practice_audits,embed_large_logreg,0,2,72,a1ee39468479a4129fcd404c7b033a1667904771c45acb07969e94a5c816f741,yes,yes,0.608725905418396,0,2
supply_chain_disclosure_best_practice_audits,embed_large_logreg,0,4,73,1bbaf32745507e45914fe877698c77e2517b9dcb02e59aefb755e2cb05b3b6ce,yes,yes,0.5859389305114746,0,2
supply_chain_disclosure_best_practice_audits,embed_large_logreg,0,1,74,6441a25c7e9aacdd81cbb5eb9006df4554ef2b778c49f73b61cb1a87d1e664a7,yes,yes,0.6607397198677063,1,1
supply_chain_disclosure_best_practice_audits,embed_large_logreg,0,3,75,7effe61be9495286cb7aa152dfe4bb187087cfbbadfd5ae74615afccc94ca5a2,yes,yes,0.6289530396461487,0,2
supply_chain_disclosure_best_practice_audits,embed_large_logreg,0,0,76,55149e53ccbcecf5b2bec61a13a083d8c80ef7d940bce4e69759bd859b75cf27,yes,yes,0.6950797438621521,1,1
supply_chain_disclosure_best_practice_audits,embed_large_logreg,0,1,77,ee9e57c3f7c911b1fd365b5aaadb5a15128e352364d4bec56ec84467d3ff736a,yes,yes,0.5697557926177979,0,2
supply_chain_disclosure_best_practice_audits,embed_large_logreg,0,2,78,d7b7e1ac46290add16f23c8195170499df669318e8158462abe68741792c3fc7,yes,yes,0.6258496046066284,0,2
supply_chain_disclosure_best_practice_audits,embed_large_logreg,0,4,79,4319a82278965a186ff1f30c53989cec45e638b378eab1febcbeb65f23fabe9f,yes,yes,0.7382138967514038,0,2
supply_chain_disclosure_best_practice_audits,embed_large_logreg,0,1,80,15e57eb32f969fcd0a6f49e9976788796a20f6e9807cda15d025765d4a4c6250,yes,no,0.5055819900507328,0,2
supply_chain_disclosure_best_practice_audits,embed_large_logreg,0,2,81,f1e998799add05735d8e4ef8a7b0680c19790187dbe70fb785f32d106cac896b,yes,no,0.5346430540084839,0,2
supply_chain_disclosure_best_practice_audits,embed_large_logreg,0,0,82,db23799cc5ac6832bc82fc3c56b81ffda2cf099b7bb8dfc04851c7cc978d3860,yes,yes,0.530738353729248,0,2
supply_chain_disclosure_best_practice_audits,embed_large_logreg,0,3,83,2ebf21b254356e063ec495bc48e8b427c9cef0e023d6c440ab4695d670fac424,yes,yes,0.7643439173698425,0,2
supply_chain_disclosure_best_practice_audits,embed_large_logreg,0,3,84,f5f05ce191f8e498e77d5a82efe0cc9b7b0caca2cbd03855b4a3c04dd5326f82,yes,no,0.5323392748832703,0,2
supply_chain_disclosure_best_practice_audits,embed_large_logreg,0,4,85,235ce0ea6083794379941800918b143e04bd02e90f6ca0df77dc219a03def0fb,yes,no,0.5436519980430603,0,2
supply_chain_disclosure_best_practice_audits,embed_large_logreg,0,0,86,675f9e573acd9ee413ee4098ecee6e28c67fb1251f10e277dc5f8251151e9da2,yes,yes,0.5681665539741516,0,2
supply_chain_disclosure_best_practice_audits,embed_large_logreg,0,2,87,2ff95ae87bf0173ba35ce7803ee7e2b6c3e55da5408e2849e2db1bf6be370c1f,yes,no,0.5457706451416016,0,2
supply_chain_disclosure_best_practice_audits,embed_large_logreg,0,3,88,c3c72b3814c06b5ae24ea5616a76e6e34d5e65a037e85d1de1b714979534a508,yes,no,0.5561472773551941,0,2
supply_chain_disclosure_best_practice_audits,embed_large_logreg,0,4,89,1abad7524e193958a5e4e30aeee808127f7d6f94b84907ba346c856b1352d506,yes,yes,0.6671784520149231,0,2
supply_chain_disclosure_best_practice_audits,embed_large_logreg,0,0,90,d226bbab5779ded49db4f0c92048f30f3308fbc33dddc21c3f553fe8f87fcbf8,yes,yes,0.6428572535514832,1,1
supply_chain_disclosure_best_practice_audits,embed_large_logreg,0,1,91,3b4741877764990637a1268063f65f78bb8e594eae6d2906fe8bcd9f4257c7ff,yes,yes,0.5536348819732666,0,2
supply_chain_disclosure_best_practice_audits,embed_large_logreg,0,2,92,3bd73a7cf410fc9b3e1ae11778d1f9a5e608ca828bdf80e624f9d0fe092636d8,yes,yes,0.676003634929657,0,2
supply_chain_disclosure_best_practice_audits,embed_large_logreg,0,0,93,f8a69fcaa6995a987c838bf9355ef0f34e73d762cad7adb46499a4919cd21260,yes,yes,0.5709536671638489,0,2
supply_chain_disclosure_best_practice_audits,embed_large_logreg,0,1,94,2bc816bdb532b4fc74face24637b167b5cd6b7a156ba66b8ecdecca78ddb7a5e,yes,yes,0.5157055854797363,0,2
supply_chain_disclosure_best_practice_audits,embed_large_logreg,0,2,95,ab4d67c424e351a53a77b8c8217460def7339c7690bda9807f188c277abf99df,yes,yes,0.6928547620773315,0,2
supply_chain_disclosure_best_practice_audits,embed_large_logreg,0,2,96,5acad3a53814dc166c294d6012ee4d9876377e6c7dc9bcd4cb545aae89327aaa,yes,no,0.6379509568214417,0,2
supply_chain_disclosure_best_practice_audits,embed_large_logreg,0,4,97,025abd17b4aa8cd2ca7b64367d0dae8246cac55217afb5378a32edc5cb032028,yes,yes,0.7724366784095764,1,1
supply_chain_disclosure_best_practice_audits,embed_large_logreg,0,1,98,8009af26f9d7407e1ae55cfc4779b4b279c3d930f343295afcb1dabb6c4f5771,yes,yes,0.5847517848014832,1,1
supply_chain_disclosure_best_practice_audits,embed_large_logreg,0,3,99,20ffaa2b9dbb70e5796aaeb58543484710a8828de00250b6639f69c9e65bc92a,yes,yes,0.8862249255180359,1,1
supply_chain_disclosure_best_practice_audits,embed_large_logreg,0,0,100,459bed595f402efcac27f2132f647c7bad0622691786e37af3b3902fe7ed6d30,yes,yes,0.6014842987060547,0,2
supply_chain_disclosure_best_practice_audits,embed_large_logreg,0,1,101,031856afb140c703e4a301ce8e6393551af830f3c4945305e23735bdc5dc5e8d,yes,yes,0.5232366919517517,0,2
supply_chain_disclosure_best_practice_audits,embed_large_logreg,0,2,102,6be5c550eecd21d8130ce8d2534fda585336bbd469b636be126d1930496943ef,yes,yes,0.5257790088653564,0,2
supply_chain_disclosure_best_practice_audits,embed_large_logreg,0,4,103,cb1d66fe19e860b6174d574ad92b146dcfb31769b3f045c4268b796d39ace598,yes,yes,0.7176347970962524,0,2
supply_chain_disclosure_best_practice_audits,embed_large_logreg,0,4,104,b8f56656615d580b345dadc70ccbde392c6aa9477d92ffd07eb5fd126fb52749,yes,yes,0.7658647298812866,1,1
supply_chain_disclosure_best_practice_audits,embed_large_logreg,0,4,105,e1e9ff82d278af02d188aaab6558d189bc48fdbc54aed68d83ed47c4cbc0ff08,yes,yes,0.8632378578186035,1,1
supply_chain_disclosure_best_practice_audits,embed_large_logreg,0,3,106,5d2e2af1f56ad0b84e2849ad94c7f9b8502c7f564e8e9948112364d32f117415,yes,yes,0.8958055377006531,1,1
supply_chain_disclosure_best_practice_audits,embed_large_logreg,0,3,107,7c0433d913d5d9e83b1a7479c578dedbb65de78fd669dac303b240517f525ac7,yes,yes,0.5370818972587585,0,2
supply_chain_disclosure_best_practice_audits,embed_large_logreg,0,1,108,487257cd89e1e218cee478fba0884b272dc42d42a47b82dd366d389a8b5db279,yes,yes,0.5300949811935425,0,2
supply_chain_disclosure_best_practice_audits,embed_large_logreg,0,3,109,a65ed6ff518a4c68f06e526e47cb1116cb4661c3ed635c6780dd4806b5cde7bb,yes,yes,0.8735215067863464,1,1
supply_chain_disclosure_best_practice_audits,embed_large_logreg,0,3,110,6c8d0687947cec71e1a1cb8a1383c11e0adb47d0e54ea48aafdb5a03e950fee1,yes,yes,0.5859188437461853,0,2
supply_chain_disclosure_best_practice_audits,embed_large_logreg,0,0,111,642eb832cde6ce9f5b08d631301f2eeff3be1414e98cb19a29c1e9a2ba1c24c6,yes,yes,0.5564793944358826,0,2
supply_chain_disclosure_best_practice_audits,embed_large_logreg,0,0,112,375dbda1e8323ea8520c1f6256c9b927c68151c652c6b58105a00d1ab2271c9c,yes,yes,0.5195227265357971,0,2
supply_chain_disclosure_best_practice_audits,embed_large_logreg,0,4,113,b19887857cd233945689ec8336c60d2f73d70846421c657f0be1c6a92bbc7518,yes,no,0.5250843919838784,0,2
supply_chain_disclosure_best_practice_audits,embed_large_logreg,0,1,114,f0a3886cf3e1d2070dc523492943cfcd3e499d24b52fc793a0fb7725adfe16f2,yes,yes,0.5508537888526917,0,2
supply_chain_disclosure_best_practice_audits,embed_large_logreg,0,0,115,376f27182efb4c1fe0ce63cffb0beea5d342c2296eb0f8a9e57769b2078f92c6,yes,no,0.5596764087677002,0,2
supply_chain_disclosure_best_practice_audits,embed_large_logreg,0,3,116,672f49a21e2f43bf1d7affa3e679d9d23f2677e346077297c3ce8c69996abc9f,yes,yes,0.6404145359992981,0,2
supply_chain_disclosure_best_practice_audits,embed_large_logreg,0,0,117,e04a261511b639d13eff7977e3a3d96a624c24da4e20bcea440d03ce7e3ae68e,yes,yes,0.7324749827384949,1,1
supply_chain_disclosure_best_practice_audits,embed_large_logreg,0,0,118,c95024d3b100f9153f41395f2e5c661f54c684d7d8038f764a81c77987cd944c,yes,yes,0.6468548774719238,1,1
supply_chain_disclosure_best_practice_audits,embed_large_logreg,0,1,119,0c2fd8335e8a32cd836ad0fac339e53728d9dd1b1739ac86260707d4b7cf5102,yes,yes,0.5309191346168518,0,2
supply_chain_disclosure_best_practice_audits,embed_large_logreg,0,1,120,fc4c958267d1a005d1c9d5f0ac60c24f69650d1fbb89a618551194f3abb45a0a,yes,no,0.5144532322883606,0,2
supply_chain_disclosure_best_practice_audits,embed_large_logreg,0,0,121,0efe9e66d9baf00c14469130c1d532f4abeb43c7f893eae6a44dab6313d4fb74,yes,yes,0.6192538142204285,0,2
supply_chain_disclosure_best_practice_audits,embed_large_logreg,0,2,122,459a17fd7ed2fb62ccf60f909dab8f4e9f41f8f620571c720e0d6449b3243f1c,yes,no,0.6414629029791682,0,2
supply_chain_disclosure_best_practice_audits,embed_large_logreg,0,2,123,8c190cb913388a32b8ef0c5126e5c392d243b3583fd89923b21d8621b7f16f97,yes,yes,0.7699159979820251,1,1
supply_chain_disclosure_best_practice_audits,embed_large_logreg,0,0,124,dece42af518250889be48080639ae862a6244394a9cfabf7ce7c4af677218640,yes,yes,0.5298383831977844,0,2
supply_chain_disclosure_best_practice_audits,embed_large_logreg,0,1,125,40b7a53af6c489016a3c39a0c23daaf2b4ff6197c2b53acaf1ee59067d17b38a,yes,no,0.5528666973114014,0,2
supply_chain_disclosure_best_practice_audits,embed_large_logreg,0,2,126,929891ba31548db1aa694753669e3c24a30e1788a99151d98b539c39011f0c6e,yes,yes,0.500047504901886,0,2
supply_chain_disclosure_best_practice_audits,embed_large_logreg,0,0,127,9ffb371008bdf3d9905cc135199ff19454aa55be24ff6556d8f180a5a82601c4,yes,yes,0.7356705665588379,1,1
supply_chain_disclosure_best_practice_audits,embed_large_logreg,0,0,128,4cbcd769a0f437d0d8cac94bce5b472c7304848c39ba945db73525d09dd92f29,yes,no,0.5455292625883001,0,2
supply_chain_disclosure_best_practice_audits,embed_large_logreg,0,3,129,28443bea33a9cfa2056f9e550d7afacc19053d096a108db12f87a2e90de7ad14,yes,yes,0.5542443990707397,0,2
supply_chain_disclosure_best_practice_audits,embed_large_logreg,0,1,130,53b1a4e96ad74195e550599949adc135a68d11a2761b215e2d3c5f78fac20ff4,yes,yes,0.5021499991416931,0,2
supply_chain_disclosure_best_practice_audits,embed_large_logreg,0,1,131,457aa4a03d6d45f3e6544e847d352d46186cccc1f81d8cb481bf644db7af99f3,yes,no,0.5501743719033709,0,2
supply_chain_disclosure_best_practice_audits,embed_large_logreg,0,1,132,b36c6cc2c4974c8c6877811a1a305dea8be3cb2d15bde1c0c9eb16c92139773f,yes,yes,0.5723621249198914,1,1
supply_chain_disclosure_best_practice_audits,embed_large_logreg,0,0,133,95a16109c1891d82eeafded1e727f6561d5e8c7475e3e4e26d3c11ca744c6547,yes,yes,0.5540064573287964,0,2
supply_chain_disclosure_best_practice_audits,embed_large_logreg,0,2,134,921b410be7bc7b2de67384cb33f2212547c80d1e0d373fde36b9efa85af4bbd2,yes,yes,0.7488535642623901,0,2
supply_chain_disclosure_best_practice_audits,embed_large_logreg,0,3,135,4a3619506781d26fc853745317c36841d51d17c4453fa9792f2a6ec932c1b7f9,yes,yes,0.7767190933227539,0,2
supply_chain_disclosure_best_practice_audits,embed_large_logreg,0,0,136,30a167de20776b14c84cbc4a797def3569824661dd4a47f98a8e2cf261e55c03,yes,yes,0.633232831954956,0,2
supply_chain_disclosure_best_practice_audits,embed_large_logreg,0,4,137,391ccdc3a1a0f1231bbac5db1ce4e442afa3f3d79dc8b4293b88f93209811a6d,yes,yes,0.592716634273529,0,2
supply_chain_disclosure_best_practice_audits,embed_large_logreg,0,4,138,151ef6b81c9ba20818d173a6b34a499bd330ac8b55583759ebc444cb3e997ee9,yes,yes,0.5913338661193848,0,2
supply_chain_disclosure_best_practice_audits,embed_large_logreg,0,3,139,00f788466575e92cb6cd9b6bece2b76116328a72f455bfbf1b31c1a61e42a48e,yes,yes,0.545156717300415,0,2
supply_chain_disclosure_best_practice_audits,embed_large_logreg,0,1,140,ef2c6382e5dc53301bd218ec96105515da4a8331f35b814e7a7f38ea085ce13f,yes,yes,0.5279824137687683,0,2
supply_chain_disclosure_best_practice_audits,embed_large_logreg,0,3,141,04288152a54520da15135a2da000a2cf47ca7108eb4ed77b37713dc7ead5834b,yes,yes,0.6872430443763733,0,2
supply_chain_disclosure_best_practice_audits,embed_large_logreg,0,0,142,78781bf0a8697fd3f3409d0b8bd3967222d89b46f61f1ec355bda7d55721e5e4,yes,yes,0.6055301427841187,0,2
supply_chain_disclosure_best_practice_audits,embed_large_logreg,0,1,143,3c7c5ae2aa151786ba4a73c291ce5e1a0a2b03a30c29cf3328495fb37d9aece7,yes,yes,0.653760552406311,1,1
supply_chain_disclosure_best_practice_audits,embed_large_logreg,0,4,144,2509ba56d644ea014a3e0fa3d0d6874c3cd2c6a28788f805fd9c6758e313ab8f,yes,yes,0.7840607762336731,1,1
supply_chain_disclosure_best_practice_audits,embed_large_logreg,0,1,145,01eca6a511ea344abc3cf6dee3b61342273cacd73fd16da7f8f69dbf49142d75,yes,no,0.5127062644748013,0,2
supply_chain_disclosure_best_practice_audits,embed_large_logreg,0,4,146,a16e8a50ee6e37a4589de3344628e84d9c80280c3ba92ec3972f6b853cbf7c2e,yes,yes,0.8365318775177002,1,1
supply_chain_disclosure_best_practice_audits,embed_large_logreg,0,0,147,45bd51009e1e64c672134259f2b5ede08866a003283780b51c4818c318a172fc,yes,no,0.5721529892728624,0,2
supply_chain_disclosure_best_practice_audits,embed_large_logreg,0,3,148,9e1afd1f029efd031171df47a2ca39fb5420f30cd60b2fd9e1b0a8875cd25e49,yes,yes,0.782308042049408,0,2
supply_chain_disclosure_best_practice_audits,embed_large_logreg,0,0,149,4b31ff48711f468ee6a1562ebc1e3389c382fd1c448638c0eda617de2469b754,yes,no,0.5661093165311014,0,2
supply_chain_disclosure_best_practice_audits,embed_large_logreg,0,3,150,0d783ce52643a830262a183e1f3340dfa5e11782478d1c01ad53d0076c4c73d4,yes,no,0.5582329201171672,0,2
supply_chain_disclosure_best_practice_audits,embed_large_logreg,0,0,151,baace2e4253ecc8d61872f3b64835bb002f2a49a97e7d4c31adc7b078bc0a85f,yes,yes,0.6769436597824097,1,1
supply_chain_disclosure_best_practice_audits,embed_large_logreg,0,2,152,396d5edabfc1cc0317011328bc857e25c1640c119ce86f4b99f02862697e7df8,yes,no,0.7148032401443494,0,2
supply_chain_disclosure_best_practice_audits,embed_large_logreg,0,1,153,0c532687e912f2d64ff38f5eed8a18b3179c544a30dd454a0e4adc0617bafbef,yes,yes,0.6232430338859558,1,1
supply_chain_disclosure_best_practice_audits,embed_large_logreg,0,2,154,607ecb634c0681303ee57bf7366b51214e7db74d4d4c0675d3806628cffdbffb,yes,yes,0.6248016357421875,0,2
supply_chain_disclosure_best_practice_audits,embed_large_logreg,0,4,155,14759c3262b6131be28f172314d3243dbc099f7cb099c03a4e85397e876c8b56,yes,no,0.5956121505614475,0,2
supply_chain_disclosure_best_practice_audits,embed_large_logreg,0,0,156,32260ecf26035d5e5df015a53c55c1fa3414a446aee4f3709c38ccf58df0ca66,yes,yes,0.5774654746055603,0,2
supply_chain_disclosure_best_practice_audits,embed_large_logreg,0,4,157,5ae1b1df5103d563678ef0e3bd377743146e4315d7a2bf0c895ece3a203e57a5,yes,no,0.6036705790856308,0,2
supply_chain_disclosure_best_practice_audits,embed_large_logreg,0,3,158,5d1fc63f4139faae3bfe28443da26e285c4bb8f1d308b6ff4b7b1b75cc2c1e80,yes,yes,0.6971184015274048,0,2
supply_chain_disclosure_best_practice_audits,embed_large_logreg,0,4,159,39e33483b6daed03fd99c05cd1c125e6b18f5af6c51ec943acdeaa4b1ee84166,yes,no,0.8086392638492803,1,1
supply_chain_disclosure_best_practice_audits,embed_large_logreg,0,0,160,3daa8ec03c0ed46a2b9f72cbb4723307035f5c52b6f89d28317e2a6b303d6247,yes,no,0.7088958621025085,1,1
supply_chain_disclosure_best_practice_audits,embed_large_logreg,0,2,161,0c82ffaee114b837e9f974f4e80361b373b8c00d329a258aa8a80fb9b1f4e398,yes,no,0.5686228275299072,0,2
supply_chain_disclosure_best_practice_audits,embed_large_logreg,0,4,162,07c6e827cc6c23cd27132b4c99cdd5e4258ea66c0b532d59b29055c8e5cedc14,yes,yes,0.8816465735435486,1,1
supply_chain_disclosure_best_practice_audits,embed_large_logreg,0,4,163,575b6c919a2ada10f464c7b46bc2b934726e9c993c82384121938de3ec6d3259,yes,yes,0.6198411583900452,0,2
supply_chain_disclosure_best_practice_audits,embed_large_logreg,0,4,164,21bfadb1e773c7ba5a13997f0fb26b6975502bebe37fe323b42580c521a1600f,yes,yes,0.8307239413261414,1,1
supply_chain_disclosure_best_practice_audits,embed_large_logreg,0,1,165,562ebd404575617d0f8d7b9efb34742cf5ddd488563c2500c9aec2ca6c214663,yes,yes,0.5614257454872131,0,2
supply_chain_disclosure_best_practice_audits,embed_large_logreg,0,3,166,78456786d204455184c362ece71adf15b8e1a55b2b2e857ebb83507e9881cb4e,yes,yes,0.6186854243278503,0,2
supply_chain_disclosure_best_practice_audits,embed_large_logreg,0,1,167,6ea4297c021e920636315a3b8cd9f75283c91cc9053cccc8f74a085fac3ff9e6,yes,yes,0.5012365579605103,0,2
supply_chain_disclosure_best_practice_audits,embed_large_logreg,0,4,168,d7246cb68425a99318147f0f1fe2dcbb042807eb08603cbe9904847610a446e0,yes,yes,0.8457461595535278,1,1
supply_chain_disclosure_best_practice_audits,embed_large_logreg,0,4,169,f8401a13ab0b03ea07669144d0d263b35b0c21e834a4da3c577de48bdf482495,yes,yes,0.6780915856361389,0,2
supply_chain_disclosure_best_practice_audits,embed_large_logreg,0,2,170,a4e29359bcaec8e1536b48faecaba98004ae3f5854c7402ba7740252b24e59ec,yes,yes,0.7807083129882812,1,1
supply_chain_disclosure_best_practice_audits,embed_large_logreg,0,1,171,61bcec93f20473c4dd8792a0590cd52ebb4e73b93cce84104e1821b66585ae36,yes,no,0.5156401991844177,0,2
supply_chain_disclosure_best_practice_audits,embed_large_logreg,0,4,172,051d82ea698c7defeb37ae5b11301eca98346930ddd52562f9aea2bbac1b413d,yes,yes,0.813588559627533,1,1
supply_chain_disclosure_best_practice_audits,embed_large_logreg,0,4,173,ef497929adb29de6160875c9594ed91f6ec6548653bca2492ebcd49f7324e9b1,yes,yes,0.6473072171211243,0,2
supply_chain_disclosure_best_practice_audits,embed_large_logreg,0,2,174,93bb3e29ce9e7036bd4c6725e22905194dfbb28fbe4e38678c89b9588ae43da4,yes,no,0.739720344543457,0,2
supply_chain_disclosure_best_practice_audits,embed_large_logreg,0,3,175,dd5ea83860728cd69a48d8ee326e7998b3e4d597bd167390eff08fab3423660d,yes,yes,0.5149915218353271,0,2
supply_chain_disclosure_best_practice_audits,embed_large_logreg,0,3,176,acf95ae6504008b3675b5a6e1d34dcf3e2ae5a31a2c52ab178689b08b1e52318,yes,yes,0.6034600734710693,0,2
supply_chain_disclosure_best_practice_audits,embed_large_logreg,0,3,177,feb00174787409b226e12959e1eec4d9c76105dcc553753d24bfa85b06fa13a8,yes,no,0.5051690936088562,0,2
supply_chain_disclosure_best_practice_audits,embed_large_logreg,0,1,178,4e157c907f1a39c4736c42962bdcd0647aba4fc2d56996b1a7d865e6fed2b387,yes,yes,0.5906034708023071,1,1
supply_chain_disclosure_best_practice_audits,embed_large_logreg,0,0,179,b01aaacbff761f1d09ba1fd4477b90c6e5723fbf33f70d4a6c4092180818be85,yes,yes,0.6861140131950378,1,1
supply_chain_disclosure_best_practice_audits,embed_large_logreg,0,2,180,21caaa5906e5a0b027392e17755bdb5e69f2fbeeab9457431ce75f2563ed54f7,yes,yes,0.8415242433547974,1,1
supply_chain_disclosure_best_practice_audits,embed_large_logreg,0,3,181,596504be5142fc5222baf19af3a06f62e1c31bdf6053136081a7aa8300a515c0,yes,yes,0.8099104762077332,0,2
supply_chain_disclosure_best_practice_audits,embed_large_logreg,0,4,182,b0825404cd40d6659e58b65251fa3700b8ca36acce0c7e74e5ec60d73f009c2b,yes,yes,0.6420748233795166,0,2
supply_chain_disclosure_best_practice_audits,embed_large_logreg,0,3,183,2c330a1ba17f5fd6fcbe0c35d683859c0e61aae4aad2422c88ecae48ec2fb137,yes,yes,0.5405957698822021,0,2
supply_chain_disclosure_best_practice_audits,embed_large_logreg,0,1,184,1531fdb46dfdd8cefa201ef9546bdc219dc7ec61de3612565a5a597833bca11c,yes,no,0.5392971038818359,0,2
supply_chain_disclosure_best_practice_audits,embed_large_logreg,0,0,185,ed5516e94ba0f9873e91a7c51a694a4b275288be9b383d487d2c473eec82d333,yes,yes,0.6740027070045471,1,1
supply_chain_disclosure_best_practice_audits,embed_large_logreg,0,1,186,d03e6766a02ffc8423ba39940ce8a69fd03ea5e93edfb327af258dabd75c9e5e,yes,yes,0.5218625664710999,0,2
supply_chain_disclosure_best_practice_audits,embed_large_logreg,0,0,187,8a81109a73b838cbc58d4bf69f51eb6f1dee99da7818cde561d4cc9350058f7c,yes,yes,0.5350217223167419,0,2
supply_chain_disclosure_best_practice_audits,embed_large_logreg,0,1,188,ad8df74a5604a274f191b30942519d471ef007f2cb2afc12ca66cd73490f140b,yes,yes,0.6247119307518005,1,1
supply_chain_disclosure_best_practice_audits,embed_large_logreg,0,3,189,3236cea34e746c2854726aafd2b42f4c763e91efd983f92bd5d46b37934ce701,yes,yes,0.5945127010345459,0,2
supply_chain_disclosure_best_practice_audits,embed_large_logreg,0,2,190,244d7fc55eab9fe22ac8639ef434c9d3948c9bedb7453b1980ec8f1229bb2c68,yes,yes,0.6891992092132568,0,2
supply_chain_disclosure_best_practice_audits,embed_large_logreg,0,1,191,5b777db784a0ad2ff2f63cd6ac341cec919f6db8e66c1a7c8afcca4bda0856f1,yes,no,0.5304664373397827,0,2
supply_chain_disclosure_best_practice_audits,embed_large_logreg,0,4,192,a536c2e629791ea99d535deb51d04d6950ca7e778e2b8fabd5107530ecf3b63d,yes,yes,0.6752181053161621,0,2
supply_chain_disclosure_best_practice_audits,embed_large_logreg,0,4,193,c1782493d0a641f2d98c277b11023e4adb7fa2fc203ee4dac76fa3dd572915e8,yes,yes,0.6127087473869324,0,2
supply_chain_disclosure_best_practice_audits,embed_large_logreg,0,0,194,c7792639dfd396f47fe6f339c6da513ede7315959767ab9dafb88309769dbab6,yes,yes,0.6162886619567871,0,2
supply_chain_disclosure_best_practice_audits,embed_large_logreg,0,2,195,ae215269eaa9afcae52c3c7fad43d01a78c9e122205651439d9bf2e5671676af,yes,yes,0.7967216968536377,1,1
supply_chain_disclosure_best_practice_audits,embed_large_logreg,0,4,196,30079533bf5c7357cd70f9cf1cbc13700f5c3e515d3c5ebbe55c0943cb3cd3d3,yes,yes,0.5873060822486877,0,2
supply_chain_disclosure_best_practice_audits,embed_large_logreg,0,2,197,ef8843ad04ca905381cc9dc85e84a4c4e9c5a2861f05e5fce9fa5066e7f7876d,yes,yes,0.8901660442352295,1,1
supply_chain_disclosure_best_practice_audits,embed_large_logreg,0,1,198,7c18061590aa800422b5635e324664e2dc3382d93bdd896d73512fd499719d54,yes,yes,0.5117797255516052,0,2
supply_chain_disclosure_best_practice_audits,embed_large_logreg,0,2,199,56c25d4eb4588f13327a6b3f6d1bf423858c24d3e72ca640819f1aff6fffb588,yes,yes,0.7802345752716064,1,1
supply_chain_disclosure_best_practice_audits,embed_large_logreg,0,1,200,37fb8de488cb40c4b049e28e90cefa770eb07d1059f2e68c706d35d39deaf7a6,yes,no,0.5606927871704102,0,2
supply_chain_disclosure_best_practice_audits,embed_large_logreg,0,4,201,d6943bae94c68dbe413f37141c963ec0da0f265c3d6cd601971199d07c838bcf,yes,no,0.5387037992477417,0,2
supply_chain_disclosure_best_practice_audits,embed_large_logreg,0,0,202,738411246babffb6b853c81c2ab34295e5db281b7e730293ed8d1ad31e1d30cb,yes,yes,0.6595314145088196,1,1
supply_chain_disclosure_best_practice_audits,embed_large_logreg,0,2,203,4d4c98bf199646728c2a7b80140d0f8bfa90311619ddd101e7e81d8da51eba3f,yes,yes,0.5616609454154968,0,2
supply_chain_disclosure_best_practice_audits,embed_large_logreg,0,2,204,3887f474ec6dfe32935833b72b870ee0ee25207e9c2d7cad91f1d4792356e278,yes,no,0.5234583616256714,0,2
supply_chain_disclosure_best_practice_audits,embed_large_logreg,0,3,205,5183361573f996b8425904aba330bdb33a14f3a40e5a13d71f8a4dfa32ee601c,yes,yes,0.5239452719688416,0,2
supply_chain_disclosure_best_practice_audits,embed_large_logreg,0,3,206,b7fef818a202c62579781f6a16fdc3fbe95b7014de4c7fc7c0bfd72085b49111,yes,yes,0.873144268989563,1,1
supply_chain_disclosure_best_practice_audits,embed_large_logreg,0,3,207,7f71163235d108c9e78fa664d5bef08dabfa91cfbbdcd9f3d08391db22af380a,yes,yes,0.8561962246894836,1,1
supply_chain_disclosure_best_practice_audits,embed_large_logreg,0,3,208,5695147a701cc755d386897ef3916ae914a81943569ef4fe344ca24a43d906ee,yes,yes,0.7194410562515259,0,2
supply_chain_disclosure_best_practice_audits,embed_large_logreg,0,2,209,b18c36bddd3d7b476ce5b9e82b759a1230ce387c9ef91dd060c50f7a7fb551f5,yes,yes,0.7830595970153809,1,1
supply_chain_disclosure_best_practice_audits,embed_large_logreg,0,2,210,0a76fce024d1ded8f815f5aeddfd0f478fe16661931e2f3658f76bca65572613,yes,yes,0.869853675365448,1,1
supply_chain_disclosure_best_practice_audits,embed_large_logreg,0,1,211,b5f480ca28f49024bd818f6af65275cc36a6022530a28fa2648ddb7da3f86839,yes,no,0.5268772683478216,0,2
supply_chain_disclosure_best_practice_audits,embed_large_logreg,0,3,212,255fd01e686472de43e42c9c117018713274490a02b2df34c1bc9ea698083b88,yes,yes,0.7853624820709229,0,2
supply_chain_disclosure_best_practice_audits,embed_large_logreg,0,0,213,c1b7a9f6e0096a280a7cff21a3d2d2a788fda487fb4778bff25572d53d220dd8,yes,yes,0.5464609265327454,0,2
supply_chain_disclosure_best_practice_audits,embed_large_logreg,0,4,214,8e4caa63c82cc004c6a03ff6278f68d26b0d6195e385e25392f38000f093728e,yes,no,0.7138044621406656,0,2
supply_chain_disclosure_best_practice_audits,embed_large_logreg,0,4,215,5246f2f270d78e6a7ee150dfeb414ed591d6d868246b224415d78f8dcb33c791,yes,yes,0.769034206867218,1,1
supply_chain_disclosure_best_practice_audits,embed_large_logreg,0,2,216,dc87f2b33f12048f543e0a8cc1526f23fe4e72f15a6f2f1decf2a602f0eadf1b,yes,yes,0.873528242111206,1,1
supply_chain_disclosure_best_practice_audits,embed_large_logreg,0,1,217,3045163bc73fcda0d5d8a7800ea68f83f22b0d7e71099dbf8bf7030daca5c21a,yes,no,0.502382412623835,0,2
supply_chain_disclosure_best_practice_audits,embed_large_logreg,0,3,218,4c7d5ee51cc7b5700e6104e6c501ce5b41ed859fcf48fdb1057af364fba88a8e,yes,yes,0.5491104125976562,0,2
supply_chain_disclosure_best_practice_audits,embed_large_logreg,0,2,219,bd4c1f1cf2fc2181caa3f8384bb1b4d9195039f6a32c4609aa60fff706567b74,yes,yes,0.7053629755973816,0,2
supply_chain_disclosure_best_practice_audits,embed_large_logreg,0,4,220,77ad10e7c8d412c275543817ff3fbae1b314666dc24e6b51452fee9982cb31ec,yes,yes,0.8282308578491211,1,1
supply_chain_disclosure_best_practice_audits,embed_large_logreg,0,3,221,be62d87c4255e3586bdf7df9901d04563f034fa4e1c974936be58d86bae1221c,yes,no,0.5999305069467274,0,2
supply_chain_disclosure_best_practice_audits,embed_large_logreg,0,4,222,c28332da856f34b6a44fb9b64740e960ec60cbce5cfb5a4d5a7697e4796c9b42,yes,yes,0.9005655646324158,1,1
supply_chain_disclosure_best_practice_audits,embed_large_logreg,0,0,223,f5a6277f734ce623abb70561bc333f40c516432889b7170fe537795f0b0d1dfe,yes,yes,0.7351119518280029,1,1
supply_chain_disclosure_best_practice_audits,embed_large_logreg,0,2,224,c40939ccc68ff214deef38f965d504bec913cb7a2f3c74d2ece1a45866e275d9,yes,no,0.5582396388053894,0,2
supply_chain_disclosure_best_practice_audits,embed_large_logreg,0,2,225,829a910f071a32bcafaaa8663dbdf625ce4b5548e0b6c349d0dc9ac3703a1122,yes,no,0.7125986218452454,0,2
supply_chain_disclosure_best_practice_audits,embed_large_logreg,0,1,226,f1638844a53628837ad5d89cfcdeecc0f5bb34cfc57eb62570e26ff4a1cf62da,yes,no,0.5438191728645809,0,2
supply_chain_disclosure_best_practice_audits,embed_large_logreg,0,0,227,902f081f4eba26153cd2c7c4a497205b912767790306d278827259370ff02e5a,yes,yes,0.5508138537406921,0,2
supply_chain_disclosure_best_practice_audits,embed_large_logreg,0,4,228,ca1da196f15bf1f779e22e5e1a695d8b7a71804e15e2d5e7feff77800f931548,yes,yes,0.8395525217056274,1,1
supply_chain_disclosure_best_practice_audits,embed_large_logreg,0,0,229,5f6bc442d00e4fa861670fafbb8a27c94547c1508938c9d29e3d899bfc2ba60c,yes,yes,0.5784875154495239,0,2
supply_chain_disclosure_best_practice_audits,embed_large_logreg,0,1,230,f2c4a70d75d38bdb8ddcf24ce6b3bbc1270aa929b58238973c10a2f20dcf0d75,yes,yes,0.5074971914291382,0,2
supply_chain_disclosure_best_practice_audits,embed_large_logreg,0,1,231,8bf9eb09cc0e8fd59010ab76b7c69b9e1e43c539995dc000c6861a83b2d81707,yes,no,0.563560962677002,0,2
supply_chain_disclosure_best_practice_audits,embed_large_logreg,0,1,232,f7cf08b6965795f5c7d3d054023aac6ccdeabdb48f991c84e2931966f6ad041d,yes,no,0.5197881615098763,0,2
supply_chain_disclosure_best_practice_audits,embed_large_logreg,0,3,233,1c7fa227e0dc0b3f0683ec2411f95409c3417c9b96f8516a9f76bb71971c3978,yes,yes,0.6174113750457764,0,2
supply_chain_disclosure_best_practice_audits,embed_large_logreg,0,0,234,5f24817add32407e6acc884463b789a68919be44f960ad31c19f73970ec67edd,yes,no,0.6153170053755345,0,2
supply_chain_disclosure_best_practice_audits,embed_large_logreg,0,0,235,f3669d8939961578a7f23f5801a8f8915334ee6e2197feeaffc15c7042fe0c20,yes,yes,0.6150345206260681,0,2
supply_chain_disclosure_best_practice_audits,embed_large_logreg,0,4,236,06c17d0d305d5233112fb0bca036055b06f839ff3e6eef40071ed1a3802d4a7e,yes,yes,0.8236467838287354,1,1
supply_chain_disclosure_best_practice_audits,embed_large_logreg,0,3,237,f3e83ec97ee5386134f54fd9a9f7c19f68cc121dc9f6f5ba2618dfcd1c4b3b66,yes,yes,0.8228521943092346,0,2
supply_chain_disclosure_best_practice_audits,embed_large_logreg,0,0,238,f894ff8baed215fe478a03c4f70e0ae70f1dee90d635e8bf521bcf7c2c5d5d8c,yes,yes,0.6795533299446106,1,1
supply_chain_disclosure_best_practice_audits,embed_large_logreg,0,4,239,0959b643a8baf490de768c9a042a1cff4f7ba07e8c3a35f1d3c88073b5c659bb,yes,no,0.6145908649387698,0,2
supply_chain_disclosure_best_practice_audits,embed_large_logreg,0,0,240,c603ec107332b17d63d9c056e5827a42faf80cee9ecf616f78b74d7b26aca002,yes,yes,0.6484417915344238,1,1
supply_chain_disclosure_best_practice_audits,embed_large_logreg,0,1,241,cff6dc284e486a2f018540356c568bd866b086fd09ab993a34321b8282b62dff,yes,no,0.5122429285121837,0,2
supply_chain_disclosure_best_practice_audits,embed_large_logreg,0,2,242,f1ffa5b7ab4faafc9099101fbcac382df8a721f39c48a1fb4eff0f8263e12ddd,yes,yes,0.7019535303115845,0,2
supply_chain_disclosure_best_practice_audits,embed_large_logreg,0,4,243,7358882b282e44427d46aa23e131b40ce9cb810d4046b9b5b1b29019a7bafd97,yes,yes,0.6677780747413635,0,2
supply_chain_disclosure_best_practice_audits,embed_large_logreg,0,1,244,39716913d74b739a4abccba43e643a747078c53268d60308a0981129848fe379,yes,yes,0.5715841054916382,0,2
supply_chain_disclosure_best_practice_audits,embed_large_logreg,0,0,245,aacaba1b480efdbb8a8d7f064c31e6c8bb5d15a859dde769c4e38d8f39544726,yes,yes,0.6990941166877747,1,1
supply_chain_disclosure_best_practice_audits,embed_large_logreg,0,1,246,625e4fb7cc51b77995b363889fc63bbadb80c2bc91fb2880c1018ab4741d3b7c,yes,no,0.5116325769314938,0,2
supply_chain_disclosure_best_practice_audits,embed_large_logreg,0,2,247,cadb995cb17c99a0479f83cf2c9ef1624ee2362bfba9690abd6fcc060800c76a,yes,yes,0.6018919348716736,0,2
supply_chain_disclosure_best_practice_audits,embed_large_logreg,0,4,248,ab606b741090016f818eb0cb7e260b416330418b8003a89245993e73bf8630d0,yes,yes,0.6145797371864319,0,2
supply_chain_disclosure_best_practice_audits,embed_large_logreg,0,2,249,cc0bd56a8fa41797d21f3f767f99f08c0d47e85478b58e4221224373d2c04763,yes,yes,0.6247283816337585,0,2
supply_chain_disclosure_best_practice_audits,embed_large_logreg,0,3,250,1294ab0087ad5087a538686b745d3e7db23d18cc7f4f6f530cc80e2ac5f4db00,yes,yes,0.7068672180175781,0,2
supply_chain_disclosure_best_practice_audits,embed_large_logreg,0,2,251,94afabafc1a2e279104f1d46c17a267d3986bec668852ff48007a09bf59540ad,yes,yes,0.8288539052009583,1,1
supply_chain_disclosure_best_practice_audits,embed_large_logreg,0,3,252,6132d8d18112fa7d61ba37ff4d62b1c1c54f81b63eb04af24889c178eac1b7f5,yes,yes,0.8086509704589844,0,2
supply_chain_disclosure_best_practice_audits,embed_large_logreg,0,0,253,8c27ca919f3a1c88913da54bb4a77bba34322faffaf8e221698a9d377dbe8c52,yes,no,0.5888287004479379,0,2
supply_chain_disclosure_best_practice_audits,embed_large_logreg,0,0,254,13a1d68844cb18a366fbe726bce7132ea31a4fbed461a3d8e40fe9c27604ab0c,yes,yes,0.6775422096252441,1,1
supply_chain_disclosure_best_practice_audits,embed_large_logreg,0,2,255,96815958503862c65f14b779ce716b39e74afb0aac85ec7b03e85152838e44b0,yes,no,0.5766560435295105,0,2
supply_chain_disclosure_best_practice_audits,embed_large_logreg,0,0,256,73eed2cd61ac0ea6ae32683a83e2b0e5738d28779452c6ed7cb6f7eadd0e2261,yes,yes,0.5944966673851013,0,2
supply_chain_disclosure_best_practice_audits,embed_large_logreg,0,0,257,373083f104edd5a192773c0a179c9788a933c15a1571ba09d81e8033116bf6c4,yes,yes,0.6207415461540222,0,2
supply_chain_disclosure_best_practice_audits,embed_large_logreg,0,2,258,eade8098bb75f44ddc8f9427c116b373a4abfcf40e4dcf8e2774b900155008a0,yes,yes,0.5893064737319946,0,2
supply_chain_disclosure_best_practice_audits,embed_large_logreg,0,3,259,013f12d740fc3d68af91928317abf93d62dd424d19d1137d161e2693551f67e3,yes,no,0.5286760330200195,0,2
supply_chain_disclosure_best_practice_audits,embed_large_logreg,0,2,260,bf3486f95c637ed4c0f6e7987cd08241cbaa680a7e6a37850cb43d0042e06cad,no,no,0.7796997311756055,1,1
supply_chain_disclosure_best_practice_audits,embed_large_logreg,0,1,261,17b7c487cc98c7e8e49c1c50b503ac7d38f2734055411ae4ae7b698cb622add3,no,no,0.5200023806095833,0,2
supply_chain_disclosure_best_practice_audits,embed_large_logreg,0,3,262,8af0b9f5fd790626bb4db3c123e1eb46e4ce609c0a22a6c74820808d33d2e351,no,yes,0.5800815224647522,0,2
supply_chain_disclosure_best_practice_audits,embed_large_logreg,0,4,263,4711f4cfb8352d9bee2590efd786b65a53292b22ea7e088a282787c6669af84d,no,no,0.8802322745323181,1,1
supply_chain_disclosure_best_practice_audits,embed_large_logreg,0,1,264,6280d5d3a4a66af42f0a860a6e1bef945aaac4cd6695915cab72224d2110b691,no,yes,0.5313995480537415,0,2
supply_chain_disclosure_best_practice_audits,embed_large_logreg,0,0,265,168f343929f3968913069fd4fe3ea2090bcc1a567ad31fa5d6834c9d9d8ee1d5,no,no,0.5016261339187622,0,2
supply_chain_disclosure_best_practice_audits,embed_large_logreg,0,1,266,71386be1f3486406f1a3cf5dfee5e266834f063cbf2bfb914213afe0d7458bb1,no,no,0.5538057684898376,0,2
supply_chain_disclosure_best_practice_audits,embed_large_logreg,0,0,267,00768c68746cc07a0855f2e858ea0b79d89c52616ea96f63e3b7d7113ad78409,no,yes,0.7085655927658081,1,1
supply_chain_disclosure_best_practice_audits,embed_large_logreg,0,2,268,73be09f2cbe8d3723f914f0901b9b1199c1c4b1c8cf68937bada35a3da53af17,no,no,0.7497221231460571,0,2
supply_chain_disclosure_best_practice_audits,embed_large_logreg,0,0,269,96700d3c63698f7fc8d4ea778f120a3d46929a5734a3c86cfa59d7a160ef608e,no,yes,0.5164884328842163,0,2
supply_chain_disclosure_best_practice_audits,embed_large_logreg,0,4,270,b11583189d07bb6c3452ea92f85ffc89db81f8f0bb7f000a3d4b4d62e7eec5c0,no,no,0.5587558912860122,0,2
supply_chain_disclosure_best_practice_audits,embed_large_logreg,0,0,271,2c33b85eaa7cbe07fb355c5e6f1156c2063261897778d650af9ba90bc60754c2,no,yes,0.5192082524299622,0,2
supply_chain_disclosure_best_practice_audits,embed_large_logreg,0,3,272,203ed0f85c23f811b2013c75119ab4107bb94611678786bf334e168d337dfd91,no,no,0.5291441521303608,0,2
supply_chain_disclosure_best_practice_audits,embed_large_logreg,0,0,273,29f5a73f0eb2112c2e8648ba539c6e8540af14f4e9972e5f4dc3409460c124a7,no,yes,0.5229803919792175,0,2
supply_chain_disclosure_best_practice_audits,embed_large_logreg,0,0,274,529fbe231a56762bee94fca3a926dfbe380e1a1a4899d3eee0104c0f6d69fd90,no,yes,0.6457758545875549,1,1
supply_chain_disclosure_best_practice_audits,embed_large_logreg,0,4,275,c4a4dd3902ba1e7f9bd8aec6700ede838bef8b038357041988488f41c58fd818,no,yes,0.6007601618766785,0,2
supply_chain_disclosure_best_practice_audits,embed_large_logreg,0,4,276,072d2e8050c2b36c8c5ff2c7aff95b88f8fd6cccc76368e10be132a17e092b7d,no,yes,0.7620220184326172,1,1
supply_chain_disclosure_best_practice_audits,embed_large_logreg,0,4,277,a86f11debb6ead7654a11b993c384f748c0211f80d9cf6ec15379718865bb14b,no,yes,0.6243652701377869,0,2
supply_chain_disclosure_best_practice_audits,embed_large_logreg,0,1,278,dec95cde6289a27cf2fa4c129a8fe002cd9efe24fe0c76194cd80b81d4d25646,no,no,0.5534482167198722,0,2
supply_chain_disclosure_best_practice_audits,embed_large_logreg,0,3,279,278a88f973ea6da6e167d46d0b191eee85edd560cf58a096d19bf9f0385f078f,no,yes,0.8449760675430298,1,1
supply_chain_disclosure_best_practice_audits,embed_large_logreg,0,4,280,9f9d1126a707de4b474cf7e0fc08299ad856bdb4a0bfe68914a374466df2ba79,no,no,0.7515229954861702,1,1
supply_chain_disclosure_best_practice_audits,embed_large_logreg,0,3,281,49e44d01a8d96ebc8362b1012e8fe169fc8ba19015002d2415f18d38e34e543f,no,no,0.7142748832702637,0,2
supply_chain_disclosure_best_practice_audits,embed_large_logreg,0,2,282,7aff74a42e71a0efa775083fed4b831acd81e1c7a72ea3ab95fa0010cbd1b047,no,yes,0.5779557228088379,0,2
supply_chain_disclosure_best_practice_audits,embed_large_logreg,0,3,283,c0e1213a6c7f271618273d37e7c4d80e49f79f3cb5a1276394122a181df3af93,no,yes,0.6151915788650513,0,2
supply_chain_disclosure_best_practice_audits,embed_large_logreg,0,3,284,162326a6ce5c56ccf790f70cb837962b40b3bc3287e736e1be05be79c4e6bce9,no,yes,0.5437315106391907,0,2
supply_chain_disclosure_best_practice_audits,embed_large_logreg,0,1,285,446398bfee4175c67b2956599c14af90b0edd482e1dce8163481a203948007dd,no,no,0.547037975401818,0,2
supply_chain_disclosure_best_practice_audits,embed_large_logreg,0,4,286,ba33f9b515db096d9ae8836a3b69ce9148b85a2f3bd641c7a5fcba3f6b073736,no,no,0.8487419829147463,1,1
supply_chain_disclosure_best_practice_audits,embed_large_logreg,0,4,287,0b218c20d44772c56168aad84ee04aa59a41e91c16b8af3ec7318f2db50abac9,no,yes,0.6406911015510559,0,2
supply_chain_disclosure_best_practice_audits,embed_large_logreg,0,2,288,a6098775d1f58c7495bade73c71a163bda773200d559daf386859c20452c9497,no,yes,0.5200859308242798,0,2
supply_chain_disclosure_best_practice_audits,embed_large_logreg,0,4,289,0bb83f5175555cfaa916ed3929534af9f11e955ce4ff57612f69713e94993937,no,no,0.5695181915307584,0,2
supply_chain_disclosure_best_practice_audits,embed_large_logreg,0,0,290,389a4e760129e6e54975f074004e2fec1753d42f1e48343f1b10d47d6fcac37e,no,yes,0.5452423095703125,0,2
supply_chain_disclosure_best_practice_audits,embed_large_logreg,0,0,291,d57214d0e9a179e422fbe3b51666f953ceda30db4a7ce444e66f35c2904d4c84,no,no,0.5998080968856812,0,2
supply_chain_disclosure_best_practice_audits,embed_large_logreg,0,4,292,4f3067260931b33e6f0dcd9414705fb435db8f6aac3bf072fcf443d96f77932c,no,yes,0.6125723719596863,0,2
supply_chain_disclosure_best_practice_audits,embed_large_logreg,0,0,293,143076a0b6c3b4b2c37750896a92e809870b097c81c38be1d50dce2c008d9eb2,no,no,0.647167980670929,1,1
supply_chain_disclosure_best_practice_audits,embed_large_logreg,0,2,294,3bce2b75988d047a0d7a0deea7d519effb6c58310ec68cc20fa6cce9c3b54f1b,no,no,0.853915704100068,1,1
supply_chain_disclosure_best_practice_audits,embed_large_logreg,0,0,295,5ba25ab1ef701ffb4ef46c65dacf4c7fff4bf56cb6c3b355c39768b828753eb2,no,yes,0.6508700847625732,1,1
supply_chain_disclosure_best_practice_audits,embed_large_logreg,0,2,296,c09af0b827ba4837bfe03f4efcc035c576b40c281b86c6d5cf4d9a9452124fe4,no,no,0.5881130695343018,0,2
supply_chain_disclosure_best_practice_audits,embed_large_logreg,0,2,297,d318eaf94df22e65541a2d801bf35239ef508dd99ccf9a378d2f01328b1b29f8,no,yes,0.5918886661529541,0,2
supply_chain_disclosure_best_practice_audits,embed_large_logreg,0,0,298,b215c45d50089d0cd1585a907239c94da9543ad54bd7a50f9cf22478364ff754,no,yes,0.7311683893203735,1,1
supply_chain_disclosure_best_practice_audits,embed_large_logreg,0,4,299,9d071de4e714afecba60136fc13d2fd5d799fa73ec323fa5b32f33261331fc95,no,no,0.6985307723721632,0,2
supply_chain_disclosure_best_practice_audits,embed_large_logreg,0,1,300,b48a0124d9c28eba8793c0639caa52128545630d8a846c28ab4f01eb7cde60e0,no,no,0.6399154472376273,1,1
supply_chain_disclosure_best_practice_audits,embed_large_logreg,0,3,301,f604a8e5fc84e2cb8f3210b72d51555bfad329c64660c42250ca1403fec24f72,no,yes,0.6360728740692139,0,2
supply_chain_disclosure_best_practice_audits,embed_large_logreg,0,2,302,dfd391e41957d1ac236feb8094f25b8ef1bb5bb23df2361d1e0b96cdcf4d8334,no,no,0.531819760799408,0,2
supply_chain_disclosure_best_practice_audits,embed_large_logreg,0,2,303,da6cb12627d752d97c8b74cd52766dd24bf238718d113b3b633ccfb1b8a34605,no,no,0.5650627444665807,0,2
supply_chain_disclosure_best_practice_audits,embed_large_logreg,0,0,304,968b24534319b3352bfda7565390677a43bff36eba314281473cc77c382f7459,no,no,0.5046490430831909,0,2
supply_chain_disclosure_best_practice_audits,embed_large_logreg,0,3,305,4441c0b5b2cc678233438e17f40bbaa0525429c3e46d1ba3068a07a61b93ac90,no,no,0.6280451825843697,0,2
supply_chain_disclosure_best_practice_audits,embed_large_logreg,0,0,306,e7be9434bab5ee26ff724ad366dd76a6eb91f1c4d40da2a6a8cacdadec1b2cef,no,no,0.6111447993262052,0,2
supply_chain_disclosure_best_practice_audits,embed_large_logreg,0,2,307,f4f4adbea45122fdb1d3bbd6cd8cdeb27833cdb5d576db84c1eda5e29dcaee5f,no,no,0.5903384685516357,0,2
supply_chain_disclosure_best_practice_audits,embed_large_logreg,0,2,308,23cc46b8e873878abcf6bddaef16294515cd6ff0c31f4b9c469cf5d98cd31970,no,no,0.6666562755899511,0,2
supply_chain_disclosure_best_practice_audits,embed_large_logreg,0,0,309,4812c78abc5dfdced8315b1ba8d4b75c05311b916aa75c4d90debdfc6f969f74,no,no,0.6979967563747393,1,1
supply_chain_disclosure_best_practice_audits,embed_large_logreg,0,1,310,83f36822a559802b4975bbd8ddaa42349b8ee30eaf1e14b895b064dc2d783343,no,yes,0.5846174359321594,1,1
supply_chain_disclosure_best_practice_audits,embed_large_logreg,0,1,311,6bd5e103d0200987b6d5a975589d665847c4a5cb70be72a8ec7b797be539ca1b,no,yes,0.5295955538749695,0,2
supply_chain_disclosure_best_practice_audits,embed_large_logreg,0,1,312,396db51b94e5987c9f4291a20606d3214010cae759f026fc485bfdccb44d32fa,no,no,0.505226194858551,0,2
supply_chain_disclosure_best_practice_audits,embed_large_logreg,0,1,313,32aac534cc8c69b44cffb558d1687dde646c903551f4716d35f361ff9dfef7bc,no,yes,0.5007852911949158,0,2
supply_chain_disclosure_best_practice_audits,embed_large_logreg,0,1,314,cbd37b5b1d68d6e3051fe7d37866a22b605c82f43a4558b539cc921a761165da,no,no,0.5240941203860676,0,2
supply_chain_disclosure_best_practice_audits,embed_large_logreg,0,3,315,93385e4040b8a9e2244312c589f32c019276499f4d77dc979a43a063da101d79,no,no,0.7985009073987739,0,2
supply_chain_disclosure_best_practice_audits,embed_large_logreg,0,4,316,fd5ab74802751c150fc6ffc9f5fc04a7520d18f5e369c5198e123110ae82e19b,no,no,0.7635679244995117,1,1
supply_chain_disclosure_best_practice_audits,embed_large_logreg,0,1,317,c39413cbf6175d72ce6425d54415f612eb915e3a715f188af606596ffd3c5c5a,no,yes,0.568681538105011,0,2
supply_chain_disclosure_best_practice_audits,embed_large_logreg,0,3,318,d13bde6dbbb3e00674ae5199051fa37761040e06ca97d1fcddd06d1ca5a95012,no,yes,0.5448267459869385,0,2
supply_chain_disclosure_best_practice_audits,embed_large_logreg,0,0,319,a70cae38bc14a6f8f9ff25c6f6fc01da33d93a293a9faa412ec7fd88b01dab57,no,yes,0.5459820628166199,0,2
supply_chain_disclosure_best_practice_audits,embed_large_logreg,0,1,320,3d8984baef0ba18103046a21a24eaa95a7315dac31f46efd9d70b2de535cb462,no,no,0.5088398456573486,0,2
supply_chain_disclosure_best_practice_audits,embed_large_logreg,0,1,321,27802664c2d01aa9a779698077273b0dfbb4e4c37c59ec27a359740e25c22b42,no,no,0.5604297089704784,0,2
supply_chain_disclosure_best_practice_audits,embed_large_logreg,0,2,322,c8ba7ee2aff1efe743ffdd333d82a22572e92a917542d07d056d220a47de9d41,no,no,0.8423463231674779,1,1
supply_chain_disclosure_best_practice_audits,embed_large_logreg,0,2,323,3197363915acc24a03e50b624d5514a7aae17a858feaebce00133fca51c8ab4e,no,no,0.6082078037200033,0,2
supply_chain_disclosure_best_practice_audits,embed_large_logreg,0,0,324,0befd85c57d5cc436139e85b69ed400d5bef008c4e62d3c2edc68db2816c720d,no,yes,0.5980308055877686,0,2
supply_chain_disclosure_best_practice_audits,embed_large_logreg,0,1,325,511c8ce5808e6bd8d67a22f804e04fe11901c30d1c6316a4cf9d7ecf7650b4e7,no,yes,0.5678373575210571,0,2
supply_chain_disclosure_best_practice_audits,embed_large_logreg,0,0,326,c27e6fadd2b0b3eb12322506eb24c1c751d3d78f654dde666d6ae98bea4843d6,no,yes,0.6224239468574524,0,2
supply_chain_disclosure_best_practice_audits,embed_large_logreg,0,3,327,31bd0760ea5f242b9f1c3214f1def028d570d735060898e3dfe0692b784765c6,no,yes,0.6152467131614685,0,2
supply_chain_disclosure_best_practice_audits,embed_large_logreg,0,4,328,0605d4ef497301876468cc2abc3991419cb67ab9f6f44508b0849ad5cf2bc53a,no,no,0.5683554410934448,0,2
supply_chain_disclosure_best_practice_audits,embed_large_logreg,0,3,329,61fdcfca449fbfdb032d1d9c17f754d30f1640a83287a1b9920ca671c0bc204f,no,no,0.5912479162216187,0,2
supply_chain_disclosure_best_practice_audits,embed_large_logreg,0,3,330,cde51c4232abd6a3d2b26f8ef8d8222f4018c74db11f9042f8d1f02d7b38d0ee,no,yes,0.5827003717422485,0,2
supply_chain_disclosure_best_practice_audits,embed_large_logreg,0,3,331,319f9e927445f3d22c3c88b50343f05c4b5e9652ee4c548d6428c7fbfa6ddb18,no,yes,0.6964825391769409,0,2
supply_chain_disclosure_best_practice_audits,embed_large_logreg,0,4,332,189c16c1e54172f9e82ad90fdfd5e678727d91bda7c553e141882e572dd268de,no,yes,0.7298889756202698,0,2
supply_chain_disclosure_best_practice_audits,embed_large_logreg,0,3,333,50bc448a6e56c7b8a2cc2d46b2f97fd9cb0e9d4e8d9c08464f7f83ce1087ca64,no,yes,0.7726349830627441,0,2
supply_chain_disclosure_best_practice_audits,embed_large_logreg,0,2,334,1d40ab814671064c78b4e4b52104b7c67dd683a3660819cf3f84d9f8fb431067,no,no,0.600910484790802,0,2
supply_chain_disclosure_best_practice_audits,embed_large_logreg,0,0,335,616072472d0a990fbc711a6602843e35e185e74e6783dad5587dc1a74f7564b5,no,yes,0.622995138168335,0,2
supply_chain_disclosure_best_practice_audits,embed_large_logreg,0,1,336,4b44ec066ecab4f9d6bf9bd182434dd023a65373af82a4b71049e0e039377bb5,no,no,0.5706875154171135,0,2
supply_chain_disclosure_best_practice_audits,embed_large_logreg,0,3,337,f75e522355c0c0d4675648d8939f58f0ec9be70cb95841db451b5e375c1a89e0,no,yes,0.5141258239746094,0,2
supply_chain_disclosure_best_practice_audits,embed_large_logreg,0,0,338,fa6b3e76ad96618009ffc2f157f3ca4d543344f3dc774b60cb2107497173bbb2,no,no,0.580311119556427,0,2
supply_chain_disclosure_best_practice_audits,embed_large_logreg,0,1,339,4a0ff924d0af0c575b3be2e72b34334f61fac916dfdeef18d4d8b2786d5a055c,no,no,0.5993228972159953,1,1
supply_chain_disclosure_best_practice_audits,embed_large_logreg,0,2,340,a2c3a52ee094219ed5814abd08612de2476dc3c07d49af67be0302a80c6214d6,no,yes,0.7155479788780212,0,2
supply_chain_disclosure_best_practice_audits,embed_large_logreg,0,2,341,95fc1e387da1c2ef3c88f6b5a13bd043d0bcb9d99736badacc5810f4e69f6ead,no,no,0.5143813933616461,0,2
supply_chain_disclosure_best_practice_audits,embed_large_logreg,0,4,342,890c6a25c312a4255ede6c1b5569bef48435d8858fb1ad26a3a541896113f791,no,yes,0.6105521321296692,0,2
supply_chain_disclosure_best_practice_audits,embed_large_logreg,0,4,343,1d04a8b5ec608d80d692c827ee93b276d14a3b5ce3ce5e5d38c1f64046ca2164,no,yes,0.9256160259246826,1,1
supply_chain_disclosure_best_practice_audits,embed_large_logreg,0,4,344,5b2dad8f75d721ee621a1a59f7a9a94122fc51b61d681720d8f6feb20955f873,no,no,0.5587186813354492,0,2
supply_chain_disclosure_best_practice_audits,embed_large_logreg,0,3,345,4742b083f9d4160e57ed034142afeb23e254b242fcf6a61c5610897189c37d0d,no,yes,0.6644052267074585,0,2
supply_chain_disclosure_best_practice_audits,embed_large_logreg,0,3,346,b33ee53ceb9352753d8eed3360ba28d8c47838544e26df87b06b0629f85abbc7,no,yes,0.6985673308372498,0,2
supply_chain_disclosure_best_practice_audits,embed_large_logreg,0,1,347,a691807189c6dff4664d336078a034a8af9d49c86e0f4379c3c0d5ca80cd47a0,no,no,0.6503414511680603,1,1
supply_chain_disclosure_best_practice_audits,embed_large_logreg,0,3,348,03916a7e2107458575027c95858e95e02f45009f5bcecbbba957af619f214e96,no,yes,0.6198100447654724,0,2
supply_chain_disclosure_best_practice_audits,embed_large_logreg,0,4,349,337eac86a7ed305d725b924b7de373c3d0504a440bba1405decf7be11c2b34a9,no,yes,0.7797534465789795,1,1
supply_chain_disclosure_best_practice_audits,embed_large_logreg,0,2,350,4bc5542025350d91bbe713d5ef7111c64ee186faec13989fbff30704352647b7,no,yes,0.7565732598304749,1,1
supply_chain_disclosure_best_practice_audits,embed_large_logreg,0,0,351,7c74070fd3590918c058469fa3c201147083b789e575edc07df20c082a180302,no,no,0.5855434115392987,0,2
supply_chain_disclosure_best_practice_audits,embed_large_logreg,0,4,352,d0664eb101108ed4106770b8ccbb1a8919975cf2aad682315cd97a0b5eeb99c8,no,no,0.7356055755732782,0,2
supply_chain_disclosure_best_practice_audits,embed_large_logreg,0,0,353,c60dd149ee7c246d148509fae225b586775c8507972ab1eabbf727c5f8e7c79f,no,yes,0.5270470976829529,0,2
supply_chain_disclosure_best_practice_audits,embed_large_logreg,0,2,354,28e5e89e983fe11d4fe513af1d2e124be02e54440e1013f26e37f42a95fae74c,no,no,0.6549449162168776,0,2
supply_chain_disclosure_best_practice_audits,embed_large_logreg,0,4,355,be342d0ba3afd69f4b1ed982cddc42bdd2bc8627333f859b23a80eefae95323b,no,no,0.5864165004019887,0,2
supply_chain_disclosure_best_practice_audits,embed_large_logreg,0,4,356,b1a10b2ac1ff6205d95bf78c935c9e215fb3e7febd37a5c41c5f6a90a71b8321,no,no,0.5244466066360474,0,2
supply_chain_disclosure_best_practice_audits,embed_large_logreg,0,2,357,583b8ebb8255f9589f012b68d1273468b40591ee99033e845869c2c21f2aebe1,no,no,0.5362224578857422,0,2
supply_chain_disclosure_best_practice_audits,embed_large_logreg,0,0,358,1893fb2f00cc58f4377a2868cc85f79105500067ec465ee406df6811a2ba6fab,no,yes,0.6752912998199463,1,1
supply_chain_disclosure_best_practice_audits,embed_large_logreg,0,3,359,82a8133be0fa802002cb741817aeefae6af67d1b167f8d2597832bea8b4bcae2,no,no,0.806549835107478,0,2
supply_chain_disclosure_best_practice_audits,embed_large_logreg,0,3,360,6330f93d46deabef60b77631dddbd90916bf329a1274ab475af4034e0414e801,no,no,0.7854878306388855,0,2
supply_chain_disclosure_best_practice_audits,embed_large_logreg,0,2,361,a755105d219ad2c94dad6fb3e687221d0988b19734b874d618caee0c39428703,no,no,0.5760374240886398,0,2
supply_chain_disclosure_best_practice_audits,embed_large_logreg,0,2,362,1ae6dcfd7fda95f910cd66b4dadbe426f4d4f3805170498ffc16446a4b816227,no,no,0.657328943689795,0,2
supply_chain_disclosure_best_practice_audits,embed_large_logreg,0,4,363,6005d637aec6968fd09b9156f9c4b42cea3ea4cf5711a412c8199a74e6b0da6d,no,yes,0.6583389043807983,0,2
supply_chain_disclosure_best_practice_audits,embed_large_logreg,0,2,364,e22eb40d5a0e35ac139d6625ba9fe83b5d9cc62fe73344788c6fbf34601eb66e,no,no,0.6696528196334839,0,2
supply_chain_disclosure_best_practice_audits,embed_large_logreg,0,2,365,b0ca0d813fe62b540b47121478904fe14e2847113e1093363f19f3c530ffd780,no,yes,0.7490589618682861,0,2
supply_chain_disclosure_best_practice_audits,embed_large_logreg,0,1,366,126cf937cb1a759c366b806643329bf0d1541ae8cc5d4d3ab1291fab336e0e2f,no,no,0.5945134340081643,1,1
supply_chain_disclosure_best_practice_audits,embed_large_logreg,0,3,367,b3ba7ed6334a095408711307b7b6d765a247957b2d8cf2c3fb74aab1848d4478,no,no,0.5735004544258118,0,2
supply_chain_disclosure_best_practice_audits,embed_large_logreg,0,1,368,42252d18326239ebb7a4bd9a369d958b552ade3a81818a7b33b5c7a254186386,no,yes,0.5207738876342773,0,2
supply_chain_disclosure_best_practice_audits,embed_large_logreg,0,0,369,1d8ec0aa2dde44562bea9e56edd84aafdefd120268eb03e844526b3528ccc5fb,no,no,0.5869151949882507,0,2
supply_chain_disclosure_best_practice_audits,embed_large_logreg,0,4,370,d62cebfdc280570fae7895fb04d0666af038f0325c877e2bf486cc8aab9b741f,no,no,0.5916903614997864,0,2
supply_chain_disclosure_best_practice_audits,embed_large_logreg,0,3,371,18b3aa7da2676a92694698ba51e9d1406f32f4d2e6a4f456717df617b747dc27,no,no,0.5721856355667114,0,2
supply_chain_disclosure_best_practice_audits,embed_large_logreg,0,1,372,d2101f76c6dfeb150215dfc3c747d278ed02b68c118346418eff466ec7e58111,no,no,0.5272251963615417,0,2
supply_chain_disclosure_best_practice_audits,embed_large_logreg,0,3,373,04ab2f27eec1c522ad9e668f4c68200eeab67868264dbf343658dc8d9a1c8f45,no,yes,0.6260614991188049,0,2
supply_chain_disclosure_best_practice_audits,embed_large_logreg,0,1,374,98d820923bcd03faee2d85e8d8a5a6c16f2d445795a1c658130203c5766b0497,no,no,0.5098471641540527,0,2
supply_chain_disclosure_best_practice_audits,embed_large_logreg,0,0,375,f712982ec8f374fc723b5aee46de82200f2a4f333ae3e6fb45e1aecd1916c30d,no,no,0.5371974866747107,0,2
supply_chain_disclosure_best_practice_audits,embed_large_logreg,0,1,376,d56330358a4f915da1d08b99375ace062ef622d4a645a2c4476474c8a6303f10,no,no,0.5518011019170612,0,2
supply_chain_disclosure_best_practice_audits,embed_large_logreg,0,2,377,1b424930328a00849ed3e051ff08961ed0d9abdacf308421a660728083fa9062,no,no,0.5675995519041882,0,2
supply_chain_disclosure_best_practice_audits,embed_large_logreg,0,1,378,e08f36d3835ba4da0d6cb67088f631323be5705467f895cfcf7cacab604f8d65,no,no,0.6023806929588318,1,1
supply_chain_disclosure_best_practice_audits,embed_large_logreg,1,3,0,9d54e6c772949bfb6b364e2d7006fb131ac4294d6529566b2d88c78014eb6a1d,yes,yes,0.675564706325531,0,2
supply_chain_disclosure_best_practice_audits,embed_large_logreg,1,4,1,6bd8ec1448ec24fd291dc77052268939f67f9cfea5b76bd69388e542e0b53419,yes,yes,0.643968403339386,0,2
supply_chain_disclosure_best_practice_audits,embed_large_logreg,1,1,2,cfd25f9be7d33e9e2626fa8f008705300a927fdffb8d298eb046111abadd5313,yes,yes,0.5197160840034485,1,1
supply_chain_disclosure_best_practice_audits,embed_large_logreg,1,4,3,2f6b42c2613958a15c6634faad8dce008342e61c935053e805fb0f1fff7e4aa5,yes,yes,0.6050190329551697,0,2
supply_chain_disclosure_best_practice_audits,embed_large_logreg,1,4,4,dd521a35f676e54ddd4c10353a5b613a177a8c4ab4053780ebfac40ccda839f6,yes,yes,0.5348895192146301,0,2
supply_chain_disclosure_best_practice_audits,embed_large_logreg,1,0,5,33e4c0559a94c7dce28fd5c76870036003e5e62eed6cf35cdc1c63a6b0a6569f,yes,yes,0.6047695279121399,0,2
supply_chain_disclosure_best_practice_audits,embed_large_logreg,1,4,6,fb9db00dc94a7d11b1f1dc759bdaa0ab4132a345c4f4c79fa1b99a4f3feabec7,yes,yes,0.5847437381744385,0,2
supply_chain_disclosure_best_practice_audits,embed_large_logreg,1,4,7,a3a6ab356fbf9711c2b5414d31490eead3dd8e73d43141d8c1c133c314b5f163,yes,yes,0.6987680792808533,0,2
supply_chain_disclosure_best_practice_audits,embed_large_logreg,1,2,8,7a0cea15013a413c9095a12a26a110ad23082840e0980ef5ea664df3aa587c79,yes,yes,0.5644047856330872,0,2
supply_chain_disclosure_best_practice_audits,embed_large_logreg,1,1,9,ded19f85f9c4d9d7f469200e17647cd8ecc12c2da48288385855657ec1b5adf5,yes,yes,0.5254498720169067,1,1
supply_chain_disclosure_best_practice_audits,embed_large_logreg,1,4,10,edbc6a22c498b82bac2202f1e46acbeaedfb015c0444653d0b0aeb6099e37ff7,yes,yes,0.8762227892875671,1,1
supply_chain_disclosure_best_practice_audits,embed_large_logreg,1,2,11,72cbb74b67a42c66920815b763cc6896803bfbe9a4dde82490f10909e1dfcbec,yes,yes,0.744686484336853,1,1
supply_chain_disclosure_best_practice_audits,embed_large_logreg,1,2,12,b6f77759748e520cb2650c9d05bfabeb352e52aeb1c443de23d4c8058ffbae34,yes,yes,0.8730347156524658,1,1
supply_chain_disclosure_best_practice_audits,embed_large_logreg,1,2,13,dade26e8398dbb799fd50eb54dbcd3e6ab8b4c274c793f921a58a02434c8b920,yes,yes,0.7379628419876099,1,1
supply_chain_disclosure_best_practice_audits,embed_large_logreg,1,1,14,ca680947ea1c383262052c8e93e441eefb9f5c56853cfdc57b710b6763858524,yes,no,0.5177586232947893,0,2
supply_chain_disclosure_best_practice_audits,embed_large_logreg,1,3,15,6567baee48eaca37363905900994df097ee69c55020b441e3135e706805c61aa,yes,yes,0.900503396987915,1,1
supply_chain_disclosure_best_practice_audits,embed_large_logreg,1,3,16,3f83f1e16a6ae23ed6f0bb9678979f85323df70d52e5af7828b1bed5744918b1,yes,yes,0.5294402241706848,0,2
supply_chain_disclosure_best_practice_audits,embed_large_logreg,1,3,17,37ed9ddde655fb5e0bedd0751e547d4b678cb2a4faeb1a803f4fde03b96df247,yes,yes,0.6462369561195374,0,2
supply_chain_disclosure_best_practice_audits,embed_large_logreg,1,2,18,927e63eace0a5b571aaae87c06d33ec73b502b226e5e07f69211aac675c9199d,yes,yes,0.6118017435073853,0,2
supply_chain_disclosure_best_practice_audits,embed_large_logreg,1,2,19,67595c9be4cf851988bc1fc7cdcedef276346c043520046d91bb26c48edac6cc,yes,no,0.5506567790908581,0,2
supply_chain_disclosure_best_practice_audits,embed_large_logreg,1,4,20,97859a9430e770c53776bdb64bcac6e1057b25056282b1a971f3143449b8ae52,yes,yes,0.6843494772911072,0,2
supply_chain_disclosure_best_practice_audits,embed_large_logreg,1,2,21,d70648593b74ef9e2bc2de57c4dd94c2323fa8cd58e0083ea94ae75980c167fd,yes,yes,0.6010627746582031,0,2
supply_chain_disclosure_best_practice_audits,embed_large_logreg,1,1,22,52f6bfce60e5ece10730f4e80ac4d6d0a44cf613425838d5b0805482b44527f6,yes,no,0.5028220265262715,0,2
supply_chain_disclosure_best_practice_audits,embed_large_logreg,1,2,23,e50372eb04052599ab62fed9665c237fbb1fafd32f6502757f0d0bc648ee5072,yes,yes,0.729608416557312,1,1
supply_chain_disclosure_best_practice_audits,embed_large_logreg,1,0,24,450bbed24b34b5272d476f23a5de997f8ff5490a0e106d7cdec0c059964c5c25,yes,yes,0.5982955694198608,0,2
supply_chain_disclosure_best_practice_audits,embed_large_logreg,1,4,25,f2116c063ca557116fe78a21ccd8f5607276835e91875fc11bf12932dddc984f,yes,no,0.7636659031560138,1,1
supply_chain_disclosure_best_practice_audits,embed_large_logreg,1,1,26,aafd7fd03c4909c8dc45f9cb2cd65c636a86fc13ac4f6c08c449151b9a47fef7,yes,yes,0.5127246975898743,0,2
supply_chain_disclosure_best_practice_audits,embed_large_logreg,1,3,27,33043270153f967b1fcebdd792621661d4f1066634cad83e35b51a515630ac38,yes,yes,0.7728878855705261,1,1
supply_chain_disclosure_best_practice_audits,embed_large_logreg,1,4,28,43294ee8c35a7c5c0a600a0522b094cbf6660d69944080ca876844efa92382dc,yes,yes,0.6775340437889099,0,2
supply_chain_disclosure_best_practice_audits,embed_large_logreg,1,2,29,b68f1b883214616d4922a65d201ee2ea9db1a0122864b78ccbbf5ee46c7a8f7b,yes,yes,0.7453939318656921,1,1
supply_chain_disclosure_best_practice_audits,embed_large_logreg,1,0,30,7310ac62e99a4e8b1a34fce3d7086304d24c92e3534b4100b1c05e58506ac4b1,yes,yes,0.5780476331710815,0,2
supply_chain_disclosure_best_practice_audits,embed_large_logreg,1,4,31,b32275d570cb22080951b4812db4ef3e116eb01260737efd0035c8ac82e331f9,yes,yes,0.5615091323852539,0,2
supply_chain_disclosure_best_practice_audits,embed_large_logreg,1,2,32,052895a7e776122c3bd93f43e5a766518ea710c81cd2d76001ab5d8e1a8e9576,yes,yes,0.7665615081787109,1,1
supply_chain_disclosure_best_practice_audits,embed_large_logreg,1,1,33,92cd4852e93b427437a48160221b761b265339694e1e9e4b6fbb4078283d47dd,yes,no,0.5056497009292156,0,2
supply_chain_disclosure_best_practice_audits,embed_large_logreg,1,1,34,a63bbe340e7e5559ab344685986e27ba29e7856a2bb43f559677d60bd6372b49,yes,yes,0.5299832820892334,1,1
supply_chain_disclosure_best_practice_audits,embed_large_logreg,1,0,35,4c66ac71222d0b9ea3d8106a65704219a05af6e124369c676e6d84e9e05eef96,yes,yes,0.6440969109535217,0,2
supply_chain_disclosure_best_practice_audits,embed_large_logreg,1,0,36,5a71be10ab1bfb61b9c98e5a9adce211ebf7cc64b75c2fe894b2da8f4f438624,yes,yes,0.556473970413208,0,2
supply_chain_disclosure_best_practice_audits,embed_large_logreg,1,0,37,7a943e9ef37d479a877b40d230449fde8ef8985c43c5795a2b67ad1a560ec3dd,yes,no,0.5536596940058378,0,2
supply_chain_disclosure_best_practice_audits,embed_large_logreg,1,1,38,eebfae389e1805a6524964b0a815e9e64c44ec4245148015e3ee4de8084556cf,yes,yes,0.5142661929130554,0,2
supply_chain_disclosure_best_practice_audits,embed_large_logreg,1,2,39,242ffbc9b3e5ff9fb89c658b1348a67d708b3cbbc0707ba7991cf585da68498d,yes,yes,0.700986921787262,1,1
supply_chain_disclosure_best_practice_audits,embed_large_logreg,1,2,40,6d4f73e7a6d1fea0e78502ec3d78016b8d7cc091321e361a13bcbc1c64abbc92,yes,yes,0.6815606951713562,1,1
supply_chain_disclosure_best_practice_audits,embed_large_logreg,1,0,41,e91b405667ff2e3c59a366f14d4e69a85adf7b37adfbe5cc0d4f68d3ff850477,yes,yes,0.6094713807106018,0,2
supply_chain_disclosure_best_practice_audits,embed_large_logreg,1,1,42,df4b5ecfdae8b9a769a3ceef89c8f2943eff05ffdb56a25b5ff2517b2a5774ad,yes,yes,0.5140982866287231,0,2
supply_chain_disclosure_best_practice_audits,embed_large_logreg,1,1,43,68dff8e9beb989b03b38607e665e4d5372e148fe089e55d47bec6692aea9c76a,yes,yes,0.5186880230903625,1,1
supply_chain_disclosure_best_practice_audits,embed_large_logreg,1,3,44,473f02f9766d1a9408898f92db8c82504af7648bb43d66a2d58ba393ad110cea,yes,yes,0.6953330039978027,0,2
supply_chain_disclosure_best_practice_audits,embed_large_logreg,1,4,45,40b81122b3ce13d0b02d3855a778d59dfa74dfe699922ad1cd59e4c945a11085,yes,yes,0.7209693789482117,0,2
supply_chain_disclosure_best_practice_audits,embed_large_logreg,1,0,46,be386186c94960b560719aa9801a2b53b610974576c933522e3bf0b7de9f75ee,yes,yes,0.711464524269104,1,1
supply_chain_disclosure_best_practice_audits,embed_large_logreg,1,2,47,54ba1171dd088353ea0094c11e682cce0bda3cce8961ca9686b40b33a7462851,yes,yes,0.5949245095252991,0,2
supply_chain_disclosure_best_practice_audits,embed_large_logreg,1,0,48,a5cd9829d0bb6680b12c38d718acd91f080de69f112a33da5f30ee6a651da5bd,yes,yes,0.553400456905365,0,2
supply_chain_disclosure_best_practice_audits,embed_large_logreg,1,1,49,a60b58ec65949fd64e04a7930db1d4f38f18d50de6cc77f83c3a1f018bb35971,yes,yes,0.5076478719711304,0,2
supply_chain_disclosure_best_practice_audits,embed_large_logreg,1,4,50,258ee064efae6bfc773d9e688e0e04507092de9bb4d6c023bdd08088ce9b7d0a,yes,yes,0.5716606378555298,0,2
supply_chain_disclosure_best_practice_audits,embed_large_logreg,1,2,51,3bb5ff0604197b2135281a129b8db0a49cf99b97683131f2595801f5a3538e48,yes,yes,0.6588006019592285,0,2
supply_chain_disclosure_best_practice_audits,embed_large_logreg,1,0,52,4124b6eeb003417bd70564ba2fde31be4a267b867426f07b7e40d3a5a42b955e,yes,yes,0.5929375290870667,0,2
supply_chain_disclosure_best_practice_audits,embed_large_logreg,1,1,53,6795adbe04130c6f667f1f3bfdf4477f9426ec504d554b86e3442d6bc01c64b3,yes,yes,0.5123245120048523,0,2
supply_chain_disclosure_best_practice_audits,embed_large_logreg,1,2,54,b624a5abb6fe61a77543f57ce95b180f41e23f122d7ea978a7f03a9080d0c117,yes,yes,0.5447338819503784,0,2
supply_chain_disclosure_best_practice_audits,embed_large_logreg,1,2,55,6434dbb7f593fcc55b97b67e6ab2b3bc4e6b0d9e0842c8fdbf3d79acd062e711,yes,yes,0.5215893983840942,0,2
supply_chain_disclosure_best_practice_audits,embed_large_logreg,1,1,56,2c5af191cf4c83284d0d480817f743f471028484b87e6533b0919f79d8be73da,yes,no,0.5069339275360107,0,2
supply_chain_disclosure_best_practice_audits,embed_large_logreg,1,0,57,1a95135ede09d2e63bd6b4a843062ac4af61a3fd3b03ede6d720351b54846dc4,yes,yes,0.6154690980911255,0,2
supply_chain_disclosure_best_practice_audits,embed_large_logreg,1,0,58,1810bea0a08d73c32b1805b8831178ca0ab8528b2d0f8ac88247661a6e69f8e7,yes,no,0.5769996815025712,0,2
supply_chain_disclosure_best_practice_audits,embed_large_logreg,1,0,59,5a2d69bd4e38c3951efb30708a40e3f4a39f104d84721cbf8c545d5ebbf5a979,yes,no,0.555461049079895,0,2
supply_chain_disclosure_best_practice_audits,embed_large_logreg,1,2,60,46835c7ca7f9d3ed9aac3bf85af18fe4658a5d4cecd054ad6219f1b379266b5a,yes,no,0.5702771970547081,0,2
supply_chain_disclosure_best_practice_audits,embed_large_logreg,1,2,61,19d22a3d9ae55ee79ad31bf1a33f28b73bf1af23a659ff9b50fd6a039c3c1015,yes,yes,0.6660411357879639,1,1
supply_chain_disclosure_best_practice_audits,embed_large_logreg,1,0,62,e0675a87b1557858af49db8846e7da2a54792cca0f4b6687547a06bc21752a64,yes,yes,0.5192456245422363,0,2
supply_chain_disclosure_best_practice_audits,embed_large_logreg,1,2,63,88e18396e51fd530b25dbdba867dee981f99e3bc9ee3e4495b541d3afb24f860,yes,no,0.5579875541333092,0,2
supply_chain_disclosure_best_practice_audits,embed_large_logreg,1,1,64,30c8b45d4999cf9de8c3c9318059611dc084dd5f81ec50a3ffefb4c434ea5d10,yes,yes,0.5047950148582458,0,2
supply_chain_disclosure_best_practice_audits,embed_large_logreg,1,3,65,bcc7c3c9238c4ca25a297bba82702f037934c89e424571ce800b424c2d72eb99,yes,yes,0.5831654071807861,0,2
supply_chain_disclosure_best_practice_audits,embed_large_logreg,1,0,66,d37dc7efcf545e24ea668accb8a8fc8c4b2d71c9a6b66829b6e7f5ad5887c55d,yes,yes,0.6659694910049438,1,1
supply_chain_disclosure_best_practice_audits,embed_large_logreg,1,1,67,1ff72a935e2581a73389e968b07a918171d3a71863f799670ce20e0422a77bc1,yes,no,0.508407339203139,0,2
supply_chain_disclosure_best_practice_audits,embed_large_logreg,1,3,68,7c213e830f4b18be4e5435844ebc2482efb5672c7e559006f5c1c21d16cce21f,yes,yes,0.7437188625335693,0,2
supply_chain_disclosure_best_practice_audits,embed_large_logreg,1,1,69,ca21f83512fd7ebfb00825a9d23131822aec5c635857f75025dae20d8e2aeab9,yes,yes,0.5113193392753601,0,2
supply_chain_disclosure_best_practice_audits,embed_large_logreg,1,0,70,583603f2fa828ad5e7283f6a522153df983d96151dd424e878bb41f458ff420a,yes,yes,0.5582022070884705,0,2
supply_chain_disclosure_best_practice_audits,embed_large_logreg,1,1,71,68f670418f0909105c1cb8844772825fb4ba489c72634c139452928eca657515,yes,yes,0.5498350262641907,1,1
supply_chain_disclosure_best_practice_audits,embed_large_logreg,1,0,72,a1ee39468479a4129fcd404c7b033a1667904771c45acb07969e94a5c816f741,yes,yes,0.599175751209259,0,2
supply_chain_disclosure_best_practice_audits,embed_large_logreg,1,4,73,1bbaf32745507e45914fe877698c77e2517b9dcb02e59aefb755e2cb05b3b6ce,yes,yes,0.636610746383667,0,2
supply_chain_disclosure_best_practice_audits,embed_large_logreg,1,3,74,6441a25c7e9aacdd81cbb5eb9006df4554ef2b778c49f73b61cb1a87d1e664a7,yes,yes,0.9149866700172424,1,1
supply_chain_disclosure_best_practice_audits,embed_large_logreg,1,3,75,7effe61be9495286cb7aa152dfe4bb187087cfbbadfd5ae74615afccc94ca5a2,yes,yes,0.6303359866142273,0,2
supply_chain_disclosure_best_practice_audits,embed_large_logreg,1,1,76,55149e53ccbcecf5b2bec61a13a083d8c80ef7d940bce4e69759bd859b75cf27,yes,yes,0.5407657623291016,1,1
supply_chain_disclosure_best_practice_audits,embed_large_logreg,1,3,77,ee9e57c3f7c911b1fd365b5aaadb5a15128e352364d4bec56ec84467d3ff736a,yes,yes,0.8432318568229675,1,1
supply_chain_disclosure_best_practice_audits,embed_large_logreg,1,3,78,d7b7e1ac46290add16f23c8195170499df669318e8158462abe68741792c3fc7,yes,yes,0.7373130321502686,0,2
supply_chain_disclosure_best_practice_audits,embed_large_logreg,1,3,79,4319a82278965a186ff1f30c53989cec45e638b378eab1febcbeb65f23fabe9f,yes,yes,0.7417020201683044,0,2
supply_chain_disclosure_best_practice_audits,embed_large_logreg,1,4,80,15e57eb32f969fcd0a6f49e9976788796a20f6e9807cda15d025765d4a4c6250,yes,yes,0.6930049657821655,0,2
supply_chain_disclosure_best_practice_audits,embed_large_logreg,1,0,81,f1e998799add05735d8e4ef8a7b0680c19790187dbe70fb785f32d106cac896b,yes,no,0.5106914195624417,0,2
supply_chain_disclosure_best_practice_audits,embed_large_logreg,1,1,82,db23799cc5ac6832bc82fc3c56b81ffda2cf099b7bb8dfc04851c7cc978d3860,yes,yes,0.509239137172699,0,2
supply_chain_disclosure_best_practice_audits,embed_large_logreg,1,4,83,2ebf21b254356e063ec495bc48e8b427c9cef0e023d6c440ab4695d670fac424,yes,yes,0.7288863658905029,0,2
supply_chain_disclosure_best_practice_audits,embed_large_logreg,1,3,84,f5f05ce191f8e498e77d5a82efe0cc9b7b0caca2cbd03855b4a3c04dd5326f82,yes,yes,0.6851621270179749,0,2
supply_chain_disclosure_best_practice_audits,embed_large_logreg,1,3,85,235ce0ea6083794379941800918b143e04bd02e90f6ca0df77dc219a03def0fb,yes,no,0.5296838879585266,0,2
supply_chain_disclosure_best_practice_audits,embed_large_logreg,1,1,86,675f9e573acd9ee413ee4098ecee6e28c67fb1251f10e277dc5f8251151e9da2,yes,yes,0.5047511458396912,0,2
supply_chain_disclosure_best_practice_audits,embed_large_logreg,1,2,87,2ff95ae87bf0173ba35ce7803ee7e2b6c3e55da5408e2849e2db1bf6be370c1f,yes,no,0.5929303345957498,0,2
supply_chain_disclosure_best_practice_audits,embed_large_logreg,1,4,88,c3c72b3814c06b5ae24ea5616a76e6e34d5e65a037e85d1de1b714979534a508,yes,yes,0.5460436344146729,0,2
supply_chain_disclosure_best_practice_audits,embed_large_logreg,1,4,89,1abad7524e193958a5e4e30aeee808127f7d6f94b84907ba346c856b1352d506,yes,yes,0.6366574168205261,0,2
supply_chain_disclosure_best_practice_audits,embed_large_logreg,1,1,90,d226bbab5779ded49db4f0c92048f30f3308fbc33dddc21c3f553fe8f87fcbf8,yes,yes,0.5327957272529602,1,1
supply_chain_disclosure_best_practice_audits,embed_large_logreg,1,3,91,3b4741877764990637a1268063f65f78bb8e594eae6d2906fe8bcd9f4257c7ff,yes,yes,0.793769896030426,1,1
supply_chain_disclosure_best_practice_audits,embed_large_logreg,1,4,92,3bd73a7cf410fc9b3e1ae11778d1f9a5e608ca828bdf80e624f9d0fe092636d8,yes,yes,0.6431207656860352,0,2
supply_chain_disclosure_best_practice_audits,embed_large_logreg,1,0,93,f8a69fcaa6995a987c838bf9355ef0f34e73d762cad7adb46499a4919cd21260,yes,yes,0.5499136447906494,0,2
supply_chain_disclosure_best_practice_audits,embed_large_logreg,1,1,94,2bc816bdb532b4fc74face24637b167b5cd6b7a156ba66b8ecdecca78ddb7a5e,yes,yes,0.5141552090644836,0,2
supply_chain_disclosure_best_practice_audits,embed_large_logreg,1,0,95,ab4d67c424e351a53a77b8c8217460def7339c7690bda9807f188c277abf99df,yes,yes,0.6153369545936584,0,2
supply_chain_disclosure_best_practice_audits,embed_large_logreg,1,3,96,5acad3a53814dc166c294d6012ee4d9876377e6c7dc9bcd4cb545aae89327aaa,yes,yes,0.5799665451049805,0,2
supply_chain_disclosure_best_practice_audits,embed_large_logreg,1,1,97,025abd17b4aa8cd2ca7b64367d0dae8246cac55217afb5378a32edc5cb032028,yes,yes,0.5192726254463196,1,1
supply_chain_disclosure_best_practice_audits,embed_large_logreg,1,4,98,8009af26f9d7407e1ae55cfc4779b4b279c3d930f343295afcb1dabb6c4f5771,yes,yes,0.8751257658004761,1,1
supply_chain_disclosure_best_practice_audits,embed_large_logreg,1,3,99,20ffaa2b9dbb70e5796aaeb58543484710a8828de00250b6639f69c9e65bc92a,yes,yes,0.8290438652038574,1,1
supply_chain_disclosure_best_practice_audits,embed_large_logreg,1,3,100,459bed595f402efcac27f2132f647c7bad0622691786e37af3b3902fe7ed6d30,yes,yes,0.7132480144500732,0,2
supply_chain_disclosure_best_practice_audits,embed_large_logreg,1,1,101,031856afb140c703e4a301ce8e6393551af830f3c4945305e23735bdc5dc5e8d,yes,yes,0.5153022408485413,0,2
supply_chain_disclosure_best_practice_audits,embed_large_logreg,1,4,102,6be5c550eecd21d8130ce8d2534fda585336bbd469b636be126d1930496943ef,yes,no,0.6999346226434298,0,2
supply_chain_disclosure_best_practice_audits,embed_large_logreg,1,4,103,cb1d66fe19e860b6174d574ad92b146dcfb31769b3f045c4268b796d39ace598,yes,yes,0.5541064143180847,0,2
supply_chain_disclosure_best_practice_audits,embed_large_logreg,1,1,104,b8f56656615d580b345dadc70ccbde392c6aa9477d92ffd07eb5fd126fb52749,yes,yes,0.5118971467018127,0,2
supply_chain_disclosure_best_practice_audits,embed_large_logreg,1,2,105,e1e9ff82d278af02d188aaab6558d189bc48fdbc54aed68d83ed47c4cbc0ff08,yes,yes,0.7679198980331421,1,1
supply_chain_disclosure_best_practice_audits,embed_large_logreg,1,1,106,5d2e2af1f56ad0b84e2849ad94c7f9b8502c7f564e8e9948112364d32f117415,yes,yes,0.5335450768470764,1,1
supply_chain_disclosure_best_practice_audits,embed_large_logreg,1,4,107,7c0433d913d5d9e83b1a7479c578dedbb65de78fd669dac303b240517f525ac7,yes,no,0.5341065089138302,0,2
supply_chain_disclosure_best_practice_audits,embed_large_logreg,1,1,108,487257cd89e1e218cee478fba0884b272dc42d42a47b82dd366d389a8b5db279,yes,yes,0.5089690685272217,0,2
supply_chain_disclosure_best_practice_audits,embed_large_logreg,1,3,109,a65ed6ff518a4c68f06e526e47cb1116cb4661c3ed635c6780dd4806b5cde7bb,yes,yes,0.8285217881202698,1,1
supply_chain_disclosure_best_practice_audits,embed_large_logreg,1,0,110,6c8d0687947cec71e1a1cb8a1383c11e0adb47d0e54ea48aafdb5a03e950fee1,yes,yes,0.5150347948074341,0,2
supply_chain_disclosure_best_practice_audits,embed_large_logreg,1,2,111,642eb832cde6ce9f5b08d631301f2eeff3be1414e98cb19a29c1e9a2ba1c24c6,yes,no,0.5474709109225597,0,2
supply_chain_disclosure_best_practice_audits,embed_large_logreg,1,1,112,375dbda1e8323ea8520c1f6256c9b927c68151c652c6b58105a00d1ab2271c9c,yes,yes,0.5099413990974426,0,2
supply_chain_disclosure_best_practice_audits,embed_large_logreg,1,3,113,b19887857cd233945689ec8336c60d2f73d70846421c657f0be1c6a92bbc7518,yes,yes,0.6007019281387329,0,2
supply_chain_disclosure_best_practice_audits,embed_large_logreg,1,2,114,f0a3886cf3e1d2070dc523492943cfcd3e499d24b52fc793a0fb7725adfe16f2,yes,yes,0.6645539999008179,1,1
supply_chain_disclosure_best_practice_audits,embed_large_logreg,1,2,115,376f27182efb4c1fe0ce63cffb0beea5d342c2296eb0f8a9e57769b2078f92c6,yes,no,0.6060766993142158,0,2
supply_chain_disclosure_best_practice_audits,embed_large_logreg,1,0,116,672f49a21e2f43bf1d7affa3e679d9d23f2677e346077297c3ce8c69996abc9f,yes,yes,0.5834535956382751,0,2
supply_chain_disclosure_best_practice_audits,embed_large_logreg,1,0,117,e04a261511b639d13eff7977e3a3d96a624c24da4e20bcea440d03ce7e3ae68e,yes,yes,0.7209410667419434,1,1
supply_chain_disclosure_best_practice_audits,embed_large_logreg,1,4,118,c95024d3b100f9153f41395f2e5c661f54c684d7d8038f764a81c77987cd944c,yes,yes,0.7569677233695984,1,1
supply_chain_disclosure_best_practice_audits,embed_large_logreg,1,3,119,0c2fd8335e8a32cd836ad0fac339e53728d9dd1b1739ac86260707d4b7cf5102,yes,yes,0.5886216759681702,0,2
supply_chain_disclosure_best_practice_audits,embed_large_logreg,1,0,120,fc4c958267d1a005d1c9d5f0ac60c24f69650d1fbb89a618551194f3abb45a0a,yes,no,0.5681557655334473,0,2
supply_chain_disclosure_best_practice_audits,embed_large_logreg,1,3,121,0efe9e66d9baf00c14469130c1d532f4abeb43c7f893eae6a44dab6313d4fb74,yes,yes,0.7587670087814331,0,2
supply_chain_disclosure_best_practice_audits,embed_large_logreg,1,3,122,459a17fd7ed2fb62ccf60f909dab8f4e9f41f8f620571c720e0d6449b3243f1c,yes,yes,0.5784838199615479,0,2
supply_chain_disclosure_best_practice_audits,embed_large_logreg,1,1,123,8c190cb913388a32b8ef0c5126e5c392d243b3583fd89923b21d8621b7f16f97,yes,yes,0.5171546339988708,0,2
supply_chain_disclosure_best_practice_audits,embed_large_logreg,1,2,124,dece42af518250889be48080639ae862a6244394a9cfabf7ce7c4af677218640,yes,no,0.5754038691520691,0,2
supply_chain_disclosure_best_practice_audits,embed_large_logreg,1,4,125,40b7a53af6c489016a3c39a0c23daaf2b4ff6197c2b53acaf1ee59067d17b38a,yes,no,0.6034373224805988,0,2
supply_chain_disclosure_best_practice_audits,embed_large_logreg,1,1,126,929891ba31548db1aa694753669e3c24a30e1788a99151d98b539c39011f0c6e,yes,yes,0.5016326904296875,0,2
supply_chain_disclosure_best_practice_audits,embed_large_logreg,1,1,127,9ffb371008bdf3d9905cc135199ff19454aa55be24ff6556d8f180a5a82601c4,yes,yes,0.5268001556396484,1,1
supply_chain_disclosure_best_practice_audits,embed_large_logreg,1,2,128,4cbcd769a0f437d0d8cac94bce5b472c7304848c39ba945db73525d09dd92f29,yes,no,0.7037678360939026,1,1
supply_chain_disclosure_best_practice_audits,embed_large_logreg,1,3,129,28443bea33a9cfa2056f9e550d7afacc19053d096a108db12f87a2e90de7ad14,yes,no,0.5875465869903564,0,2
supply_chain_disclosure_best_practice_audits,embed_large_logreg,1,1,130,53b1a4e96ad74195e550599949adc135a68d11a2761b215e2d3c5f78fac20ff4,yes,yes,0.5037459135055542,0,2
supply_chain_disclosure_best_practice_audits,embed_large_logreg,1,3,131,457aa4a03d6d45f3e6544e847d352d46186cccc1f81d8cb481bf644db7af99f3,yes,no,0.5157692586114782,0,2
supply_chain_disclosure_best_practice_audits,embed_large_logreg,1,0,132,b36c6cc2c4974c8c6877811a1a305dea8be3cb2d15bde1c0c9eb16c92139773f,yes,yes,0.7011724710464478,1,1
supply_chain_disclosure_best_practice_audits,embed_large_logreg,1,4,133,95a16109c1891d82eeafded1e727f6561d5e8c7475e3e4e26d3c11ca744c6547,yes,yes,0.6670137643814087,0,2
supply_chain_disclosure_best_practice_audits,embed_large_logreg,1,2,134,921b410be7bc7b2de67384cb33f2212547c80d1e0d373fde36b9efa85af4bbd2,yes,yes,0.7646188139915466,1,1
supply_chain_disclosure_best_practice_audits,embed_large_logreg,1,3,135,4a3619506781d26fc853745317c36841d51d17c4453fa9792f2a6ec932c1b7f9,yes,yes,0.7996236085891724,1,1
supply_chain_disclosure_best_practice_audits,embed_large_logreg,1,0,136,30a167de20776b14c84cbc4a797def3569824661dd4a47f98a8e2cf261e55c03,yes,yes,0.6834051609039307,1,1
supply_chain_disclosure_best_practice_audits,embed_large_logreg,1,1,137,391ccdc3a1a0f1231bbac5db1ce4e442afa3f3d79dc8b4293b88f93209811a6d,yes,yes,0.5196634531021118,1,1
supply_chain_disclosure_best_practice_audits,embed_large_logreg,1,2,138,151ef6b81c9ba20818d173a6b34a499bd330ac8b55583759ebc444cb3e997ee9,yes,yes,0.685191810131073,1,1
supply_chain_disclosure_best_practice_audits,embed_large_logreg,1,3,139,00f788466575e92cb6cd9b6bece2b76116328a72f455bfbf1b31c1a61e42a48e,yes,no,0.613447368144989,0,2
supply_chain_disclosure_best_practice_audits,embed_large_logreg,1,0,140,ef2c6382e5dc53301bd218ec96105515da4a8331f35b814e7a7f38ea085ce13f,yes,yes,0.525420606136322,0,2
supply_chain_disclosure_best_practice_audits,embed_large_logreg,1,1,141,04288152a54520da15135a2da000a2cf47ca7108eb4ed77b37713dc7ead5834b,yes,yes,0.5196992754936218,1,1
supply_chain_disclosure_best_practice_audits,embed_large_logreg,1,3,142,78781bf0a8697fd3f3409d0b8bd3967222d89b46f61f1ec355bda7d55721e5e4,yes,yes,0.7375765442848206,0,2
supply_chain_disclosure_best_practice_audits,embed_large_logreg,1,2,143,3c7c5ae2aa151786ba4a73c291ce5e1a0a2b03a30c29cf3328495fb37d9aece7,yes,yes,0.7294830083847046,1,1
supply_chain_disclosure_best_practice_audits,embed_large_logreg,1,4,144,2509ba56d644ea014a3e0fa3d0d6874c3cd2c6a28788f805fd9c6758e313ab8f,yes,yes,0.717677891254425,0,2
supply_chain_disclosure_best_practice_audits,embed_large_logreg,1,3,145,01eca6a511ea344abc3cf6dee3b61342273cacd73fd16da7f8f69dbf49142d75,yes,yes,0.5352510809898376,0,2
supply_chain_disclosure_best_practice_audits,embed_large_logreg,1,2,146,a16e8a50ee6e37a4589de3344628e84d9c80280c3ba92ec3972f6b853cbf7c2e,yes,yes,0.6574455499649048,0,2
supply_chain_disclosure_best_practice_audits,embed_large_logreg,1,1,147,45bd51009e1e64c672134259f2b5ede08866a003283780b51c4818c318a172fc,yes,no,0.5147042121081289,0,2
supply_chain_disclosure_best_practice_audits,embed_large_logreg,1,4,148,9e1afd1f029efd031171df47a2ca39fb5420f30cd60b2fd9e1b0a8875cd25e49,yes,yes,0.6080348491668701,0,2
supply_chain_disclosure_best_practice_audits,embed_large_logreg,1,0,149,4b31ff48711f468ee6a1562ebc1e3389c382fd1c448638c0eda617de2469b754,yes,no,0.566957950592041,0,2
supply_chain_disclosure_best_practice_audits,embed_large_logreg,1,3,150,0d783ce52643a830262a183e1f3340dfa5e11782478d1c01ad53d0076c4c73d4,yes,yes,0.6520485877990723,0,2
supply_chain_disclosure_best_practice_audits,embed_large_logreg,1,3,151,baace2e4253ecc8d61872f3b64835bb002f2a49a97e7d4c31adc7b078bc0a85f,yes,yes,0.7294754981994629,0,2
supply_chain_disclosure_best_practice_audits,embed_large_logreg,1,1,152,396d5edabfc1cc0317011328bc857e25c1640c119ce86f4b99f02862697e7df8,yes,no,0.5133661184718048,0,2
supply_chain_disclosure_best_practice_audits,embed_large_logreg,1,1,153,0c532687e912f2d64ff38f5eed8a18b3179c544a30dd454a0e4adc0617bafbef,yes,yes,0.5385789275169373,1,1
supply_chain_disclosure_best_practice_audits,embed_large_logreg,1,1,154,607ecb634c0681303ee57bf7366b51214e7db74d4d4c0675d3806628cffdbffb,yes,yes,0.5059826970100403,0,2
supply_chain_disclosure_best_practice_audits,embed_large_logreg,1,1,155,14759c3262b6131be28f172314d3243dbc099f7cb099c03a4e85397e876c8b56,yes,no,0.5019716620445251,0,2
supply_chain_disclosure_best_practice_audits,embed_large_logreg,1,2,156,32260ecf26035d5e5df015a53c55c1fa3414a446aee4f3709c38ccf58df0ca66,yes,yes,0.5208097100257874,0,2
supply_chain_disclosure_best_practice_audits,embed_large_logreg,1,2,157,5ae1b1df5103d563678ef0e3bd377743146e4315d7a2bf0c895ece3a203e57a5,yes,no,0.5940532684326172,0,2
supply_chain_disclosure_best_practice_audits,embed_large_logreg,1,4,158,5d1fc63f4139faae3bfe28443da26e285c4bb8f1d308b6ff4b7b1b75cc2c1e80,yes,yes,0.7442214488983154,1,1
supply_chain_disclosure_best_practice_audits,embed_large_logreg,1,3,159,39e33483b6daed03fd99c05cd1c125e6b18f5af6c51ec943acdeaa4b1ee84166,yes,no,0.7553671373317499,0,2
supply_chain_disclosure_best_practice_audits,embed_large_logreg,1,3,160,3daa8ec03c0ed46a2b9f72cbb4723307035f5c52b6f89d28317e2a6b303d6247,yes,no,0.9495695794017256,1,1
supply_chain_disclosure_best_practice_audits,embed_large_logreg,1,2,161,0c82ffaee114b837e9f974f4e80361b373b8c00d329a258aa8a80fb9b1f4e398,yes,no,0.7843735101167335,1,1
supply_chain_disclosure_best_practice_audits,embed_large_logreg,1,3,162,07c6e827cc6c23cd27132b4c99cdd5e4258ea66c0b532d59b29055c8e5cedc14,yes,yes,0.8788018822669983,1,1
supply_chain_disclosure_best_practice_audits,embed_large_logreg,1,0,163,575b6c919a2ada10f464c7b46bc2b934726e9c993c82384121938de3ec6d3259,yes,no,0.5019221455431624,0,2
supply_chain_disclosure_best_practice_audits,embed_large_logreg,1,4,164,21bfadb1e773c7ba5a13997f0fb26b6975502bebe37fe323b42580c521a1600f,yes,yes,0.8346752524375916,1,1
supply_chain_disclosure_best_practice_audits,embed_large_logreg,1,3,165,562ebd404575617d0f8d7b9efb34742cf5ddd488563c2500c9aec2ca6c214663,yes,yes,0.8531854152679443,1,1
supply_chain_disclosure_best_practice_audits,embed_large_logreg,1,2,166,78456786d204455184c362ece71adf15b8e1a55b2b2e857ebb83507e9881cb4e,yes,yes,0.75533127784729,1,1
supply_chain_disclosure_best_practice_audits,embed_large_logreg,1,2,167,6ea4297c021e920636315a3b8cd9f75283c91cc9053cccc8f74a085fac3ff9e6,yes,no,0.5034750699996948,0,2
supply_chain_disclosure_best_practice_audits,embed_large_logreg,1,4,168,d7246cb68425a99318147f0f1fe2dcbb042807eb08603cbe9904847610a446e0,yes,yes,0.7838729619979858,1,1
supply_chain_disclosure_best_practice_audits,embed_large_logreg,1,3,169,f8401a13ab0b03ea07669144d0d263b35b0c21e834a4da3c577de48bdf482495,yes,yes,0.6219842433929443,0,2
supply_chain_disclosure_best_practice_audits,embed_large_logreg,1,1,170,a4e29359bcaec8e1536b48faecaba98004ae3f5854c7402ba7740252b24e59ec,yes,yes,0.5171687006950378,0,2
supply_chain_disclosure_best_practice_audits,embed_large_logreg,1,3,171,61bcec93f20473c4dd8792a0590cd52ebb4e73b93cce84104e1821b66585ae36,yes,yes,0.7050193548202515,0,2
supply_chain_disclosure_best_practice_audits,embed_large_logreg,1,4,172,051d82ea698c7defeb37ae5b11301eca98346930ddd52562f9aea2bbac1b413d,yes,yes,0.6574252247810364,0,2
supply_chain_disclosure_best_practice_audits,embed_large_logreg,1,3,173,ef497929adb29de6160875c9594ed91f6ec6548653bca2492ebcd49f7324e9b1,yes,yes,0.6860519051551819,0,2
supply_chain_disclosure_best_practice_audits,embed_large_logreg,1,4,174,93bb3e29ce9e7036bd4c6725e22905194dfbb28fbe4e38678c89b9588ae43da4,yes,no,0.690526584073109,0,2
supply_chain_disclosure_best_practice_audits,embed_large_logreg,1,1,175,dd5ea83860728cd69a48d8ee326e7998b3e4d597bd167390eff08fab3423660d,yes,no,0.5016851574684726,0,2
supply_chain_disclosure_best_practice_audits,embed_large_logreg,1,3,176,acf95ae6504008b3675b5a6e1d34dcf3e2ae5a31a2c52ab178689b08b1e52318,yes,yes,0.7063599228858948,0,2
supply_chain_disclosure_best_practice_audits,embed_large_logreg,1,0,177,feb00174787409b226e12959e1eec4d9c76105dcc553753d24bfa85b06fa13a8,yes,no,0.5855060990305573,0,2
supply_chain_disclosure_best_practice_audits,embed_large_logreg,1,4,178,4e157c907f1a39c4736c42962bdcd0647aba4fc2d56996b1a7d865e6fed2b387,yes,yes,0.6708077788352966,0,2
supply_chain_disclosure_best_practice_audits,embed_large_logreg,1,4,179,b01aaacbff761f1d09ba1fd4477b90c6e5723fbf33f70d4a6c4092180818be85,yes,yes,0.5456737875938416,0,2
supply_chain_disclosure_best_practice_audits,embed_large_logreg,1,2,180,21caaa5906e5a0b027392e17755bdb5e69f2fbeeab9457431ce75f2563ed54f7,yes,yes,0.7485237717628479,1,1
supply_chain_disclosure_best_practice_audits,embed_large_logreg,1,3,181,596504be5142fc5222baf19af3a06f62e1c31bdf6053136081a7aa8300a515c0,yes,yes,0.5457114577293396,0,2
supply_chain_disclosure_best_practice_audits,embed_large_logreg,1,1,182,b0825404cd40d6659e58b65251fa3700b8ca36acce0c7e74e5ec60d73f009c2b,yes,yes,0.5054523348808289,0,2
supply_chain_disclosure_best_practice_audits,embed_large_logreg,1,2,183,2c330a1ba17f5fd6fcbe0c35d683859c0e61aae4aad2422c88ecae48ec2fb137,yes,yes,0.5084856748580933,0,2
supply_chain_disclosure_best_practice_audits,embed_large_logreg,1,2,184,1531fdb46dfdd8cefa201ef9546bdc219dc7ec61de3612565a5a597833bca11c,yes,no,0.6527229352974017,0,2
supply_chain_disclosure_best_practice_audits,embed_large_logreg,1,0,185,ed5516e94ba0f9873e91a7c51a694a4b275288be9b383d487d2c473eec82d333,yes,yes,0.5805315971374512,0,2
supply_chain_disclosure_best_practice_audits,embed_large_logreg,1,0,186,d03e6766a02ffc8423ba39940ce8a69fd03ea5e93edfb327af258dabd75c9e5e,yes,yes,0.5054488778114319,0,2
supply_chain_disclosure_best_practice_audits,embed_large_logreg,1,2,187,8a81109a73b838cbc58d4bf69f51eb6f1dee99da7818cde561d4cc9350058f7c,yes,no,0.5999044358701836,0,2
supply_chain_disclosure_best_practice_audits,embed_large_logreg,1,2,188,ad8df74a5604a274f191b30942519d471ef007f2cb2afc12ca66cd73490f140b,yes,yes,0.6747475266456604,1,1
supply_chain_disclosure_best_practice_audits,embed_large_logreg,1,3,189,3236cea34e746c2854726aafd2b42f4c763e91efd983f92bd5d46b37934ce701,yes,no,0.5341162522400542,0,2
supply_chain_disclosure_best_practice_audits,embed_large_logreg,1,1,190,244d7fc55eab9fe22ac8639ef434c9d3948c9bedb7453b1980ec8f1229bb2c68,yes,no,0.5043646693229675,0,2
supply_chain_disclosure_best_practice_audits,embed_large_logreg,1,3,191,5b777db784a0ad2ff2f63cd6ac341cec919f6db8e66c1a7c8afcca4bda0856f1,yes,no,0.5795692205429077,0,2
supply_chain_disclosure_best_practice_audits,embed_large_logreg,1,1,192,a536c2e629791ea99d535deb51d04d6950ca7e778e2b8fabd5107530ecf3b63d,yes,yes,0.517444372177124,0,2
supply_chain_disclosure_best_practice_audits,embed_large_logreg,1,2,193,c1782493d0a641f2d98c277b11023e4adb7fa2fc203ee4dac76fa3dd572915e8,yes,yes,0.7237000465393066,1,1
supply_chain_disclosure_best_practice_audits,embed_large_logreg,1,2,194,c7792639dfd396f47fe6f339c6da513ede7315959767ab9dafb88309769dbab6,yes,no,0.5645440220832825,0,2
supply_chain_disclosure_best_practice_audits,embed_large_logreg,1,2,195,ae215269eaa9afcae52c3c7fad43d01a78c9e122205651439d9bf2e5671676af,yes,no,0.5783022814483131,0,2
supply_chain_disclosure_best_practice_audits,embed_large_logreg,1,4,196,30079533bf5c7357cd70f9cf1cbc13700f5c3e515d3c5ebbe55c0943cb3cd3d3,yes,yes,0.7406874299049377,1,1
supply_chain_disclosure_best_practice_audits,embed_large_logreg,1,2,197,ef8843ad04ca905381cc9dc85e84a4c4e9c5a2861f05e5fce9fa5066e7f7876d,yes,yes,0.7788870334625244,1,1
supply_chain_disclosure_best_practice_audits,embed_large_logreg,1,2,198,7c18061590aa800422b5635e324664e2dc3382d93bdd896d73512fd499719d54,yes,no,0.5157480239868164,0,2
supply_chain_disclosure_best_practice_audits,embed_large_logreg,1,4,199,56c25d4eb4588f13327a6b3f6d1bf423858c24d3e72ca640819f1aff6fffb588,yes,yes,0.7418498396873474,1,1
supply_chain_disclosure_best_practice_audits,embed_large_logreg,1,1,200,37fb8de488cb40c4b049e28e90cefa770eb07d1059f2e68c706d35d39deaf7a6,yes,no,0.5083657351623256,0,2
supply_chain_disclosure_best_practice_audits,embed_large_logreg,1,3,201,d6943bae94c68dbe413f37141c963ec0da0f265c3d6cd601971199d07c838bcf,yes,no,0.5484864115715027,0,2
supply_chain_disclosure_best_practice_audits,embed_large_logreg,1,0,202,738411246babffb6b853c81c2ab34295e5db281b7e730293ed8d1ad31e1d30cb,yes,yes,0.6170739531517029,0,2
supply_chain_disclosure_best_practice_audits,embed_large_logreg,1,2,203,4d4c98bf199646728c2a7b80140d0f8bfa90311619ddd101e7e81d8da51eba3f,yes,yes,0.5685473680496216,0,2
supply_chain_disclosure_best_practice_audits,embed_large_logreg,1,3,204,3887f474ec6dfe32935833b72b870ee0ee25207e9c2d7cad91f1d4792356e278,yes,yes,0.5220330953598022,0,2
supply_chain_disclosure_best_practice_audits,embed_large_logreg,1,3,205,5183361573f996b8425904aba330bdb33a14f3a40e5a13d71f8a4dfa32ee601c,yes,yes,0.6548336148262024,0,2
supply_chain_disclosure_best_practice_audits,embed_large_logreg,1,4,206,b7fef818a202c62579781f6a16fdc3fbe95b7014de4c7fc7c0bfd72085b49111,yes,yes,0.8632628321647644,1,1
supply_chain_disclosure_best_practice_audits,embed_large_logreg,1,1,207,7f71163235d108c9e78fa664d5bef08dabfa91cfbbdcd9f3d08391db22af380a,yes,yes,0.532575786113739,1,1
supply_chain_disclosure_best_practice_audits,embed_large_logreg,1,4,208,5695147a701cc755d386897ef3916ae914a81943569ef4fe344ca24a43d906ee,yes,yes,0.7628123164176941,1,1
supply_chain_disclosure_best_practice_audits,embed_large_logreg,1,0,209,b18c36bddd3d7b476ce5b9e82b759a1230ce387c9ef91dd060c50f7a7fb551f5,yes,yes,0.696182370185852,1,1
supply_chain_disclosure_best_practice_audits,embed_large_logreg,1,1,210,0a76fce024d1ded8f815f5aeddfd0f478fe16661931e2f3658f76bca65572613,yes,yes,0.5418297648429871,1,1
supply_chain_disclosure_best_practice_audits,embed_large_logreg,1,2,211,b5f480ca28f49024bd818f6af65275cc36a6022530a28fa2648ddb7da3f86839,yes,no,0.5046007037162781,0,2
supply_chain_disclosure_best_practice_audits,embed_large_logreg,1,0,212,255fd01e686472de43e42c9c117018713274490a02b2df34c1bc9ea698083b88,yes,yes,0.6400713920593262,0,2
supply_chain_disclosure_best_practice_audits,embed_large_logreg,1,3,213,c1b7a9f6e0096a280a7cff21a3d2d2a788fda487fb4778bff25572d53d220dd8,yes,yes,0.6870372295379639,0,2
supply_chain_disclosure_best_practice_audits,embed_large_logreg,1,4,214,8e4caa63c82cc004c6a03ff6278f68d26b0d6195e385e25392f38000f093728e,yes,no,0.8099774001542122,1,1
supply_chain_disclosure_best_practice_audits,embed_large_logreg,1,0,215,5246f2f270d78e6a7ee150dfeb414ed591d6d868246b224415d78f8dcb33c791,yes,yes,0.5889188647270203,0,2
supply_chain_disclosure_best_practice_audits,embed_large_logreg,1,0,216,dc87f2b33f12048f543e0a8cc1526f23fe4e72f15a6f2f1decf2a602f0eadf1b,yes,yes,0.7076472043991089,1,1
supply_chain_disclosure_best_practice_audits,embed_large_logreg,1,1,217,3045163bc73fcda0d5d8a7800ea68f83f22b0d7e71099dbf8bf7030daca5c21a,yes,no,0.5003069043159485,0,2
supply_chain_disclosure_best_practice_audits,embed_large_logreg,1,0,218,4c7d5ee51cc7b5700e6104e6c501ce5b41ed859fcf48fdb1057af364fba88a8e,yes,no,0.5850384831428528,0,2
supply_chain_disclosure_best_practice_audits,embed_large_logreg,1,1,219,bd4c1f1cf2fc2181caa3f8384bb1b4d9195039f6a32c4609aa60fff706567b74,yes,yes,0.5169550776481628,0,2
supply_chain_disclosure_best_practice_audits,embed_large_logreg,1,0,220,77ad10e7c8d412c275543817ff3fbae1b314666dc24e6b51452fee9982cb31ec,yes,yes,0.6826326251029968,1,1
supply_chain_disclosure_best_practice_audits,embed_large_logreg,1,4,221,be62d87c4255e3586bdf7df9901d04563f034fa4e1c974936be58d86bae1221c,yes,yes,0.6339288353919983,0,2
supply_chain_disclosure_best_practice_audits,embed_large_logreg,1,0,222,c28332da856f34b6a44fb9b64740e960ec60cbce5cfb5a4d5a7697e4796c9b42,yes,yes,0.7967141270637512,1,1
supply_chain_disclosure_best_practice_audits,embed_large_logreg,1,3,223,f5a6277f734ce623abb70561bc333f40c516432889b7170fe537795f0b0d1dfe,yes,yes,0.7889358401298523,1,1
supply_chain_disclosure_best_practice_audits,embed_large_logreg,1,4,224,c40939ccc68ff214deef38f965d504bec913cb7a2f3c74d2ece1a45866e275d9,yes,no,0.596732753417872,0,2
supply_chain_disclosure_best_practice_audits,embed_large_logreg,1,4,225,829a910f071a32bcafaaa8663dbdf625ce4b5548e0b6c349d0dc9ac3703a1122,yes,no,0.6878864970173388,0,2
supply_chain_disclosure_best_practice_audits,embed_large_logreg,1,0,226,f1638844a53628837ad5d89cfcdeecc0f5bb34cfc57eb62570e26ff4a1cf62da,yes,no,0.6307424306869507,0,2
supply_chain_disclosure_best_practice_audits,embed_large_logreg,1,4,227,902f081f4eba26153cd2c7c4a497205b912767790306d278827259370ff02e5a,yes,yes,0.6263632774353027,0,2
supply_chain_disclosure_best_practice_audits,embed_large_logreg,1,1,228,ca1da196f15bf1f779e22e5e1a695d8b7a71804e15e2d5e7feff77800f931548,yes,yes,0.5274772047996521,1,1
supply_chain_disclosure_best_practice_audits,embed_large_logreg,1,2,229,5f6bc442d00e4fa861670fafbb8a27c94547c1508938c9d29e3d899bfc2ba60c,yes,yes,0.711500883102417,1,1
supply_chain_disclosure_best_practice_audits,embed_large_logreg,1,4,230,f2c4a70d75d38bdb8ddcf24ce6b3bbc1270aa929b58238973c10a2f20dcf0d75,yes,yes,0.516893208026886,0,2
supply_chain_disclosure_best_practice_audits,embed_large_logreg,1,4,231,8bf9eb09cc0e8fd59010ab76b7c69b9e1e43c539995dc000c6861a83b2d81707,yes,no,0.76037635685135,1,1
supply_chain_disclosure_best_practice_audits,embed_large_logreg,1,2,232,f7cf08b6965795f5c7d3d054023aac6ccdeabdb48f991c84e2931966f6ad041d,yes,yes,0.6079089045524597,0,2
supply_chain_disclosure_best_practice_audits,embed_large_logreg,1,4,233,1c7fa227e0dc0b3f0683ec2411f95409c3417c9b96f8516a9f76bb71971c3978,yes,no,0.6372585892677307,0,2
supply_chain_disclosure_best_practice_audits,embed_large_logreg,1,1,234,5f24817add32407e6acc884463b789a68919be44f960ad31c19f73970ec67edd,yes,no,0.5092941674379756,0,2
supply_chain_disclosure_best_practice_audits,embed_large_logreg,1,0,235,f3669d8939961578a7f23f5801a8f8915334ee6e2197feeaffc15c7042fe0c20,yes,yes,0.6591525077819824,1,1
supply_chain_disclosure_best_practice_audits,embed_large_logreg,1,3,236,06c17d0d305d5233112fb0bca036055b06f839ff3e6eef40071ed1a3802d4a7e,yes,yes,0.9040846228599548,1,1
supply_chain_disclosure_best_practice_audits,embed_large_logreg,1,0,237,f3e83ec97ee5386134f54fd9a9f7c19f68cc121dc9f6f5ba2618dfcd1c4b3b66,yes,yes,0.6585484743118286,1,1
supply_chain_disclosure_best_practice_audits,embed_large_logreg,1,4,238,f894ff8baed215fe478a03c4f70e0ae70f1dee90d635e8bf521bcf7c2c5d5d8c,yes,yes,0.717650294303894,0,2
supply_chain_disclosure_best_practice_audits,embed_large_logreg,1,0,239,0959b643a8baf490de768c9a042a1cff4f7ba07e8c3a35f1d3c88073b5c659bb,yes,no,0.5352874994277954,0,2
supply_chain_disclosure_best_practice_audits,embed_large_logreg,1,4,240,c603ec107332b17d63d9c056e5827a42faf80cee9ecf616f78b74d7b26aca002,yes,no,0.5006842762435757,0,2
supply_chain_disclosure_best_practice_audits,embed_large_logreg,1,4,241,cff6dc284e486a2f018540356c568bd866b086fd09ab993a34321b8282b62dff,yes,no,0.7616235613822937,1,1
supply_chain_disclosure_best_practice_audits,embed_large_logreg,1,0,242,f1ffa5b7ab4faafc9099101fbcac382df8a721f39c48a1fb4eff0f8263e12ddd,yes,yes,0.6343082189559937,0,2
supply_chain_disclosure_best_practice_audits,embed_large_logreg,1,2,243,7358882b282e44427d46aa23e131b40ce9cb810d4046b9b5b1b29019a7bafd97,yes,yes,0.5458350777626038,0,2
supply_chain_disclosure_best_practice_audits,embed_large_logreg,1,3,244,39716913d74b739a4abccba43e643a747078c53268d60308a0981129848fe379,yes,yes,0.7044726610183716,0,2
supply_chain_disclosure_best_practice_audits,embed_large_logreg,1,0,245,aacaba1b480efdbb8a8d7f064c31e6c8bb5d15a859dde769c4e38d8f39544726,yes,yes,0.6610564589500427,1,1
supply_chain_disclosure_best_practice_audits,embed_large_logreg,1,0,246,625e4fb7cc51b77995b363889fc63bbadb80c2bc91fb2880c1018ab4741d3b7c,yes,yes,0.5164432525634766,0,2
supply_chain_disclosure_best_practice_audits,embed_large_logreg,1,3,247,cadb995cb17c99a0479f83cf2c9ef1624ee2362bfba9690abd6fcc060800c76a,yes,yes,0.7933738231658936,1,1
supply_chain_disclosure_best_practice_audits,embed_large_logreg,1,0,248,ab606b741090016f818eb0cb7e260b416330418b8003a89245993e73bf8630d0,yes,yes,0.5170508027076721,0,2
supply_chain_disclosure_best_practice_audits,embed_large_logreg,1,4,249,cc0bd56a8fa41797d21f3f767f99f08c0d47e85478b58e4221224373d2c04763,yes,yes,0.5612258315086365,0,2
supply_chain_disclosure_best_practice_audits,embed_large_logreg,1,0,250,1294ab0087ad5087a538686b745d3e7db23d18cc7f4f6f530cc80e2ac5f4db00,yes,yes,0.6313349604606628,0,2
supply_chain_disclosure_best_practice_audits,embed_large_logreg,1,4,251,94afabafc1a2e279104f1d46c17a267d3986bec668852ff48007a09bf59540ad,yes,yes,0.8840874433517456,1,1
supply_chain_disclosure_best_practice_audits,embed_large_logreg,1,0,252,6132d8d18112fa7d61ba37ff4d62b1c1c54f81b63eb04af24889c178eac1b7f5,yes,yes,0.7140573263168335,1,1
supply_chain_disclosure_best_practice_audits,embed_large_logreg,1,3,253,8c27ca919f3a1c88913da54bb4a77bba34322faffaf8e221698a9d377dbe8c52,yes,no,0.7251260280609131,0,2
supply_chain_disclosure_best_practice_audits,embed_large_logreg,1,0,254,13a1d68844cb18a366fbe726bce7132ea31a4fbed461a3d8e40fe9c27604ab0c,yes,yes,0.6121487021446228,0,2
supply_chain_disclosure_best_practice_audits,embed_large_logreg,1,4,255,96815958503862c65f14b779ce716b39e74afb0aac85ec7b03e85152838e44b0,yes,yes,0.5864506959915161,0,2
supply_chain_disclosure_best_practice_audits,embed_large_logreg,1,0,256,73eed2cd61ac0ea6ae32683a83e2b0e5738d28779452c6ed7cb6f7eadd0e2261,yes,yes,0.5988906621932983,0,2
supply_chain_disclosure_best_practice_audits,embed_large_logreg,1,1,257,373083f104edd5a192773c0a179c9788a933c15a1571ba09d81e8033116bf6c4,yes,yes,0.5048729777336121,0,2
supply_chain_disclosure_best_practice_audits,embed_large_logreg,1,2,258,eade8098bb75f44ddc8f9427c116b373a4abfcf40e4dcf8e2774b900155008a0,yes,yes,0.5526552200317383,0,2
supply_chain_disclosure_best_practice_audits,embed_large_logreg,1,2,259,013f12d740fc3d68af91928317abf93d62dd424d19d1137d161e2693551f67e3,yes,no,0.5402604502517119,0,2
supply_chain_disclosure_best_practice_audits,embed_large_logreg,1,4,260,bf3486f95c637ed4c0f6e7987cd08241cbaa680a7e6a37850cb43d0042e06cad,no,no,0.6125578697753588,0,2
supply_chain_disclosure_best_practice_audits,embed_large_logreg,1,4,261,17b7c487cc98c7e8e49c1c50b503ac7d38f2734055411ae4ae7b698cb622add3,no,no,0.5158066153526306,0,2
supply_chain_disclosure_best_practice_audits,embed_large_logreg,1,2,262,8af0b9f5fd790626bb4db3c123e1eb46e4ce609c0a22a6c74820808d33d2e351,no,yes,0.5446075201034546,0,2
supply_chain_disclosure_best_practice_audits,embed_large_logreg,1,4,263,4711f4cfb8352d9bee2590efd786b65a53292b22ea7e088a282787c6669af84d,no,no,0.894644790182674,1,1
supply_chain_disclosure_best_practice_audits,embed_large_logreg,1,3,264,6280d5d3a4a66af42f0a860a6e1bef945aaac4cd6695915cab72224d2110b691,no,yes,0.5699937343597412,0,2
supply_chain_disclosure_best_practice_audits,embed_large_logreg,1,1,265,168f343929f3968913069fd4fe3ea2090bcc1a567ad31fa5d6834c9d9d8ee1d5,no,no,0.5062418580055237,0,2
supply_chain_disclosure_best_practice_audits,embed_large_logreg,1,1,266,71386be1f3486406f1a3cf5dfee5e266834f063cbf2bfb914213afe0d7458bb1,no,no,0.5211942040564357,1,1
supply_chain_disclosure_best_practice_audits,embed_large_logreg,1,1,267,00768c68746cc07a0855f2e858ea0b79d89c52616ea96f63e3b7d7113ad78409,no,yes,0.5322864651679993,1,1
supply_chain_disclosure_best_practice_audits,embed_large_logreg,1,3,268,73be09f2cbe8d3723f914f0901b9b1199c1c4b1c8cf68937bada35a3da53af17,no,no,0.6628379821777344,0,2
supply_chain_disclosure_best_practice_audits,embed_large_logreg,1,1,269,96700d3c63698f7fc8d4ea778f120a3d46929a5734a3c86cfa59d7a160ef608e,no,no,0.5008808374404907,0,2
supply_chain_disclosure_best_practice_audits,embed_large_logreg,1,0,270,b11583189d07bb6c3452ea92f85ffc89db81f8f0bb7f000a3d4b4d62e7eec5c0,no,yes,0.5028471946716309,0,2
supply_chain_disclosure_best_practice_audits,embed_large_logreg,1,4,271,2c33b85eaa7cbe07fb355c5e6f1156c2063261897778d650af9ba90bc60754c2,no,no,0.6087641897429285,0,2
supply_chain_disclosure_best_practice_audits,embed_large_logreg,1,2,272,203ed0f85c23f811b2013c75119ab4107bb94611678786bf334e168d337dfd91,no,yes,0.5509412288665771,0,2
supply_chain_disclosure_best_practice_audits,embed_large_logreg,1,2,273,29f5a73f0eb2112c2e8648ba539c6e8540af14f4e9972e5f4dc3409460c124a7,no,yes,0.6532509922981262,0,2
supply_chain_disclosure_best_practice_audits,embed_large_logreg,1,1,274,529fbe231a56762bee94fca3a926dfbe380e1a1a4899d3eee0104c0f6d69fd90,no,yes,0.5095312595367432,0,2
supply_chain_disclosure_best_practice_audits,embed_large_logreg,1,4,275,c4a4dd3902ba1e7f9bd8aec6700ede838bef8b038357041988488f41c58fd818,no,no,0.5317216515541077,0,2
supply_chain_disclosure_best_practice_audits,embed_large_logreg,1,3,276,072d2e8050c2b36c8c5ff2c7aff95b88f8fd6cccc76368e10be132a17e092b7d,no,yes,0.7625496983528137,1,1
supply_chain_disclosure_best_practice_audits,embed_large_logreg,1,4,277,a86f11debb6ead7654a11b993c384f748c0211f80d9cf6ec15379718865bb14b,no,yes,0.6707899570465088,0,2
supply_chain_disclosure_best_practice_audits,embed_large_logreg,1,2,278,dec95cde6289a27cf2fa4c129a8fe002cd9efe24fe0c76194cd80b81d4d25646,no,no,0.6297178864479065,0,2
supply_chain_disclosure_best_practice_audits,embed_large_logreg,1,0,279,278a88f973ea6da6e167d46d0b191eee85edd560cf58a096d19bf9f0385f078f,no,yes,0.6237180829048157,0,2
supply_chain_disclosure_best_practice_audits,embed_large_logreg,1,3,280,9f9d1126a707de4b474cf7e0fc08299ad856bdb4a0bfe68914a374466df2ba79,no,no,0.7633159756660461,1,1
supply_chain_disclosure_best_practice_audits,embed_large_logreg,1,0,281,49e44d01a8d96ebc8362b1012e8fe169fc8ba19015002d2415f18d38e34e543f,no,no,0.7465523703858963,1,1
supply_chain_disclosure_best_practice_audits,embed_large_logreg,1,2,282,7aff74a42e71a0efa775083fed4b831acd81e1c7a72ea3ab95fa0010cbd1b047,no,yes,0.5318974852561951,0,2
supply_chain_disclosure_best_practice_audits,embed_large_logreg,1,3,283,c0e1213a6c7f271618273d37e7c4d80e49f79f3cb5a1276394122a181df3af93,no,yes,0.5973409414291382,0,2
supply_chain_disclosure_best_practice_audits,embed_large_logreg,1,4,284,162326a6ce5c56ccf790f70cb837962b40b3bc3287e736e1be05be79c4e6bce9,no,yes,0.6984907388687134,0,2
supply_chain_disclosure_best_practice_audits,embed_large_logreg,1,3,285,446398bfee4175c67b2956599c14af90b0edd482e1dce8163481a203948007dd,no,no,0.640799880027771,0,2
supply_chain_disclosure_best_practice_audits,embed_large_logreg,1,1,286,ba33f9b515db096d9ae8836a3b69ce9148b85a2f3bd641c7a5fcba3f6b073736,no,no,0.5275896787643433,1,1
supply_chain_disclosure_best_practice_audits,embed_large_logreg,1,4,287,0b218c20d44772c56168aad84ee04aa59a41e91c16b8af3ec7318f2db50abac9,no,yes,0.674422562122345,0,2
supply_chain_disclosure_best_practice_audits,embed_large_logreg,1,2,288,a6098775d1f58c7495bade73c71a163bda773200d559daf386859c20452c9497,no,no,0.5010533482150241,0,2
supply_chain_disclosure_best_practice_audits,embed_large_logreg,1,4,289,0bb83f5175555cfaa916ed3929534af9f11e955ce4ff57612f69713e94993937,no,yes,0.5978520512580872,0,2
supply_chain_disclosure_best_practice_audits,embed_large_logreg,1,2,290,389a4e760129e6e54975f074004e2fec1753d42f1e48343f1b10d47d6fcac37e,no,yes,0.6313170790672302,0,2
supply_chain_disclosure_best_practice_audits,embed_large_logreg,1,0,291,d57214d0e9a179e422fbe3b51666f953ceda30db4a7ce444e66f35c2904d4c84,no,no,0.540300472369776,0,2
supply_chain_disclosure_best_practice_audits,embed_large_logreg,1,1,292,4f3067260931b33e6f0dcd9414705fb435db8f6aac3bf072fcf443d96f77932c,no,yes,0.5186243653297424,1,1
supply_chain_disclosure_best_practice_audits,embed_large_logreg,1,0,293,143076a0b6c3b4b2c37750896a92e809870b097c81c38be1d50dce2c008d9eb2,no,no,0.7250274419784546,1,1
supply_chain_disclosure_best_practice_audits,embed_large_logreg,1,0,294,3bce2b75988d047a0d7a0deea7d519effb6c58310ec68cc20fa6cce9c3b54f1b,no,no,0.6576734977267235,1,1
supply_chain_disclosure_best_practice_audits,embed_large_logreg,1,4,295,5ba25ab1ef701ffb4ef46c65dacf4c7fff4bf56cb6c3b355c39768b828753eb2,no,yes,0.6289519667625427,0,2
supply_chain_disclosure_best_practice_audits,embed_large_logreg,1,4,296,c09af0b827ba4837bfe03f4efcc035c576b40c281b86c6d5cf4d9a9452124fe4,no,yes,0.5897359251976013,0,2
supply_chain_disclosure_best_practice_audits,embed_large_logreg,1,0,297,d318eaf94df22e65541a2d801bf35239ef508dd99ccf9a378d2f01328b1b29f8,no,yes,0.5863786339759827,0,2
supply_chain_disclosure_best_practice_audits,embed_large_logreg,1,3,298,b215c45d50089d0cd1585a907239c94da9543ad54bd7a50f9cf22478364ff754,no,yes,0.8431862592697144,1,1
supply_chain_disclosure_best_practice_audits,embed_large_logreg,1,4,299,9d071de4e714afecba60136fc13d2fd5d799fa73ec323fa5b32f33261331fc95,no,no,0.6426563071412948,0,2
supply_chain_disclosure_best_practice_audits,embed_large_logreg,1,4,300,b48a0124d9c28eba8793c0639caa52128545630d8a846c28ab4f01eb7cde60e0,no,no,0.8402044302255576,1,1
supply_chain_disclosure_best_practice_audits,embed_large_logreg,1,3,301,f604a8e5fc84e2cb8f3210b72d51555bfad329c64660c42250ca1403fec24f72,no,yes,0.5741304755210876,0,2
supply_chain_disclosure_best_practice_audits,embed_large_logreg,1,2,302,dfd391e41957d1ac236feb8094f25b8ef1bb5bb23df2361d1e0b96cdcf4d8334,no,no,0.541950361190747,0,2
supply_chain_disclosure_best_practice_audits,embed_large_logreg,1,2,303,da6cb12627d752d97c8b74cd52766dd24bf238718d113b3b633ccfb1b8a34605,no,no,0.5384405851364136,0,2
supply_chain_disclosure_best_practice_audits,embed_large_logreg,1,1,304,968b24534319b3352bfda7565390677a43bff36eba314281473cc77c382f7459,no,no,0.5217057621987391,1,1
supply_chain_disclosure_best_practice_audits,embed_large_logreg,1,1,305,4441c0b5b2cc678233438e17f40bbaa0525429c3e46d1ba3068a07a61b93ac90,no,no,0.5077061653137207,0,2
supply_chain_disclosure_best_practice_audits,embed_large_logreg,1,4,306,e7be9434bab5ee26ff724ad366dd76a6eb91f1c4d40da2a6a8cacdadec1b2cef,no,no,0.5970441280914583,0,2
supply_chain_disclosure_best_practice_audits,embed_large_logreg,1,2,307,f4f4adbea45122fdb1d3bbd6cd8cdeb27833cdb5d576db84c1eda5e29dcaee5f,no,no,0.5195639133453369,0,2
supply_chain_disclosure_best_practice_audits,embed_large_logreg,1,0,308,23cc46b8e873878abcf6bddaef16294515cd6ff0c31f4b9c469cf5d98cd31970,no,no,0.6011331081390381,0,2
supply_chain_disclosure_best_practice_audits,embed_large_logreg,1,1,309,4812c78abc5dfdced8315b1ba8d4b75c05311b916aa75c4d90debdfc6f969f74,no,no,0.5294169029767244,1,1
supply_chain_disclosure_best_practice_audits,embed_large_logreg,1,3,310,83f36822a559802b4975bbd8ddaa42349b8ee30eaf1e14b895b064dc2d783343,no,yes,0.8495742082595825,1,1
supply_chain_disclosure_best_practice_audits,embed_large_logreg,1,1,311,6bd5e103d0200987b6d5a975589d665847c4a5cb70be72a8ec7b797be539ca1b,no,yes,0.5007428526878357,0,2
supply_chain_disclosure_best_practice_audits,embed_large_logreg,1,0,312,396db51b94e5987c9f4291a20606d3214010cae759f026fc485bfdccb44d32fa,no,no,0.6169439554214478,0,2
supply_chain_disclosure_best_practice_audits,embed_large_logreg,1,2,313,32aac534cc8c69b44cffb558d1687dde646c903551f4716d35f361ff9dfef7bc,no,yes,0.5856876969337463,0,2
supply_chain_disclosure_best_practice_audits,embed_large_logreg,1,4,314,cbd37b5b1d68d6e3051fe7d37866a22b605c82f43a4558b539cc921a761165da,no,yes,0.5182003378868103,0,2
supply_chain_disclosure_best_practice_audits,embed_large_logreg,1,0,315,93385e4040b8a9e2244312c589f32c019276499f4d77dc979a43a063da101d79,no,no,0.6321160604919177,0,2
supply_chain_disclosure_best_practice_audits,embed_large_logreg,1,3,316,fd5ab74802751c150fc6ffc9f5fc04a7520d18f5e369c5198e123110ae82e19b,no,no,0.7283002355188202,0,2
supply_chain_disclosure_best_practice_audits,embed_large_logreg,1,4,317,c39413cbf6175d72ce6425d54415f612eb915e3a715f188af606596ffd3c5c5a,no,yes,0.6244764924049377,0,2
supply_chain_disclosure_best_practice_audits,embed_large_logreg,1,0,318,d13bde6dbbb3e00674ae5199051fa37761040e06ca97d1fcddd06d1ca5a95012,no,no,0.521100640296936,0,2
supply_chain_disclosure_best_practice_audits,embed_large_logreg,1,2,319,a70cae38bc14a6f8f9ff25c6f6fc01da33d93a293a9faa412ec7fd88b01dab57,no,yes,0.5740668177604675,0,2
supply_chain_disclosure_best_practice_audits,embed_large_logreg,1,3,320,3d8984baef0ba18103046a21a24eaa95a7315dac31f46efd9d70b2de535cb462,no,yes,0.5528551936149597,0,2
supply_chain_disclosure_best_practice_audits,embed_large_logreg,1,3,321,27802664c2d01aa9a779698077273b0dfbb4e4c37c59ec27a359740e25c22b42,no,no,0.7291497966900529,0,2
supply_chain_disclosure_best_practice_audits,embed_large_logreg,1,3,322,c8ba7ee2aff1efe743ffdd333d82a22572e92a917542d07d056d220a47de9d41,no,no,0.8290085196495056,1,1
supply_chain_disclosure_best_practice_audits,embed_large_logreg,1,0,323,3197363915acc24a03e50b624d5514a7aae17a858feaebce00133fca51c8ab4e,no,no,0.6959934234619141,1,1
supply_chain_disclosure_best_practice_audits,embed_large_logreg,1,2,324,0befd85c57d5cc436139e85b69ed400d5bef008c4e62d3c2edc68db2816c720d,no,no,0.5786992139011856,0,2
supply_chain_disclosure_best_practice_audits,embed_large_logreg,1,2,325,511c8ce5808e6bd8d67a22f804e04fe11901c30d1c6316a4cf9d7ecf7650b4e7,no,yes,0.7539634108543396,1,1
supply_chain_disclosure_best_practice_audits,embed_large_logreg,1,3,326,c27e6fadd2b0b3eb12322506eb24c1c751d3d78f654dde666d6ae98bea4843d6,no,yes,0.8481243252754211,1,1
supply_chain_disclosure_best_practice_audits,embed_large_logreg,1,0,327,31bd0760ea5f242b9f1c3214f1def028d570d735060898e3dfe0692b784765c6,no,yes,0.6125519871711731,0,2
supply_chain_disclosure_best_practice_audits,embed_large_logreg,1,2,328,0605d4ef497301876468cc2abc3991419cb67ab9f6f44508b0849ad5cf2bc53a,no,yes,0.5099395513534546,0,2
supply_chain_disclosure_best_practice_audits,embed_large_logreg,1,1,329,61fdcfca449fbfdb032d1d9c17f754d30f1640a83287a1b9920ca671c0bc204f,no,no,0.5035665035247803,0,2
supply_chain_disclosure_best_practice_audits,embed_large_logreg,1,0,330,cde51c4232abd6a3d2b26f8ef8d8222f4018c74db11f9042f8d1f02d7b38d0ee,no,no,0.5893896818161011,0,2
supply_chain_disclosure_best_practice_audits,embed_large_logreg,1,4,331,319f9e927445f3d22c3c88b50343f05c4b5e9652ee4c548d6428c7fbfa6ddb18,no,yes,0.8427833914756775,1,1
supply_chain_disclosure_best_practice_audits,embed_large_logreg,1,0,332,189c16c1e54172f9e82ad90fdfd5e678727d91bda7c553e141882e572dd268de,no,yes,0.6123793721199036,0,2
supply_chain_disclosure_best_practice_audits,embed_large_logreg,1,1,333,50bc448a6e56c7b8a2cc2d46b2f97fd9cb0e9d4e8d9c08464f7f83ce1087ca64,no,yes,0.510208785533905,0,2
supply_chain_disclosure_best_practice_audits,embed_large_logreg,1,3,334,1d40ab814671064c78b4e4b52104b7c67dd683a3660819cf3f84d9f8fb431067,no,yes,0.5250494480133057,0,2
supply_chain_disclosure_best_practice_audits,embed_large_logreg,1,0,335,616072472d0a990fbc711a6602843e35e185e74e6783dad5587dc1a74f7564b5,no,yes,0.6014719009399414,0,2
supply_chain_disclosure_best_practice_audits,embed_large_logreg,1,2,336,4b44ec066ecab4f9d6bf9bd182434dd023a65373af82a4b71049e0e039377bb5,no,no,0.6276707462170498,0,2
supply_chain_disclosure_best_practice_audits,embed_large_logreg,1,0,337,f75e522355c0c0d4675648d8939f58f0ec9be70cb95841db451b5e375c1a89e0,no,no,0.5845733284950256,0,2
supply_chain_disclosure_best_practice_audits,embed_large_logreg,1,3,338,fa6b3e76ad96618009ffc2f157f3ca4d543344f3dc774b60cb2107497173bbb2,no,no,0.5124837756156921,0,2
supply_chain_disclosure_best_practice_audits,embed_large_logreg,1,2,339,4a0ff924d0af0c575b3be2e72b34334f61fac916dfdeef18d4d8b2786d5a055c,no,no,0.6588695245644308,0,2
supply_chain_disclosure_best_practice_audits,embed_large_logreg,1,4,340,a2c3a52ee094219ed5814abd08612de2476dc3c07d49af67be0302a80c6214d6,no,yes,0.5957320332527161,0,2
supply_chain_disclosure_best_practice_audits,embed_large_logreg,1,0,341,95fc1e387da1c2ef3c88f6b5a13bd043d0bcb9d99736badacc5810f4e69f6ead,no,no,0.5067505836486816,0,2
supply_chain_disclosure_best_practice_audits,embed_large_logreg,1,3,342,890c6a25c312a4255ede6c1b5569bef48435d8858fb1ad26a3a541896113f791,no,yes,0.6328793168067932,0,2
supply_chain_disclosure_best_practice_audits,embed_large_logreg,1,1,343,1d04a8b5ec608d80d692c827ee93b276d14a3b5ce3ce5e5d38c1f64046ca2164,no,yes,0.5381283164024353,1,1
supply_chain_disclosure_best_practice_audits,embed_large_logreg,1,1,344,5b2dad8f75d721ee621a1a59f7a9a94122fc51b61d681720d8f6feb20955f873,no,yes,0.5085117816925049,0,2
supply_chain_disclosure_best_practice_audits,embed_large_logreg,1,1,345,4742b083f9d4160e57ed034142afeb23e254b242fcf6a61c5610897189c37d0d,no,yes,0.5055587291717529,0,2
supply_chain_disclosure_best_practice_audits,embed_large_logreg,1,3,346,b33ee53ceb9352753d8eed3360ba28d8c47838544e26df87b06b0629f85abbc7,no,yes,0.6026082634925842,0,2
supply_chain_disclosure_best_practice_audits,embed_large_logreg,1,0,347,a691807189c6dff4664d336078a034a8af9d49c86e0f4379c3c0d5ca80cd47a0,no,no,0.605265516199634,0,2
supply_chain_disclosure_best_practice_audits,embed_large_logreg,1,0,348,03916a7e2107458575027c95858e95e02f45009f5bcecbbba957af619f214e96,no,yes,0.6315515637397766,0,2
supply_chain_disclosure_best_practice_audits,embed_large_logreg,1,4,349,337eac86a7ed305d725b924b7de373c3d0504a440bba1405decf7be11c2b34a9,no,yes,0.6656865477561951,0,2
supply_chain_disclosure_best_practice_audits,embed_large_logreg,1,1,350,4bc5542025350d91bbe713d5ef7111c64ee186faec13989fbff30704352647b7,no,yes,0.5112854242324829,0,2
supply_chain_disclosure_best_practice_audits,embed_large_logreg,1,1,351,7c74070fd3590918c058469fa3c201147083b789e575edc07df20c082a180302,no,no,0.5279020667076111,1,1
supply_chain_disclosure_best_practice_audits,embed_large_logreg,1,3,352,d0664eb101108ed4106770b8ccbb1a8919975cf2aad682315cd97a0b5eeb99c8,no,no,0.603614944327323,0,2
supply_chain_disclosure_best_practice_audits,embed_large_logreg,1,4,353,c60dd149ee7c246d148509fae225b586775c8507972ab1eabbf727c5f8e7c79f,no,yes,0.6297537088394165,0,2
supply_chain_disclosure_best_practice_audits,embed_large_logreg,1,4,354,28e5e89e983fe11d4fe513af1d2e124be02e54440e1013f26e37f42a95fae74c,no,no,0.7339884261485465,1,1
supply_chain_disclosure_best_practice_audits,embed_large_logreg,1,2,355,be342d0ba3afd69f4b1ed982cddc42bdd2bc8627333f859b23a80eefae95323b,no,no,0.709277847132747,1,1
supply_chain_disclosure_best_practice_audits,embed_large_logreg,1,1,356,b1a10b2ac1ff6205d95bf78c935c9e215fb3e7febd37a5c41c5f6a90a71b8321,no,no,0.508572518825531,0,2
supply_chain_disclosure_best_practice_audits,embed_large_logreg,1,4,357,583b8ebb8255f9589f012b68d1273468b40591ee99033e845869c2c21f2aebe1,no,no,0.6767411828041077,0,2
supply_chain_disclosure_best_practice_audits,embed_large_logreg,1,3,358,1893fb2f00cc58f4377a2868cc85f79105500067ec465ee406df6811a2ba6fab,no,yes,0.8203067779541016,1,1
supply_chain_disclosure_best_practice_audits,embed_large_logreg,1,0,359,82a8133be0fa802002cb741817aeefae6af67d1b167f8d2597832bea8b4bcae2,no,no,0.6698663035074978,1,1
supply_chain_disclosure_best_practice_audits,embed_large_logreg,1,1,360,6330f93d46deabef60b77631dddbd90916bf329a1274ab475af4034e0414e801,no,no,0.5227704048156738,1,1
supply_chain_disclosure_best_practice_audits,embed_large_logreg,1,2,361,a755105d219ad2c94dad6fb3e687221d0988b19734b874d618caee0c39428703,no,no,0.5873456001281738,0,2
supply_chain_disclosure_best_practice_audits,embed_large_logreg,1,0,362,1ae6dcfd7fda95f910cd66b4dadbe426f4d4f3805170498ffc16446a4b816227,no,no,0.6011264324188232,0,2
supply_chain_disclosure_best_practice_audits,embed_large_logreg,1,2,363,6005d637aec6968fd09b9156f9c4b42cea3ea4cf5711a412c8199a74e6b0da6d,no,yes,0.5996800065040588,0,2
supply_chain_disclosure_best_practice_audits,embed_large_logreg,1,1,364,e22eb40d5a0e35ac139d6625ba9fe83b5d9cc62fe73344788c6fbf34601eb66e,no,no,0.5248460173606873,1,1
supply_chain_disclosure_best_practice_audits,embed_large_logreg,1,4,365,b0ca0d813fe62b540b47121478904fe14e2847113e1093363f19f3c530ffd780,no,yes,0.7790442109107971,1,1
supply_chain_disclosure_best_practice_audits,embed_large_logreg,1,3,366,126cf937cb1a759c366b806643329bf0d1541ae8cc5d4d3ab1291fab336e0e2f,no,no,0.7525767571840174,0,2
supply_chain_disclosure_best_practice_audits,embed_large_logreg,1,2,367,b3ba7ed6334a095408711307b7b6d765a247957b2d8cf2c3fb74aab1848d4478,no,no,0.6371298026183189,0,2
supply_chain_disclosure_best_practice_audits,embed_large_logreg,1,2,368,42252d18326239ebb7a4bd9a369d958b552ade3a81818a7b33b5c7a254186386,no,yes,0.5113459825515747,0,2
supply_chain_disclosure_best_practice_audits,embed_large_logreg,1,0,369,1d8ec0aa2dde44562bea9e56edd84aafdefd120268eb03e844526b3528ccc5fb,no,yes,0.5142710208892822,0,2
supply_chain_disclosure_best_practice_audits,embed_large_logreg,1,3,370,d62cebfdc280570fae7895fb04d0666af038f0325c877e2bf486cc8aab9b741f,no,no,0.550417883681718,0,2
supply_chain_disclosure_best_practice_audits,embed_large_logreg,1,1,371,18b3aa7da2676a92694698ba51e9d1406f32f4d2e6a4f456717df617b747dc27,no,no,0.5056375114429739,0,2
supply_chain_disclosure_best_practice_audits,embed_large_logreg,1,2,372,d2101f76c6dfeb150215dfc3c747d278ed02b68c118346418eff466ec7e58111,no,no,0.6586078209099823,0,2
supply_chain_disclosure_best_practice_audits,embed_large_logreg,1,1,373,04ab2f27eec1c522ad9e668f4c68200eeab67868264dbf343658dc8d9a1c8f45,no,yes,0.5022416114807129,0,2
supply_chain_disclosure_best_practice_audits,embed_large_logreg,1,3,374,98d820923bcd03faee2d85e8d8a5a6c16f2d445795a1c658130203c5766b0497,no,no,0.6709748306579938,0,2
supply_chain_disclosure_best_practice_audits,embed_large_logreg,1,0,375,f712982ec8f374fc723b5aee46de82200f2a4f333ae3e6fb45e1aecd1916c30d,no,yes,0.5229532122612,0,2
supply_chain_disclosure_best_practice_audits,embed_large_logreg,1,1,376,d56330358a4f915da1d08b99375ace062ef622d4a645a2c4476474c8a6303f10,no,no,0.5170357381414097,0,2
supply_chain_disclosure_best_practice_audits,embed_large_logreg,1,3,377,1b424930328a00849ed3e051ff08961ed0d9abdacf308421a660728083fa9062,no,yes,0.5423048734664917,0,2
supply_chain_disclosure_best_practice_audits,embed_large_logreg,1,2,378,e08f36d3835ba4da0d6cb67088f631323be5705467f895cfcf7cacab604f8d65,no,no,0.7890542267122005,1,1
supply_chain_disclosure_best_practice_audits,embed_large_logreg,2,1,0,9d54e6c772949bfb6b364e2d7006fb131ac4294d6529566b2d88c78014eb6a1d,yes,yes,0.605831503868103,0,2
supply_chain_disclosure_best_practice_audits,embed_large_logreg,2,4,1,6bd8ec1448ec24fd291dc77052268939f67f9cfea5b76bd69388e542e0b53419,yes,yes,0.523892343044281,0,2
supply_chain_disclosure_best_practice_audits,embed_large_logreg,2,1,2,cfd25f9be7d33e9e2626fa8f008705300a927fdffb8d298eb046111abadd5313,yes,yes,0.5318328738212585,0,2
supply_chain_disclosure_best_practice_audits,embed_large_logreg,2,2,3,2f6b42c2613958a15c6634faad8dce008342e61c935053e805fb0f1fff7e4aa5,yes,yes,0.7121097445487976,1,1
supply_chain_disclosure_best_practice_audits,embed_large_logreg,2,3,4,dd521a35f676e54ddd4c10353a5b613a177a8c4ab4053780ebfac40ccda839f6,yes,yes,0.5182980895042419,0,2
supply_chain_disclosure_best_practice_audits,embed_large_logreg,2,3,5,33e4c0559a94c7dce28fd5c76870036003e5e62eed6cf35cdc1c63a6b0a6569f,yes,yes,0.6735064387321472,0,2
supply_chain_disclosure_best_practice_audits,embed_large_logreg,2,4,6,fb9db00dc94a7d11b1f1dc759bdaa0ab4132a345c4f4c79fa1b99a4f3feabec7,yes,yes,0.5028187036514282,0,2
supply_chain_disclosure_best_practice_audits,embed_large_logreg,2,0,7,a3a6ab356fbf9711c2b5414d31490eead3dd8e73d43141d8c1c133c314b5f163,yes,yes,0.5706318616867065,0,2
supply_chain_disclosure_best_practice_audits,embed_large_logreg,2,4,8,7a0cea15013a413c9095a12a26a110ad23082840e0980ef5ea664df3aa587c79,yes,no,0.556803822517395,0,2
supply_chain_disclosure_best_practice_audits,embed_large_logreg,2,1,9,ded19f85f9c4d9d7f469200e17647cd8ecc12c2da48288385855657ec1b5adf5,yes,yes,0.7882774472236633,1,1
supply_chain_disclosure_best_practice_audits,embed_large_logreg,2,4,10,edbc6a22c498b82bac2202f1e46acbeaedfb015c0444653d0b0aeb6099e37ff7,yes,yes,0.6373009085655212,1,1
supply_chain_disclosure_best_practice_audits,embed_large_logreg,2,2,11,72cbb74b67a42c66920815b763cc6896803bfbe9a4dde82490f10909e1dfcbec,yes,yes,0.8220298886299133,1,1
supply_chain_disclosure_best_practice_audits,embed_large_logreg,2,3,12,b6f77759748e520cb2650c9d05bfabeb352e52aeb1c443de23d4c8058ffbae34,yes,yes,0.8102633357048035,1,1
supply_chain_disclosure_best_practice_audits,embed_large_logreg,2,0,13,dade26e8398dbb799fd50eb54dbcd3e6ab8b4c274c793f921a58a02434c8b920,yes,yes,0.6418061852455139,0,2
supply_chain_disclosure_best_practice_audits,embed_large_logreg,2,2,14,ca680947ea1c383262052c8e93e441eefb9f5c56853cfdc57b710b6763858524,yes,no,0.8232033726095651,1,1
supply_chain_disclosure_best_practice_audits,embed_large_logreg,2,4,15,6567baee48eaca37363905900994df097ee69c55020b441e3135e706805c61aa,yes,yes,0.6393886804580688,1,1
supply_chain_disclosure_best_practice_audits,embed_large_logreg,2,0,16,3f83f1e16a6ae23ed6f0bb9678979f85323df70d52e5af7828b1bed5744918b1,yes,yes,0.608325719833374,0,2
supply_chain_disclosure_best_practice_audits,embed_large_logreg,2,4,17,37ed9ddde655fb5e0bedd0751e547d4b678cb2a4faeb1a803f4fde03b96df247,yes,yes,0.521780788898468,0,2
supply_chain_disclosure_best_practice_audits,embed_large_logreg,2,4,18,927e63eace0a5b571aaae87c06d33ec73b502b226e5e07f69211aac675c9199d,yes,yes,0.507403552532196,0,2
supply_chain_disclosure_best_practice_audits,embed_large_logreg,2,0,19,67595c9be4cf851988bc1fc7cdcedef276346c043520046d91bb26c48edac6cc,yes,yes,0.5979769825935364,0,2
supply_chain_disclosure_best_practice_audits,embed_large_logreg,2,0,20,97859a9430e770c53776bdb64bcac6e1057b25056282b1a971f3143449b8ae52,yes,yes,0.5725674033164978,0,2
supply_chain_disclosure_best_practice_audits,embed_large_logreg,2,3,21,d70648593b74ef9e2bc2de57c4dd94c2323fa8cd58e0083ea94ae75980c167fd,yes,yes,0.5229828357696533,0,2
supply_chain_disclosure_best_practice_audits,embed_large_logreg,2,3,22,52f6bfce60e5ece10730f4e80ac4d6d0a44cf613425838d5b0805482b44527f6,yes,no,0.5824614763259888,0,2
supply_chain_disclosure_best_practice_audits,embed_large_logreg,2,2,23,e50372eb04052599ab62fed9665c237fbb1fafd32f6502757f0d0bc648ee5072,yes,yes,0.8291484117507935,1,1
supply_chain_disclosure_best_practice_audits,embed_large_logreg,2,1,24,450bbed24b34b5272d476f23a5de997f8ff5490a0e106d7cdec0c059964c5c25,yes,yes,0.6478374600410461,0,2
supply_chain_disclosure_best_practice_audits,embed_large_logreg,2,3,25,f2116c063ca557116fe78a21ccd8f5607276835e91875fc11bf12932dddc984f,yes,no,0.888158003505513,1,1
supply_chain_disclosure_best_practice_audits,embed_large_logreg,2,3,26,aafd7fd03c4909c8dc45f9cb2cd65c636a86fc13ac4f6c08c449151b9a47fef7,yes,no,0.5062577875333365,0,2
supply_chain_disclosure_best_practice_audits,embed_large_logreg,2,4,27,33043270153f967b1fcebdd792621661d4f1066634cad83e35b51a515630ac38,yes,yes,0.5356536507606506,0,2
supply_chain_disclosure_best_practice_audits,embed_large_logreg,2,1,28,43294ee8c35a7c5c0a600a0522b094cbf6660d69944080ca876844efa92382dc,yes,yes,0.641013503074646,0,2
supply_chain_disclosure_best_practice_audits,embed_large_logreg,2,2,29,b68f1b883214616d4922a65d201ee2ea9db1a0122864b78ccbbf5ee46c7a8f7b,yes,yes,0.8382525444030762,1,1
supply_chain_disclosure_best_practice_audits,embed_large_logreg,2,3,30,7310ac62e99a4e8b1a34fce3d7086304d24c92e3534b4100b1c05e58506ac4b1,yes,yes,0.6771278977394104,0,2
supply_chain_disclosure_best_practice_audits,embed_large_logreg,2,3,31,b32275d570cb22080951b4812db4ef3e116eb01260737efd0035c8ac82e331f9,yes,no,0.5344327092170715,0,2
supply_chain_disclosure_best_practice_audits,embed_large_logreg,2,2,32,052895a7e776122c3bd93f43e5a766518ea710c81cd2d76001ab5d8e1a8e9576,yes,yes,0.8227166533470154,1,1
supply_chain_disclosure_best_practice_audits,embed_large_logreg,2,1,33,92cd4852e93b427437a48160221b761b265339694e1e9e4b6fbb4078283d47dd,yes,no,0.5222202695077738,0,2
supply_chain_disclosure_best_practice_audits,embed_large_logreg,2,3,34,a63bbe340e7e5559ab344685986e27ba29e7856a2bb43f559677d60bd6372b49,yes,yes,0.8191061615943909,1,1
supply_chain_disclosure_best_practice_audits,embed_large_logreg,2,1,35,4c66ac71222d0b9ea3d8106a65704219a05af6e124369c676e6d84e9e05eef96,yes,yes,0.814392626285553,1,1
supply_chain_disclosure_best_practice_audits,embed_large_logreg,2,2,36,5a71be10ab1bfb61b9c98e5a9adce211ebf7cc64b75c2fe894b2da8f4f438624,yes,yes,0.579020619392395,0,2
supply_chain_disclosure_best_practice_audits,embed_large_logreg,2,4,37,7a943e9ef37d479a877b40d230449fde8ef8985c43c5795a2b67ad1a560ec3dd,yes,no,0.5307052293630012,0,2
supply_chain_disclosure_best_practice_audits,embed_large_logreg,2,4,38,eebfae389e1805a6524964b0a815e9e64c44ec4245148015e3ee4de8084556cf,yes,yes,0.5205820202827454,0,2
supply_chain_disclosure_best_practice_audits,embed_large_logreg,2,3,39,242ffbc9b3e5ff9fb89c658b1348a67d708b3cbbc0707ba7991cf585da68498d,yes,yes,0.6390474438667297,0,2
supply_chain_disclosure_best_practice_audits,embed_large_logreg,2,0,40,6d4f73e7a6d1fea0e78502ec3d78016b8d7cc091321e361a13bcbc1c64abbc92,yes,no,0.5376079082489014,0,2
supply_chain_disclosure_best_practice_audits,embed_large_logreg,2,0,41,e91b405667ff2e3c59a366f14d4e69a85adf7b37adfbe5cc0d4f68d3ff850477,yes,yes,0.6070075035095215,0,2
supply_chain_disclosure_best_practice_audits,embed_large_logreg,2,4,42,df4b5ecfdae8b9a769a3ceef89c8f2943eff05ffdb56a25b5ff2517b2a5774ad,yes,no,0.5119074430493282,0,2
supply_chain_disclosure_best_practice_audits,embed_large_logreg,2,2,43,68dff8e9beb989b03b38607e665e4d5372e148fe089e55d47bec6692aea9c76a,yes,yes,0.6944563984870911,1,1
supply_chain_disclosure_best_practice_audits,embed_large_logreg,2,1,44,473f02f9766d1a9408898f92db8c82504af7648bb43d66a2d58ba393ad110cea,yes,yes,0.6788374781608582,0,2
supply_chain_disclosure_best_practice_audits,embed_large_logreg,2,1,45,40b81122b3ce13d0b02d3855a778d59dfa74dfe699922ad1cd59e4c945a11085,yes,yes,0.6814413070678711,0,2
supply_chain_disclosure_best_practice_audits,embed_large_logreg,2,2,46,be386186c94960b560719aa9801a2b53b610974576c933522e3bf0b7de9f75ee,yes,yes,0.7028596997261047,1,1
supply_chain_disclosure_best_practice_audits,embed_large_logreg,2,0,47,54ba1171dd088353ea0094c11e682cce0bda3cce8961ca9686b40b33a7462851,yes,no,0.5227455496788025,0,2
supply_chain_disclosure_best_practice_audits,embed_large_logreg,2,4,48,a5cd9829d0bb6680b12c38d718acd91f080de69f112a33da5f30ee6a651da5bd,yes,yes,0.5587769746780396,0,2
supply_chain_disclosure_best_practice_audits,embed_large_logreg,2,2,49,a60b58ec65949fd64e04a7930db1d4f38f18d50de6cc77f83c3a1f018bb35971,yes,yes,0.5165171027183533,0,2
supply_chain_disclosure_best_practice_audits,embed_large_logreg,2,1,50,258ee064efae6bfc773d9e688e0e04507092de9bb4d6c023bdd08088ce9b7d0a,yes,yes,0.5110511183738708,0,2
supply_chain_disclosure_best_practice_audits,embed_large_logreg,2,0,51,3bb5ff0604197b2135281a129b8db0a49cf99b97683131f2595801f5a3538e48,yes,yes,0.5693039298057556,0,2
supply_chain_disclosure_best_practice_audits,embed_large_logreg,2,2,52,4124b6eeb003417bd70564ba2fde31be4a267b867426f07b7e40d3a5a42b955e,yes,yes,0.7676562070846558,1,1
supply_chain_disclosure_best_practice_audits,embed_large_logreg,2,2,53,6795adbe04130c6f667f1f3bfdf4477f9426ec504d554b86e3442d6bc01c64b3,yes,yes,0.7029825448989868,1,1
supply_chain_disclosure_best_practice_audits,embed_large_logreg,2,3,54,b624a5abb6fe61a77543f57ce95b180f41e23f122d7ea978a7f03a9080d0c117,yes,no,0.6592479747757919,0,2
supply_chain_disclosure_best_practice_audits,embed_large_logreg,2,4,55,6434dbb7f593fcc55b97b67e6ab2b3bc4e6b0d9e0842c8fdbf3d79acd062e711,yes,yes,0.5206912755966187,0,2
supply_chain_disclosure_best_practice_audits,embed_large_logreg,2,0,56,2c5af191cf4c83284d0d480817f743f471028484b87e6533b0919f79d8be73da,yes,no,0.5458842678631624,0,2
supply_chain_disclosure_best_practice_audits,embed_large_logreg,2,3,57,1a95135ede09d2e63bd6b4a843062ac4af61a3fd3b03ede6d720351b54846dc4,yes,yes,0.5578018426895142,0,2
supply_chain_disclosure_best_practice_audits,embed_large_logreg,2,0,58,1810bea0a08d73c32b1805b8831178ca0ab8528b2d0f8ac88247661a6e69f8e7,yes,no,0.5470823049545288,0,2
supply_chain_disclosure_best_practice_audits,embed_large_logreg,2,2,59,5a2d69bd4e38c3951efb30708a40e3f4a39f104d84721cbf8c545d5ebbf5a979,yes,no,0.6528835892677307,0,2
supply_chain_disclosure_best_practice_audits,embed_large_logreg,2,4,60,46835c7ca7f9d3ed9aac3bf85af18fe4658a5d4cecd054ad6219f1b379266b5a,yes,yes,0.5086848735809326,0,2
supply_chain_disclosure_best_practice_audits,embed_large_logreg,2,1,61,19d22a3d9ae55ee79ad31bf1a33f28b73bf1af23a659ff9b50fd6a039c3c1015,yes,no,0.5408738255500793,0,2
supply_chain_disclosure_best_practice_audits,embed_large_logreg,2,4,62,e0675a87b1557858af49db8846e7da2a54792cca0f4b6687547a06bc21752a64,yes,yes,0.5345314145088196,0,2
supply_chain_disclosure_best_practice_audits,embed_large_logreg,2,0,63,88e18396e51fd530b25dbdba867dee981f99e3bc9ee3e4495b541d3afb24f860,yes,yes,0.5440547466278076,0,2
supply_chain_disclosure_best_practice_audits,embed_large_logreg,2,0,64,30c8b45d4999cf9de8c3c9318059611dc084dd5f81ec50a3ffefb4c434ea5d10,yes,no,0.5137954354286194,0,2
supply_chain_disclosure_best_practice_audits,embed_large_logreg,2,4,65,bcc7c3c9238c4ca25a297bba82702f037934c89e424571ce800b424c2d72eb99,yes,yes,0.5482555627822876,0,2
supply_chain_disclosure_best_practice_audits,embed_large_logreg,2,0,66,d37dc7efcf545e24ea668accb8a8fc8c4b2d71c9a6b66829b6e7f5ad5887c55d,yes,yes,0.620906412601471,0,2
supply_chain_disclosure_best_practice_audits,embed_large_logreg,2,1,67,1ff72a935e2581a73389e968b07a918171d3a71863f799670ce20e0422a77bc1,yes,no,0.5771876745577954,0,2
supply_chain_disclosure_best_practice_audits,embed_large_logreg,2,4,68,7c213e830f4b18be4e5435844ebc2482efb5672c7e559006f5c1c21d16cce21f,yes,yes,0.5625447034835815,1,1
supply_chain_disclosure_best_practice_audits,embed_large_logreg,2,4,69,ca21f83512fd7ebfb00825a9d23131822aec5c635857f75025dae20d8e2aeab9,yes,yes,0.5154293775558472,0,2
supply_chain_disclosure_best_practice_audits,embed_large_logreg,2,1,70,583603f2fa828ad5e7283f6a522153df983d96151dd424e878bb41f458ff420a,yes,yes,0.6220778822898865,0,2
supply_chain_disclosure_best_practice_audits,embed_large_logreg,2,1,71,68f670418f0909105c1cb8844772825fb4ba489c72634c139452928eca657515,yes,yes,0.8912642598152161,1,1
supply_chain_disclosure_best_practice_audits,embed_large_logreg,2,1,72,a1ee39468479a4129fcd404c7b033a1667904771c45acb07969e94a5c816f741,yes,yes,0.6922575235366821,0,2
supply_chain_disclosure_best_practice_audits,embed_large_logreg,2,3,73,1bbaf32745507e45914fe877698c77e2517b9dcb02e59aefb755e2cb05b3b6ce,yes,yes,0.5481717586517334,0,2
supply_chain_disclosure_best_practice_audits,embed_large_logreg,2,3,74,6441a25c7e9aacdd81cbb5eb9006df4554ef2b778c49f73b61cb1a87d1e664a7,yes,yes,0.9345974922180176,1,1
supply_chain_disclosure_best_practice_audits,embed_large_logreg,2,0,75,7effe61be9495286cb7aa152dfe4bb187087cfbbadfd5ae74615afccc94ca5a2,yes,yes,0.5046295523643494,0,2
supply_chain_disclosure_best_practice_audits,embed_large_logreg,2,4,76,55149e53ccbcecf5b2bec61a13a083d8c80ef7d940bce4e69759bd859b75cf27,yes,yes,0.5789633989334106,1,1
supply_chain_disclosure_best_practice_audits,embed_large_logreg,2,2,77,ee9e57c3f7c911b1fd365b5aaadb5a15128e352364d4bec56ec84467d3ff736a,yes,yes,0.8629474639892578,1,1
supply_chain_disclosure_best_practice_audits,embed_large_logreg,2,2,78,d7b7e1ac46290add16f23c8195170499df669318e8158462abe68741792c3fc7,yes,yes,0.6505527496337891,0,2
supply_chain_disclosure_best_practice_audits,embed_large_logreg,2,2,79,4319a82278965a186ff1f30c53989cec45e638b378eab1febcbeb65f23fabe9f,yes,yes,0.726950466632843,1,1
supply_chain_disclosure_best_practice_audits,embed_large_logreg,2,3,80,15e57eb32f969fcd0a6f49e9976788796a20f6e9807cda15d025765d4a4c6250,yes,yes,0.6300917863845825,0,2
supply_chain_disclosure_best_practice_audits,embed_large_logreg,2,1,81,f1e998799add05735d8e4ef8a7b0680c19790187dbe70fb785f32d106cac896b,yes,yes,0.5814629793167114,0,2
supply_chain_disclosure_best_practice_audits,embed_large_logreg,2,2,82,db23799cc5ac6832bc82fc3c56b81ffda2cf099b7bb8dfc04851c7cc978d3860,yes,yes,0.6603735685348511,0,2
supply_chain_disclosure_best_practice_audits,embed_large_logreg,2,0,83,2ebf21b254356e063ec495bc48e8b427c9cef0e023d6c440ab4695d670fac424,yes,yes,0.6772568821907043,1,1
supply_chain_disclosure_best_practice_audits,embed_large_logreg,2,4,84,f5f05ce191f8e498e77d5a82efe0cc9b7b0caca2cbd03855b4a3c04dd5326f82,yes,yes,0.5509552955627441,0,2
supply_chain_disclosure_best_practice_audits,embed_large_logreg,2,4,85,235ce0ea6083794379941800918b143e04bd02e90f6ca0df77dc219a03def0fb,yes,no,0.5262788691007754,0,2
supply_chain_disclosure_best_practice_audits,embed_large_logreg,2,0,86,675f9e573acd9ee413ee4098ecee6e28c67fb1251f10e277dc5f8251151e9da2,yes,yes,0.5898253321647644,0,2
supply_chain_disclosure_best_practice_audits,embed_large_logreg,2,3,87,2ff95ae87bf0173ba35ce7803ee7e2b6c3e55da5408e2849e2db1bf6be370c1f,yes,yes,0.638241171836853,0,2
supply_chain_disclosure_best_practice_audits,embed_large_logreg,2,4,88,c3c72b3814c06b5ae24ea5616a76e6e34d5e65a037e85d1de1b714979534a508,yes,no,0.5639628767967224,1,1
supply_chain_disclosure_best_practice_audits,embed_large_logreg,2,4,89,1abad7524e193958a5e4e30aeee808127f7d6f94b84907ba346c856b1352d506,yes,no,0.5211961114050117,0,2
supply_chain_disclosure_best_practice_audits,embed_large_logreg,2,2,90,d226bbab5779ded49db4f0c92048f30f3308fbc33dddc21c3f553fe8f87fcbf8,yes,yes,0.7818506956100464,1,1
supply_chain_disclosure_best_practice_audits,embed_large_logreg,2,3,91,3b4741877764990637a1268063f65f78bb8e594eae6d2906fe8bcd9f4257c7ff,yes,yes,0.6228424906730652,0,2
supply_chain_disclosure_best_practice_audits,embed_large_logreg,2,3,92,3bd73a7cf410fc9b3e1ae11778d1f9a5e608ca828bdf80e624f9d0fe092636d8,yes,yes,0.5961520671844482,0,2
supply_chain_disclosure_best_practice_audits,embed_large_logreg,2,1,93,f8a69fcaa6995a987c838bf9355ef0f34e73d762cad7adb46499a4919cd21260,yes,yes,0.5068439841270447,0,2
supply_chain_disclosure_best_practice_audits,embed_large_logreg,2,0,94,2bc816bdb532b4fc74face24637b167b5cd6b7a156ba66b8ecdecca78ddb7a5e,yes,yes,0.628564178943634,0,2
supply_chain_disclosure_best_practice_audits,embed_large_logreg,2,1,95,ab4d67c424e351a53a77b8c8217460def7339c7690bda9807f188c277abf99df,yes,yes,0.5869404673576355,0,2
supply_chain_disclosure_best_practice_audits,embed_large_logreg,2,0,96,5acad3a53814dc166c294d6012ee4d9876377e6c7dc9bcd4cb545aae89327aaa,yes,no,0.5180954933166504,0,2
supply_chain_disclosure_best_practice_audits,embed_large_logreg,2,2,97,025abd17b4aa8cd2ca7b64367d0dae8246cac55217afb5378a32edc5cb032028,yes,yes,0.7024234533309937,1,1
supply_chain_disclosure_best_practice_audits,embed_large_logreg,2,1,98,8009af26f9d7407e1ae55cfc4779b4b279c3d930f343295afcb1dabb6c4f5771,yes,yes,0.8369849324226379,1,1
supply_chain_disclosure_best_practice_audits,embed_large_logreg,2,2,99,20ffaa2b9dbb70e5796aaeb58543484710a8828de00250b6639f69c9e65bc92a,yes,yes,0.8827260136604309,1,1
supply_chain_disclosure_best_practice_audits,embed_large_logreg,2,0,100,459bed595f402efcac27f2132f647c7bad0622691786e37af3b3902fe7ed6d30,yes,yes,0.6319431662559509,0,2
supply_chain_disclosure_best_practice_audits,embed_large_logreg,2,0,101,031856afb140c703e4a301ce8e6393551af830f3c4945305e23735bdc5dc5e8d,yes,yes,0.6086147427558899,0,2
supply_chain_disclosure_best_practice_audits,embed_large_logreg,2,1,102,6be5c550eecd21d8130ce8d2534fda585336bbd469b636be126d1930496943ef,yes,yes,0.5187828540802002,0,2
supply_chain_disclosure_best_practice_audits,embed_large_logreg,2,3,103,cb1d66fe19e860b6174d574ad92b146dcfb31769b3f045c4268b796d39ace598,yes,yes,0.8407490253448486,1,1
supply_chain_disclosure_best_practice_audits,embed_large_logreg,2,4,104,b8f56656615d580b345dadc70ccbde392c6aa9477d92ffd07eb5fd126fb52749,yes,yes,0.5052350759506226,0,2
supply_chain_disclosure_best_practice_audits,embed_large_logreg,2,1,105,e1e9ff82d278af02d188aaab6558d189bc48fdbc54aed68d83ed47c4cbc0ff08,yes,yes,0.8845545649528503,1,1
supply_chain_disclosure_best_practice_audits,embed_large_logreg,2,2,106,5d2e2af1f56ad0b84e2849ad94c7f9b8502c7f564e8e9948112364d32f117415,yes,yes,0.8885381817817688,1,1
supply_chain_disclosure_best_practice_audits,embed_large_logreg,2,3,107,7c0433d913d5d9e83b1a7479c578dedbb65de78fd669dac303b240517f525ac7,yes,no,0.5291381039958627,0,2
supply_chain_disclosure_best_practice_audits,embed_large_logreg,2,2,108,487257cd89e1e218cee478fba0884b272dc42d42a47b82dd366d389a8b5db279,yes,yes,0.743743360042572,1,1
supply_chain_disclosure_best_practice_audits,embed_large_logreg,2,0,109,a65ed6ff518a4c68f06e526e47cb1116cb4661c3ed635c6780dd4806b5cde7bb,yes,yes,0.6228204369544983,0,2
supply_chain_disclosure_best_practice_audits,embed_large_logreg,2,0,110,6c8d0687947cec71e1a1cb8a1383c11e0adb47d0e54ea48aafdb5a03e950fee1,yes,no,0.5123633742332458,0,2
supply_chain_disclosure_best_practice_audits,embed_large_logreg,2,4,111,642eb832cde6ce9f5b08d631301f2eeff3be1414e98cb19a29c1e9a2ba1c24c6,yes,yes,0.5621173977851868,1,1
supply_chain_disclosure_best_practice_audits,embed_large_logreg,2,3,112,375dbda1e8323ea8520c1f6256c9b927c68151c652c6b58105a00d1ab2271c9c,yes,yes,0.6731871962547302,0,2
supply_chain_disclosure_best_practice_audits,embed_large_logreg,2,3,113,b19887857cd233945689ec8336c60d2f73d70846421c657f0be1c6a92bbc7518,yes,yes,0.629157543182373,0,2
supply_chain_disclosure_best_practice_audits,embed_large_logreg,2,2,114,f0a3886cf3e1d2070dc523492943cfcd3e499d24b52fc793a0fb7725adfe16f2,yes,yes,0.7349367141723633,1,1
supply_chain_disclosure_best_practice_audits,embed_large_logreg,2,2,115,376f27182efb4c1fe0ce63cffb0beea5d342c2296eb0f8a9e57769b2078f92c6,yes,no,0.6004089713096619,0,2
supply_chain_disclosure_best_practice_audits,embed_large_logreg,2,1,116,672f49a21e2f43bf1d7affa3e679d9d23f2677e346077297c3ce8c69996abc9f,yes,yes,0.7257835865020752,0,2
supply_chain_disclosure_best_practice_audits,embed_large_logreg,2,0,117,e04a261511b639d13eff7977e3a3d96a624c24da4e20bcea440d03ce7e3ae68e,yes,yes,0.7031991481781006,1,1
supply_chain_disclosure_best_practice_audits,embed_large_logreg,2,1,118,c95024d3b100f9153f41395f2e5c661f54c684d7d8038f764a81c77987cd944c,yes,yes,0.6765961050987244,0,2
supply_chain_disclosure_best_practice_audits,embed_large_logreg,2,2,119,0c2fd8335e8a32cd836ad0fac339e53728d9dd1b1739ac86260707d4b7cf5102,yes,yes,0.581466019153595,0,2
supply_chain_disclosure_best_practice_audits,embed_large_logreg,2,3,120,fc4c958267d1a005d1c9d5f0ac60c24f69650d1fbb89a618551194f3abb45a0a,yes,no,0.6115913987159729,0,2
supply_chain_disclosure_best_practice_audits,embed_large_logreg,2,2,121,0efe9e66d9baf00c14469130c1d532f4abeb43c7f893eae6a44dab6313d4fb74,yes,yes,0.6899258494377136,1,1
supply_chain_disclosure_best_practice_audits,embed_large_logreg,2,4,122,459a17fd7ed2fb62ccf60f909dab8f4e9f41f8f620571c720e0d6449b3243f1c,yes,yes,0.5079038143157959,0,2
supply_chain_disclosure_best_practice_audits,embed_large_logreg,2,0,123,8c190cb913388a32b8ef0c5126e5c392d243b3583fd89923b21d8621b7f16f97,yes,yes,0.6694921851158142,1,1
supply_chain_disclosure_best_practice_audits,embed_large_logreg,2,1,124,dece42af518250889be48080639ae862a6244394a9cfabf7ce7c4af677218640,yes,no,0.51420658826828,0,2
supply_chain_disclosure_best_practice_audits,embed_large_logreg,2,0,125,40b7a53af6c489016a3c39a0c23daaf2b4ff6197c2b53acaf1ee59067d17b38a,yes,yes,0.5083720684051514,0,2
supply_chain_disclosure_best_practice_audits,embed_large_logreg,2,4,126,929891ba31548db1aa694753669e3c24a30e1788a99151d98b539c39011f0c6e,yes,yes,0.5041009783744812,0,2
supply_chain_disclosure_best_practice_audits,embed_large_logreg,2,2,127,9ffb371008bdf3d9905cc135199ff19454aa55be24ff6556d8f180a5a82601c4,yes,yes,0.8182922005653381,1,1
supply_chain_disclosure_best_practice_audits,embed_large_logreg,2,2,128,4cbcd769a0f437d0d8cac94bce5b472c7304848c39ba945db73525d09dd92f29,yes,no,0.6949540583775657,1,1
supply_chain_disclosure_best_practice_audits,embed_large_logreg,2,3,129,28443bea33a9cfa2056f9e550d7afacc19053d096a108db12f87a2e90de7ad14,yes,no,0.5675140619277954,0,2
supply_chain_disclosure_best_practice_audits,embed_large_logreg,2,0,130,53b1a4e96ad74195e550599949adc135a68d11a2761b215e2d3c5f78fac20ff4,yes,yes,0.544373095035553,0,2
supply_chain_disclosure_best_practice_audits,embed_large_logreg,2,1,131,457aa4a03d6d45f3e6544e847d352d46186cccc1f81d8cb481bf644db7af99f3,yes,no,0.5718258023262024,0,2
supply_chain_disclosure_best_practice_audits,embed_large_logreg,2,4,132,b36c6cc2c4974c8c6877811a1a305dea8be3cb2d15bde1c0c9eb16c92139773f,yes,yes,0.5711032748222351,1,1
supply_chain_disclosure_best_practice_audits,embed_large_logreg,2,1,133,95a16109c1891d82eeafded1e727f6561d5e8c7475e3e4e26d3c11ca744c6547,yes,yes,0.6540506482124329,0,2
supply_chain_disclosure_best_practice_audits,embed_large_logreg,2,2,134,921b410be7bc7b2de67384cb33f2212547c80d1e0d373fde36b9efa85af4bbd2,yes,yes,0.6630041003227234,0,2
supply_chain_disclosure_best_practice_audits,embed_large_logreg,2,4,135,4a3619506781d26fc853745317c36841d51d17c4453fa9792f2a6ec932c1b7f9,yes,yes,0.525619387626648,0,2
supply_chain_disclosure_best_practice_audits,embed_large_logreg,2,2,136,30a167de20776b14c84cbc4a797def3569824661dd4a47f98a8e2cf261e55c03,yes,yes,0.7479512691497803,1,1
supply_chain_disclosure_best_practice_audits,embed_large_logreg,2,4,137,391ccdc3a1a0f1231bbac5db1ce4e442afa3f3d79dc8b4293b88f93209811a6d,yes,yes,0.5683766007423401,1,1
supply_chain_disclosure_best_practice_audits,embed_large_logreg,2,1,138,151ef6b81c9ba20818d173a6b34a499bd330ac8b55583759ebc444cb3e997ee9,yes,yes,0.5538610816001892,0,2
supply_chain_disclosure_best_practice_audits,embed_large_logreg,2,2,139,00f788466575e92cb6cd9b6bece2b76116328a72f455bfbf1b31c1a61e42a48e,yes,yes,0.549355149269104,0,2
supply_chain_disclosure_best_practice_audits,embed_large_logreg,2,4,140,ef2c6382e5dc53301bd218ec96105515da4a8331f35b814e7a7f38ea085ce13f,yes,yes,0.5738328695297241,1,1
supply_chain_disclosure_best_practice_audits,embed_large_logreg,2,4,141,04288152a54520da15135a2da000a2cf47ca7108eb4ed77b37713dc7ead5834b,yes,yes,0.5505404472351074,0,2
supply_chain_disclosure_best_practice_audits,embed_large_logreg,2,3,142,78781bf0a8697fd3f3409d0b8bd3967222d89b46f61f1ec355bda7d55721e5e4,yes,yes,0.548097550868988,0,2
supply_chain_disclosure_best_practice_audits,embed_large_logreg,2,1,143,3c7c5ae2aa151786ba4a73c291ce5e1a0a2b03a30c29cf3328495fb37d9aece7,yes,yes,0.9341854453086853,1,1
supply_chain_disclosure_best_practice_audits,embed_large_logreg,2,1,144,2509ba56d644ea014a3e0fa3d0d6874c3cd2c6a28788f805fd9c6758e313ab8f,yes,yes,0.704466700553894,0,2
supply_chain_disclosure_best_practice_audits,embed_large_logreg,2,3,145,01eca6a511ea344abc3cf6dee3b61342273cacd73fd16da7f8f69dbf49142d75,yes,yes,0.5777350664138794,0,2
supply_chain_disclosure_best_practice_audits,embed_large_logreg,2,2,146,a16e8a50ee6e37a4589de3344628e84d9c80280c3ba92ec3972f6b853cbf7c2e,yes,yes,0.7286592125892639,1,1
supply_chain_disclosure_best_practice_audits,embed_large_logreg,2,0,147,45bd51009e1e64c672134259f2b5ede08866a003283780b51c4818c318a172fc,yes,no,0.5000213384628296,0,2
supply_chain_disclosure_best_practice_audits,embed_large_logreg,2,4,148,9e1afd1f029efd031171df47a2ca39fb5420f30cd60b2fd9e1b0a8875cd25e49,yes,yes,0.5614582300186157,1,1
supply_chain_disclosure_best_practice_audits,embed_large_logreg,2,4,149,4b31ff48711f468ee6a1562ebc1e3389c382fd1c448638c0eda617de2469b754,yes,no,0.5372931957244873,0,2
supply_chain_disclosure_best_practice_audits,embed_large_logreg,2,1,150,0d783ce52643a830262a183e1f3340dfa5e11782478d1c01ad53d0076c4c73d4,yes,yes,0.5330991148948669,0,2
supply_chain_disclosure_best_practice_audits,embed_large_logreg,2,0,151,baace2e4253ecc8d61872f3b64835bb002f2a49a97e7d4c31adc7b078bc0a85f,yes,yes,0.6120091080665588,0,2
supply_chain_disclosure_best_practice_audits,embed_large_logreg,2,1,152,396d5edabfc1cc0317011328bc857e25c1640c119ce86f4b99f02862697e7df8,yes,no,0.6562457084655762,0,2
supply_chain_disclosure_best_practice_audits,embed_large_logreg,2,4,153,0c532687e912f2d64ff38f5eed8a18b3179c544a30dd454a0e4adc0617bafbef,yes,yes,0.6206197142601013,1,1
supply_chain_disclosure_best_practice_audits,embed_large_logreg,2,4,154,607ecb634c0681303ee57bf7366b51214e7db74d4d4c0675d3806628cffdbffb,yes,yes,0.5105196833610535,0,2
supply_chain_disclosure_best_practice_audits,embed_large_logreg,2,1,155,14759c3262b6131be28f172314d3243dbc099f7cb099c03a4e85397e876c8b56,yes,yes,0.605839192867279,0,2
supply_chain_disclosure_best_practice_audits,embed_large_logreg,2,4,156,32260ecf26035d5e5df015a53c55c1fa3414a446aee4f3709c38ccf58df0ca66,yes,yes,0.5828890204429626,1,1
supply_chain_disclosure_best_practice_audits,embed_large_logreg,2,1,157,5ae1b1df5103d563678ef0e3bd377743146e4315d7a2bf0c895ece3a203e57a5,yes,no,0.5973115145358895,0,2
supply_chain_disclosure_best_practice_audits,embed_large_logreg,2,0,158,5d1fc63f4139faae3bfe28443da26e285c4bb8f1d308b6ff4b7b1b75cc2c1e80,yes,yes,0.5330138206481934,0,2
supply_chain_disclosure_best_practice_audits,embed_large_logreg,2,0,159,39e33483b6daed03fd99c05cd1c125e6b18f5af6c51ec943acdeaa4b1ee84166,yes,no,0.6200289130210876,0,2
supply_chain_disclosure_best_practice_audits,embed_large_logreg,2,0,160,3daa8ec03c0ed46a2b9f72cbb4723307035f5c52b6f89d28317e2a6b303d6247,yes,no,0.696881115436554,1,1
supply_chain_disclosure_best_practice_audits,embed_large_logreg,2,2,161,0c82ffaee114b837e9f974f4e80361b373b8c00d329a258aa8a80fb9b1f4e398,yes,no,0.6223310232162476,0,2
supply_chain_disclosure_best_practice_audits,embed_large_logreg,2,2,162,07c6e827cc6c23cd27132b4c99cdd5e4258ea66c0b532d59b29055c8e5cedc14,yes,yes,0.8396440148353577,1,1
supply_chain_disclosure_best_practice_audits,embed_large_logreg,2,4,163,575b6c919a2ada10f464c7b46bc2b934726e9c993c82384121938de3ec6d3259,yes,yes,0.5413274765014648,0,2
supply_chain_disclosure_best_practice_audits,embed_large_logreg,2,0,164,21bfadb1e773c7ba5a13997f0fb26b6975502bebe37fe323b42580c521a1600f,yes,yes,0.6838776469230652,1,1
supply_chain_disclosure_best_practice_audits,embed_large_logreg,2,1,165,562ebd404575617d0f8d7b9efb34742cf5ddd488563c2500c9aec2ca6c214663,yes,yes,0.8375311493873596,1,1
supply_chain_disclosure_best_practice_audits,embed_large_logreg,2,3,166,78456786d204455184c362ece71adf15b8e1a55b2b2e857ebb83507e9881cb4e,yes,yes,0.6615895628929138,0,2
supply_chain_disclosure_best_practice_audits,embed_large_logreg,2,0,167,6ea4297c021e920636315a3b8cd9f75283c91cc9053cccc8f74a085fac3ff9e6,yes,no,0.5229083143798019,0,2
supply_chain_disclosure_best_practice_audits,embed_large_logreg,2,3,168,d7246cb68425a99318147f0f1fe2dcbb042807eb08603cbe9904847610a446e0,yes,yes,0.7941275835037231,1,1
supply_chain_disclosure_best_practice_audits,embed_large_logreg,2,2,169,f8401a13ab0b03ea07669144d0d263b35b0c21e834a4da3c577de48bdf482495,yes,yes,0.7412905693054199,1,1
supply_chain_disclosure_best_practice_audits,embed_large_logreg,2,0,170,a4e29359bcaec8e1536b48faecaba98004ae3f5854c7402ba7740252b24e59ec,yes,yes,0.6694744825363159,1,1
supply_chain_disclosure_best_practice_audits,embed_large_logreg,2,4,171,61bcec93f20473c4dd8792a0590cd52ebb4e73b93cce84104e1821b66585ae36,yes,no,0.5153985619544983,0,2
supply_chain_disclosure_best_practice_audits,embed_large_logreg,2,1,172,051d82ea698c7defeb37ae5b11301eca98346930ddd52562f9aea2bbac1b413d,yes,yes,0.5322584509849548,0,2
supply_chain_disclosure_best_practice_audits,embed_large_logreg,2,3,173,ef497929adb29de6160875c9594ed91f6ec6548653bca2492ebcd49f7324e9b1,yes,yes,0.5886222720146179,0,2
supply_chain_disclosure_best_practice_audits,embed_large_logreg,2,4,174,93bb3e29ce9e7036bd4c6725e22905194dfbb28fbe4e38678c89b9588ae43da4,yes,no,0.5774180717045644,1,1
supply_chain_disclosure_best_practice_audits,embed_large_logreg,2,3,175,dd5ea83860728cd69a48d8ee326e7998b3e4d597bd167390eff08fab3423660d,yes,no,0.5952022253037162,0,2
supply_chain_disclosure_best_practice_audits,embed_large_logreg,2,4,176,acf95ae6504008b3675b5a6e1d34dcf3e2ae5a31a2c52ab178689b08b1e52318,yes,yes,0.5219182968139648,0,2
supply_chain_disclosure_best_practice_audits,embed_large_logreg,2,4,177,feb00174787409b226e12959e1eec4d9c76105dcc553753d24bfa85b06fa13a8,yes,yes,0.5106539130210876,0,2
supply_chain_disclosure_best_practice_audits,embed_large_logreg,2,1,178,4e157c907f1a39c4736c42962bdcd0647aba4fc2d56996b1a7d865e6fed2b387,yes,yes,0.8228912949562073,1,1
supply_chain_disclosure_best_practice_audits,embed_large_logreg,2,0,179,b01aaacbff761f1d09ba1fd4477b90c6e5723fbf33f70d4a6c4092180818be85,yes,yes,0.5749009251594543,0,2
supply_chain_disclosure_best_practice_audits,embed_large_logreg,2,0,180,21caaa5906e5a0b027392e17755bdb5e69f2fbeeab9457431ce75f2563ed54f7,yes,yes,0.6504672169685364,0,2
supply_chain_disclosure_best_practice_audits,embed_large_logreg,2,3,181,596504be5142fc5222baf19af3a06f62e1c31bdf6053136081a7aa8300a515c0,yes,yes,0.765832245349884,1,1
supply_chain_disclosure_best_practice_audits,embed_large_logreg,2,2,182,b0825404cd40d6659e58b65251fa3700b8ca36acce0c7e74e5ec60d73f009c2b,yes,yes,0.5960988402366638,0,2
supply_chain_disclosure_best_practice_audits,embed_large_logreg,2,2,183,2c330a1ba17f5fd6fcbe0c35d683859c0e61aae4aad2422c88ecae48ec2fb137,yes,yes,0.6623185873031616,0,2
supply_chain_disclosure_best_practice_audits,embed_large_logreg,2,3,184,1531fdb46dfdd8cefa201ef9546bdc219dc7ec61de3612565a5a597833bca11c,yes,no,0.6905484795570374,0,2
supply_chain_disclosure_best_practice_audits,embed_large_logreg,2,4,185,ed5516e94ba0f9873e91a7c51a694a4b275288be9b383d487d2c473eec82d333,yes,yes,0.560158371925354,1,1
supply_chain_disclosure_best_practice_audits,embed_large_logreg,2,2,186,d03e6766a02ffc8423ba39940ce8a69fd03ea5e93edfb327af258dabd75c9e5e,yes,yes,0.7007503509521484,1,1
supply_chain_disclosure_best_practice_audits,embed_large_logreg,2,2,187,8a81109a73b838cbc58d4bf69f51eb6f1dee99da7818cde561d4cc9350058f7c,yes,yes,0.6251331567764282,0,2
supply_chain_disclosure_best_practice_audits,embed_large_logreg,2,4,188,ad8df74a5604a274f191b30942519d471ef007f2cb2afc12ca66cd73490f140b,yes,yes,0.6026796698570251,1,1
supply_chain_disclosure_best_practice_audits,embed_large_logreg,2,4,189,3236cea34e746c2854726aafd2b42f4c763e91efd983f92bd5d46b37934ce701,yes,no,0.5021998286247253,0,2
supply_chain_disclosure_best_practice_audits,embed_large_logreg,2,3,190,244d7fc55eab9fe22ac8639ef434c9d3948c9bedb7453b1980ec8f1229bb2c68,yes,yes,0.5058639049530029,0,2
supply_chain_disclosure_best_practice_audits,embed_large_logreg,2,4,191,5b777db784a0ad2ff2f63cd6ac341cec919f6db8e66c1a7c8afcca4bda0856f1,yes,no,0.5141869936641155,0,2
supply_chain_disclosure_best_practice_audits,embed_large_logreg,2,0,192,a536c2e629791ea99d535deb51d04d6950ca7e778e2b8fabd5107530ecf3b63d,yes,yes,0.6702301502227783,1,1
supply_chain_disclosure_best_practice_audits,embed_large_logreg,2,1,193,c1782493d0a641f2d98c277b11023e4adb7fa2fc203ee4dac76fa3dd572915e8,yes,yes,0.773233950138092,0,2
supply_chain_disclosure_best_practice_audits,embed_large_logreg,2,3,194,c7792639dfd396f47fe6f339c6da513ede7315959767ab9dafb88309769dbab6,yes,yes,0.5642306804656982,0,2
supply_chain_disclosure_best_practice_audits,embed_large_logreg,2,3,195,ae215269eaa9afcae52c3c7fad43d01a78c9e122205651439d9bf2e5671676af,yes,no,0.6106519517108216,0,2
supply_chain_disclosure_best_practice_audits,embed_large_logreg,2,3,196,30079533bf5c7357cd70f9cf1cbc13700f5c3e515d3c5ebbe55c0943cb3cd3d3,yes,yes,0.5308105945587158,0,2
supply_chain_disclosure_best_practice_audits,embed_large_logreg,2,0,197,ef8843ad04ca905381cc9dc85e84a4c4e9c5a2861f05e5fce9fa5066e7f7876d,yes,yes,0.6716310977935791,1,1
supply_chain_disclosure_best_practice_audits,embed_large_logreg,2,3,198,7c18061590aa800422b5635e324664e2dc3382d93bdd896d73512fd499719d54,yes,no,0.5981106162071228,0,2
supply_chain_disclosure_best_practice_audits,embed_large_logreg,2,0,199,56c25d4eb4588f13327a6b3f6d1bf423858c24d3e72ca640819f1aff6fffb588,yes,yes,0.6613877415657043,0,2
supply_chain_disclosure_best_practice_audits,embed_large_logreg,2,2,200,37fb8de488cb40c4b049e28e90cefa770eb07d1059f2e68c706d35d39deaf7a6,yes,no,0.513100281748184,0,2
supply_chain_disclosure_best_practice_audits,embed_large_logreg,2,0,201,d6943bae94c68dbe413f37141c963ec0da0f265c3d6cd601971199d07c838bcf,yes,yes,0.5802076458930969,0,2
supply_chain_disclosure_best_practice_audits,embed_large_logreg,2,0,202,738411246babffb6b853c81c2ab34295e5db281b7e730293ed8d1ad31e1d30cb,yes,yes,0.5586498379707336,0,2
supply_chain_disclosure_best_practice_audits,embed_large_logreg,2,1,203,4d4c98bf199646728c2a7b80140d0f8bfa90311619ddd101e7e81d8da51eba3f,yes,no,0.5219096100899461,0,2
supply_chain_disclosure_best_practice_audits,embed_large_logreg,2,2,204,3887f474ec6dfe32935833b72b870ee0ee25207e9c2d7cad91f1d4792356e278,yes,yes,0.5270636081695557,0,2
supply_chain_disclosure_best_practice_audits,embed_large_logreg,2,1,205,5183361573f996b8425904aba330bdb33a14f3a40e5a13d71f8a4dfa32ee601c,yes,no,0.5118734684028188,0,2
supply_chain_disclosure_best_practice_audits,embed_large_logreg,2,1,206,b7fef818a202c62579781f6a16fdc3fbe95b7014de4c7fc7c0bfd72085b49111,yes,yes,0.8373944163322449,1,1
supply_chain_disclosure_best_practice_audits,embed_large_logreg,2,0,207,7f71163235d108c9e78fa664d5bef08dabfa91cfbbdcd9f3d08391db22af380a,yes,yes,0.6381015181541443,0,2
supply_chain_disclosure_best_practice_audits,embed_large_logreg,2,0,208,5695147a701cc755d386897ef3916ae914a81943569ef4fe344ca24a43d906ee,yes,yes,0.6964908242225647,1,1
supply_chain_disclosure_best_practice_audits,embed_large_logreg,2,0,209,b18c36bddd3d7b476ce5b9e82b759a1230ce387c9ef91dd060c50f7a7fb551f5,yes,yes,0.6689207553863525,1,1
supply_chain_disclosure_best_practice_audits,embed_large_logreg,2,2,210,0a76fce024d1ded8f815f5aeddfd0f478fe16661931e2f3658f76bca65572613,yes,yes,0.8982506394386292,1,1
supply_chain_disclosure_best_practice_audits,embed_large_logreg,2,3,211,b5f480ca28f49024bd818f6af65275cc36a6022530a28fa2648ddb7da3f86839,yes,yes,0.561234176158905,0,2
supply_chain_disclosure_best_practice_audits,embed_large_logreg,2,4,212,255fd01e686472de43e42c9c117018713274490a02b2df34c1bc9ea698083b88,yes,yes,0.5547158122062683,0,2
supply_chain_disclosure_best_practice_audits,embed_large_logreg,2,3,213,c1b7a9f6e0096a280a7cff21a3d2d2a788fda487fb4778bff25572d53d220dd8,yes,yes,0.6885428428649902,0,2
supply_chain_disclosure_best_practice_audits,embed_large_logreg,2,1,214,8e4caa63c82cc004c6a03ff6278f68d26b0d6195e385e25392f38000f093728e,yes,no,0.867256952334299,1,1
supply_chain_disclosure_best_practice_audits,embed_large_logreg,2,4,215,5246f2f270d78e6a7ee150dfeb414ed591d6d868246b224415d78f8dcb33c791,yes,yes,0.5796445608139038,1,1
supply_chain_disclosure_best_practice_audits,embed_large_logreg,2,0,216,dc87f2b33f12048f543e0a8cc1526f23fe4e72f15a6f2f1decf2a602f0eadf1b,yes,yes,0.7410716414451599,1,1
supply_chain_disclosure_best_practice_audits,embed_large_logreg,2,4,217,3045163bc73fcda0d5d8a7800ea68f83f22b0d7e71099dbf8bf7030daca5c21a,yes,yes,0.5120446085929871,0,2
supply_chain_disclosure_best_practice_audits,embed_large_logreg,2,3,218,4c7d5ee51cc7b5700e6104e6c501ce5b41ed859fcf48fdb1057af364fba88a8e,yes,no,0.565475447014706,0,2
supply_chain_disclosure_best_practice_audits,embed_large_logreg,2,3,219,bd4c1f1cf2fc2181caa3f8384bb1b4d9195039f6a32c4609aa60fff706567b74,yes,yes,0.6560459733009338,0,2
supply_chain_disclosure_best_practice_audits,embed_large_logreg,2,2,220,77ad10e7c8d412c275543817ff3fbae1b314666dc24e6b51452fee9982cb31ec,yes,yes,0.7429946660995483,1,1
supply_chain_disclosure_best_practice_audits,embed_large_logreg,2,1,221,be62d87c4255e3586bdf7df9901d04563f034fa4e1c974936be58d86bae1221c,yes,no,0.5348234017245947,0,2
supply_chain_disclosure_best_practice_audits,embed_large_logreg,2,0,222,c28332da856f34b6a44fb9b64740e960ec60cbce5cfb5a4d5a7697e4796c9b42,yes,yes,0.7549235224723816,1,1
supply_chain_disclosure_best_practice_audits,embed_large_logreg,2,1,223,f5a6277f734ce623abb70561bc333f40c516432889b7170fe537795f0b0d1dfe,yes,yes,0.8271521329879761,1,1
supply_chain_disclosure_best_practice_audits,embed_large_logreg,2,3,224,c40939ccc68ff214deef38f965d504bec913cb7a2f3c74d2ece1a45866e275d9,yes,no,0.671638111125287,0,2
supply_chain_disclosure_best_practice_audits,embed_large_logreg,2,2,225,829a910f071a32bcafaaa8663dbdf625ce4b5548e0b6c349d0dc9ac3703a1122,yes,no,0.6774343848228455,0,2
supply_chain_disclosure_best_practice_audits,embed_large_logreg,2,3,226,f1638844a53628837ad5d89cfcdeecc0f5bb34cfc57eb62570e26ff4a1cf62da,yes,no,0.7243869520541117,0,2
supply_chain_disclosure_best_practice_audits,embed_large_logreg,2,0,227,902f081f4eba26153cd2c7c4a497205b912767790306d278827259370ff02e5a,yes,yes,0.630953848361969,0,2
supply_chain_disclosure_best_practice_audits,embed_large_logreg,2,3,228,ca1da196f15bf1f779e22e5e1a695d8b7a71804e15e2d5e7feff77800f931548,yes,yes,0.7884162068367004,1,1
supply_chain_disclosure_best_practice_audits,embed_large_logreg,2,2,229,5f6bc442d00e4fa861670fafbb8a27c94547c1508938c9d29e3d899bfc2ba60c,yes,yes,0.7029827237129211,1,1
supply_chain_disclosure_best_practice_audits,embed_large_logreg,2,1,230,f2c4a70d75d38bdb8ddcf24ce6b3bbc1270aa929b58238973c10a2f20dcf0d75,yes,yes,0.5362289547920227,0,2
supply_chain_disclosure_best_practice_audits,embed_large_logreg,2,1,231,8bf9eb09cc0e8fd59010ab76b7c69b9e1e43c539995dc000c6861a83b2d81707,yes,no,0.8103361250510235,1,1
supply_chain_disclosure_best_practice_audits,embed_large_logreg,2,2,232,f7cf08b6965795f5c7d3d054023aac6ccdeabdb48f991c84e2931966f6ad041d,yes,yes,0.5038936734199524,0,2
supply_chain_disclosure_best_practice_audits,embed_large_logreg,2,1,233,1c7fa227e0dc0b3f0683ec2411f95409c3417c9b96f8516a9f76bb71971c3978,yes,no,0.701880693435669,0,2
supply_chain_disclosure_best_practice_audits,embed_large_logreg,2,1,234,5f24817add32407e6acc884463b789a68919be44f960ad31c19f73970ec67edd,yes,no,0.8273546818994684,1,1
supply_chain_disclosure_best_practice_audits,embed_large_logreg,2,1,235,f3669d8939961578a7f23f5801a8f8915334ee6e2197feeaffc15c7042fe0c20,yes,yes,0.7652415037155151,0,2
supply_chain_disclosure_best_practice_audits,embed_large_logreg,2,0,236,06c17d0d305d5233112fb0bca036055b06f839ff3e6eef40071ed1a3802d4a7e,yes,yes,0.701515257358551,1,1
supply_chain_disclosure_best_practice_audits,embed_large_logreg,2,2,237,f3e83ec97ee5386134f54fd9a9f7c19f68cc121dc9f6f5ba2618dfcd1c4b3b66,yes,yes,0.775176465511322,1,1
supply_chain_disclosure_best_practice_audits,embed_large_logreg,2,4,238,f894ff8baed215fe478a03c4f70e0ae70f1dee90d635e8bf521bcf7c2c5d5d8c,yes,yes,0.5549182295799255,0,2
supply_chain_disclosure_best_practice_audits,embed_large_logreg,2,3,239,0959b643a8baf490de768c9a042a1cff4f7ba07e8c3a35f1d3c88073b5c659bb,yes,no,0.6645498275756836,0,2
supply_chain_disclosure_best_practice_audits,embed_large_logreg,2,4,240,c603ec107332b17d63d9c056e5827a42faf80cee9ecf616f78b74d7b26aca002,yes,yes,0.5931697487831116,1,1
supply_chain_disclosure_best_practice_audits,embed_large_logreg,2,3,241,cff6dc284e486a2f018540356c568bd866b086fd09ab993a34321b8282b62dff,yes,no,0.7228758550547318,0,2
supply_chain_disclosure_best_practice_audits,embed_large_logreg,2,3,242,f1ffa5b7ab4faafc9099101fbcac382df8a721f39c48a1fb4eff0f8263e12ddd,yes,yes,0.6620184183120728,0,2
supply_chain_disclosure_best_practice_audits,embed_large_logreg,2,3,243,7358882b282e44427d46aa23e131b40ce9cb810d4046b9b5b1b29019a7bafd97,yes,yes,0.5559525489807129,0,2
supply_chain_disclosure_best_practice_audits,embed_large_logreg,2,0,244,39716913d74b739a4abccba43e643a747078c53268d60308a0981129848fe379,yes,yes,0.6177732944488525,0,2
supply_chain_disclosure_best_practice_audits,embed_large_logreg,2,3,245,aacaba1b480efdbb8a8d7f064c31e6c8bb5d15a859dde769c4e38d8f39544726,yes,yes,0.7886126041412354,1,1
supply_chain_disclosure_best_practice_audits,embed_large_logreg,2,3,246,625e4fb7cc51b77995b363889fc63bbadb80c2bc91fb2880c1018ab4741d3b7c,yes,yes,0.5916461944580078,0,2
supply_chain_disclosure_best_practice_audits,embed_large_logreg,2,1,247,cadb995cb17c99a0479f83cf2c9ef1624ee2362bfba9690abd6fcc060800c76a,yes,yes,0.8101783990859985,1,1
supply_chain_disclosure_best_practice_audits,embed_large_logreg,2,2,248,ab606b741090016f818eb0cb7e260b416330418b8003a89245993e73bf8630d0,yes,yes,0.5963953137397766,0,2
supply_chain_disclosure_best_practice_audits,embed_large_logreg,2,0,249,cc0bd56a8fa41797d21f3f767f99f08c0d47e85478b58e4221224373d2c04763,yes,yes,0.5128807425498962,0,2
supply_chain_disclosure_best_practice_audits,embed_large_logreg,2,1,250,1294ab0087ad5087a538686b745d3e7db23d18cc7f4f6f530cc80e2ac5f4db00,yes,yes,0.6559703350067139,0,2
supply_chain_disclosure_best_practice_audits,embed_large_logreg,2,3,251,94afabafc1a2e279104f1d46c17a267d3986bec668852ff48007a09bf59540ad,yes,yes,0.8953542709350586,1,1
supply_chain_disclosure_best_practice_audits,embed_large_logreg,2,4,252,6132d8d18112fa7d61ba37ff4d62b1c1c54f81b63eb04af24889c178eac1b7f5,yes,yes,0.5718792676925659,1,1
supply_chain_disclosure_best_practice_audits,embed_large_logreg,2,2,253,8c27ca919f3a1c88913da54bb4a77bba34322faffaf8e221698a9d377dbe8c52,yes,no,0.6210076212882996,0,2
supply_chain_disclosure_best_practice_audits,embed_large_logreg,2,0,254,13a1d68844cb18a366fbe726bce7132ea31a4fbed461a3d8e40fe9c27604ab0c,yes,yes,0.6695464253425598,1,1
supply_chain_disclosure_best_practice_audits,embed_large_logreg,2,2,255,96815958503862c65f14b779ce716b39e74afb0aac85ec7b03e85152838e44b0,yes,yes,0.5374372005462646,0,2
supply_chain_disclosure_best_practice_audits,embed_large_logreg,2,1,256,73eed2cd61ac0ea6ae32683a83e2b0e5738d28779452c6ed7cb6f7eadd0e2261,yes,yes,0.6811732649803162,0,2
supply_chain_disclosure_best_practice_audits,embed_large_logreg,2,2,257,373083f104edd5a192773c0a179c9788a933c15a1571ba09d81e8033116bf6c4,yes,yes,0.7233780026435852,1,1
supply_chain_disclosure_best_practice_audits,embed_large_logreg,2,1,258,eade8098bb75f44ddc8f9427c116b373a4abfcf40e4dcf8e2774b900155008a0,yes,yes,0.6156885027885437,0,2
supply_chain_disclosure_best_practice_audits,embed_large_logreg,2,2,259,013f12d740fc3d68af91928317abf93d62dd424d19d1137d161e2693551f67e3,yes,yes,0.6265648603439331,0,2
supply_chain_disclosure_best_practice_audits,embed_large_logreg,2,1,260,bf3486f95c637ed4c0f6e7987cd08241cbaa680a7e6a37850cb43d0042e06cad,no,no,0.763087772222989,0,2
supply_chain_disclosure_best_practice_audits,embed_large_logreg,2,0,261,17b7c487cc98c7e8e49c1c50b503ac7d38f2734055411ae4ae7b698cb622add3,no,no,0.5510386228561401,0,2
supply_chain_disclosure_best_practice_audits,embed_large_logreg,2,0,262,8af0b9f5fd790626bb4db3c123e1eb46e4ce609c0a22a6c74820808d33d2e351,no,no,0.5428236126899719,0,2
supply_chain_disclosure_best_practice_audits,embed_large_logreg,2,1,263,4711f4cfb8352d9bee2590efd786b65a53292b22ea7e088a282787c6669af84d,no,no,0.795198917388916,1,1
supply_chain_disclosure_best_practice_audits,embed_large_logreg,2,2,264,6280d5d3a4a66af42f0a860a6e1bef945aaac4cd6695915cab72224d2110b691,no,no,0.532329261302948,0,2
supply_chain_disclosure_best_practice_audits,embed_large_logreg,2,3,265,168f343929f3968913069fd4fe3ea2090bcc1a567ad31fa5d6834c9d9d8ee1d5,no,no,0.6791093551847146,0,2
supply_chain_disclosure_best_practice_audits,embed_large_logreg,2,2,266,71386be1f3486406f1a3cf5dfee5e266834f063cbf2bfb914213afe0d7458bb1,no,no,0.5412903428077698,0,2
supply_chain_disclosure_best_practice_audits,embed_large_logreg,2,0,267,00768c68746cc07a0855f2e858ea0b79d89c52616ea96f63e3b7d7113ad78409,no,yes,0.614357054233551,0,2
supply_chain_disclosure_best_practice_audits,embed_large_logreg,2,1,268,73be09f2cbe8d3723f914f0901b9b1199c1c4b1c8cf68937bada35a3da53af17,no,no,0.6598682403564453,0,2
supply_chain_disclosure_best_practice_audits,embed_large_logreg,2,4,269,96700d3c63698f7fc8d4ea778f120a3d46929a5734a3c86cfa59d7a160ef608e,no,no,0.517164945602417,0,2
supply_chain_disclosure_best_practice_audits,embed_large_logreg,2,1,270,b11583189d07bb6c3452ea92f85ffc89db81f8f0bb7f000a3d4b4d62e7eec5c0,no,no,0.5561532378196716,0,2
supply_chain_disclosure_best_practice_audits,embed_large_logreg,2,1,271,2c33b85eaa7cbe07fb355c5e6f1156c2063261897778d650af9ba90bc60754c2,no,no,0.5065880417823792,0,2
supply_chain_disclosure_best_practice_audits,embed_large_logreg,2,3,272,203ed0f85c23f811b2013c75119ab4107bb94611678786bf334e168d337dfd91,no,no,0.5478526517108873,0,2
supply_chain_disclosure_best_practice_audits,embed_large_logreg,2,4,273,29f5a73f0eb2112c2e8648ba539c6e8540af14f4e9972e5f4dc3409460c124a7,no,no,0.5149172697936675,0,2
supply_chain_disclosure_best_practice_audits,embed_large_logreg,2,0,274,529fbe231a56762bee94fca3a926dfbe380e1a1a4899d3eee0104c0f6d69fd90,no,yes,0.5912238359451294,0,2
supply_chain_disclosure_best_practice_audits,embed_large_logreg,2,4,275,c4a4dd3902ba1e7f9bd8aec6700ede838bef8b038357041988488f41c58fd818,no,yes,0.5136901140213013,0,2
supply_chain_disclosure_best_practice_audits,embed_large_logreg,2,0,276,072d2e8050c2b36c8c5ff2c7aff95b88f8fd6cccc76368e10be132a17e092b7d,no,yes,0.7699963450431824,1,1
supply_chain_disclosure_best_practice_audits,embed_large_logreg,2,0,277,a86f11debb6ead7654a11b993c384f748c0211f80d9cf6ec15379718865bb14b,no,no,0.5209394538122578,0,2
supply_chain_disclosure_best_practice_audits,embed_large_logreg,2,4,278,dec95cde6289a27cf2fa4c129a8fe002cd9efe24fe0c76194cd80b81d4d25646,no,no,0.5437807006770581,0,2
supply_chain_disclosure_best_practice_audits,embed_large_logreg,2,3,279,278a88f973ea6da6e167d46d0b191eee85edd560cf58a096d19bf9f0385f078f,no,yes,0.6259316205978394,0,2
supply_chain_disclosure_best_practice_audits,embed_large_logreg,2,3,280,9f9d1126a707de4b474cf7e0fc08299ad856bdb4a0bfe68914a374466df2ba79,no,no,0.8294885282142241,1,1
supply_chain_disclosure_best_practice_audits,embed_large_logreg,2,2,281,49e44d01a8d96ebc8362b1012e8fe169fc8ba19015002d2415f18d38e34e543f,no,no,0.7293642163276672,1,1
supply_chain_disclosure_best_practice_audits,embed_large_logreg,2,1,282,7aff74a42e71a0efa775083fed4b831acd81e1c7a72ea3ab95fa0010cbd1b047,no,yes,0.5454915761947632,0,2
supply_chain_disclosure_best_practice_audits,embed_large_logreg,2,2,283,c0e1213a6c7f271618273d37e7c4d80e49f79f3cb5a1276394122a181df3af93,no,no,0.5739395022392273,0,2
supply_chain_disclosure_best_practice_audits,embed_large_logreg,2,1,284,162326a6ce5c56ccf790f70cb837962b40b3bc3287e736e1be05be79c4e6bce9,no,no,0.5113294124603271,0,2
supply_chain_disclosure_best_practice_audits,embed_large_logreg,2,4,285,446398bfee4175c67b2956599c14af90b0edd482e1dce8163481a203948007dd,no,no,0.5558176636695862,0,2
supply_chain_disclosure_best_practice_audits,embed_large_logreg,2,1,286,ba33f9b515db096d9ae8836a3b69ce9148b85a2f3bd641c7a5fcba3f6b073736,no,no,0.8568025572060777,1,1
supply_chain_disclosure_best_practice_audits,embed_large_logreg,2,4,287,0b218c20d44772c56168aad84ee04aa59a41e91c16b8af3ec7318f2db50abac9,no,yes,0.5395568013191223,0,2
supply_chain_disclosure_best_practice_audits,embed_large_logreg,2,2,288,a6098775d1f58c7495bade73c71a163bda773200d559daf386859c20452c9497,no,yes,0.5260359644889832,0,2
supply_chain_disclosure_best_practice_audits,embed_large_logreg,2,1,289,0bb83f5175555cfaa916ed3929534af9f11e955ce4ff57612f69713e94993937,no,no,0.6398219060844751,0,2
supply_chain_disclosure_best_practice_audits,embed_large_logreg,2,1,290,389a4e760129e6e54975f074004e2fec1753d42f1e48343f1b10d47d6fcac37e,no,yes,0.5653159618377686,0,2
supply_chain_disclosure_best_practice_audits,embed_large_logreg,2,1,291,d57214d0e9a179e422fbe3b51666f953ceda30db4a7ce444e66f35c2904d4c84,no,no,0.6096730050542055,0,2
supply_chain_disclosure_best_practice_audits,embed_large_logreg,2,2,292,4f3067260931b33e6f0dcd9414705fb435db8f6aac3bf072fcf443d96f77932c,no,no,0.5692548751831055,0,2
supply_chain_disclosure_best_practice_audits,embed_large_logreg,2,3,293,143076a0b6c3b4b2c37750896a92e809870b097c81c38be1d50dce2c008d9eb2,no,no,0.8266914486885071,1,1
supply_chain_disclosure_best_practice_audits,embed_large_logreg,2,3,294,3bce2b75988d047a0d7a0deea7d519effb6c58310ec68cc20fa6cce9c3b54f1b,no,no,0.7971792817115784,1,1
supply_chain_disclosure_best_practice_audits,embed_large_logreg,2,3,295,5ba25ab1ef701ffb4ef46c65dacf4c7fff4bf56cb6c3b355c39768b828753eb2,no,yes,0.5841131210327148,0,2
supply_chain_disclosure_best_practice_audits,embed_large_logreg,2,0,296,c09af0b827ba4837bfe03f4efcc035c576b40c281b86c6d5cf4d9a9452124fe4,no,no,0.5406765341758728,0,2
supply_chain_disclosure_best_practice_audits,embed_large_logreg,2,3,297,d318eaf94df22e65541a2d801bf35239ef508dd99ccf9a378d2f01328b1b29f8,no,yes,0.6488332152366638,0,2
supply_chain_disclosure_best_practice_audits,embed_large_logreg,2,4,298,b215c45d50089d0cd1585a907239c94da9543ad54bd7a50f9cf22478364ff754,no,yes,0.612341046333313,1,1
supply_chain_disclosure_best_practice_audits,embed_large_logreg,2,1,299,9d071de4e714afecba60136fc13d2fd5d799fa73ec323fa5b32f33261331fc95,no,no,0.5488106608390808,0,2
supply_chain_disclosure_best_practice_audits,embed_large_logreg,2,0,300,b48a0124d9c28eba8793c0639caa52128545630d8a846c28ab4f01eb7cde60e0,no,no,0.7757547862602834,1,1
supply_chain_disclosure_best_practice_audits,embed_large_logreg,2,4,301,f604a8e5fc84e2cb8f3210b72d51555bfad329c64660c42250ca1403fec24f72,no,yes,0.5009049773216248,0,2
supply_chain_disclosure_best_practice_audits,embed_large_logreg,2,0,302,dfd391e41957d1ac236feb8094f25b8ef1bb5bb23df2361d1e0b96cdcf4d8334,no,no,0.5091230717562714,0,2
supply_chain_disclosure_best_practice_audits,embed_large_logreg,2,1,303,da6cb12627d752d97c8b74cd52766dd24bf238718d113b3b633ccfb1b8a34605,no,yes,0.586197018623352,0,2
supply_chain_disclosure_best_practice_audits,embed_large_logreg,2,0,304,968b24534319b3352bfda7565390677a43bff36eba314281473cc77c382f7459,no,no,0.5503765344619751,0,2
supply_chain_disclosure_best_practice_audits,embed_large_logreg,2,3,305,4441c0b5b2cc678233438e17f40bbaa0525429c3e46d1ba3068a07a61b93ac90,no,yes,0.5086365938186646,0,2
supply_chain_disclosure_best_practice_audits,embed_large_logreg,2,4,306,e7be9434bab5ee26ff724ad366dd76a6eb91f1c4d40da2a6a8cacdadec1b2cef,no,no,0.568655788898468,1,1
supply_chain_disclosure_best_practice_audits,embed_large_logreg,2,2,307,f4f4adbea45122fdb1d3bbd6cd8cdeb27833cdb5d576db84c1eda5e29dcaee5f,no,no,0.632068932056427,0,2
supply_chain_disclosure_best_practice_audits,embed_large_logreg,2,4,308,23cc46b8e873878abcf6bddaef16294515cd6ff0c31f4b9c469cf5d98cd31970,no,no,0.5439840393071163,0,2
supply_chain_disclosure_best_practice_audits,embed_large_logreg,2,1,309,4812c78abc5dfdced8315b1ba8d4b75c05311b916aa75c4d90debdfc6f969f74,no,no,0.827667939250649,1,1
supply_chain_disclosure_best_practice_audits,embed_large_logreg,2,1,310,83f36822a559802b4975bbd8ddaa42349b8ee30eaf1e14b895b064dc2d783343,no,yes,0.628386914730072,0,2
supply_chain_disclosure_best_practice_audits,embed_large_logreg,2,2,311,6bd5e103d0200987b6d5a975589d665847c4a5cb70be72a8ec7b797be539ca1b,no,no,0.6235711760393136,0,2
supply_chain_disclosure_best_practice_audits,embed_large_logreg,2,2,312,396db51b94e5987c9f4291a20606d3214010cae759f026fc485bfdccb44d32fa,no,no,0.7343949298380295,1,1
supply_chain_disclosure_best_practice_audits,embed_large_logreg,2,4,313,32aac534cc8c69b44cffb558d1687dde646c903551f4716d35f361ff9dfef7bc,no,yes,0.5136415362358093,0,2
supply_chain_disclosure_best_practice_audits,embed_large_logreg,2,0,314,cbd37b5b1d68d6e3051fe7d37866a22b605c82f43a4558b539cc921a761165da,no,yes,0.5494803190231323,0,2
supply_chain_disclosure_best_practice_audits,embed_large_logreg,2,3,315,93385e4040b8a9e2244312c589f32c019276499f4d77dc979a43a063da101d79,no,no,0.7008085459711715,0,2
supply_chain_disclosure_best_practice_audits,embed_large_logreg,2,3,316,fd5ab74802751c150fc6ffc9f5fc04a7520d18f5e369c5198e123110ae82e19b,no,no,0.676748514175415,0,2
supply_chain_disclosure_best_practice_audits,embed_large_logreg,2,2,317,c39413cbf6175d72ce6425d54415f612eb915e3a715f188af606596ffd3c5c5a,no,yes,0.7057775259017944,1,1
supply_chain_disclosure_best_practice_audits,embed_large_logreg,2,3,318,d13bde6dbbb3e00674ae5199051fa37761040e06ca97d1fcddd06d1ca5a95012,no,yes,0.5459404587745667,0,2
supply_chain_disclosure_best_practice_audits,embed_large_logreg,2,2,319,a70cae38bc14a6f8f9ff25c6f6fc01da33d93a293a9faa412ec7fd88b01dab57,no,yes,0.7603973150253296,1,1
supply_chain_disclosure_best_practice_audits,embed_large_logreg,2,2,320,3d8984baef0ba18103046a21a24eaa95a7315dac31f46efd9d70b2de535cb462,no,no,0.5292070069672765,0,2
supply_chain_disclosure_best_practice_audits,embed_large_logreg,2,2,321,27802664c2d01aa9a779698077273b0dfbb4e4c37c59ec27a359740e25c22b42,no,no,0.554538369178772,0,2
supply_chain_disclosure_best_practice_audits,embed_large_logreg,2,2,322,c8ba7ee2aff1efe743ffdd333d82a22572e92a917542d07d056d220a47de9d41,no,no,0.8971035346820424,1,1
supply_chain_disclosure_best_practice_audits,embed_large_logreg,2,4,323,3197363915acc24a03e50b624d5514a7aae17a858feaebce00133fca51c8ab4e,no,no,0.6028583645820618,1,1
supply_chain_disclosure_best_practice_audits,embed_large_logreg,2,0,324,0befd85c57d5cc436139e85b69ed400d5bef008c4e62d3c2edc68db2816c720d,no,yes,0.6339225769042969,0,2
supply_chain_disclosure_best_practice_audits,embed_large_logreg,2,2,325,511c8ce5808e6bd8d67a22f804e04fe11901c30d1c6316a4cf9d7ecf7650b4e7,no,yes,0.7420209646224976,1,1
supply_chain_disclosure_best_practice_audits,embed_large_logreg,2,2,326,c27e6fadd2b0b3eb12322506eb24c1c751d3d78f654dde666d6ae98bea4843d6,no,yes,0.8057193160057068,1,1
supply_chain_disclosure_best_practice_audits,embed_large_logreg,2,4,327,31bd0760ea5f242b9f1c3214f1def028d570d735060898e3dfe0692b784765c6,no,yes,0.5202743411064148,0,2
supply_chain_disclosure_best_practice_audits,embed_large_logreg,2,4,328,0605d4ef497301876468cc2abc3991419cb67ab9f6f44508b0849ad5cf2bc53a,no,no,0.5244270719417057,0,2
supply_chain_disclosure_best_practice_audits,embed_large_logreg,2,1,329,61fdcfca449fbfdb032d1d9c17f754d30f1640a83287a1b9920ca671c0bc204f,no,no,0.6115714311599731,0,2
supply_chain_disclosure_best_practice_audits,embed_large_logreg,2,0,330,cde51c4232abd6a3d2b26f8ef8d8222f4018c74db11f9042f8d1f02d7b38d0ee,no,no,0.5713771751933449,0,2
supply_chain_disclosure_best_practice_audits,embed_large_logreg,2,2,331,319f9e927445f3d22c3c88b50343f05c4b5e9652ee4c548d6428c7fbfa6ddb18,no,yes,0.6458756327629089,0,2
supply_chain_disclosure_best_practice_audits,embed_large_logreg,2,3,332,189c16c1e54172f9e82ad90fdfd5e678727d91bda7c553e141882e572dd268de,no,no,0.6034365712572166,0,2
supply_chain_disclosure_best_practice_audits,embed_large_logreg,2,3,333,50bc448a6e56c7b8a2cc2d46b2f97fd9cb0e9d4e8d9c08464f7f83ce1087ca64,no,yes,0.5006349682807922,0,2
supply_chain_disclosure_best_practice_audits,embed_large_logreg,2,1,334,1d40ab814671064c78b4e4b52104b7c67dd683a3660819cf3f84d9f8fb431067,no,yes,0.5349847078323364,0,2
supply_chain_disclosure_best_practice_audits,embed_large_logreg,2,3,335,616072472d0a990fbc711a6602843e35e185e74e6783dad5587dc1a74f7564b5,no,yes,0.6316032409667969,0,2
supply_chain_disclosure_best_practice_audits,embed_large_logreg,2,0,336,4b44ec066ecab4f9d6bf9bd182434dd023a65373af82a4b71049e0e039377bb5,no,no,0.6290718913078308,0,2
supply_chain_disclosure_best_practice_audits,embed_large_logreg,2,0,337,f75e522355c0c0d4675648d8939f58f0ec9be70cb95841db451b5e375c1a89e0,no,no,0.5899794277542659,0,2
supply_chain_disclosure_best_practice_audits,embed_large_logreg,2,0,338,fa6b3e76ad96618009ffc2f157f3ca4d543344f3dc774b60cb2107497173bbb2,no,no,0.5663450360298157,0,2
supply_chain_disclosure_best_practice_audits,embed_large_logreg,2,0,339,4a0ff924d0af0c575b3be2e72b34334f61fac916dfdeef18d4d8b2786d5a055c,no,no,0.5775704555979507,0,2
supply_chain_disclosure_best_practice_audits,embed_large_logreg,2,2,340,a2c3a52ee094219ed5814abd08612de2476dc3c07d49af67be0302a80c6214d6,no,yes,0.6126413345336914,0,2
supply_chain_disclosure_best_practice_audits,embed_large_logreg,2,2,341,95fc1e387da1c2ef3c88f6b5a13bd043d0bcb9d99736badacc5810f4e69f6ead,no,no,0.5785035490989685,0,2
supply_chain_disclosure_best_practice_audits,embed_large_logreg,2,4,342,890c6a25c312a4255ede6c1b5569bef48435d8858fb1ad26a3a541896113f791,no,yes,0.5189977288246155,0,2
supply_chain_disclosure_best_practice_audits,embed_large_logreg,2,2,343,1d04a8b5ec608d80d692c827ee93b276d14a3b5ce3ce5e5d38c1f64046ca2164,no,yes,0.855463981628418,1,1
supply_chain_disclosure_best_practice_audits,embed_large_logreg,2,1,344,5b2dad8f75d721ee621a1a59f7a9a94122fc51b61d681720d8f6feb20955f873,no,no,0.6526422695112905,0,2
supply_chain_disclosure_best_practice_audits,embed_large_logreg,2,0,345,4742b083f9d4160e57ed034142afeb23e254b242fcf6a61c5610897189c37d0d,no,yes,0.5255936980247498,0,2
supply_chain_disclosure_best_practice_audits,embed_large_logreg,2,3,346,b33ee53ceb9352753d8eed3360ba28d8c47838544e26df87b06b0629f85abbc7,no,yes,0.6691966652870178,0,2
supply_chain_disclosure_best_practice_audits,embed_large_logreg,2,3,347,a691807189c6dff4664d336078a034a8af9d49c86e0f4379c3c0d5ca80cd47a0,no,no,0.5641732811927795,0,2
supply_chain_disclosure_best_practice_audits,embed_large_logreg,2,1,348,03916a7e2107458575027c95858e95e02f45009f5bcecbbba957af619f214e96,no,yes,0.6645719408988953,0,2
supply_chain_disclosure_best_practice_audits,embed_large_logreg,2,4,349,337eac86a7ed305d725b924b7de373c3d0504a440bba1405decf7be11c2b34a9,no,yes,0.5644827485084534,1,1
supply_chain_disclosure_best_practice_audits,embed_large_logreg,2,4,350,4bc5542025350d91bbe713d5ef7111c64ee186faec13989fbff30704352647b7,no,yes,0.5560291409492493,0,2
supply_chain_disclosure_best_practice_audits,embed_large_logreg,2,3,351,7c74070fd3590918c058469fa3c201147083b789e575edc07df20c082a180302,no,no,0.5774264931678772,0,2
supply_chain_disclosure_best_practice_audits,embed_large_logreg,2,4,352,d0664eb101108ed4106770b8ccbb1a8919975cf2aad682315cd97a0b5eeb99c8,no,no,0.5234091125902798,0,2
supply_chain_disclosure_best_practice_audits,embed_large_logreg,2,1,353,c60dd149ee7c246d148509fae225b586775c8507972ab1eabbf727c5f8e7c79f,no,yes,0.7486720681190491,0,2
supply_chain_disclosure_best_practice_audits,embed_large_logreg,2,0,354,28e5e89e983fe11d4fe513af1d2e124be02e54440e1013f26e37f42a95fae74c,no,no,0.6035559177398682,0,2
supply_chain_disclosure_best_practice_audits,embed_large_logreg,2,3,355,be342d0ba3afd69f4b1ed982cddc42bdd2bc8627333f859b23a80eefae95323b,no,no,0.6637593705582431,0,2
supply_chain_disclosure_best_practice_audits,embed_large_logreg,2,3,356,b1a10b2ac1ff6205d95bf78c935c9e215fb3e7febd37a5c41c5f6a90a71b8321,no,yes,0.5592660903930664,0,2
supply_chain_disclosure_best_practice_audits,embed_large_logreg,2,0,357,583b8ebb8255f9589f012b68d1273468b40591ee99033e845869c2c21f2aebe1,no,no,0.5639461874961853,0,2
supply_chain_disclosure_best_practice_audits,embed_large_logreg,2,1,358,1893fb2f00cc58f4377a2868cc85f79105500067ec465ee406df6811a2ba6fab,no,yes,0.840678334236145,1,1
supply_chain_disclosure_best_practice_audits,embed_large_logreg,2,0,359,82a8133be0fa802002cb741817aeefae6af67d1b167f8d2597832bea8b4bcae2,no,no,0.6741735339164734,1,1
supply_chain_disclosure_best_practice_audits,embed_large_logreg,2,2,360,6330f93d46deabef60b77631dddbd90916bf329a1274ab475af4034e0414e801,no,no,0.7039584903729412,1,1
supply_chain_disclosure_best_practice_audits,embed_large_logreg,2,0,361,a755105d219ad2c94dad6fb3e687221d0988b19734b874d618caee0c39428703,no,no,0.5699875950813293,0,2
supply_chain_disclosure_best_practice_audits,embed_large_logreg,2,4,362,1ae6dcfd7fda95f910cd66b4dadbe426f4d4f3805170498ffc16446a4b816227,no,yes,0.5252955555915833,0,2
supply_chain_disclosure_best_practice_audits,embed_large_logreg,2,1,363,6005d637aec6968fd09b9156f9c4b42cea3ea4cf5711a412c8199a74e6b0da6d,no,yes,0.5690213441848755,0,2
supply_chain_disclosure_best_practice_audits,embed_large_logreg,2,1,364,e22eb40d5a0e35ac139d6625ba9fe83b5d9cc62fe73344788c6fbf34601eb66e,no,no,0.5676866769790649,0,2
supply_chain_disclosure_best_practice_audits,embed_large_logreg,2,4,365,b0ca0d813fe62b540b47121478904fe14e2847113e1093363f19f3c530ffd780,no,yes,0.5993499755859375,1,1
supply_chain_disclosure_best_practice_audits,embed_large_logreg,2,2,366,126cf937cb1a759c366b806643329bf0d1541ae8cc5d4d3ab1291fab336e0e2f,no,no,0.7232959866523743,1,1
supply_chain_disclosure_best_practice_audits,embed_large_logreg,2,3,367,b3ba7ed6334a095408711307b7b6d765a247957b2d8cf2c3fb74aab1848d4478,no,no,0.585543155670166,0,2
supply_chain_disclosure_best_practice_audits,embed_large_logreg,2,4,368,42252d18326239ebb7a4bd9a369d958b552ade3a81818a7b33b5c7a254186386,no,yes,0.5317955017089844,0,2
supply_chain_disclosure_best_practice_audits,embed_large_logreg,2,0,369,1d8ec0aa2dde44562bea9e56edd84aafdefd120268eb03e844526b3528ccc5fb,no,no,0.5284014782785929,0,2
supply_chain_disclosure_best_practice_audits,embed_large_logreg,2,3,370,d62cebfdc280570fae7895fb04d0666af038f0325c877e2bf486cc8aab9b741f,no,no,0.620692152401571,0,2
supply_chain_disclosure_best_practice_audits,embed_large_logreg,2,3,371,18b3aa7da2676a92694698ba51e9d1406f32f4d2e6a4f456717df617b747dc27,no,no,0.6278768181800842,0,2
supply_chain_disclosure_best_practice_audits,embed_large_logreg,2,2,372,d2101f76c6dfeb150215dfc3c747d278ed02b68c118346418eff466ec7e58111,no,no,0.591153085231781,0,2
supply_chain_disclosure_best_practice_audits,embed_large_logreg,2,3,373,04ab2f27eec1c522ad9e668f4c68200eeab67868264dbf343658dc8d9a1c8f45,no,no,0.513742208480835,0,2
supply_chain_disclosure_best_practice_audits,embed_large_logreg,2,0,374,98d820923bcd03faee2d85e8d8a5a6c16f2d445795a1c658130203c5766b0497,no,no,0.5272439561115516,0,2
supply_chain_disclosure_best_practice_audits,embed_large_logreg,2,2,375,f712982ec8f374fc723b5aee46de82200f2a4f333ae3e6fb45e1aecd1916c30d,no,yes,0.5003693103790283,0,2
supply_chain_disclosure_best_practice_audits,embed_large_logreg,2,4,376,d56330358a4f915da1d08b99375ace062ef622d4a645a2c4476474c8a6303f10,no,no,0.5139850531215981,0,2
supply_chain_disclosure_best_practice_audits,embed_large_logreg,2,1,377,1b424930328a00849ed3e051ff08961ed0d9abdacf308421a660728083fa9062,no,no,0.5338719050250025,0,2
supply_chain_disclosure_best_practice_audits,embed_large_logreg,2,4,378,e08f36d3835ba4da0d6cb67088f631323be5705467f895cfcf7cacab604f8d65,no,no,0.5698330998420715,1,1
