task,candidate,repeat,fold,item_idx,text_sha256,gold,pred,p_pred,kept,set_size
learned_hands_consumer,finetune_encoder,0,1,0,a379a87ff3cdf868abd2168b8f7f1448c858c1c0293a0324128a1f9795c2495c,yes,yes,0.9999288320541382,1,1
learned_hands_consumer,finetune_encoder,0,3,1,191f0937cb2c89fc2ee6de2cf962022796a21348bccce723e58dff5138f4aa85,yes,yes,0.9999982118606567,1,1
learned_hands_consumer,finetune_encoder,0,0,2,23e415128308be018936edfbe782216c59135a5373afcc67391ab30b99e4fab4,yes,yes,0.9415586590766907,0,2
learned_hands_consumer,finetune_encoder,0,0,3,d020ae25740133b72d326d57b58504372281f70e6def4d5a95655465a0e91468,yes,yes,0.9995822310447693,1,1
learned_hands_consumer,finetune_encoder,0,0,4,7505269b5e689b850bf04d86c3aee556710bf7ed7473e80bb32cbf4ef909b78b,yes,yes,0.9956943988800049,1,1
learned_hands_consumer,finetune_encoder,0,0,5,ebbf5dce638a03352aa5ce9e76ea526855fc19fe426785e9d74da0b972447b56,yes,yes,0.9729861617088318,1,1
learned_hands_consumer,finetune_encoder,0,1,6,3682fd0cb52ef152a5e499e4441ac3d86a735973de9e3062a809fc58d80f083a,yes,yes,0.9999725818634033,1,1
learned_hands_consumer,finetune_encoder,0,4,7,a1352482ea4516a24b594ccbf2ed311516cde0785a8edf4e41b8b20657074dd8,yes,yes,0.9999847412109375,1,1
learned_hands_consumer,finetune_encoder,0,4,8,5655b74e200dc643bf62729b26c6760f786b1d110abd671cd8122c5d567f2846,yes,no,0.9401835203170776,0,2
learned_hands_consumer,finetune_encoder,0,3,9,30f3878dfeeec4bffed1d8ed0fd2feaa3165fc8790712d0e6c993ba632a91571,yes,yes,0.9731382131576538,0,2
learned_hands_consumer,finetune_encoder,0,4,10,ff770b8fb5998da87b58b103e84a37ec674949fd2d8708f87b7aa392185f98be,yes,yes,0.9999932050704956,1,1
learned_hands_consumer,finetune_encoder,0,2,11,025030168186d6dca4ceeb0def0c282fcd27d1c293abe1a0d6f41c0ae9ae34dc,yes,yes,0.9999973773956299,1,1
learned_hands_consumer,finetune_encoder,0,3,12,241960fe59164730ab7f2221e78ff75ddf5d07ef6b0c664c078d091bc787b69c,yes,yes,0.9963750243186951,1,1
learned_hands_consumer,finetune_encoder,0,4,13,ce32ef1dbe79dfac3d0eec018d4e7404296ad6ab06b519aef7132243fecc9c2e,yes,yes,0.9998887777328491,1,1
learned_hands_consumer,finetune_encoder,0,3,14,3a9f35dbcf5d11d5980a668dd0ac8a317654d4e4f8ee28518fa931a589f5ed3d,yes,yes,0.9986100196838379,1,1
learned_hands_consumer,finetune_encoder,0,0,15,62ffb1bca214412111ca15a5cb79aed8c39b77ae8e4a9734a85ca66376cdf151,yes,yes,0.8971356749534607,0,2
learned_hands_consumer,finetune_encoder,0,1,16,74157c44430c0b4b913dbef04b5bcc2e60d6786f1fce50cbd1fb74740cbfcbea,yes,yes,0.9998180270195007,1,1
learned_hands_consumer,finetune_encoder,0,4,17,2dcefce119cd3d52ce0b2dd55dba49a2d705592c989511a60ca5ff2fa62bd783,yes,yes,0.9999691247940063,1,1
learned_hands_consumer,finetune_encoder,0,1,18,e4b36f1dffe74a33bc589ff139dca6b75d8c5d7bd1414fcbe7ff483736a80e24,yes,yes,0.8170332908630371,0,2
learned_hands_consumer,finetune_encoder,0,0,19,eaecc316a32deb54a2e35ad55d5930bded5cb828eee671ec1a4d6c298e93f0ea,yes,no,0.6180567145347595,0,2
learned_hands_consumer,finetune_encoder,0,3,20,ed6f10e3e2d4af3a7f61f4ac8ca3c539ade9d2b7250defd67063ea3a59ec18c9,yes,yes,0.9999841451644897,1,1
learned_hands_consumer,finetune_encoder,0,4,21,8770b696e9d75ce623853da32ab9c2fc409af163cb781c02986c01c726cb8581,yes,no,0.5585914254188538,0,2
learned_hands_consumer,finetune_encoder,0,1,22,5f6fe96a0c85f05ef1bd1209d12d8a5da80ec0b8df76281b71b291bb0bfe1477,yes,no,0.8787504434585571,0,2
learned_hands_consumer,finetune_encoder,0,4,23,db86e2ed5ca09bd43e5c1153206c84ac6670851f84c6f0c29b6ccd1eb0deb1e7,yes,yes,0.999982476234436,1,1
learned_hands_consumer,finetune_encoder,0,2,24,f544e710a36c5f8952ea27c89f4b8d456410ad33abcdeff8bb5ab956f30c76bc,yes,yes,0.9999982118606567,1,1
learned_hands_consumer,finetune_encoder,0,0,25,ffe0635de5f1a7973b85a3b70ea8e03cb5b1567c2d2995c39b15468f910920d7,yes,yes,0.9967511892318726,1,1
learned_hands_consumer,finetune_encoder,0,2,26,1c5d518541a4c3c72210f1d1640f265a1ed467b09e8fd9920e0ced3c2a2e237f,yes,yes,0.9999982118606567,1,1
learned_hands_consumer,finetune_encoder,0,1,27,847d90720ffa65caeed18bca722c31a7e6ad6690535571373c7cf5484024b4f1,yes,yes,0.9696827530860901,1,1
learned_hands_consumer,finetune_encoder,0,0,28,826850ee19189639a241888830f2095a605677489c15835a9633e2a0b1ac6a64,yes,yes,0.578191876411438,0,2
learned_hands_consumer,finetune_encoder,0,1,29,8bf45813b8f64152745c4302a8fe3d28ad3a521ce8400337d150f52d7679c073,yes,yes,0.9956318140029907,1,1
learned_hands_consumer,finetune_encoder,0,4,30,eab22a84a1d27762ebd956ab7c150792e31d45b69c081b1042ce94bb9f5db787,yes,yes,0.9993714690208435,1,1
learned_hands_consumer,finetune_encoder,0,1,31,0d9289d67324c71b1a8459504ea7ea7d8593bc88c6baad910d98ae12b894b961,yes,yes,0.9999537467956543,1,1
learned_hands_consumer,finetune_encoder,0,1,32,28de51fe26d760b562f7dd240c576dd29c1dcd24a3821f27045c03e1695ce0c4,yes,yes,0.9946792125701904,1,1
learned_hands_consumer,finetune_encoder,0,3,33,6ce4033081e30de899b1011a4c082e82532b4c8f2afae23aed1a9b31dfb4eadb,yes,yes,0.9997655749320984,1,1
learned_hands_consumer,finetune_encoder,0,3,34,fe949d0e8bb0a6f67a12ee28fec1d49ebc38d613057ddbd9e9742ce374e5a92a,yes,yes,0.6160969138145447,0,2
learned_hands_consumer,finetune_encoder,0,4,35,c207ce030682bc8ba0e7590a8ef0dd99c16b1b16665aebc82ab525877c2593a3,yes,no,0.8924833536148071,0,2
learned_hands_consumer,finetune_encoder,0,0,36,8ee486f22362d8e55009981db61b71a034a94793fc615ef6c369c92e25d8621a,yes,yes,0.9873496890068054,1,1
learned_hands_consumer,finetune_encoder,0,3,37,bf327cac5ea3a5c8ae4b1fa4c6aa053fb3e0494255dfad320226fae0a94b91af,yes,yes,0.9997169375419617,1,1
learned_hands_consumer,finetune_encoder,0,0,38,d5599f345f2efcc9997c702cf325c78c55c774947409f903377c2d84a3c8bc07,yes,yes,0.9746719598770142,1,1
learned_hands_consumer,finetune_encoder,0,3,39,574fc09c7649af91d62597783fce341ddacfa64d9567f02c1c1d30d6a45410d3,yes,yes,0.9495635628700256,0,2
learned_hands_consumer,finetune_encoder,0,3,40,46fe2b35c88c955d03ff315dfce3bb7c880b33d4409029f9ff6042df0194686a,yes,yes,0.999534010887146,1,1
learned_hands_consumer,finetune_encoder,0,3,41,f5d2007ecaaceed6f700b3e50cfa67215480af67ec2a87afea71cf1279ebec05,yes,yes,0.9980906844139099,1,1
learned_hands_consumer,finetune_encoder,0,2,42,01f1c668540d25f929d2e86cf0c94ebff90e0049c2f9c72bd85b0e900e0d7495,yes,yes,0.9996545314788818,1,1
learned_hands_consumer,finetune_encoder,0,0,43,1d86013431ea866bb8f9c95e610c8a4080348f326588f325da4a18706ada5429,yes,yes,0.9981001019477844,1,1
learned_hands_consumer,finetune_encoder,0,0,44,bb18ab83285db7bc8dcf60f8a3ce1cdf2bd7debb099b953f662ddb9f8b38c2a7,yes,yes,0.9957958459854126,1,1
learned_hands_consumer,finetune_encoder,0,1,45,16a3215ae403198891fd8dc9a2a417f75f8728d8e7141fcfef231668fdb5ab3d,yes,yes,0.9999194145202637,1,1
learned_hands_consumer,finetune_encoder,0,4,46,4439bed3fc41d7b9c8ab09ef918fda1428dd5d823121216ce107959cb0dd4294,yes,yes,0.9996891021728516,1,1
learned_hands_consumer,finetune_encoder,0,2,47,0b3c04d83b29cbb3a2e22807f4dae94c87c8f2b395036f54911c5754a4c47017,yes,yes,0.9973121881484985,1,1
learned_hands_consumer,finetune_encoder,0,0,48,22a293b5746bac59ac00ea57d239b6ac359d9156a1ec0715abd762c84fede43d,yes,yes,0.8838648796081543,0,2
learned_hands_consumer,finetune_encoder,0,4,49,c4c2bad785e53ccb9b321d2c63b8faff89f92b5a2cdcf0736b057e7e8e719879,yes,yes,0.9811425805091858,0,2
learned_hands_consumer,finetune_encoder,0,1,50,014d339ae8d5fa4f98805d09f90eeeceed4b7762a40914f0ab3d4313182186bc,yes,yes,0.9999849796295166,1,1
learned_hands_consumer,finetune_encoder,0,2,51,e7c14e7458d8da99796ba9c88de59853c6a65ab37d90d24358671b503b06100a,yes,no,0.5459787845611572,0,2
learned_hands_consumer,finetune_encoder,0,0,52,fc726439af49d4188b72ee0e9adc0c39a6dd739d7612fcaa8485f57a5706e876,yes,no,0.7905135154724121,0,2
learned_hands_consumer,finetune_encoder,0,2,53,eec25d963cdf3c5408e24c25c1ec3ce4c8b7063821931ad7747c587b4dd8f3ed,yes,yes,0.9990485310554504,1,1
learned_hands_consumer,finetune_encoder,0,1,54,dcae1fbe99948ce3f328592769d0490ed52f89cb9a04fb61ed7eb8f822e0ef89,yes,yes,0.9999176263809204,1,1
learned_hands_consumer,finetune_encoder,0,1,55,ec7dbe0d74d55de6c88312082e78da6a9a98966b97acf9fa7c9d9202b2fcbe6d,yes,yes,0.9997773766517639,1,1
learned_hands_consumer,finetune_encoder,0,4,56,d8912fee3a18d2f57b6bb3a91a58414523442ec0294398e0adbd9fa8b241b33b,yes,yes,0.9988173842430115,1,1
learned_hands_consumer,finetune_encoder,0,4,57,f87c51747534d2868b590819e8df1acd5dbdbe3015ba30f49aa700ccfaff8b97,yes,yes,0.9999841451644897,1,1
learned_hands_consumer,finetune_encoder,0,0,58,aaf2efb2b98403731588f69a234f9628c7cf0a6e41dc5e4d493bf3cc98491abd,yes,no,0.9730464220046997,1,1
learned_hands_consumer,finetune_encoder,0,2,59,8401deb1d2cdca16e4beb605dc74617b796161236d4fabf6b119671c60390e46,yes,yes,0.9999077320098877,1,1
learned_hands_consumer,finetune_encoder,0,2,60,0141cccd8167fda3a53db3bc8a9c9de38ab73039aee125ca5d456f83efb3f060,yes,yes,0.9999686479568481,1,1
learned_hands_consumer,finetune_encoder,0,1,61,9539303909111ff48458f893819b6c4d82471c51d35262c48791eb4281d5a6fc,yes,yes,0.982133686542511,1,1
learned_hands_consumer,finetune_encoder,0,0,62,0d9042d456d2e30348acf77b2105fef878d17d0c8ce75d13775d81f13023733b,yes,yes,0.9978431463241577,1,1
learned_hands_consumer,finetune_encoder,0,2,63,d351e0b84bda59ef89f0bf473a631f614d498349dffaab3bb47d4611faad2257,yes,no,0.9891701340675354,1,1
learned_hands_consumer,finetune_encoder,0,0,64,087225dc844ed506b918ed1ed8cb4919b62e15999a35bc72ef5f3e438535329d,yes,no,0.5998969674110413,0,2
learned_hands_consumer,finetune_encoder,0,1,65,8cc2e66174e528599835446e6f69bf213ec59da343e4da74a215a2d7e47df358,yes,yes,0.9998477697372437,1,1
learned_hands_consumer,finetune_encoder,0,4,66,10c9dca4735480772f9fa371b9c9695f8d7449b8c64df6abd309125cc20b2e6a,yes,yes,0.9987038373947144,1,1
learned_hands_consumer,finetune_encoder,0,0,67,4e9fb39ce82c9a0c8db9edda73b0a08dbe1fee6bde6735bb0599991149c9cceb,yes,yes,0.9997153878211975,1,1
learned_hands_consumer,finetune_encoder,0,3,68,6a7e6c881869b757c8e7d36f73f227b987ce5b3ad9363a56d200edfa24ffcded,yes,yes,0.9993821382522583,1,1
learned_hands_consumer,finetune_encoder,0,3,69,7599dea223674f198ca8bd7b449a8b363e958ee58ead42c5f7026c558eac1915,yes,yes,0.9997846484184265,1,1
learned_hands_consumer,finetune_encoder,0,0,70,7f224054d39f18cdd6646ad519ae236db20d9acc51e2a2366bf146920bbd208f,yes,yes,0.9992820620536804,1,1
learned_hands_consumer,finetune_encoder,0,2,71,96ea4d954d1b6446c71d74a769dd614b7dcf83261e50056d6e62e7ca102d5401,yes,yes,0.9999319314956665,1,1
learned_hands_consumer,finetune_encoder,0,4,72,3defdb305691fca997369ad61eb4c2cc9ad5737f73633b9997bca6b3b68dbc70,yes,yes,0.9999884366989136,1,1
learned_hands_consumer,finetune_encoder,0,1,73,ea88a64bd77d6c33327a9e3a56bdeab16edfcc94d3ad1f6c811e233e9cf1a4e6,yes,yes,0.9994983673095703,1,1
learned_hands_consumer,finetune_encoder,0,3,74,1cb2a54d0c572842c9666556b4f9d68ac569dacc5ff14c26a9deb40b00297490,yes,no,0.8759943842887878,0,2
learned_hands_consumer,finetune_encoder,0,1,75,3145ed790491a1b21c800dff9616114d2f77be8dbdbc044f4fcf7b15608d7aeb,yes,yes,0.9999984502792358,1,1
learned_hands_consumer,finetune_encoder,0,0,76,bc58560238d37dd7bb637d6eed992896abc2e8646e56eb8dac0dd8bf4106576a,yes,no,0.9548059701919556,1,1
learned_hands_consumer,finetune_encoder,0,0,77,9a5c75e417971c21fe00a89d52819a28a8d393fb332863c7f844a2f728e1aa47,yes,yes,0.9795743823051453,1,1
learned_hands_consumer,finetune_encoder,0,2,78,7effc09d90b5d4a003218cec4356f0109765847fec64e4393bdf14682528fc56,yes,yes,0.9991763234138489,1,1
learned_hands_consumer,finetune_encoder,0,2,79,bf7fab3a472a85fba5cacc610acd4ae413064fb5929efe63047e35beca2837f6,yes,yes,0.8962879180908203,0,2
learned_hands_consumer,finetune_encoder,0,2,80,b9fec9f38f97749033ecb64442eb36f3ee2e3a80cd28ded964ba3b542608ed08,yes,yes,0.9999983310699463,1,1
learned_hands_consumer,finetune_encoder,0,1,81,a86e6ca3f4d275c0420ca0ee4600f15f0b78e34c43b877bb58dfb44c56f07ad2,yes,yes,0.9999599456787109,1,1
learned_hands_consumer,finetune_encoder,0,4,82,e2dda0a5ede9ada6a285c131669076df0764c2b88c1c2001ae078a17d88fc168,yes,no,0.9979245662689209,1,1
learned_hands_consumer,finetune_encoder,0,3,83,9d3a029d590c2c8aecbc4df458d911be15fcbef421678b9ef52d1281119ef933,yes,yes,0.9988235831260681,1,1
learned_hands_consumer,finetune_encoder,0,2,84,0a86c2677e444a84373fb5de0aa2e100762432bf73d0ed3e92ef3f2f584504eb,yes,yes,0.9997667670249939,1,1
learned_hands_consumer,finetune_encoder,0,2,85,edf4479c78e0f0664620607e8ab699c2cf70b3f949ebe5b6e2a5e65f56f24fa0,yes,yes,0.9999076128005981,1,1
learned_hands_consumer,finetune_encoder,0,3,86,a446c13b6a95e774dc7f399a94c473901184d9172d42d8f4db7362cdb059e191,yes,yes,0.8268625140190125,0,2
learned_hands_consumer,finetune_encoder,0,4,87,90d67e6b76ef21ed8c1dc58bfbdcc24aab8e1dd728ebdafefc643a1e3c6bc74c,yes,yes,0.9994895458221436,1,1
learned_hands_consumer,finetune_encoder,0,1,88,e0f88567e0733cdaf8c918330d9139891158680d5be3cc3fc4577a4e79c67cdb,yes,no,0.9658195376396179,0,2
learned_hands_consumer,finetune_encoder,0,3,89,4c96db2e33b6cc4900b1f80e86334c0d0f97a10b76baf6a5fac96558a449fa07,yes,yes,0.9997233748435974,1,1
learned_hands_consumer,finetune_encoder,0,1,90,08c27d740cbffbaf24d70ad9cc2f4538941c1e7ccba03ba15eacb0c43fe8f6a3,yes,yes,0.999994158744812,1,1
learned_hands_consumer,finetune_encoder,0,1,91,123e686fd8c78b602b0952ee8aacebb8f2a451c8d2c2f716072c6c0780e88a8c,yes,yes,0.9995864033699036,1,1
learned_hands_consumer,finetune_encoder,0,0,92,61088df3abd8799b2cb0b2a50547fabab33f53e711b6bf0e51ad8eee1f9886f8,yes,yes,0.8459402918815613,0,2
learned_hands_consumer,finetune_encoder,0,0,93,245581fd1773d7336f3fbd519ea0ad635746b96c3ef3c64c77d8fe969f404345,yes,yes,0.9713554382324219,1,1
learned_hands_consumer,finetune_encoder,0,0,94,0935c35b8f85a7acb661025d20f4077750c9420cbe5f2d6cb6c1f5e62a4cd9fc,yes,yes,0.5130380392074585,0,2
learned_hands_consumer,finetune_encoder,0,1,95,8b2b428ed3082708aebc90d3e95493d6b01fab537f0107c5604932ba617141c5,yes,yes,0.9999890327453613,1,1
learned_hands_consumer,finetune_encoder,0,4,96,46b3b836673160a90a211860286b914eda2a3ef85f0eb63bd10cacc7ea5f0f02,yes,yes,0.9999985694885254,1,1
learned_hands_consumer,finetune_encoder,0,4,97,8c8ab92472440d5e8d77d4f562ff2df1e24f26dbf33e2f219ed51d9ffe2ed9e8,yes,yes,0.9794583320617676,0,2
learned_hands_consumer,finetune_encoder,0,1,98,f84ae3cfea6e268f60d53f2fc2105cabc35e7c1bc60594c254b8a5b9ebb95c52,yes,yes,0.9999998807907104,1,1
learned_hands_consumer,finetune_encoder,0,0,99,5a061ea8f86d69941bb8f010a9102517e2e50e8a6e7f043b2a65a9beeb5b2a5a,yes,yes,0.9907513856887817,1,1
learned_hands_consumer,finetune_encoder,0,3,100,a0b66eb40941e4afabf26cc61164bd17ae4b404900827ee613063156c3fcf1f6,yes,yes,0.811318039894104,0,2
learned_hands_consumer,finetune_encoder,0,2,101,d69eab546563939e27e3b5c4bf71ed21aa8c08a685f2dc211a8611a8734cdaac,yes,yes,0.9999233484268188,1,1
learned_hands_consumer,finetune_encoder,0,3,102,13c1947392729839a6ef7e019584b3baf576db1a026c6cc363f97f9be6b55b7d,yes,yes,0.9405757784843445,0,2
learned_hands_consumer,finetune_encoder,0,0,103,2db3f4de10f8e3c93f180c1cec9ec1036a8cfb696152a003910f4876349b5563,yes,yes,0.9993001222610474,1,1
learned_hands_consumer,finetune_encoder,0,1,104,9d141e84a47e429ebf8c9be15a716519a789f6ecfe2635d6742bcc1589887b61,yes,yes,0.8676066994667053,0,2
learned_hands_consumer,finetune_encoder,0,4,105,f2b40bc0dd711fca9b42c004ced8b6a7f8400023cc7f44239caee4f44359dde4,yes,yes,0.9914884567260742,0,2
learned_hands_consumer,finetune_encoder,0,0,106,d5dcc520e7691c72d4f4bcf6d67cfa74c856d631a5a6c4904f730332b192f920,yes,yes,0.5027005076408386,0,2
learned_hands_consumer,finetune_encoder,0,0,107,da0684c959dcca3dab601174a68db1954a8db19f75ad96cecdb7b9319c828539,yes,yes,0.8007737398147583,0,2
learned_hands_consumer,finetune_encoder,0,1,108,0e7608581b6f65860575a915b9e6d3ea3ba463ac7392a783effab47b7c6ed2b6,yes,yes,0.9911611080169678,1,1
learned_hands_consumer,finetune_encoder,0,0,109,3b14007f0368858c49628d89f7a4ac4e05912114c121069f929f093267da692c,yes,yes,0.827933669090271,0,2
learned_hands_consumer,finetune_encoder,0,2,110,83a75ee006bb31d8db282260e075860f781be2246f81074adfc047c6debba47d,yes,no,0.9965527057647705,1,1
learned_hands_consumer,finetune_encoder,0,3,111,d140e8b5cef58e3c07015a3be1003d6d67dda0e1681f40a4b5b23a3a143236ea,yes,no,0.9727740287780762,0,2
learned_hands_consumer,finetune_encoder,0,2,112,fb04a608b72b2b2e616ef5e9aa6ca1fda0b73c81a00bd51339a60f7ebb9349f5,yes,yes,0.9999314546585083,1,1
learned_hands_consumer,finetune_encoder,0,2,113,5ebb5e29b015223682853139344a5e2422b009ed368ed22452f4ebe96b314797,yes,yes,0.9999955892562866,1,1
learned_hands_consumer,finetune_encoder,0,2,114,7e315bac1e39325f317709b5955292bc75939640e3b8f10ba3c11050930647e1,yes,yes,0.9996898174285889,1,1
learned_hands_consumer,finetune_encoder,0,2,115,0d7f2c826f6a0fc0a9404989d5d4b5cc6d7f2f516c1f069e5bf8d31ee7e817dc,yes,yes,0.9999852180480957,1,1
learned_hands_consumer,finetune_encoder,0,2,116,7e75b01067a2ec4ca8c403b389118d896ccf66db535b144a3c54bc98c1c2e246,yes,yes,0.9800140857696533,0,2
learned_hands_consumer,finetune_encoder,0,0,117,a3e66362096eb8059a216e47a87cdd7f3f944d1ccbc606f30cfbe1cc424e0594,yes,yes,0.9475263357162476,1,1
learned_hands_consumer,finetune_encoder,0,3,118,d3308da62008ec5ef18494df94f73a4585ed31e1c8e69ccc9e25e76cb56d42a0,yes,yes,0.9999710321426392,1,1
learned_hands_consumer,finetune_encoder,0,3,119,e07a44cb806545635aac341cc0946afd7d71c3619844a0ec08545160df03cbdc,yes,yes,0.9929753541946411,1,1
learned_hands_consumer,finetune_encoder,0,3,120,aedceca2ca38055764eb4ff944a3a150057788281d1c3739f5e785db00a9e719,yes,no,0.712298572063446,0,2
learned_hands_consumer,finetune_encoder,0,3,121,ca458586d811f25c02f1f39cf55f75b65071bd2ddc79fd97b0d5be9eb8e5312c,yes,yes,0.9999958276748657,1,1
learned_hands_consumer,finetune_encoder,0,2,122,fce48e30fc0ea1058c42d4b4e3fc772fdd46a3060633bca5f371f122fc5aaef5,yes,yes,0.9999833106994629,1,1
learned_hands_consumer,finetune_encoder,0,4,123,02bd80d2b643617360d685b497986a8637dc26275c2ea6a626b69de253d164e7,yes,yes,0.9998617172241211,1,1
learned_hands_consumer,finetune_encoder,0,1,124,af3d9c10fbb3296fa6a040f3015c474aaa8ae09177f6fe2e775fee3e584f996d,yes,yes,0.9980432987213135,1,1
learned_hands_consumer,finetune_encoder,0,1,125,73e4bc727ab5dd4600aa1647320d964c9a52dc7767744c8d074cebcd901f6c05,yes,no,0.67080157995224,0,2
learned_hands_consumer,finetune_encoder,0,2,126,0bdb8221f4d44b38dc8782e0b56035bbdd3a7e6fc2df17d22f1a5c863bc46075,yes,yes,0.9999977350234985,1,1
learned_hands_consumer,finetune_encoder,0,4,127,90fe4003a641d7cd2ed6a00150556d083b23fe1e24e75ebb94ecff4d843c77e2,yes,yes,0.9995290040969849,1,1
learned_hands_consumer,finetune_encoder,0,0,128,155678c2832cdf4702db15b523f143f1ac784cffcaf58c1a1dfe33a97611eb8e,yes,yes,0.9980838298797607,1,1
learned_hands_consumer,finetune_encoder,0,4,129,aec3c6407d02ce2d3b4abd591e08891c236a8a8989e7ad72020a4b7b777fea78,yes,no,0.8823958039283752,0,2
learned_hands_consumer,finetune_encoder,0,3,130,1f2af78776193434b3d71d59e47e0a24bc7439537dae7643126e174f05f8a690,yes,no,0.6184667944908142,0,2
learned_hands_consumer,finetune_encoder,0,2,131,ac3dcaa7b7faf827da8c14b3bfd03c0f8d36bbd129920232b5775c57ebee5322,yes,yes,0.999552309513092,1,1
learned_hands_consumer,finetune_encoder,0,2,132,8de39616285bfb13eac266c45a5691cad8963031bb495c5ffff384303ac2e317,yes,yes,0.9998737573623657,1,1
learned_hands_consumer,finetune_encoder,0,2,133,df7cebc19279cc1176c76578d13d5634b4ee220d4093d6b4e048fd1f74811db9,yes,yes,0.9999463558197021,1,1
learned_hands_consumer,finetune_encoder,0,3,134,b5412b723d0181549110fa8dd79485fa5238dbc7e264272da705dfe9c7f066a8,yes,yes,0.9997275471687317,1,1
learned_hands_consumer,finetune_encoder,0,3,135,e802649c8e6be5fbdc4e7ec755757e95ba836ac949c022f0081c1fcb1cfa00b0,yes,yes,0.9995514750480652,1,1
learned_hands_consumer,finetune_encoder,0,4,136,a039dbd9f0510ac6f66d44c60f9a5f5a5d5c76093f00e693801d2fc80d54f7a9,yes,yes,0.9999853372573853,1,1
learned_hands_consumer,finetune_encoder,0,0,137,9cca62662bba01723eb2a9aa094821e1675b7ac525fe30fc042f3dcaac3e2727,yes,yes,0.9852826595306396,1,1
learned_hands_consumer,finetune_encoder,0,3,138,dfbc47fb61799a0472fbf92d48b36eeb2584ccc63a3185c2d61a51c1537f7c92,yes,yes,0.9998908042907715,1,1
learned_hands_consumer,finetune_encoder,0,1,139,6cb9e80497686772c38151ef29f0b998c3911fa46f4ae26dcb0677863d1c3bcd,yes,yes,0.9999946355819702,1,1
learned_hands_consumer,finetune_encoder,0,3,140,bfc4a30870f9292a454f9471c16d25b3199ec05b80dafc98a9d6c50897c1b47e,yes,yes,0.9999774694442749,1,1
learned_hands_consumer,finetune_encoder,0,4,141,078b717fbab45038fcb94864d32f33fa6d71d9664570dfe04661869f23314833,yes,yes,0.9999984502792358,1,1
learned_hands_consumer,finetune_encoder,0,4,142,0242758b0d09920c367a96d4d60f74cb970f86cfb3bbf7bc54aa2a69703b17c8,yes,yes,0.998382568359375,1,1
learned_hands_consumer,finetune_encoder,0,3,143,51eef95bf47218140683c3e1b4135ffc3d540ca426dbe552c2809dc445d5b483,yes,no,0.9844822883605957,1,1
learned_hands_consumer,finetune_encoder,0,4,144,af4b353687f267cf4811370b1167f39f3acb12a476ab7569d5711f61e7cc5c99,yes,yes,0.9999959468841553,1,1
learned_hands_consumer,finetune_encoder,0,4,145,a5b77622968be2023f42d12cc8cdb98fdd05731d5ff1f331c0c61cddcdd016ac,yes,yes,0.5088879466056824,0,2
learned_hands_consumer,finetune_encoder,0,2,146,483af7a4cce5458979f9fde28f5d38cf96c6b318f56cf5b8bb7fef01baeda51d,yes,yes,0.9999744892120361,1,1
learned_hands_consumer,finetune_encoder,0,2,147,5b013d7731839bf2ba2c52bac900167561f691d205c1198ffe872747858115ab,yes,yes,0.999946117401123,1,1
learned_hands_consumer,finetune_encoder,0,1,148,1403a0476f3fcec8b1a48e6f1fceb06a2aeabd9f5de4f53ac7e2f29a80fc3d02,yes,yes,0.9889448285102844,1,1
learned_hands_consumer,finetune_encoder,0,3,149,7153d24972b2eb3c082ba9cc58a892af969f2d9524022190bec282710d252b55,yes,no,0.9166982769966125,0,2
learned_hands_consumer,finetune_encoder,0,1,150,a6e1cfe1a1c58fdb1b4033bef127bdc12ad083d8029c91cf81e74fbc997b44c2,yes,yes,0.9999752044677734,1,1
learned_hands_consumer,finetune_encoder,0,2,151,c48f7444249fe7386aac1fa49a56e450eebc70c640262a5fc2cb2864d62c7b62,yes,yes,0.9998056292533875,1,1
learned_hands_consumer,finetune_encoder,0,1,152,7223ee95c7eb5aab471c9b1426c035d3d751646abf3a01dd2380366fa55c1fb2,yes,yes,0.9999995231628418,1,1
learned_hands_consumer,finetune_encoder,0,0,153,8b857fa596fd194124387876667280b614e479625bc9d05d958f3b90514c2e9d,yes,yes,0.974643886089325,1,1
learned_hands_consumer,finetune_encoder,0,2,154,6f137236864a4da2299f6341085a62e5e2e0466add7aa8eca3ff5f315633bbdb,yes,yes,0.9999582767486572,1,1
learned_hands_consumer,finetune_encoder,0,3,155,038e3005ce9b5b1cabf2220d9f9b068ab3289de326b9c0466e84286f1cb69bf9,yes,yes,0.9995719790458679,1,1
learned_hands_consumer,finetune_encoder,0,0,156,7b67a7b2e80fc8b9473186823a7570203fc746e03e40493d174446237de3bcec,yes,yes,0.7573156952857971,0,2
learned_hands_consumer,finetune_encoder,0,2,157,9d82c554b4b00bd2ead020ff98bb6fcdee7432665a797346eb3d3aaf490d0d12,yes,yes,0.9993447661399841,1,1
learned_hands_consumer,finetune_encoder,0,3,158,da85c2e88f91544acd0359c5ccd69c2b4f902d093ceb8cb12767a778944fbd7b,yes,yes,0.9893304705619812,1,1
learned_hands_consumer,finetune_encoder,0,2,159,a34040f6644b50bc824adc566e6d6428d7b05ca16c8ee39f0af4b1b9f5601f2a,yes,yes,0.9999438524246216,1,1
learned_hands_consumer,finetune_encoder,0,2,160,19c9ac6e1d4ea3c61c161624efc992b8cc52bf306f151391ba8529c19382e1ee,yes,yes,0.9957380294799805,1,1
learned_hands_consumer,finetune_encoder,0,3,161,650970637dd6a0ab8e97321c167c7bc4a9a3cdc8eba59da2a5c510bcbd5db45a,yes,yes,0.9126207232475281,0,2
learned_hands_consumer,finetune_encoder,0,2,162,c51f874153bc2cdaa57ad2c656a6af7ab24feabfb448922cab57ef416feee663,yes,no,0.9881467223167419,1,1
learned_hands_consumer,finetune_encoder,0,0,163,13b1acd948c8e9c9a5739d8481ea213fa3cfdab8b80a82efd25be33e8f7b2902,yes,yes,0.9320924878120422,0,2
learned_hands_consumer,finetune_encoder,0,2,164,9fde61742e0b3fc6fabbffa750b6283c72453cd0303a465ce66648d46676eb89,yes,yes,0.5403644442558289,0,2
learned_hands_consumer,finetune_encoder,0,0,165,4fd20a26aafa50907d098d746bcd899d7abfca4f42db1d5c149080652db43b60,yes,no,0.6018908619880676,0,2
learned_hands_consumer,finetune_encoder,0,4,166,38a9b6c4df60f95cae8cdf22954e4170c3a5feb64ebfb5162134d697b7e84381,yes,yes,0.9999933242797852,1,1
learned_hands_consumer,finetune_encoder,0,2,167,8892704b2b2b6659f287178e3c29d5c9d21dc3ecb2ae17dd4b6ec86c6784cd0e,yes,yes,0.9997649788856506,1,1
learned_hands_consumer,finetune_encoder,0,1,168,5953941222239eaa15e600b769f26c7173e96638173a25e19be42ff6b5b07d45,yes,yes,0.9999377727508545,1,1
learned_hands_consumer,finetune_encoder,0,4,169,4f9eec5c23a5c213a1bc6fc916fdf2587227d14edcd43d78fccea8cd278cc2e0,yes,yes,0.9999760389328003,1,1
learned_hands_consumer,finetune_encoder,0,4,170,51ec6ad487eff34fddaa34cf9a46b4a9a9e66e2ef37f1718f6c2c0a6b08bcc0e,yes,yes,0.9999992847442627,1,1
learned_hands_consumer,finetune_encoder,0,0,171,4356eb8f7a087e4d6032661552935019173e052ab6031528ff64635a4f9c515d,yes,yes,0.8698345422744751,0,2
learned_hands_consumer,finetune_encoder,0,2,172,6d7c28575a9e0747fc4cfaab5263e2daf0754ef5d1c996b9de353104dbfb5be1,yes,yes,0.9997387528419495,1,1
learned_hands_consumer,finetune_encoder,0,1,173,6656d334c0150d50518a8e9e86ac484364dfc5da62604f792fa121392de57cd5,yes,yes,0.9996235370635986,1,1
learned_hands_consumer,finetune_encoder,0,3,174,fa3b234c5866029eaafed3054fe7c1e9dd9d3e50389c45beedce0456e0a851a5,yes,yes,0.9951969981193542,1,1
learned_hands_consumer,finetune_encoder,0,2,175,f5327013f798cdfff71ccd1ccbf934757fae9118c8fda0cfb29197ee8c9a2f92,yes,yes,0.9982303977012634,1,1
learned_hands_consumer,finetune_encoder,0,1,176,0c550425496483256cac2b164db69cc78311e995021bfcbd4a5c585bcdd9d9c6,yes,yes,0.8462878465652466,0,2
learned_hands_consumer,finetune_encoder,0,0,177,e9a4a62f276d5c835085a02b2f4d92155f8f7ac6d396a52ad1cd37cab729b635,yes,yes,0.992202639579773,1,1
learned_hands_consumer,finetune_encoder,0,2,178,f4fe68a7bc004d02c8ecf39777717f5e53269903d0c3c3181101c07cea5c6b0c,yes,yes,0.9997221827507019,1,1
learned_hands_consumer,finetune_encoder,0,0,179,3d0de6dc3fb5d69b4483315a8f1b9a55f3da2fb8eb1df50a74386a480912447a,yes,yes,0.9834980368614197,1,1
learned_hands_consumer,finetune_encoder,0,2,180,b66cb0340d554080664d72cdd106c5cdb17b38d1f74932ac0787b45754ce1a7c,yes,yes,0.9999817609786987,1,1
learned_hands_consumer,finetune_encoder,0,3,181,a9af33b24aeb8f4fc3dd090cb6015fd72eb33e9bacf6b245b9efd00dd9991af3,yes,yes,0.9791644811630249,0,2
learned_hands_consumer,finetune_encoder,0,1,182,9eefcb8b16890b9cc6c7e144d07beaa48841305e10614e94d470242a6b0e065f,yes,yes,0.9998459815979004,1,1
learned_hands_consumer,finetune_encoder,0,4,183,cfde4f376e1a14d27549b00d4ddf32bfeb542cf05f08d1cbc266df888e1c3047,yes,yes,0.9929453730583191,0,2
learned_hands_consumer,finetune_encoder,0,2,184,421033c1624e9a903b16ba39c1d61b1ecb07a1c62b4ffce4608c02c7a3e067e8,yes,yes,0.9941562414169312,1,1
learned_hands_consumer,finetune_encoder,0,3,185,7a8050d0881441599707f60d9661cc876f27efc16656cd8526fe842e463a56ec,yes,yes,0.9997864365577698,1,1
learned_hands_consumer,finetune_encoder,0,3,186,5f4e3e4860760d911ab21bd74b2611036627cda4c7c666615991f1d2314d6b35,yes,yes,0.9999959468841553,1,1
learned_hands_consumer,finetune_encoder,0,1,187,057e4d5e06ed1236a9a35f3ea5c2cc42ae58bd3d82fb4981f56669b168d087e6,yes,no,0.9984686970710754,1,1
learned_hands_consumer,finetune_encoder,0,2,188,a5608444f7d99d3cd3109ac70b995bb38775ef1fa2c286f3779886ac598a5c9d,yes,yes,0.984207272529602,0,2
learned_hands_consumer,finetune_encoder,0,2,189,48a613b18969b56ad289f137a24f32ca5714dc722f1916be3cf41f3c98f577e0,yes,no,0.9772894382476807,0,2
learned_hands_consumer,finetune_encoder,0,4,190,d5a7261352131be329b42958bda9d1cbf7adf2a5eb0c341d0fd5d6d07a9ae17e,yes,yes,0.9998623132705688,1,1
learned_hands_consumer,finetune_encoder,0,1,191,e36f78681c2e77e1fe9fd7fc2f0b8fa917f14b6a2333a41863c17c766053033f,yes,no,0.9818100929260254,1,1
learned_hands_consumer,finetune_encoder,0,3,192,1487b9bcecfa449f7f97f38810e17ed4e37ea80a32cd5170137bf134574ae112,yes,yes,0.9837514758110046,1,1
learned_hands_consumer,finetune_encoder,0,4,193,a0956e6a9a6973551966fc776c76b773565a03efe1dd2f5b6e363e037cd68e98,yes,yes,0.9996232986450195,1,1
learned_hands_consumer,finetune_encoder,0,4,194,113f455fcca39b28919c8669b561494bb48c8a7b1abb08182e38efba3ba3d49d,yes,yes,0.9999957084655762,1,1
learned_hands_consumer,finetune_encoder,0,3,195,01467176da7f8beaabb7d2d981d4c2a5d270c4de1ee41090eb7fff34ad10f233,yes,yes,0.9999957084655762,1,1
learned_hands_consumer,finetune_encoder,0,4,196,3917492faa9e47e7106ba122c3a1618a26df3dcdbcf5803ea5eff8caeb3a85b8,yes,yes,0.9999903440475464,1,1
learned_hands_consumer,finetune_encoder,0,1,197,cde8abafba1e7a412e01f15ea5b8b45f4e1c8f3f37c5ed8ecf8670617e0e3ddc,yes,yes,0.9672538042068481,0,2
learned_hands_consumer,finetune_encoder,0,0,198,61ae855f1482eb8f9d691ed3f1d20ebbea6fc43c48a7559ddaf77710f2c27152,yes,yes,0.7061746716499329,0,2
learned_hands_consumer,finetune_encoder,0,4,199,f35f9e77ffc5ac7a0d42e5a637d3ec3f6ef2830b8c178fdb6a5c951cfeaa3e88,yes,yes,0.6459681391716003,0,2
learned_hands_consumer,finetune_encoder,0,1,200,82f9efaddab72f81167b375aff7cc6c2537117b477e6064545d97be910ff945c,yes,yes,0.9995148181915283,1,1
learned_hands_consumer,finetune_encoder,0,1,201,967afc85cb2c22088e649a1faac841a0d2609f7e11fe94eef9bd17a4daa54688,yes,yes,0.9868777394294739,1,1
learned_hands_consumer,finetune_encoder,0,3,202,5648d782c24eb983d5cf18c59b05a1a47459a5dedd4e5335a0232c23f062944c,yes,yes,0.9970566034317017,1,1
learned_hands_consumer,finetune_encoder,0,1,203,157bd549be3ab1bdd3e21c29805aafdc0d0b45c1aa52b0a397ab9236a4e5c944,yes,yes,0.9999630451202393,1,1
learned_hands_consumer,finetune_encoder,0,1,204,525f45b4239b35c4038470e08628f267e9887f1c30b0aa84a2d5d01464da39a3,yes,no,0.6652892827987671,0,2
learned_hands_consumer,finetune_encoder,0,3,205,0a0807c3257345430140d80f2b2b7210e572d13f47d5ac8a65174de1142590b0,yes,no,0.9968830347061157,1,1
learned_hands_consumer,finetune_encoder,0,0,206,a2b92dbd2ee6fd008bb6aa904caa64641950c475cddad723b2644f23c751a0ee,yes,yes,0.9997603297233582,1,1
learned_hands_consumer,finetune_encoder,0,2,207,a2ed73e250907017f6d7fd66c658c04c6a137575d6ad765f993661edda327577,yes,yes,0.9992341995239258,1,1
learned_hands_consumer,finetune_encoder,0,4,208,1290d537ea8750e4e91f20b46eec10646ce12ab7d86dfc91eb09b608405fe90f,yes,yes,0.9999412298202515,1,1
learned_hands_consumer,finetune_encoder,0,0,209,a0f7d16e25d9f13501287713351ca9111410082745756d6eff69a544a7ce0fab,yes,no,0.8838105201721191,0,2
learned_hands_consumer,finetune_encoder,0,3,210,adbfc9de80cf0100c04073d2c24a7a39ad794835be05b45cd9a54b30876e1bae,yes,yes,0.9993587136268616,1,1
learned_hands_consumer,finetune_encoder,0,3,211,33d047d7bf09f05c00081ea7055f31cf8f5cfbb5f1ceb5b0376de52b5d66fca4,yes,no,0.651835024356842,0,2
learned_hands_consumer,finetune_encoder,0,4,212,8747eec3bef3a1ac47c5e03b2a3185ec7be0382a48e8f07bc6b009f884106d3b,yes,yes,0.6913255453109741,0,2
learned_hands_consumer,finetune_encoder,0,3,213,49b127f44fd96be9d276f55d1669f94228b7535cb909c7f6b272eb55f8881a2c,yes,yes,0.9998326301574707,1,1
learned_hands_consumer,finetune_encoder,0,3,214,dfb7f7c0e45b4a7671e7808a09335109e684ec1f7b896028808720b751c76290,yes,yes,0.9998937845230103,1,1
learned_hands_consumer,finetune_encoder,0,1,215,db97720cca0e39dc598257024bac71c263aaf9886f335cf6cd722539c19eacca,yes,yes,0.9998809099197388,1,1
learned_hands_consumer,finetune_encoder,0,3,216,64859a67c19bf56da59ad97eab9f8da73202e6a6dd9d3bbb9372afcb47b0408d,yes,yes,0.9996271133422852,1,1
learned_hands_consumer,finetune_encoder,0,0,217,f449fe5d57975f0caf323ecddfcc9b9dccbabe88c5ff42bd31a1d65fc7a824b5,yes,yes,0.9988420605659485,1,1
learned_hands_consumer,finetune_encoder,0,1,218,fa078ce3c2ae45c10df8aa0a800c47eade1e7510a46eb24bbe627b87d2938a68,yes,no,0.967687726020813,0,2
learned_hands_consumer,finetune_encoder,0,4,219,f2fae4fb37730a28c6c680ab68c6e0cbcb083e46d89296b52700b2b28ed2e203,yes,yes,0.9916165471076965,0,2
learned_hands_consumer,finetune_encoder,0,3,220,ca57b26977335b108fd0d46872d220af17b298c5169ea6a338028e3fa941a5c0,yes,no,0.9670130610466003,0,2
learned_hands_consumer,finetune_encoder,0,4,221,9f6359257abe0943f69a9a6786fccff089c30ae5f302d29d57c21ec0cc0fb8bb,yes,yes,0.9989272952079773,1,1
learned_hands_consumer,finetune_encoder,0,4,222,da0db19cfa506b30e60a6cf05fa27f60113ec86ac8308c44eddc1cdeb6e6b707,yes,yes,0.999995231628418,1,1
learned_hands_consumer,finetune_encoder,0,1,223,013033315bef6946bef54c7e1e5131afe73897a10507585acff502cb07b082d1,yes,yes,0.9996936321258545,1,1
learned_hands_consumer,finetune_encoder,0,2,224,01ca67ea223ea6f3f78966619c3d177754184bea73cb662ffc54be7eded55946,yes,yes,0.9988945126533508,1,1
learned_hands_consumer,finetune_encoder,0,2,225,0972b858c77e9cd796c6bda370f1d6b2ea20798091434c33f49f1827e4a678cf,yes,yes,0.999922513961792,1,1
learned_hands_consumer,finetune_encoder,0,3,226,478e48024c876788e7ac0b2943d399c14bb997ab82a37ee11247a5b223d23f4f,yes,yes,0.9589203000068665,0,2
learned_hands_consumer,finetune_encoder,0,2,227,dd602e9be0c77e5a1bf15d2c5db5302c6b6d2b8362f95c146de1f5d3ea45031b,yes,yes,0.8125512599945068,0,2
learned_hands_consumer,finetune_encoder,0,1,228,e86c4500724cd80b78a41c3de49d5f623baba6615be341878c3f40d1a666fa36,yes,yes,0.959682285785675,0,2
learned_hands_consumer,finetune_encoder,0,0,229,44f8bde89aa71070a44a090fe6553fe64a785e0148291429f98b65d8cc35537e,yes,yes,0.959612250328064,1,1
learned_hands_consumer,finetune_encoder,0,4,230,f92a5c6258f5da9bffe36fc1a4498f1086f4d296b5c28109401777d767f46946,yes,yes,0.9999902248382568,1,1
learned_hands_consumer,finetune_encoder,0,4,231,b8099af0f4a08d3625fefbbdf920208ab786e82be6d9e5ecd373c981c3bd90c4,yes,yes,0.9999935626983643,1,1
learned_hands_consumer,finetune_encoder,0,0,232,dd6b7ca454c08a409f4171cb97167a8c91e862451ec1b92eaa7d9393934cf91c,yes,yes,0.5209134221076965,0,2
learned_hands_consumer,finetune_encoder,0,1,233,fdb76c188296362ef951b02157cc4150c8d3a0750fe72942787d491e6ddc18e2,yes,yes,0.9380210638046265,0,2
learned_hands_consumer,finetune_encoder,0,3,234,b78102f7318502d1b26dbcb12920cd58ed53891ef8b61bff2b15f5b432da91f0,yes,yes,0.9999880790710449,1,1
learned_hands_consumer,finetune_encoder,0,1,235,5a37498c5c481cdd1e4bd5190333a14a0190aa3aede5364087479e33c293e1a9,yes,yes,0.9998975992202759,1,1
learned_hands_consumer,finetune_encoder,0,4,236,eae4558b0617e7ebc54a6ebc59d2dde3f9df33d4ce6cb6404452671b374ff797,yes,yes,0.999998927116394,1,1
learned_hands_consumer,finetune_encoder,0,2,237,b25bbe0ef882d9b6ee6ca640d619e47af1ba4b4303c92a73e17071d2b63f6203,yes,no,0.9993207454681396,1,1
learned_hands_consumer,finetune_encoder,0,2,238,3415dc4afd4d574b0da83ec6d205e580b78b683ce427d70cb6192aa1345ada00,yes,no,0.9796563386917114,0,2
learned_hands_consumer,finetune_encoder,0,4,239,e4190a6930b3800fcc812916fc24cd7666ec7ccade668b74793a25cf043ee8dc,yes,yes,0.9999125003814697,1,1
learned_hands_consumer,finetune_encoder,0,3,240,2a1e5635eb53609c5660dd54ea549b8c7ca1d8ef3709e5692cce67005fde384f,yes,no,0.998700737953186,1,1
learned_hands_consumer,finetune_encoder,0,3,241,1587f650838e742b5adbc001e25e86b815c1c282f7e24b9a7f46e2c9c7e7663d,yes,yes,0.9988166093826294,1,1
learned_hands_consumer,finetune_encoder,0,4,242,3aeb06e0988c30e7dd4b9857f1305ee50a9955e156a1e1a8bfb635878c936da6,yes,yes,0.9998923540115356,1,1
learned_hands_consumer,finetune_encoder,0,2,243,0ba639fb1b8f0dcb2fe9cffb9b96ec4f2cc182c78d9a521ea1b367d5c28385d0,yes,yes,0.9994300007820129,1,1
learned_hands_consumer,finetune_encoder,0,4,244,ebd5c1534b316d246d849144a17469ee09729233fad0f39a8a330fdfa15b9628,yes,no,0.9871183633804321,0,2
learned_hands_consumer,finetune_encoder,0,1,245,401a36474fa40d2d999cd260f57ca66ab83fcb63de68f578a6d6ad7d4ec4bd2e,yes,yes,0.997512936592102,1,1
learned_hands_consumer,finetune_encoder,0,0,246,4176b37a2179c60a956b8746678c2a674aabbd9e086407904b2475af255d13bd,yes,yes,0.6916282176971436,0,2
learned_hands_consumer,finetune_encoder,0,0,247,95933a28191a6e558a2911f9c54efc9e53d3ba70d036eac4f4fcf1044bbc9d88,yes,yes,0.9947494864463806,1,1
learned_hands_consumer,finetune_encoder,0,4,248,0f4ecd29ccebf4ac6e235b28298c170a1c4939a57f8d2bae941d4292bb91c9e2,yes,yes,0.9928285479545593,0,2
learned_hands_consumer,finetune_encoder,0,1,249,061be30da02e5927c05d4f6dcb0ebcaa8bda9da95f663afc3448b40f550c8dcc,yes,no,0.9973357319831848,1,1
learned_hands_consumer,finetune_encoder,0,4,250,6c7deef4168bfdd3eb4f65e34ff1a5b08e7d07a494276e6dbc72cf08dd1d9ea3,yes,yes,0.9999929666519165,1,1
learned_hands_consumer,finetune_encoder,0,2,251,3fecd30afaf717ef4d633f041d6b64abc35956652a123bf652a024e051aecbd2,yes,yes,0.8809881806373596,0,2
learned_hands_consumer,finetune_encoder,0,0,252,618080a1456e3ee68a8c336bd1951f8be686d4b280ba12acc2afbc0afe6f5e6e,yes,yes,0.9983722567558289,1,1
learned_hands_consumer,finetune_encoder,0,2,253,7d9553904434b833510ba4f74348cff64322921c601077d281c33b3d61d048ca,yes,yes,0.9990828037261963,1,1
learned_hands_consumer,finetune_encoder,0,3,254,851524b83e3b815d2b8ad94407c2a48429aa45e82bd9c1b64ffd780d6c3a0de3,yes,yes,0.9996235370635986,1,1
learned_hands_consumer,finetune_encoder,0,0,255,cb21cc98accfbbfc1ab6fb040d28dc4a525dd125dcded30bbb6688922bc0bcf0,yes,no,0.7346315383911133,0,2
learned_hands_consumer,finetune_encoder,0,0,256,77a1a7abf05f1aa064c4d1f51619137f7eb2bd94b8ddc362bc14f64be0bd2a01,yes,yes,0.8056277632713318,0,2
learned_hands_consumer,finetune_encoder,0,4,257,3d22a52452442ace2422e3134c77857c8d5686fd9080d9f42bc9438a845f4c89,yes,yes,0.9998109936714172,1,1
learned_hands_consumer,finetune_encoder,0,1,258,aaa2f84803feb0579309aaee905dbe769a0e41a5a6daf89677d4a8534aa9819f,yes,yes,0.9999682903289795,1,1
learned_hands_consumer,finetune_encoder,0,1,259,cbf21ed32acc01ddeaa5380d184a96c3ca5b84614bc1f3a1a9583fa9b891c05d,yes,yes,0.9999837875366211,1,1
learned_hands_consumer,finetune_encoder,0,0,260,370cc782f60a07b178ac3c0ec5c92e1d6072d6798ba29e27eb089d3af9d06cb5,yes,yes,0.6658479571342468,0,2
learned_hands_consumer,finetune_encoder,0,4,261,e2fa618a66bdb423b63a86d231a23868e8833853ed334799049daeac30367a88,yes,yes,0.9999979734420776,1,1
learned_hands_consumer,finetune_encoder,0,0,262,6c81e7b6dabbb3574a09c499dc7a67ca24d31c6e646bab4ced51cd8c78f55ea7,yes,yes,0.9983044862747192,1,1
learned_hands_consumer,finetune_encoder,0,1,263,1f341a6355c5c3b945e1a2b14b3434e8b3904eb4eca3e24c87941d86e705e57e,yes,yes,0.9965590834617615,1,1
learned_hands_consumer,finetune_encoder,0,0,264,6adfe2187f8557b8f6378f034717bdcd2f522a0df00806a04c1dfe98b3e997bd,yes,yes,0.9956437349319458,1,1
learned_hands_consumer,finetune_encoder,0,1,265,8bad5933bcb5967cc9bc4abe066d28b765494f7a0dffd407c47d6d8067553308,yes,yes,0.9928634762763977,1,1
learned_hands_consumer,finetune_encoder,0,3,266,c55600e95d9b4eb897af3302c41acc84e2d54157f428bf1f8caec3b61e668da5,yes,yes,0.9999915361404419,1,1
learned_hands_consumer,finetune_encoder,0,2,267,13c0dc364911dc9186a0c024e55f88be572c4deb5878fbd82d310ecaf5f45d13,yes,yes,0.9999947547912598,1,1
learned_hands_consumer,finetune_encoder,0,2,268,3321004b9ab1144d0dfdcb61b18d746e047e1eca73ce7e0acb9fbd0e7c724816,yes,yes,0.9975153207778931,1,1
learned_hands_consumer,finetune_encoder,0,4,269,19d396f6ee8676b8e14abd050a0d810589baf0188e806f72eac507d7a2c545a3,yes,yes,0.9866438508033752,0,2
learned_hands_consumer,finetune_encoder,0,1,270,7eb4eb67f8d71b2387d20ed2f7c7421eab13eb8910aca82d69fdf9a9273ecb96,yes,yes,0.7758502960205078,0,2
learned_hands_consumer,finetune_encoder,0,1,271,21f6bcc2b642898b25da24d91a08efc8029b34d97d979ac84183c75b0c07b9c0,yes,yes,0.7911343574523926,0,2
learned_hands_consumer,finetune_encoder,0,3,272,63a06c8bcc7dbff84f881459fdf825076cb5b36209132b00c9c84eeeba7b6eb8,yes,yes,0.9719125032424927,0,2
learned_hands_consumer,finetune_encoder,0,1,273,94b8923b3eddcc3f61a255a8e42041ab7f8e96bdae7e23fa5dba20dd65b82fa6,yes,yes,0.9997797608375549,1,1
learned_hands_consumer,finetune_encoder,0,1,274,c2ccc5ca47171285fb0298be4298f50882121913b48b7ac1e796a30c532811ba,yes,yes,0.999934196472168,1,1
learned_hands_consumer,finetune_encoder,0,1,275,1f6071d3d10ecfa1b75476a7071af685e3ba15fcf7b2a774e39b20191e1fe074,yes,yes,0.9996318817138672,1,1
learned_hands_consumer,finetune_encoder,0,4,276,11cabef5b7d7edbcc7de996da7ddc824772faa6248373f429b29567c5017f865,yes,yes,0.9061053395271301,0,2
learned_hands_consumer,finetune_encoder,0,3,277,9136c7f7286a3ee6b4af4f2c4bd396e5528e9e59d4a11138840961213324a902,yes,yes,0.9966915845870972,1,1
learned_hands_consumer,finetune_encoder,0,0,278,45b8aa00e5100aa8e27c34109569ad374e89747c8859165962bd4b50a718dec3,yes,yes,0.995554506778717,1,1
learned_hands_consumer,finetune_encoder,0,2,279,93a67fe947a834ff1518acdef3d3503a43de70821df3f53bacca03fe73994e4e,yes,yes,0.7968502044677734,0,2
learned_hands_consumer,finetune_encoder,0,4,280,f9aa283cb36bd865eb6d0e00dec619c048e1b8f0e8830f12b5d02008a0b97ace,yes,no,0.6304382085800171,0,2
learned_hands_consumer,finetune_encoder,0,1,281,55de4e8dcda9a6328913ef54a1ed9351f1f426737486cdf8f668ad83b8388f73,yes,yes,0.974314272403717,1,1
learned_hands_consumer,finetune_encoder,0,0,282,6bcb70ea6c53d9d2735995ffa331f18d0e9d9cc24ba93acb53376ae8483ed8a1,yes,no,0.6808557510375977,0,2
learned_hands_consumer,finetune_encoder,0,1,283,78da2dea499e7edb487d60fd31327140d7546b18febaf57879bbba65e8c1b04e,yes,no,0.9946311712265015,1,1
learned_hands_consumer,finetune_encoder,0,0,284,42fb96e3e3db8353adc2b84b435807f73584555187d03911234609ed6e85bfe6,yes,yes,0.9999256134033203,1,1
learned_hands_consumer,finetune_encoder,0,0,285,ecfc65fba09f92e19dc001350da2ef8adc932c234c862d0db0f1879f2e7c8794,yes,no,0.8979482054710388,0,2
learned_hands_consumer,finetune_encoder,0,3,286,c191adb1d624b20f83068f7b5908de47c6c5209a753e4de83b528e1156b3c2b0,yes,yes,0.9999915361404419,1,1
learned_hands_consumer,finetune_encoder,0,3,287,644bc0e92cf759be58ca6610fa275080515a65a91b581445be9cabf7ffea0e15,yes,yes,0.9836893677711487,1,1
learned_hands_consumer,finetune_encoder,0,2,288,a79143144aa9b5670c2ef1346d67999dca1710bf76a38aefe7d8c7b71ae44b79,yes,yes,0.9999593496322632,1,1
learned_hands_consumer,finetune_encoder,0,4,289,29d068c39f2e257adbe8beebd86189c3ef328bbf2028cdf5c6d3ede0e5ddc09b,yes,yes,0.9999974966049194,1,1
learned_hands_consumer,finetune_encoder,0,4,290,fe9822a59aebf2d41016c82deb1d427382b2666a1fe39079f87be07fb936b617,yes,yes,0.9962542057037354,0,2
learned_hands_consumer,finetune_encoder,0,0,291,56bb42f2ccd6615785428ca0492a89e2c4c3ab2f9fa44ee197d3da8fab2c5842,yes,yes,0.9250021576881409,0,2
learned_hands_consumer,finetune_encoder,0,3,292,5299348ae3f81c25293e952182bb6bea15382e9da7443711aa78acdaf4b6bcb8,yes,yes,0.9999755620956421,1,1
learned_hands_consumer,finetune_encoder,0,0,293,73a78266e6561f4e4c9baa89057beda5a92213b2ef917e1272c2ece8cd9b7704,yes,no,0.9642606973648071,1,1
learned_hands_consumer,finetune_encoder,0,2,294,79cc9d9097ff95d4d5569540eb3711865f517ab1a2a0fc876da5c48598ee3cb4,yes,yes,0.999997615814209,1,1
learned_hands_consumer,finetune_encoder,0,1,295,3b85fae280cd98abcc7e78ae4627a4c94eee68cb0bdc5b31dc3b1cf2e53949ae,yes,yes,0.9214231967926025,0,2
learned_hands_consumer,finetune_encoder,0,4,296,32072d7df35d23c7cf165a1afeb9be63ebbdcf2c94cee75f9b5a90b78e19dd28,yes,yes,0.8782193660736084,0,2
learned_hands_consumer,finetune_encoder,0,2,297,16bed4a62e2738950d2587d30c25ed9c5d17ea5f0cc5e91f1148a4cb64162453,yes,yes,0.999944806098938,1,1
learned_hands_consumer,finetune_encoder,0,4,298,3473fc0f42c76ad19ef3ec2771d01d619478fb7fab7ea70d94e7fe0f1bd61128,yes,yes,0.9999988079071045,1,1
learned_hands_consumer,finetune_encoder,0,4,299,251efc17ee26f8f9c544871f61f6fd54cf585d0f3210406eb3c48c825a10d526,yes,yes,0.9999877214431763,1,1
learned_hands_consumer,finetune_encoder,0,0,300,4b657305ddc7f357ec185bc9abec0fa67e2d4d4fb0afb00f8e83e73a4c712e8e,yes,no,0.716113269329071,0,2
learned_hands_consumer,finetune_encoder,0,3,301,f85e7456c7160ff553b31db76a443f79214f6b2cd4542c3bb171595928ab6558,yes,yes,0.9999645948410034,1,1
learned_hands_consumer,finetune_encoder,0,3,302,243386ffe9922a67ec10fee19cff0781c4d76b6a78a32ec20ae1b9ece92bf995,yes,yes,0.9998990297317505,1,1
learned_hands_consumer,finetune_encoder,0,0,303,85d4e89725d489b9e3820f724acfc754d59767d51140be8d70af3bb2eb4198c3,yes,yes,0.9960411787033081,1,1
learned_hands_consumer,finetune_encoder,0,4,304,f859129d9d2aa75e88d6602d1563b367b5d45a031c53939b17889bef5d0f147e,yes,yes,0.997694194316864,1,1
learned_hands_consumer,finetune_encoder,0,0,305,483ac3b333ee68b7196086031e6a08e2fdb91c52f28a3a861f23a2c8ec75478c,yes,no,0.810954213142395,0,2
learned_hands_consumer,finetune_encoder,0,2,306,6eef9bbaaa01f32394020b689930f9d2ae66836d280dfef0cac99935536b4a22,yes,yes,0.9970235228538513,1,1
learned_hands_consumer,finetune_encoder,0,4,307,2bbdbbb31e0f69cbd29d755d0e4fb9a5a932b3b1effe5a664bc674ef725addc2,no,no,0.9999797344207764,1,1
learned_hands_consumer,finetune_encoder,0,2,308,5779a2e66767851f78c4baf2c51d3e6be6d917949d5341b98c489bbf0f67f6f3,no,no,0.5687835812568665,0,2
learned_hands_consumer,finetune_encoder,0,2,309,24481de31a2b3036d71dc474adac585b922e4bdfb8287ce43a3ff34846620b73,no,no,0.999976634979248,1,1
learned_hands_consumer,finetune_encoder,0,3,310,13b626d60d254c4999ca862d60b0f13ec9378504e9fa2fa1c002db747518bc7b,no,no,0.9996954202651978,1,1
learned_hands_consumer,finetune_encoder,0,3,311,97939ad30f5a35f45ccb7fcb190a65552ca404ca227456e1ecb4f5a57c3bed17,no,no,0.999112069606781,1,1
learned_hands_consumer,finetune_encoder,0,4,312,8616d00b5609b9a12db9741cc2c276068fbfffd9d02b80e12bf3dc55ef37b07c,no,no,0.9998774528503418,1,1
learned_hands_consumer,finetune_encoder,0,2,313,65e5a2fd7a388ba873ac967c48adb5664e74f76db3d95f15af7230c45aa27115,no,yes,0.9909127950668335,1,1
learned_hands_consumer,finetune_encoder,0,4,314,0b5ab1b563bc3ef18c295476f388386fadc1cf299ab20f258f1dffee0f8157b4,no,no,0.9999732971191406,1,1
learned_hands_consumer,finetune_encoder,0,3,315,c70617e5ad6a4b2e699841464467e2a1387594382a39a10f5f3aa0ba238dc8c6,no,no,0.9767085909843445,0,2
learned_hands_consumer,finetune_encoder,0,0,316,bc9f773c51514a7ad309a672115c1b9f79304095ccabcd53343b945d6ce19ec8,no,no,0.889937698841095,0,2
learned_hands_consumer,finetune_encoder,0,3,317,0af96d52fa6c71f1943351f5d1a07e10d961983e0c4a66784a937ad8bbaf2f0e,no,yes,0.9858729839324951,1,1
learned_hands_consumer,finetune_encoder,0,4,318,f4a7c81fbb4fe3b5a0cdb370b458074ab8fa6f11fe41ced9df994fd2f420f362,no,no,0.9954297542572021,0,2
learned_hands_consumer,finetune_encoder,0,1,319,71d38fe12b75052be0651bda2d4f4efe697b07d365bf41cb14841da2688b94f5,no,no,0.9680629372596741,0,2
learned_hands_consumer,finetune_encoder,0,1,320,60a86bc631bcf63cb1c4ced84c0f60928e57bb2abcf79c23baa53fea95cc1aa3,no,no,0.9997759461402893,1,1
learned_hands_consumer,finetune_encoder,0,0,321,e06e690d6aad76f736293110bf1b57c294435c42a47933cd1acab74063fa7102,no,no,0.99715256690979,1,1
learned_hands_consumer,finetune_encoder,0,0,322,a90e11f52d0e31db828e5d845e5fc33cb9bbc6922bce8244891dbc15b22a7483,no,yes,0.7174891829490662,0,2
learned_hands_consumer,finetune_encoder,0,4,323,7f6a2fb0578a33bc0482677bbc588e70a785c7bea415b62486a564b37d2364a5,no,no,0.9996098875999451,1,1
learned_hands_consumer,finetune_encoder,0,2,324,91f9aed41e41a457675d9814a53f7e293fdcc37d5ecd967c9a49b0e1b38c3587,no,no,0.999794065952301,1,1
learned_hands_consumer,finetune_encoder,0,4,325,ca37e43e8db1c44dbbb19c01ee3aa67ed7d3e032717d029d12d8ecc1e8da9e24,no,no,0.9855161309242249,0,2
learned_hands_consumer,finetune_encoder,0,0,326,2fb4fb6b593cdd7c3e2fd5c6e362a22a579395bb61b602c450cca3538b8e24ef,no,yes,0.7888901233673096,0,2
learned_hands_consumer,finetune_encoder,0,0,327,c74e1031658129cec56f52de73b243a87d110480b7489b898798c788c64954c1,no,no,0.8897706270217896,0,2
learned_hands_consumer,finetune_encoder,0,2,328,12a1ea95bdc51debd507323d28586d8cd6725f1b2fb39a9a12ccea37dd723d96,no,yes,0.9649754762649536,0,2
learned_hands_consumer,finetune_encoder,0,3,329,985ec3dfb0c350854d7b1baac2c3332760dc5c321f1cafa4bfd44c6712e2ced1,no,no,0.8726425170898438,0,2
learned_hands_consumer,finetune_encoder,0,4,330,335fb0b1b9fad31fa5c37ca3233826815b93d197d51ad6e25f3adb819181b8d5,no,no,0.9997944235801697,1,1
learned_hands_consumer,finetune_encoder,0,2,331,c1a730a7b254e70e6ac0d37573a2caa83d4df82d7e52868bedaff06ebe6b6878,no,yes,0.9982703924179077,1,1
learned_hands_consumer,finetune_encoder,0,2,332,2c4155ce67ad13aaa45fffc3554b95daf5261dd7f91fb8fd64dec003bfb9e74f,no,no,0.984936535358429,0,2
learned_hands_consumer,finetune_encoder,0,2,333,6ceaa70ea927c42a727227f3a30b6f624dcea1bc117cb238827bb15af9517c39,no,no,0.998806357383728,1,1
learned_hands_consumer,finetune_encoder,0,2,334,7d6f93cb8182ac12b92485985653cd0fd562085122909d87b4336f6ee3e4666d,no,yes,0.5908857583999634,0,2
learned_hands_consumer,finetune_encoder,0,3,335,cf8776ba226b044303c6bd7ec8aa16cfacbe82cbb01b00fe365ab899a5adc5f8,no,no,0.6351963877677917,0,2
learned_hands_consumer,finetune_encoder,0,3,336,63d2423f809c612df5098e911ca5ba908d510a563c38c6d97d504e390d18c390,no,no,0.9921855330467224,1,1
learned_hands_consumer,finetune_encoder,0,3,337,52f14dd7aea76b56f013c46377c11006c81b564a73a8fa44e2a4843c3f9ff85e,no,no,0.7749530673027039,0,2
learned_hands_consumer,finetune_encoder,0,0,338,cd0992eca3b3ebd4ffcc36e8430e138824f9b105e6764dedf74a8ce2d5549fe4,no,no,0.7956688404083252,0,2
learned_hands_consumer,finetune_encoder,0,3,339,5a8803fcccb50853b2c3856ee82785bd156f862dd26d34c99efdea4519a7e214,no,no,0.9346736073493958,0,2
learned_hands_consumer,finetune_encoder,0,0,340,617fea7762c73987c8e9da050c8cae25a1aefb6ea95ff5d081b8e51f028dbf2e,no,no,0.9816088080406189,1,1
learned_hands_consumer,finetune_encoder,0,2,341,d4093169f98d05e7565a5542038529f1fab35b60cfe43127811daa861d935feb,no,no,0.9834192991256714,0,2
learned_hands_consumer,finetune_encoder,0,1,342,e8a22694731ba2e5a7312f7d4a02b03f7e4bc081c76f7068d665ec82ab92f3c7,no,yes,0.7171552181243896,0,2
learned_hands_consumer,finetune_encoder,0,3,343,7a0a05fc729a8f64cbb6ca9c295a3805e152b645fbd81571861db6a5918d5618,no,no,0.9988677501678467,1,1
learned_hands_consumer,finetune_encoder,0,1,344,1de94b175a0dc3b16576ef02ea9b734786aa3bc35b5be8fbeb644479593c01bd,no,no,0.9577566385269165,0,2
learned_hands_consumer,finetune_encoder,0,1,345,7eba9bd21b877177f0ea63bb88313953a4c47a8eea950c93500fbc398e54e665,no,no,0.928315281867981,0,2
learned_hands_consumer,finetune_encoder,0,3,346,aa01251703c5de088b207ee1e21487e51f88caf08d8d578aef87fead3ecefced,no,yes,0.8906199932098389,0,2
learned_hands_consumer,finetune_encoder,0,4,347,e9f5e96f340dd75e497ed93a4a1e722cfce986d2cec52aaa027ca7778586ad19,no,no,0.8433537483215332,0,2
learned_hands_consumer,finetune_encoder,0,1,348,4b9f93fed8e41a2a2c5f0994cdca3aca0eda1b96dbd2f74d5afcd2a43889c2e8,no,no,0.9933246970176697,1,1
learned_hands_consumer,finetune_encoder,0,3,349,f05855943024f908afbb53b1527e164e7e5e5ad16ec0192747e08513f2bf77c0,no,no,0.8952356576919556,0,2
learned_hands_consumer,finetune_encoder,0,2,350,1c49793aa9d1312bd32ea93d0d8c4aefe10836b786d8cadf7c97738717ce9d31,no,no,0.9999516010284424,1,1
learned_hands_consumer,finetune_encoder,0,0,351,580b5ac0770fb1b9a6472f9a88911a26a88cc2d70c1aa230e26ba6905581d32b,no,no,0.9997715353965759,1,1
learned_hands_consumer,finetune_encoder,0,4,352,d1a95b753ee546201b5cf71e8a8910ffb93f06b981363dd24190b9627693f2cb,no,no,0.99979168176651,1,1
learned_hands_consumer,finetune_encoder,0,3,353,f123cdff3722febd99751bb5a64770c85fc6707f63c07bae56510ead6672a690,no,yes,0.860348105430603,0,2
learned_hands_consumer,finetune_encoder,0,0,354,013a1816aae065dc4d8f6a910347c85c867197f1497645a47e5cb14cab38f57e,no,no,0.9894348978996277,1,1
learned_hands_consumer,finetune_encoder,0,1,355,d27505c28fcef3d7434ea6bd8d7130e051f02503586c1526d71160be1310e40f,no,no,0.992782473564148,1,1
learned_hands_consumer,finetune_encoder,0,2,356,1130e23cb8e7f0a6fc9e659f4c94b732fa1953b7a98b3a9fcafb074532c54af8,no,no,0.999845027923584,1,1
learned_hands_consumer,finetune_encoder,0,4,357,9a69a9f0e0418372ec3def21b9ce927af42a49df1d185967290ada823319ad8e,no,no,0.7290528416633606,0,2
learned_hands_consumer,finetune_encoder,0,0,358,d0b3728beaff318ee83ad916c45c5c6802c6634bab63d6de065eff3af6bb2839,no,no,0.9614622592926025,1,1
learned_hands_consumer,finetune_encoder,0,1,359,492cdbdcc254342378744c1f8b9dadd066628ace9a1a65a515633708701c9342,no,yes,0.9587855935096741,0,2
learned_hands_consumer,finetune_encoder,0,3,360,7c272499aa6af5b9c7b2de749a65adfa813cdc4061012c6f9a62fda253e08104,no,no,0.9979715943336487,1,1
learned_hands_consumer,finetune_encoder,0,3,361,e09a2160df994ff65eac81266e80dbb544860bb0bf9a7322caeeaddef40d8ffe,no,no,0.9195625185966492,0,2
learned_hands_consumer,finetune_encoder,0,0,362,7c408b03bdd1535120a56621fe2fc9d7c4ef4b22699b623e4970ee45767ebba9,no,no,0.9793370962142944,1,1
learned_hands_consumer,finetune_encoder,0,2,363,c41ad8c362d3233072dfc9f51c09010958870b25d095046a29cc7e47cafd392d,no,no,0.9999873638153076,1,1
learned_hands_consumer,finetune_encoder,0,2,364,67f538667db398f86344c56348d00c791c1ec9ac0aff37d556bb99dd32897983,no,no,0.999495267868042,1,1
learned_hands_consumer,finetune_encoder,0,1,365,ddf035db365fff2212de2488a54adb763abc3e92a2dad325570e9d3251388841,no,no,0.997765302658081,1,1
learned_hands_consumer,finetune_encoder,0,0,366,aee3ace2d8ef27f3660fab84d93dad6ad86bf221676864042357c5e92059a85e,no,no,0.9949424862861633,1,1
learned_hands_consumer,finetune_encoder,0,0,367,9913f5e62a1afcba67bee35c05d650381598f5b2c1380d1bb2a0f2ae1cc63e6f,no,no,0.9808829426765442,1,1
learned_hands_consumer,finetune_encoder,0,0,368,00c018554b47c9496be37e1420e4483569efc3e3631c681205edc2ebb9c5b095,no,no,0.8944035172462463,0,2
learned_hands_consumer,finetune_encoder,0,4,369,2c68763833a784dd4f1a5569f0af102d4fcf6b344f917b9d6e68c91bf223385f,no,no,0.9888409972190857,0,2
learned_hands_consumer,finetune_encoder,0,4,370,c585104773d1883d86927f2b034566efd206fde08fe7e1d63efcf06f6ecd9275,no,yes,0.9928792119026184,0,2
learned_hands_consumer,finetune_encoder,0,0,371,7387a5e5fad938d7e99b2c7c1f6e1158d97aec42e8d1218a21f1bfbd2e5ccac3,no,no,0.9940061569213867,1,1
learned_hands_consumer,finetune_encoder,0,1,372,8a778c2a7882c353ea19f4b4177b18f73596a4d0bdf7c066488b237259d5c92e,no,no,0.9644386172294617,0,2
learned_hands_consumer,finetune_encoder,0,2,373,66c80303be317d1ece0aedd4cef8d908db80607ebada9bb9e122cc5c60b05acd,no,no,0.7796629667282104,0,2
learned_hands_consumer,finetune_encoder,0,0,374,844bffeb2e27126213a382107f2bfbd2eeb29a0aa34b39db7c237d94aa21dc6c,no,no,0.9820592999458313,1,1
learned_hands_consumer,finetune_encoder,0,2,375,ecc85367e5cf37586c263dedf5b348a050bbdf6b9249645651c148dca3f30d6a,no,no,0.9949552416801453,1,1
learned_hands_consumer,finetune_encoder,0,1,376,2e572efe17abde9794ed1ca8e76aab48311dffe6e5f091aaf53a537351a6ec4b,no,yes,0.9714391231536865,1,1
learned_hands_consumer,finetune_encoder,0,3,377,8339831d993a8f59979c34ab2a332854935bb45ade809ebc382fde5b95859c6d,no,no,0.9593154191970825,0,2
learned_hands_consumer,finetune_encoder,0,3,378,42142d842605f05b949df18cb8a99bb35cb5a3e606e1f59cff43626743752be7,no,yes,0.6256898641586304,0,2
learned_hands_consumer,finetune_encoder,0,4,379,84f150b50421abc72aea1ff2b9e810ed64fba7c4f9d5ac41a9be6e901d2ee310,no,no,0.9998538494110107,1,1
learned_hands_consumer,finetune_encoder,0,0,380,e87ddebafaf120552bd4e34cf6953ec369024fb7fc6e707e8c74058e178b1363,no,no,0.824631929397583,0,2
learned_hands_consumer,finetune_encoder,0,4,381,1338d4a9807f0d53047962b57d76cf583420487b44853e8aaab6f0d6d454688b,no,yes,0.9951737523078918,0,2
learned_hands_consumer,finetune_encoder,0,4,382,ec007d3323dd2053bf052016919bc0af90796fa0ca1b0409c6082066ee97a50b,no,no,0.9954649806022644,0,2
learned_hands_consumer,finetune_encoder,0,2,383,d2cd0e5ee933d888b506be5632aed8062b91258070bea77b00cbf7a570a68547,no,no,0.9999406337738037,1,1
learned_hands_consumer,finetune_encoder,0,2,384,b6426951bbccc28e0d00959ce601a50cfdbc42f0b030169fc40a2d195b99f4ce,no,no,0.9956139326095581,1,1
learned_hands_consumer,finetune_encoder,0,2,385,a7f2631f19f997f8dde0f842d8a44c6be3a43a0e33208d7f010eeb998aedd90a,no,no,0.9788955450057983,0,2
learned_hands_consumer,finetune_encoder,0,3,386,ee780d03a703ecf7ba9c48251e78cd4e9b7af05645ad48fff61fa919cf492135,no,no,0.9934883117675781,1,1
learned_hands_consumer,finetune_encoder,0,3,387,2a45a35e29096acb668fa0ef232d5755b039d19bbf414f441fa03b6c6964e833,no,no,0.999919056892395,1,1
learned_hands_consumer,finetune_encoder,0,3,388,db01549ee1c2f8c8cddf1988e9091c11b9c05afae796574b4aa7e58eeebe1ec7,no,no,0.9950833320617676,1,1
learned_hands_consumer,finetune_encoder,0,3,389,63faab04056ecaa75521d5f981daa271b06f41399397a77f5b18772f7982501b,no,no,0.998737633228302,1,1
learned_hands_consumer,finetune_encoder,0,4,390,ae83caf06a839c78cbe1c040b85f5774b377a68c7cd5ca4e2df1e6b808f5c1b1,no,no,0.9984191656112671,1,1
learned_hands_consumer,finetune_encoder,0,0,391,9a3dd5e4246141a2e5cb3351f2f44bd41b29e28912043c8883ba1ee127ba989b,no,yes,0.9401461482048035,0,2
learned_hands_consumer,finetune_encoder,0,3,392,df2ca5f08012ee422366badb625b7e85f8f8d13eeebbc8ec9a4e52cb9755e245,no,no,0.9558600783348083,0,2
learned_hands_consumer,finetune_encoder,0,1,393,77b2b7af3d2e7d92346d21688da079b282d2e31d80505b4c19a05b664ed10fb6,no,no,0.9985432624816895,1,1
learned_hands_consumer,finetune_encoder,0,2,394,ce03177700db149631f5a0748437e3e8ce566671b3939640d10d100e63e3fd16,no,yes,0.9507765173912048,0,2
learned_hands_consumer,finetune_encoder,0,0,395,a47f0ccc3396c563d1d54cfa509c381c6e8ffadc05e947351c2c88540f5992b2,no,no,0.7147278785705566,0,2
learned_hands_consumer,finetune_encoder,0,1,396,d28d9b72ec96132abafad4420752c4f56363e197e4763aacee93a17b42e571ae,no,yes,0.9441080689430237,0,2
learned_hands_consumer,finetune_encoder,0,1,397,c6571efea3285b8369d41b3dd25ef48c253a0e321fcaeefa5d4e89023afe6cd5,no,no,0.9192646741867065,0,2
learned_hands_consumer,finetune_encoder,0,3,398,3f37d027870da81cb661495002a1a7fc86a664b28df5b372c3384fa16ab115db,no,no,0.8977384567260742,0,2
learned_hands_consumer,finetune_encoder,0,0,399,1195fd2a250615c2ef282030a1bd1f0805e2944f0343faea81ddf121d0ccc994,no,no,0.9997764229774475,1,1
learned_hands_consumer,finetune_encoder,0,0,400,52755383856e91c2af9d9af2cb1b6b5e2474b17de3d5bc750e466a0cac60f774,no,no,0.9937809109687805,1,1
learned_hands_consumer,finetune_encoder,0,0,401,79a5f35751c76695e1441ec78b28a225fca1c41ea9c82882b2fc5535aa52607f,no,yes,0.5666152238845825,0,2
learned_hands_consumer,finetune_encoder,0,2,402,e8b28f4ace8f9d83a962e68403786fac2eb9f58c6f2f6f2fb4f640879cb943c8,no,no,0.999909520149231,1,1
learned_hands_consumer,finetune_encoder,0,4,403,49b50604e1e593b1474257b9770d20e0a60ddcf54a8b6890e153124f746b8275,no,no,0.998932421207428,1,1
learned_hands_consumer,finetune_encoder,0,2,404,9d7dcd2eae72e13950ca10701a907c961252af1dd61008203f0937eed002f2d9,no,no,0.9999756813049316,1,1
learned_hands_consumer,finetune_encoder,0,1,405,3f5ca9261b2891516e2a5d24447411595d9562c1ff20862e0b1016f7ff1c32e4,no,no,0.9408692717552185,0,2
learned_hands_consumer,finetune_encoder,0,1,406,4e20b69b4d085a8af12bd1e5f9d7e6232d82ab680cfc25e9a64195c6513cabd3,no,no,0.988474428653717,1,1
learned_hands_consumer,finetune_encoder,0,4,407,9000d55fade254c6ca05e4c143c5341da66479eca3cc7fcba053382ab0a06d2f,no,no,0.9902437329292297,0,2
learned_hands_consumer,finetune_encoder,0,0,408,1d4a66a5ebbe0fede76d2d78db8f5fc9f6c99b17daeca5cfecf1d41b10cf80b1,no,no,0.8735249042510986,0,2
learned_hands_consumer,finetune_encoder,0,1,409,c6ab1cc27fcf3c46640e8614bb3cef65334f694f0dc7ebf7c14f0f95ff582cff,no,no,0.9538504481315613,0,2
learned_hands_consumer,finetune_encoder,0,4,410,2808314a91f63cd0f210000ca0d99e536b41a5ef2a38b09b99706154ed097563,no,no,0.9776336550712585,0,2
learned_hands_consumer,finetune_encoder,0,4,411,add411cc48fc3dd30ad7eef9eb447a04c306289987db61ee0f1a60eec669366a,no,no,0.9979631900787354,1,1
learned_hands_consumer,finetune_encoder,0,0,412,c5e98cba61f5b7e99d394fd52e37b44f2fa2d4bd59a64a4fa6df5eb9c7d968ee,no,no,0.9986171722412109,1,1
learned_hands_consumer,finetune_encoder,0,1,413,b065f229dea495ea981117badbe33bbb78f927032d079f6b45b57b9ff319ee3f,no,no,0.9358862638473511,0,2
learned_hands_consumer,finetune_encoder,0,3,414,ba9af4f96d08829a0c9ec6aba9efeff3a00a2093dfdfbd72c8bd45f2bc9e6a69,no,yes,0.8410487174987793,0,2
learned_hands_consumer,finetune_encoder,0,4,415,5d18d68c26e2f66f512fe9593484b459f2bcea6aa210183c392cf7ad40ddb4f4,no,yes,0.9718905687332153,0,2
learned_hands_consumer,finetune_encoder,0,0,416,e78402c565c5685cfe8d6f3023b3e7d2a6cacb870295e754ff3c7bd88851a1a7,no,no,0.6885895133018494,0,2
learned_hands_consumer,finetune_encoder,0,3,417,83791c54b327f91dec027e1575b5e0d327a0464147f41406fc441098e5403ca6,no,no,0.9998534917831421,1,1
learned_hands_consumer,finetune_encoder,0,4,418,2054be735fa66a7be473f7d8d284cc496f2873f3c0ac26935232ccd60f9de832,no,no,0.9993564486503601,1,1
learned_hands_consumer,finetune_encoder,0,0,419,bab1e0749854088c9ef136c8cc309c034a76a764cfc21fc0ff53362e4861636d,no,no,0.997962474822998,1,1
learned_hands_consumer,finetune_encoder,0,0,420,27beb276d0fba5a8e870d21c77162c178327fc1ad4e1c391cbb90aa0b33604e5,no,no,0.908105194568634,0,2
learned_hands_consumer,finetune_encoder,0,4,421,a1f504238378627ada42e6b4a5188dc174b5f75652a150163843892064abb22d,no,yes,0.9663451910018921,0,2
learned_hands_consumer,finetune_encoder,0,4,422,a005428946110152b42b0ec6663ca35a25f83f6d59f5b03454dc6b5ded6ed03d,no,no,0.9999263286590576,1,1
learned_hands_consumer,finetune_encoder,0,1,423,9cbbae94185f89046b6054bb9bccf79344fd2aa88fe2a30fc15f75d34aacbef3,no,no,0.9981063604354858,1,1
learned_hands_consumer,finetune_encoder,0,1,424,3be047961cac24031e53731a39990092e5be49c19c1bf50858f360635095935d,no,yes,0.988261878490448,1,1
learned_hands_consumer,finetune_encoder,0,3,425,ce81291a07edef587b6b3aadc6149395b531a8bc2ccd91e5c553fafdef0a6317,no,no,0.9905022382736206,1,1
learned_hands_consumer,finetune_encoder,0,2,426,e39dbe75b89613b758ebfbe9bb10832f0a92b0a0f06161e751f68ee02db8bc9e,no,yes,0.6737856864929199,0,2
learned_hands_consumer,finetune_encoder,0,3,427,77f8b279f1b0c7568831f06897e485c63de90d157e9f5bdffc950d8b5339b76b,no,no,0.9993122816085815,1,1
learned_hands_consumer,finetune_encoder,0,2,428,196d1c980028958aa696f055758fa3b2f6507b7e90205d1bb8c1232f9ed33879,no,no,0.9969677329063416,1,1
learned_hands_consumer,finetune_encoder,0,0,429,867ba8abbec80d2ad80edb9dbea0eda8dc5dcbafdfbe36aef9c42b95537f0f61,no,no,0.7139089107513428,0,2
learned_hands_consumer,finetune_encoder,0,0,430,72af3f1cbcff79519e8d830ce39f1aaf8bc7b8e3c6a420f8e0cd0db3ab43e396,no,no,0.997676432132721,1,1
learned_hands_consumer,finetune_encoder,0,2,431,8ccfee9549ab36622cbef033779481a4709533ba1916a502e4daa4bee8356d6f,no,no,0.9155882596969604,0,2
learned_hands_consumer,finetune_encoder,0,1,432,f86e733c4aa27750c91274e7c1d24ef7fdb6886dedd3cd183e02ae97b21b71a1,no,no,0.7513153553009033,0,2
learned_hands_consumer,finetune_encoder,0,1,433,4e5a84a0e6bc8a79290a97622c2e27f93f35d3bc1d958a174621ce41587bc723,no,no,0.9961494207382202,1,1
learned_hands_consumer,finetune_encoder,0,3,434,60115ad7adfb7cd44dc9d3974fa6e91f75d4314b459afb6ad7cf046ec468f5d0,no,no,0.9742159247398376,0,2
learned_hands_consumer,finetune_encoder,0,4,435,c2f8f30d2f33de3ff6d230fe420907389008f3f32d850a0d46c02bed9d4d96a6,no,no,0.9997029900550842,1,1
learned_hands_consumer,finetune_encoder,0,3,436,c260b7498f71fe45f1424fd2b9a9839f565e405a7d4dcec0225cc32b31aa3ddf,no,yes,0.9935345649719238,1,1
learned_hands_consumer,finetune_encoder,0,2,437,946f42d7871538b510e3f3addcd2c214d51128c8b0d1497d15b7386ba0a1356b,no,yes,0.5697523951530457,0,2
learned_hands_consumer,finetune_encoder,0,4,438,2ccf77520a102a3a7f63b623e6874716be7a1cf26d8c0f666f6e7470e9e4c438,no,no,0.8487281799316406,0,2
learned_hands_consumer,finetune_encoder,0,0,439,a701c75cc7ffd4dd2d848114d88c55877c21ca6bc554b06f7a780af98fdede78,no,no,0.9833468198776245,1,1
learned_hands_consumer,finetune_encoder,0,2,440,1512241f1c901913c1bcb63d7c6958e6e29007920502c9eb4c9eb5dfdc429779,no,no,0.9812663793563843,0,2
learned_hands_consumer,finetune_encoder,0,3,441,8efb01893e2894f9a68dd4abe86e1aa3273c502cb488596dc29f5385ecaeb2c7,no,no,0.9987962245941162,1,1
learned_hands_consumer,finetune_encoder,0,2,442,1d2a94502aece3443e17b2cb63dfe225b7a8aeebd081ddb65e6bb2f671212a17,no,no,0.9938766360282898,1,1
learned_hands_consumer,finetune_encoder,0,2,443,0163ad6ff34e85877a0adf35a59c1a346599711f69d7bf4891317aada189c78b,no,no,0.9965691566467285,1,1
learned_hands_consumer,finetune_encoder,0,4,444,8bd8da3916ab6140c8983ae16bcdb2e8e857d786d5b0a809729486e67a0812d0,no,no,0.9996941089630127,1,1
learned_hands_consumer,finetune_encoder,0,2,445,04302b33dfe27e60dab505555f6ba88813973ef1386f0c8b08205ee51891f0e6,no,no,0.9999293088912964,1,1
learned_hands_consumer,finetune_encoder,0,4,446,1afd1fc0fa21504408f161026b0213f082b591b552e5a77213bf65d60bf4612b,no,no,0.9999773502349854,1,1
learned_hands_consumer,finetune_encoder,0,4,447,d1d3852aceaedd7f13c819c848f14ecc6dc897da4bfa78ed063ef32ce2ac63d1,no,no,0.9998733997344971,1,1
learned_hands_consumer,finetune_encoder,0,2,448,04a31af43a0322d4e234770268a71818baa3b9f7193dc123c6ce1e4fb24f3e72,no,no,0.997934103012085,1,1
learned_hands_consumer,finetune_encoder,0,1,449,a8e84a61c494345c5650ad8117693f333deabc9e041a3b4a22aa1d06393231ed,no,no,0.7906551957130432,0,2
learned_hands_consumer,finetune_encoder,0,2,450,0854abafaea9b69c2c49c5f64e9f3c95f596dea3588670571b1ed57b744f59a5,no,yes,0.7330501675605774,0,2
learned_hands_consumer,finetune_encoder,0,0,451,9f25eaeb6f65236347aee880ca9534bfc163ad085b06fa72eeb67b405f5f1d62,no,no,0.9973764419555664,1,1
learned_hands_consumer,finetune_encoder,0,2,452,cbfecefec8a53e69aa8f367aea02a4727b7ee5554da9e45a38e31f065cc3c169,no,yes,0.9998478889465332,1,1
learned_hands_consumer,finetune_encoder,0,3,453,bc4a406688a7b5efef17bfb1b4edbc67f35a63b3de8702b8068df824d666583b,no,no,0.9595896601676941,0,2
learned_hands_consumer,finetune_encoder,0,2,454,1c6dd5d561b55e7031e5f2adc0da0e9723f06c4b23e08e8904fc1e27c13cd9c6,no,no,0.7168201804161072,0,2
learned_hands_consumer,finetune_encoder,0,2,455,932d945f027160e21bfd51184d91d8727cfdf60e72226309e7516cc368fdc515,no,no,0.9982753992080688,1,1
learned_hands_consumer,finetune_encoder,0,4,456,27da743642e6fe9e9f70f9ff5b3c8febcdf419aed6c38e5e67fa09294c9d6ab9,no,yes,0.6525465846061707,0,2
learned_hands_consumer,finetune_encoder,0,3,457,74043fddd5dce444be8d653b1c6f225528ef532997c766cbce4e5c660ade622d,no,no,0.9933919310569763,1,1
learned_hands_consumer,finetune_encoder,0,0,458,f417273fdbac343a73e3321b40e14d3eafed51eea5cb6c8b788b4ea1eb0afd8f,no,no,0.9905431866645813,1,1
learned_hands_consumer,finetune_encoder,0,1,459,df68371ca953f13c782ca05591a597acc4b878650efb047c1d8da558f203219e,no,no,0.9932483434677124,1,1
learned_hands_consumer,finetune_encoder,0,0,460,5a1f2ce82b72f9c1266df09ac2c4d257aa3bee8f5b3972e0fc839db712595ca9,no,no,0.9978431463241577,1,1
learned_hands_consumer,finetune_encoder,0,1,461,0b54969a9e57430db4a328e94f100a2c17ce2ecd53896ee28aa064697a2b1d8d,no,no,0.9612579941749573,0,2
learned_hands_consumer,finetune_encoder,0,3,462,0bab903026b7c3c9333fbe20f96dcdd314852e6516b76ab0c53d206790eefac6,no,no,0.9997215867042542,1,1
learned_hands_consumer,finetune_encoder,0,4,463,41fa77f140f955deec510a2825da39c611b3256f06db66f38fab47e7b78d20da,no,no,0.9977195858955383,1,1
learned_hands_consumer,finetune_encoder,0,0,464,2425edeaa0bb4c18efdb8f3cf3549bd1e238423ef48243512eb592127b04ee0e,no,no,0.9132083058357239,0,2
learned_hands_consumer,finetune_encoder,0,4,465,987eae7153585e7a2a0d88ba16f6807b131129542c68eb9138781ebed69e8cc2,no,no,0.9581787586212158,0,2
learned_hands_consumer,finetune_encoder,0,3,466,b24b2625eafa8e1b32b1e246012edbc8db39764b08f08c67c920f3b3350fe9ea,no,no,0.9788834452629089,0,2
learned_hands_consumer,finetune_encoder,0,0,467,35b9bab2880db0b2d36d825afd233bf57bda9e5eef479a37b70a41a36c5a5879,no,no,0.9703754782676697,1,1
learned_hands_consumer,finetune_encoder,0,3,468,6f958da8adbf8531a95cda9abd9c5210f97bffa964d37b7cb0442bcb31d14c37,no,no,0.914408802986145,0,2
learned_hands_consumer,finetune_encoder,0,3,469,9e30b352d1c79225ed762c8ded34d155a8f1a9acb805c8f881ea24631aafaca6,no,no,0.9995656609535217,1,1
learned_hands_consumer,finetune_encoder,0,4,470,6b2d81f7309dbbad5fd9af0af6a0d5e5c76e6ba2b87feadee3468b273edf16ad,no,no,0.5586557984352112,0,2
learned_hands_consumer,finetune_encoder,0,1,471,eaaf0b7320c280140ad331ea0601675c5fd7ff6a885286c80d46ea113a3cab17,no,no,0.9525561928749084,0,2
learned_hands_consumer,finetune_encoder,0,2,472,4e19f210464ca73a7f7a58cd3218cec482dee93c4f53abed18732ac581733e3c,no,no,0.9811904430389404,0,2
learned_hands_consumer,finetune_encoder,0,3,473,4115fad9f9b83db5ecb78a9be61669ad1018516abc1227f075d62f7563f98f22,no,no,0.9993776679039001,1,1
learned_hands_consumer,finetune_encoder,0,3,474,f0cadb5492e0ec183a3a3ea7616ae472ae6eff8bbcd445c563fa7c23da261ca5,no,no,0.9932686686515808,1,1
learned_hands_consumer,finetune_encoder,0,3,475,531a57b154dbd769d4108e15531d27140a960b9c18d233351c7d62f188b8f6f1,no,no,0.9996883869171143,1,1
learned_hands_consumer,finetune_encoder,0,4,476,8fa4139dbe239bba25434909e55f2fa80c50269832bb68550d65299db5619836,no,no,0.9996954202651978,1,1
learned_hands_consumer,finetune_encoder,0,3,477,9aec94ea158756c81b27ab95c8b331de3d51619d6ed22d22437d837182c56810,no,yes,0.98436039686203,1,1
learned_hands_consumer,finetune_encoder,0,2,478,dc31283a842264461700a1d07d553bc3be03295a75df6770fa6c06015b16fc4d,no,no,0.9954630732536316,1,1
learned_hands_consumer,finetune_encoder,0,3,479,d8bcfed355b99213c89ac1a9ff427c6c4b1ed05f140ef324e243fdff43ed062e,no,no,0.9705595374107361,0,2
learned_hands_consumer,finetune_encoder,0,4,480,01de597cf467f8e74cdcd5967327e64399908a15ce5348852dd9dd952a970715,no,yes,0.9972113966941833,1,1
learned_hands_consumer,finetune_encoder,0,2,481,6d3f546cc7e65f909112f42a52f7c36c1144c6845909f5c0f68d093fbfcdd8fe,no,yes,0.9634541273117065,0,2
learned_hands_consumer,finetune_encoder,0,1,482,76ed3dfb2ec9e6a39f0bdd9bfc8057cdacba2af71015e9bdb02dc0313489169f,no,no,0.6808111667633057,0,2
learned_hands_consumer,finetune_encoder,0,3,483,931e120b8c3a8979cf4a37513bfbbf87c5b064b350a60733e2408dda7477646e,no,no,0.9939047694206238,1,1
learned_hands_consumer,finetune_encoder,0,0,484,cecaae8addd481078cd53a5a69e5d8da4b6a98a516613269f4137b01782983d7,no,no,0.9686625599861145,1,1
learned_hands_consumer,finetune_encoder,0,1,485,b07d2a4ff6a8dceaa18e35705a350c09b7e7f46cd67cf1e630b3cf325c46cc0f,no,no,0.6528668403625488,0,2
learned_hands_consumer,finetune_encoder,0,4,486,012a4657825e2d7e50ec63501a9322690acfd4226e288797e79c2df8d26962ba,no,no,0.900736927986145,0,2
learned_hands_consumer,finetune_encoder,0,0,487,20b699538b4fb5aba69b8c97153f171766a2c4674e8e33eac9eebb1206529fe5,no,no,0.9967677593231201,1,1
learned_hands_consumer,finetune_encoder,0,2,488,c837c365cb2af81ad03b9121ec3ef43ab40d330362b3b4a17acbdc6fe37d85d0,no,no,0.9999425411224365,1,1
learned_hands_consumer,finetune_encoder,0,1,489,ed3eae30ccd079f9f129d55e81fae1839ca02ea3e96d61c56b1ccf55fe84687e,no,no,0.7112222909927368,0,2
learned_hands_consumer,finetune_encoder,0,2,490,18d65e6e4ac267b954fab721a8d2cabcf4346e461537cf69de5e72f51a7c5a79,no,yes,0.8861116170883179,0,2
learned_hands_consumer,finetune_encoder,0,1,491,1de0c196d21d27621ca7c6e1b0386331881a85a41a05c700ff3c5d698d48eaae,no,no,0.8138612508773804,0,2
learned_hands_consumer,finetune_encoder,0,1,492,daaaa7023a2b99c5064d440cbb801b79c0f04aca364a814e84dc1c4dfc3865d0,no,no,0.7467933297157288,0,2
learned_hands_consumer,finetune_encoder,0,1,493,ba5d6e2c09e4d63bb1beb689879578b510654791dece0cda170619655fbe60bd,no,no,0.985000729560852,1,1
learned_hands_consumer,finetune_encoder,0,1,494,0769d7b7837170d8be575bfc0f6247cb8aa473af2eea89363f68c41a10d2c7e0,no,no,0.9401847124099731,0,2
learned_hands_consumer,finetune_encoder,0,1,495,cc8b2d0978320bbe51dc5e4b1de74ef4b9b277de2e23e12d234df5eb07e460e7,no,no,0.9959306120872498,1,1
learned_hands_consumer,finetune_encoder,0,4,496,e613741978772ff2af35a8e2703f6574aa51e0f59b958d0ac40bd784a691696c,no,no,0.9116084575653076,0,2
learned_hands_consumer,finetune_encoder,0,4,497,30fc1431cc1bd1aa3cf2160a194f94ab74b259ec3b1a245d9a44d4c7cd36702f,no,no,0.9994088411331177,1,1
learned_hands_consumer,finetune_encoder,0,1,498,3e84f9a77980c8201610e1fcd383fac5825e27ba6d5747b53d07a15d820d1826,no,no,0.7977548837661743,0,2
learned_hands_consumer,finetune_encoder,0,3,499,45f440261959716e956eeb1411ef4686bed9e9775d8fda7f31816a338fa7aa25,no,no,0.9831493496894836,1,1
learned_hands_consumer,finetune_encoder,0,2,500,3369d09eaa0b33274bebd84d0cf53afc9ebc6dd6dbc8f7ea6cdc98d71324c90b,no,no,0.6919432282447815,0,2
learned_hands_consumer,finetune_encoder,0,0,501,310cdecdcb36d755a158b4b234f965e433bc5d653ce95ec34814c492542b6e9d,no,no,0.9975008368492126,1,1
learned_hands_consumer,finetune_encoder,0,0,502,3f4cf00bdfec2adfe98cd9ed014b1bda2da6b65d534ee0ae60f5a1f4cc7d8bed,no,no,0.9995896220207214,1,1
learned_hands_consumer,finetune_encoder,0,3,503,bb5add493ea70afa2c752943a32010d534375afbf274f76364f5fd08c8551486,no,yes,0.9877150058746338,1,1
learned_hands_consumer,finetune_encoder,0,1,504,04a671661b4a945504156fd0073b7bf79e85f7d32382c0d0180634ee46e850af,no,no,0.9996457099914551,1,1
learned_hands_consumer,finetune_encoder,0,0,505,fd1fe8184fbcfa582a0b2176a6b8d3a33eb68e84c3e941c4565a70212f082b27,no,no,0.5455920100212097,0,2
learned_hands_consumer,finetune_encoder,0,2,506,231ee3f5f275519cba825473068fc96cf01d3913b5d14fb747b2bda5abc8ab6f,no,no,0.9921841025352478,1,1
learned_hands_consumer,finetune_encoder,0,0,507,6739991faf5aa8fa1e6c64dd6d08390a1287fc09742cac2994b33432d5338df2,no,no,0.6118559241294861,0,2
learned_hands_consumer,finetune_encoder,0,0,508,37ec98dd44986f754e0baa73863d4c9210b359d2ba344ae645cbc8abb39da92f,no,no,0.9956313371658325,1,1
learned_hands_consumer,finetune_encoder,0,4,509,b49a2505659c683cb11a3df13847ac8045a46adfd8192d2c76391a8803a1f4c8,no,no,0.9993071556091309,1,1
learned_hands_consumer,finetune_encoder,0,1,510,a8217fa585bcf051c42ce021792455104c0b30538cee9d1851b1d4287e25e0f1,no,no,0.9756842255592346,1,1
learned_hands_consumer,finetune_encoder,0,1,511,e9985a996c1b2327f2216eff3e962fc84a378f193e0d95ba12e5529bf99d15a9,no,no,0.9977344274520874,1,1
learned_hands_consumer,finetune_encoder,0,0,512,df1f494b116ab1943fdfa5b41fa750c836fe604c800651280911f0dc4580a3f8,no,no,0.999657392501831,1,1
learned_hands_consumer,finetune_encoder,0,2,513,be04d6d56aebd1e9f64044842226e835ae6154a25190109a1e2e0693bee8e9c3,no,no,0.6386349201202393,0,2
learned_hands_consumer,finetune_encoder,0,2,514,da3a06f0dd47af3a2b4ad51ae4de160a3f203e163224d6995c3218e0611096d0,no,no,0.9989995360374451,1,1
learned_hands_consumer,finetune_encoder,0,0,515,5c56a2375937744f352e8a6ee8be863d82c01648dadf59d6e0540e4d4cd3aa63,no,no,0.9969576597213745,1,1
learned_hands_consumer,finetune_encoder,0,0,516,77ff7a6cc1e79bc95cfd0df1cf2351b19e130cc482374a04d5967c1a85d54773,no,no,0.9997237324714661,1,1
learned_hands_consumer,finetune_encoder,0,1,517,4a00c73ae7c6524fa4c17e987d72c3f6fa272236cacd79ed166db4d45eebb2aa,no,no,0.9976861476898193,1,1
learned_hands_consumer,finetune_encoder,0,2,518,57d7010f1071da7d8e1852e639021c19ce4b58849818194549f19da7d793ed5c,no,yes,0.8938301205635071,0,2
learned_hands_consumer,finetune_encoder,0,0,519,b0346537dd7db9e6927d457dddb797ca2160ccc494e76289b9cefcedf036ceb3,no,no,0.8642695546150208,0,2
learned_hands_consumer,finetune_encoder,0,2,520,c2be9f06745a8c52db0133bd1fd943903f7fbaa625b0d3d34c2fce9d0ae875e0,no,no,0.9999731779098511,1,1
learned_hands_consumer,finetune_encoder,0,4,521,75d05aaa2c22410aa8b7fffcafce5468bcd99117194cefbea4e1ac86f5f351f4,no,no,0.991330623626709,0,2
learned_hands_consumer,finetune_encoder,0,3,522,db05d6507e5e3fa1d10142d3d8a1447182ad4bbba3e4a8370275f7fa482603f1,no,yes,0.9831027984619141,1,1
learned_hands_consumer,finetune_encoder,0,1,523,0cd164612e455d558e41fa9eeac7cdf9afda934ca9be5ff6ca58723a0d4f1a00,no,no,0.755471408367157,0,2
learned_hands_consumer,finetune_encoder,0,1,524,64748ff82f5a0b3935c4b036e55eaa3dedc4952ea2df451bb4489eeb560981ca,no,no,0.9917013049125671,1,1
learned_hands_consumer,finetune_encoder,0,3,525,b84cafbdf8906d4952f89b6677c260f193b288cde9bd9a044da00429a5c1788c,no,no,0.984119176864624,1,1
learned_hands_consumer,finetune_encoder,0,1,526,c2c2b5dbf3e12a911a20a8938927cbc7333ac84a79c8659cefb4366be01ff7c4,no,no,0.885806679725647,0,2
learned_hands_consumer,finetune_encoder,0,4,527,60c6f915b166a49f3d467e29663aefd916fdb4febc3aed6e9f86dc861d89cdb0,no,no,0.9876289367675781,0,2
learned_hands_consumer,finetune_encoder,0,0,528,5b8d9992b62967320c49f0330151d6b9b87e86c8b4abbfb6622903ab97a5142b,no,no,0.9836236238479614,1,1
learned_hands_consumer,finetune_encoder,0,2,529,57d3ccebff848e81befa244f69489b9a171ab42168f6bbc6325439c85b7b0df5,no,no,0.9984501600265503,1,1
learned_hands_consumer,finetune_encoder,0,1,530,dcc018d1aaf56509688079bc8783b9b23e0de1b677409b02d41284d2fca9040c,no,yes,0.9959753155708313,1,1
learned_hands_consumer,finetune_encoder,0,1,531,4d5492ff6e79ebaf69bd06ebbeabe63809050a927815a156c8a8972229eba0ba,no,no,0.9903604984283447,1,1
learned_hands_consumer,finetune_encoder,0,4,532,ca3ecf1c1ef162d48d1f7e17896f1037dde115892608733e846ec86140631f89,no,no,0.9846745729446411,0,2
learned_hands_consumer,finetune_encoder,0,1,533,0305a9b842d8022160096d7a46730fab12122cf58393b7bcfe6ad6852162bdcb,no,no,0.9927964806556702,1,1
learned_hands_consumer,finetune_encoder,0,4,534,3d57a7bd684e91a426d743d44a7a8feae1ccc11b7320dc7c64cdfff7f5651caf,no,no,0.9910457730293274,0,2
learned_hands_consumer,finetune_encoder,0,2,535,f5d5f15ce9ba190a7120001abc42f1cf21e20e7f2a019fd07a91090882dbd6f6,no,no,0.9995782971382141,1,1
learned_hands_consumer,finetune_encoder,0,1,536,903fd0d792e220feea54ad37c84686d6e6b8e59535fa16d13bc36658f1fc28c8,no,yes,0.9955617189407349,1,1
learned_hands_consumer,finetune_encoder,0,2,537,9d9b4526cbe24d2a6f2890adb86aace884014a95851e78352d3f4ff1cdcc50dc,no,no,0.8565789461135864,0,2
learned_hands_consumer,finetune_encoder,0,0,538,30a2b5df9ae4ed2e010f7c2d068372ace7e2577350940484bb48430ae9ea7278,no,no,0.9875819683074951,1,1
learned_hands_consumer,finetune_encoder,0,3,539,14dd48f8f89acc71cb973a464b51478fbbeeac5361ae069ccdf18c010692573b,no,no,0.9399843215942383,0,2
learned_hands_consumer,finetune_encoder,0,0,540,60cec153bbc5f214e7135f4d89ed8528e27743234f4739a1eb92e34f1ff44d86,no,no,0.9211892485618591,0,2
learned_hands_consumer,finetune_encoder,0,2,541,5588471057013e09e22216f158d5fbdc584f612606d94687c13be4b2e55f5896,no,no,0.9776886701583862,0,2
learned_hands_consumer,finetune_encoder,0,0,542,dc192552b483d0ac3a6d1651b8e21b40837a9426816d9e3f64498e131d76e734,no,no,0.8215762972831726,0,2
learned_hands_consumer,finetune_encoder,0,3,543,f1f6e92601fdf06f7ca1a57e7556c20884dc45c096f396b9e825f5e32c0f7a59,no,no,0.5687610507011414,0,2
learned_hands_consumer,finetune_encoder,0,4,544,3c76189ba90d25579e258776ba63c3c30d8b7d53a978703cf331ee251b4e5890,no,no,0.7938284873962402,0,2
learned_hands_consumer,finetune_encoder,0,3,545,43a6bc4480553f9b0a214f75f6d48c8e8ce7abc4b7be882e01a9e9df8108a1b0,no,no,0.9966201782226562,1,1
learned_hands_consumer,finetune_encoder,0,3,546,3da37e63dffad75b2ee9a58d491a68e212af0b7d71ac858045a8657165bfadd2,no,yes,0.9968100190162659,1,1
learned_hands_consumer,finetune_encoder,0,4,547,58137e64ac41ed8e7e81d207383d87b5226b5658728837915a21ffd225d0754b,no,yes,0.9978806972503662,1,1
learned_hands_consumer,finetune_encoder,0,0,548,c9760c7df4fc3eb826bfb31e080137911ab35ae7f2295614373536be38ff7a63,no,no,0.9825899004936218,1,1
learned_hands_consumer,finetune_encoder,0,4,549,f68d2b36b0aa1fe05ff7cfefd1bef8b411b59bfd2547573231a9358ce4a847af,no,yes,0.9993294477462769,1,1
learned_hands_consumer,finetune_encoder,0,1,550,9d038dd0243eecf6b7473c2626d4e82af31cbb7798372022403db2c53aac85c4,no,no,0.9807234406471252,1,1
learned_hands_consumer,finetune_encoder,0,4,551,1f966f4c818ddbda27cb669513c943ee46d73d5252c0de4770bae3e0b1407c6b,no,no,0.9900280833244324,0,2
learned_hands_consumer,finetune_encoder,0,3,552,47f5ff1d7bfe7621611a502c23a7ceff9d308e2a1dabd5f29755fb341ed42da2,no,yes,0.9830567240715027,1,1
learned_hands_consumer,finetune_encoder,0,0,553,d4edcad2012a13062a63322c80d9dda6748d539f3ccc68a8ca8515cbf779e532,no,no,0.9996329545974731,1,1
learned_hands_consumer,finetune_encoder,0,0,554,ba2d5b4602e83fd349fad98b24b38a99bfe1443da99a67d27ba98c8d58a7b182,no,no,0.9822933077812195,1,1
learned_hands_consumer,finetune_encoder,0,0,555,a6dd6a0f17139acfd501f939d766455a6f082f486b04d50843f5897c950f5a6b,no,no,0.5689100623130798,0,2
learned_hands_consumer,finetune_encoder,0,0,556,a1ec095ee15753680fa1dcc2cbce2e048c960c54a4c671af2b889ff01c2a78b1,no,no,0.9259504079818726,0,2
learned_hands_consumer,finetune_encoder,0,4,557,f50ac2f7ee90df358f730bee0cc541912730af6dc27f334b51ce011788751780,no,yes,0.6006477475166321,0,2
learned_hands_consumer,finetune_encoder,0,2,558,6dbf7b018c755e5418a5bb8020c0e3e0b3b6c2802141270907880a6f7cf37e03,no,no,0.999923825263977,1,1
learned_hands_consumer,finetune_encoder,0,1,559,8028cfbd1a2e6305634a58811aaf0ab86462c0aba3c14fb71b4e2d5c466e76ed,no,no,0.9998471736907959,1,1
learned_hands_consumer,finetune_encoder,0,1,560,9a51675376b7b3914122130018ee7839fc678cd936b6b9ab2de64d3095595d93,no,no,0.9941484928131104,1,1
learned_hands_consumer,finetune_encoder,0,2,561,46db7874bb17bd0bfc4da9f20d511677c89d9d72e7616f5d2fea321d16a4d2c8,no,yes,0.9423748254776001,0,2
learned_hands_consumer,finetune_encoder,0,4,562,703e4efa32ffec639b9f5832aba111107a1d6a46aa78b9f0bcbf55786e115a58,no,no,0.9996838569641113,1,1
learned_hands_consumer,finetune_encoder,0,4,563,7deec0af5174e4beb0d092237b7a51ba2fdd2750e9d0d6b70fc7c0a7dd3274b5,no,no,0.9994761347770691,1,1
learned_hands_consumer,finetune_encoder,0,1,564,9f89ce31649f5aadaf8602b1ec128212bc82f53bdd4b070be2656d39389bfd3a,no,no,0.7161575555801392,0,2
learned_hands_consumer,finetune_encoder,0,3,565,52c676261b9c0ec1700eb1af704f89bafe5d3cc2fcde6e3e53ec8d62cdd6d2a4,no,no,0.9745622873306274,0,2
learned_hands_consumer,finetune_encoder,0,2,566,46c570bb238fa00c335738e90e9894fd264ea59da9a43983805ace67cda3babd,no,no,0.9950631260871887,1,1
learned_hands_consumer,finetune_encoder,0,1,567,0cce10f57330f13a1fa4583d7fcbaea0ea54631244d26f8a6d66cacba2bc5e86,no,yes,0.9503505229949951,0,2
learned_hands_consumer,finetune_encoder,0,1,568,23d530283c7fa6d23eb17ed2448ff4204346f82e1ff6bba839e171c25a835f45,no,no,0.9882160425186157,1,1
learned_hands_consumer,finetune_encoder,0,2,569,1c260489f250e26aa71f0f67af2d93564ae951b62570cc33391ef77909e9ff99,no,no,0.9954620003700256,1,1
learned_hands_consumer,finetune_encoder,0,4,570,a069da037392da85deec01ab7ac053f17bb4d2f8fef4cefb41ffe8b522d078f9,no,no,0.9999394416809082,1,1
learned_hands_consumer,finetune_encoder,0,4,571,524bb5bf6132a668b140a529e1e06fd9231839d3f515499d615f2e3cbc7aed03,no,no,0.998112678527832,1,1
learned_hands_consumer,finetune_encoder,0,1,572,698a24f5972ce2399e34b386818b23e9f4e394b92851cbbbd6edb8b88c1afd5b,no,yes,0.990912914276123,1,1
learned_hands_consumer,finetune_encoder,0,2,573,49f564d4ddfce6dfcee859f3e9357c9ab50ff9c0235c7f8261f86942a80bdb88,no,no,0.9999934434890747,1,1
learned_hands_consumer,finetune_encoder,0,3,574,3ac0c82ca7beef115b86522a5f5f46bd39ba3538af171995361348eafd9b9e20,no,yes,0.8197467923164368,0,2
learned_hands_consumer,finetune_encoder,0,3,575,867d8d7d603b8ba49fd2224d4e9a4e31af79cb37a9eadbd99a914e0587a6e215,no,no,0.9871565699577332,1,1
learned_hands_consumer,finetune_encoder,0,2,576,85d2a625103432a6e270c523b2b82873753c1aadea3a856047d52d54f77d7fec,no,no,0.990412175655365,1,1
learned_hands_consumer,finetune_encoder,0,4,577,710dc3cc876b848944aa42d1a09e59b9090754a8d9bd4a8ec6a95c1d915c9b4a,no,yes,0.8427540063858032,0,2
learned_hands_consumer,finetune_encoder,0,2,578,085d8a8bf0abb16a3a525ab8ae49de081115d9b133ea5c0286dcc920fa1332ce,no,no,0.9360709190368652,0,2
learned_hands_consumer,finetune_encoder,0,2,579,b22ac3b6da6efba6a1c054601441ac802d6282b2f6c93b97b3f41378a9f9df7c,no,no,0.999873161315918,1,1
learned_hands_consumer,finetune_encoder,0,4,580,a0a8970a8f7abab6606c6c0dc4e4ed89f48960d36710902cbf788bcae8d59835,no,no,0.999913215637207,1,1
learned_hands_consumer,finetune_encoder,0,0,581,c830685ae56b6f1b2910c6ab5de01bdcf3e93705d4ae3850481e9ae6a7ec59c8,no,no,0.9990279674530029,1,1
learned_hands_consumer,finetune_encoder,0,4,582,a2b8614a6474da04bbec6a1b3421b6c93d315cc44e8958073d1b9652801f4710,no,no,0.9997830986976624,1,1
learned_hands_consumer,finetune_encoder,0,2,583,2fd3a1b7a973326e591034aa7863f5b09e42e05bb1e3f9d6cc311428d449d4f4,no,no,0.9926636219024658,1,1
learned_hands_consumer,finetune_encoder,0,3,584,f221ac70290bacf70893417c277b4fb7396aa9262713ef18f437e8c1e5da3bcf,no,no,0.9818768501281738,1,1
learned_hands_consumer,finetune_encoder,0,4,585,a1f95e95ed3bf1df04e2d7306db27c5cd135ef9ea77def78c12cf2c81619e8c3,no,no,0.9912009239196777,0,2
learned_hands_consumer,finetune_encoder,0,4,586,2ce709e73ee4451d404c5cdc00ea37833fee0b356b8f16d76ff2479b2cbd353b,no,yes,0.9897702932357788,0,2
learned_hands_consumer,finetune_encoder,0,2,587,618c4d63aaf62f407f26f35d636080cc1e0a032d82f4d1e04c0fb1cf65048718,no,yes,0.7712507843971252,0,2
learned_hands_consumer,finetune_encoder,0,1,588,4f6bc5578f8ddb17d988262058901424533577bd28369751a61118a761761e91,no,no,0.9996647834777832,1,1
learned_hands_consumer,finetune_encoder,0,3,589,a9192bcdf65d01e592abf6f0b177a9853ed1c4a2b0ee8742dab11341eaee29d1,no,no,0.896410346031189,0,2
learned_hands_consumer,finetune_encoder,0,3,590,067cce98506849a73d82e859c38940708382620ea642806d23cbb8de5187231e,no,no,0.9762793183326721,0,2
learned_hands_consumer,finetune_encoder,0,0,591,b576cd2ec8f9c40c2bb0abe987f064c2f9f1c25f94d4565ddd83377473d48859,no,no,0.9938827753067017,1,1
learned_hands_consumer,finetune_encoder,0,4,592,5913bc49040be5c85504a852ac0a112f8e7e340d2c39fb67d7067ee3450e5e13,no,no,0.9181972742080688,0,2
learned_hands_consumer,finetune_encoder,0,4,593,a25e7edfa72a41526ddc2db76023d27c2db12a24984d2e5a716da973b523f27e,no,no,0.99861741065979,1,1
learned_hands_consumer,finetune_encoder,0,3,594,d10b6556e2004b51129b987f5c4531830e2b0822cf2d7017e10a5414707669d9,no,no,0.9901157021522522,1,1
learned_hands_consumer,finetune_encoder,0,4,595,d6d5572c752218b14019ec07e189728c9b3ddb8d34c3d70488fe782cc31aa988,no,no,0.9999443292617798,1,1
learned_hands_consumer,finetune_encoder,0,0,596,07573b273be6697368d57299de8abf31240b9402c15219c81c2ee8f9a7f2aa62,no,no,0.990410566329956,1,1
learned_hands_consumer,finetune_encoder,0,1,597,6dc6cf31b2c1894f7bcfb26a493a4e5756971e007f5e7be26036cf50c17d7eb4,no,no,0.9830428957939148,1,1
learned_hands_consumer,finetune_encoder,0,1,598,7aa6dcf85749745744d1eb12d07f65d4b80960c401365645658ffdacc98c266a,no,no,0.8472073078155518,0,2
learned_hands_consumer,finetune_encoder,0,2,599,5d91de0107b67446aed45672dcfdef4f58baf8f1c037cbe894d9bb1e9578101b,no,no,0.7821459174156189,0,2
learned_hands_consumer,finetune_encoder,0,2,600,684294f8c7abfb0278d36770f016d23248fd859f28c36cd2400da167f3b2b1ee,no,no,0.9999054670333862,1,1
learned_hands_consumer,finetune_encoder,0,3,601,241cef5b8e4490252fa54625f6d6db8138d2f2b6887914926c4714fe63225592,no,no,0.9721306562423706,0,2
learned_hands_consumer,finetune_encoder,0,0,602,264bdc1770e2864da6160b2fb689ad40913ffdda9bc24da7cd4f73e375da64a9,no,no,0.9968218803405762,1,1
learned_hands_consumer,finetune_encoder,0,0,603,8b25bda48a03414701e65d70dfe129b08d8a1fffbfd6d253c4f8eab80b8e7ef4,no,no,0.9448552131652832,1,1
learned_hands_consumer,finetune_encoder,0,1,604,a98c95b8dc90508ce61bca07aac73b3000d782c3e8bdb2d8094fa8851213e843,no,yes,0.7251854538917542,0,2
learned_hands_consumer,finetune_encoder,0,1,605,2e2dab0aa3f72da243e332c4316fe221543965532bf45ff04017e1820a01ffa5,no,no,0.9985858201980591,1,1
learned_hands_consumer,finetune_encoder,0,4,606,f898c42315c66b3c1b4818313a33706910ac2498fef748ca5f12df32ed4ea670,no,no,0.9969108700752258,1,1
learned_hands_consumer,finetune_encoder,0,3,607,edf5ecdbda4cb86f3f4fd1969bf42ba5a7eededc822406ff5bcdbad487d0ebc0,no,yes,0.9993826150894165,1,1
learned_hands_consumer,finetune_encoder,0,3,608,41d5caaade46df5dd642cfcc5a1c383a53ea033ab68bf9753d941c8fa472857d,no,no,0.9251014590263367,0,2
learned_hands_consumer,finetune_encoder,0,1,609,20cf2204cfad79c36173c2020ce3d9d1d7bfe049a4659016961fb1f7d34524d8,no,no,0.8262478709220886,0,2
learned_hands_consumer,finetune_encoder,0,1,610,0970bb84fe7a7ae10755b3ff8e069375c894baa731baadab88c5b85d95df1cc1,no,no,0.9961920976638794,1,1
learned_hands_consumer,finetune_encoder,0,1,611,53722369d56a509c380ff23472de54953b911d83728e74087c7864d9bf6c5d11,no,no,0.9295570254325867,0,2
learned_hands_consumer,finetune_encoder,0,0,612,dc4a5fdc229e8eb8b4651e9829068c4a686c371d36c72e2ff9486195b6f27065,no,no,0.818729817867279,0,2
learned_hands_consumer,finetune_encoder,0,3,613,1b06f4f278599f2a5f0149ed64529530669a8a3934e0d4e09cf02e4eb40c20b2,no,no,0.9922915101051331,1,1
learned_hands_consumer,finetune_encoder,1,1,0,a379a87ff3cdf868abd2168b8f7f1448c858c1c0293a0324128a1f9795c2495c,yes,yes,0.999956488609314,1,1
learned_hands_consumer,finetune_encoder,1,2,1,191f0937cb2c89fc2ee6de2cf962022796a21348bccce723e58dff5138f4aa85,yes,yes,0.9999954700469971,1,1
learned_hands_consumer,finetune_encoder,1,3,2,23e415128308be018936edfbe782216c59135a5373afcc67391ab30b99e4fab4,yes,yes,0.930610716342926,0,2
learned_hands_consumer,finetune_encoder,1,1,3,d020ae25740133b72d326d57b58504372281f70e6def4d5a95655465a0e91468,yes,yes,0.9998412132263184,1,1
learned_hands_consumer,finetune_encoder,1,1,4,7505269b5e689b850bf04d86c3aee556710bf7ed7473e80bb32cbf4ef909b78b,yes,yes,0.9996416568756104,1,1
learned_hands_consumer,finetune_encoder,1,4,5,ebbf5dce638a03352aa5ce9e76ea526855fc19fe426785e9d74da0b972447b56,yes,yes,0.9966291785240173,1,1
learned_hands_consumer,finetune_encoder,1,4,6,3682fd0cb52ef152a5e499e4441ac3d86a735973de9e3062a809fc58d80f083a,yes,yes,0.9998025298118591,1,1
learned_hands_consumer,finetune_encoder,1,0,7,a1352482ea4516a24b594ccbf2ed311516cde0785a8edf4e41b8b20657074dd8,yes,yes,0.9990859031677246,1,1
learned_hands_consumer,finetune_encoder,1,4,8,5655b74e200dc643bf62729b26c6760f786b1d110abd671cd8122c5d567f2846,yes,no,0.9868952035903931,0,2
learned_hands_consumer,finetune_encoder,1,3,9,30f3878dfeeec4bffed1d8ed0fd2feaa3165fc8790712d0e6c993ba632a91571,yes,yes,0.948484480381012,0,2
learned_hands_consumer,finetune_encoder,1,0,10,ff770b8fb5998da87b58b103e84a37ec674949fd2d8708f87b7aa392185f98be,yes,yes,0.9999040365219116,1,1
learned_hands_consumer,finetune_encoder,1,0,11,025030168186d6dca4ceeb0def0c282fcd27d1c293abe1a0d6f41c0ae9ae34dc,yes,yes,0.9999947547912598,1,1
learned_hands_consumer,finetune_encoder,1,0,12,241960fe59164730ab7f2221e78ff75ddf5d07ef6b0c664c078d091bc787b69c,yes,yes,0.9989070892333984,1,1
learned_hands_consumer,finetune_encoder,1,0,13,ce32ef1dbe79dfac3d0eec018d4e7404296ad6ab06b519aef7132243fecc9c2e,yes,yes,0.9963633418083191,1,1
learned_hands_consumer,finetune_encoder,1,2,14,3a9f35dbcf5d11d5980a668dd0ac8a317654d4e4f8ee28518fa931a589f5ed3d,yes,yes,0.999658465385437,1,1
learned_hands_consumer,finetune_encoder,1,0,15,62ffb1bca214412111ca15a5cb79aed8c39b77ae8e4a9734a85ca66376cdf151,yes,yes,0.9633874893188477,0,2
learned_hands_consumer,finetune_encoder,1,2,16,74157c44430c0b4b913dbef04b5bcc2e60d6786f1fce50cbd1fb74740cbfcbea,yes,yes,0.9901665449142456,1,1
learned_hands_consumer,finetune_encoder,1,1,17,2dcefce119cd3d52ce0b2dd55dba49a2d705592c989511a60ca5ff2fa62bd783,yes,yes,0.9996788501739502,1,1
learned_hands_consumer,finetune_encoder,1,4,18,e4b36f1dffe74a33bc589ff139dca6b75d8c5d7bd1414fcbe7ff483736a80e24,yes,yes,0.9807087182998657,0,2
learned_hands_consumer,finetune_encoder,1,2,19,eaecc316a32deb54a2e35ad55d5930bded5cb828eee671ec1a4d6c298e93f0ea,yes,no,0.8745513558387756,0,2
learned_hands_consumer,finetune_encoder,1,0,20,ed6f10e3e2d4af3a7f61f4ac8ca3c539ade9d2b7250defd67063ea3a59ec18c9,yes,yes,0.9999788999557495,1,1
learned_hands_consumer,finetune_encoder,1,4,21,8770b696e9d75ce623853da32ab9c2fc409af163cb781c02986c01c726cb8581,yes,yes,0.9444741606712341,0,2
learned_hands_consumer,finetune_encoder,1,1,22,5f6fe96a0c85f05ef1bd1209d12d8a5da80ec0b8df76281b71b291bb0bfe1477,yes,no,0.8665719628334045,0,2
learned_hands_consumer,finetune_encoder,1,2,23,db86e2ed5ca09bd43e5c1153206c84ac6670851f84c6f0c29b6ccd1eb0deb1e7,yes,yes,0.9881267547607422,1,1
learned_hands_consumer,finetune_encoder,1,0,24,f544e710a36c5f8952ea27c89f4b8d456410ad33abcdeff8bb5ab956f30c76bc,yes,yes,0.9999666213989258,1,1
learned_hands_consumer,finetune_encoder,1,1,25,ffe0635de5f1a7973b85a3b70ea8e03cb5b1567c2d2995c39b15468f910920d7,yes,yes,0.9998509883880615,1,1
learned_hands_consumer,finetune_encoder,1,1,26,1c5d518541a4c3c72210f1d1640f265a1ed467b09e8fd9920e0ced3c2a2e237f,yes,yes,0.9999910593032837,1,1
learned_hands_consumer,finetune_encoder,1,3,27,847d90720ffa65caeed18bca722c31a7e6ad6690535571373c7cf5484024b4f1,yes,no,0.9179472923278809,0,2
learned_hands_consumer,finetune_encoder,1,3,28,826850ee19189639a241888830f2095a605677489c15835a9633e2a0b1ac6a64,yes,no,0.9355067014694214,0,2
learned_hands_consumer,finetune_encoder,1,3,29,8bf45813b8f64152745c4302a8fe3d28ad3a521ce8400337d150f52d7679c073,yes,yes,0.7034847140312195,0,2
learned_hands_consumer,finetune_encoder,1,2,30,eab22a84a1d27762ebd956ab7c150792e31d45b69c081b1042ce94bb9f5db787,yes,yes,0.9988908171653748,1,1
learned_hands_consumer,finetune_encoder,1,3,31,0d9289d67324c71b1a8459504ea7ea7d8593bc88c6baad910d98ae12b894b961,yes,yes,0.9977359771728516,1,1
learned_hands_consumer,finetune_encoder,1,2,32,28de51fe26d760b562f7dd240c576dd29c1dcd24a3821f27045c03e1695ce0c4,yes,yes,0.9949389696121216,1,1
learned_hands_consumer,finetune_encoder,1,3,33,6ce4033081e30de899b1011a4c082e82532b4c8f2afae23aed1a9b31dfb4eadb,yes,yes,0.9899564981460571,1,1
learned_hands_consumer,finetune_encoder,1,1,34,fe949d0e8bb0a6f67a12ee28fec1d49ebc38d613057ddbd9e9742ce374e5a92a,yes,yes,0.7007744908332825,0,2
learned_hands_consumer,finetune_encoder,1,3,35,c207ce030682bc8ba0e7590a8ef0dd99c16b1b16665aebc82ab525877c2593a3,yes,no,0.916391134262085,0,2
learned_hands_consumer,finetune_encoder,1,3,36,8ee486f22362d8e55009981db61b71a034a94793fc615ef6c369c92e25d8621a,yes,yes,0.9812063574790955,0,2
learned_hands_consumer,finetune_encoder,1,4,37,bf327cac5ea3a5c8ae4b1fa4c6aa053fb3e0494255dfad320226fae0a94b91af,yes,yes,0.992660403251648,1,1
learned_hands_consumer,finetune_encoder,1,1,38,d5599f345f2efcc9997c702cf325c78c55c774947409f903377c2d84a3c8bc07,yes,yes,0.9991908669471741,1,1
learned_hands_consumer,finetune_encoder,1,2,39,574fc09c7649af91d62597783fce341ddacfa64d9567f02c1c1d30d6a45410d3,yes,yes,0.9183040261268616,1,1
learned_hands_consumer,finetune_encoder,1,0,40,46fe2b35c88c955d03ff315dfce3bb7c880b33d4409029f9ff6042df0194686a,yes,yes,0.9898974895477295,1,1
learned_hands_consumer,finetune_encoder,1,1,41,f5d2007ecaaceed6f700b3e50cfa67215480af67ec2a87afea71cf1279ebec05,yes,yes,0.999268114566803,1,1
learned_hands_consumer,finetune_encoder,1,0,42,01f1c668540d25f929d2e86cf0c94ebff90e0049c2f9c72bd85b0e900e0d7495,yes,no,0.9620708227157593,0,2
learned_hands_consumer,finetune_encoder,1,2,43,1d86013431ea866bb8f9c95e610c8a4080348f326588f325da4a18706ada5429,yes,yes,0.9999604225158691,1,1
learned_hands_consumer,finetune_encoder,1,0,44,bb18ab83285db7bc8dcf60f8a3ce1cdf2bd7debb099b953f662ddb9f8b38c2a7,yes,yes,0.9999514818191528,1,1
learned_hands_consumer,finetune_encoder,1,3,45,16a3215ae403198891fd8dc9a2a417f75f8728d8e7141fcfef231668fdb5ab3d,yes,yes,0.992540180683136,1,1
learned_hands_consumer,finetune_encoder,1,4,46,4439bed3fc41d7b9c8ab09ef918fda1428dd5d823121216ce107959cb0dd4294,yes,yes,0.9916700124740601,1,1
learned_hands_consumer,finetune_encoder,1,4,47,0b3c04d83b29cbb3a2e22807f4dae94c87c8f2b395036f54911c5754a4c47017,yes,yes,0.9973421692848206,1,1
learned_hands_consumer,finetune_encoder,1,4,48,22a293b5746bac59ac00ea57d239b6ac359d9156a1ec0715abd762c84fede43d,yes,yes,0.9988473653793335,1,1
learned_hands_consumer,finetune_encoder,1,2,49,c4c2bad785e53ccb9b321d2c63b8faff89f92b5a2cdcf0736b057e7e8e719879,yes,yes,0.8611781597137451,0,2
learned_hands_consumer,finetune_encoder,1,2,50,014d339ae8d5fa4f98805d09f90eeeceed4b7762a40914f0ab3d4313182186bc,yes,yes,0.9998612403869629,1,1
learned_hands_consumer,finetune_encoder,1,1,51,e7c14e7458d8da99796ba9c88de59853c6a65ab37d90d24358671b503b06100a,yes,yes,0.5654856562614441,0,2
learned_hands_consumer,finetune_encoder,1,0,52,fc726439af49d4188b72ee0e9adc0c39a6dd739d7612fcaa8485f57a5706e876,yes,no,0.5928268432617188,0,2
learned_hands_consumer,finetune_encoder,1,1,53,eec25d963cdf3c5408e24c25c1ec3ce4c8b7063821931ad7747c587b4dd8f3ed,yes,yes,0.715023934841156,0,2
learned_hands_consumer,finetune_encoder,1,2,54,dcae1fbe99948ce3f328592769d0490ed52f89cb9a04fb61ed7eb8f822e0ef89,yes,yes,0.9971144199371338,1,1
learned_hands_consumer,finetune_encoder,1,2,55,ec7dbe0d74d55de6c88312082e78da6a9a98966b97acf9fa7c9d9202b2fcbe6d,yes,yes,0.9991722106933594,1,1
learned_hands_consumer,finetune_encoder,1,2,56,d8912fee3a18d2f57b6bb3a91a58414523442ec0294398e0adbd9fa8b241b33b,yes,yes,0.9992511868476868,1,1
learned_hands_consumer,finetune_encoder,1,0,57,f87c51747534d2868b590819e8df1acd5dbdbe3015ba30f49aa700ccfaff8b97,yes,yes,0.9969332218170166,1,1
learned_hands_consumer,finetune_encoder,1,2,58,aaf2efb2b98403731588f69a234f9628c7cf0a6e41dc5e4d493bf3cc98491abd,yes,no,0.9564061760902405,1,1
learned_hands_consumer,finetune_encoder,1,4,59,8401deb1d2cdca16e4beb605dc74617b796161236d4fabf6b119671c60390e46,yes,yes,0.9994768500328064,1,1
learned_hands_consumer,finetune_encoder,1,4,60,0141cccd8167fda3a53db3bc8a9c9de38ab73039aee125ca5d456f83efb3f060,yes,yes,0.99958735704422,1,1
learned_hands_consumer,finetune_encoder,1,1,61,9539303909111ff48458f893819b6c4d82471c51d35262c48791eb4281d5a6fc,yes,yes,0.9549267888069153,1,1
learned_hands_consumer,finetune_encoder,1,4,62,0d9042d456d2e30348acf77b2105fef878d17d0c8ce75d13775d81f13023733b,yes,yes,0.9999309778213501,1,1
learned_hands_consumer,finetune_encoder,1,1,63,d351e0b84bda59ef89f0bf473a631f614d498349dffaab3bb47d4611faad2257,yes,no,0.6250669956207275,0,2
learned_hands_consumer,finetune_encoder,1,0,64,087225dc844ed506b918ed1ed8cb4919b62e15999a35bc72ef5f3e438535329d,yes,yes,0.5185548663139343,0,2
learned_hands_consumer,finetune_encoder,1,3,65,8cc2e66174e528599835446e6f69bf213ec59da343e4da74a215a2d7e47df358,yes,yes,0.8797574639320374,0,2
learned_hands_consumer,finetune_encoder,1,3,66,10c9dca4735480772f9fa371b9c9695f8d7449b8c64df6abd309125cc20b2e6a,yes,yes,0.9905074834823608,1,1
learned_hands_consumer,finetune_encoder,1,0,67,4e9fb39ce82c9a0c8db9edda73b0a08dbe1fee6bde6735bb0599991149c9cceb,yes,yes,0.9997586607933044,1,1
learned_hands_consumer,finetune_encoder,1,3,68,6a7e6c881869b757c8e7d36f73f227b987ce5b3ad9363a56d200edfa24ffcded,yes,yes,0.9976291060447693,1,1
learned_hands_consumer,finetune_encoder,1,4,69,7599dea223674f198ca8bd7b449a8b363e958ee58ead42c5f7026c558eac1915,yes,yes,0.9980496168136597,1,1
learned_hands_consumer,finetune_encoder,1,4,70,7f224054d39f18cdd6646ad519ae236db20d9acc51e2a2366bf146920bbd208f,yes,yes,0.9999598264694214,1,1
learned_hands_consumer,finetune_encoder,1,2,71,96ea4d954d1b6446c71d74a769dd614b7dcf83261e50056d6e62e7ca102d5401,yes,yes,0.9988686442375183,1,1
learned_hands_consumer,finetune_encoder,1,4,72,3defdb305691fca997369ad61eb4c2cc9ad5737f73633b9997bca6b3b68dbc70,yes,yes,0.9999949932098389,1,1
learned_hands_consumer,finetune_encoder,1,1,73,ea88a64bd77d6c33327a9e3a56bdeab16edfcc94d3ad1f6c811e233e9cf1a4e6,yes,yes,0.9490035772323608,0,2
learned_hands_consumer,finetune_encoder,1,3,74,1cb2a54d0c572842c9666556b4f9d68ac569dacc5ff14c26a9deb40b00297490,yes,yes,0.6986849904060364,0,2
learned_hands_consumer,finetune_encoder,1,0,75,3145ed790491a1b21c800dff9616114d2f77be8dbdbc044f4fcf7b15608d7aeb,yes,yes,0.9999967813491821,1,1
learned_hands_consumer,finetune_encoder,1,4,76,bc58560238d37dd7bb637d6eed992896abc2e8646e56eb8dac0dd8bf4106576a,yes,yes,0.9057844281196594,0,2
learned_hands_consumer,finetune_encoder,1,3,77,9a5c75e417971c21fe00a89d52819a28a8d393fb332863c7f844a2f728e1aa47,yes,yes,0.9997913241386414,1,1
learned_hands_consumer,finetune_encoder,1,1,78,7effc09d90b5d4a003218cec4356f0109765847fec64e4393bdf14682528fc56,yes,yes,0.9978162050247192,1,1
learned_hands_consumer,finetune_encoder,1,0,79,bf7fab3a472a85fba5cacc610acd4ae413064fb5929efe63047e35beca2837f6,yes,no,0.7951995730400085,0,2
learned_hands_consumer,finetune_encoder,1,4,80,b9fec9f38f97749033ecb64442eb36f3ee2e3a80cd28ded964ba3b542608ed08,yes,yes,0.9999922513961792,1,1
learned_hands_consumer,finetune_encoder,1,4,81,a86e6ca3f4d275c0420ca0ee4600f15f0b78e34c43b877bb58dfb44c56f07ad2,yes,yes,0.9999079704284668,1,1
learned_hands_consumer,finetune_encoder,1,0,82,e2dda0a5ede9ada6a285c131669076df0764c2b88c1c2001ae078a17d88fc168,yes,no,0.9974073767662048,1,1
learned_hands_consumer,finetune_encoder,1,0,83,9d3a029d590c2c8aecbc4df458d911be15fcbef421678b9ef52d1281119ef933,yes,yes,0.559093713760376,0,2
learned_hands_consumer,finetune_encoder,1,1,84,0a86c2677e444a84373fb5de0aa2e100762432bf73d0ed3e92ef3f2f584504eb,yes,yes,0.9995802044868469,1,1
learned_hands_consumer,finetune_encoder,1,3,85,edf4479c78e0f0664620607e8ab699c2cf70b3f949ebe5b6e2a5e65f56f24fa0,yes,yes,0.998689591884613,1,1
learned_hands_consumer,finetune_encoder,1,4,86,a446c13b6a95e774dc7f399a94c473901184d9172d42d8f4db7362cdb059e191,yes,yes,0.9947064518928528,1,1
learned_hands_consumer,finetune_encoder,1,1,87,90d67e6b76ef21ed8c1dc58bfbdcc24aab8e1dd728ebdafefc643a1e3c6bc74c,yes,yes,0.9397934675216675,0,2
learned_hands_consumer,finetune_encoder,1,4,88,e0f88567e0733cdaf8c918330d9139891158680d5be3cc3fc4577a4e79c67cdb,yes,no,0.9349168539047241,0,2
learned_hands_consumer,finetune_encoder,1,4,89,4c96db2e33b6cc4900b1f80e86334c0d0f97a10b76baf6a5fac96558a449fa07,yes,yes,0.994721531867981,1,1
learned_hands_consumer,finetune_encoder,1,1,90,08c27d740cbffbaf24d70ad9cc2f4538941c1e7ccba03ba15eacb0c43fe8f6a3,yes,yes,0.999825656414032,1,1
learned_hands_consumer,finetune_encoder,1,0,91,123e686fd8c78b602b0952ee8aacebb8f2a451c8d2c2f716072c6c0780e88a8c,yes,yes,0.9736292958259583,1,1
learned_hands_consumer,finetune_encoder,1,2,92,61088df3abd8799b2cb0b2a50547fabab33f53e711b6bf0e51ad8eee1f9886f8,yes,yes,0.9978159666061401,1,1
learned_hands_consumer,finetune_encoder,1,4,93,245581fd1773d7336f3fbd519ea0ad635746b96c3ef3c64c77d8fe969f404345,yes,yes,0.9958128333091736,1,1
learned_hands_consumer,finetune_encoder,1,1,94,0935c35b8f85a7acb661025d20f4077750c9420cbe5f2d6cb6c1f5e62a4cd9fc,yes,no,0.5359398126602173,0,2
learned_hands_consumer,finetune_encoder,1,0,95,8b2b428ed3082708aebc90d3e95493d6b01fab537f0107c5604932ba617141c5,yes,yes,0.9998874664306641,1,1
learned_hands_consumer,finetune_encoder,1,4,96,46b3b836673160a90a211860286b914eda2a3ef85f0eb63bd10cacc7ea5f0f02,yes,yes,0.9999426603317261,1,1
learned_hands_consumer,finetune_encoder,1,2,97,8c8ab92472440d5e8d77d4f562ff2df1e24f26dbf33e2f219ed51d9ffe2ed9e8,yes,no,0.8155605792999268,0,2
learned_hands_consumer,finetune_encoder,1,4,98,f84ae3cfea6e268f60d53f2fc2105cabc35e7c1bc60594c254b8a5b9ebb95c52,yes,yes,0.9999995231628418,1,1
learned_hands_consumer,finetune_encoder,1,0,99,5a061ea8f86d69941bb8f010a9102517e2e50e8a6e7f043b2a65a9beeb5b2a5a,yes,yes,0.7292078733444214,0,2
learned_hands_consumer,finetune_encoder,1,3,100,a0b66eb40941e4afabf26cc61164bd17ae4b404900827ee613063156c3fcf1f6,yes,no,0.5636981129646301,0,2
learned_hands_consumer,finetune_encoder,1,4,101,d69eab546563939e27e3b5c4bf71ed21aa8c08a685f2dc211a8611a8734cdaac,yes,yes,0.9971545934677124,1,1
learned_hands_consumer,finetune_encoder,1,3,102,13c1947392729839a6ef7e019584b3baf576db1a026c6cc363f97f9be6b55b7d,yes,no,0.9453247785568237,0,2
learned_hands_consumer,finetune_encoder,1,1,103,2db3f4de10f8e3c93f180c1cec9ec1036a8cfb696152a003910f4876349b5563,yes,yes,0.999817430973053,1,1
learned_hands_consumer,finetune_encoder,1,0,104,9d141e84a47e429ebf8c9be15a716519a789f6ecfe2635d6742bcc1589887b61,yes,no,0.9697176814079285,1,1
learned_hands_consumer,finetune_encoder,1,2,105,f2b40bc0dd711fca9b42c004ced8b6a7f8400023cc7f44239caee4f44359dde4,yes,no,0.8004999756813049,0,2
learned_hands_consumer,finetune_encoder,1,0,106,d5dcc520e7691c72d4f4bcf6d67cfa74c856d631a5a6c4904f730332b192f920,yes,no,0.5035576224327087,0,2
learned_hands_consumer,finetune_encoder,1,3,107,da0684c959dcca3dab601174a68db1954a8db19f75ad96cecdb7b9319c828539,yes,yes,0.9541386961936951,0,2
learned_hands_consumer,finetune_encoder,1,3,108,0e7608581b6f65860575a915b9e6d3ea3ba463ac7392a783effab47b7c6ed2b6,yes,no,0.7082089781761169,0,2
learned_hands_consumer,finetune_encoder,1,3,109,3b14007f0368858c49628d89f7a4ac4e05912114c121069f929f093267da692c,yes,yes,0.9973102807998657,1,1
learned_hands_consumer,finetune_encoder,1,1,110,83a75ee006bb31d8db282260e075860f781be2246f81074adfc047c6debba47d,yes,yes,0.7175694704055786,0,2
learned_hands_consumer,finetune_encoder,1,0,111,d140e8b5cef58e3c07015a3be1003d6d67dda0e1681f40a4b5b23a3a143236ea,yes,no,0.9967300891876221,1,1
learned_hands_consumer,finetune_encoder,1,2,112,fb04a608b72b2b2e616ef5e9aa6ca1fda0b73c81a00bd51339a60f7ebb9349f5,yes,yes,0.9996001124382019,1,1
learned_hands_consumer,finetune_encoder,1,2,113,5ebb5e29b015223682853139344a5e2422b009ed368ed22452f4ebe96b314797,yes,yes,0.9999382495880127,1,1
learned_hands_consumer,finetune_encoder,1,3,114,7e315bac1e39325f317709b5955292bc75939640e3b8f10ba3c11050930647e1,yes,yes,0.9945488572120667,1,1
learned_hands_consumer,finetune_encoder,1,4,115,0d7f2c826f6a0fc0a9404989d5d4b5cc6d7f2f516c1f069e5bf8d31ee7e817dc,yes,yes,0.9999862909317017,1,1
learned_hands_consumer,finetune_encoder,1,4,116,7e75b01067a2ec4ca8c403b389118d896ccf66db535b144a3c54bc98c1c2e246,yes,yes,0.9884583353996277,0,2
learned_hands_consumer,finetune_encoder,1,1,117,a3e66362096eb8059a216e47a87cdd7f3f944d1ccbc606f30cfbe1cc424e0594,yes,yes,0.9948590993881226,1,1
learned_hands_consumer,finetune_encoder,1,1,118,d3308da62008ec5ef18494df94f73a4585ed31e1c8e69ccc9e25e76cb56d42a0,yes,yes,0.9997259974479675,1,1
learned_hands_consumer,finetune_encoder,1,3,119,e07a44cb806545635aac341cc0946afd7d71c3619844a0ec08545160df03cbdc,yes,yes,0.9967595934867859,1,1
learned_hands_consumer,finetune_encoder,1,1,120,aedceca2ca38055764eb4ff944a3a150057788281d1c3739f5e785db00a9e719,yes,yes,0.5580316781997681,0,2
learned_hands_consumer,finetune_encoder,1,4,121,ca458586d811f25c02f1f39cf55f75b65071bd2ddc79fd97b0d5be9eb8e5312c,yes,yes,0.9998914003372192,1,1
learned_hands_consumer,finetune_encoder,1,0,122,fce48e30fc0ea1058c42d4b4e3fc772fdd46a3060633bca5f371f122fc5aaef5,yes,yes,0.9994297623634338,1,1
learned_hands_consumer,finetune_encoder,1,2,123,02bd80d2b643617360d685b497986a8637dc26275c2ea6a626b69de253d164e7,yes,yes,0.7803998589515686,0,2
learned_hands_consumer,finetune_encoder,1,0,124,af3d9c10fbb3296fa6a040f3015c474aaa8ae09177f6fe2e775fee3e584f996d,yes,no,0.5025768280029297,0,2
learned_hands_consumer,finetune_encoder,1,3,125,73e4bc727ab5dd4600aa1647320d964c9a52dc7767744c8d074cebcd901f6c05,yes,yes,0.8253719806671143,0,2
learned_hands_consumer,finetune_encoder,1,4,126,0bdb8221f4d44b38dc8782e0b56035bbdd3a7e6fc2df17d22f1a5c863bc46075,yes,yes,0.9999958276748657,1,1
learned_hands_consumer,finetune_encoder,1,3,127,90fe4003a641d7cd2ed6a00150556d083b23fe1e24e75ebb94ecff4d843c77e2,yes,yes,0.9895371198654175,1,1
learned_hands_consumer,finetune_encoder,1,1,128,155678c2832cdf4702db15b523f143f1ac784cffcaf58c1a1dfe33a97611eb8e,yes,yes,0.9998235106468201,1,1
learned_hands_consumer,finetune_encoder,1,0,129,aec3c6407d02ce2d3b4abd591e08891c236a8a8989e7ad72020a4b7b777fea78,yes,no,0.9860190153121948,1,1
learned_hands_consumer,finetune_encoder,1,3,130,1f2af78776193434b3d71d59e47e0a24bc7439537dae7643126e174f05f8a690,yes,yes,0.9113865494728088,0,2
learned_hands_consumer,finetune_encoder,1,4,131,ac3dcaa7b7faf827da8c14b3bfd03c0f8d36bbd129920232b5775c57ebee5322,yes,yes,0.8586146831512451,0,2
learned_hands_consumer,finetune_encoder,1,1,132,8de39616285bfb13eac266c45a5691cad8963031bb495c5ffff384303ac2e317,yes,yes,0.9516909718513489,1,1
learned_hands_consumer,finetune_encoder,1,0,133,df7cebc19279cc1176c76578d13d5634b4ee220d4093d6b4e048fd1f74811db9,yes,yes,0.9999493360519409,1,1
learned_hands_consumer,finetune_encoder,1,3,134,b5412b723d0181549110fa8dd79485fa5238dbc7e264272da705dfe9c7f066a8,yes,yes,0.9969848990440369,1,1
learned_hands_consumer,finetune_encoder,1,1,135,e802649c8e6be5fbdc4e7ec755757e95ba836ac949c022f0081c1fcb1cfa00b0,yes,yes,0.9999552965164185,1,1
learned_hands_consumer,finetune_encoder,1,1,136,a039dbd9f0510ac6f66d44c60f9a5f5a5d5c76093f00e693801d2fc80d54f7a9,yes,yes,0.9959587454795837,1,1
learned_hands_consumer,finetune_encoder,1,1,137,9cca62662bba01723eb2a9aa094821e1675b7ac525fe30fc042f3dcaac3e2727,yes,yes,0.9886974096298218,1,1
learned_hands_consumer,finetune_encoder,1,1,138,dfbc47fb61799a0472fbf92d48b36eeb2584ccc63a3185c2d61a51c1537f7c92,yes,yes,0.9979052543640137,1,1
learned_hands_consumer,finetune_encoder,1,3,139,6cb9e80497686772c38151ef29f0b998c3911fa46f4ae26dcb0677863d1c3bcd,yes,yes,0.9874124526977539,0,2
learned_hands_consumer,finetune_encoder,1,0,140,bfc4a30870f9292a454f9471c16d25b3199ec05b80dafc98a9d6c50897c1b47e,yes,yes,0.9886244535446167,1,1
learned_hands_consumer,finetune_encoder,1,3,141,078b717fbab45038fcb94864d32f33fa6d71d9664570dfe04661869f23314833,yes,yes,0.9991982579231262,1,1
learned_hands_consumer,finetune_encoder,1,2,142,0242758b0d09920c367a96d4d60f74cb970f86cfb3bbf7bc54aa2a69703b17c8,yes,yes,0.9884295463562012,1,1
learned_hands_consumer,finetune_encoder,1,2,143,51eef95bf47218140683c3e1b4135ffc3d540ca426dbe552c2809dc445d5b483,yes,no,0.8931772112846375,1,1
learned_hands_consumer,finetune_encoder,1,4,144,af4b353687f267cf4811370b1167f39f3acb12a476ab7569d5711f61e7cc5c99,yes,yes,0.9993147850036621,1,1
learned_hands_consumer,finetune_encoder,1,4,145,a5b77622968be2023f42d12cc8cdb98fdd05731d5ff1f331c0c61cddcdd016ac,yes,no,0.7865694761276245,0,2
learned_hands_consumer,finetune_encoder,1,4,146,483af7a4cce5458979f9fde28f5d38cf96c6b318f56cf5b8bb7fef01baeda51d,yes,yes,0.9998984336853027,1,1
learned_hands_consumer,finetune_encoder,1,4,147,5b013d7731839bf2ba2c52bac900167561f691d205c1198ffe872747858115ab,yes,yes,0.9999897480010986,1,1
learned_hands_consumer,finetune_encoder,1,3,148,1403a0476f3fcec8b1a48e6f1fceb06a2aeabd9f5de4f53ac7e2f29a80fc3d02,yes,no,0.7609310150146484,0,2
learned_hands_consumer,finetune_encoder,1,1,149,7153d24972b2eb3c082ba9cc58a892af969f2d9524022190bec282710d252b55,yes,no,0.8565609455108643,0,2
learned_hands_consumer,finetune_encoder,1,2,150,a6e1cfe1a1c58fdb1b4033bef127bdc12ad083d8029c91cf81e74fbc997b44c2,yes,yes,0.9997956156730652,1,1
learned_hands_consumer,finetune_encoder,1,1,151,c48f7444249fe7386aac1fa49a56e450eebc70c640262a5fc2cb2864d62c7b62,yes,yes,0.999163031578064,1,1
learned_hands_consumer,finetune_encoder,1,0,152,7223ee95c7eb5aab471c9b1426c035d3d751646abf3a01dd2380366fa55c1fb2,yes,yes,0.9999971389770508,1,1
learned_hands_consumer,finetune_encoder,1,3,153,8b857fa596fd194124387876667280b614e479625bc9d05d958f3b90514c2e9d,yes,yes,0.9998718500137329,1,1
learned_hands_consumer,finetune_encoder,1,2,154,6f137236864a4da2299f6341085a62e5e2e0466add7aa8eca3ff5f315633bbdb,yes,yes,0.9999556541442871,1,1
learned_hands_consumer,finetune_encoder,1,3,155,038e3005ce9b5b1cabf2220d9f9b068ab3289de326b9c0466e84286f1cb69bf9,yes,yes,0.9809696674346924,0,2
learned_hands_consumer,finetune_encoder,1,3,156,7b67a7b2e80fc8b9473186823a7570203fc746e03e40493d174446237de3bcec,yes,yes,0.933049738407135,0,2
learned_hands_consumer,finetune_encoder,1,1,157,9d82c554b4b00bd2ead020ff98bb6fcdee7432665a797346eb3d3aaf490d0d12,yes,yes,0.9855297803878784,1,1
learned_hands_consumer,finetune_encoder,1,4,158,da85c2e88f91544acd0359c5ccd69c2b4f902d093ceb8cb12767a778944fbd7b,yes,no,0.6464860439300537,0,2
learned_hands_consumer,finetune_encoder,1,2,159,a34040f6644b50bc824adc566e6d6428d7b05ca16c8ee39f0af4b1b9f5601f2a,yes,yes,0.9998887777328491,1,1
learned_hands_consumer,finetune_encoder,1,2,160,19c9ac6e1d4ea3c61c161624efc992b8cc52bf306f151391ba8529c19382e1ee,yes,yes,0.9995008707046509,1,1
learned_hands_consumer,finetune_encoder,1,3,161,650970637dd6a0ab8e97321c167c7bc4a9a3cdc8eba59da2a5c510bcbd5db45a,yes,yes,0.7279783487319946,0,2
learned_hands_consumer,finetune_encoder,1,2,162,c51f874153bc2cdaa57ad2c656a6af7ab24feabfb448922cab57ef416feee663,yes,yes,0.8891501426696777,1,1
learned_hands_consumer,finetune_encoder,1,2,163,13b1acd948c8e9c9a5739d8481ea213fa3cfdab8b80a82efd25be33e8f7b2902,yes,yes,0.9997095465660095,1,1
learned_hands_consumer,finetune_encoder,1,1,164,9fde61742e0b3fc6fabbffa750b6283c72453cd0303a465ce66648d46676eb89,yes,yes,0.6292902827262878,0,2
learned_hands_consumer,finetune_encoder,1,3,165,4fd20a26aafa50907d098d746bcd899d7abfca4f42db1d5c149080652db43b60,yes,yes,0.9954881072044373,1,1
learned_hands_consumer,finetune_encoder,1,1,166,38a9b6c4df60f95cae8cdf22954e4170c3a5feb64ebfb5162134d697b7e84381,yes,yes,0.9971586465835571,1,1
learned_hands_consumer,finetune_encoder,1,0,167,8892704b2b2b6659f287178e3c29d5c9d21dc3ecb2ae17dd4b6ec86c6784cd0e,yes,no,0.616134762763977,0,2
learned_hands_consumer,finetune_encoder,1,2,168,5953941222239eaa15e600b769f26c7173e96638173a25e19be42ff6b5b07d45,yes,yes,0.9999041557312012,1,1
learned_hands_consumer,finetune_encoder,1,4,169,4f9eec5c23a5c213a1bc6fc916fdf2587227d14edcd43d78fccea8cd278cc2e0,yes,yes,0.9999493360519409,1,1
learned_hands_consumer,finetune_encoder,1,4,170,51ec6ad487eff34fddaa34cf9a46b4a9a9e66e2ef37f1718f6c2c0a6b08bcc0e,yes,yes,0.9999855756759644,1,1
learned_hands_consumer,finetune_encoder,1,1,171,4356eb8f7a087e4d6032661552935019173e052ab6031528ff64635a4f9c515d,yes,yes,0.9907898902893066,1,1
learned_hands_consumer,finetune_encoder,1,1,172,6d7c28575a9e0747fc4cfaab5263e2daf0754ef5d1c996b9de353104dbfb5be1,yes,yes,0.9945141077041626,1,1
learned_hands_consumer,finetune_encoder,1,3,173,6656d334c0150d50518a8e9e86ac484364dfc5da62604f792fa121392de57cd5,yes,yes,0.8739855885505676,0,2
learned_hands_consumer,finetune_encoder,1,3,174,fa3b234c5866029eaafed3054fe7c1e9dd9d3e50389c45beedce0456e0a851a5,yes,yes,0.9755615592002869,0,2
learned_hands_consumer,finetune_encoder,1,2,175,f5327013f798cdfff71ccd1ccbf934757fae9118c8fda0cfb29197ee8c9a2f92,yes,yes,0.999518871307373,1,1
learned_hands_consumer,finetune_encoder,1,4,176,0c550425496483256cac2b164db69cc78311e995021bfcbd4a5c585bcdd9d9c6,yes,yes,0.98421311378479,0,2
learned_hands_consumer,finetune_encoder,1,1,177,e9a4a62f276d5c835085a02b2f4d92155f8f7ac6d396a52ad1cd37cab729b635,yes,yes,0.9976267218589783,1,1
learned_hands_consumer,finetune_encoder,1,3,178,f4fe68a7bc004d02c8ecf39777717f5e53269903d0c3c3181101c07cea5c6b0c,yes,yes,0.9966762065887451,1,1
learned_hands_consumer,finetune_encoder,1,4,179,3d0de6dc3fb5d69b4483315a8f1b9a55f3da2fb8eb1df50a74386a480912447a,yes,yes,0.9997856020927429,1,1
learned_hands_consumer,finetune_encoder,1,3,180,b66cb0340d554080664d72cdd106c5cdb17b38d1f74932ac0787b45754ce1a7c,yes,yes,0.9990893602371216,1,1
learned_hands_consumer,finetune_encoder,1,0,181,a9af33b24aeb8f4fc3dd090cb6015fd72eb33e9bacf6b245b9efd00dd9991af3,yes,yes,0.9548130035400391,0,2
learned_hands_consumer,finetune_encoder,1,4,182,9eefcb8b16890b9cc6c7e144d07beaa48841305e10614e94d470242a6b0e065f,yes,yes,0.999432384967804,1,1
learned_hands_consumer,finetune_encoder,1,3,183,cfde4f376e1a14d27549b00d4ddf32bfeb542cf05f08d1cbc266df888e1c3047,yes,yes,0.9606705904006958,0,2
learned_hands_consumer,finetune_encoder,1,0,184,421033c1624e9a903b16ba39c1d61b1ecb07a1c62b4ffce4608c02c7a3e067e8,yes,yes,0.7745853066444397,0,2
learned_hands_consumer,finetune_encoder,1,1,185,7a8050d0881441599707f60d9661cc876f27efc16656cd8526fe842e463a56ec,yes,yes,0.9990535378456116,1,1
learned_hands_consumer,finetune_encoder,1,0,186,5f4e3e4860760d911ab21bd74b2611036627cda4c7c666615991f1d2314d6b35,yes,yes,0.9998526573181152,1,1
learned_hands_consumer,finetune_encoder,1,3,187,057e4d5e06ed1236a9a35f3ea5c2cc42ae58bd3d82fb4981f56669b168d087e6,yes,no,0.7836316227912903,0,2
learned_hands_consumer,finetune_encoder,1,0,188,a5608444f7d99d3cd3109ac70b995bb38775ef1fa2c286f3779886ac598a5c9d,yes,no,0.7512589693069458,0,2
learned_hands_consumer,finetune_encoder,1,2,189,48a613b18969b56ad289f137a24f32ca5714dc722f1916be3cf41f3c98f577e0,yes,no,0.9096320867538452,1,1
learned_hands_consumer,finetune_encoder,1,0,190,d5a7261352131be329b42958bda9d1cbf7adf2a5eb0c341d0fd5d6d07a9ae17e,yes,yes,0.9826830625534058,1,1
learned_hands_consumer,finetune_encoder,1,4,191,e36f78681c2e77e1fe9fd7fc2f0b8fa917f14b6a2333a41863c17c766053033f,yes,no,0.9664073586463928,0,2
learned_hands_consumer,finetune_encoder,1,3,192,1487b9bcecfa449f7f97f38810e17ed4e37ea80a32cd5170137bf134574ae112,yes,yes,0.9413297176361084,0,2
learned_hands_consumer,finetune_encoder,1,1,193,a0956e6a9a6973551966fc776c76b773565a03efe1dd2f5b6e363e037cd68e98,yes,yes,0.9974017143249512,1,1
learned_hands_consumer,finetune_encoder,1,3,194,113f455fcca39b28919c8669b561494bb48c8a7b1abb08182e38efba3ba3d49d,yes,yes,0.9967355132102966,1,1
learned_hands_consumer,finetune_encoder,1,3,195,01467176da7f8beaabb7d2d981d4c2a5d270c4de1ee41090eb7fff34ad10f233,yes,yes,0.998508632183075,1,1
learned_hands_consumer,finetune_encoder,1,2,196,3917492faa9e47e7106ba122c3a1618a26df3dcdbcf5803ea5eff8caeb3a85b8,yes,yes,0.9999637603759766,1,1
learned_hands_consumer,finetune_encoder,1,0,197,cde8abafba1e7a412e01f15ea5b8b45f4e1c8f3f37c5ed8ecf8670617e0e3ddc,yes,yes,0.7888205647468567,0,2
learned_hands_consumer,finetune_encoder,1,3,198,61ae855f1482eb8f9d691ed3f1d20ebbea6fc43c48a7559ddaf77710f2c27152,yes,yes,0.7049010992050171,0,2
learned_hands_consumer,finetune_encoder,1,3,199,f35f9e77ffc5ac7a0d42e5a637d3ec3f6ef2830b8c178fdb6a5c951cfeaa3e88,yes,no,0.9035935997962952,0,2
learned_hands_consumer,finetune_encoder,1,2,200,82f9efaddab72f81167b375aff7cc6c2537117b477e6064545d97be910ff945c,yes,yes,0.9996222257614136,1,1
learned_hands_consumer,finetune_encoder,1,2,201,967afc85cb2c22088e649a1faac841a0d2609f7e11fe94eef9bd17a4daa54688,yes,yes,0.743029773235321,0,2
learned_hands_consumer,finetune_encoder,1,3,202,5648d782c24eb983d5cf18c59b05a1a47459a5dedd4e5335a0232c23f062944c,yes,yes,0.9749130606651306,0,2
learned_hands_consumer,finetune_encoder,1,3,203,157bd549be3ab1bdd3e21c29805aafdc0d0b45c1aa52b0a397ab9236a4e5c944,yes,yes,0.999397873878479,1,1
learned_hands_consumer,finetune_encoder,1,2,204,525f45b4239b35c4038470e08628f267e9887f1c30b0aa84a2d5d01464da39a3,yes,yes,0.5546270608901978,0,2
learned_hands_consumer,finetune_encoder,1,1,205,0a0807c3257345430140d80f2b2b7210e572d13f47d5ac8a65174de1142590b0,yes,no,0.9779995083808899,1,1
learned_hands_consumer,finetune_encoder,1,0,206,a2b92dbd2ee6fd008bb6aa904caa64641950c475cddad723b2644f23c751a0ee,yes,yes,0.9999796152114868,1,1
learned_hands_consumer,finetune_encoder,1,3,207,a2ed73e250907017f6d7fd66c658c04c6a137575d6ad765f993661edda327577,yes,yes,0.5169013142585754,0,2
learned_hands_consumer,finetune_encoder,1,2,208,1290d537ea8750e4e91f20b46eec10646ce12ab7d86dfc91eb09b608405fe90f,yes,yes,0.9868341088294983,1,1
learned_hands_consumer,finetune_encoder,1,2,209,a0f7d16e25d9f13501287713351ca9111410082745756d6eff69a544a7ce0fab,yes,yes,0.994799017906189,1,1
learned_hands_consumer,finetune_encoder,1,2,210,adbfc9de80cf0100c04073d2c24a7a39ad794835be05b45cd9a54b30876e1bae,yes,yes,0.9999964237213135,1,1
learned_hands_consumer,finetune_encoder,1,1,211,33d047d7bf09f05c00081ea7055f31cf8f5cfbb5f1ceb5b0376de52b5d66fca4,yes,yes,0.8315495848655701,0,2
learned_hands_consumer,finetune_encoder,1,4,212,8747eec3bef3a1ac47c5e03b2a3185ec7be0382a48e8f07bc6b009f884106d3b,yes,yes,0.9725567102432251,0,2
learned_hands_consumer,finetune_encoder,1,2,213,49b127f44fd96be9d276f55d1669f94228b7535cb909c7f6b272eb55f8881a2c,yes,yes,0.9999755620956421,1,1
learned_hands_consumer,finetune_encoder,1,0,214,dfb7f7c0e45b4a7671e7808a09335109e684ec1f7b896028808720b751c76290,yes,yes,0.9981245398521423,1,1
learned_hands_consumer,finetune_encoder,1,2,215,db97720cca0e39dc598257024bac71c263aaf9886f335cf6cd722539c19eacca,yes,yes,0.9993988275527954,1,1
learned_hands_consumer,finetune_encoder,1,3,216,64859a67c19bf56da59ad97eab9f8da73202e6a6dd9d3bbb9372afcb47b0408d,yes,yes,0.9992650151252747,1,1
learned_hands_consumer,finetune_encoder,1,2,217,f449fe5d57975f0caf323ecddfcc9b9dccbabe88c5ff42bd31a1d65fc7a824b5,yes,yes,0.9999892711639404,1,1
learned_hands_consumer,finetune_encoder,1,2,218,fa078ce3c2ae45c10df8aa0a800c47eade1e7510a46eb24bbe627b87d2938a68,yes,yes,0.944732666015625,1,1
learned_hands_consumer,finetune_encoder,1,3,219,f2fae4fb37730a28c6c680ab68c6e0cbcb083e46d89296b52700b2b28ed2e203,yes,yes,0.8650107383728027,0,2
learned_hands_consumer,finetune_encoder,1,1,220,ca57b26977335b108fd0d46872d220af17b298c5169ea6a338028e3fa941a5c0,yes,no,0.7267647981643677,0,2
learned_hands_consumer,finetune_encoder,1,3,221,9f6359257abe0943f69a9a6786fccff089c30ae5f302d29d57c21ec0cc0fb8bb,yes,yes,0.5435352921485901,0,2
learned_hands_consumer,finetune_encoder,1,0,222,da0db19cfa506b30e60a6cf05fa27f60113ec86ac8308c44eddc1cdeb6e6b707,yes,yes,0.9999333620071411,1,1
learned_hands_consumer,finetune_encoder,1,0,223,013033315bef6946bef54c7e1e5131afe73897a10507585acff502cb07b082d1,yes,yes,0.9993433356285095,1,1
learned_hands_consumer,finetune_encoder,1,1,224,01ca67ea223ea6f3f78966619c3d177754184bea73cb662ffc54be7eded55946,yes,yes,0.9230290651321411,0,2
learned_hands_consumer,finetune_encoder,1,2,225,0972b858c77e9cd796c6bda370f1d6b2ea20798091434c33f49f1827e4a678cf,yes,yes,0.9806542992591858,1,1
learned_hands_consumer,finetune_encoder,1,0,226,478e48024c876788e7ac0b2943d399c14bb997ab82a37ee11247a5b223d23f4f,yes,yes,0.6065866351127625,0,2
learned_hands_consumer,finetune_encoder,1,0,227,dd602e9be0c77e5a1bf15d2c5db5302c6b6d2b8362f95c146de1f5d3ea45031b,yes,yes,0.95887690782547,0,2
learned_hands_consumer,finetune_encoder,1,2,228,e86c4500724cd80b78a41c3de49d5f623baba6615be341878c3f40d1a666fa36,yes,yes,0.6963655948638916,0,2
learned_hands_consumer,finetune_encoder,1,0,229,44f8bde89aa71070a44a090fe6553fe64a785e0148291429f98b65d8cc35537e,yes,yes,0.9995114803314209,1,1
learned_hands_consumer,finetune_encoder,1,0,230,f92a5c6258f5da9bffe36fc1a4498f1086f4d296b5c28109401777d767f46946,yes,yes,0.9999067783355713,1,1
learned_hands_consumer,finetune_encoder,1,3,231,b8099af0f4a08d3625fefbbdf920208ab786e82be6d9e5ecd373c981c3bd90c4,yes,yes,0.9999357461929321,1,1
learned_hands_consumer,finetune_encoder,1,0,232,dd6b7ca454c08a409f4171cb97167a8c91e862451ec1b92eaa7d9393934cf91c,yes,yes,0.7011481523513794,0,2
learned_hands_consumer,finetune_encoder,1,1,233,fdb76c188296362ef951b02157cc4150c8d3a0750fe72942787d491e6ddc18e2,yes,yes,0.9610719680786133,1,1
learned_hands_consumer,finetune_encoder,1,4,234,b78102f7318502d1b26dbcb12920cd58ed53891ef8b61bff2b15f5b432da91f0,yes,yes,0.9998698234558105,1,1
learned_hands_consumer,finetune_encoder,1,1,235,5a37498c5c481cdd1e4bd5190333a14a0190aa3aede5364087479e33c293e1a9,yes,yes,0.9903912544250488,1,1
learned_hands_consumer,finetune_encoder,1,3,236,eae4558b0617e7ebc54a6ebc59d2dde3f9df33d4ce6cb6404452671b374ff797,yes,yes,0.9983475208282471,1,1
learned_hands_consumer,finetune_encoder,1,2,237,b25bbe0ef882d9b6ee6ca640d619e47af1ba4b4303c92a73e17071d2b63f6203,yes,no,0.9990221261978149,1,1
learned_hands_consumer,finetune_encoder,1,2,238,3415dc4afd4d574b0da83ec6d205e580b78b683ce427d70cb6192aa1345ada00,yes,no,0.9254999756813049,1,1
learned_hands_consumer,finetune_encoder,1,4,239,e4190a6930b3800fcc812916fc24cd7666ec7ccade668b74793a25cf043ee8dc,yes,yes,0.9998624324798584,1,1
learned_hands_consumer,finetune_encoder,1,3,240,2a1e5635eb53609c5660dd54ea549b8c7ca1d8ef3709e5692cce67005fde384f,yes,no,0.9761530160903931,0,2
learned_hands_consumer,finetune_encoder,1,2,241,1587f650838e742b5adbc001e25e86b815c1c282f7e24b9a7f46e2c9c7e7663d,yes,yes,0.9997337460517883,1,1
learned_hands_consumer,finetune_encoder,1,4,242,3aeb06e0988c30e7dd4b9857f1305ee50a9955e156a1e1a8bfb635878c936da6,yes,yes,0.9992884397506714,1,1
learned_hands_consumer,finetune_encoder,1,3,243,0ba639fb1b8f0dcb2fe9cffb9b96ec4f2cc182c78d9a521ea1b367d5c28385d0,yes,yes,0.9387418031692505,0,2
learned_hands_consumer,finetune_encoder,1,4,244,ebd5c1534b316d246d849144a17469ee09729233fad0f39a8a330fdfa15b9628,yes,no,0.9249887466430664,0,2
learned_hands_consumer,finetune_encoder,1,0,245,401a36474fa40d2d999cd260f57ca66ab83fcb63de68f578a6d6ad7d4ec4bd2e,yes,yes,0.9244619011878967,0,2
learned_hands_consumer,finetune_encoder,1,0,246,4176b37a2179c60a956b8746678c2a674aabbd9e086407904b2475af255d13bd,yes,yes,0.8297651410102844,0,2
learned_hands_consumer,finetune_encoder,1,2,247,95933a28191a6e558a2911f9c54efc9e53d3ba70d036eac4f4fcf1044bbc9d88,yes,yes,0.9998513460159302,1,1
learned_hands_consumer,finetune_encoder,1,0,248,0f4ecd29ccebf4ac6e235b28298c170a1c4939a57f8d2bae941d4292bb91c9e2,yes,no,0.7523874044418335,0,2
learned_hands_consumer,finetune_encoder,1,0,249,061be30da02e5927c05d4f6dcb0ebcaa8bda9da95f663afc3448b40f550c8dcc,yes,no,0.9099586009979248,0,2
learned_hands_consumer,finetune_encoder,1,2,250,6c7deef4168bfdd3eb4f65e34ff1a5b08e7d07a494276e6dbc72cf08dd1d9ea3,yes,yes,0.9999921321868896,1,1
learned_hands_consumer,finetune_encoder,1,0,251,3fecd30afaf717ef4d633f041d6b64abc35956652a123bf652a024e051aecbd2,yes,no,0.9449751973152161,0,2
learned_hands_consumer,finetune_encoder,1,2,252,618080a1456e3ee68a8c336bd1951f8be686d4b280ba12acc2afbc0afe6f5e6e,yes,yes,0.9999648332595825,1,1
learned_hands_consumer,finetune_encoder,1,1,253,7d9553904434b833510ba4f74348cff64322921c601077d281c33b3d61d048ca,yes,no,0.5828439593315125,0,2
learned_hands_consumer,finetune_encoder,1,4,254,851524b83e3b815d2b8ad94407c2a48429aa45e82bd9c1b64ffd780d6c3a0de3,yes,yes,0.9999485015869141,1,1
learned_hands_consumer,finetune_encoder,1,0,255,cb21cc98accfbbfc1ab6fb040d28dc4a525dd125dcded30bbb6688922bc0bcf0,yes,yes,0.7749941349029541,0,2
learned_hands_consumer,finetune_encoder,1,3,256,77a1a7abf05f1aa064c4d1f51619137f7eb2bd94b8ddc362bc14f64be0bd2a01,yes,yes,0.9937224984169006,1,1
learned_hands_consumer,finetune_encoder,1,2,257,3d22a52452442ace2422e3134c77857c8d5686fd9080d9f42bc9438a845f4c89,yes,yes,0.9934462904930115,1,1
learned_hands_consumer,finetune_encoder,1,1,258,aaa2f84803feb0579309aaee905dbe769a0e41a5a6daf89677d4a8534aa9819f,yes,yes,0.9997863173484802,1,1
learned_hands_consumer,finetune_encoder,1,3,259,cbf21ed32acc01ddeaa5380d184a96c3ca5b84614bc1f3a1a9583fa9b891c05d,yes,yes,0.9924250841140747,1,1
learned_hands_consumer,finetune_encoder,1,4,260,370cc782f60a07b178ac3c0ec5c92e1d6072d6798ba29e27eb089d3af9d06cb5,yes,yes,0.9953885078430176,1,1
learned_hands_consumer,finetune_encoder,1,0,261,e2fa618a66bdb423b63a86d231a23868e8833853ed334799049daeac30367a88,yes,yes,0.5132317543029785,0,2
learned_hands_consumer,finetune_encoder,1,0,262,6c81e7b6dabbb3574a09c499dc7a67ca24d31c6e646bab4ced51cd8c78f55ea7,yes,yes,0.9994426369667053,1,1
learned_hands_consumer,finetune_encoder,1,2,263,1f341a6355c5c3b945e1a2b14b3434e8b3904eb4eca3e24c87941d86e705e57e,yes,yes,0.891900897026062,1,1
learned_hands_consumer,finetune_encoder,1,1,264,6adfe2187f8557b8f6378f034717bdcd2f522a0df00806a04c1dfe98b3e997bd,yes,yes,0.9997532963752747,1,1
learned_hands_consumer,finetune_encoder,1,4,265,8bad5933bcb5967cc9bc4abe066d28b765494f7a0dffd407c47d6d8067553308,yes,yes,0.9758484363555908,0,2
learned_hands_consumer,finetune_encoder,1,2,266,c55600e95d9b4eb897af3302c41acc84e2d54157f428bf1f8caec3b61e668da5,yes,yes,0.9999914169311523,1,1
learned_hands_consumer,finetune_encoder,1,2,267,13c0dc364911dc9186a0c024e55f88be572c4deb5878fbd82d310ecaf5f45d13,yes,yes,0.9999302625656128,1,1
learned_hands_consumer,finetune_encoder,1,1,268,3321004b9ab1144d0dfdcb61b18d746e047e1eca73ce7e0acb9fbd0e7c724816,yes,yes,0.9856166839599609,1,1
learned_hands_consumer,finetune_encoder,1,4,269,19d396f6ee8676b8e14abd050a0d810589baf0188e806f72eac507d7a2c545a3,yes,yes,0.9901931285858154,0,2
learned_hands_consumer,finetune_encoder,1,0,270,7eb4eb67f8d71b2387d20ed2f7c7421eab13eb8910aca82d69fdf9a9273ecb96,yes,no,0.6884499788284302,0,2
learned_hands_consumer,finetune_encoder,1,4,271,21f6bcc2b642898b25da24d91a08efc8029b34d97d979ac84183c75b0c07b9c0,yes,yes,0.7503961324691772,0,2
learned_hands_consumer,finetune_encoder,1,1,272,63a06c8bcc7dbff84f881459fdf825076cb5b36209132b00c9c84eeeba7b6eb8,yes,yes,0.9877703189849854,1,1
learned_hands_consumer,finetune_encoder,1,2,273,94b8923b3eddcc3f61a255a8e42041ab7f8e96bdae7e23fa5dba20dd65b82fa6,yes,yes,0.9953826069831848,1,1
learned_hands_consumer,finetune_encoder,1,4,274,c2ccc5ca47171285fb0298be4298f50882121913b48b7ac1e796a30c532811ba,yes,yes,0.9994912147521973,1,1
learned_hands_consumer,finetune_encoder,1,1,275,1f6071d3d10ecfa1b75476a7071af685e3ba15fcf7b2a774e39b20191e1fe074,yes,yes,0.9970524311065674,1,1
learned_hands_consumer,finetune_encoder,1,1,276,11cabef5b7d7edbcc7de996da7ddc824772faa6248373f429b29567c5017f865,yes,yes,0.8506951332092285,0,2
learned_hands_consumer,finetune_encoder,1,1,277,9136c7f7286a3ee6b4af4f2c4bd396e5528e9e59d4a11138840961213324a902,yes,yes,0.9851318001747131,1,1
learned_hands_consumer,finetune_encoder,1,4,278,45b8aa00e5100aa8e27c34109569ad374e89747c8859165962bd4b50a718dec3,yes,yes,0.9996137022972107,1,1
learned_hands_consumer,finetune_encoder,1,4,279,93a67fe947a834ff1518acdef3d3503a43de70821df3f53bacca03fe73994e4e,yes,no,0.5108214020729065,0,2
learned_hands_consumer,finetune_encoder,1,3,280,f9aa283cb36bd865eb6d0e00dec619c048e1b8f0e8830f12b5d02008a0b97ace,yes,yes,0.8751907348632812,0,2
learned_hands_consumer,finetune_encoder,1,4,281,55de4e8dcda9a6328913ef54a1ed9351f1f426737486cdf8f668ad83b8388f73,yes,yes,0.7761703133583069,0,2
learned_hands_consumer,finetune_encoder,1,0,282,6bcb70ea6c53d9d2735995ffa331f18d0e9d9cc24ba93acb53376ae8483ed8a1,yes,no,0.7965783476829529,0,2
learned_hands_consumer,finetune_encoder,1,2,283,78da2dea499e7edb487d60fd31327140d7546b18febaf57879bbba65e8c1b04e,yes,no,0.9662802219390869,1,1
learned_hands_consumer,finetune_encoder,1,0,284,42fb96e3e3db8353adc2b84b435807f73584555187d03911234609ed6e85bfe6,yes,yes,0.9999980926513672,1,1
learned_hands_consumer,finetune_encoder,1,0,285,ecfc65fba09f92e19dc001350da2ef8adc932c234c862d0db0f1879f2e7c8794,yes,no,0.9297446608543396,0,2
learned_hands_consumer,finetune_encoder,1,2,286,c191adb1d624b20f83068f7b5908de47c6c5209a753e4de83b528e1156b3c2b0,yes,yes,0.9999927282333374,1,1
learned_hands_consumer,finetune_encoder,1,0,287,644bc0e92cf759be58ca6610fa275080515a65a91b581445be9cabf7ffea0e15,yes,yes,0.9996960163116455,1,1
learned_hands_consumer,finetune_encoder,1,4,288,a79143144aa9b5670c2ef1346d67999dca1710bf76a38aefe7d8c7b71ae44b79,yes,yes,0.9998953342437744,1,1
learned_hands_consumer,finetune_encoder,1,1,289,29d068c39f2e257adbe8beebd86189c3ef328bbf2028cdf5c6d3ede0e5ddc09b,yes,yes,0.9997698664665222,1,1
learned_hands_consumer,finetune_encoder,1,0,290,fe9822a59aebf2d41016c82deb1d427382b2666a1fe39079f87be07fb936b617,yes,yes,0.9922762513160706,1,1
learned_hands_consumer,finetune_encoder,1,2,291,56bb42f2ccd6615785428ca0492a89e2c4c3ab2f9fa44ee197d3da8fab2c5842,yes,yes,0.8784877061843872,0,2
learned_hands_consumer,finetune_encoder,1,1,292,5299348ae3f81c25293e952182bb6bea15382e9da7443711aa78acdaf4b6bcb8,yes,yes,0.9991118311882019,1,1
learned_hands_consumer,finetune_encoder,1,4,293,73a78266e6561f4e4c9baa89057beda5a92213b2ef917e1272c2ece8cd9b7704,yes,yes,0.9912635087966919,1,1
learned_hands_consumer,finetune_encoder,1,1,294,79cc9d9097ff95d4d5569540eb3711865f517ab1a2a0fc876da5c48598ee3cb4,yes,yes,0.9997299313545227,1,1
learned_hands_consumer,finetune_encoder,1,3,295,3b85fae280cd98abcc7e78ae4627a4c94eee68cb0bdc5b31dc3b1cf2e53949ae,yes,yes,0.804187536239624,0,2
learned_hands_consumer,finetune_encoder,1,1,296,32072d7df35d23c7cf165a1afeb9be63ebbdcf2c94cee75f9b5a90b78e19dd28,yes,yes,0.5355420708656311,0,2
learned_hands_consumer,finetune_encoder,1,1,297,16bed4a62e2738950d2587d30c25ed9c5d17ea5f0cc5e91f1148a4cb64162453,yes,yes,0.9996672868728638,1,1
learned_hands_consumer,finetune_encoder,1,4,298,3473fc0f42c76ad19ef3ec2771d01d619478fb7fab7ea70d94e7fe0f1bd61128,yes,yes,0.9998701810836792,1,1
learned_hands_consumer,finetune_encoder,1,0,299,251efc17ee26f8f9c544871f61f6fd54cf585d0f3210406eb3c48c825a10d526,yes,yes,0.999638557434082,1,1
learned_hands_consumer,finetune_encoder,1,1,300,4b657305ddc7f357ec185bc9abec0fa67e2d4d4fb0afb00f8e83e73a4c712e8e,yes,no,0.8295012712478638,0,2
learned_hands_consumer,finetune_encoder,1,4,301,f85e7456c7160ff553b31db76a443f79214f6b2cd4542c3bb171595928ab6558,yes,yes,0.9995373487472534,1,1
learned_hands_consumer,finetune_encoder,1,1,302,243386ffe9922a67ec10fee19cff0781c4d76b6a78a32ec20ae1b9ece92bf995,yes,yes,0.9977391958236694,1,1
learned_hands_consumer,finetune_encoder,1,3,303,85d4e89725d489b9e3820f724acfc754d59767d51140be8d70af3bb2eb4198c3,yes,yes,0.9977980852127075,1,1
learned_hands_consumer,finetune_encoder,1,4,304,f859129d9d2aa75e88d6602d1563b367b5d45a031c53939b17889bef5d0f147e,yes,yes,0.9995410442352295,1,1
learned_hands_consumer,finetune_encoder,1,2,305,483ac3b333ee68b7196086031e6a08e2fdb91c52f28a3a861f23a2c8ec75478c,yes,no,0.8269502520561218,0,2
learned_hands_consumer,finetune_encoder,1,4,306,6eef9bbaaa01f32394020b689930f9d2ae66836d280dfef0cac99935536b4a22,yes,yes,0.9971518516540527,1,1
learned_hands_consumer,finetune_encoder,1,1,307,2bbdbbb31e0f69cbd29d755d0e4fb9a5a932b3b1effe5a664bc674ef725addc2,no,no,0.9963717460632324,1,1
learned_hands_consumer,finetune_encoder,1,2,308,5779a2e66767851f78c4baf2c51d3e6be6d917949d5341b98c489bbf0f67f6f3,no,no,0.9387285709381104,1,1
learned_hands_consumer,finetune_encoder,1,4,309,24481de31a2b3036d71dc474adac585b922e4bdfb8287ce43a3ff34846620b73,no,no,0.9999420642852783,1,1
learned_hands_consumer,finetune_encoder,1,3,310,13b626d60d254c4999ca862d60b0f13ec9378504e9fa2fa1c002db747518bc7b,no,no,0.9992196559906006,1,1
learned_hands_consumer,finetune_encoder,1,3,311,97939ad30f5a35f45ccb7fcb190a65552ca404ca227456e1ecb4f5a57c3bed17,no,no,0.9996517896652222,1,1
learned_hands_consumer,finetune_encoder,1,2,312,8616d00b5609b9a12db9741cc2c276068fbfffd9d02b80e12bf3dc55ef37b07c,no,no,0.9996566772460938,1,1
learned_hands_consumer,finetune_encoder,1,0,313,65e5a2fd7a388ba873ac967c48adb5664e74f76db3d95f15af7230c45aa27115,no,no,0.5601723790168762,0,2
learned_hands_consumer,finetune_encoder,1,0,314,0b5ab1b563bc3ef18c295476f388386fadc1cf299ab20f258f1dffee0f8157b4,no,no,0.9999731779098511,1,1
learned_hands_consumer,finetune_encoder,1,0,315,c70617e5ad6a4b2e699841464467e2a1387594382a39a10f5f3aa0ba238dc8c6,no,no,0.9797978401184082,1,1
learned_hands_consumer,finetune_encoder,1,3,316,bc9f773c51514a7ad309a672115c1b9f79304095ccabcd53343b945d6ce19ec8,no,no,0.7079735994338989,0,2
learned_hands_consumer,finetune_encoder,1,3,317,0af96d52fa6c71f1943351f5d1a07e10d961983e0c4a66784a937ad8bbaf2f0e,no,no,0.7667483687400818,0,2
learned_hands_consumer,finetune_encoder,1,3,318,f4a7c81fbb4fe3b5a0cdb370b458074ab8fa6f11fe41ced9df994fd2f420f362,no,no,0.9867435693740845,0,2
learned_hands_consumer,finetune_encoder,1,3,319,71d38fe12b75052be0651bda2d4f4efe697b07d365bf41cb14841da2688b94f5,no,yes,0.8780657052993774,0,2
learned_hands_consumer,finetune_encoder,1,4,320,60a86bc631bcf63cb1c4ced84c0f60928e57bb2abcf79c23baa53fea95cc1aa3,no,no,0.9999215602874756,1,1
learned_hands_consumer,finetune_encoder,1,2,321,e06e690d6aad76f736293110bf1b57c294435c42a47933cd1acab74063fa7102,no,no,0.9980218410491943,1,1
learned_hands_consumer,finetune_encoder,1,0,322,a90e11f52d0e31db828e5d845e5fc33cb9bbc6922bce8244891dbc15b22a7483,no,no,0.8907225728034973,0,2
learned_hands_consumer,finetune_encoder,1,2,323,7f6a2fb0578a33bc0482677bbc588e70a785c7bea415b62486a564b37d2364a5,no,no,0.9996980428695679,1,1
learned_hands_consumer,finetune_encoder,1,0,324,91f9aed41e41a457675d9814a53f7e293fdcc37d5ecd967c9a49b0e1b38c3587,no,no,0.9909006357192993,1,1
learned_hands_consumer,finetune_encoder,1,2,325,ca37e43e8db1c44dbbb19c01ee3aa67ed7d3e032717d029d12d8ecc1e8da9e24,no,no,0.8137165307998657,0,2
learned_hands_consumer,finetune_encoder,1,3,326,2fb4fb6b593cdd7c3e2fd5c6e362a22a579395bb61b602c450cca3538b8e24ef,no,no,0.5319237112998962,0,2
learned_hands_consumer,finetune_encoder,1,0,327,c74e1031658129cec56f52de73b243a87d110480b7489b898798c788c64954c1,no,no,0.9940223097801208,1,1
learned_hands_consumer,finetune_encoder,1,1,328,12a1ea95bdc51debd507323d28586d8cd6725f1b2fb39a9a12ccea37dd723d96,no,yes,0.7165678143501282,0,2
learned_hands_consumer,finetune_encoder,1,2,329,985ec3dfb0c350854d7b1baac2c3332760dc5c321f1cafa4bfd44c6712e2ced1,no,no,0.8064551949501038,0,2
learned_hands_consumer,finetune_encoder,1,4,330,335fb0b1b9fad31fa5c37ca3233826815b93d197d51ad6e25f3adb819181b8d5,no,no,0.9827184081077576,0,2
learned_hands_consumer,finetune_encoder,1,0,331,c1a730a7b254e70e6ac0d37573a2caa83d4df82d7e52868bedaff06ebe6b6878,no,no,0.9689573645591736,0,2
learned_hands_consumer,finetune_encoder,1,2,332,2c4155ce67ad13aaa45fffc3554b95daf5261dd7f91fb8fd64dec003bfb9e74f,no,no,0.9590908885002136,1,1
learned_hands_consumer,finetune_encoder,1,0,333,6ceaa70ea927c42a727227f3a30b6f624dcea1bc117cb238827bb15af9517c39,no,no,0.9957544803619385,1,1
learned_hands_consumer,finetune_encoder,1,0,334,7d6f93cb8182ac12b92485985653cd0fd562085122909d87b4336f6ee3e4666d,no,no,0.9927010536193848,1,1
learned_hands_consumer,finetune_encoder,1,0,335,cf8776ba226b044303c6bd7ec8aa16cfacbe82cbb01b00fe365ab899a5adc5f8,no,no,0.963384747505188,0,2
learned_hands_consumer,finetune_encoder,1,4,336,63d2423f809c612df5098e911ca5ba908d510a563c38c6d97d504e390d18c390,no,no,0.996178388595581,1,1
learned_hands_consumer,finetune_encoder,1,0,337,52f14dd7aea76b56f013c46377c11006c81b564a73a8fa44e2a4843c3f9ff85e,no,no,0.9992363452911377,1,1
learned_hands_consumer,finetune_encoder,1,4,338,cd0992eca3b3ebd4ffcc36e8430e138824f9b105e6764dedf74a8ce2d5549fe4,no,no,0.950135350227356,0,2
learned_hands_consumer,finetune_encoder,1,4,339,5a8803fcccb50853b2c3856ee82785bd156f862dd26d34c99efdea4519a7e214,no,no,0.9588649272918701,0,2
learned_hands_consumer,finetune_encoder,1,1,340,617fea7762c73987c8e9da050c8cae25a1aefb6ea95ff5d081b8e51f028dbf2e,no,no,0.9686638712882996,1,1
learned_hands_consumer,finetune_encoder,1,2,341,d4093169f98d05e7565a5542038529f1fab35b60cfe43127811daa861d935feb,no,no,0.9911929965019226,1,1
learned_hands_consumer,finetune_encoder,1,1,342,e8a22694731ba2e5a7312f7d4a02b03f7e4bc081c76f7068d665ec82ab92f3c7,no,no,0.5786661505699158,0,2
learned_hands_consumer,finetune_encoder,1,1,343,7a0a05fc729a8f64cbb6ca9c295a3805e152b645fbd81571861db6a5918d5618,no,no,0.9539673328399658,1,1
learned_hands_consumer,finetune_encoder,1,4,344,1de94b175a0dc3b16576ef02ea9b734786aa3bc35b5be8fbeb644479593c01bd,no,no,0.991777777671814,1,1
learned_hands_consumer,finetune_encoder,1,0,345,7eba9bd21b877177f0ea63bb88313953a4c47a8eea950c93500fbc398e54e665,no,no,0.9990848302841187,1,1
learned_hands_consumer,finetune_encoder,1,4,346,aa01251703c5de088b207ee1e21487e51f88caf08d8d578aef87fead3ecefced,no,yes,0.9716320633888245,0,2
learned_hands_consumer,finetune_encoder,1,3,347,e9f5e96f340dd75e497ed93a4a1e722cfce986d2cec52aaa027ca7778586ad19,no,no,0.9875209331512451,0,2
learned_hands_consumer,finetune_encoder,1,0,348,4b9f93fed8e41a2a2c5f0994cdca3aca0eda1b96dbd2f74d5afcd2a43889c2e8,no,no,0.9976663589477539,1,1
learned_hands_consumer,finetune_encoder,1,3,349,f05855943024f908afbb53b1527e164e7e5e5ad16ec0192747e08513f2bf77c0,no,no,0.9718594551086426,0,2
learned_hands_consumer,finetune_encoder,1,4,350,1c49793aa9d1312bd32ea93d0d8c4aefe10836b786d8cadf7c97738717ce9d31,no,no,0.9983417987823486,1,1
learned_hands_consumer,finetune_encoder,1,0,351,580b5ac0770fb1b9a6472f9a88911a26a88cc2d70c1aa230e26ba6905581d32b,no,no,0.999794065952301,1,1
learned_hands_consumer,finetune_encoder,1,0,352,d1a95b753ee546201b5cf71e8a8910ffb93f06b981363dd24190b9627693f2cb,no,no,0.9992995262145996,1,1
learned_hands_consumer,finetune_encoder,1,0,353,f123cdff3722febd99751bb5a64770c85fc6707f63c07bae56510ead6672a690,no,yes,0.6788262724876404,0,2
learned_hands_consumer,finetune_encoder,1,0,354,013a1816aae065dc4d8f6a910347c85c867197f1497645a47e5cb14cab38f57e,no,no,0.9560497403144836,0,2
learned_hands_consumer,finetune_encoder,1,4,355,d27505c28fcef3d7434ea6bd8d7130e051f02503586c1526d71160be1310e40f,no,no,0.9990555644035339,1,1
learned_hands_consumer,finetune_encoder,1,3,356,1130e23cb8e7f0a6fc9e659f4c94b732fa1953b7a98b3a9fcafb074532c54af8,no,no,0.9878893494606018,0,2
learned_hands_consumer,finetune_encoder,1,4,357,9a69a9f0e0418372ec3def21b9ce927af42a49df1d185967290ada823319ad8e,no,yes,0.5504757165908813,0,2
learned_hands_consumer,finetune_encoder,1,3,358,d0b3728beaff318ee83ad916c45c5c6802c6634bab63d6de065eff3af6bb2839,no,no,0.9992189407348633,1,1
learned_hands_consumer,finetune_encoder,1,1,359,492cdbdcc254342378744c1f8b9dadd066628ace9a1a65a515633708701c9342,no,no,0.5743408203125,0,2
learned_hands_consumer,finetune_encoder,1,1,360,7c272499aa6af5b9c7b2de749a65adfa813cdc4061012c6f9a62fda253e08104,no,no,0.9766347408294678,1,1
learned_hands_consumer,finetune_encoder,1,3,361,e09a2160df994ff65eac81266e80dbb544860bb0bf9a7322caeeaddef40d8ffe,no,no,0.9514586925506592,0,2
learned_hands_consumer,finetune_encoder,1,3,362,7c408b03bdd1535120a56621fe2fc9d7c4ef4b22699b623e4970ee45767ebba9,no,no,0.9752824306488037,0,2
learned_hands_consumer,finetune_encoder,1,4,363,c41ad8c362d3233072dfc9f51c09010958870b25d095046a29cc7e47cafd392d,no,no,0.9999587535858154,1,1
learned_hands_consumer,finetune_encoder,1,2,364,67f538667db398f86344c56348d00c791c1ec9ac0aff37d556bb99dd32897983,no,no,0.9917858242988586,1,1
learned_hands_consumer,finetune_encoder,1,1,365,ddf035db365fff2212de2488a54adb763abc3e92a2dad325570e9d3251388841,no,no,0.652612030506134,0,2
learned_hands_consumer,finetune_encoder,1,3,366,aee3ace2d8ef27f3660fab84d93dad6ad86bf221676864042357c5e92059a85e,no,no,0.997348427772522,1,1
learned_hands_consumer,finetune_encoder,1,0,367,9913f5e62a1afcba67bee35c05d650381598f5b2c1380d1bb2a0f2ae1cc63e6f,no,no,0.99543696641922,1,1
learned_hands_consumer,finetune_encoder,1,4,368,00c018554b47c9496be37e1420e4483569efc3e3631c681205edc2ebb9c5b095,no,no,0.9666629433631897,0,2
learned_hands_consumer,finetune_encoder,1,0,369,2c68763833a784dd4f1a5569f0af102d4fcf6b344f917b9d6e68c91bf223385f,no,no,0.9986053109169006,1,1
learned_hands_consumer,finetune_encoder,1,3,370,c585104773d1883d86927f2b034566efd206fde08fe7e1d63efcf06f6ecd9275,no,no,0.9817859530448914,0,2
learned_hands_consumer,finetune_encoder,1,3,371,7387a5e5fad938d7e99b2c7c1f6e1158d97aec42e8d1218a21f1bfbd2e5ccac3,no,no,0.9971045851707458,1,1
learned_hands_consumer,finetune_encoder,1,1,372,8a778c2a7882c353ea19f4b4177b18f73596a4d0bdf7c066488b237259d5c92e,no,no,0.9735727906227112,1,1
learned_hands_consumer,finetune_encoder,1,4,373,66c80303be317d1ece0aedd4cef8d908db80607ebada9bb9e122cc5c60b05acd,no,no,0.9985588192939758,1,1
learned_hands_consumer,finetune_encoder,1,2,374,844bffeb2e27126213a382107f2bfbd2eeb29a0aa34b39db7c237d94aa21dc6c,no,no,0.9999611377716064,1,1
learned_hands_consumer,finetune_encoder,1,1,375,ecc85367e5cf37586c263dedf5b348a050bbdf6b9249645651c148dca3f30d6a,no,no,0.8255476951599121,0,2
learned_hands_consumer,finetune_encoder,1,0,376,2e572efe17abde9794ed1ca8e76aab48311dffe6e5f091aaf53a537351a6ec4b,no,yes,0.5936061143875122,0,2
learned_hands_consumer,finetune_encoder,1,2,377,8339831d993a8f59979c34ab2a332854935bb45ade809ebc382fde5b95859c6d,no,no,0.9088003635406494,1,1
learned_hands_consumer,finetune_encoder,1,2,378,42142d842605f05b949df18cb8a99bb35cb5a3e606e1f59cff43626743752be7,no,yes,0.7824205160140991,0,2
learned_hands_consumer,finetune_encoder,1,4,379,84f150b50421abc72aea1ff2b9e810ed64fba7c4f9d5ac41a9be6e901d2ee310,no,no,0.9997053742408752,1,1
learned_hands_consumer,finetune_encoder,1,2,380,e87ddebafaf120552bd4e34cf6953ec369024fb7fc6e707e8c74058e178b1363,no,no,0.9484108090400696,1,1
learned_hands_consumer,finetune_encoder,1,3,381,1338d4a9807f0d53047962b57d76cf583420487b44853e8aaab6f0d6d454688b,no,no,0.5504395365715027,0,2
learned_hands_consumer,finetune_encoder,1,2,382,ec007d3323dd2053bf052016919bc0af90796fa0ca1b0409c6082066ee97a50b,no,no,0.9996813535690308,1,1
learned_hands_consumer,finetune_encoder,1,0,383,d2cd0e5ee933d888b506be5632aed8062b91258070bea77b00cbf7a570a68547,no,no,0.9997771382331848,1,1
learned_hands_consumer,finetune_encoder,1,2,384,b6426951bbccc28e0d00959ce601a50cfdbc42f0b030169fc40a2d195b99f4ce,no,no,0.9993304014205933,1,1
learned_hands_consumer,finetune_encoder,1,4,385,a7f2631f19f997f8dde0f842d8a44c6be3a43a0e33208d7f010eeb998aedd90a,no,no,0.9951306581497192,1,1
learned_hands_consumer,finetune_encoder,1,2,386,ee780d03a703ecf7ba9c48251e78cd4e9b7af05645ad48fff61fa919cf492135,no,no,0.9986321330070496,1,1
learned_hands_consumer,finetune_encoder,1,4,387,2a45a35e29096acb668fa0ef232d5755b039d19bbf414f441fa03b6c6964e833,no,no,0.9999920129776001,1,1
learned_hands_consumer,finetune_encoder,1,3,388,db01549ee1c2f8c8cddf1988e9091c11b9c05afae796574b4aa7e58eeebe1ec7,no,no,0.9988343119621277,1,1
learned_hands_consumer,finetune_encoder,1,3,389,63faab04056ecaa75521d5f981daa271b06f41399397a77f5b18772f7982501b,no,no,0.9998251795768738,1,1
learned_hands_consumer,finetune_encoder,1,0,390,ae83caf06a839c78cbe1c040b85f5774b377a68c7cd5ca4e2df1e6b808f5c1b1,no,no,0.9997733235359192,1,1
learned_hands_consumer,finetune_encoder,1,0,391,9a3dd5e4246141a2e5cb3351f2f44bd41b29e28912043c8883ba1ee127ba989b,no,yes,0.7830334901809692,0,2
learned_hands_consumer,finetune_encoder,1,2,392,df2ca5f08012ee422366badb625b7e85f8f8d13eeebbc8ec9a4e52cb9755e245,no,no,0.8209736943244934,0,2
learned_hands_consumer,finetune_encoder,1,1,393,77b2b7af3d2e7d92346d21688da079b282d2e31d80505b4c19a05b664ed10fb6,no,no,0.9934539794921875,1,1
learned_hands_consumer,finetune_encoder,1,0,394,ce03177700db149631f5a0748437e3e8ce566671b3939640d10d100e63e3fd16,no,no,0.997800886631012,1,1
learned_hands_consumer,finetune_encoder,1,1,395,a47f0ccc3396c563d1d54cfa509c381c6e8ffadc05e947351c2c88540f5992b2,no,yes,0.8806715607643127,0,2
learned_hands_consumer,finetune_encoder,1,0,396,d28d9b72ec96132abafad4420752c4f56363e197e4763aacee93a17b42e571ae,no,no,0.8509764075279236,0,2
learned_hands_consumer,finetune_encoder,1,4,397,c6571efea3285b8369d41b3dd25ef48c253a0e321fcaeefa5d4e89023afe6cd5,no,no,0.9910297393798828,1,1
learned_hands_consumer,finetune_encoder,1,2,398,3f37d027870da81cb661495002a1a7fc86a664b28df5b372c3384fa16ab115db,no,no,0.9949944019317627,1,1
learned_hands_consumer,finetune_encoder,1,4,399,1195fd2a250615c2ef282030a1bd1f0805e2944f0343faea81ddf121d0ccc994,no,no,0.999919056892395,1,1
learned_hands_consumer,finetune_encoder,1,1,400,52755383856e91c2af9d9af2cb1b6b5e2474b17de3d5bc750e466a0cac60f774,no,no,0.9680342078208923,1,1
learned_hands_consumer,finetune_encoder,1,4,401,79a5f35751c76695e1441ec78b28a225fca1c41ea9c82882b2fc5535aa52607f,no,no,0.5693821907043457,0,2
learned_hands_consumer,finetune_encoder,1,3,402,e8b28f4ace8f9d83a962e68403786fac2eb9f58c6f2f6f2fb4f640879cb943c8,no,no,0.9994140863418579,1,1
learned_hands_consumer,finetune_encoder,1,4,403,49b50604e1e593b1474257b9770d20e0a60ddcf54a8b6890e153124f746b8275,no,no,0.9844916462898254,0,2
learned_hands_consumer,finetune_encoder,1,2,404,9d7dcd2eae72e13950ca10701a907c961252af1dd61008203f0937eed002f2d9,no,no,0.997819185256958,1,1
learned_hands_consumer,finetune_encoder,1,4,405,3f5ca9261b2891516e2a5d24447411595d9562c1ff20862e0b1016f7ff1c32e4,no,no,0.9603773355484009,0,2
learned_hands_consumer,finetune_encoder,1,2,406,4e20b69b4d085a8af12bd1e5f9d7e6232d82ab680cfc25e9a64195c6513cabd3,no,no,0.880321741104126,0,2
learned_hands_consumer,finetune_encoder,1,2,407,9000d55fade254c6ca05e4c143c5341da66479eca3cc7fcba053382ab0a06d2f,no,no,0.9995943903923035,1,1
learned_hands_consumer,finetune_encoder,1,1,408,1d4a66a5ebbe0fede76d2d78db8f5fc9f6c99b17daeca5cfecf1d41b10cf80b1,no,yes,0.6615709066390991,0,2
learned_hands_consumer,finetune_encoder,1,2,409,c6ab1cc27fcf3c46640e8614bb3cef65334f694f0dc7ebf7c14f0f95ff582cff,no,no,0.9681309461593628,1,1
learned_hands_consumer,finetune_encoder,1,1,410,2808314a91f63cd0f210000ca0d99e536b41a5ef2a38b09b99706154ed097563,no,no,0.9043583273887634,0,2
learned_hands_consumer,finetune_encoder,1,1,411,add411cc48fc3dd30ad7eef9eb447a04c306289987db61ee0f1a60eec669366a,no,no,0.9554628133773804,1,1
learned_hands_consumer,finetune_encoder,1,2,412,c5e98cba61f5b7e99d394fd52e37b44f2fa2d4bd59a64a4fa6df5eb9c7d968ee,no,no,0.9999581575393677,1,1
learned_hands_consumer,finetune_encoder,1,3,413,b065f229dea495ea981117badbe33bbb78f927032d079f6b45b57b9ff319ee3f,no,no,0.9980046153068542,1,1
learned_hands_consumer,finetune_encoder,1,3,414,ba9af4f96d08829a0c9ec6aba9efeff3a00a2093dfdfbd72c8bd45f2bc9e6a69,no,no,0.5974533557891846,0,2
learned_hands_consumer,finetune_encoder,1,4,415,5d18d68c26e2f66f512fe9593484b459f2bcea6aa210183c392cf7ad40ddb4f4,no,yes,0.9491009712219238,0,2
learned_hands_consumer,finetune_encoder,1,4,416,e78402c565c5685cfe8d6f3023b3e7d2a6cacb870295e754ff3c7bd88851a1a7,no,no,0.8611002564430237,0,2
learned_hands_consumer,finetune_encoder,1,0,417,83791c54b327f91dec027e1575b5e0d327a0464147f41406fc441098e5403ca6,no,no,0.9998990297317505,1,1
learned_hands_consumer,finetune_encoder,1,2,418,2054be735fa66a7be473f7d8d284cc496f2873f3c0ac26935232ccd60f9de832,no,no,0.996604323387146,1,1
learned_hands_consumer,finetune_encoder,1,0,419,bab1e0749854088c9ef136c8cc309c034a76a764cfc21fc0ff53362e4861636d,no,no,0.999805748462677,1,1
learned_hands_consumer,finetune_encoder,1,4,420,27beb276d0fba5a8e870d21c77162c178327fc1ad4e1c391cbb90aa0b33604e5,no,yes,0.9020383954048157,0,2
learned_hands_consumer,finetune_encoder,1,1,421,a1f504238378627ada42e6b4a5188dc174b5f75652a150163843892064abb22d,no,no,0.5178592205047607,0,2
learned_hands_consumer,finetune_encoder,1,3,422,a005428946110152b42b0ec6663ca35a25f83f6d59f5b03454dc6b5ded6ed03d,no,no,0.999835729598999,1,1
learned_hands_consumer,finetune_encoder,1,2,423,9cbbae94185f89046b6054bb9bccf79344fd2aa88fe2a30fc15f75d34aacbef3,no,no,0.9989383816719055,1,1
learned_hands_consumer,finetune_encoder,1,4,424,3be047961cac24031e53731a39990092e5be49c19c1bf50858f360635095935d,no,yes,0.9456415176391602,0,2
learned_hands_consumer,finetune_encoder,1,3,425,ce81291a07edef587b6b3aadc6149395b531a8bc2ccd91e5c553fafdef0a6317,no,no,0.9741418361663818,0,2
learned_hands_consumer,finetune_encoder,1,3,426,e39dbe75b89613b758ebfbe9bb10832f0a92b0a0f06161e751f68ee02db8bc9e,no,no,0.7199164628982544,0,2
learned_hands_consumer,finetune_encoder,1,0,427,77f8b279f1b0c7568831f06897e485c63de90d157e9f5bdffc950d8b5339b76b,no,no,0.9998940229415894,1,1
learned_hands_consumer,finetune_encoder,1,3,428,196d1c980028958aa696f055758fa3b2f6507b7e90205d1bb8c1232f9ed33879,no,no,0.9938016533851624,1,1
learned_hands_consumer,finetune_encoder,1,2,429,867ba8abbec80d2ad80edb9dbea0eda8dc5dcbafdfbe36aef9c42b95537f0f61,no,no,0.5313447117805481,0,2
learned_hands_consumer,finetune_encoder,1,1,430,72af3f1cbcff79519e8d830ce39f1aaf8bc7b8e3c6a420f8e0cd0db3ab43e396,no,no,0.9867048859596252,1,1
learned_hands_consumer,finetune_encoder,1,4,431,8ccfee9549ab36622cbef033779481a4709533ba1916a502e4daa4bee8356d6f,no,no,0.9632459282875061,0,2
learned_hands_consumer,finetune_encoder,1,2,432,f86e733c4aa27750c91274e7c1d24ef7fdb6886dedd3cd183e02ae97b21b71a1,no,yes,0.8736416697502136,0,2
learned_hands_consumer,finetune_encoder,1,2,433,4e5a84a0e6bc8a79290a97622c2e27f93f35d3bc1d958a174621ce41587bc723,no,no,0.6735815405845642,0,2
learned_hands_consumer,finetune_encoder,1,0,434,60115ad7adfb7cd44dc9d3974fa6e91f75d4314b459afb6ad7cf046ec468f5d0,no,no,0.9995811581611633,1,1
learned_hands_consumer,finetune_encoder,1,3,435,c2f8f30d2f33de3ff6d230fe420907389008f3f32d850a0d46c02bed9d4d96a6,no,no,0.9952561259269714,1,1
learned_hands_consumer,finetune_encoder,1,3,436,c260b7498f71fe45f1424fd2b9a9839f565e405a7d4dcec0225cc32b31aa3ddf,no,yes,0.9690819382667542,0,2
learned_hands_consumer,finetune_encoder,1,1,437,946f42d7871538b510e3f3addcd2c214d51128c8b0d1497d15b7386ba0a1356b,no,no,0.8058986663818359,0,2
learned_hands_consumer,finetune_encoder,1,3,438,2ccf77520a102a3a7f63b623e6874716be7a1cf26d8c0f666f6e7470e9e4c438,no,no,0.9683605432510376,0,2
learned_hands_consumer,finetune_encoder,1,1,439,a701c75cc7ffd4dd2d848114d88c55877c21ca6bc554b06f7a780af98fdede78,no,no,0.9226426482200623,0,2
learned_hands_consumer,finetune_encoder,1,0,440,1512241f1c901913c1bcb63d7c6958e6e29007920502c9eb4c9eb5dfdc429779,no,no,0.9927704930305481,1,1
learned_hands_consumer,finetune_encoder,1,1,441,8efb01893e2894f9a68dd4abe86e1aa3273c502cb488596dc29f5385ecaeb2c7,no,no,0.9604038596153259,1,1
learned_hands_consumer,finetune_encoder,1,4,442,1d2a94502aece3443e17b2cb63dfe225b7a8aeebd081ddb65e6bb2f671212a17,no,no,0.9909953474998474,1,1
learned_hands_consumer,finetune_encoder,1,2,443,0163ad6ff34e85877a0adf35a59c1a346599711f69d7bf4891317aada189c78b,no,no,0.9700040817260742,1,1
learned_hands_consumer,finetune_encoder,1,3,444,8bd8da3916ab6140c8983ae16bcdb2e8e857d786d5b0a809729486e67a0812d0,no,no,0.9988196492195129,1,1
learned_hands_consumer,finetune_encoder,1,0,445,04302b33dfe27e60dab505555f6ba88813973ef1386f0c8b08205ee51891f0e6,no,no,0.9996926784515381,1,1
learned_hands_consumer,finetune_encoder,1,0,446,1afd1fc0fa21504408f161026b0213f082b591b552e5a77213bf65d60bf4612b,no,no,0.9998806715011597,1,1
learned_hands_consumer,finetune_encoder,1,3,447,d1d3852aceaedd7f13c819c848f14ecc6dc897da4bfa78ed063ef32ce2ac63d1,no,no,0.9990791082382202,1,1
learned_hands_consumer,finetune_encoder,1,1,448,04a31af43a0322d4e234770268a71818baa3b9f7193dc123c6ce1e4fb24f3e72,no,no,0.9878745675086975,1,1
learned_hands_consumer,finetune_encoder,1,2,449,a8e84a61c494345c5650ad8117693f333deabc9e041a3b4a22aa1d06393231ed,no,no,0.9997444748878479,1,1
learned_hands_consumer,finetune_encoder,1,2,450,0854abafaea9b69c2c49c5f64e9f3c95f596dea3588670571b1ed57b744f59a5,no,no,0.9878664016723633,1,1
learned_hands_consumer,finetune_encoder,1,4,451,9f25eaeb6f65236347aee880ca9534bfc163ad085b06fa72eeb67b405f5f1d62,no,no,0.9999291896820068,1,1
learned_hands_consumer,finetune_encoder,1,1,452,cbfecefec8a53e69aa8f367aea02a4727b7ee5554da9e45a38e31f065cc3c169,no,yes,0.9812523722648621,1,1
learned_hands_consumer,finetune_encoder,1,0,453,bc4a406688a7b5efef17bfb1b4edbc67f35a63b3de8702b8068df824d666583b,no,no,0.9497617483139038,0,2
learned_hands_consumer,finetune_encoder,1,1,454,1c6dd5d561b55e7031e5f2adc0da0e9723f06c4b23e08e8904fc1e27c13cd9c6,no,no,0.9587370753288269,1,1
learned_hands_consumer,finetune_encoder,1,4,455,932d945f027160e21bfd51184d91d8727cfdf60e72226309e7516cc368fdc515,no,no,0.9968173503875732,1,1
learned_hands_consumer,finetune_encoder,1,0,456,27da743642e6fe9e9f70f9ff5b3c8febcdf419aed6c38e5e67fa09294c9d6ab9,no,no,0.5252180099487305,0,2
learned_hands_consumer,finetune_encoder,1,3,457,74043fddd5dce444be8d653b1c6f225528ef532997c766cbce4e5c660ade622d,no,no,0.9902063012123108,1,1
learned_hands_consumer,finetune_encoder,1,4,458,f417273fdbac343a73e3321b40e14d3eafed51eea5cb6c8b788b4ea1eb0afd8f,no,no,0.9645571708679199,0,2
learned_hands_consumer,finetune_encoder,1,1,459,df68371ca953f13c782ca05591a597acc4b878650efb047c1d8da558f203219e,no,no,0.9953582882881165,1,1
learned_hands_consumer,finetune_encoder,1,2,460,5a1f2ce82b72f9c1266df09ac2c4d257aa3bee8f5b3972e0fc839db712595ca9,no,no,0.9998425245285034,1,1
learned_hands_consumer,finetune_encoder,1,1,461,0b54969a9e57430db4a328e94f100a2c17ce2ecd53896ee28aa064697a2b1d8d,no,no,0.9116692543029785,0,2
learned_hands_consumer,finetune_encoder,1,1,462,0bab903026b7c3c9333fbe20f96dcdd314852e6516b76ab0c53d206790eefac6,no,no,0.9963473677635193,1,1
learned_hands_consumer,finetune_encoder,1,3,463,41fa77f140f955deec510a2825da39c611b3256f06db66f38fab47e7b78d20da,no,no,0.9755660891532898,0,2
learned_hands_consumer,finetune_encoder,1,0,464,2425edeaa0bb4c18efdb8f3cf3549bd1e238423ef48243512eb592127b04ee0e,no,no,0.9943140745162964,1,1
learned_hands_consumer,finetune_encoder,1,1,465,987eae7153585e7a2a0d88ba16f6807b131129542c68eb9138781ebed69e8cc2,no,no,0.7985873818397522,0,2
learned_hands_consumer,finetune_encoder,1,1,466,b24b2625eafa8e1b32b1e246012edbc8db39764b08f08c67c920f3b3350fe9ea,no,no,0.981734573841095,1,1
learned_hands_consumer,finetune_encoder,1,3,467,35b9bab2880db0b2d36d825afd233bf57bda9e5eef479a37b70a41a36c5a5879,no,no,0.9746394753456116,0,2
learned_hands_consumer,finetune_encoder,1,3,468,6f958da8adbf8531a95cda9abd9c5210f97bffa964d37b7cb0442bcb31d14c37,no,no,0.9790709018707275,0,2
learned_hands_consumer,finetune_encoder,1,1,469,9e30b352d1c79225ed762c8ded34d155a8f1a9acb805c8f881ea24631aafaca6,no,no,0.9881119728088379,1,1
learned_hands_consumer,finetune_encoder,1,4,470,6b2d81f7309dbbad5fd9af0af6a0d5e5c76e6ba2b87feadee3468b273edf16ad,no,no,0.7464160919189453,0,2
learned_hands_consumer,finetune_encoder,1,1,471,eaaf0b7320c280140ad331ea0601675c5fd7ff6a885286c80d46ea113a3cab17,no,no,0.9921648502349854,1,1
learned_hands_consumer,finetune_encoder,1,4,472,4e19f210464ca73a7f7a58cd3218cec482dee93c4f53abed18732ac581733e3c,no,no,0.9505373239517212,0,2
learned_hands_consumer,finetune_encoder,1,2,473,4115fad9f9b83db5ecb78a9be61669ad1018516abc1227f075d62f7563f98f22,no,no,0.9997267127037048,1,1
learned_hands_consumer,finetune_encoder,1,3,474,f0cadb5492e0ec183a3a3ea7616ae472ae6eff8bbcd445c563fa7c23da261ca5,no,no,0.9468989372253418,0,2
learned_hands_consumer,finetune_encoder,1,2,475,531a57b154dbd769d4108e15531d27140a960b9c18d233351c7d62f188b8f6f1,no,no,0.9999839067459106,1,1
learned_hands_consumer,finetune_encoder,1,0,476,8fa4139dbe239bba25434909e55f2fa80c50269832bb68550d65299db5619836,no,no,0.9998654127120972,1,1
learned_hands_consumer,finetune_encoder,1,1,477,9aec94ea158756c81b27ab95c8b331de3d51619d6ed22d22437d837182c56810,no,yes,0.9864371418952942,1,1
learned_hands_consumer,finetune_encoder,1,1,478,dc31283a842264461700a1d07d553bc3be03295a75df6770fa6c06015b16fc4d,no,no,0.87364262342453,0,2
learned_hands_consumer,finetune_encoder,1,4,479,d8bcfed355b99213c89ac1a9ff427c6c4b1ed05f140ef324e243fdff43ed062e,no,no,0.9992409944534302,1,1
learned_hands_consumer,finetune_encoder,1,4,480,01de597cf467f8e74cdcd5967327e64399908a15ce5348852dd9dd952a970715,no,yes,0.9640260934829712,0,2
learned_hands_consumer,finetune_encoder,1,1,481,6d3f546cc7e65f909112f42a52f7c36c1144c6845909f5c0f68d093fbfcdd8fe,no,no,0.5519576668739319,0,2
learned_hands_consumer,finetune_encoder,1,0,482,76ed3dfb2ec9e6a39f0bdd9bfc8057cdacba2af71015e9bdb02dc0313489169f,no,no,0.9997072815895081,1,1
learned_hands_consumer,finetune_encoder,1,0,483,931e120b8c3a8979cf4a37513bfbbf87c5b064b350a60733e2408dda7477646e,no,no,0.9987629652023315,1,1
learned_hands_consumer,finetune_encoder,1,4,484,cecaae8addd481078cd53a5a69e5d8da4b6a98a516613269f4137b01782983d7,no,no,0.9995180368423462,1,1
learned_hands_consumer,finetune_encoder,1,2,485,b07d2a4ff6a8dceaa18e35705a350c09b7e7f46cd67cf1e630b3cf325c46cc0f,no,no,0.9994876384735107,1,1
learned_hands_consumer,finetune_encoder,1,2,486,012a4657825e2d7e50ec63501a9322690acfd4226e288797e79c2df8d26962ba,no,no,0.9999610185623169,1,1
learned_hands_consumer,finetune_encoder,1,3,487,20b699538b4fb5aba69b8c97153f171766a2c4674e8e33eac9eebb1206529fe5,no,no,0.9995649456977844,1,1
learned_hands_consumer,finetune_encoder,1,2,488,c837c365cb2af81ad03b9121ec3ef43ab40d330362b3b4a17acbdc6fe37d85d0,no,no,0.9999946355819702,1,1
learned_hands_consumer,finetune_encoder,1,0,489,ed3eae30ccd079f9f129d55e81fae1839ca02ea3e96d61c56b1ccf55fe84687e,no,no,0.9977310299873352,1,1
learned_hands_consumer,finetune_encoder,1,3,490,18d65e6e4ac267b954fab721a8d2cabcf4346e461537cf69de5e72f51a7c5a79,no,no,0.7344114184379578,0,2
learned_hands_consumer,finetune_encoder,1,4,491,1de0c196d21d27621ca7c6e1b0386331881a85a41a05c700ff3c5d698d48eaae,no,no,0.969912588596344,0,2
learned_hands_consumer,finetune_encoder,1,0,492,daaaa7023a2b99c5064d440cbb801b79c0f04aca364a814e84dc1c4dfc3865d0,no,no,0.9194023013114929,0,2
learned_hands_consumer,finetune_encoder,1,2,493,ba5d6e2c09e4d63bb1beb689879578b510654791dece0cda170619655fbe60bd,no,no,0.9245687127113342,1,1
learned_hands_consumer,finetune_encoder,1,4,494,0769d7b7837170d8be575bfc0f6247cb8aa473af2eea89363f68c41a10d2c7e0,no,no,0.999403715133667,1,1
learned_hands_consumer,finetune_encoder,1,2,495,cc8b2d0978320bbe51dc5e4b1de74ef4b9b277de2e23e12d234df5eb07e460e7,no,no,0.9911360740661621,1,1
learned_hands_consumer,finetune_encoder,1,3,496,e613741978772ff2af35a8e2703f6574aa51e0f59b958d0ac40bd784a691696c,no,no,0.9974779486656189,1,1
learned_hands_consumer,finetune_encoder,1,2,497,30fc1431cc1bd1aa3cf2160a194f94ab74b259ec3b1a245d9a44d4c7cd36702f,no,no,0.9994134902954102,1,1
learned_hands_consumer,finetune_encoder,1,0,498,3e84f9a77980c8201610e1fcd383fac5825e27ba6d5747b53d07a15d820d1826,no,no,0.9991764426231384,1,1
learned_hands_consumer,finetune_encoder,1,1,499,45f440261959716e956eeb1411ef4686bed9e9775d8fda7f31816a338fa7aa25,no,no,0.9294595122337341,0,2
learned_hands_consumer,finetune_encoder,1,0,500,3369d09eaa0b33274bebd84d0cf53afc9ebc6dd6dbc8f7ea6cdc98d71324c90b,no,no,0.994046688079834,1,1
learned_hands_consumer,finetune_encoder,1,1,501,310cdecdcb36d755a158b4b234f965e433bc5d653ce95ec34814c492542b6e9d,no,no,0.9776389002799988,1,1
learned_hands_consumer,finetune_encoder,1,3,502,3f4cf00bdfec2adfe98cd9ed014b1bda2da6b65d534ee0ae60f5a1f4cc7d8bed,no,no,0.9999445676803589,1,1
learned_hands_consumer,finetune_encoder,1,2,503,bb5add493ea70afa2c752943a32010d534375afbf274f76364f5fd08c8551486,no,yes,0.9962738752365112,1,1
learned_hands_consumer,finetune_encoder,1,2,504,04a671661b4a945504156fd0073b7bf79e85f7d32382c0d0180634ee46e850af,no,no,0.9993311166763306,1,1
learned_hands_consumer,finetune_encoder,1,4,505,fd1fe8184fbcfa582a0b2176a6b8d3a33eb68e84c3e941c4565a70212f082b27,no,yes,0.9926869869232178,1,1
learned_hands_consumer,finetune_encoder,1,0,506,231ee3f5f275519cba825473068fc96cf01d3913b5d14fb747b2bda5abc8ab6f,no,no,0.9995191097259521,1,1
learned_hands_consumer,finetune_encoder,1,2,507,6739991faf5aa8fa1e6c64dd6d08390a1287fc09742cac2994b33432d5338df2,no,yes,0.929783284664154,1,1
learned_hands_consumer,finetune_encoder,1,4,508,37ec98dd44986f754e0baa73863d4c9210b359d2ba344ae645cbc8abb39da92f,no,no,0.9960768818855286,1,1
learned_hands_consumer,finetune_encoder,1,4,509,b49a2505659c683cb11a3df13847ac8045a46adfd8192d2c76391a8803a1f4c8,no,no,0.9968662858009338,1,1
learned_hands_consumer,finetune_encoder,1,0,510,a8217fa585bcf051c42ce021792455104c0b30538cee9d1851b1d4287e25e0f1,no,no,0.9993984699249268,1,1
learned_hands_consumer,finetune_encoder,1,1,511,e9985a996c1b2327f2216eff3e962fc84a378f193e0d95ba12e5529bf99d15a9,no,no,0.9943410158157349,1,1
learned_hands_consumer,finetune_encoder,1,1,512,df1f494b116ab1943fdfa5b41fa750c836fe604c800651280911f0dc4580a3f8,no,no,0.9798299074172974,1,1
learned_hands_consumer,finetune_encoder,1,3,513,be04d6d56aebd1e9f64044842226e835ae6154a25190109a1e2e0693bee8e9c3,no,yes,0.6729212403297424,0,2
learned_hands_consumer,finetune_encoder,1,3,514,da3a06f0dd47af3a2b4ad51ae4de160a3f203e163224d6995c3218e0611096d0,no,no,0.9931053519248962,1,1
learned_hands_consumer,finetune_encoder,1,1,515,5c56a2375937744f352e8a6ee8be863d82c01648dadf59d6e0540e4d4cd3aa63,no,no,0.9951990246772766,1,1
learned_hands_consumer,finetune_encoder,1,0,516,77ff7a6cc1e79bc95cfd0df1cf2351b19e130cc482374a04d5967c1a85d54773,no,no,0.9949487447738647,1,1
learned_hands_consumer,finetune_encoder,1,3,517,4a00c73ae7c6524fa4c17e987d72c3f6fa272236cacd79ed166db4d45eebb2aa,no,yes,0.8556355237960815,0,2
learned_hands_consumer,finetune_encoder,1,4,518,57d7010f1071da7d8e1852e639021c19ce4b58849818194549f19da7d793ed5c,no,yes,0.8033092021942139,0,2
learned_hands_consumer,finetune_encoder,1,4,519,b0346537dd7db9e6927d457dddb797ca2160ccc494e76289b9cefcedf036ceb3,no,yes,0.9582728147506714,0,2
learned_hands_consumer,finetune_encoder,1,1,520,c2be9f06745a8c52db0133bd1fd943903f7fbaa625b0d3d34c2fce9d0ae875e0,no,no,0.9979450106620789,1,1
learned_hands_consumer,finetune_encoder,1,3,521,75d05aaa2c22410aa8b7fffcafce5468bcd99117194cefbea4e1ac86f5f351f4,no,no,0.8962860107421875,0,2
learned_hands_consumer,finetune_encoder,1,4,522,db05d6507e5e3fa1d10142d3d8a1447182ad4bbba3e4a8370275f7fa482603f1,no,yes,0.9756895303726196,0,2
learned_hands_consumer,finetune_encoder,1,4,523,0cd164612e455d558e41fa9eeac7cdf9afda934ca9be5ff6ca58723a0d4f1a00,no,no,0.9932326078414917,1,1
learned_hands_consumer,finetune_encoder,1,0,524,64748ff82f5a0b3935c4b036e55eaa3dedc4952ea2df451bb4489eeb560981ca,no,no,0.9997820258140564,1,1
learned_hands_consumer,finetune_encoder,1,1,525,b84cafbdf8906d4952f89b6677c260f193b288cde9bd9a044da00429a5c1788c,no,no,0.9599729180335999,1,1
learned_hands_consumer,finetune_encoder,1,2,526,c2c2b5dbf3e12a911a20a8938927cbc7333ac84a79c8659cefb4366be01ff7c4,no,no,0.882523775100708,0,2
learned_hands_consumer,finetune_encoder,1,0,527,60c6f915b166a49f3d467e29663aefd916fdb4febc3aed6e9f86dc861d89cdb0,no,no,0.9959341287612915,1,1
learned_hands_consumer,finetune_encoder,1,2,528,5b8d9992b62967320c49f0330151d6b9b87e86c8b4abbfb6622903ab97a5142b,no,no,0.982279360294342,1,1
learned_hands_consumer,finetune_encoder,1,1,529,57d3ccebff848e81befa244f69489b9a171ab42168f6bbc6325439c85b7b0df5,no,no,0.9657089710235596,1,1
learned_hands_consumer,finetune_encoder,1,3,530,dcc018d1aaf56509688079bc8783b9b23e0de1b677409b02d41284d2fca9040c,no,no,0.6307439208030701,0,2
learned_hands_consumer,finetune_encoder,1,1,531,4d5492ff6e79ebaf69bd06ebbeabe63809050a927815a156c8a8972229eba0ba,no,no,0.8325082063674927,0,2
learned_hands_consumer,finetune_encoder,1,4,532,ca3ecf1c1ef162d48d1f7e17896f1037dde115892608733e846ec86140631f89,no,no,0.9685655832290649,0,2
learned_hands_consumer,finetune_encoder,1,2,533,0305a9b842d8022160096d7a46730fab12122cf58393b7bcfe6ad6852162bdcb,no,no,0.9999456405639648,1,1
learned_hands_consumer,finetune_encoder,1,1,534,3d57a7bd684e91a426d743d44a7a8feae1ccc11b7320dc7c64cdfff7f5651caf,no,no,0.9481334686279297,0,2
learned_hands_consumer,finetune_encoder,1,0,535,f5d5f15ce9ba190a7120001abc42f1cf21e20e7f2a019fd07a91090882dbd6f6,no,no,0.999839186668396,1,1
learned_hands_consumer,finetune_encoder,1,1,536,903fd0d792e220feea54ad37c84686d6e6b8e59535fa16d13bc36658f1fc28c8,no,yes,0.9692999720573425,1,1
learned_hands_consumer,finetune_encoder,1,4,537,9d9b4526cbe24d2a6f2890adb86aace884014a95851e78352d3f4ff1cdcc50dc,no,no,0.9707292318344116,0,2
learned_hands_consumer,finetune_encoder,1,4,538,30a2b5df9ae4ed2e010f7c2d068372ace7e2577350940484bb48430ae9ea7278,no,no,0.8624626994132996,0,2
learned_hands_consumer,finetune_encoder,1,0,539,14dd48f8f89acc71cb973a464b51478fbbeeac5361ae069ccdf18c010692573b,no,no,0.9935842156410217,1,1
learned_hands_consumer,finetune_encoder,1,2,540,60cec153bbc5f214e7135f4d89ed8528e27743234f4739a1eb92e34f1ff44d86,no,no,0.9616219401359558,1,1
learned_hands_consumer,finetune_encoder,1,1,541,5588471057013e09e22216f158d5fbdc584f612606d94687c13be4b2e55f5896,no,no,0.9430040717124939,0,2
learned_hands_consumer,finetune_encoder,1,4,542,dc192552b483d0ac3a6d1651b8e21b40837a9426816d9e3f64498e131d76e734,no,no,0.8913097381591797,0,2
learned_hands_consumer,finetune_encoder,1,2,543,f1f6e92601fdf06f7ca1a57e7556c20884dc45c096f396b9e825f5e32c0f7a59,no,no,0.7937142252922058,0,2
learned_hands_consumer,finetune_encoder,1,4,544,3c76189ba90d25579e258776ba63c3c30d8b7d53a978703cf331ee251b4e5890,no,no,0.9925259351730347,1,1
learned_hands_consumer,finetune_encoder,1,2,545,43a6bc4480553f9b0a214f75f6d48c8e8ce7abc4b7be882e01a9e9df8108a1b0,no,no,0.9989529848098755,1,1
learned_hands_consumer,finetune_encoder,1,4,546,3da37e63dffad75b2ee9a58d491a68e212af0b7d71ac858045a8657165bfadd2,no,yes,0.9961351156234741,1,1
learned_hands_consumer,finetune_encoder,1,3,547,58137e64ac41ed8e7e81d207383d87b5226b5658728837915a21ffd225d0754b,no,no,0.6193380355834961,0,2
learned_hands_consumer,finetune_encoder,1,3,548,c9760c7df4fc3eb826bfb31e080137911ab35ae7f2295614373536be38ff7a63,no,no,0.5487013459205627,0,2
learned_hands_consumer,finetune_encoder,1,0,549,f68d2b36b0aa1fe05ff7cfefd1bef8b411b59bfd2547573231a9358ce4a847af,no,no,0.9918290972709656,1,1
learned_hands_consumer,finetune_encoder,1,2,550,9d038dd0243eecf6b7473c2626d4e82af31cbb7798372022403db2c53aac85c4,no,no,0.9999696016311646,1,1
learned_hands_consumer,finetune_encoder,1,2,551,1f966f4c818ddbda27cb669513c943ee46d73d5252c0de4770bae3e0b1407c6b,no,no,0.9878394603729248,1,1
learned_hands_consumer,finetune_encoder,1,1,552,47f5ff1d7bfe7621611a502c23a7ceff9d308e2a1dabd5f29755fb341ed42da2,no,yes,0.837253212928772,0,2
learned_hands_consumer,finetune_encoder,1,0,553,d4edcad2012a13062a63322c80d9dda6748d539f3ccc68a8ca8515cbf779e532,no,no,0.9996933937072754,1,1
learned_hands_consumer,finetune_encoder,1,4,554,ba2d5b4602e83fd349fad98b24b38a99bfe1443da99a67d27ba98c8d58a7b182,no,no,0.9992102384567261,1,1
learned_hands_consumer,finetune_encoder,1,1,555,a6dd6a0f17139acfd501f939d766455a6f082f486b04d50843f5897c950f5a6b,no,yes,0.8732287883758545,0,2
learned_hands_consumer,finetune_encoder,1,1,556,a1ec095ee15753680fa1dcc2cbce2e048c960c54a4c671af2b889ff01c2a78b1,no,no,0.8899453282356262,0,2
learned_hands_consumer,finetune_encoder,1,4,557,f50ac2f7ee90df358f730bee0cc541912730af6dc27f334b51ce011788751780,no,no,0.7280909419059753,0,2
learned_hands_consumer,finetune_encoder,1,4,558,6dbf7b018c755e5418a5bb8020c0e3e0b3b6c2802141270907880a6f7cf37e03,no,no,0.9953179359436035,1,1
learned_hands_consumer,finetune_encoder,1,3,559,8028cfbd1a2e6305634a58811aaf0ab86462c0aba3c14fb71b4e2d5c466e76ed,no,no,0.99810791015625,1,1
learned_hands_consumer,finetune_encoder,1,0,560,9a51675376b7b3914122130018ee7839fc678cd936b6b9ab2de64d3095595d93,no,no,0.9984089732170105,1,1
learned_hands_consumer,finetune_encoder,1,3,561,46db7874bb17bd0bfc4da9f20d511677c89d9d72e7616f5d2fea321d16a4d2c8,no,no,0.956824004650116,0,2
learned_hands_consumer,finetune_encoder,1,2,562,703e4efa32ffec639b9f5832aba111107a1d6a46aa78b9f0bcbf55786e115a58,no,no,0.9969885945320129,1,1
learned_hands_consumer,finetune_encoder,1,3,563,7deec0af5174e4beb0d092237b7a51ba2fdd2750e9d0d6b70fc7c0a7dd3274b5,no,no,0.9952538013458252,1,1
learned_hands_consumer,finetune_encoder,1,3,564,9f89ce31649f5aadaf8602b1ec128212bc82f53bdd4b070be2656d39389bfd3a,no,no,0.9851522445678711,0,2
learned_hands_consumer,finetune_encoder,1,0,565,52c676261b9c0ec1700eb1af704f89bafe5d3cc2fcde6e3e53ec8d62cdd6d2a4,no,no,0.996764063835144,1,1
learned_hands_consumer,finetune_encoder,1,1,566,46c570bb238fa00c335738e90e9894fd264ea59da9a43983805ace67cda3babd,no,no,0.9654812812805176,1,1
learned_hands_consumer,finetune_encoder,1,4,567,0cce10f57330f13a1fa4583d7fcbaea0ea54631244d26f8a6d66cacba2bc5e86,no,no,0.9997609257698059,1,1
learned_hands_consumer,finetune_encoder,1,2,568,23d530283c7fa6d23eb17ed2448ff4204346f82e1ff6bba839e171c25a835f45,no,no,0.9550595283508301,1,1
learned_hands_consumer,finetune_encoder,1,1,569,1c260489f250e26aa71f0f67af2d93564ae951b62570cc33391ef77909e9ff99,no,no,0.8924120664596558,0,2
learned_hands_consumer,finetune_encoder,1,2,570,a069da037392da85deec01ab7ac053f17bb4d2f8fef4cefb41ffe8b522d078f9,no,no,0.9999924898147583,1,1
learned_hands_consumer,finetune_encoder,1,0,571,524bb5bf6132a668b140a529e1e06fd9231839d3f515499d615f2e3cbc7aed03,no,no,0.9982571005821228,1,1
learned_hands_consumer,finetune_encoder,1,3,572,698a24f5972ce2399e34b386818b23e9f4e394b92851cbbbd6edb8b88c1afd5b,no,yes,0.9609202742576599,0,2
learned_hands_consumer,finetune_encoder,1,0,573,49f564d4ddfce6dfcee859f3e9357c9ab50ff9c0235c7f8261f86942a80bdb88,no,no,0.9999204874038696,1,1
learned_hands_consumer,finetune_encoder,1,4,574,3ac0c82ca7beef115b86522a5f5f46bd39ba3538af171995361348eafd9b9e20,no,yes,0.9835034608840942,0,2
learned_hands_consumer,finetune_encoder,1,2,575,867d8d7d603b8ba49fd2224d4e9a4e31af79cb37a9eadbd99a914e0587a6e215,no,no,0.9960804581642151,1,1
learned_hands_consumer,finetune_encoder,1,1,576,85d2a625103432a6e270c523b2b82873753c1aadea3a856047d52d54f77d7fec,no,no,0.9950209856033325,1,1
learned_hands_consumer,finetune_encoder,1,3,577,710dc3cc876b848944aa42d1a09e59b9090754a8d9bd4a8ec6a95c1d915c9b4a,no,no,0.9966636300086975,1,1
learned_hands_consumer,finetune_encoder,1,4,578,085d8a8bf0abb16a3a525ab8ae49de081115d9b133ea5c0286dcc920fa1332ce,no,no,0.8957710266113281,0,2
learned_hands_consumer,finetune_encoder,1,1,579,b22ac3b6da6efba6a1c054601441ac802d6282b2f6c93b97b3f41378a9f9df7c,no,no,0.9508418440818787,0,2
learned_hands_consumer,finetune_encoder,1,0,580,a0a8970a8f7abab6606c6c0dc4e4ed89f48960d36710902cbf788bcae8d59835,no,no,0.9998471736907959,1,1
learned_hands_consumer,finetune_encoder,1,1,581,c830685ae56b6f1b2910c6ab5de01bdcf3e93705d4ae3850481e9ae6a7ec59c8,no,no,0.9936084747314453,1,1
learned_hands_consumer,finetune_encoder,1,4,582,a2b8614a6474da04bbec6a1b3421b6c93d315cc44e8958073d1b9652801f4710,no,no,0.9978455305099487,1,1
learned_hands_consumer,finetune_encoder,1,4,583,2fd3a1b7a973326e591034aa7863f5b09e42e05bb1e3f9d6cc311428d449d4f4,no,no,0.9882915616035461,0,2
learned_hands_consumer,finetune_encoder,1,1,584,f221ac70290bacf70893417c277b4fb7396aa9262713ef18f437e8c1e5da3bcf,no,no,0.8963363766670227,0,2
learned_hands_consumer,finetune_encoder,1,1,585,a1f95e95ed3bf1df04e2d7306db27c5cd135ef9ea77def78c12cf2c81619e8c3,no,no,0.9654144644737244,1,1
learned_hands_consumer,finetune_encoder,1,1,586,2ce709e73ee4451d404c5cdc00ea37833fee0b356b8f16d76ff2479b2cbd353b,no,yes,0.9850466251373291,1,1
learned_hands_consumer,finetune_encoder,1,1,587,618c4d63aaf62f407f26f35d636080cc1e0a032d82f4d1e04c0fb1cf65048718,no,yes,0.9256178736686707,0,2
learned_hands_consumer,finetune_encoder,1,4,588,4f6bc5578f8ddb17d988262058901424533577bd28369751a61118a761761e91,no,no,0.9949784874916077,1,1
learned_hands_consumer,finetune_encoder,1,3,589,a9192bcdf65d01e592abf6f0b177a9853ed1c4a2b0ee8742dab11341eaee29d1,no,no,0.9421537518501282,0,2
learned_hands_consumer,finetune_encoder,1,3,590,067cce98506849a73d82e859c38940708382620ea642806d23cbb8de5187231e,no,no,0.8599609136581421,0,2
learned_hands_consumer,finetune_encoder,1,0,591,b576cd2ec8f9c40c2bb0abe987f064c2f9f1c25f94d4565ddd83377473d48859,no,no,0.9988477230072021,1,1
learned_hands_consumer,finetune_encoder,1,2,592,5913bc49040be5c85504a852ac0a112f8e7e340d2c39fb67d7067ee3450e5e13,no,yes,0.7564883232116699,0,2
learned_hands_consumer,finetune_encoder,1,0,593,a25e7edfa72a41526ddc2db76023d27c2db12a24984d2e5a716da973b523f27e,no,no,0.9997407793998718,1,1
learned_hands_consumer,finetune_encoder,1,2,594,d10b6556e2004b51129b987f5c4531830e2b0822cf2d7017e10a5414707669d9,no,no,0.9869307279586792,1,1
learned_hands_consumer,finetune_encoder,1,3,595,d6d5572c752218b14019ec07e189728c9b3ddb8d34c3d70488fe782cc31aa988,no,no,0.9992068409919739,1,1
learned_hands_consumer,finetune_encoder,1,1,596,07573b273be6697368d57299de8abf31240b9402c15219c81c2ee8f9a7f2aa62,no,yes,0.8311582207679749,0,2
learned_hands_consumer,finetune_encoder,1,3,597,6dc6cf31b2c1894f7bcfb26a493a4e5756971e007f5e7be26036cf50c17d7eb4,no,no,0.9967231154441833,1,1
learned_hands_consumer,finetune_encoder,1,3,598,7aa6dcf85749745744d1eb12d07f65d4b80960c401365645658ffdacc98c266a,no,no,0.9837701320648193,0,2
learned_hands_consumer,finetune_encoder,1,3,599,5d91de0107b67446aed45672dcfdef4f58baf8f1c037cbe894d9bb1e9578101b,no,no,0.981432318687439,0,2
learned_hands_consumer,finetune_encoder,1,2,600,684294f8c7abfb0278d36770f016d23248fd859f28c36cd2400da167f3b2b1ee,no,no,0.9999879598617554,1,1
learned_hands_consumer,finetune_encoder,1,1,601,241cef5b8e4490252fa54625f6d6db8138d2f2b6887914926c4714fe63225592,no,no,0.8687261939048767,0,2
learned_hands_consumer,finetune_encoder,1,3,602,264bdc1770e2864da6160b2fb689ad40913ffdda9bc24da7cd4f73e375da64a9,no,no,0.9990041851997375,1,1
learned_hands_consumer,finetune_encoder,1,0,603,8b25bda48a03414701e65d70dfe129b08d8a1fffbfd6d253c4f8eab80b8e7ef4,no,no,0.9930243492126465,1,1
learned_hands_consumer,finetune_encoder,1,0,604,a98c95b8dc90508ce61bca07aac73b3000d782c3e8bdb2d8094fa8851213e843,no,no,0.9750170707702637,1,1
learned_hands_consumer,finetune_encoder,1,4,605,2e2dab0aa3f72da243e332c4316fe221543965532bf45ff04017e1820a01ffa5,no,no,0.9999595880508423,1,1
learned_hands_consumer,finetune_encoder,1,3,606,f898c42315c66b3c1b4818313a33706910ac2498fef748ca5f12df32ed4ea670,no,no,0.9815966486930847,0,2
learned_hands_consumer,finetune_encoder,1,0,607,edf5ecdbda4cb86f3f4fd1969bf42ba5a7eededc822406ff5bcdbad487d0ebc0,no,yes,0.994040310382843,1,1
learned_hands_consumer,finetune_encoder,1,1,608,41d5caaade46df5dd642cfcc5a1c383a53ea033ab68bf9753d941c8fa472857d,no,no,0.9423085451126099,0,2
learned_hands_consumer,finetune_encoder,1,2,609,20cf2204cfad79c36173c2020ce3d9d1d7bfe049a4659016961fb1f7d34524d8,no,yes,0.7637256383895874,0,2
learned_hands_consumer,finetune_encoder,1,2,610,0970bb84fe7a7ae10755b3ff8e069375c894baa731baadab88c5b85d95df1cc1,no,no,0.9999299049377441,1,1
learned_hands_consumer,finetune_encoder,1,3,611,53722369d56a509c380ff23472de54953b911d83728e74087c7864d9bf6c5d11,no,no,0.832481324672699,0,2
learned_hands_consumer,finetune_encoder,1,2,612,dc4a5fdc229e8eb8b4651e9829068c4a686c371d36c72e2ff9486195b6f27065,no,no,0.9691103100776672,1,1
learned_hands_consumer,finetune_encoder,1,2,613,1b06f4f278599f2a5f0149ed64529530669a8a3934e0d4e09cf02e4eb40c20b2,no,no,0.9999305009841919,1,1
learned_hands_consumer,finetune_encoder,2,1,0,a379a87ff3cdf868abd2168b8f7f1448c858c1c0293a0324128a1f9795c2495c,yes,yes,0.9992303848266602,1,1
learned_hands_consumer,finetune_encoder,2,1,1,191f0937cb2c89fc2ee6de2cf962022796a21348bccce723e58dff5138f4aa85,yes,yes,0.999987006187439,1,1
learned_hands_consumer,finetune_encoder,2,4,2,23e415128308be018936edfbe782216c59135a5373afcc67391ab30b99e4fab4,yes,yes,0.9528879523277283,1,1
learned_hands_consumer,finetune_encoder,2,1,3,d020ae25740133b72d326d57b58504372281f70e6def4d5a95655465a0e91468,yes,yes,0.9995560050010681,1,1
learned_hands_consumer,finetune_encoder,2,0,4,7505269b5e689b850bf04d86c3aee556710bf7ed7473e80bb32cbf4ef909b78b,yes,yes,0.9999995231628418,1,1
learned_hands_consumer,finetune_encoder,2,0,5,ebbf5dce638a03352aa5ce9e76ea526855fc19fe426785e9d74da0b972447b56,yes,yes,0.9999876022338867,1,1
learned_hands_consumer,finetune_encoder,2,4,6,3682fd0cb52ef152a5e499e4441ac3d86a735973de9e3062a809fc58d80f083a,yes,yes,0.999944806098938,1,1
learned_hands_consumer,finetune_encoder,2,1,7,a1352482ea4516a24b594ccbf2ed311516cde0785a8edf4e41b8b20657074dd8,yes,yes,0.9998749494552612,1,1
learned_hands_consumer,finetune_encoder,2,3,8,5655b74e200dc643bf62729b26c6760f786b1d110abd671cd8122c5d567f2846,yes,no,0.7851145267486572,0,2
learned_hands_consumer,finetune_encoder,2,1,9,30f3878dfeeec4bffed1d8ed0fd2feaa3165fc8790712d0e6c993ba632a91571,yes,yes,0.9982481002807617,1,1
learned_hands_consumer,finetune_encoder,2,2,10,ff770b8fb5998da87b58b103e84a37ec674949fd2d8708f87b7aa392185f98be,yes,yes,0.9996097683906555,1,1
learned_hands_consumer,finetune_encoder,2,4,11,025030168186d6dca4ceeb0def0c282fcd27d1c293abe1a0d6f41c0ae9ae34dc,yes,yes,0.9998389482498169,1,1
learned_hands_consumer,finetune_encoder,2,0,12,241960fe59164730ab7f2221e78ff75ddf5d07ef6b0c664c078d091bc787b69c,yes,yes,0.9999992847442627,1,1
learned_hands_consumer,finetune_encoder,2,3,13,ce32ef1dbe79dfac3d0eec018d4e7404296ad6ab06b519aef7132243fecc9c2e,yes,yes,0.988214373588562,1,1
learned_hands_consumer,finetune_encoder,2,3,14,3a9f35dbcf5d11d5980a668dd0ac8a317654d4e4f8ee28518fa931a589f5ed3d,yes,yes,0.9946468472480774,1,1
learned_hands_consumer,finetune_encoder,2,0,15,62ffb1bca214412111ca15a5cb79aed8c39b77ae8e4a9734a85ca66376cdf151,yes,yes,0.9329519867897034,0,2
learned_hands_consumer,finetune_encoder,2,2,16,74157c44430c0b4b913dbef04b5bcc2e60d6786f1fce50cbd1fb74740cbfcbea,yes,yes,0.9854876399040222,1,1
learned_hands_consumer,finetune_encoder,2,2,17,2dcefce119cd3d52ce0b2dd55dba49a2d705592c989511a60ca5ff2fa62bd783,yes,yes,0.9998186230659485,1,1
learned_hands_consumer,finetune_encoder,2,4,18,e4b36f1dffe74a33bc589ff139dca6b75d8c5d7bd1414fcbe7ff483736a80e24,yes,no,0.5845792293548584,0,2
learned_hands_consumer,finetune_encoder,2,0,19,eaecc316a32deb54a2e35ad55d5930bded5cb828eee671ec1a4d6c298e93f0ea,yes,yes,0.9784225821495056,1,1
learned_hands_consumer,finetune_encoder,2,0,20,ed6f10e3e2d4af3a7f61f4ac8ca3c539ade9d2b7250defd67063ea3a59ec18c9,yes,yes,0.9999865293502808,1,1
learned_hands_consumer,finetune_encoder,2,1,21,8770b696e9d75ce623853da32ab9c2fc409af163cb781c02986c01c726cb8581,yes,no,0.5312403440475464,0,2
learned_hands_consumer,finetune_encoder,2,1,22,5f6fe96a0c85f05ef1bd1209d12d8a5da80ec0b8df76281b71b291bb0bfe1477,yes,no,0.9754796624183655,0,2
learned_hands_consumer,finetune_encoder,2,1,23,db86e2ed5ca09bd43e5c1153206c84ac6670851f84c6f0c29b6ccd1eb0deb1e7,yes,yes,0.9950218200683594,1,1
learned_hands_consumer,finetune_encoder,2,0,24,f544e710a36c5f8952ea27c89f4b8d456410ad33abcdeff8bb5ab956f30c76bc,yes,yes,0.999998927116394,1,1
learned_hands_consumer,finetune_encoder,2,3,25,ffe0635de5f1a7973b85a3b70ea8e03cb5b1567c2d2995c39b15468f910920d7,yes,yes,0.9996228218078613,1,1
learned_hands_consumer,finetune_encoder,2,3,26,1c5d518541a4c3c72210f1d1640f265a1ed467b09e8fd9920e0ced3c2a2e237f,yes,yes,0.9999744892120361,1,1
learned_hands_consumer,finetune_encoder,2,3,27,847d90720ffa65caeed18bca722c31a7e6ad6690535571373c7cf5484024b4f1,yes,yes,0.9844686388969421,1,1
learned_hands_consumer,finetune_encoder,2,3,28,826850ee19189639a241888830f2095a605677489c15835a9633e2a0b1ac6a64,yes,yes,0.997735857963562,1,1
learned_hands_consumer,finetune_encoder,2,0,29,8bf45813b8f64152745c4302a8fe3d28ad3a521ce8400337d150f52d7679c073,yes,yes,0.9998611211776733,1,1
learned_hands_consumer,finetune_encoder,2,3,30,eab22a84a1d27762ebd956ab7c150792e31d45b69c081b1042ce94bb9f5db787,yes,yes,0.9986969828605652,1,1
learned_hands_consumer,finetune_encoder,2,1,31,0d9289d67324c71b1a8459504ea7ea7d8593bc88c6baad910d98ae12b894b961,yes,yes,0.9961383938789368,1,1
learned_hands_consumer,finetune_encoder,2,0,32,28de51fe26d760b562f7dd240c576dd29c1dcd24a3821f27045c03e1695ce0c4,yes,yes,0.928679347038269,0,2
learned_hands_consumer,finetune_encoder,2,2,33,6ce4033081e30de899b1011a4c082e82532b4c8f2afae23aed1a9b31dfb4eadb,yes,yes,0.9998871088027954,1,1
learned_hands_consumer,finetune_encoder,2,2,34,fe949d0e8bb0a6f67a12ee28fec1d49ebc38d613057ddbd9e9742ce374e5a92a,yes,no,0.6132848262786865,0,2
learned_hands_consumer,finetune_encoder,2,2,35,c207ce030682bc8ba0e7590a8ef0dd99c16b1b16665aebc82ab525877c2593a3,yes,no,0.8068944811820984,0,2
learned_hands_consumer,finetune_encoder,2,3,36,8ee486f22362d8e55009981db61b71a034a94793fc615ef6c369c92e25d8621a,yes,yes,0.850851833820343,0,2
learned_hands_consumer,finetune_encoder,2,4,37,bf327cac5ea3a5c8ae4b1fa4c6aa053fb3e0494255dfad320226fae0a94b91af,yes,yes,0.9798596501350403,1,1
learned_hands_consumer,finetune_encoder,2,2,38,d5599f345f2efcc9997c702cf325c78c55c774947409f903377c2d84a3c8bc07,yes,yes,0.998969316482544,1,1
learned_hands_consumer,finetune_encoder,2,2,39,574fc09c7649af91d62597783fce341ddacfa64d9567f02c1c1d30d6a45410d3,yes,yes,0.6866258382797241,0,2
learned_hands_consumer,finetune_encoder,2,0,40,46fe2b35c88c955d03ff315dfce3bb7c880b33d4409029f9ff6042df0194686a,yes,yes,0.9999006986618042,1,1
learned_hands_consumer,finetune_encoder,2,1,41,f5d2007ecaaceed6f700b3e50cfa67215480af67ec2a87afea71cf1279ebec05,yes,yes,0.9931414723396301,1,1
learned_hands_consumer,finetune_encoder,2,2,42,01f1c668540d25f929d2e86cf0c94ebff90e0049c2f9c72bd85b0e900e0d7495,yes,yes,0.9416901469230652,1,1
learned_hands_consumer,finetune_encoder,2,4,43,1d86013431ea866bb8f9c95e610c8a4080348f326588f325da4a18706ada5429,yes,yes,0.9999508857727051,1,1
learned_hands_consumer,finetune_encoder,2,1,44,bb18ab83285db7bc8dcf60f8a3ce1cdf2bd7debb099b953f662ddb9f8b38c2a7,yes,yes,0.9933620691299438,1,1
learned_hands_consumer,finetune_encoder,2,3,45,16a3215ae403198891fd8dc9a2a417f75f8728d8e7141fcfef231668fdb5ab3d,yes,yes,0.9982160925865173,1,1
learned_hands_consumer,finetune_encoder,2,4,46,4439bed3fc41d7b9c8ab09ef918fda1428dd5d823121216ce107959cb0dd4294,yes,yes,0.9691758155822754,1,1
learned_hands_consumer,finetune_encoder,2,2,47,0b3c04d83b29cbb3a2e22807f4dae94c87c8f2b395036f54911c5754a4c47017,yes,yes,0.9967054724693298,1,1
learned_hands_consumer,finetune_encoder,2,0,48,22a293b5746bac59ac00ea57d239b6ac359d9156a1ec0715abd762c84fede43d,yes,yes,0.9907931685447693,1,1
learned_hands_consumer,finetune_encoder,2,0,49,c4c2bad785e53ccb9b321d2c63b8faff89f92b5a2cdcf0736b057e7e8e719879,yes,yes,0.9926071166992188,1,1
learned_hands_consumer,finetune_encoder,2,0,50,014d339ae8d5fa4f98805d09f90eeeceed4b7762a40914f0ab3d4313182186bc,yes,yes,0.9999986886978149,1,1
learned_hands_consumer,finetune_encoder,2,0,51,e7c14e7458d8da99796ba9c88de59853c6a65ab37d90d24358671b503b06100a,yes,yes,0.9887108206748962,1,1
learned_hands_consumer,finetune_encoder,2,1,52,fc726439af49d4188b72ee0e9adc0c39a6dd739d7612fcaa8485f57a5706e876,yes,yes,0.9352549910545349,0,2
learned_hands_consumer,finetune_encoder,2,4,53,eec25d963cdf3c5408e24c25c1ec3ce4c8b7063821931ad7747c587b4dd8f3ed,yes,yes,0.9609126448631287,1,1
learned_hands_consumer,finetune_encoder,2,2,54,dcae1fbe99948ce3f328592769d0490ed52f89cb9a04fb61ed7eb8f822e0ef89,yes,yes,0.9998952150344849,1,1
learned_hands_consumer,finetune_encoder,2,0,55,ec7dbe0d74d55de6c88312082e78da6a9a98966b97acf9fa7c9d9202b2fcbe6d,yes,yes,0.9996525049209595,1,1
learned_hands_consumer,finetune_encoder,2,3,56,d8912fee3a18d2f57b6bb3a91a58414523442ec0294398e0adbd9fa8b241b33b,yes,yes,0.9963452219963074,1,1
learned_hands_consumer,finetune_encoder,2,4,57,f87c51747534d2868b590819e8df1acd5dbdbe3015ba30f49aa700ccfaff8b97,yes,yes,0.9979198575019836,1,1
learned_hands_consumer,finetune_encoder,2,3,58,aaf2efb2b98403731588f69a234f9628c7cf0a6e41dc5e4d493bf3cc98491abd,yes,no,0.9312941431999207,0,2
learned_hands_consumer,finetune_encoder,2,1,59,8401deb1d2cdca16e4beb605dc74617b796161236d4fabf6b119671c60390e46,yes,yes,0.9998944997787476,1,1
learned_hands_consumer,finetune_encoder,2,2,60,0141cccd8167fda3a53db3bc8a9c9de38ab73039aee125ca5d456f83efb3f060,yes,yes,0.9955417513847351,1,1
learned_hands_consumer,finetune_encoder,2,1,61,9539303909111ff48458f893819b6c4d82471c51d35262c48791eb4281d5a6fc,yes,no,0.7711014151573181,0,2
learned_hands_consumer,finetune_encoder,2,2,62,0d9042d456d2e30348acf77b2105fef878d17d0c8ce75d13775d81f13023733b,yes,yes,0.9995532631874084,1,1
learned_hands_consumer,finetune_encoder,2,3,63,d351e0b84bda59ef89f0bf473a631f614d498349dffaab3bb47d4611faad2257,yes,no,0.9216387867927551,0,2
learned_hands_consumer,finetune_encoder,2,1,64,087225dc844ed506b918ed1ed8cb4919b62e15999a35bc72ef5f3e438535329d,yes,yes,0.9617135524749756,0,2
learned_hands_consumer,finetune_encoder,2,3,65,8cc2e66174e528599835446e6f69bf213ec59da343e4da74a215a2d7e47df358,yes,yes,0.857258141040802,0,2
learned_hands_consumer,finetune_encoder,2,0,66,10c9dca4735480772f9fa371b9c9695f8d7449b8c64df6abd309125cc20b2e6a,yes,yes,0.9936654567718506,1,1
learned_hands_consumer,finetune_encoder,2,2,67,4e9fb39ce82c9a0c8db9edda73b0a08dbe1fee6bde6735bb0599991149c9cceb,yes,yes,0.9936849474906921,1,1
learned_hands_consumer,finetune_encoder,2,2,68,6a7e6c881869b757c8e7d36f73f227b987ce5b3ad9363a56d200edfa24ffcded,yes,yes,0.9994515776634216,1,1
learned_hands_consumer,finetune_encoder,2,1,69,7599dea223674f198ca8bd7b449a8b363e958ee58ead42c5f7026c558eac1915,yes,yes,0.9967179894447327,1,1
learned_hands_consumer,finetune_encoder,2,0,70,7f224054d39f18cdd6646ad519ae236db20d9acc51e2a2366bf146920bbd208f,yes,yes,0.999991774559021,1,1
learned_hands_consumer,finetune_encoder,2,2,71,96ea4d954d1b6446c71d74a769dd614b7dcf83261e50056d6e62e7ca102d5401,yes,yes,0.997003972530365,1,1
learned_hands_consumer,finetune_encoder,2,1,72,3defdb305691fca997369ad61eb4c2cc9ad5737f73633b9997bca6b3b68dbc70,yes,yes,0.9999940395355225,1,1
learned_hands_consumer,finetune_encoder,2,2,73,ea88a64bd77d6c33327a9e3a56bdeab16edfcc94d3ad1f6c811e233e9cf1a4e6,yes,yes,0.9892013072967529,1,1
learned_hands_consumer,finetune_encoder,2,1,74,1cb2a54d0c572842c9666556b4f9d68ac569dacc5ff14c26a9deb40b00297490,yes,no,0.9787092208862305,0,2
learned_hands_consumer,finetune_encoder,2,3,75,3145ed790491a1b21c800dff9616114d2f77be8dbdbc044f4fcf7b15608d7aeb,yes,yes,0.9999780654907227,1,1
learned_hands_consumer,finetune_encoder,2,1,76,bc58560238d37dd7bb637d6eed992896abc2e8646e56eb8dac0dd8bf4106576a,yes,no,0.9776358008384705,0,2
learned_hands_consumer,finetune_encoder,2,4,77,9a5c75e417971c21fe00a89d52819a28a8d393fb332863c7f844a2f728e1aa47,yes,yes,0.998310923576355,1,1
learned_hands_consumer,finetune_encoder,2,3,78,7effc09d90b5d4a003218cec4356f0109765847fec64e4393bdf14682528fc56,yes,yes,0.990522563457489,1,1
learned_hands_consumer,finetune_encoder,2,1,79,bf7fab3a472a85fba5cacc610acd4ae413064fb5929efe63047e35beca2837f6,yes,yes,0.5413317084312439,0,2
learned_hands_consumer,finetune_encoder,2,4,80,b9fec9f38f97749033ecb64442eb36f3ee2e3a80cd28ded964ba3b542608ed08,yes,yes,0.9999499320983887,1,1
learned_hands_consumer,finetune_encoder,2,4,81,a86e6ca3f4d275c0420ca0ee4600f15f0b78e34c43b877bb58dfb44c56f07ad2,yes,yes,0.9972240924835205,1,1
learned_hands_consumer,finetune_encoder,2,1,82,e2dda0a5ede9ada6a285c131669076df0764c2b88c1c2001ae078a17d88fc168,yes,no,0.9983898401260376,1,1
learned_hands_consumer,finetune_encoder,2,4,83,9d3a029d590c2c8aecbc4df458d911be15fcbef421678b9ef52d1281119ef933,yes,no,0.5770087242126465,0,2
learned_hands_consumer,finetune_encoder,2,1,84,0a86c2677e444a84373fb5de0aa2e100762432bf73d0ed3e92ef3f2f584504eb,yes,yes,0.9981473684310913,1,1
learned_hands_consumer,finetune_encoder,2,0,85,edf4479c78e0f0664620607e8ab699c2cf70b3f949ebe5b6e2a5e65f56f24fa0,yes,yes,0.9999665021896362,1,1
learned_hands_consumer,finetune_encoder,2,3,86,a446c13b6a95e774dc7f399a94c473901184d9172d42d8f4db7362cdb059e191,yes,yes,0.9764774441719055,1,1
learned_hands_consumer,finetune_encoder,2,0,87,90d67e6b76ef21ed8c1dc58bfbdcc24aab8e1dd728ebdafefc643a1e3c6bc74c,yes,yes,0.9982393980026245,1,1
learned_hands_consumer,finetune_encoder,2,0,88,e0f88567e0733cdaf8c918330d9139891158680d5be3cc3fc4577a4e79c67cdb,yes,yes,0.9429689049720764,0,2
learned_hands_consumer,finetune_encoder,2,1,89,4c96db2e33b6cc4900b1f80e86334c0d0f97a10b76baf6a5fac96558a449fa07,yes,yes,0.9983154535293579,1,1
learned_hands_consumer,finetune_encoder,2,3,90,08c27d740cbffbaf24d70ad9cc2f4538941c1e7ccba03ba15eacb0c43fe8f6a3,yes,yes,0.9998295307159424,1,1
learned_hands_consumer,finetune_encoder,2,1,91,123e686fd8c78b602b0952ee8aacebb8f2a451c8d2c2f716072c6c0780e88a8c,yes,yes,0.9978346228599548,1,1
learned_hands_consumer,finetune_encoder,2,2,92,61088df3abd8799b2cb0b2a50547fabab33f53e711b6bf0e51ad8eee1f9886f8,yes,yes,0.9329067468643188,1,1
learned_hands_consumer,finetune_encoder,2,3,93,245581fd1773d7336f3fbd519ea0ad635746b96c3ef3c64c77d8fe969f404345,yes,yes,0.9986525177955627,1,1
learned_hands_consumer,finetune_encoder,2,1,94,0935c35b8f85a7acb661025d20f4077750c9420cbe5f2d6cb6c1f5e62a4cd9fc,yes,yes,0.9318379163742065,0,2
learned_hands_consumer,finetune_encoder,2,4,95,8b2b428ed3082708aebc90d3e95493d6b01fab537f0107c5604932ba617141c5,yes,yes,0.999685525894165,1,1
learned_hands_consumer,finetune_encoder,2,1,96,46b3b836673160a90a211860286b914eda2a3ef85f0eb63bd10cacc7ea5f0f02,yes,yes,0.9960732460021973,1,1
learned_hands_consumer,finetune_encoder,2,4,97,8c8ab92472440d5e8d77d4f562ff2df1e24f26dbf33e2f219ed51d9ffe2ed9e8,yes,no,0.7337552309036255,0,2
learned_hands_consumer,finetune_encoder,2,0,98,f84ae3cfea6e268f60d53f2fc2105cabc35e7c1bc60594c254b8a5b9ebb95c52,yes,yes,0.9999998807907104,1,1
learned_hands_consumer,finetune_encoder,2,3,99,5a061ea8f86d69941bb8f010a9102517e2e50e8a6e7f043b2a65a9beeb5b2a5a,yes,yes,0.9961931705474854,1,1
learned_hands_consumer,finetune_encoder,2,2,100,a0b66eb40941e4afabf26cc61164bd17ae4b404900827ee613063156c3fcf1f6,yes,no,0.7076786756515503,0,2
learned_hands_consumer,finetune_encoder,2,4,101,d69eab546563939e27e3b5c4bf71ed21aa8c08a685f2dc211a8611a8734cdaac,yes,yes,0.9487877488136292,1,1
learned_hands_consumer,finetune_encoder,2,1,102,13c1947392729839a6ef7e019584b3baf576db1a026c6cc363f97f9be6b55b7d,yes,no,0.9729341268539429,0,2
learned_hands_consumer,finetune_encoder,2,3,103,2db3f4de10f8e3c93f180c1cec9ec1036a8cfb696152a003910f4876349b5563,yes,yes,0.9994056224822998,1,1
learned_hands_consumer,finetune_encoder,2,2,104,9d141e84a47e429ebf8c9be15a716519a789f6ecfe2635d6742bcc1589887b61,yes,yes,0.6128181219100952,0,2
learned_hands_consumer,finetune_encoder,2,3,105,f2b40bc0dd711fca9b42c004ced8b6a7f8400023cc7f44239caee4f44359dde4,yes,no,0.948284387588501,0,2
learned_hands_consumer,finetune_encoder,2,3,106,d5dcc520e7691c72d4f4bcf6d67cfa74c856d631a5a6c4904f730332b192f920,yes,no,0.8621779084205627,0,2
learned_hands_consumer,finetune_encoder,2,4,107,da0684c959dcca3dab601174a68db1954a8db19f75ad96cecdb7b9319c828539,yes,yes,0.9989643096923828,1,1
learned_hands_consumer,finetune_encoder,2,3,108,0e7608581b6f65860575a915b9e6d3ea3ba463ac7392a783effab47b7c6ed2b6,yes,yes,0.5541390180587769,0,2
learned_hands_consumer,finetune_encoder,2,1,109,3b14007f0368858c49628d89f7a4ac4e05912114c121069f929f093267da692c,yes,yes,0.9966642260551453,1,1
learned_hands_consumer,finetune_encoder,2,4,110,83a75ee006bb31d8db282260e075860f781be2246f81074adfc047c6debba47d,yes,no,0.8158937096595764,0,2
learned_hands_consumer,finetune_encoder,2,3,111,d140e8b5cef58e3c07015a3be1003d6d67dda0e1681f40a4b5b23a3a143236ea,yes,no,0.960336446762085,0,2
learned_hands_consumer,finetune_encoder,2,1,112,fb04a608b72b2b2e616ef5e9aa6ca1fda0b73c81a00bd51339a60f7ebb9349f5,yes,yes,0.9996538162231445,1,1
learned_hands_consumer,finetune_encoder,2,4,113,5ebb5e29b015223682853139344a5e2422b009ed368ed22452f4ebe96b314797,yes,yes,0.9964046478271484,1,1
learned_hands_consumer,finetune_encoder,2,1,114,7e315bac1e39325f317709b5955292bc75939640e3b8f10ba3c11050930647e1,yes,yes,0.9976229071617126,1,1
learned_hands_consumer,finetune_encoder,2,4,115,0d7f2c826f6a0fc0a9404989d5d4b5cc6d7f2f516c1f069e5bf8d31ee7e817dc,yes,yes,0.9998806715011597,1,1
learned_hands_consumer,finetune_encoder,2,3,116,7e75b01067a2ec4ca8c403b389118d896ccf66db535b144a3c54bc98c1c2e246,yes,no,0.5674499869346619,0,2
learned_hands_consumer,finetune_encoder,2,3,117,a3e66362096eb8059a216e47a87cdd7f3f944d1ccbc606f30cfbe1cc424e0594,yes,yes,0.9737659692764282,1,1
learned_hands_consumer,finetune_encoder,2,3,118,d3308da62008ec5ef18494df94f73a4585ed31e1c8e69ccc9e25e76cb56d42a0,yes,yes,0.9997765421867371,1,1
learned_hands_consumer,finetune_encoder,2,4,119,e07a44cb806545635aac341cc0946afd7d71c3619844a0ec08545160df03cbdc,yes,yes,0.9972767233848572,1,1
learned_hands_consumer,finetune_encoder,2,2,120,aedceca2ca38055764eb4ff944a3a150057788281d1c3739f5e785db00a9e719,yes,no,0.5970751047134399,0,2
learned_hands_consumer,finetune_encoder,2,1,121,ca458586d811f25c02f1f39cf55f75b65071bd2ddc79fd97b0d5be9eb8e5312c,yes,yes,0.999987006187439,1,1
learned_hands_consumer,finetune_encoder,2,0,122,fce48e30fc0ea1058c42d4b4e3fc772fdd46a3060633bca5f371f122fc5aaef5,yes,yes,0.9999727010726929,1,1
learned_hands_consumer,finetune_encoder,2,2,123,02bd80d2b643617360d685b497986a8637dc26275c2ea6a626b69de253d164e7,yes,yes,0.9967039227485657,1,1
learned_hands_consumer,finetune_encoder,2,0,124,af3d9c10fbb3296fa6a040f3015c474aaa8ae09177f6fe2e775fee3e584f996d,yes,yes,0.9996379613876343,1,1
learned_hands_consumer,finetune_encoder,2,3,125,73e4bc727ab5dd4600aa1647320d964c9a52dc7767744c8d074cebcd901f6c05,yes,yes,0.9903498888015747,1,1
learned_hands_consumer,finetune_encoder,2,0,126,0bdb8221f4d44b38dc8782e0b56035bbdd3a7e6fc2df17d22f1a5c863bc46075,yes,yes,0.9999990463256836,1,1
learned_hands_consumer,finetune_encoder,2,0,127,90fe4003a641d7cd2ed6a00150556d083b23fe1e24e75ebb94ecff4d843c77e2,yes,yes,0.9972111582756042,1,1
learned_hands_consumer,finetune_encoder,2,1,128,155678c2832cdf4702db15b523f143f1ac784cffcaf58c1a1dfe33a97611eb8e,yes,yes,0.9998708963394165,1,1
learned_hands_consumer,finetune_encoder,2,4,129,aec3c6407d02ce2d3b4abd591e08891c236a8a8989e7ad72020a4b7b777fea78,yes,no,0.9606463313102722,1,1
learned_hands_consumer,finetune_encoder,2,4,130,1f2af78776193434b3d71d59e47e0a24bc7439537dae7643126e174f05f8a690,yes,yes,0.9125286936759949,0,2
learned_hands_consumer,finetune_encoder,2,4,131,ac3dcaa7b7faf827da8c14b3bfd03c0f8d36bbd129920232b5775c57ebee5322,yes,yes,0.8864441514015198,0,2
learned_hands_consumer,finetune_encoder,2,0,132,8de39616285bfb13eac266c45a5691cad8963031bb495c5ffff384303ac2e317,yes,yes,0.9998366832733154,1,1
learned_hands_consumer,finetune_encoder,2,2,133,df7cebc19279cc1176c76578d13d5634b4ee220d4093d6b4e048fd1f74811db9,yes,yes,0.9995087385177612,1,1
learned_hands_consumer,finetune_encoder,2,1,134,b5412b723d0181549110fa8dd79485fa5238dbc7e264272da705dfe9c7f066a8,yes,yes,0.997268557548523,1,1
learned_hands_consumer,finetune_encoder,2,4,135,e802649c8e6be5fbdc4e7ec755757e95ba836ac949c022f0081c1fcb1cfa00b0,yes,yes,0.9999678134918213,1,1
learned_hands_consumer,finetune_encoder,2,1,136,a039dbd9f0510ac6f66d44c60f9a5f5a5d5c76093f00e693801d2fc80d54f7a9,yes,yes,0.9999674558639526,1,1
learned_hands_consumer,finetune_encoder,2,3,137,9cca62662bba01723eb2a9aa094821e1675b7ac525fe30fc042f3dcaac3e2727,yes,yes,0.9994169473648071,1,1
learned_hands_consumer,finetune_encoder,2,2,138,dfbc47fb61799a0472fbf92d48b36eeb2584ccc63a3185c2d61a51c1537f7c92,yes,yes,0.9994763731956482,1,1
learned_hands_consumer,finetune_encoder,2,4,139,6cb9e80497686772c38151ef29f0b998c3911fa46f4ae26dcb0677863d1c3bcd,yes,yes,0.978554904460907,1,1
learned_hands_consumer,finetune_encoder,2,1,140,bfc4a30870f9292a454f9471c16d25b3199ec05b80dafc98a9d6c50897c1b47e,yes,yes,0.9974358677864075,1,1
learned_hands_consumer,finetune_encoder,2,1,141,078b717fbab45038fcb94864d32f33fa6d71d9664570dfe04661869f23314833,yes,yes,0.9999840259552002,1,1
learned_hands_consumer,finetune_encoder,2,0,142,0242758b0d09920c367a96d4d60f74cb970f86cfb3bbf7bc54aa2a69703b17c8,yes,yes,0.9704341888427734,0,2
learned_hands_consumer,finetune_encoder,2,0,143,51eef95bf47218140683c3e1b4135ffc3d540ca426dbe552c2809dc445d5b483,yes,yes,0.9333745837211609,0,2
learned_hands_consumer,finetune_encoder,2,3,144,af4b353687f267cf4811370b1167f39f3acb12a476ab7569d5711f61e7cc5c99,yes,yes,0.9998179078102112,1,1
learned_hands_consumer,finetune_encoder,2,0,145,a5b77622968be2023f42d12cc8cdb98fdd05731d5ff1f331c0c61cddcdd016ac,yes,yes,0.7353159785270691,0,2
learned_hands_consumer,finetune_encoder,2,1,146,483af7a4cce5458979f9fde28f5d38cf96c6b318f56cf5b8bb7fef01baeda51d,yes,yes,0.9999287128448486,1,1
learned_hands_consumer,finetune_encoder,2,4,147,5b013d7731839bf2ba2c52bac900167561f691d205c1198ffe872747858115ab,yes,yes,0.9997125267982483,1,1
learned_hands_consumer,finetune_encoder,2,2,148,1403a0476f3fcec8b1a48e6f1fceb06a2aeabd9f5de4f53ac7e2f29a80fc3d02,yes,yes,0.9152255654335022,0,2
learned_hands_consumer,finetune_encoder,2,4,149,7153d24972b2eb3c082ba9cc58a892af969f2d9524022190bec282710d252b55,yes,no,0.9707713723182678,1,1
learned_hands_consumer,finetune_encoder,2,1,150,a6e1cfe1a1c58fdb1b4033bef127bdc12ad083d8029c91cf81e74fbc997b44c2,yes,yes,0.9996976852416992,1,1
learned_hands_consumer,finetune_encoder,2,1,151,c48f7444249fe7386aac1fa49a56e450eebc70c640262a5fc2cb2864d62c7b62,yes,yes,0.9997261166572571,1,1
learned_hands_consumer,finetune_encoder,2,2,152,7223ee95c7eb5aab471c9b1426c035d3d751646abf3a01dd2380366fa55c1fb2,yes,yes,0.9999727010726929,1,1
learned_hands_consumer,finetune_encoder,2,2,153,8b857fa596fd194124387876667280b614e479625bc9d05d958f3b90514c2e9d,yes,yes,0.9823415875434875,1,1
learned_hands_consumer,finetune_encoder,2,1,154,6f137236864a4da2299f6341085a62e5e2e0466add7aa8eca3ff5f315633bbdb,yes,yes,0.9999350309371948,1,1
learned_hands_consumer,finetune_encoder,2,0,155,038e3005ce9b5b1cabf2220d9f9b068ab3289de326b9c0466e84286f1cb69bf9,yes,yes,0.9942776560783386,1,1
learned_hands_consumer,finetune_encoder,2,2,156,7b67a7b2e80fc8b9473186823a7570203fc746e03e40493d174446237de3bcec,yes,yes,0.9885918498039246,1,1
learned_hands_consumer,finetune_encoder,2,0,157,9d82c554b4b00bd2ead020ff98bb6fcdee7432665a797346eb3d3aaf490d0d12,yes,yes,0.9999793767929077,1,1
learned_hands_consumer,finetune_encoder,2,3,158,da85c2e88f91544acd0359c5ccd69c2b4f902d093ceb8cb12767a778944fbd7b,yes,yes,0.9352887868881226,0,2
learned_hands_consumer,finetune_encoder,2,3,159,a34040f6644b50bc824adc566e6d6428d7b05ca16c8ee39f0af4b1b9f5601f2a,yes,yes,0.9997054934501648,1,1
learned_hands_consumer,finetune_encoder,2,0,160,19c9ac6e1d4ea3c61c161624efc992b8cc52bf306f151391ba8529c19382e1ee,yes,yes,0.9992846846580505,1,1
learned_hands_consumer,finetune_encoder,2,4,161,650970637dd6a0ab8e97321c167c7bc4a9a3cdc8eba59da2a5c510bcbd5db45a,yes,yes,0.8302091956138611,0,2
learned_hands_consumer,finetune_encoder,2,1,162,c51f874153bc2cdaa57ad2c656a6af7ab24feabfb448922cab57ef416feee663,yes,no,0.5903459191322327,0,2
learned_hands_consumer,finetune_encoder,2,3,163,13b1acd948c8e9c9a5739d8481ea213fa3cfdab8b80a82efd25be33e8f7b2902,yes,yes,0.9982524514198303,1,1
learned_hands_consumer,finetune_encoder,2,0,164,9fde61742e0b3fc6fabbffa750b6283c72453cd0303a465ce66648d46676eb89,yes,yes,0.5815080404281616,0,2
learned_hands_consumer,finetune_encoder,2,3,165,4fd20a26aafa50907d098d746bcd899d7abfca4f42db1d5c149080652db43b60,yes,yes,0.936680793762207,0,2
learned_hands_consumer,finetune_encoder,2,3,166,38a9b6c4df60f95cae8cdf22954e4170c3a5feb64ebfb5162134d697b7e84381,yes,yes,0.9995467066764832,1,1
learned_hands_consumer,finetune_encoder,2,3,167,8892704b2b2b6659f287178e3c29d5c9d21dc3ecb2ae17dd4b6ec86c6784cd0e,yes,yes,0.9725269675254822,1,1
learned_hands_consumer,finetune_encoder,2,1,168,5953941222239eaa15e600b769f26c7173e96638173a25e19be42ff6b5b07d45,yes,yes,0.9996997117996216,1,1
learned_hands_consumer,finetune_encoder,2,2,169,4f9eec5c23a5c213a1bc6fc916fdf2587227d14edcd43d78fccea8cd278cc2e0,yes,yes,0.9842457175254822,1,1
learned_hands_consumer,finetune_encoder,2,1,170,51ec6ad487eff34fddaa34cf9a46b4a9a9e66e2ef37f1718f6c2c0a6b08bcc0e,yes,yes,0.9999837875366211,1,1
learned_hands_consumer,finetune_encoder,2,0,171,4356eb8f7a087e4d6032661552935019173e052ab6031528ff64635a4f9c515d,yes,yes,0.9969411492347717,1,1
learned_hands_consumer,finetune_encoder,2,0,172,6d7c28575a9e0747fc4cfaab5263e2daf0754ef5d1c996b9de353104dbfb5be1,yes,yes,0.9998677968978882,1,1
learned_hands_consumer,finetune_encoder,2,0,173,6656d334c0150d50518a8e9e86ac484364dfc5da62604f792fa121392de57cd5,yes,yes,0.9897768497467041,1,1
learned_hands_consumer,finetune_encoder,2,2,174,fa3b234c5866029eaafed3054fe7c1e9dd9d3e50389c45beedce0456e0a851a5,yes,yes,0.9299077987670898,1,1
learned_hands_consumer,finetune_encoder,2,2,175,f5327013f798cdfff71ccd1ccbf934757fae9118c8fda0cfb29197ee8c9a2f92,yes,yes,0.999843955039978,1,1
learned_hands_consumer,finetune_encoder,2,1,176,0c550425496483256cac2b164db69cc78311e995021bfcbd4a5c585bcdd9d9c6,yes,yes,0.9222249388694763,0,2
learned_hands_consumer,finetune_encoder,2,4,177,e9a4a62f276d5c835085a02b2f4d92155f8f7ac6d396a52ad1cd37cab729b635,yes,yes,0.9907965660095215,1,1
learned_hands_consumer,finetune_encoder,2,1,178,f4fe68a7bc004d02c8ecf39777717f5e53269903d0c3c3181101c07cea5c6b0c,yes,yes,0.9993359446525574,1,1
learned_hands_consumer,finetune_encoder,2,2,179,3d0de6dc3fb5d69b4483315a8f1b9a55f3da2fb8eb1df50a74386a480912447a,yes,yes,0.9981492757797241,1,1
learned_hands_consumer,finetune_encoder,2,2,180,b66cb0340d554080664d72cdd106c5cdb17b38d1f74932ac0787b45754ce1a7c,yes,yes,0.9975774884223938,1,1
learned_hands_consumer,finetune_encoder,2,2,181,a9af33b24aeb8f4fc3dd090cb6015fd72eb33e9bacf6b245b9efd00dd9991af3,yes,yes,0.9901121258735657,1,1
learned_hands_consumer,finetune_encoder,2,3,182,9eefcb8b16890b9cc6c7e144d07beaa48841305e10614e94d470242a6b0e065f,yes,yes,0.9997549653053284,1,1
learned_hands_consumer,finetune_encoder,2,0,183,cfde4f376e1a14d27549b00d4ddf32bfeb542cf05f08d1cbc266df888e1c3047,yes,yes,0.9843432903289795,1,1
learned_hands_consumer,finetune_encoder,2,2,184,421033c1624e9a903b16ba39c1d61b1ecb07a1c62b4ffce4608c02c7a3e067e8,yes,yes,0.6854998469352722,0,2
learned_hands_consumer,finetune_encoder,2,3,185,7a8050d0881441599707f60d9661cc876f27efc16656cd8526fe842e463a56ec,yes,yes,0.999388575553894,1,1
learned_hands_consumer,finetune_encoder,2,2,186,5f4e3e4860760d911ab21bd74b2611036627cda4c7c666615991f1d2314d6b35,yes,yes,0.9992990493774414,1,1
learned_hands_consumer,finetune_encoder,2,3,187,057e4d5e06ed1236a9a35f3ea5c2cc42ae58bd3d82fb4981f56669b168d087e6,yes,no,0.9699511528015137,0,2
learned_hands_consumer,finetune_encoder,2,2,188,a5608444f7d99d3cd3109ac70b995bb38775ef1fa2c286f3779886ac598a5c9d,yes,yes,0.8627485036849976,0,2
learned_hands_consumer,finetune_encoder,2,4,189,48a613b18969b56ad289f137a24f32ca5714dc722f1916be3cf41f3c98f577e0,yes,yes,0.5584138035774231,0,2
learned_hands_consumer,finetune_encoder,2,2,190,d5a7261352131be329b42958bda9d1cbf7adf2a5eb0c341d0fd5d6d07a9ae17e,yes,yes,0.9465193152427673,1,1
learned_hands_consumer,finetune_encoder,2,2,191,e36f78681c2e77e1fe9fd7fc2f0b8fa917f14b6a2333a41863c17c766053033f,yes,no,0.7637782096862793,0,2
learned_hands_consumer,finetune_encoder,2,0,192,1487b9bcecfa449f7f97f38810e17ed4e37ea80a32cd5170137bf134574ae112,yes,yes,0.9956750273704529,1,1
learned_hands_consumer,finetune_encoder,2,2,193,a0956e6a9a6973551966fc776c76b773565a03efe1dd2f5b6e363e037cd68e98,yes,yes,0.9953698515892029,1,1
learned_hands_consumer,finetune_encoder,2,2,194,113f455fcca39b28919c8669b561494bb48c8a7b1abb08182e38efba3ba3d49d,yes,yes,0.9934651255607605,1,1
learned_hands_consumer,finetune_encoder,2,0,195,01467176da7f8beaabb7d2d981d4c2a5d270c4de1ee41090eb7fff34ad10f233,yes,yes,0.9999477863311768,1,1
learned_hands_consumer,finetune_encoder,2,0,196,3917492faa9e47e7106ba122c3a1618a26df3dcdbcf5803ea5eff8caeb3a85b8,yes,yes,0.9999912977218628,1,1
learned_hands_consumer,finetune_encoder,2,2,197,cde8abafba1e7a412e01f15ea5b8b45f4e1c8f3f37c5ed8ecf8670617e0e3ddc,yes,yes,0.9680474996566772,1,1
learned_hands_consumer,finetune_encoder,2,4,198,61ae855f1482eb8f9d691ed3f1d20ebbea6fc43c48a7559ddaf77710f2c27152,yes,yes,0.9913884997367859,1,1
learned_hands_consumer,finetune_encoder,2,2,199,f35f9e77ffc5ac7a0d42e5a637d3ec3f6ef2830b8c178fdb6a5c951cfeaa3e88,yes,yes,0.8214059472084045,0,2
learned_hands_consumer,finetune_encoder,2,0,200,82f9efaddab72f81167b375aff7cc6c2537117b477e6064545d97be910ff945c,yes,yes,0.9997448325157166,1,1
learned_hands_consumer,finetune_encoder,2,4,201,967afc85cb2c22088e649a1faac841a0d2609f7e11fe94eef9bd17a4daa54688,yes,no,0.7488282322883606,0,2
learned_hands_consumer,finetune_encoder,2,1,202,5648d782c24eb983d5cf18c59b05a1a47459a5dedd4e5335a0232c23f062944c,yes,yes,0.9460963606834412,0,2
learned_hands_consumer,finetune_encoder,2,1,203,157bd549be3ab1bdd3e21c29805aafdc0d0b45c1aa52b0a397ab9236a4e5c944,yes,yes,0.9999698400497437,1,1
learned_hands_consumer,finetune_encoder,2,3,204,525f45b4239b35c4038470e08628f267e9887f1c30b0aa84a2d5d01464da39a3,yes,yes,0.6522132754325867,0,2
learned_hands_consumer,finetune_encoder,2,2,205,0a0807c3257345430140d80f2b2b7210e572d13f47d5ac8a65174de1142590b0,yes,no,0.8929247856140137,0,2
learned_hands_consumer,finetune_encoder,2,0,206,a2b92dbd2ee6fd008bb6aa904caa64641950c475cddad723b2644f23c751a0ee,yes,yes,0.999997615814209,1,1
learned_hands_consumer,finetune_encoder,2,3,207,a2ed73e250907017f6d7fd66c658c04c6a137575d6ad765f993661edda327577,yes,yes,0.9428107738494873,0,2
learned_hands_consumer,finetune_encoder,2,4,208,1290d537ea8750e4e91f20b46eec10646ce12ab7d86dfc91eb09b608405fe90f,yes,yes,0.9911545515060425,1,1
learned_hands_consumer,finetune_encoder,2,1,209,a0f7d16e25d9f13501287713351ca9111410082745756d6eff69a544a7ce0fab,yes,yes,0.728040337562561,0,2
learned_hands_consumer,finetune_encoder,2,4,210,adbfc9de80cf0100c04073d2c24a7a39ad794835be05b45cd9a54b30876e1bae,yes,yes,0.9990469813346863,1,1
learned_hands_consumer,finetune_encoder,2,3,211,33d047d7bf09f05c00081ea7055f31cf8f5cfbb5f1ceb5b0376de52b5d66fca4,yes,no,0.6321775317192078,0,2
learned_hands_consumer,finetune_encoder,2,2,212,8747eec3bef3a1ac47c5e03b2a3185ec7be0382a48e8f07bc6b009f884106d3b,yes,yes,0.9452446699142456,1,1
learned_hands_consumer,finetune_encoder,2,3,213,49b127f44fd96be9d276f55d1669f94228b7535cb909c7f6b272eb55f8881a2c,yes,yes,0.9999628067016602,1,1
learned_hands_consumer,finetune_encoder,2,1,214,dfb7f7c0e45b4a7671e7808a09335109e684ec1f7b896028808720b751c76290,yes,yes,0.9998922348022461,1,1
learned_hands_consumer,finetune_encoder,2,0,215,db97720cca0e39dc598257024bac71c263aaf9886f335cf6cd722539c19eacca,yes,yes,0.9996438026428223,1,1
learned_hands_consumer,finetune_encoder,2,4,216,64859a67c19bf56da59ad97eab9f8da73202e6a6dd9d3bbb9372afcb47b0408d,yes,yes,0.9994975328445435,1,1
learned_hands_consumer,finetune_encoder,2,0,217,f449fe5d57975f0caf323ecddfcc9b9dccbabe88c5ff42bd31a1d65fc7a824b5,yes,yes,0.9999995231628418,1,1
learned_hands_consumer,finetune_encoder,2,0,218,fa078ce3c2ae45c10df8aa0a800c47eade1e7510a46eb24bbe627b87d2938a68,yes,yes,0.9966889023780823,1,1
learned_hands_consumer,finetune_encoder,2,0,219,f2fae4fb37730a28c6c680ab68c6e0cbcb083e46d89296b52700b2b28ed2e203,yes,yes,0.9956523776054382,1,1
learned_hands_consumer,finetune_encoder,2,1,220,ca57b26977335b108fd0d46872d220af17b298c5169ea6a338028e3fa941a5c0,yes,no,0.986692488193512,1,1
learned_hands_consumer,finetune_encoder,2,4,221,9f6359257abe0943f69a9a6786fccff089c30ae5f302d29d57c21ec0cc0fb8bb,yes,yes,0.9838453531265259,1,1
learned_hands_consumer,finetune_encoder,2,0,222,da0db19cfa506b30e60a6cf05fa27f60113ec86ac8308c44eddc1cdeb6e6b707,yes,yes,0.9999862909317017,1,1
learned_hands_consumer,finetune_encoder,2,2,223,013033315bef6946bef54c7e1e5131afe73897a10507585acff502cb07b082d1,yes,yes,0.9994810223579407,1,1
learned_hands_consumer,finetune_encoder,2,3,224,01ca67ea223ea6f3f78966619c3d177754184bea73cb662ffc54be7eded55946,yes,yes,0.9306500554084778,0,2
learned_hands_consumer,finetune_encoder,2,3,225,0972b858c77e9cd796c6bda370f1d6b2ea20798091434c33f49f1827e4a678cf,yes,yes,0.9739601612091064,1,1
learned_hands_consumer,finetune_encoder,2,3,226,478e48024c876788e7ac0b2943d399c14bb997ab82a37ee11247a5b223d23f4f,yes,yes,0.9714203476905823,0,2
learned_hands_consumer,finetune_encoder,2,4,227,dd602e9be0c77e5a1bf15d2c5db5302c6b6d2b8362f95c146de1f5d3ea45031b,yes,yes,0.9983927607536316,1,1
learned_hands_consumer,finetune_encoder,2,4,228,e86c4500724cd80b78a41c3de49d5f623baba6615be341878c3f40d1a666fa36,yes,yes,0.5454702973365784,0,2
learned_hands_consumer,finetune_encoder,2,4,229,44f8bde89aa71070a44a090fe6553fe64a785e0148291429f98b65d8cc35537e,yes,yes,0.9978030323982239,1,1
learned_hands_consumer,finetune_encoder,2,4,230,f92a5c6258f5da9bffe36fc1a4498f1086f4d296b5c28109401777d767f46946,yes,yes,0.9926697015762329,1,1
learned_hands_consumer,finetune_encoder,2,2,231,b8099af0f4a08d3625fefbbdf920208ab786e82be6d9e5ecd373c981c3bd90c4,yes,yes,0.9998496770858765,1,1
learned_hands_consumer,finetune_encoder,2,0,232,dd6b7ca454c08a409f4171cb97167a8c91e862451ec1b92eaa7d9393934cf91c,yes,yes,0.9962894916534424,1,1
learned_hands_consumer,finetune_encoder,2,4,233,fdb76c188296362ef951b02157cc4150c8d3a0750fe72942787d491e6ddc18e2,yes,yes,0.8782243728637695,0,2
learned_hands_consumer,finetune_encoder,2,0,234,b78102f7318502d1b26dbcb12920cd58ed53891ef8b61bff2b15f5b432da91f0,yes,yes,0.9999972581863403,1,1
learned_hands_consumer,finetune_encoder,2,2,235,5a37498c5c481cdd1e4bd5190333a14a0190aa3aede5364087479e33c293e1a9,yes,yes,0.9967881441116333,1,1
learned_hands_consumer,finetune_encoder,2,0,236,eae4558b0617e7ebc54a6ebc59d2dde3f9df33d4ce6cb6404452671b374ff797,yes,yes,0.999295711517334,1,1
learned_hands_consumer,finetune_encoder,2,1,237,b25bbe0ef882d9b6ee6ca640d619e47af1ba4b4303c92a73e17071d2b63f6203,yes,no,0.9979419112205505,1,1
learned_hands_consumer,finetune_encoder,2,0,238,3415dc4afd4d574b0da83ec6d205e580b78b683ce427d70cb6192aa1345ada00,yes,no,0.8791936039924622,0,2
learned_hands_consumer,finetune_encoder,2,3,239,e4190a6930b3800fcc812916fc24cd7666ec7ccade668b74793a25cf043ee8dc,yes,yes,0.9998461008071899,1,1
learned_hands_consumer,finetune_encoder,2,3,240,2a1e5635eb53609c5660dd54ea549b8c7ca1d8ef3709e5692cce67005fde384f,yes,no,0.9849764108657837,1,1
learned_hands_consumer,finetune_encoder,2,0,241,1587f650838e742b5adbc001e25e86b815c1c282f7e24b9a7f46e2c9c7e7663d,yes,yes,0.9999067783355713,1,1
learned_hands_consumer,finetune_encoder,2,1,242,3aeb06e0988c30e7dd4b9857f1305ee50a9955e156a1e1a8bfb635878c936da6,yes,yes,0.9989097118377686,1,1
learned_hands_consumer,finetune_encoder,2,2,243,0ba639fb1b8f0dcb2fe9cffb9b96ec4f2cc182c78d9a521ea1b367d5c28385d0,yes,yes,0.9727442860603333,1,1
learned_hands_consumer,finetune_encoder,2,2,244,ebd5c1534b316d246d849144a17469ee09729233fad0f39a8a330fdfa15b9628,yes,no,0.8221299052238464,0,2
learned_hands_consumer,finetune_encoder,2,4,245,401a36474fa40d2d999cd260f57ca66ab83fcb63de68f578a6d6ad7d4ec4bd2e,yes,yes,0.9950321912765503,1,1
learned_hands_consumer,finetune_encoder,2,0,246,4176b37a2179c60a956b8746678c2a674aabbd9e086407904b2475af255d13bd,yes,yes,0.9976763129234314,1,1
learned_hands_consumer,finetune_encoder,2,2,247,95933a28191a6e558a2911f9c54efc9e53d3ba70d036eac4f4fcf1044bbc9d88,yes,yes,0.9776705503463745,1,1
learned_hands_consumer,finetune_encoder,2,4,248,0f4ecd29ccebf4ac6e235b28298c170a1c4939a57f8d2bae941d4292bb91c9e2,yes,yes,0.6437099575996399,0,2
learned_hands_consumer,finetune_encoder,2,1,249,061be30da02e5927c05d4f6dcb0ebcaa8bda9da95f663afc3448b40f550c8dcc,yes,no,0.8884380459785461,0,2
learned_hands_consumer,finetune_encoder,2,2,250,6c7deef4168bfdd3eb4f65e34ff1a5b08e7d07a494276e6dbc72cf08dd1d9ea3,yes,yes,0.9968740940093994,1,1
learned_hands_consumer,finetune_encoder,2,4,251,3fecd30afaf717ef4d633f041d6b64abc35956652a123bf652a024e051aecbd2,yes,yes,0.7973511815071106,0,2
learned_hands_consumer,finetune_encoder,2,0,252,618080a1456e3ee68a8c336bd1951f8be686d4b280ba12acc2afbc0afe6f5e6e,yes,yes,0.9999877214431763,1,1
learned_hands_consumer,finetune_encoder,2,0,253,7d9553904434b833510ba4f74348cff64322921c601077d281c33b3d61d048ca,yes,yes,0.9954258799552917,1,1
learned_hands_consumer,finetune_encoder,2,4,254,851524b83e3b815d2b8ad94407c2a48429aa45e82bd9c1b64ffd780d6c3a0de3,yes,yes,0.9918591380119324,1,1
learned_hands_consumer,finetune_encoder,2,1,255,cb21cc98accfbbfc1ab6fb040d28dc4a525dd125dcded30bbb6688922bc0bcf0,yes,no,0.7217109799385071,0,2
learned_hands_consumer,finetune_encoder,2,3,256,77a1a7abf05f1aa064c4d1f51619137f7eb2bd94b8ddc362bc14f64be0bd2a01,yes,yes,0.9818432927131653,1,1
learned_hands_consumer,finetune_encoder,2,0,257,3d22a52452442ace2422e3134c77857c8d5686fd9080d9f42bc9438a845f4c89,yes,yes,0.9999693632125854,1,1
learned_hands_consumer,finetune_encoder,2,0,258,aaa2f84803feb0579309aaee905dbe769a0e41a5a6daf89677d4a8534aa9819f,yes,yes,0.9999992847442627,1,1
learned_hands_consumer,finetune_encoder,2,4,259,cbf21ed32acc01ddeaa5380d184a96c3ca5b84614bc1f3a1a9583fa9b891c05d,yes,yes,0.9970709085464478,1,1
learned_hands_consumer,finetune_encoder,2,4,260,370cc782f60a07b178ac3c0ec5c92e1d6072d6798ba29e27eb089d3af9d06cb5,yes,yes,0.5970844626426697,0,2
learned_hands_consumer,finetune_encoder,2,0,261,e2fa618a66bdb423b63a86d231a23868e8833853ed334799049daeac30367a88,yes,yes,0.9997959733009338,1,1
learned_hands_consumer,finetune_encoder,2,3,262,6c81e7b6dabbb3574a09c499dc7a67ca24d31c6e646bab4ced51cd8c78f55ea7,yes,yes,0.9967798590660095,1,1
learned_hands_consumer,finetune_encoder,2,3,263,1f341a6355c5c3b945e1a2b14b3434e8b3904eb4eca3e24c87941d86e705e57e,yes,no,0.7797485589981079,0,2
learned_hands_consumer,finetune_encoder,2,4,264,6adfe2187f8557b8f6378f034717bdcd2f522a0df00806a04c1dfe98b3e997bd,yes,yes,0.999472439289093,1,1
learned_hands_consumer,finetune_encoder,2,4,265,8bad5933bcb5967cc9bc4abe066d28b765494f7a0dffd407c47d6d8067553308,yes,yes,0.710492730140686,0,2
learned_hands_consumer,finetune_encoder,2,3,266,c55600e95d9b4eb897af3302c41acc84e2d54157f428bf1f8caec3b61e668da5,yes,yes,0.9999803304672241,1,1
learned_hands_consumer,finetune_encoder,2,0,267,13c0dc364911dc9186a0c024e55f88be572c4deb5878fbd82d310ecaf5f45d13,yes,yes,0.9999992847442627,1,1
learned_hands_consumer,finetune_encoder,2,4,268,3321004b9ab1144d0dfdcb61b18d746e047e1eca73ce7e0acb9fbd0e7c724816,yes,yes,0.7488928437232971,0,2
learned_hands_consumer,finetune_encoder,2,3,269,19d396f6ee8676b8e14abd050a0d810589baf0188e806f72eac507d7a2c545a3,yes,yes,0.9664424061775208,0,2
learned_hands_consumer,finetune_encoder,2,1,270,7eb4eb67f8d71b2387d20ed2f7c7421eab13eb8910aca82d69fdf9a9273ecb96,yes,no,0.9682978391647339,0,2
learned_hands_consumer,finetune_encoder,2,2,271,21f6bcc2b642898b25da24d91a08efc8029b34d97d979ac84183c75b0c07b9c0,yes,yes,0.8677229285240173,0,2
learned_hands_consumer,finetune_encoder,2,1,272,63a06c8bcc7dbff84f881459fdf825076cb5b36209132b00c9c84eeeba7b6eb8,yes,yes,0.84210604429245,0,2
learned_hands_consumer,finetune_encoder,2,2,273,94b8923b3eddcc3f61a255a8e42041ab7f8e96bdae7e23fa5dba20dd65b82fa6,yes,yes,0.9699816703796387,1,1
learned_hands_consumer,finetune_encoder,2,4,274,c2ccc5ca47171285fb0298be4298f50882121913b48b7ac1e796a30c532811ba,yes,yes,0.999638557434082,1,1
learned_hands_consumer,finetune_encoder,2,1,275,1f6071d3d10ecfa1b75476a7071af685e3ba15fcf7b2a774e39b20191e1fe074,yes,yes,0.9996169805526733,1,1
learned_hands_consumer,finetune_encoder,2,1,276,11cabef5b7d7edbcc7de996da7ddc824772faa6248373f429b29567c5017f865,yes,no,0.9142658114433289,0,2
learned_hands_consumer,finetune_encoder,2,4,277,9136c7f7286a3ee6b4af4f2c4bd396e5528e9e59d4a11138840961213324a902,yes,yes,0.9573500156402588,1,1
learned_hands_consumer,finetune_encoder,2,4,278,45b8aa00e5100aa8e27c34109569ad374e89747c8859165962bd4b50a718dec3,yes,yes,0.9960377216339111,1,1
learned_hands_consumer,finetune_encoder,2,0,279,93a67fe947a834ff1518acdef3d3503a43de70821df3f53bacca03fe73994e4e,yes,yes,0.9532402753829956,0,2
learned_hands_consumer,finetune_encoder,2,0,280,f9aa283cb36bd865eb6d0e00dec619c048e1b8f0e8830f12b5d02008a0b97ace,yes,yes,0.8568211197853088,0,2
learned_hands_consumer,finetune_encoder,2,3,281,55de4e8dcda9a6328913ef54a1ed9351f1f426737486cdf8f668ad83b8388f73,yes,yes,0.725006639957428,0,2
learned_hands_consumer,finetune_encoder,2,1,282,6bcb70ea6c53d9d2735995ffa331f18d0e9d9cc24ba93acb53376ae8483ed8a1,yes,no,0.8377617597579956,0,2
learned_hands_consumer,finetune_encoder,2,4,283,78da2dea499e7edb487d60fd31327140d7546b18febaf57879bbba65e8c1b04e,yes,no,0.9921191930770874,1,1
learned_hands_consumer,finetune_encoder,2,0,284,42fb96e3e3db8353adc2b84b435807f73584555187d03911234609ed6e85bfe6,yes,yes,0.9999978542327881,1,1
learned_hands_consumer,finetune_encoder,2,2,285,ecfc65fba09f92e19dc001350da2ef8adc932c234c862d0db0f1879f2e7c8794,yes,no,0.7503204345703125,0,2
learned_hands_consumer,finetune_encoder,2,3,286,c191adb1d624b20f83068f7b5908de47c6c5209a753e4de83b528e1156b3c2b0,yes,yes,0.9998550415039062,1,1
learned_hands_consumer,finetune_encoder,2,2,287,644bc0e92cf759be58ca6610fa275080515a65a91b581445be9cabf7ffea0e15,yes,yes,0.99909508228302,1,1
learned_hands_consumer,finetune_encoder,2,4,288,a79143144aa9b5670c2ef1346d67999dca1710bf76a38aefe7d8c7b71ae44b79,yes,yes,0.997775137424469,1,1
learned_hands_consumer,finetune_encoder,2,3,289,29d068c39f2e257adbe8beebd86189c3ef328bbf2028cdf5c6d3ede0e5ddc09b,yes,yes,0.9998548030853271,1,1
learned_hands_consumer,finetune_encoder,2,1,290,fe9822a59aebf2d41016c82deb1d427382b2666a1fe39079f87be07fb936b617,yes,yes,0.997395396232605,1,1
learned_hands_consumer,finetune_encoder,2,3,291,56bb42f2ccd6615785428ca0492a89e2c4c3ab2f9fa44ee197d3da8fab2c5842,yes,yes,0.9525191187858582,0,2
learned_hands_consumer,finetune_encoder,2,3,292,5299348ae3f81c25293e952182bb6bea15382e9da7443711aa78acdaf4b6bcb8,yes,yes,0.9996023774147034,1,1
learned_hands_consumer,finetune_encoder,2,3,293,73a78266e6561f4e4c9baa89057beda5a92213b2ef917e1272c2ece8cd9b7704,yes,no,0.605396032333374,0,2
learned_hands_consumer,finetune_encoder,2,2,294,79cc9d9097ff95d4d5569540eb3711865f517ab1a2a0fc876da5c48598ee3cb4,yes,yes,0.9999040365219116,1,1
learned_hands_consumer,finetune_encoder,2,1,295,3b85fae280cd98abcc7e78ae4627a4c94eee68cb0bdc5b31dc3b1cf2e53949ae,yes,yes,0.8551061153411865,0,2
learned_hands_consumer,finetune_encoder,2,4,296,32072d7df35d23c7cf165a1afeb9be63ebbdcf2c94cee75f9b5a90b78e19dd28,yes,no,0.5058189034461975,0,2
learned_hands_consumer,finetune_encoder,2,1,297,16bed4a62e2738950d2587d30c25ed9c5d17ea5f0cc5e91f1148a4cb64162453,yes,yes,0.9999135732650757,1,1
learned_hands_consumer,finetune_encoder,2,2,298,3473fc0f42c76ad19ef3ec2771d01d619478fb7fab7ea70d94e7fe0f1bd61128,yes,yes,0.9998914003372192,1,1
learned_hands_consumer,finetune_encoder,2,4,299,251efc17ee26f8f9c544871f61f6fd54cf585d0f3210406eb3c48c825a10d526,yes,yes,0.9783979654312134,1,1
learned_hands_consumer,finetune_encoder,2,3,300,4b657305ddc7f357ec185bc9abec0fa67e2d4d4fb0afb00f8e83e73a4c712e8e,yes,yes,0.9848228693008423,1,1
learned_hands_consumer,finetune_encoder,2,4,301,f85e7456c7160ff553b31db76a443f79214f6b2cd4542c3bb171595928ab6558,yes,yes,0.9908171892166138,1,1
learned_hands_consumer,finetune_encoder,2,2,302,243386ffe9922a67ec10fee19cff0781c4d76b6a78a32ec20ae1b9ece92bf995,yes,yes,0.9990227222442627,1,1
learned_hands_consumer,finetune_encoder,2,2,303,85d4e89725d489b9e3820f724acfc754d59767d51140be8d70af3bb2eb4198c3,yes,yes,0.9982532858848572,1,1
learned_hands_consumer,finetune_encoder,2,4,304,f859129d9d2aa75e88d6602d1563b367b5d45a031c53939b17889bef5d0f147e,yes,yes,0.9392883777618408,1,1
learned_hands_consumer,finetune_encoder,2,4,305,483ac3b333ee68b7196086031e6a08e2fdb91c52f28a3a861f23a2c8ec75478c,yes,no,0.722879946231842,0,2
learned_hands_consumer,finetune_encoder,2,2,306,6eef9bbaaa01f32394020b689930f9d2ae66836d280dfef0cac99935536b4a22,yes,yes,0.9969793558120728,1,1
learned_hands_consumer,finetune_encoder,2,2,307,2bbdbbb31e0f69cbd29d755d0e4fb9a5a932b3b1effe5a664bc674ef725addc2,no,no,0.990773618221283,1,1
learned_hands_consumer,finetune_encoder,2,0,308,5779a2e66767851f78c4baf2c51d3e6be6d917949d5341b98c489bbf0f67f6f3,no,no,0.6213418245315552,0,2
learned_hands_consumer,finetune_encoder,2,3,309,24481de31a2b3036d71dc474adac585b922e4bdfb8287ce43a3ff34846620b73,no,no,0.9993745684623718,1,1
learned_hands_consumer,finetune_encoder,2,3,310,13b626d60d254c4999ca862d60b0f13ec9378504e9fa2fa1c002db747518bc7b,no,no,0.9960826635360718,1,1
learned_hands_consumer,finetune_encoder,2,1,311,97939ad30f5a35f45ccb7fcb190a65552ca404ca227456e1ecb4f5a57c3bed17,no,no,0.9993519186973572,1,1
learned_hands_consumer,finetune_encoder,2,0,312,8616d00b5609b9a12db9741cc2c276068fbfffd9d02b80e12bf3dc55ef37b07c,no,no,0.994468092918396,1,1
learned_hands_consumer,finetune_encoder,2,0,313,65e5a2fd7a388ba873ac967c48adb5664e74f76db3d95f15af7230c45aa27115,no,yes,0.9927425384521484,1,1
learned_hands_consumer,finetune_encoder,2,2,314,0b5ab1b563bc3ef18c295476f388386fadc1cf299ab20f258f1dffee0f8157b4,no,no,0.9750060439109802,1,1
learned_hands_consumer,finetune_encoder,2,0,315,c70617e5ad6a4b2e699841464467e2a1387594382a39a10f5f3aa0ba238dc8c6,no,no,0.9822281002998352,1,1
learned_hands_consumer,finetune_encoder,2,4,316,bc9f773c51514a7ad309a672115c1b9f79304095ccabcd53343b945d6ce19ec8,no,no,0.7165065407752991,0,2
learned_hands_consumer,finetune_encoder,2,0,317,0af96d52fa6c71f1943351f5d1a07e10d961983e0c4a66784a937ad8bbaf2f0e,no,yes,0.9613500833511353,0,2
learned_hands_consumer,finetune_encoder,2,1,318,f4a7c81fbb4fe3b5a0cdb370b458074ab8fa6f11fe41ced9df994fd2f420f362,no,no,0.9948757290840149,1,1
learned_hands_consumer,finetune_encoder,2,1,319,71d38fe12b75052be0651bda2d4f4efe697b07d365bf41cb14841da2688b94f5,no,no,0.6756635308265686,0,2
learned_hands_consumer,finetune_encoder,2,3,320,60a86bc631bcf63cb1c4ced84c0f60928e57bb2abcf79c23baa53fea95cc1aa3,no,no,0.9985713958740234,1,1
learned_hands_consumer,finetune_encoder,2,2,321,e06e690d6aad76f736293110bf1b57c294435c42a47933cd1acab74063fa7102,no,no,0.917758047580719,0,2
learned_hands_consumer,finetune_encoder,2,3,322,a90e11f52d0e31db828e5d845e5fc33cb9bbc6922bce8244891dbc15b22a7483,no,yes,0.6091769337654114,0,2
learned_hands_consumer,finetune_encoder,2,2,323,7f6a2fb0578a33bc0482677bbc588e70a785c7bea415b62486a564b37d2364a5,no,no,0.9901378154754639,1,1
learned_hands_consumer,finetune_encoder,2,0,324,91f9aed41e41a457675d9814a53f7e293fdcc37d5ecd967c9a49b0e1b38c3587,no,no,0.9698090553283691,0,2
learned_hands_consumer,finetune_encoder,2,3,325,ca37e43e8db1c44dbbb19c01ee3aa67ed7d3e032717d029d12d8ecc1e8da9e24,no,no,0.9115182161331177,0,2
learned_hands_consumer,finetune_encoder,2,4,326,2fb4fb6b593cdd7c3e2fd5c6e362a22a579395bb61b602c450cca3538b8e24ef,no,yes,0.5463769435882568,0,2
learned_hands_consumer,finetune_encoder,2,4,327,c74e1031658129cec56f52de73b243a87d110480b7489b898798c788c64954c1,no,no,0.9783022403717041,1,1
learned_hands_consumer,finetune_encoder,2,0,328,12a1ea95bdc51debd507323d28586d8cd6725f1b2fb39a9a12ccea37dd723d96,no,yes,0.9997010827064514,1,1
learned_hands_consumer,finetune_encoder,2,3,329,985ec3dfb0c350854d7b1baac2c3332760dc5c321f1cafa4bfd44c6712e2ced1,no,no,0.7624513506889343,0,2
learned_hands_consumer,finetune_encoder,2,3,330,335fb0b1b9fad31fa5c37ca3233826815b93d197d51ad6e25f3adb819181b8d5,no,no,0.9928949475288391,1,1
learned_hands_consumer,finetune_encoder,2,4,331,c1a730a7b254e70e6ac0d37573a2caa83d4df82d7e52868bedaff06ebe6b6878,no,yes,0.5281954407691956,0,2
learned_hands_consumer,finetune_encoder,2,0,332,2c4155ce67ad13aaa45fffc3554b95daf5261dd7f91fb8fd64dec003bfb9e74f,no,yes,0.7510115504264832,0,2
learned_hands_consumer,finetune_encoder,2,0,333,6ceaa70ea927c42a727227f3a30b6f624dcea1bc117cb238827bb15af9517c39,no,no,0.8975220322608948,0,2
learned_hands_consumer,finetune_encoder,2,3,334,7d6f93cb8182ac12b92485985653cd0fd562085122909d87b4336f6ee3e4666d,no,no,0.5140039920806885,0,2
learned_hands_consumer,finetune_encoder,2,0,335,cf8776ba226b044303c6bd7ec8aa16cfacbe82cbb01b00fe365ab899a5adc5f8,no,yes,0.6844051480293274,0,2
learned_hands_consumer,finetune_encoder,2,2,336,63d2423f809c612df5098e911ca5ba908d510a563c38c6d97d504e390d18c390,no,no,0.8685256242752075,0,2
learned_hands_consumer,finetune_encoder,2,0,337,52f14dd7aea76b56f013c46377c11006c81b564a73a8fa44e2a4843c3f9ff85e,no,no,0.9544960856437683,0,2
learned_hands_consumer,finetune_encoder,2,2,338,cd0992eca3b3ebd4ffcc36e8430e138824f9b105e6764dedf74a8ce2d5549fe4,no,yes,0.5807353854179382,0,2
learned_hands_consumer,finetune_encoder,2,1,339,5a8803fcccb50853b2c3856ee82785bd156f862dd26d34c99efdea4519a7e214,no,no,0.9298836588859558,0,2
learned_hands_consumer,finetune_encoder,2,1,340,617fea7762c73987c8e9da050c8cae25a1aefb6ea95ff5d081b8e51f028dbf2e,no,no,0.9998548030853271,1,1
learned_hands_consumer,finetune_encoder,2,3,341,d4093169f98d05e7565a5542038529f1fab35b60cfe43127811daa861d935feb,no,yes,0.8559419512748718,0,2
learned_hands_consumer,finetune_encoder,2,3,342,e8a22694731ba2e5a7312f7d4a02b03f7e4bc081c76f7068d665ec82ab92f3c7,no,yes,0.9519786238670349,0,2
learned_hands_consumer,finetune_encoder,2,2,343,7a0a05fc729a8f64cbb6ca9c295a3805e152b645fbd81571861db6a5918d5618,no,no,0.9611773490905762,1,1
learned_hands_consumer,finetune_encoder,2,3,344,1de94b175a0dc3b16576ef02ea9b734786aa3bc35b5be8fbeb644479593c01bd,no,no,0.9914142489433289,1,1
learned_hands_consumer,finetune_encoder,2,1,345,7eba9bd21b877177f0ea63bb88313953a4c47a8eea950c93500fbc398e54e665,no,no,0.9998244643211365,1,1
learned_hands_consumer,finetune_encoder,2,3,346,aa01251703c5de088b207ee1e21487e51f88caf08d8d578aef87fead3ecefced,no,yes,0.8321155309677124,0,2
learned_hands_consumer,finetune_encoder,2,4,347,e9f5e96f340dd75e497ed93a4a1e722cfce986d2cec52aaa027ca7778586ad19,no,no,0.8494294881820679,0,2
learned_hands_consumer,finetune_encoder,2,3,348,4b9f93fed8e41a2a2c5f0994cdca3aca0eda1b96dbd2f74d5afcd2a43889c2e8,no,no,0.9569154381752014,0,2
learned_hands_consumer,finetune_encoder,2,4,349,f05855943024f908afbb53b1527e164e7e5e5ad16ec0192747e08513f2bf77c0,no,no,0.9546325206756592,1,1
learned_hands_consumer,finetune_encoder,2,1,350,1c49793aa9d1312bd32ea93d0d8c4aefe10836b786d8cadf7c97738717ce9d31,no,no,0.9996503591537476,1,1
learned_hands_consumer,finetune_encoder,2,1,351,580b5ac0770fb1b9a6472f9a88911a26a88cc2d70c1aa230e26ba6905581d32b,no,no,0.9998040795326233,1,1
learned_hands_consumer,finetune_encoder,2,4,352,d1a95b753ee546201b5cf71e8a8910ffb93f06b981363dd24190b9627693f2cb,no,no,0.9702268838882446,1,1
learned_hands_consumer,finetune_encoder,2,1,353,f123cdff3722febd99751bb5a64770c85fc6707f63c07bae56510ead6672a690,no,no,0.5193878412246704,0,2
learned_hands_consumer,finetune_encoder,2,3,354,013a1816aae065dc4d8f6a910347c85c867197f1497645a47e5cb14cab38f57e,no,no,0.9454083442687988,0,2
learned_hands_consumer,finetune_encoder,2,1,355,d27505c28fcef3d7434ea6bd8d7130e051f02503586c1526d71160be1310e40f,no,no,0.9990583062171936,1,1
learned_hands_consumer,finetune_encoder,2,3,356,1130e23cb8e7f0a6fc9e659f4c94b732fa1953b7a98b3a9fcafb074532c54af8,no,no,0.9924529194831848,1,1
learned_hands_consumer,finetune_encoder,2,2,357,9a69a9f0e0418372ec3def21b9ce927af42a49df1d185967290ada823319ad8e,no,no,0.5593796372413635,0,2
learned_hands_consumer,finetune_encoder,2,3,358,d0b3728beaff318ee83ad916c45c5c6802c6634bab63d6de065eff3af6bb2839,no,no,0.9851205945014954,1,1
learned_hands_consumer,finetune_encoder,2,3,359,492cdbdcc254342378744c1f8b9dadd066628ace9a1a65a515633708701c9342,no,no,0.8361368179321289,0,2
learned_hands_consumer,finetune_encoder,2,2,360,7c272499aa6af5b9c7b2de749a65adfa813cdc4061012c6f9a62fda253e08104,no,no,0.9863728880882263,1,1
learned_hands_consumer,finetune_encoder,2,4,361,e09a2160df994ff65eac81266e80dbb544860bb0bf9a7322caeeaddef40d8ffe,no,no,0.8195054531097412,0,2
learned_hands_consumer,finetune_encoder,2,3,362,7c408b03bdd1535120a56621fe2fc9d7c4ef4b22699b623e4970ee45767ebba9,no,no,0.982434093952179,1,1
learned_hands_consumer,finetune_encoder,2,3,363,c41ad8c362d3233072dfc9f51c09010958870b25d095046a29cc7e47cafd392d,no,no,0.9988892674446106,1,1
learned_hands_consumer,finetune_encoder,2,3,364,67f538667db398f86344c56348d00c791c1ec9ac0aff37d556bb99dd32897983,no,no,0.9949746131896973,1,1
learned_hands_consumer,finetune_encoder,2,1,365,ddf035db365fff2212de2488a54adb763abc3e92a2dad325570e9d3251388841,no,no,0.983942985534668,0,2
learned_hands_consumer,finetune_encoder,2,1,366,aee3ace2d8ef27f3660fab84d93dad6ad86bf221676864042357c5e92059a85e,no,no,0.9999186992645264,1,1
learned_hands_consumer,finetune_encoder,2,0,367,9913f5e62a1afcba67bee35c05d650381598f5b2c1380d1bb2a0f2ae1cc63e6f,no,yes,0.6848312020301819,0,2
learned_hands_consumer,finetune_encoder,2,1,368,00c018554b47c9496be37e1420e4483569efc3e3631c681205edc2ebb9c5b095,no,no,0.9976004958152771,1,1
learned_hands_consumer,finetune_encoder,2,0,369,2c68763833a784dd4f1a5569f0af102d4fcf6b344f917b9d6e68c91bf223385f,no,no,0.9319409132003784,0,2
learned_hands_consumer,finetune_encoder,2,2,370,c585104773d1883d86927f2b034566efd206fde08fe7e1d63efcf06f6ecd9275,no,no,0.6895790696144104,0,2
learned_hands_consumer,finetune_encoder,2,2,371,7387a5e5fad938d7e99b2c7c1f6e1158d97aec42e8d1218a21f1bfbd2e5ccac3,no,no,0.8159635663032532,0,2
learned_hands_consumer,finetune_encoder,2,2,372,8a778c2a7882c353ea19f4b4177b18f73596a4d0bdf7c066488b237259d5c92e,no,no,0.8901470899581909,0,2
learned_hands_consumer,finetune_encoder,2,4,373,66c80303be317d1ece0aedd4cef8d908db80607ebada9bb9e122cc5c60b05acd,no,no,0.9995512366294861,1,1
learned_hands_consumer,finetune_encoder,2,0,374,844bffeb2e27126213a382107f2bfbd2eeb29a0aa34b39db7c237d94aa21dc6c,no,no,0.9701973795890808,0,2
learned_hands_consumer,finetune_encoder,2,3,375,ecc85367e5cf37586c263dedf5b348a050bbdf6b9249645651c148dca3f30d6a,no,no,0.8813135027885437,0,2
learned_hands_consumer,finetune_encoder,2,2,376,2e572efe17abde9794ed1ca8e76aab48311dffe6e5f091aaf53a537351a6ec4b,no,yes,0.9356476664543152,1,1
learned_hands_consumer,finetune_encoder,2,1,377,8339831d993a8f59979c34ab2a332854935bb45ade809ebc382fde5b95859c6d,no,no,0.9943047165870667,1,1
learned_hands_consumer,finetune_encoder,2,3,378,42142d842605f05b949df18cb8a99bb35cb5a3e606e1f59cff43626743752be7,no,no,0.6260836720466614,0,2
learned_hands_consumer,finetune_encoder,2,1,379,84f150b50421abc72aea1ff2b9e810ed64fba7c4f9d5ac41a9be6e901d2ee310,no,no,0.9998801946640015,1,1
learned_hands_consumer,finetune_encoder,2,0,380,e87ddebafaf120552bd4e34cf6953ec369024fb7fc6e707e8c74058e178b1363,no,no,0.7704287171363831,0,2
learned_hands_consumer,finetune_encoder,2,1,381,1338d4a9807f0d53047962b57d76cf583420487b44853e8aaab6f0d6d454688b,no,no,0.5848111510276794,0,2
learned_hands_consumer,finetune_encoder,2,3,382,ec007d3323dd2053bf052016919bc0af90796fa0ca1b0409c6082066ee97a50b,no,no,0.9870555400848389,1,1
learned_hands_consumer,finetune_encoder,2,4,383,d2cd0e5ee933d888b506be5632aed8062b91258070bea77b00cbf7a570a68547,no,no,0.999567449092865,1,1
learned_hands_consumer,finetune_encoder,2,2,384,b6426951bbccc28e0d00959ce601a50cfdbc42f0b030169fc40a2d195b99f4ce,no,yes,0.6361240744590759,0,2
learned_hands_consumer,finetune_encoder,2,0,385,a7f2631f19f997f8dde0f842d8a44c6be3a43a0e33208d7f010eeb998aedd90a,no,yes,0.6126973032951355,0,2
learned_hands_consumer,finetune_encoder,2,1,386,ee780d03a703ecf7ba9c48251e78cd4e9b7af05645ad48fff61fa919cf492135,no,no,0.9961955547332764,1,1
learned_hands_consumer,finetune_encoder,2,4,387,2a45a35e29096acb668fa0ef232d5755b039d19bbf414f441fa03b6c6964e833,no,no,0.9999867677688599,1,1
learned_hands_consumer,finetune_encoder,2,4,388,db01549ee1c2f8c8cddf1988e9091c11b9c05afae796574b4aa7e58eeebe1ec7,no,no,0.9973939657211304,1,1
learned_hands_consumer,finetune_encoder,2,3,389,63faab04056ecaa75521d5f981daa271b06f41399397a77f5b18772f7982501b,no,no,0.9991825222969055,1,1
learned_hands_consumer,finetune_encoder,2,3,390,ae83caf06a839c78cbe1c040b85f5774b377a68c7cd5ca4e2df1e6b808f5c1b1,no,no,0.997535228729248,1,1
learned_hands_consumer,finetune_encoder,2,4,391,9a3dd5e4246141a2e5cb3351f2f44bd41b29e28912043c8883ba1ee127ba989b,no,yes,0.772869348526001,0,2
learned_hands_consumer,finetune_encoder,2,2,392,df2ca5f08012ee422366badb625b7e85f8f8d13eeebbc8ec9a4e52cb9755e245,no,no,0.7662709355354309,0,2
learned_hands_consumer,finetune_encoder,2,0,393,77b2b7af3d2e7d92346d21688da079b282d2e31d80505b4c19a05b664ed10fb6,no,no,0.998714804649353,1,1
learned_hands_consumer,finetune_encoder,2,4,394,ce03177700db149631f5a0748437e3e8ce566671b3939640d10d100e63e3fd16,no,no,0.8775495886802673,0,2
learned_hands_consumer,finetune_encoder,2,2,395,a47f0ccc3396c563d1d54cfa509c381c6e8ffadc05e947351c2c88540f5992b2,no,no,0.5960595011711121,0,2
learned_hands_consumer,finetune_encoder,2,2,396,d28d9b72ec96132abafad4420752c4f56363e197e4763aacee93a17b42e571ae,no,no,0.6705314517021179,0,2
learned_hands_consumer,finetune_encoder,2,0,397,c6571efea3285b8369d41b3dd25ef48c253a0e321fcaeefa5d4e89023afe6cd5,no,no,0.9583724141120911,0,2
learned_hands_consumer,finetune_encoder,2,0,398,3f37d027870da81cb661495002a1a7fc86a664b28df5b372c3384fa16ab115db,no,no,0.9915452599525452,1,1
learned_hands_consumer,finetune_encoder,2,2,399,1195fd2a250615c2ef282030a1bd1f0805e2944f0343faea81ddf121d0ccc994,no,no,0.9283769726753235,1,1
learned_hands_consumer,finetune_encoder,2,2,400,52755383856e91c2af9d9af2cb1b6b5e2474b17de3d5bc750e466a0cac60f774,no,no,0.9856180548667908,1,1
learned_hands_consumer,finetune_encoder,2,2,401,79a5f35751c76695e1441ec78b28a225fca1c41ea9c82882b2fc5535aa52607f,no,yes,0.9552779197692871,1,1
learned_hands_consumer,finetune_encoder,2,3,402,e8b28f4ace8f9d83a962e68403786fac2eb9f58c6f2f6f2fb4f640879cb943c8,no,no,0.996940016746521,1,1
learned_hands_consumer,finetune_encoder,2,0,403,49b50604e1e593b1474257b9770d20e0a60ddcf54a8b6890e153124f746b8275,no,no,0.9451187252998352,0,2
learned_hands_consumer,finetune_encoder,2,2,404,9d7dcd2eae72e13950ca10701a907c961252af1dd61008203f0937eed002f2d9,no,no,0.980882465839386,1,1
learned_hands_consumer,finetune_encoder,2,1,405,3f5ca9261b2891516e2a5d24447411595d9562c1ff20862e0b1016f7ff1c32e4,no,no,0.9877644181251526,1,1
learned_hands_consumer,finetune_encoder,2,4,406,4e20b69b4d085a8af12bd1e5f9d7e6232d82ab680cfc25e9a64195c6513cabd3,no,no,0.5205233097076416,0,2
learned_hands_consumer,finetune_encoder,2,0,407,9000d55fade254c6ca05e4c143c5341da66479eca3cc7fcba053382ab0a06d2f,no,no,0.7177575826644897,0,2
learned_hands_consumer,finetune_encoder,2,4,408,1d4a66a5ebbe0fede76d2d78db8f5fc9f6c99b17daeca5cfecf1d41b10cf80b1,no,no,0.9441245794296265,1,1
learned_hands_consumer,finetune_encoder,2,2,409,c6ab1cc27fcf3c46640e8614bb3cef65334f694f0dc7ebf7c14f0f95ff582cff,no,yes,0.8459715247154236,0,2
learned_hands_consumer,finetune_encoder,2,4,410,2808314a91f63cd0f210000ca0d99e536b41a5ef2a38b09b99706154ed097563,no,no,0.9171618223190308,1,1
learned_hands_consumer,finetune_encoder,2,4,411,add411cc48fc3dd30ad7eef9eb447a04c306289987db61ee0f1a60eec669366a,no,no,0.9943295121192932,1,1
learned_hands_consumer,finetune_encoder,2,2,412,c5e98cba61f5b7e99d394fd52e37b44f2fa2d4bd59a64a4fa6df5eb9c7d968ee,no,no,0.9617769718170166,1,1
learned_hands_consumer,finetune_encoder,2,4,413,b065f229dea495ea981117badbe33bbb78f927032d079f6b45b57b9ff319ee3f,no,no,0.9984608888626099,1,1
learned_hands_consumer,finetune_encoder,2,4,414,ba9af4f96d08829a0c9ec6aba9efeff3a00a2093dfdfbd72c8bd45f2bc9e6a69,no,no,0.9607868790626526,1,1
learned_hands_consumer,finetune_encoder,2,3,415,5d18d68c26e2f66f512fe9593484b459f2bcea6aa210183c392cf7ad40ddb4f4,no,yes,0.8271618485450745,0,2
learned_hands_consumer,finetune_encoder,2,1,416,e78402c565c5685cfe8d6f3023b3e7d2a6cacb870295e754ff3c7bd88851a1a7,no,no,0.6047482490539551,0,2
learned_hands_consumer,finetune_encoder,2,2,417,83791c54b327f91dec027e1575b5e0d327a0464147f41406fc441098e5403ca6,no,no,0.9909633994102478,1,1
learned_hands_consumer,finetune_encoder,2,2,418,2054be735fa66a7be473f7d8d284cc496f2873f3c0ac26935232ccd60f9de832,no,no,0.9552401900291443,1,1
learned_hands_consumer,finetune_encoder,2,1,419,bab1e0749854088c9ef136c8cc309c034a76a764cfc21fc0ff53362e4861636d,no,no,0.9996371269226074,1,1
learned_hands_consumer,finetune_encoder,2,1,420,27beb276d0fba5a8e870d21c77162c178327fc1ad4e1c391cbb90aa0b33604e5,no,no,0.881650447845459,0,2
learned_hands_consumer,finetune_encoder,2,0,421,a1f504238378627ada42e6b4a5188dc174b5f75652a150163843892064abb22d,no,yes,0.9630701541900635,0,2
learned_hands_consumer,finetune_encoder,2,2,422,a005428946110152b42b0ec6663ca35a25f83f6d59f5b03454dc6b5ded6ed03d,no,no,0.9951246380805969,1,1
learned_hands_consumer,finetune_encoder,2,1,423,9cbbae94185f89046b6054bb9bccf79344fd2aa88fe2a30fc15f75d34aacbef3,no,no,0.9972534775733948,1,1
learned_hands_consumer,finetune_encoder,2,1,424,3be047961cac24031e53731a39990092e5be49c19c1bf50858f360635095935d,no,yes,0.7960524559020996,0,2
learned_hands_consumer,finetune_encoder,2,0,425,ce81291a07edef587b6b3aadc6149395b531a8bc2ccd91e5c553fafdef0a6317,no,yes,0.5309262871742249,0,2
learned_hands_consumer,finetune_encoder,2,3,426,e39dbe75b89613b758ebfbe9bb10832f0a92b0a0f06161e751f68ee02db8bc9e,no,yes,0.5816141963005066,0,2
learned_hands_consumer,finetune_encoder,2,4,427,77f8b279f1b0c7568831f06897e485c63de90d157e9f5bdffc950d8b5339b76b,no,no,0.9970500469207764,1,1
learned_hands_consumer,finetune_encoder,2,4,428,196d1c980028958aa696f055758fa3b2f6507b7e90205d1bb8c1232f9ed33879,no,no,0.9900859594345093,1,1
learned_hands_consumer,finetune_encoder,2,2,429,867ba8abbec80d2ad80edb9dbea0eda8dc5dcbafdfbe36aef9c42b95537f0f61,no,no,0.5875187516212463,0,2
learned_hands_consumer,finetune_encoder,2,3,430,72af3f1cbcff79519e8d830ce39f1aaf8bc7b8e3c6a420f8e0cd0db3ab43e396,no,no,0.9992448091506958,1,1
learned_hands_consumer,finetune_encoder,2,1,431,8ccfee9549ab36622cbef033779481a4709533ba1916a502e4daa4bee8356d6f,no,no,0.8471534252166748,0,2
learned_hands_consumer,finetune_encoder,2,2,432,f86e733c4aa27750c91274e7c1d24ef7fdb6886dedd3cd183e02ae97b21b71a1,no,no,0.5767619609832764,0,2
learned_hands_consumer,finetune_encoder,2,2,433,4e5a84a0e6bc8a79290a97622c2e27f93f35d3bc1d958a174621ce41587bc723,no,yes,0.5793743133544922,0,2
learned_hands_consumer,finetune_encoder,2,2,434,60115ad7adfb7cd44dc9d3974fa6e91f75d4314b459afb6ad7cf046ec468f5d0,no,no,0.9174054861068726,0,2
learned_hands_consumer,finetune_encoder,2,4,435,c2f8f30d2f33de3ff6d230fe420907389008f3f32d850a0d46c02bed9d4d96a6,no,no,0.9917662739753723,1,1
learned_hands_consumer,finetune_encoder,2,3,436,c260b7498f71fe45f1424fd2b9a9839f565e405a7d4dcec0225cc32b31aa3ddf,no,yes,0.9942517280578613,1,1
learned_hands_consumer,finetune_encoder,2,1,437,946f42d7871538b510e3f3addcd2c214d51128c8b0d1497d15b7386ba0a1356b,no,no,0.977026641368866,0,2
learned_hands_consumer,finetune_encoder,2,2,438,2ccf77520a102a3a7f63b623e6874716be7a1cf26d8c0f666f6e7470e9e4c438,no,no,0.9129537343978882,0,2
learned_hands_consumer,finetune_encoder,2,3,439,a701c75cc7ffd4dd2d848114d88c55877c21ca6bc554b06f7a780af98fdede78,no,no,0.9643377065658569,0,2
learned_hands_consumer,finetune_encoder,2,0,440,1512241f1c901913c1bcb63d7c6958e6e29007920502c9eb4c9eb5dfdc429779,no,no,0.9863856434822083,1,1
learned_hands_consumer,finetune_encoder,2,2,441,8efb01893e2894f9a68dd4abe86e1aa3273c502cb488596dc29f5385ecaeb2c7,no,no,0.9460963606834412,1,1
learned_hands_consumer,finetune_encoder,2,4,442,1d2a94502aece3443e17b2cb63dfe225b7a8aeebd081ddb65e6bb2f671212a17,no,no,0.9878892302513123,1,1
learned_hands_consumer,finetune_encoder,2,3,443,0163ad6ff34e85877a0adf35a59c1a346599711f69d7bf4891317aada189c78b,no,no,0.9669886231422424,0,2
learned_hands_consumer,finetune_encoder,2,1,444,8bd8da3916ab6140c8983ae16bcdb2e8e857d786d5b0a809729486e67a0812d0,no,no,0.9996669292449951,1,1
learned_hands_consumer,finetune_encoder,2,0,445,04302b33dfe27e60dab505555f6ba88813973ef1386f0c8b08205ee51891f0e6,no,no,0.9821396470069885,1,1
learned_hands_consumer,finetune_encoder,2,1,446,1afd1fc0fa21504408f161026b0213f082b591b552e5a77213bf65d60bf4612b,no,no,0.9999586343765259,1,1
learned_hands_consumer,finetune_encoder,2,0,447,d1d3852aceaedd7f13c819c848f14ecc6dc897da4bfa78ed063ef32ce2ac63d1,no,no,0.8305649757385254,0,2
learned_hands_consumer,finetune_encoder,2,4,448,04a31af43a0322d4e234770268a71818baa3b9f7193dc123c6ce1e4fb24f3e72,no,no,0.9967756867408752,1,1
learned_hands_consumer,finetune_encoder,2,3,449,a8e84a61c494345c5650ad8117693f333deabc9e041a3b4a22aa1d06393231ed,no,no,0.9991254210472107,1,1
learned_hands_consumer,finetune_encoder,2,1,450,0854abafaea9b69c2c49c5f64e9f3c95f596dea3588670571b1ed57b744f59a5,no,no,0.9554674625396729,0,2
learned_hands_consumer,finetune_encoder,2,0,451,9f25eaeb6f65236347aee880ca9534bfc163ad085b06fa72eeb67b405f5f1d62,no,no,0.9106022119522095,0,2
learned_hands_consumer,finetune_encoder,2,1,452,cbfecefec8a53e69aa8f367aea02a4727b7ee5554da9e45a38e31f065cc3c169,no,yes,0.9943649768829346,1,1
learned_hands_consumer,finetune_encoder,2,3,453,bc4a406688a7b5efef17bfb1b4edbc67f35a63b3de8702b8068df824d666583b,no,yes,0.5935347080230713,0,2
learned_hands_consumer,finetune_encoder,2,4,454,1c6dd5d561b55e7031e5f2adc0da0e9723f06c4b23e08e8904fc1e27c13cd9c6,no,no,0.9396712779998779,1,1
learned_hands_consumer,finetune_encoder,2,3,455,932d945f027160e21bfd51184d91d8727cfdf60e72226309e7516cc368fdc515,no,no,0.9727265238761902,1,1
learned_hands_consumer,finetune_encoder,2,4,456,27da743642e6fe9e9f70f9ff5b3c8febcdf419aed6c38e5e67fa09294c9d6ab9,no,no,0.6769083142280579,0,2
learned_hands_consumer,finetune_encoder,2,4,457,74043fddd5dce444be8d653b1c6f225528ef532997c766cbce4e5c660ade622d,no,no,0.9995982050895691,1,1
learned_hands_consumer,finetune_encoder,2,4,458,f417273fdbac343a73e3321b40e14d3eafed51eea5cb6c8b788b4ea1eb0afd8f,no,no,0.8759785294532776,0,2
learned_hands_consumer,finetune_encoder,2,1,459,df68371ca953f13c782ca05591a597acc4b878650efb047c1d8da558f203219e,no,no,0.997076153755188,1,1
learned_hands_consumer,finetune_encoder,2,0,460,5a1f2ce82b72f9c1266df09ac2c4d257aa3bee8f5b3972e0fc839db712595ca9,no,no,0.9657939672470093,0,2
learned_hands_consumer,finetune_encoder,2,3,461,0b54969a9e57430db4a328e94f100a2c17ce2ecd53896ee28aa064697a2b1d8d,no,no,0.8988146185874939,0,2
learned_hands_consumer,finetune_encoder,2,3,462,0bab903026b7c3c9333fbe20f96dcdd314852e6516b76ab0c53d206790eefac6,no,no,0.9976980090141296,1,1
learned_hands_consumer,finetune_encoder,2,4,463,41fa77f140f955deec510a2825da39c611b3256f06db66f38fab47e7b78d20da,no,no,0.9327170252799988,1,1
learned_hands_consumer,finetune_encoder,2,0,464,2425edeaa0bb4c18efdb8f3cf3549bd1e238423ef48243512eb592127b04ee0e,no,no,0.8666636347770691,0,2
learned_hands_consumer,finetune_encoder,2,1,465,987eae7153585e7a2a0d88ba16f6807b131129542c68eb9138781ebed69e8cc2,no,no,0.989119291305542,1,1
learned_hands_consumer,finetune_encoder,2,2,466,b24b2625eafa8e1b32b1e246012edbc8db39764b08f08c67c920f3b3350fe9ea,no,no,0.964282214641571,1,1
learned_hands_consumer,finetune_encoder,2,4,467,35b9bab2880db0b2d36d825afd233bf57bda9e5eef479a37b70a41a36c5a5879,no,no,0.9930421113967896,1,1
learned_hands_consumer,finetune_encoder,2,1,468,6f958da8adbf8531a95cda9abd9c5210f97bffa964d37b7cb0442bcb31d14c37,no,no,0.9904550909996033,1,1
learned_hands_consumer,finetune_encoder,2,0,469,9e30b352d1c79225ed762c8ded34d155a8f1a9acb805c8f881ea24631aafaca6,no,no,0.9862349629402161,1,1
learned_hands_consumer,finetune_encoder,2,4,470,6b2d81f7309dbbad5fd9af0af6a0d5e5c76e6ba2b87feadee3468b273edf16ad,no,no,0.531831681728363,0,2
learned_hands_consumer,finetune_encoder,2,2,471,eaaf0b7320c280140ad331ea0601675c5fd7ff6a885286c80d46ea113a3cab17,no,no,0.9774495363235474,1,1
learned_hands_consumer,finetune_encoder,2,4,472,4e19f210464ca73a7f7a58cd3218cec482dee93c4f53abed18732ac581733e3c,no,yes,0.7976524233818054,0,2
learned_hands_consumer,finetune_encoder,2,2,473,4115fad9f9b83db5ecb78a9be61669ad1018516abc1227f075d62f7563f98f22,no,no,0.9132635593414307,0,2
learned_hands_consumer,finetune_encoder,2,0,474,f0cadb5492e0ec183a3a3ea7616ae472ae6eff8bbcd445c563fa7c23da261ca5,no,no,0.9044678211212158,0,2
learned_hands_consumer,finetune_encoder,2,3,475,531a57b154dbd769d4108e15531d27140a960b9c18d233351c7d62f188b8f6f1,no,no,0.9990468621253967,1,1
learned_hands_consumer,finetune_encoder,2,4,476,8fa4139dbe239bba25434909e55f2fa80c50269832bb68550d65299db5619836,no,no,0.9959955215454102,1,1
learned_hands_consumer,finetune_encoder,2,4,477,9aec94ea158756c81b27ab95c8b331de3d51619d6ed22d22437d837182c56810,no,yes,0.9965248703956604,1,1
learned_hands_consumer,finetune_encoder,2,0,478,dc31283a842264461700a1d07d553bc3be03295a75df6770fa6c06015b16fc4d,no,no,0.9929250478744507,1,1
learned_hands_consumer,finetune_encoder,2,1,479,d8bcfed355b99213c89ac1a9ff427c6c4b1ed05f140ef324e243fdff43ed062e,no,no,0.9949746131896973,1,1
learned_hands_consumer,finetune_encoder,2,2,480,01de597cf467f8e74cdcd5967327e64399908a15ce5348852dd9dd952a970715,no,yes,0.9973036050796509,1,1
learned_hands_consumer,finetune_encoder,2,4,481,6d3f546cc7e65f909112f42a52f7c36c1144c6845909f5c0f68d093fbfcdd8fe,no,no,0.745491087436676,0,2
learned_hands_consumer,finetune_encoder,2,3,482,76ed3dfb2ec9e6a39f0bdd9bfc8057cdacba2af71015e9bdb02dc0313489169f,no,no,0.9997979998588562,1,1
learned_hands_consumer,finetune_encoder,2,3,483,931e120b8c3a8979cf4a37513bfbbf87c5b064b350a60733e2408dda7477646e,no,no,0.9948984980583191,1,1
learned_hands_consumer,finetune_encoder,2,4,484,cecaae8addd481078cd53a5a69e5d8da4b6a98a516613269f4137b01782983d7,no,no,0.9875170588493347,1,1
learned_hands_consumer,finetune_encoder,2,1,485,b07d2a4ff6a8dceaa18e35705a350c09b7e7f46cd67cf1e630b3cf325c46cc0f,no,no,0.9443058371543884,0,2
learned_hands_consumer,finetune_encoder,2,3,486,012a4657825e2d7e50ec63501a9322690acfd4226e288797e79c2df8d26962ba,no,no,0.9973146319389343,1,1
learned_hands_consumer,finetune_encoder,2,2,487,20b699538b4fb5aba69b8c97153f171766a2c4674e8e33eac9eebb1206529fe5,no,no,0.9879466891288757,1,1
learned_hands_consumer,finetune_encoder,2,4,488,c837c365cb2af81ad03b9121ec3ef43ab40d330362b3b4a17acbdc6fe37d85d0,no,no,0.9998283386230469,1,1
learned_hands_consumer,finetune_encoder,2,0,489,ed3eae30ccd079f9f129d55e81fae1839ca02ea3e96d61c56b1ccf55fe84687e,no,no,0.9211206436157227,0,2
learned_hands_consumer,finetune_encoder,2,0,490,18d65e6e4ac267b954fab721a8d2cabcf4346e461537cf69de5e72f51a7c5a79,no,yes,0.9660399556159973,0,2
learned_hands_consumer,finetune_encoder,2,4,491,1de0c196d21d27621ca7c6e1b0386331881a85a41a05c700ff3c5d698d48eaae,no,no,0.9818952679634094,1,1
learned_hands_consumer,finetune_encoder,2,4,492,daaaa7023a2b99c5064d440cbb801b79c0f04aca364a814e84dc1c4dfc3865d0,no,no,0.9809834361076355,1,1
learned_hands_consumer,finetune_encoder,2,1,493,ba5d6e2c09e4d63bb1beb689879578b510654791dece0cda170619655fbe60bd,no,no,0.9955228567123413,1,1
learned_hands_consumer,finetune_encoder,2,3,494,0769d7b7837170d8be575bfc0f6247cb8aa473af2eea89363f68c41a10d2c7e0,no,no,0.9986949563026428,1,1
learned_hands_consumer,finetune_encoder,2,0,495,cc8b2d0978320bbe51dc5e4b1de74ef4b9b277de2e23e12d234df5eb07e460e7,no,no,0.9338128566741943,0,2
learned_hands_consumer,finetune_encoder,2,4,496,e613741978772ff2af35a8e2703f6574aa51e0f59b958d0ac40bd784a691696c,no,no,0.9892310500144958,1,1
learned_hands_consumer,finetune_encoder,2,2,497,30fc1431cc1bd1aa3cf2160a194f94ab74b259ec3b1a245d9a44d4c7cd36702f,no,no,0.9056118130683899,0,2
learned_hands_consumer,finetune_encoder,2,3,498,3e84f9a77980c8201610e1fcd383fac5825e27ba6d5747b53d07a15d820d1826,no,no,0.8301941752433777,0,2
learned_hands_consumer,finetune_encoder,2,1,499,45f440261959716e956eeb1411ef4686bed9e9775d8fda7f31816a338fa7aa25,no,no,0.9993552565574646,1,1
learned_hands_consumer,finetune_encoder,2,0,500,3369d09eaa0b33274bebd84d0cf53afc9ebc6dd6dbc8f7ea6cdc98d71324c90b,no,yes,0.9775672554969788,1,1
learned_hands_consumer,finetune_encoder,2,2,501,310cdecdcb36d755a158b4b234f965e433bc5d653ce95ec34814c492542b6e9d,no,no,0.9557307958602905,1,1
learned_hands_consumer,finetune_encoder,2,2,502,3f4cf00bdfec2adfe98cd9ed014b1bda2da6b65d534ee0ae60f5a1f4cc7d8bed,no,no,0.9761484861373901,1,1
learned_hands_consumer,finetune_encoder,2,4,503,bb5add493ea70afa2c752943a32010d534375afbf274f76364f5fd08c8551486,no,yes,0.9931261539459229,1,1
learned_hands_consumer,finetune_encoder,2,1,504,04a671661b4a945504156fd0073b7bf79e85f7d32382c0d0180634ee46e850af,no,no,0.9984153509140015,1,1
learned_hands_consumer,finetune_encoder,2,1,505,fd1fe8184fbcfa582a0b2176a6b8d3a33eb68e84c3e941c4565a70212f082b27,no,yes,0.5259875059127808,0,2
learned_hands_consumer,finetune_encoder,2,0,506,231ee3f5f275519cba825473068fc96cf01d3913b5d14fb747b2bda5abc8ab6f,no,no,0.9994481205940247,1,1
learned_hands_consumer,finetune_encoder,2,3,507,6739991faf5aa8fa1e6c64dd6d08390a1287fc09742cac2994b33432d5338df2,no,yes,0.5405095815658569,0,2
learned_hands_consumer,finetune_encoder,2,1,508,37ec98dd44986f754e0baa73863d4c9210b359d2ba344ae645cbc8abb39da92f,no,no,0.9997333884239197,1,1
learned_hands_consumer,finetune_encoder,2,0,509,b49a2505659c683cb11a3df13847ac8045a46adfd8192d2c76391a8803a1f4c8,no,no,0.9977746605873108,1,1
learned_hands_consumer,finetune_encoder,2,1,510,a8217fa585bcf051c42ce021792455104c0b30538cee9d1851b1d4287e25e0f1,no,no,0.9936395287513733,1,1
learned_hands_consumer,finetune_encoder,2,3,511,e9985a996c1b2327f2216eff3e962fc84a378f193e0d95ba12e5529bf99d15a9,no,no,0.9970476031303406,1,1
learned_hands_consumer,finetune_encoder,2,2,512,df1f494b116ab1943fdfa5b41fa750c836fe604c800651280911f0dc4580a3f8,no,no,0.9950917959213257,1,1
learned_hands_consumer,finetune_encoder,2,4,513,be04d6d56aebd1e9f64044842226e835ae6154a25190109a1e2e0693bee8e9c3,no,no,0.8017136454582214,0,2
learned_hands_consumer,finetune_encoder,2,3,514,da3a06f0dd47af3a2b4ad51ae4de160a3f203e163224d6995c3218e0611096d0,no,no,0.9545148611068726,0,2
learned_hands_consumer,finetune_encoder,2,1,515,5c56a2375937744f352e8a6ee8be863d82c01648dadf59d6e0540e4d4cd3aa63,no,no,0.9989709854125977,1,1
learned_hands_consumer,finetune_encoder,2,4,516,77ff7a6cc1e79bc95cfd0df1cf2351b19e130cc482374a04d5967c1a85d54773,no,no,0.9999872446060181,1,1
learned_hands_consumer,finetune_encoder,2,1,517,4a00c73ae7c6524fa4c17e987d72c3f6fa272236cacd79ed166db4d45eebb2aa,no,no,0.9985328912734985,1,1
learned_hands_consumer,finetune_encoder,2,1,518,57d7010f1071da7d8e1852e639021c19ce4b58849818194549f19da7d793ed5c,no,yes,0.7574671506881714,0,2
learned_hands_consumer,finetune_encoder,2,4,519,b0346537dd7db9e6927d457dddb797ca2160ccc494e76289b9cefcedf036ceb3,no,yes,0.5979568958282471,0,2
learned_hands_consumer,finetune_encoder,2,4,520,c2be9f06745a8c52db0133bd1fd943903f7fbaa625b0d3d34c2fce9d0ae875e0,no,no,0.999962329864502,1,1
learned_hands_consumer,finetune_encoder,2,2,521,75d05aaa2c22410aa8b7fffcafce5468bcd99117194cefbea4e1ac86f5f351f4,no,no,0.8444624543190002,0,2
learned_hands_consumer,finetune_encoder,2,0,522,db05d6507e5e3fa1d10142d3d8a1447182ad4bbba3e4a8370275f7fa482603f1,no,yes,0.7626253962516785,0,2
learned_hands_consumer,finetune_encoder,2,3,523,0cd164612e455d558e41fa9eeac7cdf9afda934ca9be5ff6ca58723a0d4f1a00,no,no,0.99822598695755,1,1
learned_hands_consumer,finetune_encoder,2,2,524,64748ff82f5a0b3935c4b036e55eaa3dedc4952ea2df451bb4489eeb560981ca,no,no,0.9303491115570068,1,1
learned_hands_consumer,finetune_encoder,2,3,525,b84cafbdf8906d4952f89b6677c260f193b288cde9bd9a044da00429a5c1788c,no,no,0.982236921787262,1,1
learned_hands_consumer,finetune_encoder,2,0,526,c2c2b5dbf3e12a911a20a8938927cbc7333ac84a79c8659cefb4366be01ff7c4,no,no,0.9684052467346191,0,2
learned_hands_consumer,finetune_encoder,2,1,527,60c6f915b166a49f3d467e29663aefd916fdb4febc3aed6e9f86dc861d89cdb0,no,no,0.9981412887573242,1,1
learned_hands_consumer,finetune_encoder,2,0,528,5b8d9992b62967320c49f0330151d6b9b87e86c8b4abbfb6622903ab97a5142b,no,no,0.9415953755378723,0,2
learned_hands_consumer,finetune_encoder,2,0,529,57d3ccebff848e81befa244f69489b9a171ab42168f6bbc6325439c85b7b0df5,no,no,0.687670886516571,0,2
learned_hands_consumer,finetune_encoder,2,4,530,dcc018d1aaf56509688079bc8783b9b23e0de1b677409b02d41284d2fca9040c,no,no,0.8824716806411743,0,2
learned_hands_consumer,finetune_encoder,2,2,531,4d5492ff6e79ebaf69bd06ebbeabe63809050a927815a156c8a8972229eba0ba,no,no,0.8146576285362244,0,2
learned_hands_consumer,finetune_encoder,2,4,532,ca3ecf1c1ef162d48d1f7e17896f1037dde115892608733e846ec86140631f89,no,no,0.9698284864425659,1,1
learned_hands_consumer,finetune_encoder,2,0,533,0305a9b842d8022160096d7a46730fab12122cf58393b7bcfe6ad6852162bdcb,no,no,0.9960446357727051,1,1
learned_hands_consumer,finetune_encoder,2,0,534,3d57a7bd684e91a426d743d44a7a8feae1ccc11b7320dc7c64cdfff7f5651caf,no,no,0.9700813889503479,0,2
learned_hands_consumer,finetune_encoder,2,1,535,f5d5f15ce9ba190a7120001abc42f1cf21e20e7f2a019fd07a91090882dbd6f6,no,no,0.9994823932647705,1,1
learned_hands_consumer,finetune_encoder,2,4,536,903fd0d792e220feea54ad37c84686d6e6b8e59535fa16d13bc36658f1fc28c8,no,no,0.8104103803634644,0,2
learned_hands_consumer,finetune_encoder,2,0,537,9d9b4526cbe24d2a6f2890adb86aace884014a95851e78352d3f4ff1cdcc50dc,no,yes,0.9013742804527283,0,2
learned_hands_consumer,finetune_encoder,2,4,538,30a2b5df9ae4ed2e010f7c2d068372ace7e2577350940484bb48430ae9ea7278,no,no,0.9827257394790649,1,1
learned_hands_consumer,finetune_encoder,2,2,539,14dd48f8f89acc71cb973a464b51478fbbeeac5361ae069ccdf18c010692573b,no,no,0.7937374711036682,0,2
learned_hands_consumer,finetune_encoder,2,1,540,60cec153bbc5f214e7135f4d89ed8528e27743234f4739a1eb92e34f1ff44d86,no,no,0.7714359164237976,0,2
learned_hands_consumer,finetune_encoder,2,4,541,5588471057013e09e22216f158d5fbdc584f612606d94687c13be4b2e55f5896,no,no,0.9324787855148315,1,1
learned_hands_consumer,finetune_encoder,2,2,542,dc192552b483d0ac3a6d1651b8e21b40837a9426816d9e3f64498e131d76e734,no,yes,0.5525859594345093,0,2
learned_hands_consumer,finetune_encoder,2,2,543,f1f6e92601fdf06f7ca1a57e7556c20884dc45c096f396b9e825f5e32c0f7a59,no,yes,0.6694632172584534,0,2
learned_hands_consumer,finetune_encoder,2,3,544,3c76189ba90d25579e258776ba63c3c30d8b7d53a978703cf331ee251b4e5890,no,no,0.847780704498291,0,2
learned_hands_consumer,finetune_encoder,2,3,545,43a6bc4480553f9b0a214f75f6d48c8e8ce7abc4b7be882e01a9e9df8108a1b0,no,no,0.9977228045463562,1,1
learned_hands_consumer,finetune_encoder,2,0,546,3da37e63dffad75b2ee9a58d491a68e212af0b7d71ac858045a8657165bfadd2,no,yes,0.9988901019096375,1,1
learned_hands_consumer,finetune_encoder,2,3,547,58137e64ac41ed8e7e81d207383d87b5226b5658728837915a21ffd225d0754b,no,no,0.5996249318122864,0,2
learned_hands_consumer,finetune_encoder,2,2,548,c9760c7df4fc3eb826bfb31e080137911ab35ae7f2295614373536be38ff7a63,no,no,0.5999091863632202,0,2
learned_hands_consumer,finetune_encoder,2,2,549,f68d2b36b0aa1fe05ff7cfefd1bef8b411b59bfd2547573231a9358ce4a847af,no,yes,0.628179669380188,0,2
learned_hands_consumer,finetune_encoder,2,1,550,9d038dd0243eecf6b7473c2626d4e82af31cbb7798372022403db2c53aac85c4,no,no,0.999880313873291,1,1
learned_hands_consumer,finetune_encoder,2,1,551,1f966f4c818ddbda27cb669513c943ee46d73d5252c0de4770bae3e0b1407c6b,no,no,0.9986757636070251,1,1
learned_hands_consumer,finetune_encoder,2,4,552,47f5ff1d7bfe7621611a502c23a7ceff9d308e2a1dabd5f29755fb341ed42da2,no,no,0.5312586426734924,0,2
learned_hands_consumer,finetune_encoder,2,1,553,d4edcad2012a13062a63322c80d9dda6748d539f3ccc68a8ca8515cbf779e532,no,no,0.9999698400497437,1,1
learned_hands_consumer,finetune_encoder,2,4,554,ba2d5b4602e83fd349fad98b24b38a99bfe1443da99a67d27ba98c8d58a7b182,no,no,0.9994888305664062,1,1
learned_hands_consumer,finetune_encoder,2,0,555,a6dd6a0f17139acfd501f939d766455a6f082f486b04d50843f5897c950f5a6b,no,no,0.5483949780464172,0,2
learned_hands_consumer,finetune_encoder,2,3,556,a1ec095ee15753680fa1dcc2cbce2e048c960c54a4c671af2b889ff01c2a78b1,no,no,0.8662065267562866,0,2
learned_hands_consumer,finetune_encoder,2,0,557,f50ac2f7ee90df358f730bee0cc541912730af6dc27f334b51ce011788751780,no,yes,0.6507964134216309,0,2
learned_hands_consumer,finetune_encoder,2,0,558,6dbf7b018c755e5418a5bb8020c0e3e0b3b6c2802141270907880a6f7cf37e03,no,no,0.7066152095794678,0,2
learned_hands_consumer,finetune_encoder,2,3,559,8028cfbd1a2e6305634a58811aaf0ab86462c0aba3c14fb71b4e2d5c466e76ed,no,no,0.9826090335845947,1,1
learned_hands_consumer,finetune_encoder,2,0,560,9a51675376b7b3914122130018ee7839fc678cd936b6b9ab2de64d3095595d93,no,no,0.9202115535736084,0,2
learned_hands_consumer,finetune_encoder,2,4,561,46db7874bb17bd0bfc4da9f20d511677c89d9d72e7616f5d2fea321d16a4d2c8,no,no,0.9735646843910217,1,1
learned_hands_consumer,finetune_encoder,2,0,562,703e4efa32ffec639b9f5832aba111107a1d6a46aa78b9f0bcbf55786e115a58,no,no,0.9927883744239807,1,1
learned_hands_consumer,finetune_encoder,2,2,563,7deec0af5174e4beb0d092237b7a51ba2fdd2750e9d0d6b70fc7c0a7dd3274b5,no,no,0.9461915493011475,1,1
learned_hands_consumer,finetune_encoder,2,0,564,9f89ce31649f5aadaf8602b1ec128212bc82f53bdd4b070be2656d39389bfd3a,no,no,0.7585271000862122,0,2
learned_hands_consumer,finetune_encoder,2,2,565,52c676261b9c0ec1700eb1af704f89bafe5d3cc2fcde6e3e53ec8d62cdd6d2a4,no,no,0.9280466437339783,0,2
learned_hands_consumer,finetune_encoder,2,1,566,46c570bb238fa00c335738e90e9894fd264ea59da9a43983805ace67cda3babd,no,no,0.9961106181144714,1,1
learned_hands_consumer,finetune_encoder,2,2,567,0cce10f57330f13a1fa4583d7fcbaea0ea54631244d26f8a6d66cacba2bc5e86,no,no,0.8844684362411499,0,2
learned_hands_consumer,finetune_encoder,2,2,568,23d530283c7fa6d23eb17ed2448ff4204346f82e1ff6bba839e171c25a835f45,no,no,0.8152510523796082,0,2
learned_hands_consumer,finetune_encoder,2,1,569,1c260489f250e26aa71f0f67af2d93564ae951b62570cc33391ef77909e9ff99,no,no,0.9892654418945312,1,1
learned_hands_consumer,finetune_encoder,2,1,570,a069da037392da85deec01ab7ac053f17bb4d2f8fef4cefb41ffe8b522d078f9,no,no,0.9999942779541016,1,1
learned_hands_consumer,finetune_encoder,2,3,571,524bb5bf6132a668b140a529e1e06fd9231839d3f515499d615f2e3cbc7aed03,no,no,0.998836100101471,1,1
learned_hands_consumer,finetune_encoder,2,0,572,698a24f5972ce2399e34b386818b23e9f4e394b92851cbbbd6edb8b88c1afd5b,no,yes,0.9984034895896912,1,1
learned_hands_consumer,finetune_encoder,2,3,573,49f564d4ddfce6dfcee859f3e9357c9ab50ff9c0235c7f8261f86942a80bdb88,no,no,0.9964640736579895,1,1
learned_hands_consumer,finetune_encoder,2,2,574,3ac0c82ca7beef115b86522a5f5f46bd39ba3538af171995361348eafd9b9e20,no,yes,0.9914152026176453,1,1
learned_hands_consumer,finetune_encoder,2,0,575,867d8d7d603b8ba49fd2224d4e9a4e31af79cb37a9eadbd99a914e0587a6e215,no,no,0.5865827202796936,0,2
learned_hands_consumer,finetune_encoder,2,0,576,85d2a625103432a6e270c523b2b82873753c1aadea3a856047d52d54f77d7fec,no,no,0.9889155626296997,1,1
learned_hands_consumer,finetune_encoder,2,0,577,710dc3cc876b848944aa42d1a09e59b9090754a8d9bd4a8ec6a95c1d915c9b4a,no,yes,0.9824311137199402,1,1
learned_hands_consumer,finetune_encoder,2,3,578,085d8a8bf0abb16a3a525ab8ae49de081115d9b133ea5c0286dcc920fa1332ce,no,no,0.5907842516899109,0,2
learned_hands_consumer,finetune_encoder,2,2,579,b22ac3b6da6efba6a1c054601441ac802d6282b2f6c93b97b3f41378a9f9df7c,no,no,0.9241727590560913,0,2
learned_hands_consumer,finetune_encoder,2,3,580,a0a8970a8f7abab6606c6c0dc4e4ed89f48960d36710902cbf788bcae8d59835,no,no,0.999454915523529,1,1
learned_hands_consumer,finetune_encoder,2,3,581,c830685ae56b6f1b2910c6ab5de01bdcf3e93705d4ae3850481e9ae6a7ec59c8,no,no,0.9997733235359192,1,1
learned_hands_consumer,finetune_encoder,2,2,582,a2b8614a6474da04bbec6a1b3421b6c93d315cc44e8958073d1b9652801f4710,no,no,0.9110464453697205,0,2
learned_hands_consumer,finetune_encoder,2,0,583,2fd3a1b7a973326e591034aa7863f5b09e42e05bb1e3f9d6cc311428d449d4f4,no,no,0.9915579557418823,1,1
learned_hands_consumer,finetune_encoder,2,1,584,f221ac70290bacf70893417c277b4fb7396aa9262713ef18f437e8c1e5da3bcf,no,no,0.996817946434021,1,1
learned_hands_consumer,finetune_encoder,2,3,585,a1f95e95ed3bf1df04e2d7306db27c5cd135ef9ea77def78c12cf2c81619e8c3,no,no,0.8281421661376953,0,2
learned_hands_consumer,finetune_encoder,2,0,586,2ce709e73ee4451d404c5cdc00ea37833fee0b356b8f16d76ff2479b2cbd353b,no,yes,0.9967091083526611,1,1
learned_hands_consumer,finetune_encoder,2,2,587,618c4d63aaf62f407f26f35d636080cc1e0a032d82f4d1e04c0fb1cf65048718,no,yes,0.9324049949645996,1,1
learned_hands_consumer,finetune_encoder,2,1,588,4f6bc5578f8ddb17d988262058901424533577bd28369751a61118a761761e91,no,no,0.9992908239364624,1,1
learned_hands_consumer,finetune_encoder,2,1,589,a9192bcdf65d01e592abf6f0b177a9853ed1c4a2b0ee8742dab11341eaee29d1,no,no,0.988500714302063,1,1
learned_hands_consumer,finetune_encoder,2,1,590,067cce98506849a73d82e859c38940708382620ea642806d23cbb8de5187231e,no,no,0.9435393214225769,0,2
learned_hands_consumer,finetune_encoder,2,2,591,b576cd2ec8f9c40c2bb0abe987f064c2f9f1c25f94d4565ddd83377473d48859,no,no,0.9590137004852295,1,1
learned_hands_consumer,finetune_encoder,2,0,592,5913bc49040be5c85504a852ac0a112f8e7e340d2c39fb67d7067ee3450e5e13,no,yes,0.8332181572914124,0,2
learned_hands_consumer,finetune_encoder,2,1,593,a25e7edfa72a41526ddc2db76023d27c2db12a24984d2e5a716da973b523f27e,no,no,0.9996746778488159,1,1
learned_hands_consumer,finetune_encoder,2,3,594,d10b6556e2004b51129b987f5c4531830e2b0822cf2d7017e10a5414707669d9,no,no,0.9631276726722717,0,2
learned_hands_consumer,finetune_encoder,2,0,595,d6d5572c752218b14019ec07e189728c9b3ddb8d34c3d70488fe782cc31aa988,no,no,0.9912372827529907,1,1
learned_hands_consumer,finetune_encoder,2,4,596,07573b273be6697368d57299de8abf31240b9402c15219c81c2ee8f9a7f2aa62,no,no,0.764807939529419,0,2
learned_hands_consumer,finetune_encoder,2,3,597,6dc6cf31b2c1894f7bcfb26a493a4e5756971e007f5e7be26036cf50c17d7eb4,no,no,0.9536691308021545,0,2
learned_hands_consumer,finetune_encoder,2,4,598,7aa6dcf85749745744d1eb12d07f65d4b80960c401365645658ffdacc98c266a,no,no,0.9856013655662537,1,1
learned_hands_consumer,finetune_encoder,2,4,599,5d91de0107b67446aed45672dcfdef4f58baf8f1c037cbe894d9bb1e9578101b,no,no,0.9806944131851196,1,1
learned_hands_consumer,finetune_encoder,2,2,600,684294f8c7abfb0278d36770f016d23248fd859f28c36cd2400da167f3b2b1ee,no,no,0.9808973670005798,1,1
learned_hands_consumer,finetune_encoder,2,4,601,241cef5b8e4490252fa54625f6d6db8138d2f2b6887914926c4714fe63225592,no,no,0.9923305511474609,1,1
learned_hands_consumer,finetune_encoder,2,1,602,264bdc1770e2864da6160b2fb689ad40913ffdda9bc24da7cd4f73e375da64a9,no,no,0.9999806880950928,1,1
learned_hands_consumer,finetune_encoder,2,4,603,8b25bda48a03414701e65d70dfe129b08d8a1fffbfd6d253c4f8eab80b8e7ef4,no,no,0.6452286243438721,0,2
learned_hands_consumer,finetune_encoder,2,2,604,a98c95b8dc90508ce61bca07aac73b3000d782c3e8bdb2d8094fa8851213e843,no,no,0.8559277653694153,0,2
learned_hands_consumer,finetune_encoder,2,4,605,2e2dab0aa3f72da243e332c4316fe221543965532bf45ff04017e1820a01ffa5,no,no,0.9999780654907227,1,1
learned_hands_consumer,finetune_encoder,2,0,606,f898c42315c66b3c1b4818313a33706910ac2498fef748ca5f12df32ed4ea670,no,no,0.7086659073829651,0,2
learned_hands_consumer,finetune_encoder,2,1,607,edf5ecdbda4cb86f3f4fd1969bf42ba5a7eededc822406ff5bcdbad487d0ebc0,no,yes,0.9923081398010254,1,1
learned_hands_consumer,finetune_encoder,2,1,608,41d5caaade46df5dd642cfcc5a1c383a53ea033ab68bf9753d941c8fa472857d,no,no,0.9883814454078674,1,1
learned_hands_consumer,finetune_encoder,2,3,609,20cf2204cfad79c36173c2020ce3d9d1d7bfe049a4659016961fb1f7d34524d8,no,no,0.625578761100769,0,2
learned_hands_consumer,finetune_encoder,2,2,610,0970bb84fe7a7ae10755b3ff8e069375c894baa731baadab88c5b85d95df1cc1,no,no,0.9776436686515808,1,1
learned_hands_consumer,finetune_encoder,2,2,611,53722369d56a509c380ff23472de54953b911d83728e74087c7864d9bf6c5d11,no,no,0.7744555473327637,0,2
learned_hands_consumer,finetune_encoder,2,1,612,dc4a5fdc229e8eb8b4651e9829068c4a686c371d36c72e2ff9486195b6f27065,no,no,0.9894519448280334,1,1
learned_hands_consumer,finetune_encoder,2,4,613,1b06f4f278599f2a5f0149ed64529530669a8a3934e0d4e09cf02e4eb40c20b2,no,no,0.9997683167457581,1,1
