task,model_key,item_idx,text_sha256,gold,raw_output,pred,parse_ok,in_tokens,out_tokens,cached_tokens,cost_usd,latency_s,ts
learned_hands_consumer,deepseek-v4-pro-fireworks,0,a379a87ff3cdf868abd2168b8f7f1448c858c1c0293a0324128a1f9795c2495c,yes,Yes,yes,1,1489,83,0,0.0022941600,1.956,2026-09-11T23:16:05+00:00
learned_hands_consumer,deepseek-v4-pro-fireworks,4,7505269b5e689b850bf04d86c3aee556710bf7ed7473e80bb32cbf4ef909b78b,yes,Yes,yes,1,1593,89,0,0.0024552000,2.578,2026-09-11T23:16:06+00:00
learned_hands_consumer,deepseek-v4-pro-fireworks,1,191f0937cb2c89fc2ee6de2cf962022796a21348bccce723e58dff5138f4aa85,yes,Yes,yes,1,1986,79,0,0.0029343600,3.009,2026-09-11T23:16:07+00:00
learned_hands_consumer,deepseek-v4-pro-fireworks,2,23e415128308be018936edfbe782216c59135a5373afcc67391ab30b99e4fab4,yes,Yes,yes,1,1479,84,0,0.0022849200,3.099,2026-09-11T23:16:07+00:00
learned_hands_consumer,deepseek-v4-pro-fireworks,7,a1352482ea4516a24b594ccbf2ed311516cde0785a8edf4e41b8b20657074dd8,yes,Yes,yes,1,1709,179,0,0.0029647200,3.173,2026-09-11T23:16:07+00:00
learned_hands_consumer,deepseek-v4-pro-fireworks,6,3682fd0cb52ef152a5e499e4441ac3d86a735973de9e3062a809fc58d80f083a,yes,Yes,yes,1,1583,139,0,0.0026400000,3.512,2026-09-11T23:16:07+00:00
learned_hands_consumer,deepseek-v4-pro-fireworks,3,d020ae25740133b72d326d57b58504372281f70e6def4d5a95655465a0e91468,yes,Yes,yes,1,1497,149,0,0.0025660800,3.879,2026-09-11T23:16:07+00:00
learned_hands_consumer,deepseek-v4-pro-fireworks,11,025030168186d6dca4ceeb0def0c282fcd27d1c293abe1a0d6f41c0ae9ae34dc,yes,Yes,yes,1,1650,72,0,0.0024631200,2.088,2026-09-11T23:16:09+00:00
learned_hands_consumer,deepseek-v4-pro-fireworks,12,241960fe59164730ab7f2221e78ff75ddf5d07ef6b0c664c078d091bc787b69c,yes,Yes,yes,1,2151,78,0,0.0031482000,2.171,2026-09-11T23:16:09+00:00
learned_hands_consumer,deepseek-v4-pro-fireworks,10,ff770b8fb5998da87b58b103e84a37ec674949fd2d8708f87b7aa392185f98be,yes,Yes,yes,1,1858,77,0,0.0027574800,2.603,2026-09-11T23:16:09+00:00
learned_hands_consumer,deepseek-v4-pro-fireworks,14,3a9f35dbcf5d11d5980a668dd0ac8a317654d4e4f8ee28518fa931a589f5ed3d,yes,Yes,yes,1,1990,79,0,0.0029396400,1.869,2026-09-11T23:16:09+00:00
learned_hands_consumer,deepseek-v4-pro-fireworks,5,ebbf5dce638a03352aa5ce9e76ea526855fc19fe426785e9d74da0b972447b56,yes,Yes,yes,1,1681,136,0,0.0027574800,5.975,2026-09-11T23:16:09+00:00
learned_hands_consumer,deepseek-v4-pro-fireworks,9,30f3878dfeeec4bffed1d8ed0fd2feaa3165fc8790712d0e6c993ba632a91571,yes,Yes,yes,1,1476,160,0,0.0025819200,4.078,2026-09-11T23:16:10+00:00
learned_hands_consumer,deepseek-v4-pro-fireworks,15,62ffb1bca214412111ca15a5cb79aed8c39b77ae8e4a9734a85ca66376cdf151,yes,Yes,yes,1,1818,85,0,0.0027363600,2.248,2026-09-11T23:16:11+00:00
learned_hands_consumer,deepseek-v4-pro-fireworks,13,ce32ef1dbe79dfac3d0eec018d4e7404296ad6ab06b519aef7132243fecc9c2e,yes,Yes,yes,1,1617,145,0,0.0027086400,3.978,2026-09-11T23:16:11+00:00
learned_hands_consumer,deepseek-v4-pro-fireworks,17,2dcefce119cd3d52ce0b2dd55dba49a2d705592c989511a60ca5ff2fa62bd783,yes,Yes,yes,1,1726,87,0,0.0026228400,1.998,2026-09-11T23:16:11+00:00
learned_hands_consumer,deepseek-v4-pro-fireworks,19,eaecc316a32deb54a2e35ad55d5930bded5cb828eee671ec1a4d6c298e93f0ea,yes,Yes,yes,1,1444,72,0,0.0021912000,1.913,2026-09-11T23:16:11+00:00
learned_hands_consumer,deepseek-v4-pro-fireworks,16,74157c44430c0b4b913dbef04b5bcc2e60d6786f1fce50cbd1fb74740cbfcbea,yes,Yes,yes,1,1578,152,0,0.0026848800,3.187,2026-09-11T23:16:12+00:00
learned_hands_consumer,deepseek-v4-pro-fireworks,18,e4b36f1dffe74a33bc589ff139dca6b75d8c5d7bd1414fcbe7ff483736a80e24,yes,Yes,yes,1,1489,117,0,0.0024288000,2.855,2026-09-11T23:16:12+00:00
learned_hands_consumer,deepseek-v4-pro-fireworks,25,ffe0635de5f1a7973b85a3b70ea8e03cb5b1567c2d2995c39b15468f910920d7,yes,Yes,yes,1,1579,85,0,0.0024208800,2.081,2026-09-11T23:16:14+00:00
learned_hands_consumer,deepseek-v4-pro-fireworks,21,8770b696e9d75ce623853da32ab9c2fc409af163cb781c02986c01c726cb8581,yes,Yes,yes,1,1495,287,0,0.0031099200,4.474,2026-09-11T23:16:15+00:00
learned_hands_consumer,deepseek-v4-pro-fireworks,22,5f6fe96a0c85f05ef1bd1209d12d8a5da80ec0b8df76281b71b291bb0bfe1477,yes,Yes,yes,1,1624,305,0,0.0033514800,5.015,2026-09-11T23:16:16+00:00
learned_hands_consumer,deepseek-v4-pro-fireworks,23,db86e2ed5ca09bd43e5c1153206c84ac6670851f84c6f0c29b6ccd1eb0deb1e7,yes,Yes,yes,1,1591,151,0,0.0026980800,5.021,2026-09-11T23:16:16+00:00
learned_hands_consumer,deepseek-v4-pro-fireworks,20,ed6f10e3e2d4af3a7f61f4ac8ca3c539ade9d2b7250defd67063ea3a59ec18c9,yes,No,no,1,1715,388,0,0.0038002800,6.434,2026-09-11T23:16:17+00:00
learned_hands_consumer,deepseek-v4-pro-fireworks,26,1c5d518541a4c3c72210f1d1640f265a1ed467b09e8fd9920e0ced3c2a2e237f,yes,Yes,yes,1,1549,130,0,0.0025594800,4.779,2026-09-11T23:16:17+00:00
learned_hands_consumer,deepseek-v4-pro-fireworks,8,5655b74e200dc643bf62729b26c6760f786b1d110abd671cd8122c5d567f2846,yes,No,no,1,1514,738,0,0.0049209600,12.276,2026-09-11T23:16:18+00:00
learned_hands_consumer,deepseek-v4-pro-fireworks,28,826850ee19189639a241888830f2095a605677489c15835a9633e2a0b1ac6a64,yes,Yes,yes,1,1772,105,0,0.0027548400,2.893,2026-09-11T23:16:18+00:00
learned_hands_consumer,deepseek-v4-pro-fireworks,29,8bf45813b8f64152745c4302a8fe3d28ad3a521ce8400337d150f52d7679c073,yes,Yes,yes,1,1457,128,0,0.0024301200,3.071,2026-09-11T23:16:19+00:00
learned_hands_consumer,deepseek-v4-pro-fireworks,32,28de51fe26d760b562f7dd240c576dd29c1dcd24a3821f27045c03e1695ce0c4,yes,Yes,yes,1,1786,148,0,0.0029436000,2.860,2026-09-11T23:16:20+00:00
learned_hands_consumer,deepseek-v4-pro-fireworks,33,6ce4033081e30de899b1011a4c082e82532b4c8f2afae23aed1a9b31dfb4eadb,yes,Yes,yes,1,1588,81,0,0.0024169200,2.483,2026-09-11T23:16:20+00:00
learned_hands_consumer,deepseek-v4-pro-fireworks,30,eab22a84a1d27762ebd956ab7c150792e31d45b69c081b1042ce94bb9f5db787,yes,Yes,yes,1,1764,93,0,0.0026967600,4.288,2026-09-11T23:16:20+00:00
learned_hands_consumer,deepseek-v4-pro-fireworks,31,0d9289d67324c71b1a8459504ea7ea7d8593bc88c6baad910d98ae12b894b961,yes,Yes,yes,1,1623,242,0,0.0031006800,4.840,2026-09-11T23:16:21+00:00
learned_hands_consumer,deepseek-v4-pro-fireworks,24,f544e710a36c5f8952ea27c89f4b8d456410ad33abcdeff8bb5ab956f30c76bc,yes,Yes,yes,1,1609,660,0,0.0047374800,10.156,2026-09-11T23:16:22+00:00
learned_hands_consumer,deepseek-v4-pro-fireworks,34,fe949d0e8bb0a6f67a12ee28fec1d49ebc38d613057ddbd9e9742ce374e5a92a,yes,Yes,yes,1,1679,202,0,0.0030162000,3.596,2026-09-11T23:16:22+00:00
learned_hands_consumer,deepseek-v4-pro-fireworks,38,d5599f345f2efcc9997c702cf325c78c55c774947409f903377c2d84a3c8bc07,yes,Yes,yes,1,1773,81,0,0.0026611200,1.842,2026-09-11T23:16:22+00:00
learned_hands_consumer,deepseek-v4-pro-fireworks,35,c207ce030682bc8ba0e7590a8ef0dd99c16b1b16665aebc82ab525877c2593a3,yes,Yes,yes,1,1876,155,0,0.0030901200,3.368,2026-09-11T23:16:22+00:00
learned_hands_consumer,deepseek-v4-pro-fireworks,27,847d90720ffa65caeed18bca722c31a7e6ad6690535571373c7cf5484024b4f1,yes,Yes,yes,1,1644,266,0,0.0032234400,8.422,2026-09-11T23:16:23+00:00
learned_hands_consumer,deepseek-v4-pro-fireworks,37,bf327cac5ea3a5c8ae4b1fa4c6aa053fb3e0494255dfad320226fae0a94b91af,yes,Yes,yes,1,1979,120,0,0.0030874800,2.335,2026-09-11T23:16:23+00:00
learned_hands_consumer,deepseek-v4-pro-fireworks,36,8ee486f22362d8e55009981db61b71a034a94793fc615ef6c369c92e25d8621a,yes,Yes,yes,1,1707,150,0,0.0028472400,3.517,2026-09-11T23:16:23+00:00
learned_hands_consumer,deepseek-v4-pro-fireworks,40,46fe2b35c88c955d03ff315dfce3bb7c880b33d4409029f9ff6042df0194686a,yes,Yes,yes,1,1778,79,0,0.0026598000,2.397,2026-09-11T23:16:24+00:00
learned_hands_consumer,deepseek-v4-pro-fireworks,39,574fc09c7649af91d62597783fce341ddacfa64d9567f02c1c1d30d6a45410d3,yes,Yes,yes,1,1545,123,0,0.0025264800,2.525,2026-09-11T23:16:24+00:00
learned_hands_consumer,deepseek-v4-pro-fireworks,44,bb18ab83285db7bc8dcf60f8a3ce1cdf2bd7debb099b953f662ddb9f8b38c2a7,yes,Yes,yes,1,1553,129,0,0.0025608000,2.853,2026-09-11T23:16:25+00:00
learned_hands_consumer,deepseek-v4-pro-fireworks,45,16a3215ae403198891fd8dc9a2a417f75f8728d8e7141fcfef231668fdb5ab3d,yes,Yes,yes,1,1812,103,0,0.0027997200,3.159,2026-09-11T23:16:26+00:00
learned_hands_consumer,deepseek-v4-pro-fireworks,43,1d86013431ea866bb8f9c95e610c8a4080348f326588f325da4a18706ada5429,yes,Yes,yes,1,1490,113,0,0.0024142800,3.436,2026-09-11T23:16:26+00:00
learned_hands_consumer,deepseek-v4-pro-fireworks,42,01f1c668540d25f929d2e86cf0c94ebff90e0049c2f9c72bd85b0e900e0d7495,yes,Yes,yes,1,1648,175,0,0.0028683600,3.627,2026-09-11T23:16:26+00:00
learned_hands_consumer,deepseek-v4-pro-fireworks,41,f5d2007ecaaceed6f700b3e50cfa67215480af67ec2a87afea71cf1279ebec05,yes,Yes,yes,1,1444,187,0,0.0026466000,4.070,2026-09-11T23:16:26+00:00
learned_hands_consumer,deepseek-v4-pro-fireworks,47,0b3c04d83b29cbb3a2e22807f4dae94c87c8f2b395036f54911c5754a4c47017,yes,Yes,yes,1,1529,82,0,0.0023430000,2.233,2026-09-11T23:16:26+00:00
learned_hands_consumer,deepseek-v4-pro-fireworks,48,22a293b5746bac59ac00ea57d239b6ac359d9156a1ec0715abd762c84fede43d,yes,Yes,yes,1,1675,82,0,0.0025357200,2.338,2026-09-11T23:16:26+00:00
learned_hands_consumer,deepseek-v4-pro-fireworks,50,014d339ae8d5fa4f98805d09f90eeeceed4b7762a40914f0ab3d4313182186bc,yes,Yes,yes,1,1659,73,0,0.0024789600,1.986,2026-09-11T23:16:28+00:00
learned_hands_consumer,deepseek-v4-pro-fireworks,53,eec25d963cdf3c5408e24c25c1ec3ce4c8b7063821931ad7747c587b4dd8f3ed,yes,Yes,yes,1,1690,77,0,0.0025357200,2.007,2026-09-11T23:16:28+00:00
learned_hands_consumer,deepseek-v4-pro-fireworks,52,fc726439af49d4188b72ee0e9adc0c39a6dd739d7612fcaa8485f57a5706e876,yes,Yes,yes,1,1580,92,0,0.0024499200,2.653,2026-09-11T23:16:29+00:00
learned_hands_consumer,deepseek-v4-pro-fireworks,49,c4c2bad785e53ccb9b321d2c63b8faff89f92b5a2cdcf0736b057e7e8e719879,yes,Yes,yes,1,1444,187,0,0.0026466000,3.369,2026-09-11T23:16:29+00:00
learned_hands_consumer,deepseek-v4-pro-fireworks,51,e7c14e7458d8da99796ba9c88de59853c6a65ab37d90d24358671b503b06100a,yes,Yes,yes,1,1588,111,0,0.0025357200,3.139,2026-09-11T23:16:29+00:00
learned_hands_consumer,deepseek-v4-pro-fireworks,54,dcae1fbe99948ce3f328592769d0490ed52f89cb9a04fb61ed7eb8f822e0ef89,yes,Yes,yes,1,1496,164,0,0.0026241600,3.103,2026-09-11T23:16:29+00:00
learned_hands_consumer,deepseek-v4-pro-fireworks,56,d8912fee3a18d2f57b6bb3a91a58414523442ec0294398e0adbd9fa8b241b33b,yes,Yes,yes,1,1543,71,0,0.0023179200,3.039,2026-09-11T23:16:31+00:00
learned_hands_consumer,deepseek-v4-pro-fireworks,57,f87c51747534d2868b590819e8df1acd5dbdbe3015ba30f49aa700ccfaff8b97,yes,Yes,yes,1,1748,120,0,0.0027825600,2.754,2026-09-11T23:16:31+00:00
learned_hands_consumer,deepseek-v4-pro-fireworks,60,0141cccd8167fda3a53db3bc8a9c9de38ab73039aee125ca5d456f83efb3f060,yes,Yes,yes,1,2143,80,0,0.0031455600,2.187,2026-09-11T23:16:31+00:00
learned_hands_consumer,deepseek-v4-pro-fireworks,55,ec7dbe0d74d55de6c88312082e78da6a9a98966b97acf9fa7c9d9202b2fcbe6d,yes,Yes,yes,1,1509,301,0,0.0031838400,5.133,2026-09-11T23:16:31+00:00
learned_hands_consumer,deepseek-v4-pro-fireworks,61,9539303909111ff48458f893819b6c4d82471c51d35262c48791eb4281d5a6fc,yes,Yes,yes,1,1508,84,0,0.0023232000,2.475,2026-09-11T23:16:32+00:00
learned_hands_consumer,deepseek-v4-pro-fireworks,59,8401deb1d2cdca16e4beb605dc74617b796161236d4fabf6b119671c60390e46,yes,Yes,yes,1,1521,175,0,0.0027007200,3.537,2026-09-11T23:16:32+00:00
learned_hands_consumer,deepseek-v4-pro-fireworks,58,aaf2efb2b98403731588f69a234f9628c7cf0a6e41dc5e4d493bf3cc98491abd,yes,No,no,1,1584,302,0,0.0032868000,5.209,2026-09-11T23:16:34+00:00
learned_hands_consumer,deepseek-v4-pro-fireworks,66,10c9dca4735480772f9fa371b9c9695f8d7449b8c64df6abd309125cc20b2e6a,yes,Yes,yes,1,1774,125,0,0.0028366800,2.535,2026-09-11T23:16:34+00:00
learned_hands_consumer,deepseek-v4-pro-fireworks,62,0d9042d456d2e30348acf77b2105fef878d17d0c8ce75d13775d81f13023733b,yes,Yes,yes,1,1900,89,0,0.0028604400,3.618,2026-09-11T23:16:34+00:00
learned_hands_consumer,deepseek-v4-pro-fireworks,64,087225dc844ed506b918ed1ed8cb4919b62e15999a35bc72ef5f3e438535329d,yes,Yes,yes,1,1807,79,0,0.0026980800,3.139,2026-09-11T23:16:34+00:00
learned_hands_consumer,deepseek-v4-pro-fireworks,67,4e9fb39ce82c9a0c8db9edda73b0a08dbe1fee6bde6735bb0599991149c9cceb,yes,Yes,yes,1,1481,92,0,0.0023192400,2.086,2026-09-11T23:16:34+00:00
learned_hands_consumer,deepseek-v4-pro-fireworks,46,4439bed3fc41d7b9c8ab09ef918fda1428dd5d823121216ce107959cb0dd4294,yes,No,no,1,1943,724,0,0.0054318000,11.215,2026-09-11T23:16:34+00:00
learned_hands_consumer,deepseek-v4-pro-fireworks,71,96ea4d954d1b6446c71d74a769dd614b7dcf83261e50056d6e62e7ca102d5401,yes,Yes,yes,1,1734,77,0,0.0025938000,2.111,2026-09-11T23:16:36+00:00
learned_hands_consumer,deepseek-v4-pro-fireworks,69,7599dea223674f198ca8bd7b449a8b363e958ee58ead42c5f7026c558eac1915,yes,Yes,yes,1,2009,77,0,0.0029568000,2.185,2026-09-11T23:16:36+00:00
learned_hands_consumer,deepseek-v4-pro-fireworks,68,6a7e6c881869b757c8e7d36f73f227b987ce5b3ad9363a56d200edfa24ffcded,yes,Yes,yes,1,1665,95,0,0.0025740000,2.773,2026-09-11T23:16:37+00:00
learned_hands_consumer,deepseek-v4-pro-fireworks,72,3defdb305691fca997369ad61eb4c2cc9ad5737f73633b9997bca6b3b68dbc70,yes,Yes,yes,1,1793,80,0,0.0026835600,2.583,2026-09-11T23:16:37+00:00
learned_hands_consumer,deepseek-v4-pro-fireworks,70,7f224054d39f18cdd6646ad519ae236db20d9acc51e2a2366bf146920bbd208f,yes,Yes,yes,1,1978,95,0,0.0029871600,2.954,2026-09-11T23:16:37+00:00
learned_hands_consumer,deepseek-v4-pro-fireworks,75,3145ed790491a1b21c800dff9616114d2f77be8dbdbc044f4fcf7b15608d7aeb,yes,Yes,yes,1,1606,139,0,0.0026703600,2.753,2026-09-11T23:16:39+00:00
learned_hands_consumer,deepseek-v4-pro-fireworks,74,1cb2a54d0c572842c9666556b4f9d68ac569dacc5ff14c26a9deb40b00297490,yes,Yes,yes,1,1541,148,0,0.0026202000,3.413,2026-09-11T23:16:40+00:00
learned_hands_consumer,deepseek-v4-pro-fireworks,73,ea88a64bd77d6c33327a9e3a56bdeab16edfcc94d3ad1f6c811e233e9cf1a4e6,yes,Yes,yes,1,1489,238,0,0.0029079600,5.557,2026-09-11T23:16:40+00:00
learned_hands_consumer,deepseek-v4-pro-fireworks,77,9a5c75e417971c21fe00a89d52819a28a8d393fb332863c7f844a2f728e1aa47,yes,Yes,yes,1,1885,79,0,0.0028010400,3.357,2026-09-11T23:16:40+00:00
learned_hands_consumer,deepseek-v4-pro-fireworks,63,d351e0b84bda59ef89f0bf473a631f614d498349dffaab3bb47d4611faad2257,yes,No,no,1,1801,709,0,0.0051849600,11.174,2026-09-11T23:16:42+00:00
learned_hands_consumer,deepseek-v4-pro-fireworks,79,bf7fab3a472a85fba5cacc610acd4ae413064fb5929efe63047e35beca2837f6,yes,Yes,yes,1,1718,130,0,0.0027825600,2.896,2026-09-11T23:16:42+00:00
learned_hands_consumer,deepseek-v4-pro-fireworks,80,b9fec9f38f97749033ecb64442eb36f3ee2e3a80cd28ded964ba3b542608ed08,yes,Yes,yes,1,1604,150,0,0.0027112800,3.292,2026-09-11T23:16:43+00:00
learned_hands_consumer,deepseek-v4-pro-fireworks,78,7effc09d90b5d4a003218cec4356f0109765847fec64e4393bdf14682528fc56,yes,Yes,yes,1,1560,308,0,0.0032788800,6.144,2026-09-11T23:16:43+00:00
learned_hands_consumer,deepseek-v4-pro-fireworks,81,a86e6ca3f4d275c0420ca0ee4600f15f0b78e34c43b877bb58dfb44c56f07ad2,yes,Yes,yes,1,1889,130,0,0.0030082800,3.453,2026-09-11T23:16:44+00:00
learned_hands_consumer,deepseek-v4-pro-fireworks,83,9d3a029d590c2c8aecbc4df458d911be15fcbef421678b9ef52d1281119ef933,yes,Yes,yes,1,1738,82,0,0.0026188800,1.793,2026-09-11T23:16:44+00:00
learned_hands_consumer,deepseek-v4-pro-fireworks,82,e2dda0a5ede9ada6a285c131669076df0764c2b88c1c2001ae078a17d88fc168,yes,Yes,yes,1,1762,176,0,0.0030228000,4.414,2026-09-11T23:16:45+00:00
learned_hands_consumer,deepseek-v4-pro-fireworks,85,edf4479c78e0f0664620607e8ab699c2cf70b3f949ebe5b6e2a5e65f56f24fa0,yes,Yes,yes,1,1449,86,0,0.0022532400,2.095,2026-09-11T23:16:45+00:00
learned_hands_consumer,deepseek-v4-pro-fireworks,84,0a86c2677e444a84373fb5de0aa2e100762432bf73d0ed3e92ef3f2f584504eb,yes,Yes,yes,1,1573,79,0,0.0023892000,3.490,2026-09-11T23:16:46+00:00
learned_hands_consumer,deepseek-v4-pro-fireworks,87,90d67e6b76ef21ed8c1dc58bfbdcc24aab8e1dd728ebdafefc643a1e3c6bc74c,yes,Yes,yes,1,1723,87,0,0.0026188800,2.675,2026-09-11T23:16:46+00:00
learned_hands_consumer,deepseek-v4-pro-fireworks,65,8cc2e66174e528599835446e6f69bf213ec59da343e4da74a215a2d7e47df358,yes,No,no,1,1591,1046,0,0.0062422800,14.804,2026-09-11T23:16:46+00:00
learned_hands_consumer,deepseek-v4-pro-fireworks,76,bc58560238d37dd7bb637d6eed992896abc2e8646e56eb8dac0dd8bf4106576a,yes,No,no,1,1656,780,0,0.0052747200,11.044,2026-09-11T23:16:48+00:00
learned_hands_consumer,deepseek-v4-pro-fireworks,88,e0f88567e0733cdaf8c918330d9139891158680d5be3cc3fc4577a4e79c67cdb,yes,Yes,yes,1,1462,156,0,0.0025476000,4.194,2026-09-11T23:16:48+00:00
learned_hands_consumer,deepseek-v4-pro-fireworks,86,a446c13b6a95e774dc7f399a94c473901184d9172d42d8f4db7362cdb059e191,yes,No,no,1,1984,259,0,0.0036445200,4.965,2026-09-11T23:16:48+00:00
learned_hands_consumer,deepseek-v4-pro-fireworks,92,61088df3abd8799b2cb0b2a50547fabab33f53e711b6bf0e51ad8eee1f9886f8,yes,Yes,yes,1,1622,78,0,0.0024499200,2.364,2026-09-11T23:16:49+00:00
learned_hands_consumer,deepseek-v4-pro-fireworks,94,0935c35b8f85a7acb661025d20f4077750c9420cbe5f2d6cb6c1f5e62a4cd9fc,yes,Yes,yes,1,3049,83,0,0.0043533600,1.895,2026-09-11T23:16:49+00:00
learned_hands_consumer,deepseek-v4-pro-fireworks,93,245581fd1773d7336f3fbd519ea0ad635746b96c3ef3c64c77d8fe969f404345,yes,Yes,yes,1,1546,85,0,0.0023773200,3.588,2026-09-11T23:16:50+00:00
learned_hands_consumer,deepseek-v4-pro-fireworks,91,123e686fd8c78b602b0952ee8aacebb8f2a451c8d2c2f716072c6c0780e88a8c,yes,Yes,yes,1,1907,156,0,0.0031350000,4.443,2026-09-11T23:16:50+00:00
learned_hands_consumer,deepseek-v4-pro-fireworks,97,8c8ab92472440d5e8d77d4f562ff2df1e24f26dbf33e2f219ed51d9ffe2ed9e8,yes,Yes,yes,1,1587,75,0,0.0023918400,1.819,2026-09-11T23:16:50+00:00
learned_hands_consumer,deepseek-v4-pro-fireworks,95,8b2b428ed3082708aebc90d3e95493d6b01fab537f0107c5604932ba617141c5,yes,Yes,yes,1,1569,174,0,0.0027601200,3.730,2026-09-11T23:16:52+00:00
learned_hands_consumer,deepseek-v4-pro-fireworks,99,5a061ea8f86d69941bb8f010a9102517e2e50e8a6e7f043b2a65a9beeb5b2a5a,yes,Yes,yes,1,1479,89,0,0.0023047200,2.440,2026-09-11T23:16:52+00:00
learned_hands_consumer,deepseek-v4-pro-fireworks,90,08c27d740cbffbaf24d70ad9cc2f4538941c1e7ccba03ba15eacb0c43fe8f6a3,yes,Yes,yes,1,1631,503,0,0.0041448000,7.606,2026-09-11T23:16:53+00:00
learned_hands_consumer,deepseek-v4-pro-fireworks,101,d69eab546563939e27e3b5c4bf71ed21aa8c08a685f2dc211a8611a8734cdaac,yes,Yes,yes,1,1936,114,0,0.0030069600,2.787,2026-09-11T23:16:53+00:00
learned_hands_consumer,deepseek-v4-pro-fireworks,100,a0b66eb40941e4afabf26cc61164bd17ae4b404900827ee613063156c3fcf1f6,yes,Yes,yes,1,1474,151,0,0.0025436400,4.164,2026-09-11T23:16:54+00:00
learned_hands_consumer,deepseek-v4-pro-fireworks,102,13c1947392729839a6ef7e019584b3baf576db1a026c6cc363f97f9be6b55b7d,yes,Yes,yes,1,1672,199,0,0.0029950800,3.708,2026-09-11T23:16:55+00:00
learned_hands_consumer,deepseek-v4-pro-fireworks,96,46b3b836673160a90a211860286b914eda2a3ef85f0eb63bd10cacc7ea5f0f02,yes,Yes,yes,1,1508,465,0,0.0038319600,7.087,2026-09-11T23:16:56+00:00
learned_hands_consumer,deepseek-v4-pro-fireworks,104,9d141e84a47e429ebf8c9be15a716519a789f6ecfe2635d6742bcc1589887b61,yes,Yes,yes,1,1827,143,0,0.0029779200,3.072,2026-09-11T23:16:56+00:00
learned_hands_consumer,deepseek-v4-pro-fireworks,103,2db3f4de10f8e3c93f180c1cec9ec1036a8cfb696152a003910f4876349b5563,yes,Yes,yes,1,1763,141,0,0.0028855200,3.767,2026-09-11T23:16:56+00:00
learned_hands_consumer,deepseek-v4-pro-fireworks,106,d5dcc520e7691c72d4f4bcf6d67cfa74c856d631a5a6c4904f730332b192f920,yes,Yes,yes,1,1470,82,0,0.0022651200,2.604,2026-09-11T23:16:57+00:00
learned_hands_consumer,deepseek-v4-pro-fireworks,89,4c96db2e33b6cc4900b1f80e86334c0d0f97a10b76baf6a5fac96558a449fa07,yes,Yes,yes,1,1476,807,0,0.0051440400,12.091,2026-09-11T23:16:57+00:00
learned_hands_consumer,deepseek-v4-pro-fireworks,107,da0684c959dcca3dab601174a68db1954a8db19f75ad96cecdb7b9319c828539,yes,Yes,yes,1,1599,75,0,0.0024076800,1.989,2026-09-11T23:16:57+00:00
learned_hands_consumer,deepseek-v4-pro-fireworks,109,3b14007f0368858c49628d89f7a4ac4e05912114c121069f929f093267da692c,yes,Yes,yes,1,3801,104,0,0.0054291600,2.439,2026-09-11T23:16:58+00:00
learned_hands_consumer,deepseek-v4-pro-fireworks,112,fb04a608b72b2b2e616ef5e9aa6ca1fda0b73c81a00bd51339a60f7ebb9349f5,yes,Yes,yes,1,1560,76,0,0.0023601600,1.753,2026-09-11T23:16:59+00:00
learned_hands_consumer,deepseek-v4-pro-fireworks,110,83a75ee006bb31d8db282260e075860f781be2246f81074adfc047c6debba47d,yes,No,no,1,1536,79,0,0.0023403600,2.626,2026-09-11T23:16:59+00:00
learned_hands_consumer,deepseek-v4-pro-fireworks,98,f84ae3cfea6e268f60d53f2fc2105cabc35e7c1bc60594c254b8a5b9ebb95c52,yes,Yes,yes,1,1551,591,0,0.0043876800,9.328,2026-09-11T23:16:59+00:00
learned_hands_consumer,deepseek-v4-pro-fireworks,111,d140e8b5cef58e3c07015a3be1003d6d67dda0e1681f40a4b5b23a3a143236ea,yes,No,no,1,1579,124,0,0.0025753200,2.805,2026-09-11T23:17:00+00:00
learned_hands_consumer,deepseek-v4-pro-fireworks,108,0e7608581b6f65860575a915b9e6d3ea3ba463ac7392a783effab47b7c6ed2b6,yes,No,no,1,1593,210,0,0.0029343600,4.444,2026-09-11T23:17:00+00:00
learned_hands_consumer,deepseek-v4-pro-fireworks,105,f2b40bc0dd711fca9b42c004ced8b6a7f8400023cc7f44239caee4f44359dde4,yes,No,no,1,2548,447,0,0.0051334800,7.140,2026-09-11T23:17:00+00:00
learned_hands_consumer,deepseek-v4-pro-fireworks,114,7e315bac1e39325f317709b5955292bc75939640e3b8f10ba3c11050930647e1,yes,Yes,yes,1,1625,90,0,0.0025014000,2.691,2026-09-11T23:17:01+00:00
learned_hands_consumer,deepseek-v4-pro-fireworks,117,a3e66362096eb8059a216e47a87cdd7f3f944d1ccbc606f30cfbe1cc424e0594,yes,No,no,1,1599,153,0,0.0027165600,2.842,2026-09-11T23:17:02+00:00
learned_hands_consumer,deepseek-v4-pro-fireworks,115,0d7f2c826f6a0fc0a9404989d5d4b5cc6d7f2f516c1f069e5bf8d31ee7e817dc,yes,Yes,yes,1,1880,113,0,0.0029290800,3.147,2026-09-11T23:17:02+00:00
learned_hands_consumer,deepseek-v4-pro-fireworks,116,7e75b01067a2ec4ca8c403b389118d896ccf66db535b144a3c54bc98c1c2e246,yes,Yes,yes,1,1624,144,0,0.0027139200,3.259,2026-09-11T23:17:02+00:00
learned_hands_consumer,deepseek-v4-pro-fireworks,113,5ebb5e29b015223682853139344a5e2422b009ed368ed22452f4ebe96b314797,yes,Yes,yes,1,1779,213,0,0.0031917600,5.473,2026-09-11T23:17:03+00:00
learned_hands_consumer,deepseek-v4-pro-fireworks,120,aedceca2ca38055764eb4ff944a3a150057788281d1c3739f5e785db00a9e719,yes,Yes,yes,1,1484,75,0,0.0022558800,2.997,2026-09-11T23:17:03+00:00
learned_hands_consumer,deepseek-v4-pro-fireworks,118,d3308da62008ec5ef18494df94f73a4585ed31e1c8e69ccc9e25e76cb56d42a0,yes,Yes,yes,1,1618,91,0,0.0024961200,3.779,2026-09-11T23:17:03+00:00
learned_hands_consumer,deepseek-v4-pro-fireworks,121,ca458586d811f25c02f1f39cf55f75b65071bd2ddc79fd97b0d5be9eb8e5312c,yes,Yes,yes,1,1600,85,0,0.0024486000,2.537,2026-09-11T23:17:04+00:00
learned_hands_consumer,deepseek-v4-pro-fireworks,119,e07a44cb806545635aac341cc0946afd7d71c3619844a0ec08545160df03cbdc,yes,Yes,yes,1,1474,134,0,0.0024763200,3.897,2026-09-11T23:17:04+00:00
learned_hands_consumer,deepseek-v4-pro-fireworks,124,af3d9c10fbb3296fa6a040f3015c474aaa8ae09177f6fe2e775fee3e584f996d,yes,Yes,yes,1,1824,143,0,0.0029739600,2.950,2026-09-11T23:17:05+00:00
learned_hands_consumer,deepseek-v4-pro-fireworks,123,02bd80d2b643617360d685b497986a8637dc26275c2ea6a626b69de253d164e7,yes,Yes,yes,1,1670,168,0,0.0028696800,3.569,2026-09-11T23:17:05+00:00
learned_hands_consumer,deepseek-v4-pro-fireworks,128,155678c2832cdf4702db15b523f143f1ac784cffcaf58c1a1dfe33a97611eb8e,yes,Yes,yes,1,1533,80,0,0.0023403600,1.968,2026-09-11T23:17:06+00:00
learned_hands_consumer,deepseek-v4-pro-fireworks,126,0bdb8221f4d44b38dc8782e0b56035bbdd3a7e6fc2df17d22f1a5c863bc46075,yes,Yes,yes,1,1578,97,0,0.0024670800,2.547,2026-09-11T23:17:06+00:00
learned_hands_consumer,deepseek-v4-pro-fireworks,127,90fe4003a641d7cd2ed6a00150556d083b23fe1e24e75ebb94ecff4d843c77e2,yes,Yes,yes,1,1771,81,0,0.0026584800,2.419,2026-09-11T23:17:06+00:00
learned_hands_consumer,deepseek-v4-pro-fireworks,122,fce48e30fc0ea1058c42d4b4e3fc772fdd46a3060633bca5f371f122fc5aaef5,yes,Yes,yes,1,1575,251,0,0.0030729600,4.374,2026-09-11T23:17:06+00:00
learned_hands_consumer,deepseek-v4-pro-fireworks,125,73e4bc727ab5dd4600aa1647320d964c9a52dc7767744c8d074cebcd901f6c05,yes,Yes,yes,1,1569,165,0,0.0027244800,4.519,2026-09-11T23:17:07+00:00
learned_hands_consumer,deepseek-v4-pro-fireworks,131,ac3dcaa7b7faf827da8c14b3bfd03c0f8d36bbd129920232b5775c57ebee5322,yes,Yes,yes,1,1998,87,0,0.0029818800,2.501,2026-09-11T23:17:08+00:00
learned_hands_consumer,deepseek-v4-pro-fireworks,130,1f2af78776193434b3d71d59e47e0a24bc7439537dae7643126e174f05f8a690,yes,No,no,1,1583,118,0,0.0025568400,2.949,2026-09-11T23:17:08+00:00
learned_hands_consumer,deepseek-v4-pro-fireworks,134,b5412b723d0181549110fa8dd79485fa5238dbc7e264272da705dfe9c7f066a8,yes,Yes,yes,1,1905,81,0,0.0028353600,2.181,2026-09-11T23:17:08+00:00
learned_hands_consumer,deepseek-v4-pro-fireworks,132,8de39616285bfb13eac266c45a5691cad8963031bb495c5ffff384303ac2e317,yes,Yes,yes,1,1795,133,0,0.0028960800,2.959,2026-09-11T23:17:09+00:00
learned_hands_consumer,deepseek-v4-pro-fireworks,135,e802649c8e6be5fbdc4e7ec755757e95ba836ac949c022f0081c1fcb1cfa00b0,yes,Yes,yes,1,1452,124,0,0.0024076800,2.849,2026-09-11T23:17:09+00:00
learned_hands_consumer,deepseek-v4-pro-fireworks,133,df7cebc19279cc1176c76578d13d5634b4ee220d4093d6b4e048fd1f74811db9,yes,No,no,1,1524,170,0,0.0026848800,3.403,2026-09-11T23:17:09+00:00
learned_hands_consumer,deepseek-v4-pro-fireworks,129,aec3c6407d02ce2d3b4abd591e08891c236a8a8989e7ad72020a4b7b777fea78,yes,No,no,1,1586,294,0,0.0032577600,5.670,2026-09-11T23:17:10+00:00
learned_hands_consumer,deepseek-v4-pro-fireworks,140,bfc4a30870f9292a454f9471c16d25b3199ec05b80dafc98a9d6c50897c1b47e,yes,Yes,yes,1,2249,87,0,0.0033132000,2.247,2026-09-11T23:17:11+00:00
learned_hands_consumer,deepseek-v4-pro-fireworks,137,9cca62662bba01723eb2a9aa094821e1675b7ac525fe30fc042f3dcaac3e2727,yes,Yes,yes,1,1511,128,0,0.0025014000,3.137,2026-09-11T23:17:11+00:00
learned_hands_consumer,deepseek-v4-pro-fireworks,136,a039dbd9f0510ac6f66d44c60f9a5f5a5d5c76093f00e693801d2fc80d54f7a9,yes,Yes,yes,1,2453,93,0,0.0036062400,3.767,2026-09-11T23:17:11+00:00
learned_hands_consumer,deepseek-v4-pro-fireworks,139,6cb9e80497686772c38151ef29f0b998c3911fa46f4ae26dcb0677863d1c3bcd,yes,Yes,yes,1,1723,142,0,0.0028366800,3.315,2026-09-11T23:17:11+00:00
learned_hands_consumer,deepseek-v4-pro-fireworks,138,dfbc47fb61799a0472fbf92d48b36eeb2584ccc63a3185c2d61a51c1537f7c92,yes,Yes,yes,1,1623,137,0,0.0026848800,3.677,2026-09-11T23:17:12+00:00
learned_hands_consumer,deepseek-v4-pro-fireworks,142,0242758b0d09920c367a96d4d60f74cb970f86cfb3bbf7bc54aa2a69703b17c8,yes,Yes,yes,1,1664,80,0,0.0025132800,2.480,2026-09-11T23:17:12+00:00
learned_hands_consumer,deepseek-v4-pro-fireworks,141,078b717fbab45038fcb94864d32f33fa6d71d9664570dfe04661869f23314833,yes,Yes,yes,1,1664,89,0,0.0025489200,2.947,2026-09-11T23:17:12+00:00
learned_hands_consumer,deepseek-v4-pro-fireworks,146,483af7a4cce5458979f9fde28f5d38cf96c6b318f56cf5b8bb7fef01baeda51d,yes,Yes,yes,1,1829,70,0,0.0026914800,1.865,2026-09-11T23:17:13+00:00
learned_hands_consumer,deepseek-v4-pro-fireworks,143,51eef95bf47218140683c3e1b4135ffc3d540ca426dbe552c2809dc445d5b483,yes,Yes,yes,1,1526,120,0,0.0024895200,3.780,2026-09-11T23:17:13+00:00
learned_hands_consumer,deepseek-v4-pro-fireworks,144,af4b353687f267cf4811370b1167f39f3acb12a476ab7569d5711f61e7cc5c99,yes,Yes,yes,1,1885,74,0,0.0027812400,2.921,2026-09-11T23:17:14+00:00
learned_hands_consumer,deepseek-v4-pro-fireworks,145,a5b77622968be2023f42d12cc8cdb98fdd05731d5ff1f331c0c61cddcdd016ac,yes,No,no,1,1633,105,0,0.0025713600,3.146,2026-09-11T23:17:14+00:00
learned_hands_consumer,deepseek-v4-pro-fireworks,149,7153d24972b2eb3c082ba9cc58a892af969f2d9524022190bec282710d252b55,yes,Yes,yes,1,1637,185,0,0.0028934400,2.625,2026-09-11T23:17:14+00:00
learned_hands_consumer,deepseek-v4-pro-fireworks,151,c48f7444249fe7386aac1fa49a56e450eebc70c640262a5fc2cb2864d62c7b62,yes,Yes,yes,1,1555,98,0,0.0024406800,2.462,2026-09-11T23:17:15+00:00
learned_hands_consumer,deepseek-v4-pro-fireworks,150,a6e1cfe1a1c58fdb1b4033bef127bdc12ad083d8029c91cf81e74fbc997b44c2,yes,Yes,yes,1,1681,188,0,0.0029634000,3.865,2026-09-11T23:17:16+00:00
learned_hands_consumer,deepseek-v4-pro-fireworks,147,5b013d7731839bf2ba2c52bac900167561f691d205c1198ffe872747858115ab,yes,Yes,yes,1,1569,140,0,0.0026254800,4.384,2026-09-11T23:17:16+00:00
learned_hands_consumer,deepseek-v4-pro-fireworks,152,7223ee95c7eb5aab471c9b1426c035d3d751646abf3a01dd2380366fa55c1fb2,yes,Yes,yes,1,1489,127,0,0.0024684000,2.965,2026-09-11T23:17:16+00:00
learned_hands_consumer,deepseek-v4-pro-fireworks,154,6f137236864a4da2299f6341085a62e5e2e0466add7aa8eca3ff5f315633bbdb,yes,Yes,yes,1,1596,74,0,0.0023997600,2.215,2026-09-11T23:17:16+00:00
learned_hands_consumer,deepseek-v4-pro-fireworks,153,8b857fa596fd194124387876667280b614e479625bc9d05d958f3b90514c2e9d,yes,Yes,yes,1,1721,147,0,0.0028538400,2.996,2026-09-11T23:17:17+00:00
learned_hands_consumer,deepseek-v4-pro-fireworks,155,038e3005ce9b5b1cabf2220d9f9b068ab3289de326b9c0466e84286f1cb69bf9,yes,Yes,yes,1,1999,76,0,0.0029396400,2.388,2026-09-11T23:17:17+00:00
learned_hands_consumer,deepseek-v4-pro-fireworks,161,650970637dd6a0ab8e97321c167c7bc4a9a3cdc8eba59da2a5c510bcbd5db45a,yes,Yes,yes,1,1972,127,0,0.0031059600,2.188,2026-09-11T23:17:19+00:00
learned_hands_consumer,deepseek-v4-pro-fireworks,159,a34040f6644b50bc824adc566e6d6428d7b05ca16c8ee39f0af4b1b9f5601f2a,yes,Yes,yes,1,1719,140,0,0.0028234800,3.377,2026-09-11T23:17:20+00:00
learned_hands_consumer,deepseek-v4-pro-fireworks,162,c51f874153bc2cdaa57ad2c656a6af7ab24feabfb448922cab57ef416feee663,yes,Yes,yes,1,1446,86,0,0.0022492800,3.018,2026-09-11T23:17:20+00:00
learned_hands_consumer,deepseek-v4-pro-fireworks,156,7b67a7b2e80fc8b9473186823a7570203fc746e03e40493d174446237de3bcec,yes,Yes,yes,1,2011,210,0,0.0034861200,4.638,2026-09-11T23:17:20+00:00
learned_hands_consumer,deepseek-v4-pro-fireworks,160,19c9ac6e1d4ea3c61c161624efc992b8cc52bf306f151391ba8529c19382e1ee,yes,Yes,yes,1,1543,259,0,0.0030624000,3.803,2026-09-11T23:17:20+00:00
learned_hands_consumer,deepseek-v4-pro-fireworks,158,da85c2e88f91544acd0359c5ccd69c2b4f902d093ceb8cb12767a778944fbd7b,yes,Yes,yes,1,1472,268,0,0.0030043200,4.415,2026-09-11T23:17:20+00:00
learned_hands_consumer,deepseek-v4-pro-fireworks,157,9d82c554b4b00bd2ead020ff98bb6fcdee7432665a797346eb3d3aaf490d0d12,yes,Yes,yes,1,1855,259,0,0.0034742400,4.592,2026-09-11T23:17:20+00:00
learned_hands_consumer,deepseek-v4-pro-fireworks,163,13b1acd948c8e9c9a5739d8481ea213fa3cfdab8b80a82efd25be33e8f7b2902,yes,Yes,yes,1,2189,116,0,0.0033488400,2.407,2026-09-11T23:17:21+00:00
learned_hands_consumer,deepseek-v4-pro-fireworks,148,1403a0476f3fcec8b1a48e6f1fceb06a2aeabd9f5de4f53ac7e2f29a80fc3d02,yes,Yes,yes,1,1847,670,0,0.0050912400,10.276,2026-09-11T23:17:22+00:00
learned_hands_consumer,deepseek-v4-pro-fireworks,164,9fde61742e0b3fc6fabbffa750b6283c72453cd0303a465ce66648d46676eb89,yes,Yes,yes,1,1562,74,0,0.0023548800,2.132,2026-09-11T23:17:22+00:00
learned_hands_consumer,deepseek-v4-pro-fireworks,168,5953941222239eaa15e600b769f26c7173e96638173a25e19be42ff6b5b07d45,yes,Yes,yes,1,1614,74,0,0.0024235200,2.010,2026-09-11T23:17:22+00:00
learned_hands_consumer,deepseek-v4-pro-fireworks,165,4fd20a26aafa50907d098d746bcd899d7abfca4f42db1d5c149080652db43b60,yes,Yes,yes,1,1491,84,0,0.0023007600,2.595,2026-09-11T23:17:22+00:00
learned_hands_consumer,deepseek-v4-pro-fireworks,166,38a9b6c4df60f95cae8cdf22954e4170c3a5feb64ebfb5162134d697b7e84381,yes,Yes,yes,1,2047,135,0,0.0032366400,2.947,2026-09-11T23:17:23+00:00
learned_hands_consumer,deepseek-v4-pro-fireworks,167,8892704b2b2b6659f287178e3c29d5c9d21dc3ecb2ae17dd4b6ec86c6784cd0e,yes,Yes,yes,1,1510,130,0,0.0025080000,2.957,2026-09-11T23:17:23+00:00
learned_hands_consumer,deepseek-v4-pro-fireworks,169,4f9eec5c23a5c213a1bc6fc916fdf2587227d14edcd43d78fccea8cd278cc2e0,yes,Yes,yes,1,1801,139,0,0.0029277600,3.156,2026-09-11T23:17:23+00:00
learned_hands_consumer,deepseek-v4-pro-fireworks,170,51ec6ad487eff34fddaa34cf9a46b4a9a9e66e2ef37f1718f6c2c0a6b08bcc0e,yes,Yes,yes,1,1516,80,0,0.0023179200,2.747,2026-09-11T23:17:24+00:00
learned_hands_consumer,deepseek-v4-pro-fireworks,171,4356eb8f7a087e4d6032661552935019173e052ab6031528ff64635a4f9c515d,yes,Yes,yes,1,1740,125,0,0.0027918000,2.809,2026-09-11T23:17:25+00:00
learned_hands_consumer,deepseek-v4-pro-fireworks,176,0c550425496483256cac2b164db69cc78311e995021bfcbd4a5c585bcdd9d9c6,yes,Yes,yes,1,2593,84,0,0.0037554000,2.376,2026-09-11T23:17:25+00:00
learned_hands_consumer,deepseek-v4-pro-fireworks,177,e9a4a62f276d5c835085a02b2f4d92155f8f7ac6d396a52ad1cd37cab729b635,yes,Yes,yes,1,1811,82,0,0.0027152400,2.210,2026-09-11T23:17:26+00:00
learned_hands_consumer,deepseek-v4-pro-fireworks,174,fa3b234c5866029eaafed3054fe7c1e9dd9d3e50389c45beedce0456e0a851a5,yes,Yes,yes,1,1482,132,0,0.0024789600,3.306,2026-09-11T23:17:26+00:00
learned_hands_consumer,deepseek-v4-pro-fireworks,172,6d7c28575a9e0747fc4cfaab5263e2daf0754ef5d1c996b9de353104dbfb5be1,yes,Yes,yes,1,1585,257,0,0.0031099200,4.483,2026-09-11T23:17:26+00:00
learned_hands_consumer,deepseek-v4-pro-fireworks,178,f4fe68a7bc004d02c8ecf39777717f5e53269903d0c3c3181101c07cea5c6b0c,yes,Yes,yes,1,1851,84,0,0.0027759600,2.339,2026-09-11T23:17:26+00:00
learned_hands_consumer,deepseek-v4-pro-fireworks,173,6656d334c0150d50518a8e9e86ac484364dfc5da62604f792fa121392de57cd5,yes,Yes,yes,1,1764,151,0,0.0029264400,4.705,2026-09-11T23:17:27+00:00
learned_hands_consumer,deepseek-v4-pro-fireworks,179,3d0de6dc3fb5d69b4483315a8f1b9a55f3da2fb8eb1df50a74386a480912447a,yes,Yes,yes,1,2546,88,0,0.0037092000,2.372,2026-09-11T23:17:27+00:00
learned_hands_consumer,deepseek-v4-pro-fireworks,175,f5327013f798cdfff71ccd1ccbf934757fae9118c8fda0cfb29197ee8c9a2f92,yes,Yes,yes,1,1540,128,0,0.0025396800,5.422,2026-09-11T23:17:28+00:00
learned_hands_consumer,deepseek-v4-pro-fireworks,182,9eefcb8b16890b9cc6c7e144d07beaa48841305e10614e94d470242a6b0e065f,yes,Yes,yes,1,1630,86,0,0.0024921600,2.854,2026-09-11T23:17:29+00:00
learned_hands_consumer,deepseek-v4-pro-fireworks,180,b66cb0340d554080664d72cdd106c5cdb17b38d1f74932ac0787b45754ce1a7c,yes,Yes,yes,1,1600,154,0,0.0027218400,3.338,2026-09-11T23:17:29+00:00
learned_hands_consumer,deepseek-v4-pro-fireworks,181,a9af33b24aeb8f4fc3dd090cb6015fd72eb33e9bacf6b245b9efd00dd9991af3,yes,Yes,yes,1,1770,121,0,0.0028155600,3.471,2026-09-11T23:17:29+00:00
learned_hands_consumer,deepseek-v4-pro-fireworks,184,421033c1624e9a903b16ba39c1d61b1ecb07a1c62b4ffce4608c02c7a3e067e8,yes,Yes,yes,1,1581,146,0,0.0026650800,3.276,2026-09-11T23:17:30+00:00
learned_hands_consumer,deepseek-v4-pro-fireworks,183,cfde4f376e1a14d27549b00d4ddf32bfeb542cf05f08d1cbc266df888e1c3047,yes,Yes,yes,1,1814,142,0,0.0029568000,3.660,2026-09-11T23:17:30+00:00
learned_hands_consumer,deepseek-v4-pro-fireworks,188,a5608444f7d99d3cd3109ac70b995bb38775ef1fa2c286f3779886ac598a5c9d,yes,Yes,yes,1,1936,82,0,0.0028802400,2.371,2026-09-11T23:17:31+00:00
learned_hands_consumer,deepseek-v4-pro-fireworks,190,d5a7261352131be329b42958bda9d1cbf7adf2a5eb0c341d0fd5d6d07a9ae17e,yes,Yes,yes,1,1829,85,0,0.0027508800,2.194,2026-09-11T23:17:31+00:00
learned_hands_consumer,deepseek-v4-pro-fireworks,185,7a8050d0881441599707f60d9661cc876f27efc16656cd8526fe842e463a56ec,yes,No,no,1,1591,379,0,0.0036009600,5.742,2026-09-11T23:17:33+00:00
learned_hands_consumer,deepseek-v4-pro-fireworks,189,48a613b18969b56ad289f137a24f32ca5714dc722f1916be3cf41f3c98f577e0,yes,Yes,yes,1,1600,151,0,0.0027099600,3.821,2026-09-11T23:17:33+00:00
learned_hands_consumer,deepseek-v4-pro-fireworks,192,1487b9bcecfa449f7f97f38810e17ed4e37ea80a32cd5170137bf134574ae112,yes,Yes,yes,1,2298,160,0,0.0036669600,3.172,2026-09-11T23:17:33+00:00
learned_hands_consumer,deepseek-v4-pro-fireworks,191,e36f78681c2e77e1fe9fd7fc2f0b8fa917f14b6a2333a41863c17c766053033f,yes,Yes,yes,1,2001,169,0,0.0033105600,3.457,2026-09-11T23:17:33+00:00
learned_hands_consumer,deepseek-v4-pro-fireworks,187,057e4d5e06ed1236a9a35f3ea5c2cc42ae58bd3d82fb4981f56669b168d087e6,yes,Yes,yes,1,1662,375,0,0.0036788400,6.115,2026-09-11T23:17:35+00:00
learned_hands_consumer,deepseek-v4-pro-fireworks,194,113f455fcca39b28919c8669b561494bb48c8a7b1abb08182e38efba3ba3d49d,yes,Yes,yes,1,1939,149,0,0.0031495200,3.437,2026-09-11T23:17:35+00:00
learned_hands_consumer,deepseek-v4-pro-fireworks,196,3917492faa9e47e7106ba122c3a1618a26df3dcdbcf5803ea5eff8caeb3a85b8,yes,Yes,yes,1,1790,138,0,0.0029092800,3.175,2026-09-11T23:17:36+00:00
learned_hands_consumer,deepseek-v4-pro-fireworks,195,01467176da7f8beaabb7d2d981d4c2a5d270c4de1ee41090eb7fff34ad10f233,yes,Yes,yes,1,2486,144,0,0.0038517600,3.769,2026-09-11T23:17:36+00:00
learned_hands_consumer,deepseek-v4-pro-fireworks,193,a0956e6a9a6973551966fc776c76b773565a03efe1dd2f5b6e363e037cd68e98,yes,Yes,yes,1,1679,82,0,0.0025410000,5.766,2026-09-11T23:17:37+00:00
learned_hands_consumer,deepseek-v4-pro-fireworks,198,61ae855f1482eb8f9d691ed3f1d20ebbea6fc43c48a7559ddaf77710f2c27152,yes,Yes,yes,1,1450,140,0,0.0024684000,4.280,2026-09-11T23:17:37+00:00
learned_hands_consumer,deepseek-v4-pro-fireworks,200,82f9efaddab72f81167b375aff7cc6c2537117b477e6064545d97be910ff945c,yes,Yes,yes,1,1588,167,0,0.0027574800,4.142,2026-09-11T23:17:39+00:00
learned_hands_consumer,deepseek-v4-pro-fireworks,197,cde8abafba1e7a412e01f15ea5b8b45f4e1c8f3f37c5ed8ecf8670617e0e3ddc,yes,Yes,yes,1,1609,389,0,0.0036643200,5.822,2026-09-11T23:17:39+00:00
learned_hands_consumer,deepseek-v4-pro-fireworks,199,f35f9e77ffc5ac7a0d42e5a637d3ec3f6ef2830b8c178fdb6a5c951cfeaa3e88,yes,Yes,yes,1,1600,390,0,0.0036564000,5.550,2026-09-11T23:17:40+00:00
learned_hands_consumer,deepseek-v4-pro-fireworks,204,525f45b4239b35c4038470e08628f267e9887f1c30b0aa84a2d5d01464da39a3,yes,Yes,yes,1,2655,138,0,0.0040510800,2.936,2026-09-11T23:17:40+00:00
learned_hands_consumer,deepseek-v4-pro-fireworks,203,157bd549be3ab1bdd3e21c29805aafdc0d0b45c1aa52b0a397ab9236a4e5c944,yes,Yes,yes,1,1567,180,0,0.0027812400,4.050,2026-09-11T23:17:41+00:00
learned_hands_consumer,deepseek-v4-pro-fireworks,206,a2b92dbd2ee6fd008bb6aa904caa64641950c475cddad723b2644f23c751a0ee,yes,Yes,yes,1,1484,80,0,0.0022756800,2.553,2026-09-11T23:17:42+00:00
learned_hands_consumer,deepseek-v4-pro-fireworks,208,1290d537ea8750e4e91f20b46eec10646ce12ab7d86dfc91eb09b608405fe90f,yes,Yes,yes,1,1606,175,0,0.0028129200,2.600,2026-09-11T23:17:43+00:00
learned_hands_consumer,deepseek-v4-pro-fireworks,207,a2ed73e250907017f6d7fd66c658c04c6a137575d6ad765f993661edda327577,yes,Yes,yes,1,1640,173,0,0.0028498800,3.441,2026-09-11T23:17:44+00:00
learned_hands_consumer,deepseek-v4-pro-fireworks,186,5f4e3e4860760d911ab21bd74b2611036627cda4c7c666615991f1d2314d6b35,yes,No,no,1,1626,1151,0,0.0067042800,17.206,2026-09-11T23:17:44+00:00
learned_hands_consumer,deepseek-v4-pro-fireworks,210,adbfc9de80cf0100c04073d2c24a7a39ad794835be05b45cd9a54b30876e1bae,yes,Yes,yes,1,1665,137,0,0.0027403200,3.277,2026-09-11T23:17:45+00:00
learned_hands_consumer,deepseek-v4-pro-fireworks,209,a0f7d16e25d9f13501287713351ca9111410082745756d6eff69a544a7ce0fab,yes,Yes,yes,1,1581,174,0,0.0027759600,4.608,2026-09-11T23:17:45+00:00
learned_hands_consumer,deepseek-v4-pro-fireworks,205,0a0807c3257345430140d80f2b2b7210e572d13f47d5ac8a65174de1142590b0,yes,Yes,yes,1,1550,328,0,0.0033448800,7.309,2026-09-11T23:17:46+00:00
learned_hands_consumer,deepseek-v4-pro-fireworks,212,8747eec3bef3a1ac47c5e03b2a3185ec7be0382a48e8f07bc6b009f884106d3b,yes,Yes,yes,1,1636,154,0,0.0027693600,3.701,2026-09-11T23:17:47+00:00
learned_hands_consumer,deepseek-v4-pro-fireworks,213,49b127f44fd96be9d276f55d1669f94228b7535cb909c7f6b272eb55f8881a2c,yes,Yes,yes,1,1535,127,0,0.0025291200,3.485,2026-09-11T23:17:48+00:00
learned_hands_consumer,deepseek-v4-pro-fireworks,215,db97720cca0e39dc598257024bac71c263aaf9886f335cf6cd722539c19eacca,yes,Yes,yes,1,1561,185,0,0.0027931200,2.869,2026-09-11T23:17:48+00:00
learned_hands_consumer,deepseek-v4-pro-fireworks,214,dfb7f7c0e45b4a7671e7808a09335109e684ec1f7b896028808720b751c76290,yes,Yes,yes,1,1662,79,0,0.0025066800,3.681,2026-09-11T23:17:48+00:00
learned_hands_consumer,deepseek-v4-pro-fireworks,202,5648d782c24eb983d5cf18c59b05a1a47459a5dedd4e5335a0232c23f062944c,yes,No,no,1,1516,767,0,0.0050384400,12.504,2026-09-11T23:17:49+00:00
learned_hands_consumer,deepseek-v4-pro-fireworks,217,f449fe5d57975f0caf323ecddfcc9b9dccbabe88c5ff42bd31a1d65fc7a824b5,yes,Yes,yes,1,1670,79,0,0.0025172400,1.980,2026-09-11T23:17:49+00:00
learned_hands_consumer,deepseek-v4-pro-fireworks,201,967afc85cb2c22088e649a1faac841a0d2609f7e11fe94eef9bd17a4daa54688,yes,Yes,yes,1,1527,848,0,0.0053737200,14.012,2026-09-11T23:17:50+00:00
learned_hands_consumer,deepseek-v4-pro-fireworks,219,f2fae4fb37730a28c6c680ab68c6e0cbcb083e46d89296b52700b2b28ed2e203,yes,Yes,yes,1,2575,85,0,0.0037356000,2.305,2026-09-11T23:17:51+00:00
learned_hands_consumer,deepseek-v4-pro-fireworks,220,ca57b26977335b108fd0d46872d220af17b298c5169ea6a338028e3fa941a5c0,yes,Yes,yes,1,1549,76,0,0.0023456400,2.358,2026-09-11T23:17:51+00:00
learned_hands_consumer,deepseek-v4-pro-fireworks,218,fa078ce3c2ae45c10df8aa0a800c47eade1e7510a46eb24bbe627b87d2938a68,yes,Yes,yes,1,1666,132,0,0.0027218400,3.208,2026-09-11T23:17:51+00:00
learned_hands_consumer,deepseek-v4-pro-fireworks,222,da0db19cfa506b30e60a6cf05fa27f60113ec86ac8308c44eddc1cdeb6e6b707,yes,Yes,yes,1,1699,111,0,0.0026822400,2.189,2026-09-11T23:17:51+00:00
learned_hands_consumer,deepseek-v4-pro-fireworks,223,013033315bef6946bef54c7e1e5131afe73897a10507585acff502cb07b082d1,yes,Yes,yes,1,1483,75,0,0.0022545600,2.038,2026-09-11T23:17:52+00:00
learned_hands_consumer,deepseek-v4-pro-fireworks,216,64859a67c19bf56da59ad97eab9f8da73202e6a6dd9d3bbb9372afcb47b0408d,yes,Yes,yes,1,1619,482,0,0.0040458000,6.952,2026-09-11T23:17:53+00:00
learned_hands_consumer,deepseek-v4-pro-fireworks,224,01ca67ea223ea6f3f78966619c3d177754184bea73cb662ffc54be7eded55946,yes,Yes,yes,1,1718,119,0,0.0027390000,2.938,2026-09-11T23:17:53+00:00
learned_hands_consumer,deepseek-v4-pro-fireworks,227,dd602e9be0c77e5a1bf15d2c5db5302c6b6d2b8362f95c146de1f5d3ea45031b,yes,Yes,yes,1,1445,132,0,0.0024301200,2.431,2026-09-11T23:17:54+00:00
learned_hands_consumer,deepseek-v4-pro-fireworks,221,9f6359257abe0943f69a9a6786fccff089c30ae5f302d29d57c21ec0cc0fb8bb,yes,Yes,yes,1,1629,143,0,0.0027165600,4.970,2026-09-11T23:17:54+00:00
learned_hands_consumer,deepseek-v4-pro-fireworks,226,478e48024c876788e7ac0b2943d399c14bb997ab82a37ee11247a5b223d23f4f,yes,No,no,1,1753,198,0,0.0030980400,3.679,2026-09-11T23:17:55+00:00
learned_hands_consumer,deepseek-v4-pro-fireworks,225,0972b858c77e9cd796c6bda370f1d6b2ea20798091434c33f49f1827e4a678cf,yes,Yes,yes,1,1518,158,0,0.0026294400,3.882,2026-09-11T23:17:55+00:00
learned_hands_consumer,deepseek-v4-pro-fireworks,228,e86c4500724cd80b78a41c3de49d5f623baba6615be341878c3f40d1a666fa36,yes,Yes,yes,1,1508,140,0,0.0025449600,3.031,2026-09-11T23:17:55+00:00
learned_hands_consumer,deepseek-v4-pro-fireworks,211,33d047d7bf09f05c00081ea7055f31cf8f5cfbb5f1ceb5b0376de52b5d66fca4,yes,No,no,1,1607,803,0,0.0053011200,12.358,2026-09-11T23:17:55+00:00
learned_hands_consumer,deepseek-v4-pro-fireworks,230,f92a5c6258f5da9bffe36fc1a4498f1086f4d296b5c28109401777d767f46946,yes,Yes,yes,1,2117,84,0,0.0031270800,2.219,2026-09-11T23:17:56+00:00
learned_hands_consumer,deepseek-v4-pro-fireworks,231,b8099af0f4a08d3625fefbbdf920208ab786e82be6d9e5ecd373c981c3bd90c4,yes,Yes,yes,1,1473,71,0,0.0022255200,2.712,2026-09-11T23:17:57+00:00
learned_hands_consumer,deepseek-v4-pro-fireworks,229,44f8bde89aa71070a44a090fe6553fe64a785e0148291429f98b65d8cc35537e,yes,Yes,yes,1,2466,192,0,0.0040154400,3.929,2026-09-11T23:17:57+00:00
learned_hands_consumer,deepseek-v4-pro-fireworks,235,5a37498c5c481cdd1e4bd5190333a14a0190aa3aede5364087479e33c293e1a9,yes,Yes,yes,1,1541,110,0,0.0024697200,2.273,2026-09-11T23:17:57+00:00
learned_hands_consumer,deepseek-v4-pro-fireworks,232,dd6b7ca454c08a409f4171cb97167a8c91e862451ec1b92eaa7d9393934cf91c,yes,Yes,yes,1,1578,165,0,0.0027363600,4.524,2026-09-11T23:17:58+00:00
learned_hands_consumer,deepseek-v4-pro-fireworks,234,b78102f7318502d1b26dbcb12920cd58ed53891ef8b61bff2b15f5b432da91f0,yes,Yes,yes,1,1809,80,0,0.0027046800,3.806,2026-09-11T23:17:59+00:00
learned_hands_consumer,deepseek-v4-pro-fireworks,239,e4190a6930b3800fcc812916fc24cd7666ec7ccade668b74793a25cf043ee8dc,yes,Yes,yes,1,1896,77,0,0.0028076400,1.625,2026-09-11T23:17:59+00:00
learned_hands_consumer,deepseek-v4-pro-fireworks,236,eae4558b0617e7ebc54a6ebc59d2dde3f9df33d4ce6cb6404452671b374ff797,yes,Yes,yes,1,1542,212,0,0.0028749600,4.211,2026-09-11T23:18:00+00:00
learned_hands_consumer,deepseek-v4-pro-fireworks,233,fdb76c188296362ef951b02157cc4150c8d3a0750fe72942787d491e6ddc18e2,yes,Yes,yes,1,1464,202,0,0.0027324000,5.511,2026-09-11T23:18:00+00:00
learned_hands_consumer,deepseek-v4-pro-fireworks,238,3415dc4afd4d574b0da83ec6d205e580b78b683ce427d70cb6192aa1345ada00,yes,Yes,yes,1,1465,177,0,0.0026347200,4.021,2026-09-11T23:18:01+00:00
learned_hands_consumer,deepseek-v4-pro-fireworks,240,2a1e5635eb53609c5660dd54ea549b8c7ca1d8ef3709e5692cce67005fde384f,yes,Yes,yes,1,1547,176,0,0.0027390000,3.826,2026-09-11T23:18:01+00:00
learned_hands_consumer,deepseek-v4-pro-fireworks,243,0ba639fb1b8f0dcb2fe9cffb9b96ec4f2cc182c78d9a521ea1b367d5c28385d0,yes,Yes,yes,1,2166,75,0,0.0031561200,2.275,2026-09-11T23:18:01+00:00
learned_hands_consumer,deepseek-v4-pro-fireworks,241,1587f650838e742b5adbc001e25e86b815c1c282f7e24b9a7f46e2c9c7e7663d,yes,Yes,yes,1,1752,114,0,0.0027640800,2.719,2026-09-11T23:18:01+00:00
learned_hands_consumer,deepseek-v4-pro-fireworks,242,3aeb06e0988c30e7dd4b9857f1305ee50a9955e156a1e1a8bfb635878c936da6,yes,Yes,yes,1,1690,83,0,0.0025594800,2.994,2026-09-11T23:18:02+00:00
learned_hands_consumer,deepseek-v4-pro-fireworks,246,4176b37a2179c60a956b8746678c2a674aabbd9e086407904b2475af255d13bd,yes,Yes,yes,1,1894,78,0,0.0028089600,2.159,2026-09-11T23:18:03+00:00
learned_hands_consumer,deepseek-v4-pro-fireworks,247,95933a28191a6e558a2911f9c54efc9e53d3ba70d036eac4f4fcf1044bbc9d88,yes,Yes,yes,1,1571,79,0,0.0023865600,2.090,2026-09-11T23:18:03+00:00
learned_hands_consumer,deepseek-v4-pro-fireworks,244,ebd5c1534b316d246d849144a17469ee09729233fad0f39a8a330fdfa15b9628,yes,No,no,1,1598,212,0,0.0029488800,3.993,2026-09-11T23:18:04+00:00
learned_hands_consumer,deepseek-v4-pro-fireworks,250,6c7deef4168bfdd3eb4f65e34ff1a5b08e7d07a494276e6dbc72cf08dd1d9ea3,yes,Yes,yes,1,1798,76,0,0.0026743200,2.113,2026-09-11T23:18:04+00:00
learned_hands_consumer,deepseek-v4-pro-fireworks,237,b25bbe0ef882d9b6ee6ca640d619e47af1ba4b4303c92a73e17071d2b63f6203,yes,No,no,1,1557,488,0,0.0039877200,8.485,2026-09-11T23:18:04+00:00
learned_hands_consumer,deepseek-v4-pro-fireworks,248,0f4ecd29ccebf4ac6e235b28298c170a1c4939a57f8d2bae941d4292bb91c9e2,yes,Yes,yes,1,1909,86,0,0.0028604400,3.185,2026-09-11T23:18:04+00:00
learned_hands_consumer,deepseek-v4-pro-fireworks,249,061be30da02e5927c05d4f6dcb0ebcaa8bda9da95f663afc3448b40f550c8dcc,yes,Yes,yes,1,1519,143,0,0.0025713600,3.507,2026-09-11T23:18:05+00:00
learned_hands_consumer,deepseek-v4-pro-fireworks,253,7d9553904434b833510ba4f74348cff64322921c601077d281c33b3d61d048ca,yes,Yes,yes,1,1553,67,0,0.0023152800,3.093,2026-09-11T23:18:07+00:00
learned_hands_consumer,deepseek-v4-pro-fireworks,256,77a1a7abf05f1aa064c4d1f51619137f7eb2bd94b8ddc362bc14f64be0bd2a01,yes,Yes,yes,1,1574,84,0,0.0024103200,3.220,2026-09-11T23:18:07+00:00
learned_hands_consumer,deepseek-v4-pro-fireworks,255,cb21cc98accfbbfc1ab6fb040d28dc4a525dd125dcded30bbb6688922bc0bcf0,yes,Yes,yes,1,1476,147,0,0.0025304400,3.441,2026-09-11T23:18:08+00:00
learned_hands_consumer,deepseek-v4-pro-fireworks,254,851524b83e3b815d2b8ad94407c2a48429aa45e82bd9c1b64ffd780d6c3a0de3,yes,Yes,yes,1,1655,173,0,0.0028696800,4.156,2026-09-11T23:18:08+00:00
learned_hands_consumer,deepseek-v4-pro-fireworks,252,618080a1456e3ee68a8c336bd1951f8be686d4b280ba12acc2afbc0afe6f5e6e,yes,Yes,yes,1,1701,241,0,0.0031996800,5.120,2026-09-11T23:18:08+00:00
learned_hands_consumer,deepseek-v4-pro-fireworks,259,cbf21ed32acc01ddeaa5380d184a96c3ca5b84614bc1f3a1a9583fa9b891c05d,yes,Yes,yes,1,1542,91,0,0.0023958000,2.310,2026-09-11T23:18:10+00:00
learned_hands_consumer,deepseek-v4-pro-fireworks,261,e2fa618a66bdb423b63a86d231a23868e8833853ed334799049daeac30367a88,yes,Yes,yes,1,1583,121,0,0.0025687200,2.505,2026-09-11T23:18:10+00:00
learned_hands_consumer,deepseek-v4-pro-fireworks,262,6c81e7b6dabbb3574a09c499dc7a67ca24d31c6e646bab4ced51cd8c78f55ea7,yes,Yes,yes,1,1643,78,0,0.0024776400,2.515,2026-09-11T23:18:11+00:00
learned_hands_consumer,deepseek-v4-pro-fireworks,260,370cc782f60a07b178ac3c0ec5c92e1d6072d6798ba29e27eb089d3af9d06cb5,yes,Yes,yes,1,1760,140,0,0.0028776000,3.507,2026-09-11T23:18:11+00:00
learned_hands_consumer,deepseek-v4-pro-fireworks,258,aaa2f84803feb0579309aaee905dbe769a0e41a5a6daf89677d4a8534aa9819f,yes,Yes,yes,1,1533,308,0,0.0032432400,5.878,2026-09-11T23:18:13+00:00
learned_hands_consumer,deepseek-v4-pro-fireworks,251,3fecd30afaf717ef4d633f041d6b64abc35956652a123bf652a024e051aecbd2,yes,Yes,yes,1,1636,697,0,0.0049196400,9.858,2026-09-11T23:18:13+00:00
learned_hands_consumer,deepseek-v4-pro-fireworks,266,c55600e95d9b4eb897af3302c41acc84e2d54157f428bf1f8caec3b61e668da5,yes,Yes,yes,1,1466,89,0,0.0022875600,1.604,2026-09-11T23:18:13+00:00
learned_hands_consumer,deepseek-v4-pro-fireworks,265,8bad5933bcb5967cc9bc4abe066d28b765494f7a0dffd407c47d6d8067553308,yes,Yes,yes,1,1854,88,0,0.0027957600,2.495,2026-09-11T23:18:13+00:00
learned_hands_consumer,deepseek-v4-pro-fireworks,263,1f341a6355c5c3b945e1a2b14b3434e8b3904eb4eca3e24c87941d86e705e57e,yes,Yes,yes,1,1672,225,0,0.0030980400,4.274,2026-09-11T23:18:14+00:00
learned_hands_consumer,deepseek-v4-pro-fireworks,267,13c0dc364911dc9186a0c024e55f88be572c4deb5878fbd82d310ecaf5f45d13,yes,Yes,yes,1,1728,77,0,0.0025858800,1.944,2026-09-11T23:18:14+00:00
learned_hands_consumer,deepseek-v4-pro-fireworks,271,21f6bcc2b642898b25da24d91a08efc8029b34d97d979ac84183c75b0c07b9c0,yes,Yes,yes,1,1638,87,0,0.0025066800,2.168,2026-09-11T23:18:16+00:00
learned_hands_consumer,deepseek-v4-pro-fireworks,272,63a06c8bcc7dbff84f881459fdf825076cb5b36209132b00c9c84eeeba7b6eb8,yes,Yes,yes,1,1641,74,0,0.0024591600,2.140,2026-09-11T23:18:17+00:00
learned_hands_consumer,deepseek-v4-pro-fireworks,269,19d396f6ee8676b8e14abd050a0d810589baf0188e806f72eac507d7a2c545a3,yes,Yes,yes,1,1483,74,0,0.0022506000,4.013,2026-09-11T23:18:17+00:00
learned_hands_consumer,deepseek-v4-pro-fireworks,268,3321004b9ab1144d0dfdcb61b18d746e047e1eca73ce7e0acb9fbd0e7c724816,yes,Yes,yes,1,1565,192,0,0.0028261200,4.190,2026-09-11T23:18:17+00:00
learned_hands_consumer,deepseek-v4-pro-fireworks,274,c2ccc5ca47171285fb0298be4298f50882121913b48b7ac1e796a30c532811ba,yes,Yes,yes,1,1483,71,0,0.0022387200,1.985,2026-09-11T23:18:19+00:00
learned_hands_consumer,deepseek-v4-pro-fireworks,275,1f6071d3d10ecfa1b75476a7071af685e3ba15fcf7b2a774e39b20191e1fe074,yes,Yes,yes,1,1722,86,0,0.0026136000,2.066,2026-09-11T23:18:19+00:00
learned_hands_consumer,deepseek-v4-pro-fireworks,273,94b8923b3eddcc3f61a255a8e42041ab7f8e96bdae7e23fa5dba20dd65b82fa6,yes,Yes,yes,1,1544,131,0,0.0025568400,3.260,2026-09-11T23:18:19+00:00
learned_hands_consumer,deepseek-v4-pro-fireworks,276,11cabef5b7d7edbcc7de996da7ddc824772faa6248373f429b29567c5017f865,yes,Yes,yes,1,1709,72,0,0.0025410000,3.092,2026-09-11T23:18:20+00:00
learned_hands_consumer,deepseek-v4-pro-fireworks,278,45b8aa00e5100aa8e27c34109569ad374e89747c8859165962bd4b50a718dec3,yes,Yes,yes,1,1554,81,0,0.0023720400,2.428,2026-09-11T23:18:21+00:00
learned_hands_consumer,deepseek-v4-pro-fireworks,277,9136c7f7286a3ee6b4af4f2c4bd396e5528e9e59d4a11138840961213324a902,yes,Yes,yes,1,2193,130,0,0.0034095600,3.479,2026-09-11T23:18:22+00:00
learned_hands_consumer,deepseek-v4-pro-fireworks,279,93a67fe947a834ff1518acdef3d3503a43de70821df3f53bacca03fe73994e4e,yes,Yes,yes,1,1985,97,0,0.0030043200,3.880,2026-09-11T23:18:23+00:00
learned_hands_consumer,deepseek-v4-pro-fireworks,280,f9aa283cb36bd865eb6d0e00dec619c048e1b8f0e8830f12b5d02008a0b97ace,yes,No,no,1,1483,144,0,0.0025278000,3.407,2026-09-11T23:18:23+00:00
learned_hands_consumer,deepseek-v4-pro-fireworks,282,6bcb70ea6c53d9d2735995ffa331f18d0e9d9cc24ba93acb53376ae8483ed8a1,yes,No,no,1,1624,83,0,0.0024723600,2.280,2026-09-11T23:18:24+00:00
learned_hands_consumer,deepseek-v4-pro-fireworks,270,7eb4eb67f8d71b2387d20ed2f7c7421eab13eb8910aca82d69fdf9a9273ecb96,yes,No,no,1,1540,669,0,0.0046820400,11.372,2026-09-11T23:18:25+00:00
learned_hands_consumer,deepseek-v4-pro-fireworks,281,55de4e8dcda9a6328913ef54a1ed9351f1f426737486cdf8f668ad83b8388f73,yes,Yes,yes,1,1575,90,0,0.0024354000,3.481,2026-09-11T23:18:25+00:00
learned_hands_consumer,deepseek-v4-pro-fireworks,264,6adfe2187f8557b8f6378f034717bdcd2f522a0df00806a04c1dfe98b3e997bd,yes,No,no,1,1583,1034,0,0.0061842000,15.184,2026-09-11T23:18:25+00:00
learned_hands_consumer,deepseek-v4-pro-fireworks,284,42fb96e3e3db8353adc2b84b435807f73584555187d03911234609ed6e85bfe6,yes,Yes,yes,1,1592,129,0,0.0026122800,3.139,2026-09-11T23:18:26+00:00
learned_hands_consumer,deepseek-v4-pro-fireworks,283,78da2dea499e7edb487d60fd31327140d7546b18febaf57879bbba65e8c1b04e,yes,Yes,yes,1,1467,155,0,0.0025502400,3.195,2026-09-11T23:18:27+00:00
learned_hands_consumer,deepseek-v4-pro-fireworks,287,644bc0e92cf759be58ca6610fa275080515a65a91b581445be9cabf7ffea0e15,yes,Yes,yes,1,1602,110,0,0.0025502400,2.526,2026-09-11T23:18:27+00:00
learned_hands_consumer,deepseek-v4-pro-fireworks,245,401a36474fa40d2d999cd260f57ca66ab83fcb63de68f578a6d6ad7d4ec4bd2e,yes,Yes,yes,1,1663,118,0,0.0026624400,27.856,2026-09-11T23:18:28+00:00
learned_hands_consumer,deepseek-v4-pro-fireworks,286,c191adb1d624b20f83068f7b5908de47c6c5209a753e4de83b528e1156b3c2b0,yes,Yes,yes,1,1742,145,0,0.0028736400,3.541,2026-09-11T23:18:28+00:00
learned_hands_consumer,deepseek-v4-pro-fireworks,290,fe9822a59aebf2d41016c82deb1d427382b2666a1fe39079f87be07fb936b617,yes,Yes,yes,1,1625,79,0,0.0024578400,2.253,2026-09-11T23:18:29+00:00
learned_hands_consumer,deepseek-v4-pro-fireworks,288,a79143144aa9b5670c2ef1346d67999dca1710bf76a38aefe7d8c7b71ae44b79,yes,Yes,yes,1,2443,154,0,0.0038346000,3.385,2026-09-11T23:18:29+00:00
learned_hands_consumer,deepseek-v4-pro-fireworks,291,56bb42f2ccd6615785428ca0492a89e2c4c3ab2f9fa44ee197d3da8fab2c5842,yes,Yes,yes,1,1494,78,0,0.0022809600,2.432,2026-09-11T23:18:30+00:00
learned_hands_consumer,deepseek-v4-pro-fireworks,257,3d22a52452442ace2422e3134c77857c8d5686fd9080d9f42bc9438a845f4c89,yes,No,no,1,1523,226,0,0.0029053200,25.043,2026-09-11T23:18:30+00:00
learned_hands_consumer,deepseek-v4-pro-fireworks,285,ecfc65fba09f92e19dc001350da2ef8adc932c234c862d0db0f1879f2e7c8794,yes,Yes,yes,1,1526,329,0,0.0033171600,6.013,2026-09-11T23:18:30+00:00
learned_hands_consumer,deepseek-v4-pro-fireworks,289,29d068c39f2e257adbe8beebd86189c3ef328bbf2028cdf5c6d3ede0e5ddc09b,yes,Yes,yes,1,1684,151,0,0.0028208400,4.315,2026-09-11T23:18:31+00:00
learned_hands_consumer,deepseek-v4-pro-fireworks,294,79cc9d9097ff95d4d5569540eb3711865f517ab1a2a0fc876da5c48598ee3cb4,yes,Yes,yes,1,1667,88,0,0.0025489200,2.427,2026-09-11T23:18:31+00:00
learned_hands_consumer,deepseek-v4-pro-fireworks,292,5299348ae3f81c25293e952182bb6bea15382e9da7443711aa78acdaf4b6bcb8,yes,Yes,yes,1,1847,185,0,0.0031706400,4.204,2026-09-11T23:18:32+00:00
learned_hands_consumer,deepseek-v4-pro-fireworks,295,3b85fae280cd98abcc7e78ae4627a4c94eee68cb0bdc5b31dc3b1cf2e53949ae,yes,Yes,yes,1,1769,207,0,0.0031548000,3.901,2026-09-11T23:18:33+00:00
learned_hands_consumer,deepseek-v4-pro-fireworks,297,16bed4a62e2738950d2587d30c25ed9c5d17ea5f0cc5e91f1148a4cb64162453,yes,Yes,yes,1,1557,138,0,0.0026017200,3.084,2026-09-11T23:18:33+00:00
learned_hands_consumer,deepseek-v4-pro-fireworks,300,4b657305ddc7f357ec185bc9abec0fa67e2d4d4fb0afb00f8e83e73a4c712e8e,yes,Yes,yes,1,1488,73,0,0.0022532400,1.891,2026-09-11T23:18:33+00:00
learned_hands_consumer,deepseek-v4-pro-fireworks,299,251efc17ee26f8f9c544871f61f6fd54cf585d0f3210406eb3c48c825a10d526,yes,Yes,yes,1,2040,140,0,0.0032472000,3.021,2026-09-11T23:18:34+00:00
learned_hands_consumer,deepseek-v4-pro-fireworks,298,3473fc0f42c76ad19ef3ec2771d01d619478fb7fab7ea70d94e7fe0f1bd61128,yes,Yes,yes,1,1658,78,0,0.0024974400,3.422,2026-09-11T23:18:34+00:00
learned_hands_consumer,deepseek-v4-pro-fireworks,301,f85e7456c7160ff553b31db76a443f79214f6b2cd4542c3bb171595928ab6558,yes,Yes,yes,1,1948,86,0,0.0029119200,2.514,2026-09-11T23:18:35+00:00
learned_hands_consumer,deepseek-v4-pro-fireworks,303,85d4e89725d489b9e3820f724acfc754d59767d51140be8d70af3bb2eb4198c3,yes,Yes,yes,1,1605,114,0,0.0025700400,2.759,2026-09-11T23:18:36+00:00
learned_hands_consumer,deepseek-v4-pro-fireworks,302,243386ffe9922a67ec10fee19cff0781c4d76b6a78a32ec20ae1b9ece92bf995,yes,Yes,yes,1,1652,131,0,0.0026994000,3.033,2026-09-11T23:18:36+00:00
learned_hands_consumer,deepseek-v4-pro-fireworks,296,32072d7df35d23c7cf165a1afeb9be63ebbdcf2c94cee75f9b5a90b78e19dd28,yes,No,no,1,1710,425,0,0.0039402000,6.533,2026-09-11T23:18:36+00:00
learned_hands_consumer,deepseek-v4-pro-fireworks,307,2bbdbbb31e0f69cbd29d755d0e4fb9a5a932b3b1effe5a664bc674ef725addc2,no,No,no,1,1657,80,0,0.0025040400,1.673,2026-09-11T23:18:36+00:00
learned_hands_consumer,deepseek-v4-pro-fireworks,305,483ac3b333ee68b7196086031e6a08e2fdb91c52f28a3a861f23a2c8ec75478c,yes,Yes,yes,1,1601,98,0,0.0025014000,2.689,2026-09-11T23:18:37+00:00
learned_hands_consumer,deepseek-v4-pro-fireworks,293,73a78266e6561f4e4c9baa89057beda5a92213b2ef917e1272c2ece8cd9b7704,yes,Yes,yes,1,1541,607,0,0.0044378400,8.595,2026-09-11T23:18:37+00:00
learned_hands_consumer,deepseek-v4-pro-fireworks,309,24481de31a2b3036d71dc474adac585b922e4bdfb8287ce43a3ff34846620b73,no,No,no,1,1641,90,0,0.0025225200,2.565,2026-09-11T23:18:38+00:00
learned_hands_consumer,deepseek-v4-pro-fireworks,312,8616d00b5609b9a12db9741cc2c276068fbfffd9d02b80e12bf3dc55ef37b07c,no,No,no,1,1829,88,0,0.0027627600,2.784,2026-09-11T23:18:39+00:00
learned_hands_consumer,deepseek-v4-pro-fireworks,313,65e5a2fd7a388ba873ac967c48adb5664e74f76db3d95f15af7230c45aa27115,no,No,no,1,1685,104,0,0.0026360400,2.888,2026-09-11T23:18:40+00:00
learned_hands_consumer,deepseek-v4-pro-fireworks,310,13b626d60d254c4999ca862d60b0f13ec9378504e9fa2fa1c002db747518bc7b,no,Yes,yes,1,1476,158,0,0.0025740000,3.626,2026-09-11T23:18:40+00:00
learned_hands_consumer,deepseek-v4-pro-fireworks,311,97939ad30f5a35f45ccb7fcb190a65552ca404ca227456e1ecb4f5a57c3bed17,no,Yes,yes,1,1506,146,0,0.0025660800,3.815,2026-09-11T23:18:40+00:00
learned_hands_consumer,deepseek-v4-pro-fireworks,308,5779a2e66767851f78c4baf2c51d3e6be6d917949d5341b98c489bbf0f67f6f3,no,No,no,1,1484,172,0,0.0026400000,4.721,2026-09-11T23:18:40+00:00
learned_hands_consumer,deepseek-v4-pro-fireworks,304,f859129d9d2aa75e88d6602d1563b367b5d45a031c53939b17889bef5d0f147e,yes,Yes,yes,1,2046,442,0,0.0044510400,7.327,2026-09-11T23:18:40+00:00
learned_hands_consumer,deepseek-v4-pro-fireworks,314,0b5ab1b563bc3ef18c295476f388386fadc1cf299ab20f258f1dffee0f8157b4,no,No,no,1,1754,144,0,0.0028855200,3.311,2026-09-11T23:18:42+00:00
learned_hands_consumer,deepseek-v4-pro-fireworks,317,0af96d52fa6c71f1943351f5d1a07e10d961983e0c4a66784a937ad8bbaf2f0e,no,Yes,yes,1,1561,70,0,0.0023377200,2.251,2026-09-11T23:18:42+00:00
learned_hands_consumer,deepseek-v4-pro-fireworks,315,c70617e5ad6a4b2e699841464467e2a1387594382a39a10f5f3aa0ba238dc8c6,no,No,no,1,1443,112,0,0.0023482800,3.105,2026-09-11T23:18:42+00:00
learned_hands_consumer,deepseek-v4-pro-fireworks,316,bc9f773c51514a7ad309a672115c1b9f79304095ccabcd53343b945d6ce19ec8,no,Yes,yes,1,1782,139,0,0.0029026800,2.780,2026-09-11T23:18:42+00:00
learned_hands_consumer,deepseek-v4-pro-fireworks,321,e06e690d6aad76f736293110bf1b57c294435c42a47933cd1acab74063fa7102,no,No,no,1,1448,82,0,0.0022360800,2.496,2026-09-11T23:18:44+00:00
learned_hands_consumer,deepseek-v4-pro-fireworks,318,f4a7c81fbb4fe3b5a0cdb370b458074ab8fa6f11fe41ced9df994fd2f420f362,no,No,no,1,1594,172,0,0.0027852000,4.561,2026-09-11T23:18:45+00:00
learned_hands_consumer,deepseek-v4-pro-fireworks,322,a90e11f52d0e31db828e5d845e5fc33cb9bbc6922bce8244891dbc15b22a7483,no,No,no,1,1628,97,0,0.0025330800,2.894,2026-09-11T23:18:45+00:00
learned_hands_consumer,deepseek-v4-pro-fireworks,324,91f9aed41e41a457675d9814a53f7e293fdcc37d5ecd967c9a49b0e1b38c3587,no,No,no,1,1517,90,0,0.0023588400,2.619,2026-09-11T23:18:45+00:00
learned_hands_consumer,deepseek-v4-pro-fireworks,319,71d38fe12b75052be0651bda2d4f4efe697b07d365bf41cb14841da2688b94f5,no,Yes,yes,1,1643,315,0,0.0034161600,5.092,2026-09-11T23:18:45+00:00
learned_hands_consumer,deepseek-v4-pro-fireworks,323,7f6a2fb0578a33bc0482677bbc588e70a785c7bea415b62486a564b37d2364a5,no,No,no,1,1616,177,0,0.0028340400,4.542,2026-09-11T23:18:47+00:00
learned_hands_consumer,deepseek-v4-pro-fireworks,326,2fb4fb6b593cdd7c3e2fd5c6e362a22a579395bb61b602c450cca3538b8e24ef,no,Yes,yes,1,1453,78,0,0.0022268400,2.847,2026-09-11T23:18:48+00:00
learned_hands_consumer,deepseek-v4-pro-fireworks,327,c74e1031658129cec56f52de73b243a87d110480b7489b898798c788c64954c1,no,Yes,yes,1,1627,75,0,0.0024446400,2.611,2026-09-11T23:18:48+00:00
learned_hands_consumer,deepseek-v4-pro-fireworks,306,6eef9bbaaa01f32394020b689930f9d2ae66836d280dfef0cac99935536b4a22,yes,Yes,yes,1,1494,1052,0,0.0061380000,14.148,2026-09-11T23:18:48+00:00
learned_hands_consumer,deepseek-v4-pro-fireworks,329,985ec3dfb0c350854d7b1baac2c3332760dc5c321f1cafa4bfd44c6712e2ced1,no,Yes,yes,1,1796,142,0,0.0029330400,2.759,2026-09-11T23:18:48+00:00
learned_hands_consumer,deepseek-v4-pro-fireworks,320,60a86bc631bcf63cb1c4ced84c0f60928e57bb2abcf79c23baa53fea95cc1aa3,no,No,no,1,1693,484,0,0.0041514000,7.677,2026-09-11T23:18:48+00:00
learned_hands_consumer,deepseek-v4-pro-fireworks,328,12a1ea95bdc51debd507323d28586d8cd6725f1b2fb39a9a12ccea37dd723d96,no,Yes,yes,1,1558,143,0,0.0026228400,3.121,2026-09-11T23:18:48+00:00
learned_hands_consumer,deepseek-v4-pro-fireworks,325,ca37e43e8db1c44dbbb19c01ee3aa67ed7d3e032717d029d12d8ecc1e8da9e24,no,No,no,1,1526,75,0,0.0023113200,4.307,2026-09-11T23:18:48+00:00
learned_hands_consumer,deepseek-v4-pro-fireworks,332,2c4155ce67ad13aaa45fffc3554b95daf5261dd7f91fb8fd64dec003bfb9e74f,no,Yes,yes,1,1806,145,0,0.0029581200,2.738,2026-09-11T23:18:50+00:00
learned_hands_consumer,deepseek-v4-pro-fireworks,337,52f14dd7aea76b56f013c46377c11006c81b564a73a8fa44e2a4843c3f9ff85e,no,No,no,1,1703,91,0,0.0026083200,2.099,2026-09-11T23:18:51+00:00
learned_hands_consumer,deepseek-v4-pro-fireworks,331,c1a730a7b254e70e6ac0d37573a2caa83d4df82d7e52868bedaff06ebe6b6878,no,Yes,yes,1,1704,178,0,0.0029541600,3.641,2026-09-11T23:18:51+00:00
learned_hands_consumer,deepseek-v4-pro-fireworks,335,cf8776ba226b044303c6bd7ec8aa16cfacbe82cbb01b00fe365ab899a5adc5f8,no,Yes,yes,1,1568,168,0,0.0027350400,3.525,2026-09-11T23:18:52+00:00
learned_hands_consumer,deepseek-v4-pro-fireworks,330,335fb0b1b9fad31fa5c37ca3233826815b93d197d51ad6e25f3adb819181b8d5,no,No,no,1,1735,168,0,0.0029554800,4.934,2026-09-11T23:18:52+00:00
learned_hands_consumer,deepseek-v4-pro-fireworks,333,6ceaa70ea927c42a727227f3a30b6f624dcea1bc117cb238827bb15af9517c39,no,No,no,1,1590,330,0,0.0034056000,5.766,2026-09-11T23:18:54+00:00
learned_hands_consumer,deepseek-v4-pro-fireworks,340,617fea7762c73987c8e9da050c8cae25a1aefb6ea95ff5d081b8e51f028dbf2e,no,No,no,1,1639,114,0,0.0026149200,3.083,2026-09-11T23:18:54+00:00
learned_hands_consumer,deepseek-v4-pro-fireworks,343,7a0a05fc729a8f64cbb6ca9c295a3805e152b645fbd81571861db6a5918d5618,no,No,no,1,1532,87,0,0.0023667600,2.762,2026-09-11T23:18:57+00:00
learned_hands_consumer,deepseek-v4-pro-fireworks,339,5a8803fcccb50853b2c3856ee82785bd156f862dd26d34c99efdea4519a7e214,no,No,no,1,1558,314,0,0.0033000000,5.995,2026-09-11T23:18:57+00:00
learned_hands_consumer,deepseek-v4-pro-fireworks,341,d4093169f98d05e7565a5542038529f1fab35b60cfe43127811daa861d935feb,no,No,no,1,1600,202,0,0.0029119200,5.241,2026-09-11T23:18:57+00:00
learned_hands_consumer,deepseek-v4-pro-fireworks,344,1de94b175a0dc3b16576ef02ea9b734786aa3bc35b5be8fbeb644479593c01bd,no,Yes,yes,1,1584,151,0,0.0026888400,3.302,2026-09-11T23:18:58+00:00
learned_hands_consumer,deepseek-v4-pro-fireworks,345,7eba9bd21b877177f0ea63bb88313953a4c47a8eea950c93500fbc398e54e665,no,No,no,1,1531,84,0,0.0023535600,1.978,2026-09-11T23:18:58+00:00
learned_hands_consumer,deepseek-v4-pro-fireworks,336,63d2423f809c612df5098e911ca5ba908d510a563c38c6d97d504e390d18c390,no,No,no,1,1605,685,0,0.0048312000,10.416,2026-09-11T23:18:59+00:00
learned_hands_consumer,deepseek-v4-pro-fireworks,347,e9f5e96f340dd75e497ed93a4a1e722cfce986d2cec52aaa027ca7778586ad19,no,No,no,1,1585,78,0,0.0024010800,2.618,2026-09-11T23:19:00+00:00
learned_hands_consumer,deepseek-v4-pro-fireworks,346,aa01251703c5de088b207ee1e21487e51f88caf08d8d578aef87fead3ecefced,no,Yes,yes,1,1608,114,0,0.0025740000,3.175,2026-09-11T23:19:00+00:00
learned_hands_consumer,deepseek-v4-pro-fireworks,349,f05855943024f908afbb53b1527e164e7e5e5ad16ec0192747e08513f2bf77c0,no,No,no,1,1649,74,0,0.0024697200,1.637,2026-09-11T23:19:00+00:00
learned_hands_consumer,deepseek-v4-pro-fireworks,351,580b5ac0770fb1b9a6472f9a88911a26a88cc2d70c1aa230e26ba6905581d32b,no,No,no,1,1524,101,0,0.0024116400,2.617,2026-09-11T23:19:02+00:00
learned_hands_consumer,deepseek-v4-pro-fireworks,353,f123cdff3722febd99751bb5a64770c85fc6707f63c07bae56510ead6672a690,no,Yes,yes,1,1531,128,0,0.0025278000,2.841,2026-09-11T23:19:03+00:00
learned_hands_consumer,deepseek-v4-pro-fireworks,352,d1a95b753ee546201b5cf71e8a8910ffb93f06b981363dd24190b9627693f2cb,no,Yes,yes,1,1517,161,0,0.0026400000,4.454,2026-09-11T23:19:04+00:00
learned_hands_consumer,deepseek-v4-pro-fireworks,334,7d6f93cb8182ac12b92485985653cd0fd562085122909d87b4336f6ee3e4666d,no,No,no,1,1817,1099,0,0.0067504800,16.113,2026-09-11T23:19:04+00:00
learned_hands_consumer,deepseek-v4-pro-fireworks,354,013a1816aae065dc4d8f6a910347c85c867197f1497645a47e5cb14cab38f57e,no,No,no,1,1452,84,0,0.0022492800,2.257,2026-09-11T23:19:04+00:00
learned_hands_consumer,deepseek-v4-pro-fireworks,355,d27505c28fcef3d7434ea6bd8d7130e051f02503586c1526d71160be1310e40f,no,No,no,1,1492,59,0,0.0022030800,1.552,2026-09-11T23:19:05+00:00
learned_hands_consumer,deepseek-v4-pro-fireworks,348,4b9f93fed8e41a2a2c5f0994cdca3aca0eda1b96dbd2f74d5afcd2a43889c2e8,no,No,no,1,1569,368,0,0.0035283600,6.968,2026-09-11T23:19:05+00:00
learned_hands_consumer,deepseek-v4-pro-fireworks,350,1c49793aa9d1312bd32ea93d0d8c4aefe10836b786d8cadf7c97738717ce9d31,no,No,no,1,1548,414,0,0.0036828000,6.571,2026-09-11T23:19:05+00:00
learned_hands_consumer,deepseek-v4-pro-fireworks,356,1130e23cb8e7f0a6fc9e659f4c94b732fa1953b7a98b3a9fcafb074532c54af8,no,No,no,1,1492,83,0,0.0022981200,2.656,2026-09-11T23:19:07+00:00
learned_hands_consumer,deepseek-v4-pro-fireworks,359,492cdbdcc254342378744c1f8b9dadd066628ace9a1a65a515633708701c9342,no,Yes,yes,1,1896,138,0,0.0030492000,3.037,2026-09-11T23:19:08+00:00
learned_hands_consumer,deepseek-v4-pro-fireworks,360,7c272499aa6af5b9c7b2de749a65adfa813cdc4061012c6f9a62fda253e08104,no,No,no,1,1522,198,0,0.0027931200,3.472,2026-09-11T23:19:08+00:00
learned_hands_consumer,deepseek-v4-pro-fireworks,357,9a69a9f0e0418372ec3def21b9ce927af42a49df1d185967290ada823319ad8e,no,No,no,1,1827,324,0,0.0036946800,4.495,2026-09-11T23:19:09+00:00
learned_hands_consumer,deepseek-v4-pro-fireworks,358,d0b3728beaff318ee83ad916c45c5c6802c6634bab63d6de065eff3af6bb2839,no,No,no,1,1561,302,0,0.0032564400,5.316,2026-09-11T23:19:10+00:00
learned_hands_consumer,deepseek-v4-pro-fireworks,364,67f538667db398f86344c56348d00c791c1ec9ac0aff37d556bb99dd32897983,no,No,no,1,1656,77,0,0.0024908400,2.024,2026-09-11T23:19:10+00:00
learned_hands_consumer,deepseek-v4-pro-fireworks,363,c41ad8c362d3233072dfc9f51c09010958870b25d095046a29cc7e47cafd392d,no,No,no,1,1444,131,0,0.0024248400,2.768,2026-09-11T23:19:10+00:00
learned_hands_consumer,deepseek-v4-pro-fireworks,361,e09a2160df994ff65eac81266e80dbb544860bb0bf9a7322caeeaddef40d8ffe,no,Yes,yes,1,1729,260,0,0.0033118800,5.365,2026-09-11T23:19:11+00:00
learned_hands_consumer,deepseek-v4-pro-fireworks,362,7c408b03bdd1535120a56621fe2fc9d7c4ef4b22699b623e4970ee45767ebba9,no,Yes,yes,1,1497,205,0,0.0027878400,4.154,2026-09-11T23:19:11+00:00
learned_hands_consumer,deepseek-v4-pro-fireworks,365,ddf035db365fff2212de2488a54adb763abc3e92a2dad325570e9d3251388841,no,Yes,yes,1,1535,87,0,0.0023707200,3.130,2026-09-11T23:19:12+00:00
learned_hands_consumer,deepseek-v4-pro-fireworks,338,cd0992eca3b3ebd4ffcc36e8430e138824f9b105e6764dedf74a8ce2d5549fe4,no,No,no,1,1836,1284,0,0.0075081600,21.741,2026-09-11T23:19:12+00:00
learned_hands_consumer,deepseek-v4-pro-fireworks,342,e8a22694731ba2e5a7312f7d4a02b03f7e4bc081c76f7068d665ec82ab92f3c7,no,Yes,yes,1,1852,1794,0,0.0095488800,20.457,2026-09-11T23:19:12+00:00
learned_hands_consumer,deepseek-v4-pro-fireworks,366,aee3ace2d8ef27f3660fab84d93dad6ad86bf221676864042357c5e92059a85e,no,No,no,1,1550,165,0,0.0026994000,3.762,2026-09-11T23:19:13+00:00
learned_hands_consumer,deepseek-v4-pro-fireworks,371,7387a5e5fad938d7e99b2c7c1f6e1158d97aec42e8d1218a21f1bfbd2e5ccac3,no,No,no,1,1608,86,0,0.0024631200,1.982,2026-09-11T23:19:14+00:00
learned_hands_consumer,deepseek-v4-pro-fireworks,370,c585104773d1883d86927f2b034566efd206fde08fe7e1d63efcf06f6ecd9275,no,Yes,yes,1,1544,122,0,0.0025212000,4.443,2026-09-11T23:19:15+00:00
learned_hands_consumer,deepseek-v4-pro-fireworks,375,ecc85367e5cf37586c263dedf5b348a050bbdf6b9249645651c148dca3f30d6a,no,No,no,1,1807,78,0,0.0026941200,1.915,2026-09-11T23:19:16+00:00
learned_hands_consumer,deepseek-v4-pro-fireworks,369,2c68763833a784dd4f1a5569f0af102d4fcf6b344f917b9d6e68c91bf223385f,no,No,no,1,1981,354,0,0.0040167600,5.754,2026-09-11T23:19:16+00:00
learned_hands_consumer,deepseek-v4-pro-fireworks,374,844bffeb2e27126213a382107f2bfbd2eeb29a0aa34b39db7c237d94aa21dc6c,no,No,no,1,1660,158,0,0.0028168800,2.817,2026-09-11T23:19:16+00:00
learned_hands_consumer,deepseek-v4-pro-fireworks,367,9913f5e62a1afcba67bee35c05d650381598f5b2c1380d1bb2a0f2ae1cc63e6f,no,No,no,1,1759,398,0,0.0038979600,7.282,2026-09-11T23:19:17+00:00
learned_hands_consumer,deepseek-v4-pro-fireworks,378,42142d842605f05b949df18cb8a99bb35cb5a3e606e1f59cff43626743752be7,no,Yes,yes,1,1490,132,0,0.0024895200,3.423,2026-09-11T23:19:20+00:00
learned_hands_consumer,deepseek-v4-pro-fireworks,376,2e572efe17abde9794ed1ca8e76aab48311dffe6e5f091aaf53a537351a6ec4b,no,No,no,1,1564,172,0,0.0027456000,4.588,2026-09-11T23:19:20+00:00
learned_hands_consumer,deepseek-v4-pro-fireworks,372,8a778c2a7882c353ea19f4b4177b18f73596a4d0bdf7c066488b237259d5c92e,no,No,no,1,1481,543,0,0.0041052000,8.023,2026-09-11T23:19:20+00:00
learned_hands_consumer,deepseek-v4-pro-fireworks,379,84f150b50421abc72aea1ff2b9e810ed64fba7c4f9d5ac41a9be6e901d2ee310,no,No,no,1,1614,100,0,0.0025264800,4.710,2026-09-11T23:19:21+00:00
learned_hands_consumer,deepseek-v4-pro-fireworks,377,8339831d993a8f59979c34ab2a332854935bb45ade809ebc382fde5b95859c6d,no,Yes,yes,1,1812,135,0,0.0029264400,5.325,2026-09-11T23:19:21+00:00
learned_hands_consumer,deepseek-v4-pro-fireworks,373,66c80303be317d1ece0aedd4cef8d908db80607ebada9bb9e122cc5c60b05acd,no,No,no,1,1730,641,0,0.0048219600,9.861,2026-09-11T23:19:22+00:00
learned_hands_consumer,deepseek-v4-pro-fireworks,382,ec007d3323dd2053bf052016919bc0af90796fa0ca1b0409c6082066ee97a50b,no,No,no,1,1694,102,0,0.0026400000,2.273,2026-09-11T23:19:22+00:00
learned_hands_consumer,deepseek-v4-pro-fireworks,384,b6426951bbccc28e0d00959ce601a50cfdbc42f0b030169fc40a2d195b99f4ce,no,No,no,1,1479,74,0,0.0022453200,2.640,2026-09-11T23:19:24+00:00
learned_hands_consumer,deepseek-v4-pro-fireworks,383,d2cd0e5ee933d888b506be5632aed8062b91258070bea77b00cbf7a570a68547,no,No,no,1,1433,164,0,0.0025410000,3.702,2026-09-11T23:19:24+00:00
learned_hands_consumer,deepseek-v4-pro-fireworks,380,e87ddebafaf120552bd4e34cf6953ec369024fb7fc6e707e8c74058e178b1363,no,No,no,1,1576,416,0,0.0037276800,7.215,2026-09-11T23:19:25+00:00
learned_hands_consumer,deepseek-v4-pro-fireworks,387,2a45a35e29096acb668fa0ef232d5755b039d19bbf414f441fa03b6c6964e833,no,No,no,1,1447,79,0,0.0022228800,2.319,2026-09-11T23:19:25+00:00
learned_hands_consumer,deepseek-v4-pro-fireworks,385,a7f2631f19f997f8dde0f842d8a44c6be3a43a0e33208d7f010eeb998aedd90a,no,No,no,1,1635,213,0,0.0030016800,5.183,2026-09-11T23:19:26+00:00
learned_hands_consumer,deepseek-v4-pro-fireworks,389,63faab04056ecaa75521d5f981daa271b06f41399397a77f5b18772f7982501b,no,No,no,1,1503,173,0,0.0026690400,2.949,2026-09-11T23:19:27+00:00
learned_hands_consumer,deepseek-v4-pro-fireworks,390,ae83caf06a839c78cbe1c040b85f5774b377a68c7cd5ca4e2df1e6b808f5c1b1,no,No,no,1,1496,96,0,0.0023548800,2.592,2026-09-11T23:19:27+00:00
learned_hands_consumer,deepseek-v4-pro-fireworks,386,ee780d03a703ecf7ba9c48251e78cd4e9b7af05645ad48fff61fa919cf492135,no,No,no,1,1476,395,0,0.0035125200,6.784,2026-09-11T23:19:29+00:00
learned_hands_consumer,deepseek-v4-pro-fireworks,392,df2ca5f08012ee422366badb625b7e85f8f8d13eeebbc8ec9a4e52cb9755e245,no,No,no,1,1498,87,0,0.0023218800,2.760,2026-09-11T23:19:29+00:00
learned_hands_consumer,deepseek-v4-pro-fireworks,393,77b2b7af3d2e7d92346d21688da079b282d2e31d80505b4c19a05b664ed10fb6,no,No,no,1,1651,101,0,0.0025792800,2.821,2026-09-11T23:19:30+00:00
learned_hands_consumer,deepseek-v4-pro-fireworks,394,ce03177700db149631f5a0748437e3e8ce566671b3939640d10d100e63e3fd16,no,Yes,yes,1,1622,194,0,0.0029092800,3.333,2026-09-11T23:19:30+00:00
learned_hands_consumer,deepseek-v4-pro-fireworks,395,a47f0ccc3396c563d1d54cfa509c381c6e8ffadc05e947351c2c88540f5992b2,no,Yes,yes,1,1581,162,0,0.0027284400,3.543,2026-09-11T23:19:33+00:00
learned_hands_consumer,deepseek-v4-pro-fireworks,368,00c018554b47c9496be37e1420e4483569efc3e3631c681205edc2ebb9c5b095,no,No,no,1,1880,1775,0,0.0095106000,22.904,2026-09-11T23:19:33+00:00
learned_hands_consumer,deepseek-v4-pro-fireworks,398,3f37d027870da81cb661495002a1a7fc86a664b28df5b372c3384fa16ab115db,no,No,no,1,2289,103,0,0.0034293600,2.813,2026-09-11T23:19:33+00:00
learned_hands_consumer,deepseek-v4-pro-fireworks,388,db01549ee1c2f8c8cddf1988e9091c11b9c05afae796574b4aa7e58eeebe1ec7,no,No,no,1,1654,815,0,0.0054106800,10.157,2026-09-11T23:19:34+00:00
learned_hands_consumer,deepseek-v4-pro-fireworks,391,9a3dd5e4246141a2e5cb3351f2f44bd41b29e28912043c8883ba1ee127ba989b,no,Yes,yes,1,1625,549,0,0.0043190400,9.678,2026-09-11T23:19:34+00:00
learned_hands_consumer,deepseek-v4-pro-fireworks,401,79a5f35751c76695e1441ec78b28a225fca1c41ea9c82882b2fc5535aa52607f,no,No,no,1,1664,67,0,0.0024618000,1.912,2026-09-11T23:19:35+00:00
learned_hands_consumer,deepseek-v4-pro-fireworks,397,c6571efea3285b8369d41b3dd25ef48c253a0e321fcaeefa5d4e89023afe6cd5,no,No,no,1,1844,280,0,0.0035428800,5.634,2026-09-11T23:19:35+00:00
learned_hands_consumer,deepseek-v4-pro-fireworks,400,52755383856e91c2af9d9af2cb1b6b5e2474b17de3d5bc750e466a0cac60f774,no,No,no,1,1677,79,0,0.0025264800,1.995,2026-09-11T23:19:35+00:00
learned_hands_consumer,deepseek-v4-pro-fireworks,399,1195fd2a250615c2ef282030a1bd1f0805e2944f0343faea81ddf121d0ccc994,no,No,no,1,1508,176,0,0.0026875200,3.166,2026-09-11T23:19:36+00:00
learned_hands_consumer,deepseek-v4-pro-fireworks,405,3f5ca9261b2891516e2a5d24447411595d9562c1ff20862e0b1016f7ff1c32e4,no,No,no,1,1511,75,0,0.0022915200,1.621,2026-09-11T23:19:37+00:00
learned_hands_consumer,deepseek-v4-pro-fireworks,406,4e20b69b4d085a8af12bd1e5f9d7e6232d82ab680cfc25e9a64195c6513cabd3,no,Yes,yes,1,1780,164,0,0.0029990400,2.699,2026-09-11T23:19:38+00:00
learned_hands_consumer,deepseek-v4-pro-fireworks,403,49b50604e1e593b1474257b9770d20e0a60ddcf54a8b6890e153124f746b8275,no,No,no,1,1499,106,0,0.0023984400,3.586,2026-09-11T23:19:38+00:00
learned_hands_consumer,deepseek-v4-pro-fireworks,404,9d7dcd2eae72e13950ca10701a907c961252af1dd61008203f0937eed002f2d9,no,No,no,1,1504,89,0,0.0023377200,3.133,2026-09-11T23:19:38+00:00
learned_hands_consumer,deepseek-v4-pro-fireworks,381,1338d4a9807f0d53047962b57d76cf583420487b44853e8aaab6f0d6d454688b,no,No,no,1,1584,1272,0,0.0071280000,18.742,2026-09-11T23:19:38+00:00
learned_hands_consumer,deepseek-v4-pro-fireworks,408,1d4a66a5ebbe0fede76d2d78db8f5fc9f6c99b17daeca5cfecf1d41b10cf80b1,no,Yes,yes,1,1483,120,0,0.0024327600,2.498,2026-09-11T23:19:39+00:00
learned_hands_consumer,deepseek-v4-pro-fireworks,409,c6ab1cc27fcf3c46640e8614bb3cef65334f694f0dc7ebf7c14f0f95ff582cff,no,No,no,1,1628,83,0,0.0024776400,2.063,2026-09-11T23:19:40+00:00
learned_hands_consumer,deepseek-v4-pro-fireworks,410,2808314a91f63cd0f210000ca0d99e536b41a5ef2a38b09b99706154ed097563,no,Yes,yes,1,1510,79,0,0.0023060400,2.099,2026-09-11T23:19:40+00:00
learned_hands_consumer,deepseek-v4-pro-fireworks,412,c5e98cba61f5b7e99d394fd52e37b44f2fa2d4bd59a64a4fa6df5eb9c7d968ee,no,No,no,1,1456,94,0,0.0022941600,2.208,2026-09-11T23:19:41+00:00
learned_hands_consumer,deepseek-v4-pro-fireworks,411,add411cc48fc3dd30ad7eef9eb447a04c306289987db61ee0f1a60eec669366a,no,No,no,1,1633,93,0,0.0025238400,2.558,2026-09-11T23:19:41+00:00
learned_hands_consumer,deepseek-v4-pro-fireworks,413,b065f229dea495ea981117badbe33bbb78f927032d079f6b45b57b9ff319ee3f,no,No,no,1,1761,76,0,0.0026254800,1.974,2026-09-11T23:19:41+00:00
learned_hands_consumer,deepseek-v4-pro-fireworks,396,d28d9b72ec96132abafad4420752c4f56363e197e4763aacee93a17b42e571ae,no,No,no,1,1522,801,0,0.0051810000,12.417,2026-09-11T23:19:41+00:00
learned_hands_consumer,deepseek-v4-pro-fireworks,402,e8b28f4ace8f9d83a962e68403786fac2eb9f58c6f2f6f2fb4f640879cb943c8,no,No,no,1,1525,514,0,0.0040484400,7.891,2026-09-11T23:19:42+00:00
learned_hands_consumer,deepseek-v4-pro-fireworks,407,9000d55fade254c6ca05e4c143c5341da66479eca3cc7fcba053382ab0a06d2f,no,No,no,1,1721,337,0,0.0036062400,7.021,2026-09-11T23:19:43+00:00
learned_hands_consumer,deepseek-v4-pro-fireworks,414,ba9af4f96d08829a0c9ec6aba9efeff3a00a2093dfdfbd72c8bd45f2bc9e6a69,no,Yes,yes,1,1811,163,0,0.0030360000,3.109,2026-09-11T23:19:43+00:00
learned_hands_consumer,deepseek-v4-pro-fireworks,419,bab1e0749854088c9ef136c8cc309c034a76a764cfc21fc0ff53362e4861636d,no,No,no,1,1481,85,0,0.0022915200,2.649,2026-09-11T23:19:44+00:00
learned_hands_consumer,deepseek-v4-pro-fireworks,415,5d18d68c26e2f66f512fe9593484b459f2bcea6aa210183c392cf7ad40ddb4f4,no,Yes,yes,1,1695,78,0,0.0025462800,4.551,2026-09-11T23:19:45+00:00
learned_hands_consumer,deepseek-v4-pro-fireworks,421,a1f504238378627ada42e6b4a5188dc174b5f75652a150163843892064abb22d,no,Yes,yes,1,1472,145,0,0.0025172400,3.014,2026-09-11T23:19:46+00:00
learned_hands_consumer,deepseek-v4-pro-fireworks,422,a005428946110152b42b0ec6663ca35a25f83f6d59f5b03454dc6b5ded6ed03d,no,No,no,1,1472,81,0,0.0022638000,2.676,2026-09-11T23:19:46+00:00
learned_hands_consumer,deepseek-v4-pro-fireworks,417,83791c54b327f91dec027e1575b5e0d327a0464147f41406fc441098e5403ca6,no,No,no,1,1479,210,0,0.0027838800,5.065,2026-09-11T23:19:46+00:00
learned_hands_consumer,deepseek-v4-pro-fireworks,423,9cbbae94185f89046b6054bb9bccf79344fd2aa88fe2a30fc15f75d34aacbef3,no,Yes,yes,1,1531,118,0,0.0024882000,2.767,2026-09-11T23:19:47+00:00
learned_hands_consumer,deepseek-v4-pro-fireworks,420,27beb276d0fba5a8e870d21c77162c178327fc1ad4e1c391cbb90aa0b33604e5,no,No,no,1,1758,284,0,0.0034452000,5.886,2026-09-11T23:19:48+00:00
learned_hands_consumer,deepseek-v4-pro-fireworks,425,ce81291a07edef587b6b3aadc6149395b531a8bc2ccd91e5c553fafdef0a6317,no,No,no,1,1452,60,0,0.0021542400,1.863,2026-09-11T23:19:48+00:00
learned_hands_consumer,deepseek-v4-pro-fireworks,416,e78402c565c5685cfe8d6f3023b3e7d2a6cacb870295e754ff3c7bd88851a1a7,no,Yes,yes,1,2141,333,0,0.0041448000,7.072,2026-09-11T23:19:48+00:00
learned_hands_consumer,deepseek-v4-pro-fireworks,424,3be047961cac24031e53731a39990092e5be49c19c1bf50858f360635095935d,no,No,no,1,1630,184,0,0.0028802400,4.353,2026-09-11T23:19:49+00:00
learned_hands_consumer,deepseek-v4-pro-fireworks,431,8ccfee9549ab36622cbef033779481a4709533ba1916a502e4daa4bee8356d6f,no,No,no,1,1560,77,0,0.0023641200,1.713,2026-09-11T23:19:49+00:00
learned_hands_consumer,deepseek-v4-pro-fireworks,426,e39dbe75b89613b758ebfbe9bb10832f0a92b0a0f06161e751f68ee02db8bc9e,no,Yes,yes,1,1576,169,0,0.0027495600,3.809,2026-09-11T23:19:50+00:00
learned_hands_consumer,deepseek-v4-pro-fireworks,428,196d1c980028958aa696f055758fa3b2f6507b7e90205d1bb8c1232f9ed33879,no,No,no,1,1543,73,0,0.0023258400,2.967,2026-09-11T23:19:50+00:00
learned_hands_consumer,deepseek-v4-pro-fireworks,430,72af3f1cbcff79519e8d830ce39f1aaf8bc7b8e3c6a420f8e0cd0db3ab43e396,no,No,no,1,1501,88,0,0.0023298000,2.495,2026-09-11T23:19:50+00:00
learned_hands_consumer,deepseek-v4-pro-fireworks,429,867ba8abbec80d2ad80edb9dbea0eda8dc5dcbafdfbe36aef9c42b95537f0f61,no,No,no,1,1481,119,0,0.0024261600,2.945,2026-09-11T23:19:51+00:00
learned_hands_consumer,deepseek-v4-pro-fireworks,427,77f8b279f1b0c7568831f06897e485c63de90d157e9f5bdffc950d8b5339b76b,no,No,no,1,1564,224,0,0.0029515200,4.896,2026-09-11T23:19:51+00:00
learned_hands_consumer,deepseek-v4-pro-fireworks,432,f86e733c4aa27750c91274e7c1d24ef7fdb6886dedd3cd183e02ae97b21b71a1,no,Yes,yes,1,2129,77,0,0.0031152000,1.939,2026-09-11T23:19:51+00:00
learned_hands_consumer,deepseek-v4-pro-fireworks,418,2054be735fa66a7be473f7d8d284cc496f2873f3c0ac26935232ccd60f9de832,no,No,no,1,1951,607,0,0.0049790400,10.149,2026-09-11T23:19:51+00:00
learned_hands_consumer,deepseek-v4-pro-fireworks,433,4e5a84a0e6bc8a79290a97622c2e27f93f35d3bc1d958a174621ce41587bc723,no,No,no,1,1659,115,0,0.0026452800,2.500,2026-09-11T23:19:52+00:00
learned_hands_consumer,deepseek-v4-pro-fireworks,436,c260b7498f71fe45f1424fd2b9a9839f565e405a7d4dcec0225cc32b31aa3ddf,no,Yes,yes,1,1674,153,0,0.0028155600,3.095,2026-09-11T23:19:53+00:00
learned_hands_consumer,deepseek-v4-pro-fireworks,439,a701c75cc7ffd4dd2d848114d88c55877c21ca6bc554b06f7a780af98fdede78,no,No,no,1,1565,77,0,0.0023707200,2.354,2026-09-11T23:19:53+00:00
learned_hands_consumer,deepseek-v4-pro-fireworks,434,60115ad7adfb7cd44dc9d3974fa6e91f75d4314b459afb6ad7cf046ec468f5d0,no,No,no,1,2222,197,0,0.0037131600,3.710,2026-09-11T23:19:53+00:00
learned_hands_consumer,deepseek-v4-pro-fireworks,435,c2f8f30d2f33de3ff6d230fe420907389008f3f32d850a0d46c02bed9d4d96a6,no,No,no,1,1638,179,0,0.0028710000,4.056,2026-09-11T23:19:54+00:00
learned_hands_consumer,deepseek-v4-pro-fireworks,438,2ccf77520a102a3a7f63b623e6874716be7a1cf26d8c0f666f6e7470e9e4c438,no,Yes,yes,1,1524,155,0,0.0026254800,3.337,2026-09-11T23:19:54+00:00
learned_hands_consumer,deepseek-v4-pro-fireworks,437,946f42d7871538b510e3f3addcd2c214d51128c8b0d1497d15b7386ba0a1356b,no,No,no,1,1538,176,0,0.0027271200,4.034,2026-09-11T23:19:55+00:00
learned_hands_consumer,deepseek-v4-pro-fireworks,440,1512241f1c901913c1bcb63d7c6958e6e29007920502c9eb4c9eb5dfdc429779,no,No,no,1,1504,180,0,0.0026980800,3.597,2026-09-11T23:19:55+00:00
learned_hands_consumer,deepseek-v4-pro-fireworks,444,8bd8da3916ab6140c8983ae16bcdb2e8e857d786d5b0a809729486e67a0812d0,no,No,no,1,1733,82,0,0.0026122800,1.994,2026-09-11T23:19:55+00:00
learned_hands_consumer,deepseek-v4-pro-fireworks,441,8efb01893e2894f9a68dd4abe86e1aa3273c502cb488596dc29f5385ecaeb2c7,no,Yes,yes,1,1521,217,0,0.0028670400,4.222,2026-09-11T23:19:56+00:00
learned_hands_consumer,deepseek-v4-pro-fireworks,445,04302b33dfe27e60dab505555f6ba88813973ef1386f0c8b08205ee51891f0e6,no,No,no,1,1579,95,0,0.0024604800,2.413,2026-09-11T23:19:56+00:00
learned_hands_consumer,deepseek-v4-pro-fireworks,446,1afd1fc0fa21504408f161026b0213f082b591b552e5a77213bf65d60bf4612b,no,No,no,1,1541,102,0,0.0024380400,2.477,2026-09-11T23:19:57+00:00
learned_hands_consumer,deepseek-v4-pro-fireworks,442,1d2a94502aece3443e17b2cb63dfe225b7a8aeebd081ddb65e6bb2f671212a17,no,No,no,1,1502,124,0,0.0024736800,3.863,2026-09-11T23:19:57+00:00
learned_hands_consumer,deepseek-v4-pro-fireworks,447,d1d3852aceaedd7f13c819c848f14ecc6dc897da4bfa78ed063ef32ce2ac63d1,no,No,no,1,1487,88,0,0.0023113200,2.611,2026-09-11T23:19:57+00:00
learned_hands_consumer,deepseek-v4-pro-fireworks,448,04a31af43a0322d4e234770268a71818baa3b9f7193dc123c6ce1e4fb24f3e72,no,No,no,1,1548,80,0,0.0023601600,3.151,2026-09-11T23:19:58+00:00
learned_hands_consumer,deepseek-v4-pro-fireworks,449,a8e84a61c494345c5650ad8117693f333deabc9e041a3b4a22aa1d06393231ed,no,No,no,1,1539,87,0,0.0023760000,3.061,2026-09-11T23:19:58+00:00
learned_hands_consumer,deepseek-v4-pro-fireworks,452,cbfecefec8a53e69aa8f367aea02a4727b7ee5554da9e45a38e31f065cc3c169,no,Yes,yes,1,1545,79,0,0.0023522400,1.820,2026-09-11T23:19:59+00:00
learned_hands_consumer,deepseek-v4-pro-fireworks,451,9f25eaeb6f65236347aee880ca9534bfc163ad085b06fa72eeb67b405f5f1d62,no,No,no,1,1592,92,0,0.0024657600,2.234,2026-09-11T23:19:59+00:00
learned_hands_consumer,deepseek-v4-pro-fireworks,450,0854abafaea9b69c2c49c5f64e9f3c95f596dea3588670571b1ed57b744f59a5,no,Yes,yes,1,2145,256,0,0.0038451600,3.627,2026-09-11T23:20:00+00:00
learned_hands_consumer,deepseek-v4-pro-fireworks,454,1c6dd5d561b55e7031e5f2adc0da0e9723f06c4b23e08e8904fc1e27c13cd9c6,no,No,no,1,1614,91,0,0.0024908400,2.968,2026-09-11T23:20:00+00:00
learned_hands_consumer,deepseek-v4-pro-fireworks,455,932d945f027160e21bfd51184d91d8727cfdf60e72226309e7516cc368fdc515,no,No,no,1,1683,84,0,0.0025542000,2.412,2026-09-11T23:20:01+00:00
learned_hands_consumer,deepseek-v4-pro-fireworks,457,74043fddd5dce444be8d653b1c6f225528ef532997c766cbce4e5c660ade622d,no,No,no,1,1760,88,0,0.0026716800,2.975,2026-09-11T23:20:02+00:00
learned_hands_consumer,deepseek-v4-pro-fireworks,453,bc4a406688a7b5efef17bfb1b4edbc67f35a63b3de8702b8068df824d666583b,no,Yes,yes,1,1458,209,0,0.0027522000,4.540,2026-09-11T23:20:02+00:00
learned_hands_consumer,deepseek-v4-pro-fireworks,458,f417273fdbac343a73e3321b40e14d3eafed51eea5cb6c8b788b4ea1eb0afd8f,no,Yes,yes,1,1552,140,0,0.0026030400,3.391,2026-09-11T23:20:02+00:00
learned_hands_consumer,deepseek-v4-pro-fireworks,461,0b54969a9e57430db4a328e94f100a2c17ce2ecd53896ee28aa064697a2b1d8d,no,No,no,1,1944,59,0,0.0027997200,2.054,2026-09-11T23:20:03+00:00
learned_hands_consumer,deepseek-v4-pro-fireworks,459,df68371ca953f13c782ca05591a597acc4b878650efb047c1d8da558f203219e,no,No,no,1,1489,84,0,0.0022981200,2.998,2026-09-11T23:20:03+00:00
learned_hands_consumer,deepseek-v4-pro-fireworks,462,0bab903026b7c3c9333fbe20f96dcdd314852e6516b76ab0c53d206790eefac6,no,No,no,1,1457,60,0,0.0021608400,1.463,2026-09-11T23:20:03+00:00
learned_hands_consumer,deepseek-v4-pro-fireworks,460,5a1f2ce82b72f9c1266df09ac2c4d257aa3bee8f5b3972e0fc839db712595ca9,no,No,no,1,1666,62,0,0.0024446400,3.123,2026-09-11T23:20:03+00:00
learned_hands_consumer,deepseek-v4-pro-fireworks,466,b24b2625eafa8e1b32b1e246012edbc8db39764b08f08c67c920f3b3350fe9ea,no,No,no,1,1535,94,0,0.0023984400,2.395,2026-09-11T23:20:05+00:00
learned_hands_consumer,deepseek-v4-pro-fireworks,467,35b9bab2880db0b2d36d825afd233bf57bda9e5eef479a37b70a41a36c5a5879,no,No,no,1,1556,70,0,0.0023311200,2.470,2026-09-11T23:20:05+00:00
learned_hands_consumer,deepseek-v4-pro-fireworks,469,9e30b352d1c79225ed762c8ded34d155a8f1a9acb805c8f881ea24631aafaca6,no,No,no,1,1491,83,0,0.0022968000,2.077,2026-09-11T23:20:07+00:00
learned_hands_consumer,deepseek-v4-pro-fireworks,465,987eae7153585e7a2a0d88ba16f6807b131129542c68eb9138781ebed69e8cc2,no,Yes,yes,1,1815,267,0,0.0034531200,4.796,2026-09-11T23:20:08+00:00
learned_hands_consumer,deepseek-v4-pro-fireworks,456,27da743642e6fe9e9f70f9ff5b3c8febcdf419aed6c38e5e67fa09294c9d6ab9,no,No,no,1,1518,595,0,0.0043599600,9.358,2026-09-11T23:20:08+00:00
learned_hands_consumer,deepseek-v4-pro-fireworks,470,6b2d81f7309dbbad5fd9af0af6a0d5e5c76e6ba2b87feadee3468b273edf16ad,no,Yes,yes,1,1691,185,0,0.0029647200,3.264,2026-09-11T23:20:09+00:00
learned_hands_consumer,deepseek-v4-pro-fireworks,468,6f958da8adbf8531a95cda9abd9c5210f97bffa964d37b7cb0442bcb31d14c37,no,No,no,1,1637,417,0,0.0038121600,7.419,2026-09-11T23:20:11+00:00
learned_hands_consumer,deepseek-v4-pro-fireworks,443,0163ad6ff34e85877a0adf35a59c1a346599711f69d7bf4891317aada189c78b,no,No,no,1,3350,1133,0,0.0089086800,17.837,2026-09-11T23:20:11+00:00
learned_hands_consumer,deepseek-v4-pro-fireworks,471,eaaf0b7320c280140ad331ea0601675c5fd7ff6a885286c80d46ea113a3cab17,no,No,no,1,1821,74,0,0.0026967600,3.903,2026-09-11T23:20:11+00:00
learned_hands_consumer,deepseek-v4-pro-fireworks,473,4115fad9f9b83db5ecb78a9be61669ad1018516abc1227f075d62f7563f98f22,no,No,no,1,1535,297,0,0.0032023200,5.170,2026-09-11T23:20:13+00:00
learned_hands_consumer,deepseek-v4-pro-fireworks,475,531a57b154dbd769d4108e15531d27140a960b9c18d233351c7d62f188b8f6f1,no,No,no,1,1455,142,0,0.0024829200,2.731,2026-09-11T23:20:13+00:00
learned_hands_consumer,deepseek-v4-pro-fireworks,472,4e19f210464ca73a7f7a58cd3218cec482dee93c4f53abed18732ac581733e3c,no,No,no,1,1711,318,0,0.0035178000,6.072,2026-09-11T23:20:14+00:00
learned_hands_consumer,deepseek-v4-pro-fireworks,476,8fa4139dbe239bba25434909e55f2fa80c50269832bb68550d65299db5619836,no,Yes,yes,1,1536,151,0,0.0026254800,2.862,2026-09-11T23:20:14+00:00
learned_hands_consumer,deepseek-v4-pro-fireworks,464,2425edeaa0bb4c18efdb8f3cf3549bd1e238423ef48243512eb592127b04ee0e,no,No,no,1,2333,780,0,0.0061683600,12.351,2026-09-11T23:20:14+00:00
learned_hands_consumer,deepseek-v4-pro-fireworks,463,41fa77f140f955deec510a2825da39c611b3256f06db66f38fab47e7b78d20da,no,No,no,1,2090,859,0,0.0061604400,13.970,2026-09-11T23:20:16+00:00
learned_hands_consumer,deepseek-v4-pro-fireworks,477,9aec94ea158756c81b27ab95c8b331de3d51619d6ed22d22437d837182c56810,no,No,no,1,1712,271,0,0.0033330000,4.394,2026-09-11T23:20:16+00:00
learned_hands_consumer,deepseek-v4-pro-fireworks,479,d8bcfed355b99213c89ac1a9ff427c6c4b1ed05f140ef324e243fdff43ed062e,no,No,no,1,2360,90,0,0.0034716000,2.518,2026-09-11T23:20:16+00:00
learned_hands_consumer,deepseek-v4-pro-fireworks,480,01de597cf467f8e74cdcd5967327e64399908a15ce5348852dd9dd952a970715,no,No,no,1,2014,143,0,0.0032247600,2.845,2026-09-11T23:20:16+00:00
learned_hands_consumer,deepseek-v4-pro-fireworks,482,76ed3dfb2ec9e6a39f0bdd9bfc8057cdacba2af71015e9bdb02dc0313489169f,no,No,no,1,1587,116,0,0.0025542000,2.616,2026-09-11T23:20:17+00:00
learned_hands_consumer,deepseek-v4-pro-fireworks,474,f0cadb5492e0ec183a3a3ea7616ae472ae6eff8bbcd445c563fa7c23da261ca5,no,No,no,1,1646,518,0,0.0042240000,8.382,2026-09-11T23:20:17+00:00
learned_hands_consumer,deepseek-v4-pro-fireworks,484,cecaae8addd481078cd53a5a69e5d8da4b6a98a516613269f4137b01782983d7,no,No,no,1,1482,76,0,0.0022572000,1.676,2026-09-11T23:20:17+00:00
learned_hands_consumer,deepseek-v4-pro-fireworks,485,b07d2a4ff6a8dceaa18e35705a350c09b7e7f46cd67cf1e630b3cf325c46cc0f,no,No,no,1,1840,61,0,0.0026703600,1.866,2026-09-11T23:20:18+00:00
learned_hands_consumer,deepseek-v4-pro-fireworks,481,6d3f546cc7e65f909112f42a52f7c36c1144c6845909f5c0f68d093fbfcdd8fe,no,Yes,yes,1,1834,160,0,0.0030544800,3.898,2026-09-11T23:20:18+00:00
learned_hands_consumer,deepseek-v4-pro-fireworks,483,931e120b8c3a8979cf4a37513bfbbf87c5b064b350a60733e2408dda7477646e,no,Yes,yes,1,1710,128,0,0.0027640800,3.197,2026-09-11T23:20:19+00:00
learned_hands_consumer,deepseek-v4-pro-fireworks,487,20b699538b4fb5aba69b8c97153f171766a2c4674e8e33eac9eebb1206529fe5,no,No,no,1,1590,81,0,0.0024195600,2.061,2026-09-11T23:20:19+00:00
learned_hands_consumer,deepseek-v4-pro-fireworks,490,18d65e6e4ac267b954fab721a8d2cabcf4346e461537cf69de5e72f51a7c5a79,no,Yes,yes,1,1644,72,0,0.0024552000,1.632,2026-09-11T23:20:19+00:00
learned_hands_consumer,deepseek-v4-pro-fireworks,488,c837c365cb2af81ad03b9121ec3ef43ab40d330362b3b4a17acbdc6fe37d85d0,no,No,no,1,1496,76,0,0.0022756800,2.496,2026-09-11T23:20:20+00:00
learned_hands_consumer,deepseek-v4-pro-fireworks,486,012a4657825e2d7e50ec63501a9322690acfd4226e288797e79c2df8d26962ba,no,No,no,1,1507,132,0,0.0025119600,3.367,2026-09-11T23:20:20+00:00
learned_hands_consumer,deepseek-v4-pro-fireworks,491,1de0c196d21d27621ca7c6e1b0386331881a85a41a05c700ff3c5d698d48eaae,no,No,no,1,1847,76,0,0.0027390000,3.256,2026-09-11T23:20:21+00:00
learned_hands_consumer,deepseek-v4-pro-fireworks,496,e613741978772ff2af35a8e2703f6574aa51e0f59b958d0ac40bd784a691696c,no,No,no,1,1451,87,0,0.0022598400,2.028,2026-09-11T23:20:22+00:00
learned_hands_consumer,deepseek-v4-pro-fireworks,495,cc8b2d0978320bbe51dc5e4b1de74ef4b9b277de2e23e12d234df5eb07e460e7,no,No,no,1,1483,82,0,0.0022822800,2.621,2026-09-11T23:20:22+00:00
learned_hands_consumer,deepseek-v4-pro-fireworks,493,ba5d6e2c09e4d63bb1beb689879578b510654791dece0cda170619655fbe60bd,no,Yes,yes,1,1968,150,0,0.0031917600,3.395,2026-09-11T23:20:22+00:00
learned_hands_consumer,deepseek-v4-pro-fireworks,489,ed3eae30ccd079f9f129d55e81fae1839ca02ea3e96d61c56b1ccf55fe84687e,no,No,no,1,1780,321,0,0.0036207600,5.218,2026-09-11T23:20:22+00:00
learned_hands_consumer,deepseek-v4-pro-fireworks,494,0769d7b7837170d8be575bfc0f6247cb8aa473af2eea89363f68c41a10d2c7e0,no,No,no,1,1510,99,0,0.0023852400,3.192,2026-09-11T23:20:23+00:00
learned_hands_consumer,deepseek-v4-pro-fireworks,478,dc31283a842264461700a1d07d553bc3be03295a75df6770fa6c06015b16fc4d,no,No,no,1,1834,750,0,0.0053908800,10.101,2026-09-11T23:20:23+00:00
learned_hands_consumer,deepseek-v4-pro-fireworks,497,30fc1431cc1bd1aa3cf2160a194f94ab74b259ec3b1a245d9a44d4c7cd36702f,no,No,no,1,1512,104,0,0.0024076800,2.680,2026-09-11T23:20:24+00:00
learned_hands_consumer,deepseek-v4-pro-fireworks,499,45f440261959716e956eeb1411ef4686bed9e9775d8fda7f31816a338fa7aa25,no,No,no,1,1826,82,0,0.0027350400,2.228,2026-09-11T23:20:24+00:00
learned_hands_consumer,deepseek-v4-pro-fireworks,498,3e84f9a77980c8201610e1fcd383fac5825e27ba6d5747b53d07a15d820d1826,no,No,no,1,2174,86,0,0.0032102400,2.689,2026-09-11T23:20:25+00:00
learned_hands_consumer,deepseek-v4-pro-fireworks,492,daaaa7023a2b99c5064d440cbb801b79c0f04aca364a814e84dc1c4dfc3865d0,no,No,no,1,1473,310,0,0.0031719600,6.029,2026-09-11T23:20:25+00:00
learned_hands_consumer,deepseek-v4-pro-fireworks,503,bb5add493ea70afa2c752943a32010d534375afbf274f76364f5fd08c8551486,no,No,no,1,1696,83,0,0.0025674000,2.057,2026-09-11T23:20:25+00:00
learned_hands_consumer,deepseek-v4-pro-fireworks,501,310cdecdcb36d755a158b4b234f965e433bc5d653ce95ec34814c492542b6e9d,no,No,no,1,1482,171,0,0.0026334000,3.715,2026-09-11T23:20:26+00:00
learned_hands_consumer,deepseek-v4-pro-fireworks,502,3f4cf00bdfec2adfe98cd9ed014b1bda2da6b65d534ee0ae60f5a1f4cc7d8bed,no,No,no,1,1777,91,0,0.0027060000,3.699,2026-09-11T23:20:26+00:00
learned_hands_consumer,deepseek-v4-pro-fireworks,500,3369d09eaa0b33274bebd84d0cf53afc9ebc6dd6dbc8f7ea6cdc98d71324c90b,no,Yes,yes,1,1492,205,0,0.0027812400,4.230,2026-09-11T23:20:27+00:00
learned_hands_consumer,deepseek-v4-pro-fireworks,506,231ee3f5f275519cba825473068fc96cf01d3913b5d14fb747b2bda5abc8ab6f,no,No,no,1,1613,113,0,0.0025766400,2.552,2026-09-11T23:20:27+00:00
learned_hands_consumer,deepseek-v4-pro-fireworks,509,b49a2505659c683cb11a3df13847ac8045a46adfd8192d2c76391a8803a1f4c8,no,No,no,1,1571,79,0,0.0023865600,2.059,2026-09-11T23:20:28+00:00
learned_hands_consumer,deepseek-v4-pro-fireworks,511,e9985a996c1b2327f2216eff3e962fc84a378f193e0d95ba12e5529bf99d15a9,no,No,no,1,1434,80,0,0.0022096800,2.024,2026-09-11T23:20:29+00:00
learned_hands_consumer,deepseek-v4-pro-fireworks,512,df1f494b116ab1943fdfa5b41fa750c836fe604c800651280911f0dc4580a3f8,no,No,no,1,1527,71,0,0.0022968000,1.702,2026-09-11T23:20:29+00:00
learned_hands_consumer,deepseek-v4-pro-fireworks,508,37ec98dd44986f754e0baa73863d4c9210b359d2ba344ae645cbc8abb39da92f,no,No,no,1,1618,230,0,0.0030465600,3.978,2026-09-11T23:20:29+00:00
learned_hands_consumer,deepseek-v4-pro-fireworks,504,04a671661b4a945504156fd0073b7bf79e85f7d32382c0d0180634ee46e850af,no,Yes,yes,1,1506,137,0,0.0025304400,5.891,2026-09-11T23:20:30+00:00
learned_hands_consumer,deepseek-v4-pro-fireworks,505,fd1fe8184fbcfa582a0b2176a6b8d3a33eb68e84c3e941c4565a70212f082b27,no,Yes,yes,1,1547,422,0,0.0037131600,5.236,2026-09-11T23:20:30+00:00
learned_hands_consumer,deepseek-v4-pro-fireworks,510,a8217fa585bcf051c42ce021792455104c0b30538cee9d1851b1d4287e25e0f1,no,No,no,1,2177,263,0,0.0039151200,4.465,2026-09-11T23:20:31+00:00
learned_hands_consumer,deepseek-v4-pro-fireworks,515,5c56a2375937744f352e8a6ee8be863d82c01648dadf59d6e0540e4d4cd3aa63,no,No,no,1,1456,79,0,0.0022347600,2.048,2026-09-11T23:20:31+00:00
learned_hands_consumer,deepseek-v4-pro-fireworks,507,6739991faf5aa8fa1e6c64dd6d08390a1287fc09742cac2994b33432d5338df2,no,No,no,1,2015,434,0,0.0043784400,6.774,2026-09-11T23:20:32+00:00
learned_hands_consumer,deepseek-v4-pro-fireworks,517,4a00c73ae7c6524fa4c17e987d72c3f6fa272236cacd79ed166db4d45eebb2aa,no,Yes,yes,1,1926,135,0,0.0030769200,2.489,2026-09-11T23:20:32+00:00
learned_hands_consumer,deepseek-v4-pro-fireworks,514,da3a06f0dd47af3a2b4ad51ae4de160a3f203e163224d6995c3218e0611096d0,no,Yes,yes,1,1671,273,0,0.0032868000,4.422,2026-09-11T23:20:33+00:00
learned_hands_consumer,deepseek-v4-pro-fireworks,521,75d05aaa2c22410aa8b7fffcafce5468bcd99117194cefbea4e1ac86f5f351f4,no,No,no,1,1780,96,0,0.0027297600,2.032,2026-09-11T23:20:34+00:00
learned_hands_consumer,deepseek-v4-pro-fireworks,516,77ff7a6cc1e79bc95cfd0df1cf2351b19e130cc482374a04d5967c1a85d54773,no,No,no,1,1469,108,0,0.0023667600,4.615,2026-09-11T23:20:34+00:00
learned_hands_consumer,deepseek-v4-pro-fireworks,520,c2be9f06745a8c52db0133bd1fd943903f7fbaa625b0d3d34c2fce9d0ae875e0,no,No,no,1,1605,59,0,0.0023522400,2.903,2026-09-11T23:20:34+00:00
learned_hands_consumer,deepseek-v4-pro-fireworks,519,b0346537dd7db9e6927d457dddb797ca2160ccc494e76289b9cefcedf036ceb3,no,Yes,yes,1,1662,164,0,0.0028432800,3.264,2026-09-11T23:20:34+00:00
learned_hands_consumer,deepseek-v4-pro-fireworks,513,be04d6d56aebd1e9f64044842226e835ae6154a25190109a1e2e0693bee8e9c3,no,Yes,yes,1,1918,327,0,0.0038266800,5.896,2026-09-11T23:20:34+00:00
learned_hands_consumer,deepseek-v4-pro-fireworks,522,db05d6507e5e3fa1d10142d3d8a1447182ad4bbba3e4a8370275f7fa482603f1,no,Yes,yes,1,1478,143,0,0.0025172400,2.222,2026-09-11T23:20:34+00:00
learned_hands_consumer,deepseek-v4-pro-fireworks,518,57d7010f1071da7d8e1852e639021c19ce4b58849818194549f19da7d793ed5c,no,Yes,yes,1,1504,306,0,0.0031970400,5.641,2026-09-11T23:20:35+00:00
learned_hands_consumer,deepseek-v4-pro-fireworks,524,64748ff82f5a0b3935c4b036e55eaa3dedc4952ea2df451bb4489eeb560981ca,no,No,no,1,4224,81,0,0.0058964400,1.907,2026-09-11T23:20:36+00:00
learned_hands_consumer,deepseek-v4-pro-fireworks,527,60c6f915b166a49f3d467e29663aefd916fdb4febc3aed6e9f86dc861d89cdb0,no,No,no,1,1606,77,0,0.0024248400,1.913,2026-09-11T23:20:36+00:00
learned_hands_consumer,deepseek-v4-pro-fireworks,529,57d3ccebff848e81befa244f69489b9a171ab42168f6bbc6325439c85b7b0df5,no,No,no,1,1711,78,0,0.0025674000,2.093,2026-09-11T23:20:36+00:00
learned_hands_consumer,deepseek-v4-pro-fireworks,525,b84cafbdf8906d4952f89b6677c260f193b288cde9bd9a044da00429a5c1788c,no,No,no,1,2887,182,0,0.0045315600,3.583,2026-09-11T23:20:37+00:00
learned_hands_consumer,deepseek-v4-pro-fireworks,528,5b8d9992b62967320c49f0330151d6b9b87e86c8b4abbfb6622903ab97a5142b,no,No,no,1,1523,141,0,0.0025687200,3.914,2026-09-11T23:20:38+00:00
learned_hands_consumer,deepseek-v4-pro-fireworks,533,0305a9b842d8022160096d7a46730fab12122cf58393b7bcfe6ad6852162bdcb,no,No,no,1,1759,84,0,0.0026545200,1.736,2026-09-11T23:20:38+00:00
learned_hands_consumer,deepseek-v4-pro-fireworks,531,4d5492ff6e79ebaf69bd06ebbeabe63809050a927815a156c8a8972229eba0ba,no,No,no,1,1867,136,0,0.0030030000,2.901,2026-09-11T23:20:38+00:00
learned_hands_consumer,deepseek-v4-pro-fireworks,535,f5d5f15ce9ba190a7120001abc42f1cf21e20e7f2a019fd07a91090882dbd6f6,no,No,no,1,1856,59,0,0.0026835600,1.567,2026-09-11T23:20:40+00:00
learned_hands_consumer,deepseek-v4-pro-fireworks,532,ca3ecf1c1ef162d48d1f7e17896f1037dde115892608733e846ec86140631f89,no,Yes,yes,1,1611,152,0,0.0027284400,3.924,2026-09-11T23:20:40+00:00
learned_hands_consumer,deepseek-v4-pro-fireworks,534,3d57a7bd684e91a426d743d44a7a8feae1ccc11b7320dc7c64cdfff7f5651caf,no,Yes,yes,1,1491,115,0,0.0024235200,3.439,2026-09-11T23:20:41+00:00
learned_hands_consumer,deepseek-v4-pro-fireworks,523,0cd164612e455d558e41fa9eeac7cdf9afda934ca9be5ff6ca58723a0d4f1a00,no,No,no,1,1688,424,0,0.0039072000,8.780,2026-09-11T23:20:42+00:00
learned_hands_consumer,deepseek-v4-pro-fireworks,536,903fd0d792e220feea54ad37c84686d6e6b8e59535fa16d13bc36658f1fc28c8,no,No,no,1,1504,155,0,0.0025990800,3.866,2026-09-11T23:20:42+00:00
learned_hands_consumer,deepseek-v4-pro-fireworks,537,9d9b4526cbe24d2a6f2890adb86aace884014a95851e78352d3f4ff1cdcc50dc,no,No,no,1,2057,205,0,0.0035270400,4.186,2026-09-11T23:20:43+00:00
learned_hands_consumer,deepseek-v4-pro-fireworks,538,30a2b5df9ae4ed2e010f7c2d068372ace7e2577350940484bb48430ae9ea7278,no,Yes,yes,1,1608,186,0,0.0028591200,3.142,2026-09-11T23:20:43+00:00
learned_hands_consumer,deepseek-v4-pro-fireworks,526,c2c2b5dbf3e12a911a20a8938927cbc7333ac84a79c8659cefb4366be01ff7c4,no,No,no,1,1972,714,0,0.0054304800,10.113,2026-09-11T23:20:44+00:00
learned_hands_consumer,deepseek-v4-pro-fireworks,542,dc192552b483d0ac3a6d1651b8e21b40837a9426816d9e3f64498e131d76e734,no,No,no,1,2033,83,0,0.0030122400,2.309,2026-09-11T23:20:44+00:00
learned_hands_consumer,deepseek-v4-pro-fireworks,544,3c76189ba90d25579e258776ba63c3c30d8b7d53a978703cf331ee251b4e5890,no,No,no,1,1652,84,0,0.0025132800,1.923,2026-09-11T23:20:45+00:00
learned_hands_consumer,deepseek-v4-pro-fireworks,540,60cec153bbc5f214e7135f4d89ed8528e27743234f4739a1eb92e34f1ff44d86,no,Yes,yes,1,1626,150,0,0.0027403200,4.195,2026-09-11T23:20:45+00:00
learned_hands_consumer,deepseek-v4-pro-fireworks,541,5588471057013e09e22216f158d5fbdc584f612606d94687c13be4b2e55f5896,no,No,no,1,1542,154,0,0.0026452800,3.426,2026-09-11T23:20:45+00:00
learned_hands_consumer,deepseek-v4-pro-fireworks,539,14dd48f8f89acc71cb973a464b51478fbbeeac5361ae069ccdf18c010692573b,no,No,no,1,2094,342,0,0.0041184000,5.488,2026-09-11T23:20:45+00:00
learned_hands_consumer,deepseek-v4-pro-fireworks,546,3da37e63dffad75b2ee9a58d491a68e212af0b7d71ac858045a8657165bfadd2,no,Yes,yes,1,1737,118,0,0.0027601200,2.041,2026-09-11T23:20:46+00:00
learned_hands_consumer,deepseek-v4-pro-fireworks,549,f68d2b36b0aa1fe05ff7cfefd1bef8b411b59bfd2547573231a9358ce4a847af,no,Yes,yes,1,1782,136,0,0.0028908000,2.763,2026-09-11T23:20:48+00:00
learned_hands_consumer,deepseek-v4-pro-fireworks,545,43a6bc4480553f9b0a214f75f6d48c8e8ce7abc4b7be882e01a9e9df8108a1b0,no,No,no,1,1548,161,0,0.0026809200,4.207,2026-09-11T23:20:48+00:00
learned_hands_consumer,deepseek-v4-pro-fireworks,530,dcc018d1aaf56509688079bc8783b9b23e0de1b677409b02d41284d2fca9040c,no,No,no,1,1627,829,0,0.0054304800,12.743,2026-09-11T23:20:48+00:00
learned_hands_consumer,deepseek-v4-pro-fireworks,543,f1f6e92601fdf06f7ca1a57e7556c20884dc45c096f396b9e825f5e32c0f7a59,no,Yes,yes,1,1668,291,0,0.0033541200,5.606,2026-09-11T23:20:48+00:00
learned_hands_consumer,deepseek-v4-pro-fireworks,548,c9760c7df4fc3eb826bfb31e080137911ab35ae7f2295614373536be38ff7a63,no,Yes,yes,1,1588,138,0,0.0026426400,4.085,2026-09-11T23:20:49+00:00
learned_hands_consumer,deepseek-v4-pro-fireworks,550,9d038dd0243eecf6b7473c2626d4e82af31cbb7798372022403db2c53aac85c4,no,No,no,1,2047,134,0,0.0032326800,3.666,2026-09-11T23:20:49+00:00
learned_hands_consumer,deepseek-v4-pro-fireworks,547,58137e64ac41ed8e7e81d207383d87b5226b5658728837915a21ffd225d0754b,no,Yes,yes,1,1788,211,0,0.0031957200,4.887,2026-09-11T23:20:50+00:00
learned_hands_consumer,deepseek-v4-pro-fireworks,555,a6dd6a0f17139acfd501f939d766455a6f082f486b04d50843f5897c950f5a6b,no,Yes,yes,1,1538,71,0,0.0023113200,2.708,2026-09-11T23:20:51+00:00
learned_hands_consumer,deepseek-v4-pro-fireworks,556,a1ec095ee15753680fa1dcc2cbce2e048c960c54a4c671af2b889ff01c2a78b1,no,No,no,1,1635,74,0,0.0024512400,2.201,2026-09-11T23:20:51+00:00
learned_hands_consumer,deepseek-v4-pro-fireworks,554,ba2d5b4602e83fd349fad98b24b38a99bfe1443da99a67d27ba98c8d58a7b182,no,No,no,1,1530,90,0,0.0023760000,3.686,2026-09-11T23:20:52+00:00
learned_hands_consumer,deepseek-v4-pro-fireworks,553,d4edcad2012a13062a63322c80d9dda6748d539f3ccc68a8ca8515cbf779e532,no,No,no,1,1551,204,0,0.0028551600,3.936,2026-09-11T23:20:52+00:00
learned_hands_consumer,deepseek-v4-pro-fireworks,551,1f966f4c818ddbda27cb669513c943ee46d73d5252c0de4770bae3e0b1407c6b,no,No,no,1,1613,299,0,0.0033132000,6.019,2026-09-11T23:20:52+00:00
learned_hands_consumer,deepseek-v4-pro-fireworks,557,f50ac2f7ee90df358f730bee0cc541912730af6dc27f334b51ce011788751780,no,No,no,1,1790,120,0,0.0028380000,3.537,2026-09-11T23:20:53+00:00
learned_hands_consumer,deepseek-v4-pro-fireworks,562,703e4efa32ffec639b9f5832aba111107a1d6a46aa78b9f0bcbf55786e115a58,no,No,no,1,1752,74,0,0.0026056800,1.449,2026-09-11T23:20:53+00:00
learned_hands_consumer,deepseek-v4-pro-fireworks,560,9a51675376b7b3914122130018ee7839fc678cd936b6b9ab2de64d3095595d93,no,Yes,yes,1,1723,81,0,0.0025951200,2.263,2026-09-11T23:20:53+00:00
learned_hands_consumer,deepseek-v4-pro-fireworks,558,6dbf7b018c755e5418a5bb8020c0e3e0b3b6c2802141270907880a6f7cf37e03,no,No,no,1,1648,240,0,0.0031257600,3.925,2026-09-11T23:20:54+00:00
learned_hands_consumer,deepseek-v4-pro-fireworks,552,47f5ff1d7bfe7621611a502c23a7ceff9d308e2a1dabd5f29755fb341ed42da2,no,No,no,1,1912,268,0,0.0035851200,5.625,2026-09-11T23:20:54+00:00
learned_hands_consumer,deepseek-v4-pro-fireworks,559,8028cfbd1a2e6305634a58811aaf0ab86462c0aba3c14fb71b4e2d5c466e76ed,no,No,no,1,1644,213,0,0.0030135600,3.901,2026-09-11T23:20:55+00:00
learned_hands_consumer,deepseek-v4-pro-fireworks,563,7deec0af5174e4beb0d092237b7a51ba2fdd2750e9d0d6b70fc7c0a7dd3274b5,no,No,no,1,1579,79,0,0.0023971200,2.680,2026-09-11T23:20:55+00:00
learned_hands_consumer,deepseek-v4-pro-fireworks,566,46c570bb238fa00c335738e90e9894fd264ea59da9a43983805ace67cda3babd,no,No,no,1,1533,92,0,0.0023878800,2.701,2026-09-11T23:20:56+00:00
learned_hands_consumer,deepseek-v4-pro-fireworks,567,0cce10f57330f13a1fa4583d7fcbaea0ea54631244d26f8a6d66cacba2bc5e86,no,No,no,1,1763,109,0,0.0027588000,2.658,2026-09-11T23:20:56+00:00
learned_hands_consumer,deepseek-v4-pro-fireworks,561,46db7874bb17bd0bfc4da9f20d511677c89d9d72e7616f5d2fea321d16a4d2c8,no,Yes,yes,1,1483,231,0,0.0028723200,4.451,2026-09-11T23:20:56+00:00
learned_hands_consumer,deepseek-v4-pro-fireworks,570,a069da037392da85deec01ab7ac053f17bb4d2f8fef4cefb41ffe8b522d078f9,no,No,no,1,1724,82,0,0.0026004000,1.946,2026-09-11T23:20:57+00:00
learned_hands_consumer,deepseek-v4-pro-fireworks,565,52c676261b9c0ec1700eb1af704f89bafe5d3cc2fcde6e3e53ec8d62cdd6d2a4,no,No,no,1,2123,60,0,0.0030399600,4.336,2026-09-11T23:20:58+00:00
learned_hands_consumer,deepseek-v4-pro-fireworks,564,9f89ce31649f5aadaf8602b1ec128212bc82f53bdd4b070be2656d39389bfd3a,no,No,no,1,1546,95,0,0.0024169200,5.165,2026-09-11T23:20:58+00:00
learned_hands_consumer,deepseek-v4-pro-fireworks,569,1c260489f250e26aa71f0f67af2d93564ae951b62570cc33391ef77909e9ff99,no,No,no,1,1457,171,0,0.0026004000,3.472,2026-09-11T23:20:58+00:00
learned_hands_consumer,deepseek-v4-pro-fireworks,572,698a24f5972ce2399e34b386818b23e9f4e394b92851cbbbd6edb8b88c1afd5b,no,No,no,1,1539,96,0,0.0024116400,2.199,2026-09-11T23:20:58+00:00
learned_hands_consumer,deepseek-v4-pro-fireworks,571,524bb5bf6132a668b140a529e1e06fd9231839d3f515499d615f2e3cbc7aed03,no,No,no,1,1550,102,0,0.0024499200,2.445,2026-09-11T23:20:59+00:00
learned_hands_consumer,deepseek-v4-pro-fireworks,568,23d530283c7fa6d23eb17ed2448ff4204346f82e1ff6bba839e171c25a835f45,no,No,no,1,2392,395,0,0.0047216400,6.306,2026-09-11T23:21:00+00:00
learned_hands_consumer,deepseek-v4-pro-fireworks,574,3ac0c82ca7beef115b86522a5f5f46bd39ba3538af171995361348eafd9b9e20,no,Yes,yes,1,1450,204,0,0.0027218400,3.148,2026-09-11T23:21:00+00:00
learned_hands_consumer,deepseek-v4-pro-fireworks,573,49f564d4ddfce6dfcee859f3e9357c9ab50ff9c0235c7f8261f86942a80bdb88,no,No,no,1,1522,177,0,0.0027099600,4.296,2026-09-11T23:21:01+00:00
learned_hands_consumer,deepseek-v4-pro-fireworks,576,85d2a625103432a6e270c523b2b82873753c1aadea3a856047d52d54f77d7fec,no,No,no,1,1451,80,0,0.0022321200,2.934,2026-09-11T23:21:01+00:00
learned_hands_consumer,deepseek-v4-pro-fireworks,575,867d8d7d603b8ba49fd2224d4e9a4e31af79cb37a9eadbd99a914e0587a6e215,no,No,no,1,1555,163,0,0.0026980800,3.006,2026-09-11T23:21:01+00:00
learned_hands_consumer,deepseek-v4-pro-fireworks,579,b22ac3b6da6efba6a1c054601441ac802d6282b2f6c93b97b3f41378a9f9df7c,no,No,no,1,1637,115,0,0.0026162400,3.316,2026-09-11T23:21:02+00:00
learned_hands_consumer,deepseek-v4-pro-fireworks,580,a0a8970a8f7abab6606c6c0dc4e4ed89f48960d36710902cbf788bcae8d59835,no,No,no,1,1538,83,0,0.0023588400,2.058,2026-09-11T23:21:02+00:00
learned_hands_consumer,deepseek-v4-pro-fireworks,578,085d8a8bf0abb16a3a525ab8ae49de081115d9b133ea5c0286dcc920fa1332ce,no,Yes,yes,1,1521,187,0,0.0027482400,4.078,2026-09-11T23:21:02+00:00
learned_hands_consumer,deepseek-v4-pro-fireworks,581,c830685ae56b6f1b2910c6ab5de01bdcf3e93705d4ae3850481e9ae6a7ec59c8,no,No,no,1,1482,140,0,0.0025106400,2.733,2026-09-11T23:21:03+00:00
learned_hands_consumer,deepseek-v4-pro-fireworks,587,618c4d63aaf62f407f26f35d636080cc1e0a032d82f4d1e04c0fb1cf65048718,no,Yes,yes,1,1726,69,0,0.0025515600,1.860,2026-09-11T23:21:04+00:00
learned_hands_consumer,deepseek-v4-pro-fireworks,586,2ce709e73ee4451d404c5cdc00ea37833fee0b356b8f16d76ff2479b2cbd353b,no,Yes,yes,1,1549,83,0,0.0023733600,2.896,2026-09-11T23:21:05+00:00
learned_hands_consumer,deepseek-v4-pro-fireworks,583,2fd3a1b7a973326e591034aa7863f5b09e42e05bb1e3f9d6cc311428d449d4f4,no,No,no,1,1723,85,0,0.0026109600,4.895,2026-09-11T23:21:06+00:00
learned_hands_consumer,deepseek-v4-pro-fireworks,588,4f6bc5578f8ddb17d988262058901424533577bd28369751a61118a761761e91,no,Yes,yes,1,1531,182,0,0.0027416400,3.389,2026-09-11T23:21:06+00:00
learned_hands_consumer,deepseek-v4-pro-fireworks,589,a9192bcdf65d01e592abf6f0b177a9853ed1c4a2b0ee8742dab11341eaee29d1,no,No,no,1,2079,63,0,0.0029937600,2.425,2026-09-11T23:21:07+00:00
learned_hands_consumer,deepseek-v4-pro-fireworks,582,a2b8614a6474da04bbec6a1b3421b6c93d315cc44e8958073d1b9652801f4710,no,No,no,1,1566,192,0,0.0028274400,6.468,2026-09-11T23:21:07+00:00
learned_hands_consumer,deepseek-v4-pro-fireworks,577,710dc3cc876b848944aa42d1a09e59b9090754a8d9bd4a8ec6a95c1d915c9b4a,no,Yes,yes,1,1601,570,0,0.0043705200,8.907,2026-09-11T23:21:07+00:00
learned_hands_consumer,deepseek-v4-pro-fireworks,585,a1f95e95ed3bf1df04e2d7306db27c5cd135ef9ea77def78c12cf2c81619e8c3,no,No,no,1,1834,233,0,0.0033435600,5.337,2026-09-11T23:21:07+00:00
learned_hands_consumer,deepseek-v4-pro-fireworks,584,f221ac70290bacf70893417c277b4fb7396aa9262713ef18f437e8c1e5da3bcf,no,No,no,1,1861,311,0,0.0036880800,7.599,2026-09-11T23:21:08+00:00
learned_hands_consumer,deepseek-v4-pro-fireworks,592,5913bc49040be5c85504a852ac0a112f8e7e340d2c39fb67d7067ee3450e5e13,no,No,no,1,1490,79,0,0.0022796400,2.291,2026-09-11T23:21:09+00:00
learned_hands_consumer,deepseek-v4-pro-fireworks,591,b576cd2ec8f9c40c2bb0abe987f064c2f9f1c25f94d4565ddd83377473d48859,no,Yes,yes,1,1562,191,0,0.0028182000,3.671,2026-09-11T23:21:09+00:00
learned_hands_consumer,deepseek-v4-pro-fireworks,594,d10b6556e2004b51129b987f5c4531830e2b0822cf2d7017e10a5414707669d9,no,No,no,1,1481,82,0,0.0022796400,2.858,2026-09-11T23:21:10+00:00
learned_hands_consumer,deepseek-v4-pro-fireworks,595,d6d5572c752218b14019ec07e189728c9b3ddb8d34c3d70488fe782cc31aa988,no,No,no,1,1734,76,0,0.0025898400,2.635,2026-09-11T23:21:10+00:00
learned_hands_consumer,deepseek-v4-pro-fireworks,597,6dc6cf31b2c1894f7bcfb26a493a4e5756971e007f5e7be26036cf50c17d7eb4,no,No,no,1,1492,58,0,0.0021991200,1.850,2026-09-11T23:21:10+00:00
learned_hands_consumer,deepseek-v4-pro-fireworks,593,a25e7edfa72a41526ddc2db76023d27c2db12a24984d2e5a716da973b523f27e,no,No,no,1,1481,81,0,0.0022756800,3.909,2026-09-11T23:21:11+00:00
learned_hands_consumer,deepseek-v4-pro-fireworks,598,7aa6dcf85749745744d1eb12d07f65d4b80960c401365645658ffdacc98c266a,no,No,no,1,1685,85,0,0.0025608000,2.120,2026-09-11T23:21:11+00:00
learned_hands_consumer,deepseek-v4-pro-fireworks,599,5d91de0107b67446aed45672dcfdef4f58baf8f1c037cbe894d9bb1e9578101b,no,No,no,1,2555,80,0,0.0036894000,2.429,2026-09-11T23:21:12+00:00
learned_hands_consumer,deepseek-v4-pro-fireworks,600,684294f8c7abfb0278d36770f016d23248fd859f28c36cd2400da167f3b2b1ee,no,No,no,1,1584,78,0,0.0023997600,2.088,2026-09-11T23:21:12+00:00
learned_hands_consumer,deepseek-v4-pro-fireworks,602,264bdc1770e2864da6160b2fb689ad40913ffdda9bc24da7cd4f73e375da64a9,no,No,no,1,1630,62,0,0.0023971200,1.912,2026-09-11T23:21:12+00:00
learned_hands_consumer,deepseek-v4-pro-fireworks,604,a98c95b8dc90508ce61bca07aac73b3000d782c3e8bdb2d8094fa8851213e843,no,No,no,1,1501,79,0,0.0022941600,2.173,2026-09-11T23:21:13+00:00
learned_hands_consumer,deepseek-v4-pro-fireworks,603,8b25bda48a03414701e65d70dfe129b08d8a1fffbfd6d253c4f8eab80b8e7ef4,no,Yes,yes,1,2094,130,0,0.0032788800,2.832,2026-09-11T23:21:14+00:00
learned_hands_consumer,deepseek-v4-pro-fireworks,605,2e2dab0aa3f72da243e332c4316fe221543965532bf45ff04017e1820a01ffa5,no,No,no,1,1499,80,0,0.0022954800,1.902,2026-09-11T23:21:14+00:00
learned_hands_consumer,deepseek-v4-pro-fireworks,590,067cce98506849a73d82e859c38940708382620ea642806d23cbb8de5187231e,no,No,no,1,1665,575,0,0.0044748000,8.802,2026-09-11T23:21:14+00:00
learned_hands_consumer,deepseek-v4-pro-fireworks,596,07573b273be6697368d57299de8abf31240b9402c15219c81c2ee8f9a7f2aa62,no,No,no,1,1564,363,0,0.0035019600,6.483,2026-09-11T23:21:14+00:00
learned_hands_consumer,deepseek-v4-pro-fireworks,607,edf5ecdbda4cb86f3f4fd1969bf42ba5a7eededc822406ff5bcdbad487d0ebc0,no,No,no,1,1496,83,0,0.0023034000,2.617,2026-09-11T23:21:15+00:00
learned_hands_consumer,deepseek-v4-pro-fireworks,608,41d5caaade46df5dd642cfcc5a1c383a53ea033ab68bf9753d941c8fa472857d,no,No,no,1,1590,75,0,0.0023958000,2.211,2026-09-11T23:21:15+00:00
learned_hands_consumer,deepseek-v4-pro-fireworks,612,dc4a5fdc229e8eb8b4651e9829068c4a686c371d36c72e2ff9486195b6f27065,no,No,no,1,1623,86,0,0.0024829200,2.602,2026-09-11T23:21:16+00:00
learned_hands_consumer,deepseek-v4-pro-fireworks,610,0970bb84fe7a7ae10755b3ff8e069375c894baa731baadab88c5b85d95df1cc1,no,No,no,1,1493,102,0,0.0023746800,2.915,2026-09-11T23:21:17+00:00
learned_hands_consumer,deepseek-v4-pro-fireworks,613,1b06f4f278599f2a5f0149ed64529530669a8a3934e0d4e09cf02e4eb40c20b2,no,No,no,1,2370,83,0,0.0034570800,2.095,2026-09-11T23:21:17+00:00
learned_hands_consumer,deepseek-v4-pro-fireworks,601,241cef5b8e4490252fa54625f6d6db8138d2f2b6887914926c4714fe63225592,no,No,no,1,1621,483,0,0.0040524000,7.550,2026-09-11T23:21:17+00:00
learned_hands_consumer,deepseek-v4-pro-fireworks,611,53722369d56a509c380ff23472de54953b911d83728e74087c7864d9bf6c5d11,no,No,no,1,2300,403,0,0.0046318800,7.855,2026-09-11T23:21:22+00:00
learned_hands_consumer,deepseek-v4-pro-fireworks,606,f898c42315c66b3c1b4818313a33706910ac2498fef748ca5f12df32ed4ea670,no,Yes,yes,1,1531,1037,0,0.0061274400,13.035,2026-09-11T23:21:25+00:00
learned_hands_consumer,deepseek-v4-pro-fireworks,609,20cf2204cfad79c36173c2020ce3d9d1d7bfe049a4659016961fb1f7d34524d8,no,No,no,1,1566,792,0,0.0052034400,12.091,2026-09-11T23:21:26+00:00
